time,equity
2026-02-09 22:45:00,10000.0
2026-02-09 23:00:00,10000.0
2026-02-09 23:15:00,10000.0
2026-02-09 23:30:00,10000.0
2026-02-09 23:45:00,10000.0
2026-02-10 01:00:00,10000.0
2026-02-10 01:15:00,10000.0
2026-02-10 01:30:00,10000.0
2026-02-10 01:45:00,10000.0
2026-02-10 02:00:00,10000.0
2026-02-10 02:15:00,10000.0
2026-02-10 02:30:00,10300.0
2026-02-10 02:45:00,10608.999999999982
2026-02-10 03:00:00,10502.909999999982
2026-02-10 03:15:00,10397.880899999982
2026-02-10 03:30:00,10397.880899999982
2026-02-10 03:45:00,10397.880899999982
2026-02-10 04:00:00,10293.902090999982
2026-02-10 04:15:00,10089.053439389081
2026-02-10 04:30:00,10089.053439389081
2026-02-10 04:45:00,10089.053439389081
2026-02-10 05:00:00,10089.053439389081
2026-02-10 05:15:00,10089.053439389081
2026-02-10 05:30:00,10089.053439389081
2026-02-10 05:45:00,10089.053439389081
2026-02-10 06:00:00,10089.053439389081
2026-02-10 06:15:00,10089.053439389081
2026-02-10 06:30:00,10089.053439389081
2026-02-10 06:45:00,10089.053439389081
2026-02-10 07:00:00,10089.053439389081
2026-02-10 07:15:00,10089.053439389081
2026-02-10 07:30:00,10089.053439389081
2026-02-10 07:45:00,9789.398463185786
2026-02-10 08:00:00,9789.398463185786
2026-02-10 08:15:00,9789.398463185786
2026-02-10 08:30:00,9691.504478553928
2026-02-10 08:45:00,9498.643539430705
2026-02-10 09:00:00,9498.643539430705
2026-02-10 09:15:00,9498.643539430705
2026-02-10 09:30:00,9498.643539430705
2026-02-10 09:45:00,9498.643539430705
2026-02-10 10:00:00,9498.643539430705
2026-02-10 10:15:00,9498.643539430705
2026-02-10 10:30:00,9789.398463185786
2026-02-10 10:45:00,9789.398463185786
2026-02-10 11:00:00,10293.902090999982
2026-02-10 11:15:00,10293.902090999982
2026-02-10 11:30:00,10293.902090999982
2026-02-10 11:45:00,10293.902090999982
2026-02-10 12:00:00,10293.902090999982
2026-02-10 12:15:00,10089.053439389081
2026-02-10 12:30:00,10089.053439389081
2026-02-10 12:45:00,10089.053439389081
2026-02-10 13:00:00,10089.053439389081
2026-02-10 13:15:00,10089.053439389081
2026-02-10 13:30:00,10089.053439389081
2026-02-10 13:45:00,10089.053439389081
2026-02-10 14:00:00,10089.053439389081
2026-02-10 14:15:00,9988.16290499519
2026-02-10 14:30:00,9403.657104036398
2026-02-10 14:45:00,9988.16290499519
2026-02-10 15:00:00,9988.16290499519
2026-02-10 15:15:00,9988.16290499519
2026-02-10 15:30:00,9888.281275945237
2026-02-10 15:45:00,9789.398463185786
2026-02-10 16:00:00,9789.398463185786
2026-02-10 16:15:00,10287.807792145053
2026-02-10 16:30:00,10287.807792145053
2026-02-10 16:45:00,10287.807792145053
2026-02-10 17:00:00,10287.807792145053
2026-02-10 17:15:00,10287.807792145053
2026-02-10 17:30:00,10287.807792145053
2026-02-10 17:45:00,10287.807792145053
2026-02-10 18:00:00,10287.807792145053
2026-02-10 18:15:00,10287.807792145053
2026-02-10 18:30:00,10287.807792145053
2026-02-10 18:45:00,10287.807792145053
2026-02-10 19:00:00,10287.807792145053
2026-02-10 19:15:00,10083.080417081366
2026-02-10 19:30:00,10083.080417081366
2026-02-10 19:45:00,9982.249612910553
2026-02-10 20:00:00,9982.249612910553
2026-02-10 20:15:00,9982.249612910553
2026-02-10 20:30:00,9982.249612910553
2026-02-10 20:45:00,9982.249612910553
2026-02-10 21:00:00,9982.249612910553
2026-02-10 21:15:00,9982.249612910553
2026-02-10 21:30:00,9685.766817157497
2026-02-10 21:45:00,9685.766817157497
2026-02-10 22:00:00,9685.766817157497
2026-02-10 22:15:00,9685.766817157497
2026-02-10 22:30:00,9588.909148985922
2026-02-10 22:45:00,9588.909148985922
2026-02-10 23:00:00,9493.020057496064
2026-02-10 23:15:00,9493.020057496064
2026-02-10 23:30:00,9493.020057496064
2026-02-10 23:45:00,9493.020057496064
2026-02-11 01:00:00,9493.020057496064
2026-02-11 01:15:00,10805.19193381982
2026-02-11 01:30:00,10805.19193381982
2026-02-11 01:45:00,10805.19193381982
2026-02-11 02:00:00,10697.140014481622
2026-02-11 02:15:00,10697.140014481622
2026-02-11 02:30:00,10697.140014481622
2026-02-11 02:45:00,10697.140014481622
2026-02-11 03:00:00,10697.140014481622
2026-02-11 03:15:00,10697.140014481622
2026-02-11 03:30:00,10697.140014481622
2026-02-11 03:45:00,10697.140014481622
2026-02-11 04:00:00,10281.717101297878
2026-02-11 04:15:00,10077.11093098205
2026-02-11 04:30:00,10077.11093098205
2026-02-11 04:45:00,10077.11093098205
2026-02-11 05:00:00,10077.11093098205
2026-02-11 05:15:00,10281.717101297878
2026-02-11 05:30:00,10281.717101297878
2026-02-11 05:45:00,10281.717101297878
2026-02-11 06:00:00,10281.717101297878
2026-02-11 06:15:00,10281.717101297878
2026-02-11 06:30:00,10281.717101297878
2026-02-11 06:45:00,10281.717101297878
2026-02-11 07:00:00,10281.717101297878
2026-02-11 07:15:00,10281.717101297878
2026-02-11 07:30:00,11235.109882949926
2026-02-11 07:45:00,11235.109882949926
2026-02-11 08:00:00,11235.109882949926
2026-02-11 08:15:00,11235.109882949926
2026-02-11 08:30:00,11235.109882949926
2026-02-11 08:45:00,11235.109882949926
2026-02-11 09:00:00,11235.109882949926
2026-02-11 09:15:00,11235.109882949926
2026-02-11 09:30:00,11235.109882949926
2026-02-11 09:45:00,11235.109882949926
2026-02-11 10:00:00,11235.109882949926
2026-02-11 10:15:00,11235.109882949926
2026-02-11 10:30:00,11235.109882949926
2026-02-11 10:45:00,11235.109882949926
2026-02-11 11:00:00,11235.109882949926
2026-02-11 11:15:00,11235.109882949926
2026-02-11 11:30:00,10792.401725473264
2026-02-11 11:45:00,11800.134794073381
2026-02-11 12:00:00,11800.134794073381
2026-02-11 12:15:00,11919.328074821588
2026-02-11 12:30:00,11919.328074821588
2026-02-11 12:45:00,11919.328074821588
2026-02-11 13:00:00,11919.328074821588
2026-02-11 13:15:00,11919.328074821588
2026-02-11 13:30:00,11919.328074821588
2026-02-11 13:45:00,11919.328074821588
2026-02-11 14:00:00,11919.328074821588
2026-02-11 14:15:00,11565.312111671312
2026-02-11 14:30:00,11682.133446132639
2026-02-11 14:45:00,11682.133446132639
2026-02-11 15:00:00,11682.133446132639
2026-02-11 15:15:00,11565.312111671312
2026-02-11 15:30:00,11449.658990554599
2026-02-11 15:45:00,11335.162400649053
2026-02-11 16:00:00,11335.162400649053
2026-02-11 16:15:00,11335.162400649053
2026-02-11 16:30:00,11335.162400649053
2026-02-11 16:45:00,11335.162400649053
2026-02-11 17:00:00,11335.162400649053
2026-02-11 17:15:00,11335.162400649053
2026-02-11 17:30:00,11335.162400649053
2026-02-11 17:45:00,11335.162400649053
2026-02-11 18:00:00,11335.162400649053
2026-02-11 18:15:00,11335.162400649053
2026-02-11 18:30:00,11335.162400649053
2026-02-11 18:45:00,11335.162400649053
2026-02-11 19:00:00,11335.162400649053
2026-02-11 19:15:00,11335.162400649053
2026-02-11 19:30:00,11335.162400649053
2026-02-11 19:45:00,11335.162400649053
2026-02-11 20:00:00,11109.592668876136
2026-02-11 20:15:00,10998.496742187373
2026-02-11 20:30:00,10998.496742187373
2026-02-11 20:45:00,10998.496742187373
2026-02-11 21:00:00,10998.496742187373
2026-02-11 21:15:00,10998.496742187373
2026-02-11 21:30:00,10998.496742187373
2026-02-11 21:45:00,10888.5117747655
2026-02-11 22:00:00,10888.5117747655
2026-02-11 22:15:00,10888.5117747655
2026-02-11 22:30:00,10888.5117747655
2026-02-11 22:45:00,10888.5117747655
2026-02-11 23:00:00,10888.5117747655
2026-02-11 23:15:00,10888.5117747655
2026-02-11 23:30:00,10251.31769246077
2026-02-11 23:45:00,10251.31769246077
2026-02-12 01:00:00,10459.460965677757
2026-02-12 01:15:00,10354.86635602098
2026-02-12 01:30:00,10354.86635602098
2026-02-12 01:45:00,10354.86635602098
2026-02-12 02:00:00,10354.86635602098
2026-02-12 02:15:00,10354.86635602098
2026-02-12 02:30:00,10354.86635602098
2026-02-12 02:45:00,10354.86635602098
2026-02-12 03:00:00,10354.86635602098
2026-02-12 03:15:00,10354.86635602098
2026-02-12 03:30:00,10354.86635602098
2026-02-12 03:45:00,10354.86635602098
2026-02-12 04:00:00,10354.86635602098
2026-02-12 04:15:00,10354.86635602098
2026-02-12 04:30:00,10354.86635602098
2026-02-12 04:45:00,10354.86635602098
2026-02-12 05:00:00,10354.86635602098
2026-02-12 05:15:00,10354.86635602098
2026-02-12 05:30:00,10354.86635602098
2026-02-12 05:45:00,10354.86635602098
2026-02-12 06:00:00,10354.86635602098
2026-02-12 06:15:00,10354.86635602098
2026-02-12 06:30:00,10354.86635602098
2026-02-12 06:45:00,10354.86635602098
2026-02-12 07:00:00,10354.86635602098
2026-02-12 07:15:00,10354.86635602098
2026-02-12 07:30:00,10354.86635602098
2026-02-12 07:45:00,10354.86635602098
2026-02-12 08:00:00,10251.31769246077
2026-02-12 08:15:00,9946.843305676994
2026-02-12 08:30:00,9847.374872620223
2026-02-12 08:45:00,9847.374872620223
2026-02-12 09:00:00,9847.374872620223
2026-02-12 09:15:00,9847.374872620223
2026-02-12 09:30:00,9847.374872620223
2026-02-12 09:45:00,9847.374872620223
2026-02-12 10:00:00,9847.374872620223
2026-02-12 10:15:00,9847.374872620223
2026-02-12 10:30:00,9847.374872620223
2026-02-12 10:45:00,9847.374872620223
2026-02-12 11:00:00,9847.374872620223
2026-02-12 11:15:00,9847.374872620223
2026-02-12 11:30:00,9847.374872620223
2026-02-12 11:45:00,9847.374872620223
2026-02-12 12:00:00,9847.374872620223
2026-02-12 12:15:00,9459.349011613243
2026-02-12 12:30:00,9459.349011613243
2026-02-12 12:45:00,9651.41211265508
2026-02-12 13:00:00,9651.41211265508
2026-02-12 13:15:00,9651.41211265508
2026-02-12 13:30:00,9651.41211265508
2026-02-12 13:45:00,9651.41211265508
2026-02-12 14:00:00,9651.41211265508
2026-02-12 14:15:00,9651.41211265508
2026-02-12 14:30:00,9651.41211265508
2026-02-12 14:45:00,9554.897991528529
2026-02-12 15:00:00,9554.897991528529
2026-02-12 15:15:00,9459.349011613243
2026-02-12 15:30:00,9364.75552149711
2026-02-12 15:45:00,9271.10796628214
2026-02-12 16:00:00,9271.10796628214
2026-02-12 16:15:00,9271.10796628214
2026-02-12 16:30:00,9271.10796628214
2026-02-12 16:45:00,9748.90112389402
2026-02-12 17:00:00,9748.90112389402
2026-02-12 17:15:00,9651.41211265508
2026-02-12 17:30:00,9651.41211265508
2026-02-12 17:45:00,9651.41211265508
2026-02-12 18:00:00,10239.183110315767
2026-02-12 18:15:00,10136.79127921261
2026-02-12 18:30:00,10136.79127921261
2026-02-12 18:45:00,10136.79127921261
2026-02-12 19:00:00,10136.79127921261
2026-02-12 19:15:00,10136.79127921261
2026-02-12 19:30:00,10136.79127921261
2026-02-12 19:45:00,10136.79127921261
2026-02-12 20:00:00,10136.79127921261
2026-02-12 20:15:00,10136.79127921261
2026-02-12 20:30:00,10136.79127921261
2026-02-12 20:45:00,10136.79127921261
2026-02-12 21:00:00,10136.79127921261
2026-02-12 21:15:00,10136.79127921261
2026-02-12 21:30:00,10136.79127921261
2026-02-12 21:45:00,10136.79127921261
2026-02-12 22:00:00,10136.79127921261
2026-02-12 22:15:00,10136.79127921261
2026-02-12 22:30:00,10136.79127921261
2026-02-12 22:45:00,10136.79127921261
2026-02-12 23:00:00,10136.79127921261
2026-02-12 23:15:00,10136.79127921261
2026-02-12 23:30:00,10136.79127921261
2026-02-12 23:45:00,10136.79127921261
2026-02-13 01:00:00,10136.79127921261
2026-02-13 01:15:00,10136.79127921261
2026-02-13 01:30:00,10136.79127921261
2026-02-13 01:45:00,10136.79127921261
2026-02-13 02:00:00,9835.718441428715
2026-02-13 02:15:00,9835.718441428715
2026-02-13 02:30:00,9835.718441428715
2026-02-13 02:45:00,9835.718441428715
2026-02-13 03:00:00,9835.718441428715
2026-02-13 03:15:00,9835.718441428715
2026-02-13 03:30:00,9835.718441428715
2026-02-13 03:45:00,9835.718441428715
2026-02-13 04:00:00,9835.718441428715
2026-02-13 04:15:00,9835.718441428715
2026-02-13 04:30:00,9835.718441428715
2026-02-13 04:45:00,9835.718441428715
2026-02-13 05:00:00,9835.718441428715
2026-02-13 05:15:00,9835.718441428715
2026-02-13 05:30:00,9835.718441428715
2026-02-13 05:45:00,9835.718441428715
2026-02-13 06:00:00,9835.718441428715
2026-02-13 06:15:00,9835.718441428715
2026-02-13 06:30:00,9835.718441428715
2026-02-13 06:45:00,9835.718441428715
2026-02-13 07:00:00,9835.718441428715
2026-02-13 07:15:00,9448.151890319843
2026-02-13 07:30:00,9260.13366770248
2026-02-13 07:45:00,9167.532331025453
2026-02-13 08:00:00,9075.857007715198
2026-02-13 08:15:00,9075.857007715198
2026-02-13 08:30:00,9075.857007715198
2026-02-13 08:45:00,8985.098437638046
2026-02-13 09:00:00,8895.247453261665
2026-02-13 09:15:00,8985.098437638046
2026-02-13 09:30:00,8895.247453261665
2026-02-13 09:45:00,8895.247453261665
2026-02-13 10:00:00,8895.247453261665
2026-02-13 10:15:00,8895.247453261665
2026-02-13 10:30:00,8895.247453261665
2026-02-13 10:45:00,8895.247453261665
2026-02-13 11:00:00,8895.247453261665
2026-02-13 11:15:00,8631.049708652341
2026-02-13 11:30:00,8718.232028941758
2026-02-13 11:45:00,8718.232028941758
2026-02-13 12:00:00,8718.232028941758
2026-02-13 12:15:00,8718.232028941758
2026-02-13 12:30:00,8718.232028941758
2026-02-13 12:45:00,8374.698901255657
2026-02-13 13:00:00,8290.951912243101
2026-02-13 13:15:00,8290.951912243101
2026-02-13 13:30:00,8290.951912243101
2026-02-13 13:45:00,8290.951912243101
2026-02-13 14:00:00,8290.951912243101
2026-02-13 14:15:00,8290.951912243101
2026-02-13 14:30:00,8290.951912243101
2026-02-13 14:45:00,8290.951912243101
2026-02-13 15:00:00,8290.951912243101
2026-02-13 15:15:00,8290.951912243101
2026-02-13 15:30:00,8290.951912243101
2026-02-13 15:45:00,8290.951912243101
2026-02-13 16:00:00,8290.951912243101
2026-02-13 16:15:00,8795.870883698712
2026-02-13 16:30:00,8620.833053113107
2026-02-13 16:45:00,8620.833053113107
2026-02-13 17:00:00,8620.833053113107
2026-02-13 17:15:00,8620.833053113107
2026-02-13 17:30:00,8620.833053113107
2026-02-13 17:45:00,8198.326455359602
2026-02-13 18:00:00,8116.343190806006
2026-02-13 18:15:00,8116.343190806006
2026-02-13 18:30:00,8116.343190806006
2026-02-13 18:45:00,8116.343190806006
2026-02-13 19:00:00,8116.343190806006
2026-02-13 19:15:00,8116.343190806006
2026-02-13 19:30:00,8116.343190806006
2026-02-13 19:45:00,8116.343190806006
2026-02-13 20:00:00,8116.343190806006
2026-02-13 20:15:00,8116.343190806006
2026-02-13 20:30:00,8116.343190806006
2026-02-13 20:45:00,8116.343190806006
2026-02-13 21:00:00,8359.833486530182
2026-02-13 21:15:00,8359.833486530182
2026-02-13 21:30:00,8359.833486530182
2026-02-13 21:45:00,8359.833486530182
2026-02-13 22:00:00,8359.833486530182
2026-02-13 22:15:00,8359.833486530182
2026-02-13 22:30:00,8359.833486530182
2026-02-13 22:45:00,8359.833486530182
2026-02-13 23:00:00,8359.833486530182
2026-02-13 23:15:00,8359.833486530182
2026-02-13 23:30:00,8359.833486530182
2026-02-13 23:45:00,8359.833486530182
2026-02-16 01:00:00,8359.833486530182
2026-02-16 01:15:00,8359.833486530182
2026-02-16 01:30:00,8359.833486530182
2026-02-16 01:45:00,8359.833486530182
2026-02-16 02:00:00,8276.23515166488
2026-02-16 02:15:00,8276.23515166488
2026-02-16 02:30:00,8276.23515166488
2026-02-16 02:45:00,8276.23515166488
2026-02-16 03:00:00,8276.23515166488
2026-02-16 03:15:00,7870.617279865917
2026-02-16 03:30:00,7870.617279865917
2026-02-16 03:45:00,7870.617279865917
2026-02-16 04:00:00,7870.617279865917
2026-02-16 04:15:00,7870.617279865917
2026-02-16 04:30:00,7870.617279865917
2026-02-16 04:45:00,8605.530740740473
2026-02-16 05:00:00,8605.530740740473
2026-02-16 05:15:00,8605.530740740473
2026-02-16 05:30:00,8605.530740740473
2026-02-16 05:45:00,8953.228952487572
2026-02-16 06:00:00,8953.228952487572
2026-02-16 06:15:00,8953.228952487572
2026-02-16 06:30:00,8953.228952487572
2026-02-16 06:45:00,8953.228952487572
2026-02-16 07:00:00,9221.825821062199
2026-02-16 07:15:00,9129.607562851577
2026-02-16 07:30:00,9129.607562851577
2026-02-16 07:45:00,9129.607562851577
2026-02-16 08:00:00,9129.607562851577
2026-02-16 08:15:00,9129.607562851577
2026-02-16 08:30:00,8682.165951763638
2026-02-16 08:45:00,8682.165951763638
2026-02-16 09:00:00,8682.165951763638
2026-02-16 09:15:00,8682.165951763638
2026-02-16 09:30:00,8947.92837235083
2026-02-16 09:45:00,9038.311487223062
2026-02-16 10:00:00,8947.92837235083
2026-02-16 10:15:00,8947.92837235083
2026-02-16 10:30:00,8947.92837235083
2026-02-16 10:45:00,8947.92837235083
2026-02-16 11:00:00,8947.92837235083
2026-02-16 11:15:00,8947.92837235083
2026-02-16 11:30:00,8947.92837235083
2026-02-16 11:45:00,8947.92837235083
2026-02-16 12:00:00,8947.92837235083
2026-02-16 12:15:00,8947.92837235083
2026-02-16 12:30:00,8947.92837235083
2026-02-16 12:45:00,8947.92837235083
2026-02-16 13:00:00,8858.449088627322
2026-02-16 13:15:00,8858.449088627322
2026-02-16 13:30:00,8858.449088627322
2026-02-16 13:45:00,8858.449088627322
2026-02-16 14:00:00,8858.449088627322
2026-02-16 14:15:00,8858.449088627322
2026-02-16 14:30:00,8769.864597741049
2026-02-16 14:45:00,8682.165951763638
2026-02-16 15:00:00,8682.165951763638
2026-02-16 15:15:00,8682.165951763638
2026-02-16 15:30:00,8682.165951763638
2026-02-16 15:45:00,8682.165951763638
2026-02-16 16:00:00,8682.165951763638
2026-02-16 16:15:00,8682.165951763638
2026-02-16 16:30:00,8942.630930316547
2026-02-16 16:45:00,8942.630930316547
2026-02-16 17:00:00,9771.854268592007
2026-02-16 17:15:00,9771.854268592007
2026-02-16 17:30:00,9771.854268592007
2026-02-16 17:45:00,9771.854268592007
2026-02-16 18:00:00,9771.854268592007
2026-02-16 18:15:00,9771.854268592007
2026-02-16 18:30:00,9481.620424960556
2026-02-16 18:45:00,9481.620424960556
2026-02-16 19:00:00,9481.620424960556
2026-02-16 19:15:00,9386.80422071095
2026-02-16 19:30:00,9386.80422071095
2026-02-16 19:45:00,9386.80422071095
2026-02-16 20:00:00,9386.80422071095
2026-02-16 20:15:00,9200.006816718802
2026-02-16 20:30:00,9200.006816718802
2026-02-16 20:45:00,9200.006816718802
2026-02-16 21:00:00,9200.006816718802
2026-02-16 21:15:00,9200.006816718802
2026-02-17 01:00:00,9200.006816718802
2026-02-17 01:15:00,9108.006748551614
2026-02-17 01:30:00,9108.006748551614
2026-02-17 01:45:00,9108.006748551614
2026-02-17 02:00:00,9016.926681066097
2026-02-17 02:15:00,9016.926681066097
2026-02-17 02:30:00,9016.926681066097
2026-02-17 02:45:00,9016.926681066097
2026-02-17 03:00:00,9016.926681066097
2026-02-17 03:15:00,9016.926681066097
2026-02-17 03:30:00,9016.926681066097
2026-02-17 03:45:00,9016.926681066097
2026-02-17 04:00:00,9016.926681066097
2026-02-17 04:15:00,9016.926681066097
2026-02-17 04:30:00,9016.926681066097
2026-02-17 04:45:00,9016.926681066097
2026-02-17 05:00:00,9016.926681066097
2026-02-17 05:15:00,9016.926681066097
2026-02-17 05:30:00,9016.926681066097
2026-02-17 05:45:00,9016.926681066097
2026-02-17 06:00:00,9016.926681066097
2026-02-17 06:15:00,9016.926681066097
2026-02-17 06:30:00,9016.926681066097
2026-02-17 06:45:00,9016.926681066097
2026-02-17 07:00:00,9016.926681066097
2026-02-17 07:15:00,9016.926681066097
2026-02-17 07:30:00,9016.926681066097
2026-02-17 07:45:00,9016.926681066097
2026-02-17 08:00:00,9016.926681066097
2026-02-17 08:15:00,9016.926681066097
2026-02-17 08:30:00,9016.926681066097
2026-02-17 08:45:00,9016.926681066097
2026-02-17 09:00:00,9016.926681066097
2026-02-17 09:15:00,9016.926681066097
2026-02-17 09:30:00,9016.926681066097
2026-02-17 09:45:00,9016.926681066097
2026-02-17 10:00:00,9016.926681066097
2026-02-17 10:15:00,9016.926681066097
2026-02-17 10:30:00,9016.926681066097
2026-02-17 10:45:00,9016.926681066097
2026-02-17 11:00:00,9016.926681066097
2026-02-17 11:15:00,9016.926681066097
2026-02-17 11:30:00,9016.926681066097
2026-02-17 11:45:00,9016.926681066097
2026-02-17 12:00:00,9016.926681066097
2026-02-17 12:15:00,9016.926681066097
2026-02-17 12:30:00,9016.926681066097
2026-02-17 12:45:00,8926.757414255437
2026-02-17 13:00:00,8926.757414255437
2026-02-17 13:15:00,8926.757414255437
2026-02-17 13:30:00,8926.757414255437
2026-02-17 13:45:00,8926.757414255437
2026-02-17 14:00:00,8926.757414255437
2026-02-17 14:15:00,8926.757414255437
2026-02-17 14:30:00,8926.757414255437
2026-02-17 14:45:00,8926.757414255437
2026-02-17 15:00:00,8926.757414255437
2026-02-17 15:15:00,8926.757414255437
2026-02-17 15:30:00,8926.757414255437
2026-02-17 15:45:00,8837.489840112883
2026-02-17 16:00:00,9102.61453531627
2026-02-17 16:15:00,9011.588389963108
2026-02-17 16:30:00,9011.588389963108
2026-02-17 16:45:00,9011.588389963108
2026-02-17 17:00:00,9011.588389963108
2026-02-17 17:15:00,9011.588389963108
2026-02-17 17:30:00,9011.588389963108
2026-02-17 17:45:00,9011.588389963108
2026-02-17 18:00:00,9011.588389963108
2026-02-17 18:15:00,9011.588389963108
2026-02-17 18:30:00,9011.588389963108
2026-02-17 18:45:00,9011.588389963108
2026-02-17 19:00:00,9011.588389963108
2026-02-17 19:15:00,9011.588389963108
2026-02-17 19:30:00,9011.588389963108
2026-02-17 19:45:00,9011.588389963108
2026-02-17 20:00:00,9011.588389963108
2026-02-17 20:15:00,8656.495851160887
2026-02-17 20:30:00,8832.257781002843
2026-02-17 20:45:00,8569.930892649278
2026-02-17 21:00:00,8569.930892649278
2026-02-17 21:15:00,8569.930892649278
2026-02-17 21:30:00,8569.930892649278
2026-02-17 21:45:00,8569.930892649278
2026-02-17 22:00:00,8569.930892649278
2026-02-17 22:15:00,8569.930892649278
2026-02-17 22:30:00,8569.930892649278
2026-02-17 22:45:00,8569.930892649278
2026-02-17 23:00:00,8569.930892649278
2026-02-17 23:15:00,8569.930892649278
2026-02-17 23:30:00,8569.930892649278
2026-02-17 23:45:00,8569.930892649278
2026-02-18 01:00:00,8569.930892649278
2026-02-18 01:15:00,8569.930892649278
2026-02-18 01:30:00,8569.930892649278
2026-02-18 01:45:00,8569.930892649278
2026-02-18 02:00:00,8569.930892649278
2026-02-18 02:15:00,8484.231583722785
2026-02-18 02:30:00,8399.389267885557
2026-02-18 02:45:00,8315.395375206701
2026-02-18 03:00:00,8068.419817167686
2026-02-18 03:15:00,7987.735618996009
2026-02-18 03:30:00,8399.389267885557
2026-02-18 03:45:00,8399.389267885557
2026-02-18 04:00:00,8315.395375206701
2026-02-18 04:15:00,8315.395375206701
2026-02-18 04:30:00,8484.231583722785
2026-02-18 04:45:00,8484.231583722785
2026-02-18 05:00:00,8921.472506063477
2026-02-18 05:15:00,8921.472506063477
2026-02-18 05:30:00,8921.472506063477
2026-02-18 05:45:00,8921.472506063477
2026-02-18 06:00:00,8921.472506063477
2026-02-18 06:15:00,8921.472506063477
2026-02-18 06:30:00,8921.472506063477
2026-02-18 06:45:00,8921.472506063477
2026-02-18 07:00:00,8921.472506063477
2026-02-18 07:15:00,8921.472506063477
2026-02-18 07:30:00,8921.472506063477
2026-02-18 07:45:00,8921.472506063477
2026-02-18 08:00:00,8921.472506063477
2026-02-18 08:15:00,8921.472506063477
2026-02-18 08:30:00,8921.472506063477
2026-02-18 08:45:00,8921.472506063477
2026-02-18 09:00:00,8921.472506063477
2026-02-18 09:15:00,8921.472506063477
2026-02-18 09:30:00,8921.472506063477
2026-02-18 09:45:00,8921.472506063477
2026-02-18 10:00:00,8921.472506063477
2026-02-18 10:15:00,8743.935203192816
2026-02-18 10:30:00,8743.935203192816
2026-02-18 10:45:00,8743.935203192816
2026-02-18 11:00:00,8743.935203192816
2026-02-18 11:15:00,8743.935203192816
2026-02-18 11:30:00,8743.935203192816
2026-02-18 11:45:00,8743.935203192816
2026-02-18 12:00:00,8569.930892649278
2026-02-18 12:15:00,8569.930892649278
2026-02-18 12:30:00,8569.930892649278
2026-02-18 12:45:00,8569.930892649278
2026-02-18 13:00:00,8569.930892649278
2026-02-18 13:15:00,8569.930892649278
2026-02-18 13:30:00,8569.930892649278
2026-02-18 13:45:00,8569.930892649278
2026-02-18 14:00:00,8068.419817167686
2026-02-18 14:15:00,8232.241421454633
2026-02-18 14:30:00,8149.919007240087
2026-02-18 14:45:00,8068.419817167686
2026-02-18 15:00:00,8068.419817167686
2026-02-18 15:15:00,8068.419817167686
2026-02-18 15:30:00,8068.419817167686
2026-02-18 15:45:00,8068.419817167686
2026-02-18 16:00:00,8068.419817167686
2026-02-18 16:15:00,8068.419817167686
2026-02-18 16:30:00,8068.419817167686
2026-02-18 16:45:00,8068.419817167686
2026-02-18 17:00:00,8068.419817167686
2026-02-18 17:15:00,8068.419817167686
2026-02-18 17:30:00,8068.419817167686
2026-02-18 17:45:00,8068.419817167686
2026-02-18 18:00:00,8068.419817167686
2026-02-18 18:15:00,8068.419817167686
2026-02-18 18:30:00,8068.419817167686
2026-02-18 18:45:00,8068.419817167686
2026-02-18 19:00:00,8068.419817167686
2026-02-18 19:15:00,8068.419817167686
2026-02-18 19:30:00,8068.419817167686
2026-02-18 19:45:00,8068.419817167686
2026-02-18 20:00:00,8068.419817167686
2026-02-18 20:15:00,8068.419817167686
2026-02-18 20:30:00,8068.419817167686
2026-02-18 20:45:00,8068.419817167686
2026-02-18 21:00:00,8068.419817167686
2026-02-18 21:15:00,8068.419817167686
2026-02-18 21:30:00,8068.419817167686
2026-02-18 21:45:00,8068.419817167686
2026-02-18 22:00:00,8068.419817167686
2026-02-18 22:15:00,8068.419817167686
2026-02-18 22:30:00,7987.735618996009
2026-02-18 22:45:00,7987.735618996009
2026-02-18 23:00:00,7907.858262806049
2026-02-18 23:15:00,7907.858262806049
2026-02-18 23:30:00,7907.858262806049
2026-02-18 23:45:00,7907.858262806049
2026-02-19 01:00:00,8389.44683101093
2026-02-19 01:15:00,8389.44683101093
2026-02-19 01:30:00,7828.779680177989
2026-02-19 01:45:00,7828.779680177989
2026-02-19 02:00:00,7828.779680177989
2026-02-19 02:15:00,7828.779680177989
2026-02-19 02:30:00,7828.779680177989
2026-02-19 02:45:00,7828.779680177989
2026-02-19 03:00:00,7828.779680177989
2026-02-19 03:15:00,7828.779680177989
2026-02-19 03:30:00,7828.779680177989
2026-02-19 03:45:00,7520.294523948051
2026-02-19 04:00:00,7672.986964542446
2026-02-19 04:15:00,7672.986964542446
2026-02-19 04:30:00,7672.986964542446
2026-02-19 04:45:00,7672.986964542446
2026-02-19 05:00:00,7672.986964542446
2026-02-19 05:15:00,7672.986964542446
2026-02-19 05:30:00,7520.294523948051
2026-02-19 05:45:00,7296.934256292269
2026-02-19 06:00:00,7445.0915787085705
2026-02-19 06:15:00,7445.0915787085705
2026-02-19 06:30:00,7750.4918833762085
2026-02-19 06:45:00,7750.4918833762085
2026-02-19 07:00:00,7445.0915787085705
2026-02-19 07:15:00,7445.0915787085705
2026-02-19 07:30:00,7445.0915787085705
2026-02-19 07:45:00,7445.0915787085705
2026-02-19 08:00:00,7445.0915787085705
2026-02-19 08:15:00,7445.0915787085705
2026-02-19 08:30:00,7445.0915787085705
2026-02-19 08:45:00,7445.0915787085705
2026-02-19 09:00:00,7445.0915787085705
2026-02-19 09:15:00,7445.0915787085705
2026-02-19 09:30:00,7445.0915787085705
2026-02-19 09:45:00,7445.0915787085705
2026-02-19 10:00:00,7445.0915787085705
2026-02-19 10:15:00,7445.0915787085705
2026-02-19 10:30:00,7445.0915787085705
2026-02-19 10:45:00,7445.0915787085705
2026-02-19 11:00:00,7445.0915787085705
2026-02-19 11:15:00,7445.0915787085705
2026-02-19 11:30:00,7445.0915787085705
2026-02-19 11:45:00,7445.0915787085705
2026-02-19 12:00:00,7445.0915787085705
2026-02-19 12:15:00,7445.0915787085705
2026-02-19 12:30:00,7445.0915787085705
2026-02-19 12:45:00,7445.0915787085705
2026-02-19 13:00:00,7370.640662921484
2026-02-19 13:15:00,7370.640662921484
2026-02-19 13:30:00,7370.640662921484
2026-02-19 13:45:00,7370.640662921484
2026-02-19 14:00:00,7370.640662921484
2026-02-19 14:15:00,7370.640662921484
2026-02-19 14:30:00,7296.934256292269
2026-02-19 14:45:00,7296.934256292269
2026-02-19 15:00:00,7296.934256292269
2026-02-19 15:15:00,7296.934256292269
2026-02-19 15:30:00,7009.40593182667
2026-02-19 15:45:00,7151.725264592053
2026-02-19 16:00:00,7151.725264592053
2026-02-19 16:15:00,7151.725264592053
2026-02-19 16:30:00,8295.721001462374
2026-02-19 16:45:00,7893.821508284737
2026-02-19 17:00:00,7814.8832932018895
2026-02-19 17:15:00,7814.8832932018895
2026-02-19 17:30:00,7814.8832932018895
2026-02-19 17:45:00,7814.8832932018895
2026-02-19 18:00:00,7814.8832932018895
2026-02-19 18:15:00,7736.73446026987
2026-02-19 18:30:00,7736.73446026987
2026-02-19 18:45:00,7736.73446026987
2026-02-19 19:00:00,7736.73446026987
2026-02-19 19:15:00,7736.73446026987
2026-02-19 19:30:00,7736.73446026987
2026-02-19 19:45:00,7659.367115667172
2026-02-19 20:00:00,7659.367115667172
2026-02-19 20:15:00,7582.7734445105
2026-02-19 20:30:00,7582.7734445105
2026-02-19 20:45:00,7582.7734445105
2026-02-19 21:00:00,7582.7734445105
2026-02-19 21:15:00,7582.7734445105
2026-02-19 21:30:00,7582.7734445105
2026-02-19 21:45:00,7582.7734445105
2026-02-19 22:00:00,7582.7734445105
2026-02-19 22:15:00,7582.7734445105
2026-02-19 22:30:00,7582.7734445105
2026-02-19 22:45:00,7582.7734445105
2026-02-19 23:00:00,7582.7734445105
2026-02-19 23:15:00,7506.945710065394
2026-02-19 23:30:00,7506.945710065394
2026-02-19 23:45:00,7506.945710065394
2026-02-20 01:00:00,7506.945710065394
2026-02-20 01:15:00,7506.945710065394
2026-02-20 01:30:00,7506.945710065394
2026-02-20 01:45:00,7067.640368657562
2026-02-20 02:00:00,6996.963964970986
2026-02-20 02:15:00,6996.963964970986
2026-02-20 02:30:00,6996.963964970986
2026-02-20 02:45:00,6996.963964970986
2026-02-20 03:00:00,7134.804155080915
2026-02-20 03:15:00,7063.4561135301055
2026-02-20 03:30:00,6992.821552394805
2026-02-20 03:45:00,6992.821552394805
2026-02-20 04:00:00,6992.821552394805
2026-02-20 04:15:00,6992.821552394805
2026-02-20 04:30:00,6992.821552394805
2026-02-20 04:45:00,6992.821552394805
2026-02-20 05:00:00,6992.821552394805
2026-02-20 05:15:00,6992.821552394805
2026-02-20 05:30:00,6785.127759467126
2026-02-20 05:45:00,6785.127759467126
2026-02-20 06:00:00,6785.127759467126
2026-02-20 06:15:00,6785.127759467126
2026-02-20 06:30:00,6517.766653084362
2026-02-20 06:45:00,6517.766653084362
2026-02-20 07:00:00,6650.103717053731
2026-02-20 07:15:00,6650.103717053731
2026-02-20 07:30:00,6650.103717053731
2026-02-20 07:45:00,6583.602679883194
2026-02-20 08:00:00,6583.602679883194
2026-02-20 08:15:00,6583.602679883194
2026-02-20 08:30:00,6583.602679883194
2026-02-20 08:45:00,6583.602679883194
2026-02-20 09:00:00,6583.602679883194
2026-02-20 09:15:00,6583.602679883194
2026-02-20 09:30:00,6583.602679883194
2026-02-20 09:45:00,6583.602679883194
2026-02-20 10:00:00,6583.602679883194
2026-02-20 10:15:00,6583.602679883194
2026-02-20 10:30:00,6583.602679883194
2026-02-20 10:45:00,6583.602679883194
2026-02-20 11:00:00,6781.110760279689
2026-02-20 11:15:00,6781.110760279689
2026-02-20 11:30:00,6781.110760279689
2026-02-20 11:45:00,6781.110760279689
2026-02-20 12:00:00,6781.110760279689
2026-02-20 12:15:00,6781.110760279689
2026-02-20 12:30:00,6781.110760279689
2026-02-20 12:45:00,6781.110760279689
2026-02-20 13:00:00,6781.110760279689
2026-02-20 13:15:00,6781.110760279689
2026-02-20 13:30:00,6646.166656150123
2026-02-20 13:45:00,6513.907939692735
2026-02-20 14:00:00,6448.768860295808
2026-02-20 14:15:00,6713.299652676892
2026-02-20 14:30:00,6646.166656150123
2026-02-20 14:45:00,6646.166656150123
2026-02-20 15:00:00,6646.166656150123
2026-02-20 15:15:00,6646.166656150123
2026-02-20 15:30:00,6646.166656150123
2026-02-20 15:45:00,6513.907939692735
2026-02-20 16:00:00,6513.907939692735
2026-02-20 16:15:00,6513.907939692735
2026-02-20 16:30:00,6513.907939692735
2026-02-20 16:45:00,6910.6049332200155
2026-02-20 17:00:00,6638.299525537463
2026-02-20 17:15:00,6571.9165302820875
2026-02-20 17:30:00,6571.9165302820875
2026-02-20 17:45:00,6571.9165302820875
2026-02-20 18:00:00,6571.9165302820875
2026-02-20 18:15:00,6571.9165302820875
2026-02-20 18:30:00,6571.9165302820875
2026-02-20 18:45:00,6571.9165302820875
2026-02-20 19:00:00,6769.074026190553
2026-02-20 19:15:00,6769.074026190553
2026-02-20 19:30:00,6769.074026190553
2026-02-20 19:45:00,6769.074026190553
2026-02-20 20:00:00,6769.074026190553
2026-02-20 20:15:00,6769.074026190553
2026-02-20 20:30:00,6769.074026190553
2026-02-20 20:45:00,6769.074026190553
2026-02-20 21:00:00,6769.074026190553
2026-02-20 21:15:00,6769.074026190553
2026-02-20 21:30:00,6769.074026190553
2026-02-20 21:45:00,6972.14624697627
2026-02-20 22:00:00,6972.14624697627
2026-02-20 22:15:00,6972.14624697627
2026-02-20 22:30:00,6972.14624697627
2026-02-20 22:45:00,6972.14624697627
2026-02-20 23:00:00,6972.14624697627
2026-02-20 23:15:00,6972.14624697627
2026-02-20 23:30:00,7181.310634385555
2026-02-20 23:45:00,8082.628386347617
2026-02-23 01:00:00,12592.47166642204
2026-02-23 01:15:00,12970.245816414716
2026-02-23 01:30:00,12970.245816414716
2026-02-23 01:45:00,12970.245816414716
2026-02-23 02:00:00,12585.016545421382
2026-02-23 02:15:00,12459.166379967168
2026-02-23 02:30:00,12459.166379967168
2026-02-23 02:45:00,12334.574716167495
2026-02-23 03:00:00,12334.574716167495
2026-02-23 03:15:00,12334.574716167495
2026-02-23 03:30:00,12334.574716167495
2026-02-23 03:45:00,12334.574716167495
2026-02-23 04:00:00,12334.574716167495
2026-02-23 04:15:00,12334.574716167495
2026-02-23 04:30:00,12334.574716167495
2026-02-23 04:45:00,12334.574716167495
2026-02-23 05:00:00,12211.22896900582
2026-02-23 05:15:00,12089.116679315763
2026-02-23 05:30:00,12089.116679315763
2026-02-23 05:45:00,12089.116679315763
2026-02-23 06:00:00,12089.116679315763
2026-02-23 06:15:00,12089.116679315763
2026-02-23 06:30:00,12089.116679315763
2026-02-23 06:45:00,12089.116679315763
2026-02-23 07:00:00,11848.54325739738
2026-02-23 07:15:00,11848.54325739738
2026-02-23 07:30:00,11848.54325739738
2026-02-23 07:45:00,11848.54325739738
2026-02-23 08:00:00,11848.54325739738
2026-02-23 08:15:00,11848.54325739738
2026-02-23 08:30:00,11043.616593397108
2026-02-23 08:45:00,11043.616593397108
2026-02-23 09:00:00,11730.057824823405
2026-02-23 09:15:00,12089.116679315763
2026-02-23 09:30:00,12089.116679315763
2026-02-23 09:45:00,12089.116679315763
2026-02-23 10:00:00,12089.116679315763
2026-02-23 10:15:00,12211.22896900582
2026-02-23 10:30:00,12211.22896900582
2026-02-23 10:45:00,12089.116679315763
2026-02-23 11:00:00,11730.057824823405
2026-02-23 11:15:00,11730.057824823405
2026-02-23 11:30:00,11730.057824823405
2026-02-23 11:45:00,11730.057824823405
2026-02-23 12:00:00,11612.757246575171
2026-02-23 12:15:00,11496.62967410942
2026-02-23 12:30:00,11381.663377368324
2026-02-23 12:45:00,11381.663377368324
2026-02-23 13:00:00,11381.663377368324
2026-02-23 13:15:00,11381.663377368324
2026-02-23 13:30:00,11381.663377368324
2026-02-23 13:45:00,11381.663377368324
2026-02-23 14:00:00,11381.663377368324
2026-02-23 14:15:00,11381.663377368324
2026-02-23 14:30:00,11381.663377368324
2026-02-23 14:45:00,11381.663377368324
2026-02-23 15:00:00,11381.663377368324
2026-02-23 15:15:00,11381.663377368324
2026-02-23 15:30:00,11381.663377368324
2026-02-23 15:45:00,11381.663377368324
2026-02-23 16:00:00,11381.663377368324
2026-02-23 16:15:00,11267.84674359464
2026-02-23 16:30:00,11605.882145902468
2026-02-23 16:45:00,11954.058610279542
2026-02-23 17:00:00,11954.058610279542
2026-02-23 17:15:00,11954.058610279542
2026-02-23 17:30:00,11834.518024176747
2026-02-23 17:45:00,11834.518024176747
2026-02-23 18:00:00,11483.021004340671
2026-02-23 18:15:00,11483.021004340671
2026-02-23 18:30:00,11483.021004340671
2026-02-23 18:45:00,11483.021004340671
2026-02-23 19:00:00,11483.021004340671
2026-02-23 19:15:00,11483.021004340671
2026-02-23 19:30:00,11368.190794297265
2026-02-23 19:45:00,11368.190794297265
2026-02-23 20:00:00,11368.190794297265
2026-02-23 20:15:00,11368.190794297265
2026-02-23 20:30:00,11368.190794297265
2026-02-23 20:45:00,11368.190794297265
2026-02-23 21:00:00,11368.190794297265
2026-02-23 21:15:00,11368.190794297265
2026-02-23 21:30:00,11368.190794297265
2026-02-23 21:45:00,11368.190794297265
2026-02-23 22:00:00,11368.190794297265
2026-02-23 22:15:00,11368.190794297265
2026-02-23 22:30:00,11368.190794297265
2026-02-23 22:45:00,11827.511634470884
2026-02-23 23:00:00,11827.511634470884
2026-02-23 23:15:00,11827.511634470884
2026-02-23 23:30:00,11709.236518126176
2026-02-23 23:45:00,11709.236518126176
2026-02-24 01:00:00,12182.336983505018
2026-02-24 01:15:00,12182.336983505018
2026-02-24 01:30:00,12182.336983505018
2026-02-24 01:45:00,12182.336983505018
2026-02-24 02:00:00,11939.908477533269
2026-02-24 02:15:00,11820.509392757936
2026-02-24 02:30:00,11820.509392757936
2026-02-24 02:45:00,11820.509392757936
2026-02-24 03:00:00,11702.304298830357
2026-02-24 03:15:00,11585.281255842054
2026-02-24 03:30:00,11585.281255842054
2026-02-24 03:45:00,11585.281255842054
2026-02-24 04:00:00,11585.281255842054
2026-02-24 04:15:00,11585.281255842054
2026-02-24 04:30:00,11585.281255842054
2026-02-24 04:45:00,11585.281255842054
2026-02-24 05:00:00,11585.281255842054
2026-02-24 05:15:00,11585.281255842054
2026-02-24 05:30:00,11585.281255842054
2026-02-24 05:45:00,11585.281255842054
2026-02-24 06:00:00,11585.281255842054
2026-02-24 06:15:00,11585.281255842054
2026-02-24 06:30:00,11585.281255842054
2026-02-24 06:45:00,11585.281255842054
2026-02-24 07:00:00,11585.281255842054
2026-02-24 07:15:00,11585.281255842054
2026-02-24 07:30:00,11585.281255842054
2026-02-24 07:45:00,11354.734158850797
2026-02-24 08:00:00,11241.186817262289
2026-02-24 08:15:00,11241.186817262289
2026-02-24 08:30:00,11241.186817262289
2026-02-24 08:45:00,11241.186817262289
2026-02-24 09:00:00,11241.186817262289
2026-02-24 09:15:00,11017.487199598769
2026-02-24 09:30:00,10907.312327602782
2026-02-24 09:45:00,10907.312327602782
2026-02-24 10:00:00,10907.312327602782
2026-02-24 10:15:00,10907.312327602782
2026-02-24 10:30:00,10798.239204326754
2026-02-24 10:45:00,10798.239204326754
2026-02-24 11:00:00,10798.239204326754
2026-02-24 11:15:00,10798.239204326754
2026-02-24 11:30:00,10798.239204326754
2026-02-24 11:45:00,10798.239204326754
2026-02-24 12:00:00,10798.239204326754
2026-02-24 12:15:00,10690.256812283485
2026-02-24 12:30:00,10690.256812283485
2026-02-24 12:45:00,10690.256812283485
2026-02-24 13:00:00,10690.256812283485
2026-02-24 13:15:00,10690.256812283485
2026-02-24 13:30:00,10690.256812283485
2026-02-24 13:45:00,10690.256812283485
2026-02-24 14:00:00,10372.745494701854
2026-02-24 14:15:00,12160.712863793882
2026-02-24 14:30:00,12160.712863793882
2026-02-24 14:45:00,12160.712863793882
2026-02-24 15:00:00,12160.712863793882
2026-02-24 15:15:00,12160.712863793882
2026-02-24 15:30:00,13422.56493486358
2026-02-24 15:45:00,13422.56493486358
2026-02-24 16:00:00,13422.56493486358
2026-02-24 16:15:00,13422.56493486358
2026-02-24 16:30:00,13422.56493486358
2026-02-24 16:45:00,13288.339285514943
2026-02-24 17:00:00,13288.339285514943
2026-02-24 17:15:00,13155.455892659793
2026-02-24 17:30:00,13155.455892659793
2026-02-24 17:45:00,13155.455892659793
2026-02-24 18:00:00,13155.455892659793
2026-02-24 18:15:00,13155.455892659793
2026-02-24 18:30:00,13155.455892659793
2026-02-24 18:45:00,13155.455892659793
2026-02-24 19:00:00,13155.455892659793
2026-02-24 19:15:00,13155.455892659793
2026-02-24 19:30:00,13155.455892659793
2026-02-24 19:45:00,13155.455892659793
2026-02-24 20:00:00,13155.455892659793
2026-02-24 20:15:00,13155.455892659793
2026-02-24 20:30:00,13155.455892659793
2026-02-24 20:45:00,13155.455892659793
2026-02-24 21:00:00,13155.455892659793
2026-02-24 21:15:00,13155.455892659793
2026-02-24 21:30:00,13155.455892659793
2026-02-24 21:45:00,13155.455892659793
2026-02-24 22:00:00,13155.455892659793
2026-02-24 22:15:00,13155.455892659793
2026-02-24 22:30:00,13023.901333733194
2026-02-24 22:45:00,13023.901333733194
2026-02-24 23:00:00,13023.901333733194
2026-02-24 23:15:00,13023.901333733194
2026-02-24 23:30:00,13023.901333733194
2026-02-24 23:45:00,13023.901333733194
2026-02-25 01:00:00,13023.901333733194
2026-02-25 01:15:00,13023.901333733194
2026-02-25 01:30:00,12893.662320395862
2026-02-25 01:45:00,12764.725697191903
2026-02-25 02:00:00,12764.725697191903
2026-02-25 02:15:00,12764.725697191903
2026-02-25 02:30:00,12893.662320395862
2026-02-25 02:45:00,12893.662320395862
2026-02-25 03:00:00,12764.725697191903
2026-02-25 03:15:00,12764.725697191903
2026-02-25 03:30:00,12764.725697191903
2026-02-25 03:45:00,12764.725697191903
2026-02-25 04:00:00,12764.725697191903
2026-02-25 04:15:00,12764.725697191903
2026-02-25 04:30:00,12764.725697191903
2026-02-25 04:45:00,12385.600579259608
2026-02-25 05:00:00,12385.600579259608
2026-02-25 05:15:00,12385.600579259608
2026-02-25 05:30:00,12385.600579259608
2026-02-25 05:45:00,12385.600579259608
2026-02-25 06:00:00,12017.735856455018
2026-02-25 06:15:00,12017.735856455018
2026-02-25 06:30:00,12017.735856455018
2026-02-25 06:45:00,12017.735856455018
2026-02-25 07:00:00,12017.735856455018
2026-02-25 07:15:00,12017.735856455018
2026-02-25 07:30:00,12017.735856455018
2026-02-25 07:45:00,12017.735856455018
2026-02-25 08:00:00,11778.582912911563
2026-02-25 08:15:00,11660.797083782447
2026-02-25 08:30:00,11660.797083782447
2026-02-25 08:45:00,11660.797083782447
2026-02-25 09:00:00,11660.797083782447
2026-02-25 09:15:00,11428.747221815176
2026-02-25 09:30:00,11428.747221815176
2026-02-25 09:45:00,11314.459749597025
2026-02-25 10:00:00,11314.459749597025
2026-02-25 10:15:00,11314.459749597025
2026-02-25 10:30:00,11314.459749597025
2026-02-25 10:45:00,11201.315152101055
2026-02-25 11:00:00,11544.189112944623
2026-02-25 11:15:00,11544.189112944623
2026-02-25 11:30:00,11544.189112944623
2026-02-25 11:45:00,11544.189112944623
2026-02-25 12:00:00,11544.189112944623
2026-02-25 12:15:00,11660.797083782447
2026-02-25 12:30:00,11778.582912911563
2026-02-25 12:45:00,11778.582912911563
2026-02-25 13:00:00,12017.735856455018
2026-02-25 13:15:00,12637.078440219984
2026-02-25 13:30:00,12510.707655817785
2026-02-25 13:45:00,12385.600579259608
2026-02-25 14:00:00,12261.744573467011
2026-02-25 14:15:00,12510.707655817785
2026-02-25 14:30:00,12510.707655817785
2026-02-25 14:45:00,12510.707655817785
2026-02-25 15:00:00,12510.707655817785
2026-02-25 15:15:00,12385.600579259608
2026-02-25 15:30:00,12385.600579259608
2026-02-25 15:45:00,12385.600579259608
2026-02-25 16:00:00,12385.600579259608
2026-02-25 16:15:00,11897.558497890468
2026-02-25 16:30:00,12139.127127732341
2026-02-25 16:45:00,12139.127127732341
2026-02-25 17:00:00,12139.127127732341
2026-02-25 17:15:00,12017.735856455018
2026-02-25 17:30:00,11897.558497890468
2026-02-25 17:45:00,11897.558497890468
2026-02-25 18:00:00,11897.558497890468
2026-02-25 18:15:00,12503.300941564312
2026-02-25 18:30:00,12503.300941564312
2026-02-25 18:45:00,12878.399969811253
2026-02-25 19:00:00,12878.399969811253
2026-02-25 19:15:00,12878.399969811253
2026-02-25 19:30:00,12878.399969811253
2026-02-25 19:45:00,12878.399969811253
2026-02-25 20:00:00,12878.399969811253
2026-02-25 20:15:00,12878.399969811253
2026-02-25 20:30:00,12878.399969811253
2026-02-25 20:45:00,12878.399969811253
2026-02-25 21:00:00,12878.399969811253
2026-02-25 21:15:00,12878.399969811253
2026-02-25 21:30:00,12878.399969811253
2026-02-25 21:45:00,12878.399969811253
2026-02-25 22:00:00,12878.399969811253
2026-02-25 22:15:00,12878.399969811253
2026-02-25 22:30:00,12749.61597011314
2026-02-25 22:45:00,13526.06758269298
2026-02-25 23:00:00,13931.849610173786
2026-02-25 23:15:00,13792.531114072048
2026-02-25 23:30:00,13792.531114072048
2026-02-25 23:45:00,13792.531114072048
2026-02-26 01:00:00,13792.531114072048
2026-02-26 01:15:00,13792.531114072048
2026-02-26 01:30:00,13792.531114072048
2026-02-26 01:45:00,13792.531114072048
2026-02-26 02:00:00,13792.531114072048
2026-02-26 02:15:00,13792.531114072048
2026-02-26 02:30:00,13792.531114072048
2026-02-26 02:45:00,13792.531114072048
2026-02-26 03:00:00,13792.531114072048
2026-02-26 03:15:00,13792.531114072048
2026-02-26 03:30:00,13792.531114072048
2026-02-26 03:45:00,13792.531114072048
2026-02-26 04:00:00,13792.531114072048
2026-02-26 04:15:00,13792.531114072048
2026-02-26 04:30:00,13792.531114072048
2026-02-26 04:45:00,13792.531114072048
2026-02-26 05:00:00,13792.531114072048
2026-02-26 05:15:00,13792.531114072048
2026-02-26 05:30:00,13792.531114072048
2026-02-26 05:45:00,13792.531114072048
2026-02-26 06:00:00,13792.531114072048
2026-02-26 06:15:00,13792.531114072048
2026-02-26 06:30:00,13792.531114072048
2026-02-26 06:45:00,13792.531114072048
2026-02-26 07:00:00,13792.531114072048
2026-02-26 07:15:00,13654.605802931328
2026-02-26 07:30:00,13654.605802931328
2026-02-26 07:45:00,13518.059744902015
2026-02-26 08:00:00,13518.059744902015
2026-02-26 08:15:00,13518.059744902015
2026-02-26 08:30:00,13518.059744902015
2026-02-26 08:45:00,13116.55985241868
2026-02-26 09:00:00,12855.54031135555
2026-02-26 09:15:00,12726.984908241993
2026-02-26 09:30:00,12726.984908241993
2026-02-26 09:45:00,12599.715059159573
2026-02-26 10:00:00,12599.715059159573
2026-02-26 10:15:00,12599.715059159573
2026-02-26 10:30:00,12599.715059159573
2026-02-26 10:45:00,12599.715059159573
2026-02-26 11:00:00,12599.715059159573
2026-02-26 11:15:00,12599.715059159573
2026-02-26 11:30:00,12473.717908567976
2026-02-26 11:45:00,12348.980729482297
2026-02-26 12:00:00,12348.980729482297
2026-02-26 12:15:00,12348.980729482297
2026-02-26 12:30:00,12348.980729482297
2026-02-26 12:45:00,12977.706510934375
2026-02-26 13:00:00,12977.706510934375
2026-02-26 13:15:00,12977.706510934375
2026-02-26 13:30:00,12977.706510934375
2026-02-26 13:45:00,13768.04883745023
2026-02-26 14:00:00,14606.523011650961
2026-02-26 14:15:00,14460.457781534451
2026-02-26 14:30:00,13751.751467238291
2026-02-26 14:45:00,13614.233952565908
2026-02-26 15:00:00,13614.233952565908
2026-02-26 15:15:00,13614.233952565908
2026-02-26 15:30:00,13614.233952565908
2026-02-26 15:45:00,13614.233952565908
2026-02-26 16:00:00,14022.66097114287
2026-02-26 16:15:00,14022.66097114287
2026-02-26 16:30:00,16439.77033308093
2026-02-26 16:45:00,16112.61890345262
2026-02-26 17:00:00,16112.61890345262
2026-02-26 17:15:00,16595.997470556184
2026-02-26 17:30:00,16430.03749585062
2026-02-26 17:45:00,16265.737120892116
2026-02-26 18:00:00,16265.737120892116
2026-02-26 18:15:00,16265.737120892116
2026-02-26 18:30:00,16265.737120892116
2026-02-26 18:45:00,16265.737120892116
2026-02-26 19:00:00,16265.737120892116
2026-02-26 19:15:00,16265.737120892116
2026-02-26 19:30:00,16265.737120892116
2026-02-26 19:45:00,16265.737120892116
2026-02-26 20:00:00,16265.737120892116
2026-02-26 20:15:00,16265.737120892116
2026-02-26 20:30:00,16265.737120892116
2026-02-26 20:45:00,16265.737120892116
2026-02-26 21:00:00,16265.737120892116
2026-02-26 21:15:00,16265.737120892116
2026-02-26 21:30:00,16265.737120892116
2026-02-26 21:45:00,16103.079749683195
2026-02-26 22:00:00,16103.079749683195
2026-02-26 22:15:00,16103.079749683195
2026-02-26 22:30:00,16103.079749683195
2026-02-26 22:45:00,16103.079749683195
2026-02-26 23:00:00,16103.079749683195
2026-02-26 23:15:00,16103.079749683195
2026-02-26 23:30:00,16103.079749683195
2026-02-26 23:45:00,16103.079749683195
2026-02-27 01:00:00,16103.079749683195
2026-02-27 01:15:00,16103.079749683195
2026-02-27 01:30:00,16103.079749683195
2026-02-27 01:45:00,16103.079749683195
2026-02-27 02:00:00,16103.079749683195
2026-02-27 02:15:00,16103.079749683195
2026-02-27 02:30:00,16103.079749683195
2026-02-27 02:45:00,16103.079749683195
2026-02-27 03:00:00,16103.079749683195
2026-02-27 03:15:00,16103.079749683195
2026-02-27 03:30:00,16103.079749683195
2026-02-27 03:45:00,16103.079749683195
2026-02-27 04:00:00,16103.079749683195
2026-02-27 04:15:00,16103.079749683195
2026-02-27 04:30:00,16103.079749683195
2026-02-27 04:45:00,16103.079749683195
2026-02-27 05:00:00,16103.079749683195
2026-02-27 05:15:00,16103.079749683195
2026-02-27 05:30:00,16103.079749683195
2026-02-27 05:45:00,16103.079749683195
2026-02-27 06:00:00,16103.079749683195
2026-02-27 06:15:00,16103.079749683195
2026-02-27 06:30:00,16103.079749683195
2026-02-27 06:45:00,16103.079749683195
2026-02-27 07:00:00,16103.079749683195
2026-02-27 07:15:00,16103.079749683195
2026-02-27 07:30:00,16103.079749683195
2026-02-27 07:45:00,16103.079749683195
2026-02-27 08:00:00,16103.079749683195
2026-02-27 08:15:00,16103.079749683195
2026-02-27 08:30:00,16103.079749683195
2026-02-27 08:45:00,16103.079749683195
2026-02-27 09:00:00,16103.079749683195
2026-02-27 09:15:00,16103.079749683195
2026-02-27 09:30:00,16103.079749683195
2026-02-27 09:45:00,16103.079749683195
2026-02-27 10:00:00,16103.079749683195
2026-02-27 10:15:00,16103.079749683195
2026-02-27 10:30:00,16103.079749683195
2026-02-27 10:45:00,16103.079749683195
2026-02-27 11:00:00,16103.079749683195
2026-02-27 11:15:00,16103.079749683195
2026-02-27 11:30:00,16103.079749683195
2026-02-27 11:45:00,16103.079749683195
2026-02-27 12:00:00,16103.079749683195
2026-02-27 12:15:00,16103.079749683195
2026-02-27 12:30:00,16103.079749683195
2026-02-27 12:45:00,16103.079749683195
2026-02-27 13:00:00,16103.079749683195
2026-02-27 13:15:00,16103.079749683195
2026-02-27 13:30:00,16103.079749683195
2026-02-27 13:45:00,16103.079749683195
2026-02-27 14:00:00,16103.079749683195
2026-02-27 14:15:00,16103.079749683195
2026-02-27 14:30:00,16103.079749683195
2026-02-27 14:45:00,16103.079749683195
2026-02-27 15:00:00,15942.048952186362
2026-02-27 15:15:00,15942.048952186362
2026-02-27 15:30:00,15942.048952186362
2026-02-27 15:45:00,15942.048952186362
2026-02-27 16:00:00,15942.048952186362
2026-02-27 16:15:00,15942.048952186362
2026-02-27 16:30:00,15942.048952186362
2026-02-27 16:45:00,15942.048952186362
2026-02-27 17:00:00,15942.048952186362
2026-02-27 17:15:00,15942.048952186362
2026-02-27 17:30:00,15942.048952186362
2026-02-27 17:45:00,15942.048952186362
2026-02-27 18:00:00,15942.048952186362
2026-02-27 18:15:00,15942.048952186362
2026-02-27 18:30:00,15942.048952186362
2026-02-27 18:45:00,15942.048952186362
2026-02-27 19:00:00,15942.048952186362
2026-02-27 19:15:00,15942.048952186362
2026-02-27 19:30:00,15942.048952186362
2026-02-27 19:45:00,15942.048952186362
2026-02-27 20:00:00,15942.048952186362
2026-02-27 20:15:00,15942.048952186362
2026-02-27 20:30:00,15942.048952186362
2026-02-27 20:45:00,15942.048952186362
2026-02-27 21:00:00,15942.048952186362
2026-02-27 21:15:00,15942.048952186362
2026-02-27 21:30:00,15942.048952186362
2026-02-27 21:45:00,15942.048952186362
2026-02-27 22:00:00,15942.048952186362
2026-02-27 22:15:00,15942.048952186362
2026-02-27 22:30:00,15942.048952186362
2026-02-27 22:45:00,15942.048952186362
2026-02-27 23:00:00,15942.048952186362
2026-02-27 23:15:00,15942.048952186362
2026-02-27 23:30:00,15942.048952186362
2026-02-27 23:45:00,15942.048952186362
2026-03-02 01:00:00,15942.048952186362
2026-03-02 01:15:00,15942.048952186362
2026-03-02 01:30:00,15942.048952186362
2026-03-02 01:45:00,15942.048952186362
2026-03-02 02:00:00,15942.048952186362
2026-03-02 02:15:00,15942.048952186362
2026-03-02 02:30:00,15942.048952186362
2026-03-02 02:45:00,15942.048952186362
2026-03-02 03:00:00,15942.048952186362
2026-03-02 03:15:00,15942.048952186362
2026-03-02 03:30:00,15942.048952186362
2026-03-02 03:45:00,15942.048952186362
2026-03-02 04:00:00,15942.048952186362
2026-03-02 04:15:00,15942.048952186362
2026-03-02 04:30:00,15942.048952186362
2026-03-02 04:45:00,15942.048952186362
2026-03-02 05:00:00,15942.048952186362
2026-03-02 05:15:00,15942.048952186362
2026-03-02 05:30:00,15942.048952186362
2026-03-02 05:45:00,15942.048952186362
2026-03-02 06:00:00,15942.048952186362
2026-03-02 06:15:00,15942.048952186362
2026-03-02 06:30:00,15942.048952186362
2026-03-02 06:45:00,15942.048952186362
2026-03-02 07:00:00,15942.048952186362
2026-03-02 07:15:00,15942.048952186362
2026-03-02 07:30:00,15942.048952186362
2026-03-02 07:45:00,15942.048952186362
2026-03-02 08:00:00,15942.048952186362
2026-03-02 08:15:00,15942.048952186362
2026-03-02 08:30:00,15942.048952186362
2026-03-02 08:45:00,15942.048952186362
2026-03-02 09:00:00,15942.048952186362
2026-03-02 09:15:00,15942.048952186362
2026-03-02 09:30:00,15942.048952186362
2026-03-02 09:45:00,15942.048952186362
2026-03-02 10:00:00,15942.048952186362
2026-03-02 10:15:00,15942.048952186362
2026-03-02 10:30:00,15942.048952186362
2026-03-02 10:45:00,15942.048952186362
2026-03-02 11:00:00,15942.048952186362
2026-03-02 11:15:00,15942.048952186362
2026-03-02 11:30:00,15942.048952186362
2026-03-02 11:45:00,15942.048952186362
2026-03-02 12:00:00,15942.048952186362
2026-03-02 12:15:00,15942.048952186362
2026-03-02 12:30:00,15942.048952186362
2026-03-02 12:45:00,15942.048952186362
2026-03-02 13:00:00,15942.048952186362
2026-03-02 13:15:00,15942.048952186362
2026-03-02 13:30:00,15942.048952186362
2026-03-02 13:45:00,15942.048952186362
2026-03-02 14:00:00,15942.048952186362
2026-03-02 14:15:00,15942.048952186362
2026-03-02 14:30:00,15942.048952186362
2026-03-02 14:45:00,15942.048952186362
2026-03-02 15:00:00,15942.048952186362
2026-03-02 15:15:00,15942.048952186362
2026-03-02 15:30:00,15942.048952186362
2026-03-02 15:45:00,15942.048952186362
2026-03-02 16:00:00,15942.048952186362
2026-03-02 16:15:00,15942.048952186362
2026-03-02 16:30:00,15942.048952186362
2026-03-02 16:45:00,15942.048952186362
2026-03-02 17:00:00,15942.048952186362
2026-03-02 17:15:00,15942.048952186362
2026-03-02 17:30:00,15942.048952186362
2026-03-02 17:45:00,15942.048952186362
2026-03-02 18:00:00,15942.048952186362
2026-03-02 18:15:00,15942.048952186362
2026-03-02 18:30:00,15942.048952186362
2026-03-02 18:45:00,15942.048952186362
2026-03-02 19:00:00,15942.048952186362
2026-03-02 19:15:00,15942.048952186362
2026-03-02 19:30:00,15942.048952186362
2026-03-02 19:45:00,15942.048952186362
2026-03-02 20:00:00,15942.048952186362
2026-03-02 20:15:00,15942.048952186362
2026-03-02 20:30:00,15942.048952186362
2026-03-02 20:45:00,15942.048952186362
2026-03-02 21:00:00,15942.048952186362
2026-03-02 21:15:00,15942.048952186362
2026-03-02 21:30:00,15942.048952186362
2026-03-02 21:45:00,15942.048952186362
2026-03-02 22:00:00,15942.048952186362
2026-03-02 22:15:00,15942.048952186362
2026-03-02 22:30:00,15942.048952186362
2026-03-02 22:45:00,15942.048952186362
2026-03-02 23:00:00,15942.048952186362
2026-03-02 23:15:00,15942.048952186362
2026-03-02 23:30:00,15942.048952186362
2026-03-02 23:45:00,15942.048952186362
2026-03-03 01:00:00,15942.048952186362
2026-03-03 01:15:00,15942.048952186362
2026-03-03 01:30:00,15942.048952186362
2026-03-03 01:45:00,15942.048952186362
2026-03-03 02:00:00,15942.048952186362
2026-03-03 02:15:00,15942.048952186362
2026-03-03 02:30:00,15942.048952186362
2026-03-03 02:45:00,15942.048952186362
2026-03-03 03:00:00,15942.048952186362
2026-03-03 03:15:00,15942.048952186362
2026-03-03 03:30:00,15942.048952186362
2026-03-03 03:45:00,15942.048952186362
2026-03-03 04:00:00,15942.048952186362
2026-03-03 04:15:00,15942.048952186362
2026-03-03 04:30:00,15942.048952186362
2026-03-03 04:45:00,15942.048952186362
2026-03-03 05:00:00,15942.048952186362
2026-03-03 05:15:00,15942.048952186362
2026-03-03 05:30:00,15942.048952186362
2026-03-03 05:45:00,15942.048952186362
2026-03-03 06:00:00,15942.048952186362
2026-03-03 06:15:00,15942.048952186362
2026-03-03 06:30:00,15942.048952186362
2026-03-03 06:45:00,15942.048952186362
2026-03-03 07:00:00,15942.048952186362
2026-03-03 07:15:00,15942.048952186362
2026-03-03 07:30:00,15942.048952186362
2026-03-03 07:45:00,15942.048952186362
2026-03-03 08:00:00,15942.048952186362
2026-03-03 08:15:00,15942.048952186362
2026-03-03 08:30:00,15942.048952186362
2026-03-03 08:45:00,15942.048952186362
2026-03-03 09:00:00,15942.048952186362
2026-03-03 09:15:00,15942.048952186362
2026-03-03 09:30:00,15942.048952186362
2026-03-03 09:45:00,15942.048952186362
2026-03-03 10:00:00,15942.048952186362
2026-03-03 10:15:00,15942.048952186362
2026-03-03 10:30:00,15942.048952186362
2026-03-03 10:45:00,15942.048952186362
2026-03-03 11:00:00,15942.048952186362
2026-03-03 11:15:00,15942.048952186362
2026-03-03 11:30:00,15942.048952186362
2026-03-03 11:45:00,15942.048952186362
2026-03-03 12:00:00,15942.048952186362
2026-03-03 12:15:00,15942.048952186362
2026-03-03 12:30:00,15942.048952186362
2026-03-03 12:45:00,15942.048952186362
2026-03-03 13:00:00,15942.048952186362
2026-03-03 13:15:00,15942.048952186362
2026-03-03 13:30:00,15942.048952186362
2026-03-03 13:45:00,15942.048952186362
2026-03-03 14:00:00,15942.048952186362
2026-03-03 14:15:00,15942.048952186362
2026-03-03 14:30:00,15942.048952186362
2026-03-03 14:45:00,15942.048952186362
2026-03-03 15:00:00,15942.048952186362
2026-03-03 15:15:00,15942.048952186362
2026-03-03 15:30:00,15942.048952186362
2026-03-03 15:45:00,15942.048952186362
2026-03-03 16:00:00,15942.048952186362
2026-03-03 16:15:00,15942.048952186362
2026-03-03 16:30:00,15942.048952186362
2026-03-03 16:45:00,15942.048952186362
2026-03-03 17:00:00,15942.048952186362
2026-03-03 17:15:00,15942.048952186362
2026-03-03 17:30:00,15942.048952186362
2026-03-03 17:45:00,15942.048952186362
2026-03-03 18:00:00,15942.048952186362
2026-03-03 18:15:00,15942.048952186362
2026-03-03 18:30:00,15942.048952186362
2026-03-03 18:45:00,15942.048952186362
2026-03-03 19:00:00,15942.048952186362
2026-03-03 19:15:00,15942.048952186362
2026-03-03 19:30:00,15942.048952186362
2026-03-03 19:45:00,15942.048952186362
2026-03-03 20:00:00,15942.048952186362
2026-03-03 20:15:00,15942.048952186362
2026-03-03 20:30:00,15942.048952186362
2026-03-03 20:45:00,15942.048952186362
2026-03-03 21:00:00,15942.048952186362
2026-03-03 21:15:00,15942.048952186362
2026-03-03 21:30:00,15942.048952186362
2026-03-03 21:45:00,15942.048952186362
2026-03-03 22:00:00,15942.048952186362
2026-03-03 22:15:00,15942.048952186362
2026-03-03 22:30:00,15942.048952186362
2026-03-03 22:45:00,15942.048952186362
2026-03-03 23:00:00,15942.048952186362
2026-03-03 23:15:00,15942.048952186362
2026-03-03 23:30:00,15942.048952186362
2026-03-03 23:45:00,15942.048952186362
2026-03-04 01:00:00,15942.048952186362
2026-03-04 01:15:00,15942.048952186362
2026-03-04 01:30:00,15942.048952186362
2026-03-04 01:45:00,15942.048952186362
2026-03-04 02:00:00,15942.048952186362
2026-03-04 02:15:00,15942.048952186362
2026-03-04 02:30:00,15942.048952186362
2026-03-04 02:45:00,15942.048952186362
2026-03-04 03:00:00,15942.048952186362
2026-03-04 03:15:00,15942.048952186362
2026-03-04 03:30:00,15942.048952186362
2026-03-04 03:45:00,15942.048952186362
2026-03-04 04:00:00,15942.048952186362
2026-03-04 04:15:00,15942.048952186362
2026-03-04 04:30:00,15942.048952186362
2026-03-04 04:45:00,15942.048952186362
2026-03-04 05:00:00,15942.048952186362
2026-03-04 05:15:00,15942.048952186362
2026-03-04 05:30:00,15942.048952186362
2026-03-04 05:45:00,15942.048952186362
2026-03-04 06:00:00,15942.048952186362
2026-03-04 06:15:00,15942.048952186362
2026-03-04 06:30:00,15942.048952186362
2026-03-04 06:45:00,15942.048952186362
2026-03-04 07:00:00,15942.048952186362
2026-03-04 07:15:00,15942.048952186362
2026-03-04 07:30:00,15942.048952186362
2026-03-04 07:45:00,15942.048952186362
2026-03-04 08:00:00,15942.048952186362
2026-03-04 08:15:00,15942.048952186362
2026-03-04 08:30:00,15942.048952186362
2026-03-04 08:45:00,15942.048952186362
2026-03-04 09:00:00,15942.048952186362
2026-03-04 09:15:00,15942.048952186362
2026-03-04 09:30:00,15942.048952186362
2026-03-04 09:45:00,15942.048952186362
2026-03-04 10:00:00,15942.048952186362
2026-03-04 10:15:00,15942.048952186362
2026-03-04 10:30:00,15942.048952186362
2026-03-04 10:45:00,15942.048952186362
2026-03-04 11:00:00,15942.048952186362
2026-03-04 11:15:00,15942.048952186362
2026-03-04 11:30:00,15942.048952186362
2026-03-04 11:45:00,15942.048952186362
2026-03-04 12:00:00,15942.048952186362
2026-03-04 12:15:00,15942.048952186362
2026-03-04 12:30:00,15942.048952186362
2026-03-04 12:45:00,15942.048952186362
2026-03-04 13:00:00,15942.048952186362
2026-03-04 13:15:00,15942.048952186362
2026-03-04 13:30:00,15942.048952186362
2026-03-04 13:45:00,15942.048952186362
2026-03-04 14:00:00,15942.048952186362
2026-03-04 14:15:00,15942.048952186362
2026-03-04 14:30:00,15942.048952186362
2026-03-04 14:45:00,15942.048952186362
2026-03-04 15:00:00,15942.048952186362
2026-03-04 15:15:00,15942.048952186362
2026-03-04 15:30:00,15942.048952186362
2026-03-04 15:45:00,15942.048952186362
2026-03-04 16:00:00,15942.048952186362
2026-03-04 16:15:00,15942.048952186362
2026-03-04 16:30:00,15942.048952186362
2026-03-04 16:45:00,15942.048952186362
2026-03-04 17:00:00,15942.048952186362
2026-03-04 17:15:00,15942.048952186362
2026-03-04 17:30:00,15942.048952186362
2026-03-04 17:45:00,15942.048952186362
2026-03-04 18:00:00,15942.048952186362
2026-03-04 18:15:00,15942.048952186362
2026-03-04 18:30:00,15942.048952186362
2026-03-04 18:45:00,15942.048952186362
2026-03-04 19:00:00,15942.048952186362
2026-03-04 19:15:00,15942.048952186362
2026-03-04 19:30:00,15942.048952186362
2026-03-04 19:45:00,15942.048952186362
2026-03-04 20:00:00,15942.048952186362
2026-03-04 20:15:00,15942.048952186362
2026-03-04 20:30:00,15942.048952186362
2026-03-04 20:45:00,15942.048952186362
2026-03-04 21:00:00,15942.048952186362
2026-03-04 21:15:00,15942.048952186362
2026-03-04 21:30:00,15942.048952186362
2026-03-04 21:45:00,15942.048952186362
2026-03-04 22:00:00,15942.048952186362
2026-03-04 22:15:00,15942.048952186362
2026-03-04 22:30:00,15942.048952186362
2026-03-04 22:45:00,15942.048952186362
2026-03-04 23:00:00,15942.048952186362
2026-03-04 23:15:00,15942.048952186362
2026-03-04 23:30:00,15942.048952186362
2026-03-04 23:45:00,15942.048952186362
2026-03-05 01:00:00,15942.048952186362
2026-03-05 01:15:00,15942.048952186362
2026-03-05 01:30:00,15942.048952186362
2026-03-05 01:45:00,15942.048952186362
2026-03-05 02:00:00,15942.048952186362
2026-03-05 02:15:00,15942.048952186362
2026-03-05 02:30:00,15942.048952186362
2026-03-05 02:45:00,15942.048952186362
2026-03-05 03:00:00,15942.048952186362
2026-03-05 03:15:00,15942.048952186362
2026-03-05 03:30:00,15942.048952186362
2026-03-05 03:45:00,15942.048952186362
2026-03-05 04:00:00,15942.048952186362
2026-03-05 04:15:00,15942.048952186362
2026-03-05 04:30:00,15942.048952186362
2026-03-05 04:45:00,15942.048952186362
2026-03-05 05:00:00,15942.048952186362
2026-03-05 05:15:00,15942.048952186362
2026-03-05 05:30:00,15942.048952186362
2026-03-05 05:45:00,15942.048952186362
2026-03-05 06:00:00,15942.048952186362
2026-03-05 06:15:00,15942.048952186362
2026-03-05 06:30:00,15942.048952186362
2026-03-05 06:45:00,15942.048952186362
2026-03-05 07:00:00,15942.048952186362
2026-03-05 07:15:00,15942.048952186362
2026-03-05 07:30:00,15942.048952186362
2026-03-05 07:45:00,15942.048952186362
2026-03-05 08:00:00,15942.048952186362
2026-03-05 08:15:00,15942.048952186362
2026-03-05 08:30:00,15942.048952186362
2026-03-05 08:45:00,15942.048952186362
2026-03-05 09:00:00,15942.048952186362
2026-03-05 09:15:00,15942.048952186362
2026-03-05 09:30:00,15942.048952186362
2026-03-05 09:45:00,15942.048952186362
2026-03-05 10:00:00,15942.048952186362
2026-03-05 10:15:00,15942.048952186362
2026-03-05 10:30:00,15942.048952186362
2026-03-05 10:45:00,15942.048952186362
2026-03-05 11:00:00,15942.048952186362
2026-03-05 11:15:00,15942.048952186362
2026-03-05 11:30:00,15942.048952186362
2026-03-05 11:45:00,15942.048952186362
2026-03-05 12:00:00,15942.048952186362
2026-03-05 12:15:00,15942.048952186362
2026-03-05 12:30:00,15942.048952186362
2026-03-05 12:45:00,15942.048952186362
2026-03-05 13:00:00,15942.048952186362
2026-03-05 13:15:00,15942.048952186362
2026-03-05 13:30:00,15942.048952186362
2026-03-05 13:45:00,15942.048952186362
2026-03-05 14:00:00,15942.048952186362
2026-03-05 14:15:00,15942.048952186362
2026-03-05 14:30:00,15942.048952186362
2026-03-05 14:45:00,15942.048952186362
2026-03-05 15:00:00,15942.048952186362
2026-03-05 15:15:00,15942.048952186362
2026-03-05 15:30:00,15942.048952186362
2026-03-05 15:45:00,15942.048952186362
2026-03-05 16:00:00,15942.048952186362
2026-03-05 16:15:00,15942.048952186362
2026-03-05 16:30:00,15942.048952186362
2026-03-05 16:45:00,15942.048952186362
2026-03-05 17:00:00,15942.048952186362
2026-03-05 17:15:00,15942.048952186362
2026-03-05 17:30:00,15942.048952186362
2026-03-05 17:45:00,15942.048952186362
2026-03-05 18:00:00,15942.048952186362
2026-03-05 18:15:00,15942.048952186362
2026-03-05 18:30:00,15942.048952186362
2026-03-05 18:45:00,15942.048952186362
2026-03-05 19:00:00,15942.048952186362
2026-03-05 19:15:00,15942.048952186362
2026-03-05 19:30:00,15942.048952186362
2026-03-05 19:45:00,15942.048952186362
2026-03-05 20:00:00,15942.048952186362
2026-03-05 20:15:00,15942.048952186362
2026-03-05 20:30:00,15942.048952186362
2026-03-05 20:45:00,15942.048952186362
2026-03-05 21:00:00,15942.048952186362
2026-03-05 21:15:00,15942.048952186362
2026-03-05 21:30:00,15942.048952186362
2026-03-05 21:45:00,15942.048952186362
2026-03-05 22:00:00,15942.048952186362
2026-03-05 22:15:00,15942.048952186362
2026-03-05 22:30:00,15942.048952186362
2026-03-05 22:45:00,15942.048952186362
2026-03-05 23:00:00,15942.048952186362
2026-03-05 23:15:00,15942.048952186362
2026-03-05 23:30:00,15942.048952186362
2026-03-05 23:45:00,15942.048952186362
2026-03-06 01:00:00,15942.048952186362
2026-03-06 01:15:00,15942.048952186362
2026-03-06 01:30:00,15942.048952186362
2026-03-06 01:45:00,15942.048952186362
2026-03-06 02:00:00,15942.048952186362
2026-03-06 02:15:00,15942.048952186362
2026-03-06 02:30:00,15942.048952186362
2026-03-06 02:45:00,15942.048952186362
2026-03-06 03:00:00,15942.048952186362
2026-03-06 03:15:00,15942.048952186362
2026-03-06 03:30:00,15942.048952186362
2026-03-06 03:45:00,15942.048952186362
2026-03-06 04:00:00,15942.048952186362
2026-03-06 04:15:00,15942.048952186362
2026-03-06 04:30:00,15942.048952186362
2026-03-06 04:45:00,15942.048952186362
2026-03-06 05:00:00,15942.048952186362
2026-03-06 05:15:00,15942.048952186362
2026-03-06 05:30:00,15942.048952186362
2026-03-06 05:45:00,15942.048952186362
2026-03-06 06:00:00,15942.048952186362
2026-03-06 06:15:00,15942.048952186362
2026-03-06 06:30:00,15942.048952186362
2026-03-06 06:45:00,15942.048952186362
2026-03-06 07:00:00,15942.048952186362
2026-03-06 07:15:00,15942.048952186362
2026-03-06 07:30:00,15942.048952186362
2026-03-06 07:45:00,15942.048952186362
2026-03-06 08:00:00,15942.048952186362
2026-03-06 08:15:00,15942.048952186362
2026-03-06 08:30:00,15942.048952186362
2026-03-06 08:45:00,15942.048952186362
2026-03-06 09:00:00,15942.048952186362
2026-03-06 09:15:00,15942.048952186362
2026-03-06 09:30:00,15942.048952186362
2026-03-06 09:45:00,15942.048952186362
2026-03-06 10:00:00,15942.048952186362
2026-03-06 10:15:00,15942.048952186362
2026-03-06 10:30:00,15942.048952186362
2026-03-06 10:45:00,15942.048952186362
2026-03-06 11:00:00,15942.048952186362
2026-03-06 11:15:00,15942.048952186362
2026-03-06 11:30:00,15942.048952186362
2026-03-06 11:45:00,15942.048952186362
2026-03-06 12:00:00,15942.048952186362
2026-03-06 12:15:00,15942.048952186362
2026-03-06 12:30:00,15942.048952186362
2026-03-06 12:45:00,15942.048952186362
2026-03-06 13:00:00,15942.048952186362
2026-03-06 13:15:00,15942.048952186362
2026-03-06 13:30:00,15942.048952186362
2026-03-06 13:45:00,15942.048952186362
2026-03-06 14:00:00,15942.048952186362
2026-03-06 14:15:00,15942.048952186362
2026-03-06 14:30:00,15942.048952186362
2026-03-06 14:45:00,15942.048952186362
2026-03-06 15:00:00,15942.048952186362
2026-03-06 15:15:00,15942.048952186362
2026-03-06 15:30:00,15942.048952186362
2026-03-06 15:45:00,15942.048952186362
2026-03-06 16:00:00,15942.048952186362
2026-03-06 16:15:00,15942.048952186362
2026-03-06 16:30:00,15942.048952186362
2026-03-06 16:45:00,15942.048952186362
2026-03-06 17:00:00,15942.048952186362
2026-03-06 17:15:00,15942.048952186362
2026-03-06 17:30:00,15942.048952186362
2026-03-06 17:45:00,15942.048952186362
2026-03-06 18:00:00,15942.048952186362
2026-03-06 18:15:00,15942.048952186362
2026-03-06 18:30:00,15942.048952186362
2026-03-06 18:45:00,15942.048952186362
2026-03-06 19:00:00,15942.048952186362
2026-03-06 19:15:00,15942.048952186362
2026-03-06 19:30:00,15942.048952186362
2026-03-06 19:45:00,15942.048952186362
2026-03-06 20:00:00,15942.048952186362
2026-03-06 20:15:00,15942.048952186362
2026-03-06 20:30:00,15942.048952186362
2026-03-06 20:45:00,15942.048952186362
2026-03-06 21:00:00,15942.048952186362
2026-03-06 21:15:00,15942.048952186362
2026-03-06 21:30:00,15942.048952186362
2026-03-06 21:45:00,15942.048952186362
2026-03-06 22:00:00,15942.048952186362
2026-03-06 22:15:00,15942.048952186362
2026-03-06 22:30:00,15942.048952186362
2026-03-06 22:45:00,15942.048952186362
2026-03-06 23:00:00,15942.048952186362
2026-03-06 23:15:00,15942.048952186362
2026-03-06 23:30:00,15942.048952186362
2026-03-06 23:45:00,15942.048952186362
2026-03-09 01:00:00,15942.048952186362
2026-03-09 01:15:00,15942.048952186362
2026-03-09 01:30:00,15942.048952186362
2026-03-09 01:45:00,15942.048952186362
2026-03-09 02:00:00,15942.048952186362
2026-03-09 02:15:00,15942.048952186362
2026-03-09 02:30:00,15942.048952186362
2026-03-09 02:45:00,15942.048952186362
2026-03-09 03:00:00,15942.048952186362
2026-03-09 03:15:00,15942.048952186362
2026-03-09 03:30:00,15942.048952186362
2026-03-09 03:45:00,15942.048952186362
2026-03-09 04:00:00,15942.048952186362
2026-03-09 04:15:00,15942.048952186362
2026-03-09 04:30:00,15942.048952186362
2026-03-09 04:45:00,15942.048952186362
2026-03-09 05:00:00,15942.048952186362
2026-03-09 05:15:00,15942.048952186362
2026-03-09 05:30:00,15942.048952186362
2026-03-09 05:45:00,15942.048952186362
2026-03-09 06:00:00,15942.048952186362
2026-03-09 06:15:00,15942.048952186362
2026-03-09 06:30:00,15942.048952186362
2026-03-09 06:45:00,15942.048952186362
2026-03-09 07:00:00,15942.048952186362
2026-03-09 07:15:00,15942.048952186362
2026-03-09 07:30:00,15942.048952186362
2026-03-09 07:45:00,15942.048952186362
2026-03-09 08:00:00,15942.048952186362
2026-03-09 08:15:00,15942.048952186362
2026-03-09 08:30:00,15942.048952186362
2026-03-09 08:45:00,15942.048952186362
2026-03-09 09:00:00,15942.048952186362
2026-03-09 09:15:00,15942.048952186362
2026-03-09 09:30:00,15942.048952186362
2026-03-09 09:45:00,15942.048952186362
2026-03-09 10:00:00,15942.048952186362
2026-03-09 10:15:00,15942.048952186362
2026-03-09 10:30:00,15942.048952186362
2026-03-09 10:45:00,15942.048952186362
2026-03-09 11:00:00,15942.048952186362
2026-03-09 11:15:00,15942.048952186362
2026-03-09 11:30:00,15942.048952186362
2026-03-09 11:45:00,15942.048952186362
2026-03-09 12:00:00,15942.048952186362
2026-03-09 12:15:00,15942.048952186362
2026-03-09 12:30:00,15942.048952186362
2026-03-09 12:45:00,15942.048952186362
2026-03-09 13:00:00,15942.048952186362
2026-03-09 13:15:00,15942.048952186362
2026-03-09 13:30:00,15942.048952186362
2026-03-09 13:45:00,15942.048952186362
2026-03-09 14:00:00,15942.048952186362
2026-03-09 14:15:00,15942.048952186362
2026-03-09 14:30:00,15942.048952186362
2026-03-09 14:45:00,15942.048952186362
2026-03-09 15:00:00,15942.048952186362
2026-03-09 15:15:00,15942.048952186362
2026-03-09 15:30:00,15942.048952186362
2026-03-09 15:45:00,15942.048952186362
2026-03-09 16:00:00,15942.048952186362
2026-03-09 16:15:00,15942.048952186362
2026-03-09 16:30:00,15942.048952186362
2026-03-09 16:45:00,15942.048952186362
2026-03-09 17:00:00,15942.048952186362
2026-03-09 17:15:00,15942.048952186362
2026-03-09 17:30:00,15942.048952186362
2026-03-09 17:45:00,15942.048952186362
2026-03-09 18:00:00,15942.048952186362
2026-03-09 18:15:00,15942.048952186362
2026-03-09 18:30:00,15942.048952186362
2026-03-09 18:45:00,15942.048952186362
2026-03-09 19:00:00,15942.048952186362
2026-03-09 19:15:00,15942.048952186362
2026-03-09 19:30:00,15942.048952186362
2026-03-09 19:45:00,15942.048952186362
2026-03-09 20:00:00,15942.048952186362
2026-03-09 20:15:00,15942.048952186362
2026-03-09 20:30:00,15942.048952186362
2026-03-09 20:45:00,15942.048952186362
2026-03-09 21:00:00,15942.048952186362
2026-03-09 21:15:00,15942.048952186362
2026-03-09 21:30:00,15942.048952186362
2026-03-09 21:45:00,15942.048952186362
2026-03-09 22:00:00,15942.048952186362
2026-03-09 22:15:00,15942.048952186362
2026-03-09 22:30:00,15942.048952186362
2026-03-09 22:45:00,15942.048952186362
2026-03-09 23:00:00,15942.048952186362
2026-03-09 23:15:00,15942.048952186362
2026-03-09 23:30:00,15942.048952186362
2026-03-09 23:45:00,15942.048952186362
2026-03-10 01:00:00,15942.048952186362
2026-03-10 01:15:00,15942.048952186362
2026-03-10 01:30:00,15942.048952186362
2026-03-10 01:45:00,15942.048952186362
2026-03-10 02:00:00,15942.048952186362
2026-03-10 02:15:00,15942.048952186362
2026-03-10 02:30:00,15942.048952186362
2026-03-10 02:45:00,15942.048952186362
2026-03-10 03:00:00,15942.048952186362
2026-03-10 03:15:00,15942.048952186362
2026-03-10 03:30:00,15942.048952186362
2026-03-10 03:45:00,15942.048952186362
2026-03-10 04:00:00,15942.048952186362
2026-03-10 04:15:00,15942.048952186362
2026-03-10 04:30:00,15942.048952186362
2026-03-10 04:45:00,15942.048952186362
2026-03-10 05:00:00,15942.048952186362
2026-03-10 05:15:00,15942.048952186362
2026-03-10 05:30:00,15942.048952186362
2026-03-10 05:45:00,15942.048952186362
2026-03-10 06:00:00,15942.048952186362
2026-03-10 06:15:00,15942.048952186362
2026-03-10 06:30:00,15942.048952186362
2026-03-10 06:45:00,15942.048952186362
2026-03-10 07:00:00,15942.048952186362
2026-03-10 07:15:00,15942.048952186362
2026-03-10 07:30:00,15942.048952186362
2026-03-10 07:45:00,15942.048952186362
2026-03-10 08:00:00,15942.048952186362
2026-03-10 08:15:00,15942.048952186362
2026-03-10 08:30:00,15942.048952186362
2026-03-10 08:45:00,15942.048952186362
2026-03-10 09:00:00,15942.048952186362
2026-03-10 09:15:00,15942.048952186362
2026-03-10 09:30:00,15942.048952186362
2026-03-10 09:45:00,15942.048952186362
2026-03-10 10:00:00,15942.048952186362
2026-03-10 10:15:00,15942.048952186362
2026-03-10 10:30:00,15942.048952186362
2026-03-10 10:45:00,15942.048952186362
2026-03-10 11:00:00,15942.048952186362
2026-03-10 11:15:00,15942.048952186362
2026-03-10 11:30:00,15942.048952186362
2026-03-10 11:45:00,15942.048952186362
2026-03-10 12:00:00,15942.048952186362
2026-03-10 12:15:00,15942.048952186362
2026-03-10 12:30:00,15942.048952186362
2026-03-10 12:45:00,15942.048952186362
2026-03-10 13:00:00,15942.048952186362
2026-03-10 13:15:00,15942.048952186362
2026-03-10 13:30:00,15942.048952186362
2026-03-10 13:45:00,15942.048952186362
2026-03-10 14:00:00,15942.048952186362
2026-03-10 14:15:00,15942.048952186362
2026-03-10 14:30:00,15942.048952186362
2026-03-10 14:45:00,15942.048952186362
2026-03-10 15:00:00,15942.048952186362
2026-03-10 15:15:00,15942.048952186362
2026-03-10 15:30:00,15942.048952186362
2026-03-10 15:45:00,15942.048952186362
2026-03-10 16:00:00,15942.048952186362
2026-03-10 16:15:00,15942.048952186362
2026-03-10 16:30:00,15942.048952186362
2026-03-10 16:45:00,15942.048952186362
2026-03-10 17:00:00,15942.048952186362
2026-03-10 17:15:00,15942.048952186362
2026-03-10 17:30:00,15942.048952186362
2026-03-10 17:45:00,15942.048952186362
2026-03-10 18:00:00,15942.048952186362
2026-03-10 18:15:00,15942.048952186362
2026-03-10 18:30:00,15942.048952186362
2026-03-10 18:45:00,15942.048952186362
2026-03-10 19:00:00,15942.048952186362
2026-03-10 19:15:00,15942.048952186362
2026-03-10 19:30:00,15942.048952186362
2026-03-10 19:45:00,15942.048952186362
2026-03-10 20:00:00,15942.048952186362
2026-03-10 20:15:00,15942.048952186362
2026-03-10 20:30:00,15942.048952186362
2026-03-10 20:45:00,15942.048952186362
2026-03-10 21:00:00,15942.048952186362
2026-03-10 21:15:00,15942.048952186362
2026-03-10 21:30:00,15942.048952186362
2026-03-10 21:45:00,15942.048952186362
2026-03-10 22:00:00,15942.048952186362
2026-03-10 22:15:00,15942.048952186362
2026-03-10 22:30:00,15942.048952186362
2026-03-10 22:45:00,15942.048952186362
2026-03-10 23:00:00,15942.048952186362
2026-03-10 23:15:00,15942.048952186362
2026-03-10 23:30:00,15942.048952186362
2026-03-10 23:45:00,15942.048952186362
2026-03-11 01:00:00,15942.048952186362
2026-03-11 01:15:00,15942.048952186362
2026-03-11 01:30:00,15942.048952186362
2026-03-11 01:45:00,15942.048952186362
2026-03-11 02:00:00,15942.048952186362
2026-03-11 02:15:00,15942.048952186362
2026-03-11 02:30:00,15942.048952186362
2026-03-11 02:45:00,15942.048952186362
2026-03-11 03:00:00,15942.048952186362
2026-03-11 03:15:00,15942.048952186362
2026-03-11 03:30:00,15942.048952186362
2026-03-11 03:45:00,15942.048952186362
2026-03-11 04:00:00,15942.048952186362
2026-03-11 04:15:00,15942.048952186362
2026-03-11 04:30:00,15942.048952186362
2026-03-11 04:45:00,15942.048952186362
2026-03-11 05:00:00,15942.048952186362
2026-03-11 05:15:00,15942.048952186362
2026-03-11 05:30:00,15942.048952186362
2026-03-11 05:45:00,15942.048952186362
2026-03-11 06:00:00,15942.048952186362
2026-03-11 06:15:00,15942.048952186362
2026-03-11 06:30:00,15942.048952186362
2026-03-11 06:45:00,15942.048952186362
2026-03-11 07:00:00,15942.048952186362
2026-03-11 07:15:00,15942.048952186362
2026-03-11 07:30:00,15942.048952186362
2026-03-11 07:45:00,15942.048952186362
2026-03-11 08:00:00,15942.048952186362
2026-03-11 08:15:00,15942.048952186362
2026-03-11 08:30:00,15942.048952186362
2026-03-11 08:45:00,15942.048952186362
2026-03-11 09:00:00,15942.048952186362
2026-03-11 09:15:00,15942.048952186362
2026-03-11 09:30:00,15942.048952186362
2026-03-11 09:45:00,15942.048952186362
2026-03-11 10:00:00,15942.048952186362
2026-03-11 10:15:00,15942.048952186362
2026-03-11 10:30:00,15942.048952186362
2026-03-11 10:45:00,15942.048952186362
2026-03-11 11:00:00,15942.048952186362
2026-03-11 11:15:00,15942.048952186362
2026-03-11 11:30:00,15942.048952186362
2026-03-11 11:45:00,15942.048952186362
2026-03-11 12:00:00,15942.048952186362
2026-03-11 12:15:00,15942.048952186362
2026-03-11 12:30:00,15942.048952186362
2026-03-11 12:45:00,15942.048952186362
2026-03-11 13:00:00,15942.048952186362
2026-03-11 13:15:00,15942.048952186362
2026-03-11 13:30:00,15942.048952186362
2026-03-11 13:45:00,15942.048952186362
2026-03-11 14:00:00,15942.048952186362
2026-03-11 14:15:00,15942.048952186362
2026-03-11 14:30:00,15942.048952186362
2026-03-11 14:45:00,15942.048952186362
2026-03-11 15:00:00,15942.048952186362
2026-03-11 15:15:00,15942.048952186362
2026-03-11 15:30:00,15942.048952186362
2026-03-11 15:45:00,15942.048952186362
2026-03-11 16:00:00,15942.048952186362
2026-03-11 16:15:00,15942.048952186362
2026-03-11 16:30:00,15942.048952186362
2026-03-11 16:45:00,15942.048952186362
2026-03-11 17:00:00,15942.048952186362
2026-03-11 17:15:00,15942.048952186362
2026-03-11 17:30:00,15942.048952186362
2026-03-11 17:45:00,15942.048952186362
2026-03-11 18:00:00,15942.048952186362
2026-03-11 18:15:00,15942.048952186362
2026-03-11 18:30:00,15942.048952186362
2026-03-11 18:45:00,15942.048952186362
2026-03-11 19:00:00,15942.048952186362
2026-03-11 19:15:00,15942.048952186362
2026-03-11 19:30:00,15942.048952186362
2026-03-11 19:45:00,15942.048952186362
2026-03-11 20:00:00,15942.048952186362
2026-03-11 20:15:00,15942.048952186362
2026-03-11 20:30:00,15942.048952186362
2026-03-11 20:45:00,15942.048952186362
2026-03-11 21:00:00,15942.048952186362
2026-03-11 21:15:00,15942.048952186362
2026-03-11 21:30:00,15942.048952186362
2026-03-11 21:45:00,15942.048952186362
2026-03-11 22:00:00,15942.048952186362
2026-03-11 22:15:00,15942.048952186362
2026-03-11 22:30:00,15942.048952186362
2026-03-11 22:45:00,15942.048952186362
2026-03-11 23:00:00,15942.048952186362
2026-03-11 23:15:00,15942.048952186362
2026-03-11 23:30:00,15942.048952186362
2026-03-11 23:45:00,15942.048952186362
2026-03-12 01:00:00,15942.048952186362
2026-03-12 01:15:00,15942.048952186362
2026-03-12 01:30:00,15942.048952186362
2026-03-12 01:45:00,15942.048952186362
2026-03-12 02:00:00,15942.048952186362
2026-03-12 02:15:00,15942.048952186362
2026-03-12 02:30:00,15942.048952186362
2026-03-12 02:45:00,15942.048952186362
2026-03-12 03:00:00,15942.048952186362
2026-03-12 03:15:00,15942.048952186362
2026-03-12 03:30:00,15942.048952186362
2026-03-12 03:45:00,15942.048952186362
2026-03-12 04:00:00,15942.048952186362
2026-03-12 04:15:00,15942.048952186362
2026-03-12 04:30:00,15942.048952186362
2026-03-12 04:45:00,15942.048952186362
2026-03-12 05:00:00,15942.048952186362
2026-03-12 05:15:00,15942.048952186362
2026-03-12 05:30:00,15942.048952186362
2026-03-12 05:45:00,15942.048952186362
2026-03-12 06:00:00,15942.048952186362
2026-03-12 06:15:00,15942.048952186362
2026-03-12 06:30:00,15942.048952186362
2026-03-12 06:45:00,15942.048952186362
2026-03-12 07:00:00,15942.048952186362
2026-03-12 07:15:00,15942.048952186362
2026-03-12 07:30:00,15942.048952186362
2026-03-12 07:45:00,15942.048952186362
2026-03-12 08:00:00,15942.048952186362
2026-03-12 08:15:00,15942.048952186362
2026-03-12 08:30:00,15942.048952186362
2026-03-12 08:45:00,15942.048952186362
2026-03-12 09:00:00,15942.048952186362
2026-03-12 09:15:00,15942.048952186362
2026-03-12 09:30:00,15942.048952186362
2026-03-12 09:45:00,15942.048952186362
2026-03-12 10:00:00,15942.048952186362
2026-03-12 10:15:00,15942.048952186362
2026-03-12 10:30:00,15942.048952186362
2026-03-12 10:45:00,15942.048952186362
2026-03-12 11:00:00,15942.048952186362
2026-03-12 11:15:00,15942.048952186362
2026-03-12 11:30:00,15942.048952186362
2026-03-12 11:45:00,15942.048952186362
2026-03-12 12:00:00,15942.048952186362
2026-03-12 12:15:00,15942.048952186362
2026-03-12 12:30:00,15942.048952186362
2026-03-12 12:45:00,15942.048952186362
2026-03-12 13:00:00,15942.048952186362
2026-03-12 13:15:00,15942.048952186362
2026-03-12 13:30:00,15942.048952186362
2026-03-12 13:45:00,15942.048952186362
2026-03-12 14:00:00,15942.048952186362
2026-03-12 14:15:00,15942.048952186362
2026-03-12 14:30:00,15942.048952186362
2026-03-12 14:45:00,15942.048952186362
2026-03-12 15:00:00,15942.048952186362
2026-03-12 15:15:00,15942.048952186362
2026-03-12 15:30:00,15942.048952186362
2026-03-12 15:45:00,15942.048952186362
2026-03-12 16:00:00,15942.048952186362
2026-03-12 16:15:00,15942.048952186362
2026-03-12 16:30:00,15942.048952186362
2026-03-12 16:45:00,15942.048952186362
2026-03-12 17:00:00,15942.048952186362
2026-03-12 17:15:00,15942.048952186362
2026-03-12 17:30:00,15942.048952186362
2026-03-12 17:45:00,15942.048952186362
2026-03-12 18:00:00,15942.048952186362
2026-03-12 18:15:00,15942.048952186362
2026-03-12 18:30:00,15942.048952186362
2026-03-12 18:45:00,15942.048952186362
2026-03-12 19:00:00,15942.048952186362
2026-03-12 19:15:00,15942.048952186362
2026-03-12 19:30:00,15942.048952186362
2026-03-12 19:45:00,15942.048952186362
2026-03-12 20:00:00,15942.048952186362
2026-03-12 20:15:00,15942.048952186362
2026-03-12 20:30:00,15942.048952186362
2026-03-12 20:45:00,15942.048952186362
2026-03-12 21:00:00,15942.048952186362
2026-03-12 21:15:00,15942.048952186362
2026-03-12 21:30:00,15942.048952186362
2026-03-12 21:45:00,15942.048952186362
2026-03-12 22:00:00,15942.048952186362
2026-03-12 22:15:00,15942.048952186362
2026-03-12 22:30:00,15942.048952186362
2026-03-12 22:45:00,15942.048952186362
2026-03-12 23:00:00,15942.048952186362
2026-03-12 23:15:00,15942.048952186362
2026-03-12 23:30:00,15942.048952186362
2026-03-12 23:45:00,15942.048952186362
2026-03-13 01:00:00,15942.048952186362
2026-03-13 01:15:00,15942.048952186362
2026-03-13 01:30:00,15942.048952186362
2026-03-13 01:45:00,15942.048952186362
2026-03-13 02:00:00,15942.048952186362
2026-03-13 02:15:00,15942.048952186362
2026-03-13 02:30:00,15942.048952186362
2026-03-13 02:45:00,15942.048952186362
2026-03-13 03:00:00,15942.048952186362
2026-03-13 03:15:00,15942.048952186362
2026-03-13 03:30:00,15942.048952186362
2026-03-13 03:45:00,15942.048952186362
2026-03-13 04:00:00,15942.048952186362
2026-03-13 04:15:00,15942.048952186362
2026-03-13 04:30:00,15942.048952186362
2026-03-13 04:45:00,15942.048952186362
2026-03-13 05:00:00,15942.048952186362
2026-03-13 05:15:00,15942.048952186362
2026-03-13 05:30:00,15942.048952186362
2026-03-13 05:45:00,15942.048952186362
2026-03-13 06:00:00,15942.048952186362
2026-03-13 06:15:00,15942.048952186362
2026-03-13 06:30:00,15942.048952186362
2026-03-13 06:45:00,15942.048952186362
2026-03-13 07:00:00,15942.048952186362
2026-03-13 07:15:00,15942.048952186362
2026-03-13 07:30:00,15942.048952186362
2026-03-13 07:45:00,15942.048952186362
2026-03-13 08:00:00,15942.048952186362
2026-03-13 08:15:00,15942.048952186362
2026-03-13 08:30:00,15942.048952186362
2026-03-13 08:45:00,15942.048952186362
2026-03-13 09:00:00,15942.048952186362
2026-03-13 09:15:00,15942.048952186362
2026-03-13 09:30:00,15942.048952186362
2026-03-13 09:45:00,15942.048952186362
2026-03-13 10:00:00,15942.048952186362
2026-03-13 10:15:00,15942.048952186362
2026-03-13 10:30:00,15942.048952186362
2026-03-13 10:45:00,15942.048952186362
2026-03-13 11:00:00,15942.048952186362
2026-03-13 11:15:00,15942.048952186362
2026-03-13 11:30:00,15942.048952186362
2026-03-13 11:45:00,15942.048952186362
2026-03-13 12:00:00,15942.048952186362
2026-03-13 12:15:00,15942.048952186362
2026-03-13 12:30:00,15942.048952186362
2026-03-13 12:45:00,15942.048952186362
2026-03-13 13:00:00,15942.048952186362
2026-03-13 13:15:00,15942.048952186362
2026-03-13 13:30:00,15942.048952186362
2026-03-13 13:45:00,15942.048952186362
2026-03-13 14:00:00,15942.048952186362
2026-03-13 14:15:00,15942.048952186362
2026-03-13 14:30:00,15942.048952186362
2026-03-13 14:45:00,15942.048952186362
2026-03-13 15:00:00,15942.048952186362
2026-03-13 15:15:00,15942.048952186362
2026-03-13 15:30:00,15942.048952186362
2026-03-13 15:45:00,15942.048952186362
2026-03-13 16:00:00,15942.048952186362
2026-03-13 16:15:00,15942.048952186362
2026-03-13 16:30:00,15942.048952186362
2026-03-13 16:45:00,15942.048952186362
2026-03-13 17:00:00,15942.048952186362
2026-03-13 17:15:00,15942.048952186362
2026-03-13 17:30:00,15942.048952186362
2026-03-13 17:45:00,15942.048952186362
2026-03-13 18:00:00,15942.048952186362
2026-03-13 18:15:00,15942.048952186362
2026-03-13 18:30:00,15942.048952186362
2026-03-13 18:45:00,15942.048952186362
2026-03-13 19:00:00,15942.048952186362
2026-03-13 19:15:00,15942.048952186362
2026-03-13 19:30:00,15942.048952186362
2026-03-13 19:45:00,15942.048952186362
2026-03-13 20:00:00,15942.048952186362
2026-03-13 20:15:00,15942.048952186362
2026-03-13 20:30:00,15942.048952186362
2026-03-13 20:45:00,15942.048952186362
2026-03-13 21:00:00,15942.048952186362
2026-03-13 21:15:00,15942.048952186362
2026-03-13 21:30:00,15942.048952186362
2026-03-13 21:45:00,15942.048952186362
2026-03-13 22:00:00,15942.048952186362
2026-03-13 22:15:00,15942.048952186362
2026-03-13 22:30:00,15942.048952186362
2026-03-13 22:45:00,15942.048952186362
2026-03-13 23:00:00,15942.048952186362
2026-03-13 23:15:00,15942.048952186362
2026-03-13 23:30:00,15942.048952186362
2026-03-13 23:45:00,15942.048952186362
2026-03-16 01:00:00,15942.048952186362
2026-03-16 01:15:00,15942.048952186362
2026-03-16 01:30:00,15942.048952186362
2026-03-16 01:45:00,15942.048952186362
2026-03-16 02:00:00,15942.048952186362
2026-03-16 02:15:00,15942.048952186362
2026-03-16 02:30:00,15942.048952186362
2026-03-16 02:45:00,15942.048952186362
2026-03-16 03:00:00,15942.048952186362
2026-03-16 03:15:00,15942.048952186362
2026-03-16 03:30:00,15942.048952186362
2026-03-16 03:45:00,15942.048952186362
2026-03-16 04:00:00,15942.048952186362
2026-03-16 04:15:00,15942.048952186362
2026-03-16 04:30:00,15942.048952186362
2026-03-16 04:45:00,15942.048952186362
2026-03-16 05:00:00,15942.048952186362
2026-03-16 05:15:00,15942.048952186362
2026-03-16 05:30:00,15942.048952186362
2026-03-16 05:45:00,15942.048952186362
2026-03-16 06:00:00,15942.048952186362
2026-03-16 06:15:00,15942.048952186362
2026-03-16 06:30:00,15942.048952186362
2026-03-16 06:45:00,15942.048952186362
2026-03-16 07:00:00,15942.048952186362
2026-03-16 07:15:00,15942.048952186362
2026-03-16 07:30:00,15942.048952186362
2026-03-16 07:45:00,15942.048952186362
2026-03-16 08:00:00,15942.048952186362
2026-03-16 08:15:00,15942.048952186362
2026-03-16 08:30:00,15942.048952186362
2026-03-16 08:45:00,15942.048952186362
2026-03-16 09:00:00,15942.048952186362
2026-03-16 09:15:00,15942.048952186362
2026-03-16 09:30:00,15942.048952186362
2026-03-16 09:45:00,15942.048952186362
2026-03-16 10:00:00,15942.048952186362
2026-03-16 10:15:00,15942.048952186362
2026-03-16 10:30:00,15942.048952186362
2026-03-16 10:45:00,15942.048952186362
2026-03-16 11:00:00,15942.048952186362
2026-03-16 11:15:00,15942.048952186362
2026-03-16 11:30:00,15942.048952186362
2026-03-16 11:45:00,15942.048952186362
2026-03-16 12:00:00,15942.048952186362
2026-03-16 12:15:00,15942.048952186362
2026-03-16 12:30:00,15942.048952186362
2026-03-16 12:45:00,15942.048952186362
2026-03-16 13:00:00,15942.048952186362
2026-03-16 13:15:00,15942.048952186362
2026-03-16 13:30:00,15942.048952186362
2026-03-16 13:45:00,15942.048952186362
2026-03-16 14:00:00,15942.048952186362
2026-03-16 14:15:00,15942.048952186362
2026-03-16 14:30:00,15942.048952186362
2026-03-16 14:45:00,15942.048952186362
2026-03-16 15:00:00,15942.048952186362
2026-03-16 15:15:00,15942.048952186362
2026-03-16 15:30:00,15942.048952186362
2026-03-16 15:45:00,15942.048952186362
2026-03-16 16:00:00,15942.048952186362
2026-03-16 16:15:00,15942.048952186362
2026-03-16 16:30:00,15942.048952186362
2026-03-16 16:45:00,15942.048952186362
2026-03-16 17:00:00,15942.048952186362
2026-03-16 17:15:00,15942.048952186362
2026-03-16 17:30:00,15942.048952186362
2026-03-16 17:45:00,15942.048952186362
2026-03-16 18:00:00,15942.048952186362
2026-03-16 18:15:00,15942.048952186362
2026-03-16 18:30:00,15942.048952186362
2026-03-16 18:45:00,15942.048952186362
2026-03-16 19:00:00,15942.048952186362
2026-03-16 19:15:00,15942.048952186362
2026-03-16 19:30:00,15942.048952186362
2026-03-16 19:45:00,15942.048952186362
2026-03-16 20:00:00,15942.048952186362
2026-03-16 20:15:00,15942.048952186362
2026-03-16 20:30:00,15942.048952186362
2026-03-16 20:45:00,15942.048952186362
2026-03-16 21:00:00,15942.048952186362
2026-03-16 21:15:00,15942.048952186362
2026-03-16 21:30:00,15942.048952186362
2026-03-16 21:45:00,15942.048952186362
2026-03-16 22:00:00,15942.048952186362
2026-03-16 22:15:00,15942.048952186362
2026-03-16 22:30:00,15942.048952186362
2026-03-16 22:45:00,15942.048952186362
2026-03-16 23:00:00,15942.048952186362
2026-03-16 23:15:00,15942.048952186362
2026-03-16 23:30:00,15942.048952186362
2026-03-16 23:45:00,15942.048952186362
2026-03-17 01:00:00,15942.048952186362
2026-03-17 01:15:00,15942.048952186362
2026-03-17 01:30:00,15942.048952186362
2026-03-17 01:45:00,15942.048952186362
2026-03-17 02:00:00,15942.048952186362
2026-03-17 02:15:00,15942.048952186362
2026-03-17 02:30:00,15942.048952186362
2026-03-17 02:45:00,15942.048952186362
2026-03-17 03:00:00,15942.048952186362
2026-03-17 03:15:00,15942.048952186362
2026-03-17 03:30:00,15942.048952186362
2026-03-17 03:45:00,15942.048952186362
2026-03-17 04:00:00,15942.048952186362
2026-03-17 04:15:00,15942.048952186362
2026-03-17 04:30:00,15942.048952186362
2026-03-17 04:45:00,15942.048952186362
2026-03-17 05:00:00,15942.048952186362
2026-03-17 05:15:00,15942.048952186362
2026-03-17 05:30:00,15942.048952186362
2026-03-17 05:45:00,15942.048952186362
2026-03-17 06:00:00,15942.048952186362
2026-03-17 06:15:00,15942.048952186362
2026-03-17 06:30:00,15942.048952186362
2026-03-17 06:45:00,15942.048952186362
2026-03-17 07:00:00,15942.048952186362
2026-03-17 07:15:00,15942.048952186362
2026-03-17 07:30:00,15942.048952186362
2026-03-17 07:45:00,15942.048952186362
2026-03-17 08:00:00,15942.048952186362
2026-03-17 08:15:00,15942.048952186362
2026-03-17 08:30:00,15942.048952186362
2026-03-17 08:45:00,15942.048952186362
2026-03-17 09:00:00,15942.048952186362
2026-03-17 09:15:00,15942.048952186362
2026-03-17 09:30:00,15942.048952186362
2026-03-17 09:45:00,15942.048952186362
2026-03-17 10:00:00,15942.048952186362
2026-03-17 10:15:00,15942.048952186362
2026-03-17 10:30:00,15942.048952186362
2026-03-17 10:45:00,15942.048952186362
2026-03-17 11:00:00,15942.048952186362
2026-03-17 11:15:00,15942.048952186362
2026-03-17 11:30:00,15942.048952186362
2026-03-17 11:45:00,15942.048952186362
2026-03-17 12:00:00,15942.048952186362
2026-03-17 12:15:00,15942.048952186362
2026-03-17 12:30:00,15942.048952186362
2026-03-17 12:45:00,15942.048952186362
2026-03-17 13:00:00,15942.048952186362
2026-03-17 13:15:00,15942.048952186362
2026-03-17 13:30:00,15942.048952186362
2026-03-17 13:45:00,15942.048952186362
2026-03-17 14:00:00,15942.048952186362
2026-03-17 14:15:00,15942.048952186362
2026-03-17 14:30:00,15942.048952186362
2026-03-17 14:45:00,15942.048952186362
2026-03-17 15:00:00,15942.048952186362
2026-03-17 15:15:00,15942.048952186362
2026-03-17 15:30:00,15942.048952186362
2026-03-17 15:45:00,15942.048952186362
2026-03-17 16:00:00,15942.048952186362
2026-03-17 16:15:00,15942.048952186362
2026-03-17 16:30:00,15942.048952186362
2026-03-17 16:45:00,15942.048952186362
2026-03-17 17:00:00,15942.048952186362
2026-03-17 17:15:00,15942.048952186362
2026-03-17 17:30:00,15942.048952186362
2026-03-17 17:45:00,15942.048952186362
2026-03-17 18:00:00,15942.048952186362
2026-03-17 18:15:00,15942.048952186362
2026-03-17 18:30:00,15942.048952186362
2026-03-17 18:45:00,15942.048952186362
2026-03-17 19:00:00,15942.048952186362
2026-03-17 19:15:00,15942.048952186362
2026-03-17 19:30:00,15942.048952186362
2026-03-17 19:45:00,15942.048952186362
2026-03-17 20:00:00,15942.048952186362
2026-03-17 20:15:00,15942.048952186362
2026-03-17 20:30:00,15942.048952186362
2026-03-17 20:45:00,15942.048952186362
2026-03-17 21:00:00,15942.048952186362
2026-03-17 21:15:00,15942.048952186362
2026-03-17 21:30:00,15942.048952186362
2026-03-17 21:45:00,15942.048952186362
2026-03-17 22:00:00,15942.048952186362
2026-03-17 22:15:00,15942.048952186362
2026-03-17 22:30:00,15942.048952186362
2026-03-17 22:45:00,15942.048952186362
2026-03-17 23:00:00,15942.048952186362
2026-03-17 23:15:00,15942.048952186362
2026-03-17 23:30:00,15942.048952186362
2026-03-17 23:45:00,15942.048952186362
2026-03-18 01:00:00,15942.048952186362
2026-03-18 01:15:00,15942.048952186362
2026-03-18 01:30:00,15942.048952186362
2026-03-18 01:45:00,15942.048952186362
2026-03-18 02:00:00,15942.048952186362
2026-03-18 02:15:00,15942.048952186362
2026-03-18 02:30:00,15942.048952186362
2026-03-18 02:45:00,15942.048952186362
2026-03-18 03:00:00,15942.048952186362
2026-03-18 03:15:00,15942.048952186362
2026-03-18 03:30:00,15942.048952186362
2026-03-18 03:45:00,15942.048952186362
2026-03-18 04:00:00,15942.048952186362
2026-03-18 04:15:00,15942.048952186362
2026-03-18 04:30:00,15942.048952186362
2026-03-18 04:45:00,15942.048952186362
2026-03-18 05:00:00,15942.048952186362
2026-03-18 05:15:00,15942.048952186362
2026-03-18 05:30:00,15942.048952186362
2026-03-18 05:45:00,15942.048952186362
2026-03-18 06:00:00,15942.048952186362
2026-03-18 06:15:00,15942.048952186362
2026-03-18 06:30:00,15942.048952186362
2026-03-18 06:45:00,15942.048952186362
2026-03-18 07:00:00,15942.048952186362
2026-03-18 07:15:00,15942.048952186362
2026-03-18 07:30:00,15942.048952186362
2026-03-18 07:45:00,15942.048952186362
2026-03-18 08:00:00,15942.048952186362
2026-03-18 08:15:00,15942.048952186362
2026-03-18 08:30:00,15942.048952186362
2026-03-18 08:45:00,15942.048952186362
2026-03-18 09:00:00,15942.048952186362
2026-03-18 09:15:00,15942.048952186362
2026-03-18 09:30:00,15942.048952186362
2026-03-18 09:45:00,15942.048952186362
2026-03-18 10:00:00,15942.048952186362
2026-03-18 10:15:00,15942.048952186362
2026-03-18 10:30:00,15942.048952186362
2026-03-18 10:45:00,15942.048952186362
2026-03-18 11:00:00,15942.048952186362
2026-03-18 11:15:00,15942.048952186362
2026-03-18 11:30:00,15942.048952186362
2026-03-18 11:45:00,15942.048952186362
2026-03-18 12:00:00,15942.048952186362
2026-03-18 12:15:00,15942.048952186362
2026-03-18 12:30:00,15942.048952186362
2026-03-18 12:45:00,15942.048952186362
2026-03-18 13:00:00,15942.048952186362
2026-03-18 13:15:00,15942.048952186362
2026-03-18 13:30:00,15942.048952186362
2026-03-18 13:45:00,15942.048952186362
2026-03-18 14:00:00,15942.048952186362
2026-03-18 14:15:00,15942.048952186362
2026-03-18 14:30:00,15942.048952186362
2026-03-18 14:45:00,15942.048952186362
2026-03-18 15:00:00,15942.048952186362
2026-03-18 15:15:00,15942.048952186362
2026-03-18 15:30:00,15942.048952186362
2026-03-18 15:45:00,15942.048952186362
2026-03-18 16:00:00,15942.048952186362
2026-03-18 16:15:00,15942.048952186362
2026-03-18 16:30:00,15942.048952186362
2026-03-18 16:45:00,15942.048952186362
2026-03-18 17:00:00,15942.048952186362
2026-03-18 17:15:00,15942.048952186362
2026-03-18 17:30:00,15942.048952186362
2026-03-18 17:45:00,15942.048952186362
2026-03-18 18:00:00,15942.048952186362
2026-03-18 18:15:00,15942.048952186362
2026-03-18 18:30:00,15942.048952186362
2026-03-18 18:45:00,15942.048952186362
2026-03-18 19:00:00,15942.048952186362
2026-03-18 19:15:00,15942.048952186362
2026-03-18 19:30:00,15942.048952186362
2026-03-18 19:45:00,15942.048952186362
2026-03-18 20:00:00,15942.048952186362
2026-03-18 20:15:00,15942.048952186362
2026-03-18 20:30:00,15942.048952186362
2026-03-18 20:45:00,15942.048952186362
2026-03-18 21:00:00,15942.048952186362
2026-03-18 21:15:00,15942.048952186362
2026-03-18 21:30:00,15942.048952186362
2026-03-18 21:45:00,15942.048952186362
2026-03-18 22:00:00,15942.048952186362
2026-03-18 22:15:00,15942.048952186362
2026-03-18 22:30:00,15942.048952186362
2026-03-18 22:45:00,15942.048952186362
2026-03-18 23:00:00,15942.048952186362
2026-03-18 23:15:00,15942.048952186362
2026-03-18 23:30:00,15942.048952186362
2026-03-18 23:45:00,15942.048952186362
2026-03-19 01:00:00,15942.048952186362
2026-03-19 01:15:00,15942.048952186362
2026-03-19 01:30:00,15942.048952186362
2026-03-19 01:45:00,15942.048952186362
2026-03-19 02:00:00,15942.048952186362
2026-03-19 02:15:00,15942.048952186362
2026-03-19 02:30:00,15942.048952186362
2026-03-19 02:45:00,15942.048952186362
2026-03-19 03:00:00,15942.048952186362
2026-03-19 03:15:00,15942.048952186362
2026-03-19 03:30:00,15942.048952186362
2026-03-19 03:45:00,15942.048952186362
2026-03-19 04:00:00,15942.048952186362
2026-03-19 04:15:00,15942.048952186362
2026-03-19 04:30:00,15942.048952186362
2026-03-19 04:45:00,15942.048952186362
2026-03-19 05:00:00,15942.048952186362
2026-03-19 05:15:00,15942.048952186362
2026-03-19 05:30:00,15942.048952186362
2026-03-19 05:45:00,15942.048952186362
2026-03-19 06:00:00,15942.048952186362
2026-03-19 06:15:00,15942.048952186362
2026-03-19 06:30:00,15942.048952186362
2026-03-19 06:45:00,15942.048952186362
2026-03-19 07:00:00,15942.048952186362
2026-03-19 07:15:00,15942.048952186362
2026-03-19 07:30:00,15942.048952186362
2026-03-19 07:45:00,15942.048952186362
2026-03-19 08:00:00,15942.048952186362
2026-03-19 08:15:00,15942.048952186362
2026-03-19 08:30:00,15942.048952186362
2026-03-19 08:45:00,15942.048952186362
2026-03-19 09:00:00,15942.048952186362
2026-03-19 09:15:00,15942.048952186362
2026-03-19 09:30:00,15942.048952186362
2026-03-19 09:45:00,15942.048952186362
2026-03-19 10:00:00,15942.048952186362
2026-03-19 10:15:00,15942.048952186362
2026-03-19 10:30:00,15942.048952186362
2026-03-19 10:45:00,15942.048952186362
2026-03-19 11:00:00,15942.048952186362
2026-03-19 11:15:00,15942.048952186362
2026-03-19 11:30:00,15942.048952186362
2026-03-19 11:45:00,15942.048952186362
2026-03-19 12:00:00,15942.048952186362
2026-03-19 12:15:00,15942.048952186362
2026-03-19 12:30:00,15942.048952186362
2026-03-19 12:45:00,15942.048952186362
2026-03-19 13:00:00,15942.048952186362
2026-03-19 13:15:00,15942.048952186362
2026-03-19 13:30:00,15942.048952186362
2026-03-19 13:45:00,15942.048952186362
2026-03-19 14:00:00,15942.048952186362
2026-03-19 14:15:00,15942.048952186362
2026-03-19 14:30:00,15942.048952186362
2026-03-19 14:45:00,15942.048952186362
2026-03-19 15:00:00,15942.048952186362
2026-03-19 15:15:00,15942.048952186362
2026-03-19 15:30:00,15942.048952186362
2026-03-19 15:45:00,15942.048952186362
2026-03-19 16:00:00,15942.048952186362
2026-03-19 16:15:00,15942.048952186362
2026-03-19 16:30:00,15942.048952186362
2026-03-19 16:45:00,15942.048952186362
2026-03-19 17:00:00,15942.048952186362
2026-03-19 17:15:00,15942.048952186362
2026-03-19 17:30:00,15942.048952186362
2026-03-19 17:45:00,15942.048952186362
2026-03-19 18:00:00,15942.048952186362
2026-03-19 18:15:00,15942.048952186362
2026-03-19 18:30:00,15942.048952186362
2026-03-19 18:45:00,15942.048952186362
2026-03-19 19:00:00,15942.048952186362
2026-03-19 19:15:00,15942.048952186362
2026-03-19 19:30:00,15942.048952186362
2026-03-19 19:45:00,15942.048952186362
2026-03-19 20:00:00,15942.048952186362
2026-03-19 20:15:00,15942.048952186362
2026-03-19 20:30:00,15942.048952186362
2026-03-19 20:45:00,15942.048952186362
2026-03-19 21:00:00,15942.048952186362
2026-03-19 21:15:00,15942.048952186362
2026-03-19 21:30:00,15942.048952186362
2026-03-19 21:45:00,15942.048952186362
2026-03-19 22:00:00,15942.048952186362
2026-03-19 22:15:00,15942.048952186362
2026-03-19 22:30:00,15942.048952186362
2026-03-19 22:45:00,15942.048952186362
2026-03-19 23:00:00,15942.048952186362
2026-03-19 23:15:00,15942.048952186362
2026-03-19 23:30:00,15942.048952186362
2026-03-19 23:45:00,15942.048952186362
2026-03-20 01:00:00,15942.048952186362
2026-03-20 01:15:00,15942.048952186362
2026-03-20 01:30:00,15942.048952186362
2026-03-20 01:45:00,15942.048952186362
2026-03-20 02:00:00,15942.048952186362
2026-03-20 02:15:00,15942.048952186362
2026-03-20 02:30:00,15942.048952186362
2026-03-20 02:45:00,15942.048952186362
2026-03-20 03:00:00,15942.048952186362
2026-03-20 03:15:00,15942.048952186362
2026-03-20 03:30:00,15942.048952186362
2026-03-20 03:45:00,15942.048952186362
2026-03-20 04:00:00,15942.048952186362
2026-03-20 04:15:00,15942.048952186362
2026-03-20 04:30:00,15942.048952186362
2026-03-20 04:45:00,15942.048952186362
2026-03-20 05:00:00,15942.048952186362
2026-03-20 05:15:00,15942.048952186362
2026-03-20 05:30:00,15942.048952186362
2026-03-20 05:45:00,15942.048952186362
2026-03-20 06:00:00,15942.048952186362
2026-03-20 06:15:00,15942.048952186362
2026-03-20 06:30:00,15942.048952186362
2026-03-20 06:45:00,15942.048952186362
2026-03-20 07:00:00,15942.048952186362
2026-03-20 07:15:00,15942.048952186362
2026-03-20 07:30:00,15942.048952186362
2026-03-20 07:45:00,15942.048952186362
2026-03-20 08:00:00,15942.048952186362
2026-03-20 08:15:00,15942.048952186362
2026-03-20 08:30:00,15942.048952186362
2026-03-20 08:45:00,15942.048952186362
2026-03-20 09:00:00,15942.048952186362
2026-03-20 09:15:00,15942.048952186362
2026-03-20 09:30:00,15942.048952186362
2026-03-20 09:45:00,15942.048952186362
2026-03-20 10:00:00,15942.048952186362
2026-03-20 10:15:00,15942.048952186362
2026-03-20 10:30:00,15942.048952186362
2026-03-20 10:45:00,15942.048952186362
2026-03-20 11:00:00,15942.048952186362
2026-03-20 11:15:00,15942.048952186362
2026-03-20 11:30:00,15942.048952186362
2026-03-20 11:45:00,15942.048952186362
2026-03-20 12:00:00,15942.048952186362
2026-03-20 12:15:00,15942.048952186362
2026-03-20 12:30:00,15942.048952186362
2026-03-20 12:45:00,15942.048952186362
2026-03-20 13:00:00,15942.048952186362
2026-03-20 13:15:00,15942.048952186362
2026-03-20 13:30:00,15942.048952186362
2026-03-20 13:45:00,15942.048952186362
2026-03-20 14:00:00,15942.048952186362
2026-03-20 14:15:00,15942.048952186362
2026-03-20 14:30:00,15942.048952186362
2026-03-20 14:45:00,15942.048952186362
2026-03-20 15:00:00,15942.048952186362
2026-03-20 15:15:00,15942.048952186362
2026-03-20 15:30:00,15942.048952186362
2026-03-20 15:45:00,15942.048952186362
2026-03-20 16:00:00,15942.048952186362
2026-03-20 16:15:00,15942.048952186362
2026-03-20 16:30:00,15942.048952186362
2026-03-20 16:45:00,15942.048952186362
2026-03-20 17:00:00,15942.048952186362
2026-03-20 17:15:00,15942.048952186362
2026-03-20 17:30:00,15942.048952186362
2026-03-20 17:45:00,15942.048952186362
2026-03-20 18:00:00,15942.048952186362
2026-03-20 18:15:00,15942.048952186362
2026-03-20 18:30:00,15942.048952186362
2026-03-20 18:45:00,15942.048952186362
2026-03-20 19:00:00,15942.048952186362
2026-03-20 19:15:00,15942.048952186362
2026-03-20 19:30:00,15942.048952186362
2026-03-20 19:45:00,15942.048952186362
2026-03-20 20:00:00,15942.048952186362
2026-03-20 20:15:00,15942.048952186362
2026-03-20 20:30:00,15942.048952186362
2026-03-20 20:45:00,15942.048952186362
2026-03-20 21:00:00,15942.048952186362
2026-03-20 21:15:00,15942.048952186362
2026-03-20 21:30:00,15942.048952186362
2026-03-20 21:45:00,15942.048952186362
2026-03-20 22:00:00,15942.048952186362
2026-03-20 22:15:00,15942.048952186362
2026-03-20 22:30:00,15942.048952186362
2026-03-20 22:45:00,15942.048952186362
2026-03-20 23:00:00,15942.048952186362
2026-03-20 23:15:00,15942.048952186362
2026-03-20 23:30:00,15942.048952186362
2026-03-20 23:45:00,15942.048952186362
2026-03-23 01:00:00,15942.048952186362
2026-03-23 01:15:00,15942.048952186362
2026-03-23 01:30:00,15942.048952186362
2026-03-23 01:45:00,15942.048952186362
2026-03-23 02:00:00,15942.048952186362
2026-03-23 02:15:00,15942.048952186362
2026-03-23 02:30:00,15942.048952186362
2026-03-23 02:45:00,15942.048952186362
2026-03-23 03:00:00,15942.048952186362
2026-03-23 03:15:00,15942.048952186362
2026-03-23 03:30:00,15942.048952186362
2026-03-23 03:45:00,15942.048952186362
2026-03-23 04:00:00,15942.048952186362
2026-03-23 04:15:00,15942.048952186362
2026-03-23 04:30:00,15942.048952186362
2026-03-23 04:45:00,15942.048952186362
2026-03-23 05:00:00,15942.048952186362
2026-03-23 05:15:00,15942.048952186362
2026-03-23 05:30:00,15942.048952186362
2026-03-23 05:45:00,15942.048952186362
2026-03-23 06:00:00,15942.048952186362
2026-03-23 06:15:00,15942.048952186362
2026-03-23 06:30:00,15942.048952186362
2026-03-23 06:45:00,15942.048952186362
2026-03-23 07:00:00,15942.048952186362
2026-03-23 07:15:00,15942.048952186362
2026-03-23 07:30:00,15942.048952186362
2026-03-23 07:45:00,15942.048952186362
2026-03-23 08:00:00,15942.048952186362
2026-03-23 08:15:00,15942.048952186362
2026-03-23 08:30:00,15942.048952186362
2026-03-23 08:45:00,15942.048952186362
2026-03-23 09:00:00,15942.048952186362
2026-03-23 09:15:00,15942.048952186362
2026-03-23 09:30:00,15942.048952186362
2026-03-23 09:45:00,15942.048952186362
2026-03-23 10:00:00,15942.048952186362
2026-03-23 10:15:00,15942.048952186362
2026-03-23 10:30:00,15942.048952186362
2026-03-23 10:45:00,15942.048952186362
2026-03-23 11:00:00,15942.048952186362
2026-03-23 11:15:00,15942.048952186362
2026-03-23 11:30:00,15942.048952186362
2026-03-23 11:45:00,15942.048952186362
2026-03-23 12:00:00,15942.048952186362
2026-03-23 12:15:00,15942.048952186362
2026-03-23 12:30:00,15942.048952186362
2026-03-23 12:45:00,15942.048952186362
2026-03-23 13:00:00,15942.048952186362
2026-03-23 13:15:00,15942.048952186362
2026-03-23 13:30:00,15942.048952186362
2026-03-23 13:45:00,15942.048952186362
2026-03-23 14:00:00,15942.048952186362
2026-03-23 14:15:00,15942.048952186362
2026-03-23 14:30:00,15942.048952186362
2026-03-23 14:45:00,15942.048952186362
2026-03-23 15:00:00,15942.048952186362
2026-03-23 15:15:00,15942.048952186362
2026-03-23 15:30:00,15942.048952186362
2026-03-23 15:45:00,15942.048952186362
2026-03-23 16:00:00,15942.048952186362
2026-03-23 16:15:00,15942.048952186362
2026-03-23 16:30:00,15942.048952186362
2026-03-23 16:45:00,15942.048952186362
2026-03-23 17:00:00,15942.048952186362
2026-03-23 17:15:00,15942.048952186362
2026-03-23 17:30:00,15942.048952186362
2026-03-23 17:45:00,15942.048952186362
2026-03-23 18:00:00,15942.048952186362
2026-03-23 18:15:00,15942.048952186362
2026-03-23 18:30:00,15942.048952186362
2026-03-23 18:45:00,15942.048952186362
2026-03-23 19:00:00,15942.048952186362
2026-03-23 19:15:00,15942.048952186362
2026-03-23 19:30:00,15942.048952186362
2026-03-23 19:45:00,15942.048952186362
2026-03-23 20:00:00,15942.048952186362
2026-03-23 20:15:00,15942.048952186362
2026-03-23 20:30:00,15942.048952186362
2026-03-23 20:45:00,15942.048952186362
2026-03-23 21:00:00,15942.048952186362
2026-03-23 21:15:00,15942.048952186362
2026-03-23 21:30:00,15942.048952186362
2026-03-23 21:45:00,15942.048952186362
2026-03-23 22:00:00,15942.048952186362
2026-03-23 22:15:00,15942.048952186362
2026-03-23 22:30:00,15942.048952186362
2026-03-23 22:45:00,15942.048952186362
2026-03-23 23:00:00,15942.048952186362
2026-03-23 23:15:00,15942.048952186362
2026-03-23 23:30:00,15942.048952186362
2026-03-23 23:45:00,15942.048952186362
2026-03-24 01:00:00,15942.048952186362
2026-03-24 01:15:00,15942.048952186362
2026-03-24 01:30:00,15942.048952186362
2026-03-24 01:45:00,15942.048952186362
2026-03-24 02:00:00,15942.048952186362
2026-03-24 02:15:00,15942.048952186362
2026-03-24 02:30:00,15942.048952186362
2026-03-24 02:45:00,15942.048952186362
2026-03-24 03:00:00,15942.048952186362
2026-03-24 03:15:00,15942.048952186362
2026-03-24 03:30:00,15942.048952186362
2026-03-24 03:45:00,15942.048952186362
2026-03-24 04:00:00,15942.048952186362
2026-03-24 04:15:00,15942.048952186362
2026-03-24 04:30:00,15942.048952186362
2026-03-24 04:45:00,15942.048952186362
2026-03-24 05:00:00,15942.048952186362
2026-03-24 05:15:00,15942.048952186362
2026-03-24 05:30:00,15942.048952186362
2026-03-24 05:45:00,15942.048952186362
2026-03-24 06:00:00,15942.048952186362
2026-03-24 06:15:00,15942.048952186362
2026-03-24 06:30:00,15942.048952186362
2026-03-24 06:45:00,15942.048952186362
2026-03-24 07:00:00,15942.048952186362
2026-03-24 07:15:00,15942.048952186362
2026-03-24 07:30:00,15942.048952186362
2026-03-24 07:45:00,15942.048952186362
2026-03-24 08:00:00,15942.048952186362
2026-03-24 08:15:00,15942.048952186362
2026-03-24 08:30:00,15942.048952186362
2026-03-24 08:45:00,15942.048952186362
2026-03-24 09:00:00,15942.048952186362
2026-03-24 09:15:00,15942.048952186362
2026-03-24 09:30:00,15942.048952186362
2026-03-24 09:45:00,15942.048952186362
2026-03-24 10:00:00,15942.048952186362
2026-03-24 10:15:00,15942.048952186362
2026-03-24 10:30:00,15942.048952186362
2026-03-24 10:45:00,15942.048952186362
2026-03-24 11:00:00,15942.048952186362
2026-03-24 11:15:00,15942.048952186362
2026-03-24 11:30:00,15942.048952186362
2026-03-24 11:45:00,15942.048952186362
2026-03-24 12:00:00,15942.048952186362
2026-03-24 12:15:00,15942.048952186362
2026-03-24 12:30:00,15942.048952186362
2026-03-24 12:45:00,15942.048952186362
2026-03-24 13:00:00,15942.048952186362
2026-03-24 13:15:00,15942.048952186362
2026-03-24 13:30:00,15942.048952186362
2026-03-24 13:45:00,15942.048952186362
2026-03-24 14:00:00,15942.048952186362
2026-03-24 14:15:00,15942.048952186362
2026-03-24 14:30:00,15942.048952186362
2026-03-24 14:45:00,15942.048952186362
2026-03-24 15:00:00,15942.048952186362
2026-03-24 15:15:00,15942.048952186362
2026-03-24 15:30:00,15942.048952186362
2026-03-24 15:45:00,15942.048952186362
2026-03-24 16:00:00,15942.048952186362
2026-03-24 16:15:00,15942.048952186362
2026-03-24 16:30:00,15942.048952186362
2026-03-24 16:45:00,15942.048952186362
2026-03-24 17:00:00,15942.048952186362
2026-03-24 17:15:00,15942.048952186362
2026-03-24 17:30:00,15942.048952186362
2026-03-24 17:45:00,15942.048952186362
2026-03-24 18:00:00,15942.048952186362
2026-03-24 18:15:00,15942.048952186362
2026-03-24 18:30:00,15942.048952186362
2026-03-24 18:45:00,15942.048952186362
2026-03-24 19:00:00,15942.048952186362
2026-03-24 19:15:00,15942.048952186362
2026-03-24 19:30:00,15942.048952186362
2026-03-24 19:45:00,15942.048952186362
2026-03-24 20:00:00,15942.048952186362
2026-03-24 20:15:00,15942.048952186362
2026-03-24 20:30:00,15942.048952186362
2026-03-24 20:45:00,15942.048952186362
2026-03-24 21:00:00,15942.048952186362
2026-03-24 21:15:00,15942.048952186362
2026-03-24 21:30:00,15942.048952186362
2026-03-24 21:45:00,15942.048952186362
2026-03-24 22:00:00,15942.048952186362
2026-03-24 22:15:00,15942.048952186362
2026-03-24 22:30:00,15942.048952186362
2026-03-24 22:45:00,15942.048952186362
2026-03-24 23:00:00,15942.048952186362
2026-03-24 23:15:00,15942.048952186362
2026-03-24 23:30:00,15942.048952186362
2026-03-24 23:45:00,15942.048952186362
2026-03-25 01:00:00,15942.048952186362
2026-03-25 01:15:00,15942.048952186362
2026-03-25 01:30:00,15942.048952186362
2026-03-25 01:45:00,15942.048952186362
2026-03-25 02:00:00,15942.048952186362
2026-03-25 02:15:00,15942.048952186362
2026-03-25 02:30:00,15942.048952186362
2026-03-25 02:45:00,15942.048952186362
2026-03-25 03:00:00,15942.048952186362
2026-03-25 03:15:00,15942.048952186362
2026-03-25 03:30:00,15942.048952186362
2026-03-25 03:45:00,15942.048952186362
2026-03-25 04:00:00,15942.048952186362
2026-03-25 04:15:00,15942.048952186362
2026-03-25 04:30:00,15942.048952186362
2026-03-25 04:45:00,15942.048952186362
2026-03-25 05:00:00,15942.048952186362
2026-03-25 05:15:00,15942.048952186362
2026-03-25 05:30:00,15942.048952186362
2026-03-25 05:45:00,15942.048952186362
2026-03-25 06:00:00,15942.048952186362
2026-03-25 06:15:00,15942.048952186362
2026-03-25 06:30:00,15942.048952186362
2026-03-25 06:45:00,15942.048952186362
2026-03-25 07:00:00,15942.048952186362
2026-03-25 07:15:00,15942.048952186362
2026-03-25 07:30:00,15942.048952186362
2026-03-25 07:45:00,15942.048952186362
2026-03-25 08:00:00,15942.048952186362
2026-03-25 08:15:00,15942.048952186362
2026-03-25 08:30:00,15942.048952186362
2026-03-25 08:45:00,15942.048952186362
2026-03-25 09:00:00,15942.048952186362
2026-03-25 09:15:00,15942.048952186362
2026-03-25 09:30:00,15942.048952186362
2026-03-25 09:45:00,15942.048952186362
2026-03-25 10:00:00,15942.048952186362
2026-03-25 10:15:00,15942.048952186362
2026-03-25 10:30:00,15942.048952186362
2026-03-25 10:45:00,15942.048952186362
2026-03-25 11:00:00,15942.048952186362
2026-03-25 11:15:00,15942.048952186362
2026-03-25 11:30:00,15942.048952186362
2026-03-25 11:45:00,15942.048952186362
2026-03-25 12:00:00,15942.048952186362
2026-03-25 12:15:00,15942.048952186362
2026-03-25 12:30:00,15942.048952186362
2026-03-25 12:45:00,15942.048952186362
2026-03-25 13:00:00,15942.048952186362
2026-03-25 13:15:00,15942.048952186362
2026-03-25 13:30:00,15942.048952186362
2026-03-25 13:45:00,15942.048952186362
2026-03-25 14:00:00,15942.048952186362
2026-03-25 14:15:00,15942.048952186362
2026-03-25 14:30:00,15942.048952186362
2026-03-25 14:45:00,15942.048952186362
2026-03-25 15:00:00,15942.048952186362
2026-03-25 15:15:00,15942.048952186362
2026-03-25 15:30:00,15942.048952186362
2026-03-25 15:45:00,15942.048952186362
2026-03-25 16:00:00,15942.048952186362
2026-03-25 16:15:00,15942.048952186362
2026-03-25 16:30:00,15942.048952186362
2026-03-25 16:45:00,15942.048952186362
2026-03-25 17:00:00,15942.048952186362
2026-03-25 17:15:00,15942.048952186362
2026-03-25 17:30:00,15942.048952186362
2026-03-25 17:45:00,15942.048952186362
2026-03-25 18:00:00,15942.048952186362
2026-03-25 18:15:00,15942.048952186362
2026-03-25 18:30:00,15942.048952186362
2026-03-25 18:45:00,15942.048952186362
2026-03-25 19:00:00,15942.048952186362
2026-03-25 19:15:00,15942.048952186362
2026-03-25 19:30:00,15942.048952186362
2026-03-25 19:45:00,15942.048952186362
2026-03-25 20:00:00,15942.048952186362
2026-03-25 20:15:00,15942.048952186362
2026-03-25 20:30:00,15942.048952186362
2026-03-25 20:45:00,15942.048952186362
2026-03-25 21:00:00,15942.048952186362
2026-03-25 21:15:00,15942.048952186362
2026-03-25 21:30:00,15942.048952186362
2026-03-25 21:45:00,15942.048952186362
2026-03-25 22:00:00,15942.048952186362
2026-03-25 22:15:00,15942.048952186362
2026-03-25 22:30:00,15942.048952186362
2026-03-25 22:45:00,15942.048952186362
2026-03-25 23:00:00,15942.048952186362
2026-03-25 23:15:00,15942.048952186362
2026-03-25 23:30:00,15942.048952186362
2026-03-25 23:45:00,15942.048952186362
2026-03-26 01:00:00,15942.048952186362
2026-03-26 01:15:00,15942.048952186362
2026-03-26 01:30:00,15942.048952186362
2026-03-26 01:45:00,15942.048952186362
2026-03-26 02:00:00,15942.048952186362
2026-03-26 02:15:00,15942.048952186362
2026-03-26 02:30:00,15942.048952186362
2026-03-26 02:45:00,15942.048952186362
2026-03-26 03:00:00,15942.048952186362
2026-03-26 03:15:00,15942.048952186362
2026-03-26 03:30:00,15942.048952186362
2026-03-26 03:45:00,15942.048952186362
2026-03-26 04:00:00,15942.048952186362
2026-03-26 04:15:00,15942.048952186362
2026-03-26 04:30:00,15942.048952186362
2026-03-26 04:45:00,15942.048952186362
2026-03-26 05:00:00,15942.048952186362
2026-03-26 05:15:00,15942.048952186362
2026-03-26 05:30:00,15942.048952186362
2026-03-26 05:45:00,15942.048952186362
2026-03-26 06:00:00,15942.048952186362
2026-03-26 06:15:00,15942.048952186362
2026-03-26 06:30:00,15942.048952186362
2026-03-26 06:45:00,15942.048952186362
2026-03-26 07:00:00,15942.048952186362
2026-03-26 07:15:00,15942.048952186362
2026-03-26 07:30:00,15942.048952186362
2026-03-26 07:45:00,15942.048952186362
2026-03-26 08:00:00,15942.048952186362
2026-03-26 08:15:00,15942.048952186362
2026-03-26 08:30:00,15942.048952186362
2026-03-26 08:45:00,15942.048952186362
2026-03-26 09:00:00,15942.048952186362
2026-03-26 09:15:00,15942.048952186362
2026-03-26 09:30:00,15942.048952186362
2026-03-26 09:45:00,15942.048952186362
2026-03-26 10:00:00,15942.048952186362
2026-03-26 10:15:00,15942.048952186362
2026-03-26 10:30:00,15942.048952186362
2026-03-26 10:45:00,15942.048952186362
2026-03-26 11:00:00,15942.048952186362
2026-03-26 11:15:00,15942.048952186362
2026-03-26 11:30:00,15942.048952186362
2026-03-26 11:45:00,15942.048952186362
2026-03-26 12:00:00,15942.048952186362
2026-03-26 12:15:00,15942.048952186362
2026-03-26 12:30:00,15942.048952186362
2026-03-26 12:45:00,15942.048952186362
2026-03-26 13:00:00,15942.048952186362
2026-03-26 13:15:00,15942.048952186362
2026-03-26 13:30:00,15942.048952186362
2026-03-26 13:45:00,15942.048952186362
2026-03-26 14:00:00,15942.048952186362
2026-03-26 14:15:00,15942.048952186362
2026-03-26 14:30:00,15942.048952186362
2026-03-26 14:45:00,15942.048952186362
2026-03-26 15:00:00,15942.048952186362
2026-03-26 15:15:00,15942.048952186362
2026-03-26 15:30:00,15942.048952186362
2026-03-26 15:45:00,15942.048952186362
2026-03-26 16:00:00,15942.048952186362
2026-03-26 16:15:00,15942.048952186362
2026-03-26 16:30:00,15942.048952186362
2026-03-26 16:45:00,15942.048952186362
2026-03-26 17:00:00,15942.048952186362
2026-03-26 17:15:00,15942.048952186362
2026-03-26 17:30:00,15942.048952186362
2026-03-26 17:45:00,15942.048952186362
2026-03-26 18:00:00,15942.048952186362
2026-03-26 18:15:00,15942.048952186362
2026-03-26 18:30:00,15942.048952186362
2026-03-26 18:45:00,15942.048952186362
2026-03-26 19:00:00,15942.048952186362
2026-03-26 19:15:00,15942.048952186362
2026-03-26 19:30:00,15942.048952186362
2026-03-26 19:45:00,15942.048952186362
2026-03-26 20:00:00,15942.048952186362
2026-03-26 20:15:00,15942.048952186362
2026-03-26 20:30:00,15942.048952186362
2026-03-26 20:45:00,15942.048952186362
2026-03-26 21:00:00,15942.048952186362
2026-03-26 21:15:00,15942.048952186362
2026-03-26 21:30:00,15942.048952186362
2026-03-26 21:45:00,15942.048952186362
2026-03-26 22:00:00,15942.048952186362
2026-03-26 22:15:00,15942.048952186362
2026-03-26 22:30:00,15942.048952186362
2026-03-26 22:45:00,15942.048952186362
2026-03-26 23:00:00,15942.048952186362
2026-03-26 23:15:00,15942.048952186362
2026-03-26 23:30:00,15942.048952186362
2026-03-26 23:45:00,15942.048952186362
2026-03-27 01:00:00,15942.048952186362
2026-03-27 01:15:00,15942.048952186362
2026-03-27 01:30:00,15942.048952186362
2026-03-27 01:45:00,15942.048952186362
2026-03-27 02:00:00,15942.048952186362
2026-03-27 02:15:00,15942.048952186362
2026-03-27 02:30:00,15942.048952186362
2026-03-27 02:45:00,15942.048952186362
2026-03-27 03:00:00,15942.048952186362
2026-03-27 03:15:00,15942.048952186362
2026-03-27 03:30:00,15942.048952186362
2026-03-27 03:45:00,15942.048952186362
2026-03-27 04:00:00,15942.048952186362
2026-03-27 04:15:00,15942.048952186362
2026-03-27 04:30:00,15942.048952186362
2026-03-27 04:45:00,15942.048952186362
2026-03-27 05:00:00,15942.048952186362
2026-03-27 05:15:00,15942.048952186362
2026-03-27 05:30:00,15942.048952186362
2026-03-27 05:45:00,15942.048952186362
2026-03-27 06:00:00,15942.048952186362
2026-03-27 06:15:00,15942.048952186362
2026-03-27 06:30:00,15942.048952186362
2026-03-27 06:45:00,15942.048952186362
2026-03-27 07:00:00,15942.048952186362
2026-03-27 07:15:00,15942.048952186362
2026-03-27 07:30:00,15942.048952186362
2026-03-27 07:45:00,15942.048952186362
2026-03-27 08:00:00,15942.048952186362
2026-03-27 08:15:00,15942.048952186362
2026-03-27 08:30:00,15942.048952186362
2026-03-27 08:45:00,15942.048952186362
2026-03-27 09:00:00,15942.048952186362
2026-03-27 09:15:00,15942.048952186362
2026-03-27 09:30:00,15942.048952186362
2026-03-27 09:45:00,15942.048952186362
2026-03-27 10:00:00,15942.048952186362
2026-03-27 10:15:00,15942.048952186362
2026-03-27 10:30:00,15942.048952186362
2026-03-27 10:45:00,15942.048952186362
2026-03-27 11:00:00,15942.048952186362
2026-03-27 11:15:00,15942.048952186362
2026-03-27 11:30:00,15942.048952186362
2026-03-27 11:45:00,15942.048952186362
2026-03-27 12:00:00,15942.048952186362
2026-03-27 12:15:00,15942.048952186362
2026-03-27 12:30:00,15942.048952186362
2026-03-27 12:45:00,15942.048952186362
2026-03-27 13:00:00,15942.048952186362
2026-03-27 13:15:00,15942.048952186362
2026-03-27 13:30:00,15942.048952186362
2026-03-27 13:45:00,15942.048952186362
2026-03-27 14:00:00,15942.048952186362
2026-03-27 14:15:00,15942.048952186362
2026-03-27 14:30:00,15942.048952186362
2026-03-27 14:45:00,15942.048952186362
2026-03-27 15:00:00,15942.048952186362
2026-03-27 15:15:00,15942.048952186362
2026-03-27 15:30:00,15942.048952186362
2026-03-27 15:45:00,15942.048952186362
2026-03-27 16:00:00,15942.048952186362
2026-03-27 16:15:00,15942.048952186362
2026-03-27 16:30:00,15942.048952186362
2026-03-27 16:45:00,15942.048952186362
2026-03-27 17:00:00,15942.048952186362
2026-03-27 17:15:00,15942.048952186362
2026-03-27 17:30:00,15942.048952186362
2026-03-27 17:45:00,15942.048952186362
2026-03-27 18:00:00,15942.048952186362
2026-03-27 18:15:00,15942.048952186362
2026-03-27 18:30:00,15942.048952186362
2026-03-27 18:45:00,15942.048952186362
2026-03-27 19:00:00,15942.048952186362
2026-03-27 19:15:00,15942.048952186362
2026-03-27 19:30:00,15942.048952186362
2026-03-27 19:45:00,15942.048952186362
2026-03-27 20:00:00,15942.048952186362
2026-03-27 20:15:00,15942.048952186362
2026-03-27 20:30:00,15942.048952186362
2026-03-27 20:45:00,15942.048952186362
2026-03-27 21:00:00,15942.048952186362
2026-03-27 21:15:00,15942.048952186362
2026-03-27 21:30:00,15942.048952186362
2026-03-27 21:45:00,15942.048952186362
2026-03-27 22:00:00,15942.048952186362
2026-03-27 22:15:00,15942.048952186362
2026-03-27 22:30:00,15942.048952186362
2026-03-27 22:45:00,15942.048952186362
2026-03-27 23:00:00,15942.048952186362
2026-03-27 23:15:00,15942.048952186362
2026-03-27 23:30:00,15942.048952186362
2026-03-27 23:45:00,15942.048952186362
2026-03-30 01:00:00,15942.048952186362
2026-03-30 01:15:00,15942.048952186362
2026-03-30 01:30:00,15942.048952186362
2026-03-30 01:45:00,15942.048952186362
2026-03-30 02:00:00,15942.048952186362
2026-03-30 02:15:00,15942.048952186362
2026-03-30 02:30:00,15942.048952186362
2026-03-30 02:45:00,15942.048952186362
2026-03-30 03:00:00,15942.048952186362
2026-03-30 03:15:00,15942.048952186362
2026-03-30 03:30:00,15942.048952186362
2026-03-30 03:45:00,15942.048952186362
2026-03-30 04:00:00,15942.048952186362
2026-03-30 04:15:00,15942.048952186362
2026-03-30 04:30:00,15942.048952186362
2026-03-30 04:45:00,15942.048952186362
2026-03-30 05:00:00,15942.048952186362
2026-03-30 05:15:00,15942.048952186362
2026-03-30 05:30:00,15942.048952186362
2026-03-30 05:45:00,15942.048952186362
2026-03-30 06:00:00,15942.048952186362
2026-03-30 06:15:00,15942.048952186362
2026-03-30 06:30:00,15942.048952186362
2026-03-30 06:45:00,15942.048952186362
2026-03-30 07:00:00,15942.048952186362
2026-03-30 07:15:00,15942.048952186362
2026-03-30 07:30:00,15942.048952186362
2026-03-30 07:45:00,15942.048952186362
2026-03-30 08:00:00,15942.048952186362
2026-03-30 08:15:00,15942.048952186362
2026-03-30 08:30:00,15942.048952186362
2026-03-30 08:45:00,15942.048952186362
2026-03-30 09:00:00,15942.048952186362
2026-03-30 09:15:00,15942.048952186362
2026-03-30 09:30:00,15942.048952186362
2026-03-30 09:45:00,15942.048952186362
2026-03-30 10:00:00,15942.048952186362
2026-03-30 10:15:00,15942.048952186362
2026-03-30 10:30:00,15942.048952186362
2026-03-30 10:45:00,15942.048952186362
2026-03-30 11:00:00,15942.048952186362
2026-03-30 11:15:00,15942.048952186362
2026-03-30 11:30:00,15942.048952186362
2026-03-30 11:45:00,15942.048952186362
2026-03-30 12:00:00,15942.048952186362
2026-03-30 12:15:00,15942.048952186362
2026-03-30 12:30:00,15942.048952186362
2026-03-30 12:45:00,15942.048952186362
2026-03-30 13:00:00,15942.048952186362
2026-03-30 13:15:00,15942.048952186362
2026-03-30 13:30:00,15942.048952186362
2026-03-30 13:45:00,15942.048952186362
2026-03-30 14:00:00,15942.048952186362
2026-03-30 14:15:00,15942.048952186362
2026-03-30 14:30:00,15942.048952186362
2026-03-30 14:45:00,15942.048952186362
2026-03-30 15:00:00,15942.048952186362
2026-03-30 15:15:00,15942.048952186362
2026-03-30 15:30:00,15942.048952186362
2026-03-30 15:45:00,15942.048952186362
2026-03-30 16:00:00,15942.048952186362
2026-03-30 16:15:00,15942.048952186362
2026-03-30 16:30:00,15942.048952186362
2026-03-30 16:45:00,15942.048952186362
2026-03-30 17:00:00,15942.048952186362
2026-03-30 17:15:00,15942.048952186362
2026-03-30 17:30:00,15942.048952186362
2026-03-30 17:45:00,15942.048952186362
2026-03-30 18:00:00,15942.048952186362
2026-03-30 18:15:00,15942.048952186362
2026-03-30 18:30:00,15942.048952186362
2026-03-30 18:45:00,15942.048952186362
2026-03-30 19:00:00,15942.048952186362
2026-03-30 19:15:00,15942.048952186362
2026-03-30 19:30:00,15942.048952186362
2026-03-30 19:45:00,15942.048952186362
2026-03-30 20:00:00,15942.048952186362
2026-03-30 20:15:00,15942.048952186362
2026-03-30 20:30:00,15942.048952186362
2026-03-30 20:45:00,15942.048952186362
2026-03-30 21:00:00,15942.048952186362
2026-03-30 21:15:00,15942.048952186362
2026-03-30 21:30:00,15942.048952186362
2026-03-30 21:45:00,15942.048952186362
2026-03-30 22:00:00,15942.048952186362
2026-03-30 22:15:00,15942.048952186362
2026-03-30 22:30:00,15942.048952186362
2026-03-30 22:45:00,15942.048952186362
2026-03-30 23:00:00,15942.048952186362
2026-03-30 23:15:00,15942.048952186362
2026-03-30 23:30:00,15942.048952186362
2026-03-30 23:45:00,15942.048952186362
2026-03-31 01:00:00,15942.048952186362
2026-03-31 01:15:00,15942.048952186362
2026-03-31 01:30:00,15942.048952186362
2026-03-31 01:45:00,15942.048952186362
2026-03-31 02:00:00,15942.048952186362
2026-03-31 02:15:00,15942.048952186362
2026-03-31 02:30:00,15942.048952186362
2026-03-31 02:45:00,15942.048952186362
2026-03-31 03:00:00,15942.048952186362
2026-03-31 03:15:00,15942.048952186362
2026-03-31 03:30:00,15942.048952186362
2026-03-31 03:45:00,15942.048952186362
2026-03-31 04:00:00,15942.048952186362
2026-03-31 04:15:00,15942.048952186362
2026-03-31 04:30:00,15942.048952186362
2026-03-31 04:45:00,15942.048952186362
2026-03-31 05:00:00,15942.048952186362
2026-03-31 05:15:00,15942.048952186362
2026-03-31 05:30:00,15942.048952186362
2026-03-31 05:45:00,15942.048952186362
2026-03-31 06:00:00,15942.048952186362
2026-03-31 06:15:00,15942.048952186362
2026-03-31 06:30:00,15942.048952186362
2026-03-31 06:45:00,15942.048952186362
2026-03-31 07:00:00,15942.048952186362
2026-03-31 07:15:00,15942.048952186362
2026-03-31 07:30:00,15942.048952186362
2026-03-31 07:45:00,15942.048952186362
2026-03-31 08:00:00,15942.048952186362
2026-03-31 08:15:00,15942.048952186362
2026-03-31 08:30:00,15942.048952186362
2026-03-31 08:45:00,15942.048952186362
2026-03-31 09:00:00,15942.048952186362
2026-03-31 09:15:00,15942.048952186362
2026-03-31 09:30:00,15942.048952186362
2026-03-31 09:45:00,15942.048952186362
2026-03-31 10:00:00,15942.048952186362
2026-03-31 10:15:00,15942.048952186362
2026-03-31 10:30:00,15942.048952186362
2026-03-31 10:45:00,15942.048952186362
2026-03-31 11:00:00,15942.048952186362
2026-03-31 11:15:00,15942.048952186362
2026-03-31 11:30:00,15942.048952186362
2026-03-31 11:45:00,15942.048952186362
2026-03-31 12:00:00,15942.048952186362
2026-03-31 12:15:00,15942.048952186362
2026-03-31 12:30:00,15942.048952186362
2026-03-31 12:45:00,15942.048952186362
2026-03-31 13:00:00,15942.048952186362
2026-03-31 13:15:00,15942.048952186362
2026-03-31 13:30:00,15942.048952186362
2026-03-31 13:45:00,15942.048952186362
2026-03-31 14:00:00,15942.048952186362
2026-03-31 14:15:00,15942.048952186362
2026-03-31 14:30:00,15942.048952186362
2026-03-31 14:45:00,15942.048952186362
2026-03-31 15:00:00,15942.048952186362
2026-03-31 15:15:00,15942.048952186362
2026-03-31 15:30:00,15942.048952186362
2026-03-31 15:45:00,15942.048952186362
2026-03-31 16:00:00,15942.048952186362
2026-03-31 16:15:00,15942.048952186362
2026-03-31 16:30:00,15942.048952186362
2026-03-31 16:45:00,15942.048952186362
2026-03-31 17:00:00,15942.048952186362
2026-03-31 17:15:00,15942.048952186362
2026-03-31 17:30:00,15942.048952186362
2026-03-31 17:45:00,15942.048952186362
2026-03-31 18:00:00,15942.048952186362
2026-03-31 18:15:00,15942.048952186362
2026-03-31 18:30:00,15942.048952186362
2026-03-31 18:45:00,15942.048952186362
2026-03-31 19:00:00,15942.048952186362
2026-03-31 19:15:00,15942.048952186362
2026-03-31 19:30:00,15942.048952186362
2026-03-31 19:45:00,15942.048952186362
2026-03-31 20:00:00,15942.048952186362
2026-03-31 20:15:00,15942.048952186362
2026-03-31 20:30:00,15942.048952186362
2026-03-31 20:45:00,15942.048952186362
2026-03-31 21:00:00,15942.048952186362
2026-03-31 21:15:00,15942.048952186362
2026-03-31 21:30:00,15942.048952186362
2026-03-31 21:45:00,15942.048952186362
2026-03-31 22:00:00,15942.048952186362
2026-03-31 22:15:00,15942.048952186362
2026-03-31 22:30:00,15942.048952186362
2026-03-31 22:45:00,15942.048952186362
2026-03-31 23:00:00,15942.048952186362
2026-03-31 23:15:00,15942.048952186362
2026-03-31 23:30:00,15942.048952186362
2026-03-31 23:45:00,15942.048952186362
2026-04-01 01:00:00,15942.048952186362
2026-04-01 01:15:00,15942.048952186362
2026-04-01 01:30:00,15942.048952186362
2026-04-01 01:45:00,15942.048952186362
2026-04-01 02:00:00,15942.048952186362
2026-04-01 02:15:00,15942.048952186362
2026-04-01 02:30:00,15942.048952186362
2026-04-01 02:45:00,15942.048952186362
2026-04-01 03:00:00,15942.048952186362
2026-04-01 03:15:00,15942.048952186362
2026-04-01 03:30:00,15942.048952186362
2026-04-01 03:45:00,15942.048952186362
2026-04-01 04:00:00,15942.048952186362
2026-04-01 04:15:00,15942.048952186362
2026-04-01 04:30:00,15942.048952186362
2026-04-01 04:45:00,15942.048952186362
2026-04-01 05:00:00,15942.048952186362
2026-04-01 05:15:00,15942.048952186362
2026-04-01 05:30:00,15942.048952186362
2026-04-01 05:45:00,15942.048952186362
2026-04-01 06:00:00,15942.048952186362
2026-04-01 06:15:00,15942.048952186362
2026-04-01 06:30:00,15942.048952186362
2026-04-01 06:45:00,15942.048952186362
2026-04-01 07:00:00,15942.048952186362
2026-04-01 07:15:00,15942.048952186362
2026-04-01 07:30:00,15942.048952186362
2026-04-01 07:45:00,15942.048952186362
2026-04-01 08:00:00,15942.048952186362
2026-04-01 08:15:00,15942.048952186362
2026-04-01 08:30:00,15942.048952186362
2026-04-01 08:45:00,15942.048952186362
2026-04-01 09:00:00,15942.048952186362
2026-04-01 09:15:00,15942.048952186362
2026-04-01 09:30:00,15942.048952186362
2026-04-01 09:45:00,15942.048952186362
2026-04-01 10:00:00,15942.048952186362
2026-04-01 10:15:00,15942.048952186362
2026-04-01 10:30:00,15942.048952186362
2026-04-01 10:45:00,15942.048952186362
2026-04-01 11:00:00,15942.048952186362
2026-04-01 11:15:00,15942.048952186362
2026-04-01 11:30:00,15942.048952186362
2026-04-01 11:45:00,15942.048952186362
2026-04-01 12:00:00,15942.048952186362
2026-04-01 12:15:00,15942.048952186362
2026-04-01 12:30:00,15942.048952186362
2026-04-01 12:45:00,15942.048952186362
2026-04-01 13:00:00,15942.048952186362
2026-04-01 13:15:00,15942.048952186362
2026-04-01 13:30:00,15942.048952186362
2026-04-01 13:45:00,15942.048952186362
2026-04-01 14:00:00,15942.048952186362
2026-04-01 14:15:00,15942.048952186362
2026-04-01 14:30:00,15942.048952186362
2026-04-01 14:45:00,15942.048952186362
2026-04-01 15:00:00,15942.048952186362
2026-04-01 15:15:00,15942.048952186362
2026-04-01 15:30:00,15942.048952186362
2026-04-01 15:45:00,15942.048952186362
2026-04-01 16:00:00,15942.048952186362
2026-04-01 16:15:00,15942.048952186362
2026-04-01 16:30:00,15942.048952186362
2026-04-01 16:45:00,15942.048952186362
2026-04-01 17:00:00,15942.048952186362
2026-04-01 17:15:00,15942.048952186362
2026-04-01 17:30:00,15942.048952186362
2026-04-01 17:45:00,15942.048952186362
2026-04-01 18:00:00,15942.048952186362
2026-04-01 18:15:00,15942.048952186362
2026-04-01 18:30:00,15942.048952186362
2026-04-01 18:45:00,15942.048952186362
2026-04-01 19:00:00,15942.048952186362
2026-04-01 19:15:00,15942.048952186362
2026-04-01 19:30:00,15942.048952186362
2026-04-01 19:45:00,15942.048952186362
2026-04-01 20:00:00,15942.048952186362
2026-04-01 20:15:00,15942.048952186362
2026-04-01 20:30:00,15942.048952186362
2026-04-01 20:45:00,15942.048952186362
2026-04-01 21:00:00,15942.048952186362
2026-04-01 21:15:00,15942.048952186362
2026-04-01 21:30:00,15942.048952186362
2026-04-01 21:45:00,15942.048952186362
2026-04-01 22:00:00,15942.048952186362
2026-04-01 22:15:00,15942.048952186362
2026-04-01 22:30:00,15942.048952186362
2026-04-01 22:45:00,15942.048952186362
2026-04-01 23:00:00,15942.048952186362
2026-04-01 23:15:00,15942.048952186362
2026-04-01 23:30:00,15942.048952186362
2026-04-01 23:45:00,15942.048952186362
2026-04-02 01:00:00,15942.048952186362
2026-04-02 01:15:00,15942.048952186362
2026-04-02 01:30:00,15942.048952186362
2026-04-02 01:45:00,15942.048952186362
2026-04-02 02:00:00,15942.048952186362
2026-04-02 02:15:00,15942.048952186362
2026-04-02 02:30:00,15942.048952186362
2026-04-02 02:45:00,15942.048952186362
2026-04-02 03:00:00,15942.048952186362
2026-04-02 03:15:00,15942.048952186362
2026-04-02 03:30:00,15942.048952186362
2026-04-02 03:45:00,15942.048952186362
2026-04-02 04:00:00,15942.048952186362
2026-04-02 04:15:00,15942.048952186362
2026-04-02 04:30:00,15942.048952186362
2026-04-02 04:45:00,15942.048952186362
2026-04-02 05:00:00,15942.048952186362
2026-04-02 05:15:00,15942.048952186362
2026-04-02 05:30:00,15942.048952186362
2026-04-02 05:45:00,15942.048952186362
2026-04-02 06:00:00,15942.048952186362
2026-04-02 06:15:00,15942.048952186362
2026-04-02 06:30:00,15942.048952186362
2026-04-02 06:45:00,15942.048952186362
2026-04-02 07:00:00,15942.048952186362
2026-04-02 07:15:00,15942.048952186362
2026-04-02 07:30:00,15942.048952186362
2026-04-02 07:45:00,15942.048952186362
2026-04-02 08:00:00,15942.048952186362
2026-04-02 08:15:00,15942.048952186362
2026-04-02 08:30:00,15942.048952186362
2026-04-02 08:45:00,15942.048952186362
2026-04-02 09:00:00,15942.048952186362
2026-04-02 09:15:00,15942.048952186362
2026-04-02 09:30:00,15942.048952186362
2026-04-02 09:45:00,15942.048952186362
2026-04-02 10:00:00,15942.048952186362
2026-04-02 10:15:00,15942.048952186362
2026-04-02 10:30:00,15942.048952186362
2026-04-02 10:45:00,15942.048952186362
2026-04-02 11:00:00,15942.048952186362
2026-04-02 11:15:00,15942.048952186362
2026-04-02 11:30:00,15942.048952186362
2026-04-02 11:45:00,15942.048952186362
2026-04-02 12:00:00,15942.048952186362
2026-04-02 12:15:00,15942.048952186362
2026-04-02 12:30:00,15942.048952186362
2026-04-02 12:45:00,15942.048952186362
2026-04-02 13:00:00,15942.048952186362
2026-04-02 13:15:00,15942.048952186362
2026-04-02 13:30:00,15942.048952186362
2026-04-02 13:45:00,15942.048952186362
2026-04-02 14:00:00,15942.048952186362
2026-04-02 14:15:00,15942.048952186362
2026-04-02 14:30:00,15942.048952186362
2026-04-02 14:45:00,15942.048952186362
2026-04-02 15:00:00,15942.048952186362
2026-04-02 15:15:00,15942.048952186362
2026-04-02 15:30:00,15942.048952186362
2026-04-02 15:45:00,15942.048952186362
2026-04-02 16:00:00,15942.048952186362
2026-04-02 16:15:00,15942.048952186362
2026-04-02 16:30:00,15942.048952186362
2026-04-02 16:45:00,15942.048952186362
2026-04-02 17:00:00,15942.048952186362
2026-04-02 17:15:00,15942.048952186362
2026-04-02 17:30:00,15942.048952186362
2026-04-02 17:45:00,15942.048952186362
2026-04-02 18:00:00,15942.048952186362
2026-04-02 18:15:00,15942.048952186362
2026-04-02 18:30:00,15942.048952186362
2026-04-02 18:45:00,15942.048952186362
2026-04-02 19:00:00,15942.048952186362
2026-04-02 19:15:00,15942.048952186362
2026-04-02 19:30:00,15942.048952186362
2026-04-02 19:45:00,15942.048952186362
2026-04-02 20:00:00,15942.048952186362
2026-04-02 20:15:00,15942.048952186362
2026-04-02 20:30:00,15942.048952186362
2026-04-02 20:45:00,15942.048952186362
2026-04-02 21:00:00,15942.048952186362
2026-04-02 21:15:00,15942.048952186362
2026-04-02 21:30:00,15942.048952186362
2026-04-02 21:45:00,15942.048952186362
2026-04-02 22:00:00,15942.048952186362
2026-04-02 22:15:00,15942.048952186362
2026-04-02 22:30:00,15942.048952186362
2026-04-02 22:45:00,15942.048952186362
2026-04-02 23:00:00,15942.048952186362
2026-04-02 23:15:00,15942.048952186362
2026-04-02 23:30:00,15942.048952186362
2026-04-02 23:45:00,15942.048952186362
2026-04-06 01:00:00,15942.048952186362
2026-04-06 01:15:00,15942.048952186362
2026-04-06 01:30:00,15942.048952186362
2026-04-06 01:45:00,15942.048952186362
2026-04-06 02:00:00,15942.048952186362
2026-04-06 02:15:00,15942.048952186362
2026-04-06 02:30:00,15942.048952186362
2026-04-06 02:45:00,15942.048952186362
2026-04-06 03:00:00,15942.048952186362
2026-04-06 03:15:00,15942.048952186362
2026-04-06 03:30:00,15942.048952186362
2026-04-06 03:45:00,15942.048952186362
2026-04-06 04:00:00,15942.048952186362
2026-04-06 04:15:00,15942.048952186362
2026-04-06 04:30:00,15942.048952186362
2026-04-06 04:45:00,15942.048952186362
2026-04-06 05:00:00,15942.048952186362
2026-04-06 05:15:00,15942.048952186362
2026-04-06 05:30:00,15942.048952186362
2026-04-06 05:45:00,15942.048952186362
2026-04-06 06:00:00,15942.048952186362
2026-04-06 06:15:00,15942.048952186362
2026-04-06 06:30:00,15942.048952186362
2026-04-06 06:45:00,15942.048952186362
2026-04-06 07:00:00,15942.048952186362
2026-04-06 07:15:00,15942.048952186362
2026-04-06 07:30:00,15942.048952186362
2026-04-06 07:45:00,15942.048952186362
2026-04-06 08:00:00,15942.048952186362
2026-04-06 08:15:00,15942.048952186362
2026-04-06 08:30:00,15942.048952186362
2026-04-06 08:45:00,15942.048952186362
2026-04-06 09:00:00,15942.048952186362
2026-04-06 09:15:00,15942.048952186362
2026-04-06 09:30:00,15942.048952186362
2026-04-06 09:45:00,15942.048952186362
2026-04-06 10:00:00,15942.048952186362
2026-04-06 10:15:00,15942.048952186362
2026-04-06 10:30:00,15942.048952186362
2026-04-06 10:45:00,15942.048952186362
2026-04-06 11:00:00,15942.048952186362
2026-04-06 11:15:00,15942.048952186362
2026-04-06 11:30:00,15942.048952186362
2026-04-06 11:45:00,15942.048952186362
2026-04-06 12:00:00,15942.048952186362
2026-04-06 12:15:00,15942.048952186362
2026-04-06 12:30:00,15942.048952186362
2026-04-06 12:45:00,15942.048952186362
2026-04-06 13:00:00,15942.048952186362
2026-04-06 13:15:00,15942.048952186362
2026-04-06 13:30:00,15942.048952186362
2026-04-06 13:45:00,15942.048952186362
2026-04-06 14:00:00,15942.048952186362
2026-04-06 14:15:00,15942.048952186362
2026-04-06 14:30:00,15942.048952186362
2026-04-06 14:45:00,15942.048952186362
2026-04-06 15:00:00,15942.048952186362
2026-04-06 15:15:00,15942.048952186362
2026-04-06 15:30:00,15942.048952186362
2026-04-06 15:45:00,15942.048952186362
2026-04-06 16:00:00,15942.048952186362
2026-04-06 16:15:00,15942.048952186362
2026-04-06 16:30:00,15942.048952186362
2026-04-06 16:45:00,15942.048952186362
2026-04-06 17:00:00,15942.048952186362
2026-04-06 17:15:00,15942.048952186362
2026-04-06 17:30:00,15942.048952186362
2026-04-06 17:45:00,15942.048952186362
2026-04-06 18:00:00,15942.048952186362
2026-04-06 18:15:00,15942.048952186362
2026-04-06 18:30:00,15942.048952186362
2026-04-06 18:45:00,15942.048952186362
2026-04-06 19:00:00,15942.048952186362
2026-04-06 19:15:00,15942.048952186362
2026-04-06 19:30:00,15942.048952186362
2026-04-06 19:45:00,15942.048952186362
2026-04-06 20:00:00,15942.048952186362
2026-04-06 20:15:00,15942.048952186362
2026-04-06 20:30:00,15942.048952186362
2026-04-06 20:45:00,15942.048952186362
2026-04-06 21:00:00,15942.048952186362
2026-04-06 21:15:00,15942.048952186362
2026-04-06 21:30:00,15942.048952186362
2026-04-06 21:45:00,15942.048952186362
2026-04-06 22:00:00,15942.048952186362
2026-04-06 22:15:00,15942.048952186362
2026-04-06 22:30:00,15942.048952186362
2026-04-06 22:45:00,15942.048952186362
2026-04-06 23:00:00,15942.048952186362
2026-04-06 23:15:00,15942.048952186362
2026-04-06 23:30:00,15942.048952186362
2026-04-06 23:45:00,15942.048952186362
2026-04-07 01:00:00,15942.048952186362
2026-04-07 01:15:00,15942.048952186362
2026-04-07 01:30:00,15942.048952186362
2026-04-07 01:45:00,15942.048952186362
2026-04-07 02:00:00,15942.048952186362
2026-04-07 02:15:00,15942.048952186362
2026-04-07 02:30:00,15942.048952186362
2026-04-07 02:45:00,15942.048952186362
2026-04-07 03:00:00,15942.048952186362
2026-04-07 03:15:00,15942.048952186362
2026-04-07 03:30:00,15942.048952186362
2026-04-07 03:45:00,15942.048952186362
2026-04-07 04:00:00,15942.048952186362
2026-04-07 04:15:00,15942.048952186362
2026-04-07 04:30:00,15942.048952186362
2026-04-07 04:45:00,15942.048952186362
2026-04-07 05:00:00,15942.048952186362
2026-04-07 05:15:00,15942.048952186362
2026-04-07 05:30:00,15942.048952186362
2026-04-07 05:45:00,15942.048952186362
2026-04-07 06:00:00,15942.048952186362
2026-04-07 06:15:00,15942.048952186362
2026-04-07 06:30:00,15942.048952186362
2026-04-07 06:45:00,15942.048952186362
2026-04-07 07:00:00,15942.048952186362
2026-04-07 07:15:00,15942.048952186362
2026-04-07 07:30:00,15942.048952186362
2026-04-07 07:45:00,15942.048952186362
2026-04-07 08:00:00,15942.048952186362
2026-04-07 08:15:00,15942.048952186362
2026-04-07 08:30:00,15942.048952186362
2026-04-07 08:45:00,15942.048952186362
2026-04-07 09:00:00,15942.048952186362
2026-04-07 09:15:00,15942.048952186362
2026-04-07 09:30:00,15942.048952186362
2026-04-07 09:45:00,15942.048952186362
2026-04-07 10:00:00,15942.048952186362
2026-04-07 10:15:00,15942.048952186362
2026-04-07 10:30:00,15942.048952186362
2026-04-07 10:45:00,15942.048952186362
2026-04-07 11:00:00,15942.048952186362
2026-04-07 11:15:00,15942.048952186362
2026-04-07 11:30:00,15942.048952186362
2026-04-07 11:45:00,15942.048952186362
2026-04-07 12:00:00,15942.048952186362
2026-04-07 12:15:00,15942.048952186362
2026-04-07 12:30:00,15942.048952186362
2026-04-07 12:45:00,15942.048952186362
2026-04-07 13:00:00,15942.048952186362
2026-04-07 13:15:00,15942.048952186362
2026-04-07 13:30:00,15942.048952186362
2026-04-07 13:45:00,15942.048952186362
2026-04-07 14:00:00,15942.048952186362
2026-04-07 14:15:00,15942.048952186362
2026-04-07 14:30:00,15942.048952186362
2026-04-07 14:45:00,15942.048952186362
2026-04-07 15:00:00,15942.048952186362
2026-04-07 15:15:00,15942.048952186362
2026-04-07 15:30:00,15942.048952186362
2026-04-07 15:45:00,15942.048952186362
2026-04-07 16:00:00,15942.048952186362
2026-04-07 16:15:00,15942.048952186362
2026-04-07 16:30:00,15942.048952186362
2026-04-07 16:45:00,15942.048952186362
2026-04-07 17:00:00,15942.048952186362
2026-04-07 17:15:00,15942.048952186362
2026-04-07 17:30:00,15942.048952186362
2026-04-07 17:45:00,15942.048952186362
2026-04-07 18:00:00,15942.048952186362
2026-04-07 18:15:00,15942.048952186362
2026-04-07 18:30:00,15942.048952186362
2026-04-07 18:45:00,15942.048952186362
2026-04-07 19:00:00,15942.048952186362
2026-04-07 19:15:00,15942.048952186362
2026-04-07 19:30:00,15942.048952186362
2026-04-07 19:45:00,15942.048952186362
2026-04-07 20:00:00,15942.048952186362
2026-04-07 20:15:00,15942.048952186362
2026-04-07 20:30:00,15942.048952186362
2026-04-07 20:45:00,15942.048952186362
2026-04-07 21:00:00,15942.048952186362
2026-04-07 21:15:00,15942.048952186362
2026-04-07 21:30:00,15942.048952186362
2026-04-07 21:45:00,15942.048952186362
2026-04-07 22:00:00,15942.048952186362
2026-04-07 22:15:00,15942.048952186362
2026-04-07 22:30:00,15942.048952186362
2026-04-07 22:45:00,15942.048952186362
2026-04-07 23:00:00,15942.048952186362
2026-04-07 23:15:00,15942.048952186362
2026-04-07 23:30:00,15942.048952186362
2026-04-07 23:45:00,15942.048952186362
2026-04-08 01:00:00,15942.048952186362
2026-04-08 01:15:00,15942.048952186362
2026-04-08 01:30:00,15942.048952186362
2026-04-08 01:45:00,15942.048952186362
2026-04-08 02:00:00,15942.048952186362
2026-04-08 02:15:00,15942.048952186362
2026-04-08 02:30:00,15942.048952186362
2026-04-08 02:45:00,15942.048952186362
2026-04-08 03:00:00,15942.048952186362
2026-04-08 03:15:00,15942.048952186362
2026-04-08 03:30:00,15942.048952186362
2026-04-08 03:45:00,15942.048952186362
2026-04-08 04:00:00,15942.048952186362
2026-04-08 04:15:00,15942.048952186362
2026-04-08 04:30:00,15942.048952186362
2026-04-08 04:45:00,15942.048952186362
2026-04-08 05:00:00,15942.048952186362
2026-04-08 05:15:00,15942.048952186362
2026-04-08 05:30:00,15942.048952186362
2026-04-08 05:45:00,15942.048952186362
2026-04-08 06:00:00,15942.048952186362
2026-04-08 06:15:00,15942.048952186362
2026-04-08 06:30:00,15942.048952186362
2026-04-08 06:45:00,15942.048952186362
2026-04-08 07:00:00,15942.048952186362
2026-04-08 07:15:00,15942.048952186362
2026-04-08 07:30:00,15942.048952186362
2026-04-08 07:45:00,15942.048952186362
2026-04-08 08:00:00,15942.048952186362
2026-04-08 08:15:00,15942.048952186362
2026-04-08 08:30:00,15942.048952186362
2026-04-08 08:45:00,15942.048952186362
2026-04-08 09:00:00,15942.048952186362
2026-04-08 09:15:00,15942.048952186362
2026-04-08 09:30:00,15942.048952186362
2026-04-08 09:45:00,15942.048952186362
2026-04-08 10:00:00,15942.048952186362
2026-04-08 10:15:00,15942.048952186362
2026-04-08 10:30:00,15942.048952186362
2026-04-08 10:45:00,15942.048952186362
2026-04-08 11:00:00,15942.048952186362
2026-04-08 11:15:00,15942.048952186362
2026-04-08 11:30:00,15942.048952186362
2026-04-08 11:45:00,15942.048952186362
2026-04-08 12:00:00,15942.048952186362
2026-04-08 12:15:00,15942.048952186362
2026-04-08 12:30:00,15942.048952186362
2026-04-08 12:45:00,15942.048952186362
2026-04-08 13:00:00,15942.048952186362
2026-04-08 13:15:00,15942.048952186362
2026-04-08 13:30:00,15942.048952186362
2026-04-08 13:45:00,15942.048952186362
2026-04-08 14:00:00,15942.048952186362
2026-04-08 14:15:00,15942.048952186362
2026-04-08 14:30:00,15942.048952186362
2026-04-08 14:45:00,15942.048952186362
2026-04-08 15:00:00,15942.048952186362
2026-04-08 15:15:00,15942.048952186362
2026-04-08 15:30:00,15942.048952186362
2026-04-08 15:45:00,15942.048952186362
2026-04-08 16:00:00,15942.048952186362
2026-04-08 16:15:00,15942.048952186362
2026-04-08 16:30:00,15942.048952186362
2026-04-08 16:45:00,15942.048952186362
2026-04-08 17:00:00,15942.048952186362
2026-04-08 17:15:00,15942.048952186362
2026-04-08 17:30:00,15942.048952186362
2026-04-08 17:45:00,15942.048952186362
2026-04-08 18:00:00,15942.048952186362
2026-04-08 18:15:00,15942.048952186362
2026-04-08 18:30:00,15942.048952186362
2026-04-08 18:45:00,15942.048952186362
2026-04-08 19:00:00,15942.048952186362
2026-04-08 19:15:00,15942.048952186362
2026-04-08 19:30:00,15942.048952186362
2026-04-08 19:45:00,15942.048952186362
2026-04-08 20:00:00,15942.048952186362
2026-04-08 20:15:00,15942.048952186362
2026-04-08 20:30:00,15942.048952186362
2026-04-08 20:45:00,15942.048952186362
2026-04-08 21:00:00,15942.048952186362
2026-04-08 21:15:00,15942.048952186362
2026-04-08 21:30:00,15942.048952186362
2026-04-08 21:45:00,15942.048952186362
2026-04-08 22:00:00,15942.048952186362
2026-04-08 22:15:00,15942.048952186362
2026-04-08 22:30:00,15942.048952186362
2026-04-08 22:45:00,15942.048952186362
2026-04-08 23:00:00,15942.048952186362
2026-04-08 23:15:00,15942.048952186362
2026-04-08 23:30:00,15942.048952186362
2026-04-08 23:45:00,15942.048952186362
2026-04-09 01:00:00,15942.048952186362
2026-04-09 01:15:00,15942.048952186362
2026-04-09 01:30:00,15942.048952186362
2026-04-09 01:45:00,15942.048952186362
2026-04-09 02:00:00,15942.048952186362
2026-04-09 02:15:00,15942.048952186362
2026-04-09 02:30:00,15942.048952186362
2026-04-09 02:45:00,15942.048952186362
2026-04-09 03:00:00,15942.048952186362
2026-04-09 03:15:00,15942.048952186362
2026-04-09 03:30:00,15942.048952186362
2026-04-09 03:45:00,15942.048952186362
2026-04-09 04:00:00,15942.048952186362
2026-04-09 04:15:00,15942.048952186362
2026-04-09 04:30:00,15942.048952186362
2026-04-09 04:45:00,15942.048952186362
2026-04-09 05:00:00,15942.048952186362
2026-04-09 05:15:00,15942.048952186362
2026-04-09 05:30:00,15942.048952186362
2026-04-09 05:45:00,15942.048952186362
2026-04-09 06:00:00,15942.048952186362
2026-04-09 06:15:00,15942.048952186362
2026-04-09 06:30:00,15942.048952186362
2026-04-09 06:45:00,15942.048952186362
2026-04-09 07:00:00,15942.048952186362
2026-04-09 07:15:00,15942.048952186362
2026-04-09 07:30:00,15942.048952186362
2026-04-09 07:45:00,15942.048952186362
2026-04-09 08:00:00,15942.048952186362
2026-04-09 08:15:00,15942.048952186362
2026-04-09 08:30:00,15942.048952186362
2026-04-09 08:45:00,15942.048952186362
2026-04-09 09:00:00,15942.048952186362
2026-04-09 09:15:00,15942.048952186362
2026-04-09 09:30:00,15942.048952186362
2026-04-09 09:45:00,15942.048952186362
2026-04-09 10:00:00,15942.048952186362
2026-04-09 10:15:00,15942.048952186362
2026-04-09 10:30:00,15942.048952186362
2026-04-09 10:45:00,15942.048952186362
2026-04-09 11:00:00,15942.048952186362
2026-04-09 11:15:00,15942.048952186362
2026-04-09 11:30:00,15942.048952186362
2026-04-09 11:45:00,15942.048952186362
2026-04-09 12:00:00,15942.048952186362
2026-04-09 12:15:00,15942.048952186362
2026-04-09 12:30:00,15942.048952186362
2026-04-09 12:45:00,15942.048952186362
2026-04-09 13:00:00,15942.048952186362
2026-04-09 13:15:00,15942.048952186362
2026-04-09 13:30:00,15942.048952186362
2026-04-09 13:45:00,15942.048952186362
2026-04-09 14:00:00,15942.048952186362
2026-04-09 14:15:00,15942.048952186362
2026-04-09 14:30:00,15942.048952186362
2026-04-09 14:45:00,15942.048952186362
2026-04-09 15:00:00,15942.048952186362
2026-04-09 15:15:00,15942.048952186362
2026-04-09 15:30:00,15942.048952186362
2026-04-09 15:45:00,15942.048952186362
2026-04-09 16:00:00,15942.048952186362
2026-04-09 16:15:00,15942.048952186362
2026-04-09 16:30:00,15942.048952186362
2026-04-09 16:45:00,15942.048952186362
2026-04-09 17:00:00,15942.048952186362
2026-04-09 17:15:00,15942.048952186362
2026-04-09 17:30:00,15942.048952186362
2026-04-09 17:45:00,15942.048952186362
2026-04-09 18:00:00,15942.048952186362
2026-04-09 18:15:00,15942.048952186362
2026-04-09 18:30:00,15942.048952186362
2026-04-09 18:45:00,15942.048952186362
2026-04-09 19:00:00,15942.048952186362
2026-04-09 19:15:00,15942.048952186362
2026-04-09 19:30:00,15942.048952186362
2026-04-09 19:45:00,15942.048952186362
2026-04-09 20:00:00,15942.048952186362
2026-04-09 20:15:00,15942.048952186362
2026-04-09 20:30:00,15942.048952186362
2026-04-09 20:45:00,15942.048952186362
2026-04-09 21:00:00,15942.048952186362
2026-04-09 21:15:00,15942.048952186362
2026-04-09 21:30:00,15942.048952186362
2026-04-09 21:45:00,15942.048952186362
2026-04-09 22:00:00,15942.048952186362
2026-04-09 22:15:00,15942.048952186362
2026-04-09 22:30:00,15942.048952186362
2026-04-09 22:45:00,15942.048952186362
2026-04-09 23:00:00,15942.048952186362
2026-04-09 23:15:00,15942.048952186362
2026-04-09 23:30:00,15942.048952186362
2026-04-09 23:45:00,15942.048952186362
2026-04-10 01:00:00,15942.048952186362
2026-04-10 01:15:00,15942.048952186362
2026-04-10 01:30:00,15942.048952186362
2026-04-10 01:45:00,15942.048952186362
2026-04-10 02:00:00,15942.048952186362
2026-04-10 02:15:00,15942.048952186362
2026-04-10 02:30:00,15942.048952186362
2026-04-10 02:45:00,15942.048952186362
2026-04-10 03:00:00,15942.048952186362
2026-04-10 03:15:00,15942.048952186362
2026-04-10 03:30:00,15942.048952186362
2026-04-10 03:45:00,15942.048952186362
2026-04-10 04:00:00,15942.048952186362
2026-04-10 04:15:00,15942.048952186362
2026-04-10 04:30:00,15942.048952186362
2026-04-10 04:45:00,15942.048952186362
2026-04-10 05:00:00,15942.048952186362
2026-04-10 05:15:00,15942.048952186362
2026-04-10 05:30:00,15942.048952186362
2026-04-10 05:45:00,15942.048952186362
2026-04-10 06:00:00,15942.048952186362
2026-04-10 06:15:00,15942.048952186362
2026-04-10 06:30:00,15942.048952186362
2026-04-10 06:45:00,15942.048952186362
2026-04-10 07:00:00,15942.048952186362
2026-04-10 07:15:00,15942.048952186362
2026-04-10 07:30:00,15942.048952186362
2026-04-10 07:45:00,15942.048952186362
2026-04-10 08:00:00,15942.048952186362
2026-04-10 08:15:00,15942.048952186362
2026-04-10 08:30:00,15942.048952186362
2026-04-10 08:45:00,15942.048952186362
2026-04-10 09:00:00,15942.048952186362
2026-04-10 09:15:00,15942.048952186362
2026-04-10 09:30:00,15942.048952186362
2026-04-10 09:45:00,15942.048952186362
2026-04-10 10:00:00,15942.048952186362
2026-04-10 10:15:00,15942.048952186362
2026-04-10 10:30:00,15942.048952186362
2026-04-10 10:45:00,15942.048952186362
2026-04-10 11:00:00,15942.048952186362
2026-04-10 11:15:00,15942.048952186362
2026-04-10 11:30:00,15942.048952186362
2026-04-10 11:45:00,15942.048952186362
2026-04-10 12:00:00,15942.048952186362
2026-04-10 12:15:00,15942.048952186362
2026-04-10 12:30:00,15942.048952186362
2026-04-10 12:45:00,15942.048952186362
2026-04-10 13:00:00,15942.048952186362
2026-04-10 13:15:00,15942.048952186362
2026-04-10 13:30:00,15942.048952186362
2026-04-10 13:45:00,15942.048952186362
2026-04-10 14:00:00,15942.048952186362
2026-04-10 14:15:00,15942.048952186362
2026-04-10 14:30:00,15942.048952186362
2026-04-10 14:45:00,15942.048952186362
2026-04-10 15:00:00,15942.048952186362
2026-04-10 15:15:00,15942.048952186362
2026-04-10 15:30:00,15942.048952186362
2026-04-10 15:45:00,15942.048952186362
2026-04-10 16:00:00,15942.048952186362
2026-04-10 16:15:00,15942.048952186362
2026-04-10 16:30:00,15942.048952186362
2026-04-10 16:45:00,15942.048952186362
2026-04-10 17:00:00,15942.048952186362
2026-04-10 17:15:00,15942.048952186362
2026-04-10 17:30:00,15942.048952186362
2026-04-10 17:45:00,15942.048952186362
2026-04-10 18:00:00,15942.048952186362
2026-04-10 18:15:00,15942.048952186362
2026-04-10 18:30:00,15942.048952186362
2026-04-10 18:45:00,15942.048952186362
2026-04-10 19:00:00,15942.048952186362
2026-04-10 19:15:00,15942.048952186362
2026-04-10 19:30:00,15942.048952186362
2026-04-10 19:45:00,15942.048952186362
2026-04-10 20:00:00,15942.048952186362
2026-04-10 20:15:00,15942.048952186362
2026-04-10 20:30:00,15942.048952186362
2026-04-10 20:45:00,15942.048952186362
2026-04-10 21:00:00,15942.048952186362
2026-04-10 21:15:00,15942.048952186362
2026-04-10 21:30:00,15942.048952186362
2026-04-10 21:45:00,15942.048952186362
2026-04-10 22:00:00,15942.048952186362
2026-04-10 22:15:00,15942.048952186362
2026-04-10 22:30:00,15942.048952186362
2026-04-10 22:45:00,15942.048952186362
2026-04-10 23:00:00,15942.048952186362
2026-04-10 23:15:00,15942.048952186362
2026-04-10 23:30:00,15942.048952186362
2026-04-10 23:45:00,15942.048952186362
2026-04-13 01:00:00,15942.048952186362
2026-04-13 01:15:00,15942.048952186362
2026-04-13 01:30:00,15942.048952186362
2026-04-13 01:45:00,15942.048952186362
2026-04-13 02:00:00,15942.048952186362
2026-04-13 02:15:00,15942.048952186362
2026-04-13 02:30:00,15942.048952186362
2026-04-13 02:45:00,15942.048952186362
2026-04-13 03:00:00,15942.048952186362
2026-04-13 03:15:00,15942.048952186362
2026-04-13 03:30:00,15942.048952186362
2026-04-13 03:45:00,15942.048952186362
2026-04-13 04:00:00,15942.048952186362
2026-04-13 04:15:00,15942.048952186362
2026-04-13 04:30:00,15942.048952186362
2026-04-13 04:45:00,15942.048952186362
2026-04-13 05:00:00,15942.048952186362
2026-04-13 05:15:00,15942.048952186362
2026-04-13 05:30:00,15942.048952186362
2026-04-13 05:45:00,15942.048952186362
2026-04-13 06:00:00,15942.048952186362
2026-04-13 06:15:00,15942.048952186362
2026-04-13 06:30:00,15942.048952186362
2026-04-13 06:45:00,15942.048952186362
2026-04-13 07:00:00,15942.048952186362
2026-04-13 07:15:00,15942.048952186362
2026-04-13 07:30:00,15942.048952186362
2026-04-13 07:45:00,15942.048952186362
2026-04-13 08:00:00,15942.048952186362
2026-04-13 08:15:00,15942.048952186362
2026-04-13 08:30:00,15942.048952186362
2026-04-13 08:45:00,15942.048952186362
2026-04-13 09:00:00,15942.048952186362
2026-04-13 09:15:00,15942.048952186362
2026-04-13 09:30:00,15942.048952186362
2026-04-13 09:45:00,15942.048952186362
2026-04-13 10:00:00,15942.048952186362
2026-04-13 10:15:00,15942.048952186362
2026-04-13 10:30:00,15942.048952186362
2026-04-13 10:45:00,15942.048952186362
2026-04-13 11:00:00,15942.048952186362
2026-04-13 11:15:00,15942.048952186362
2026-04-13 11:30:00,15942.048952186362
2026-04-13 11:45:00,15942.048952186362
2026-04-13 12:00:00,15942.048952186362
2026-04-13 12:15:00,15942.048952186362
2026-04-13 12:30:00,15942.048952186362
2026-04-13 12:45:00,15942.048952186362
2026-04-13 13:00:00,15942.048952186362
2026-04-13 13:15:00,15942.048952186362
2026-04-13 13:30:00,15942.048952186362
2026-04-13 13:45:00,15942.048952186362
2026-04-13 14:00:00,15942.048952186362
2026-04-13 14:15:00,15942.048952186362
2026-04-13 14:30:00,15942.048952186362
2026-04-13 14:45:00,15942.048952186362
2026-04-13 15:00:00,15942.048952186362
2026-04-13 15:15:00,15942.048952186362
2026-04-13 15:30:00,15942.048952186362
2026-04-13 15:45:00,15942.048952186362
2026-04-13 16:00:00,15942.048952186362
2026-04-13 16:15:00,15942.048952186362
2026-04-13 16:30:00,15942.048952186362
2026-04-13 16:45:00,15942.048952186362
2026-04-13 17:00:00,15942.048952186362
2026-04-13 17:15:00,15942.048952186362
2026-04-13 17:30:00,15942.048952186362
2026-04-13 17:45:00,15942.048952186362
2026-04-13 18:00:00,15942.048952186362
2026-04-13 18:15:00,15942.048952186362
2026-04-13 18:30:00,15942.048952186362
2026-04-13 18:45:00,15942.048952186362
2026-04-13 19:00:00,15942.048952186362
2026-04-13 19:15:00,15942.048952186362
2026-04-13 19:30:00,15942.048952186362
2026-04-13 19:45:00,15942.048952186362
2026-04-13 20:00:00,15942.048952186362
2026-04-13 20:15:00,15942.048952186362
2026-04-13 20:30:00,15942.048952186362
2026-04-13 20:45:00,15942.048952186362
2026-04-13 21:00:00,15942.048952186362
2026-04-13 21:15:00,15942.048952186362
2026-04-13 21:30:00,15942.048952186362
2026-04-13 21:45:00,15942.048952186362
2026-04-13 22:00:00,15942.048952186362
2026-04-13 22:15:00,15942.048952186362
2026-04-13 22:30:00,15942.048952186362
2026-04-13 22:45:00,15942.048952186362
2026-04-13 23:00:00,15942.048952186362
2026-04-13 23:15:00,15942.048952186362
2026-04-13 23:30:00,15942.048952186362
2026-04-13 23:45:00,15942.048952186362
2026-04-14 01:00:00,15942.048952186362
2026-04-14 01:15:00,15942.048952186362
2026-04-14 01:30:00,15942.048952186362
2026-04-14 01:45:00,15942.048952186362
2026-04-14 02:00:00,15942.048952186362
2026-04-14 02:15:00,15942.048952186362
2026-04-14 02:30:00,15942.048952186362
2026-04-14 02:45:00,15942.048952186362
2026-04-14 03:00:00,15942.048952186362
2026-04-14 03:15:00,15942.048952186362
2026-04-14 03:30:00,15942.048952186362
2026-04-14 03:45:00,15942.048952186362
2026-04-14 04:00:00,15942.048952186362
2026-04-14 04:15:00,15942.048952186362
2026-04-14 04:30:00,15942.048952186362
2026-04-14 04:45:00,15942.048952186362
2026-04-14 05:00:00,15942.048952186362
2026-04-14 05:15:00,15942.048952186362
2026-04-14 05:30:00,15942.048952186362
2026-04-14 05:45:00,15942.048952186362
2026-04-14 06:00:00,15942.048952186362
2026-04-14 06:15:00,15942.048952186362
2026-04-14 06:30:00,15942.048952186362
2026-04-14 06:45:00,15942.048952186362
2026-04-14 07:00:00,15942.048952186362
2026-04-14 07:15:00,15942.048952186362
2026-04-14 07:30:00,15942.048952186362
2026-04-14 07:45:00,15942.048952186362
2026-04-14 08:00:00,15942.048952186362
2026-04-14 08:15:00,15942.048952186362
2026-04-14 08:30:00,15942.048952186362
2026-04-14 08:45:00,15942.048952186362
2026-04-14 09:00:00,15942.048952186362
2026-04-14 09:15:00,15942.048952186362
2026-04-14 09:30:00,15942.048952186362
2026-04-14 09:45:00,15942.048952186362
2026-04-14 10:00:00,15942.048952186362
2026-04-14 10:15:00,15942.048952186362
2026-04-14 10:30:00,15942.048952186362
2026-04-14 10:45:00,15942.048952186362
2026-04-14 11:00:00,15942.048952186362
2026-04-14 11:15:00,15942.048952186362
2026-04-14 11:30:00,15942.048952186362
2026-04-14 11:45:00,15942.048952186362
2026-04-14 12:00:00,15942.048952186362
2026-04-14 12:15:00,15942.048952186362
2026-04-14 12:30:00,15942.048952186362
2026-04-14 12:45:00,15942.048952186362
2026-04-14 13:00:00,15942.048952186362
2026-04-14 13:15:00,15942.048952186362
2026-04-14 13:30:00,15942.048952186362
2026-04-14 13:45:00,15942.048952186362
2026-04-14 14:00:00,15942.048952186362
2026-04-14 14:15:00,15942.048952186362
2026-04-14 14:30:00,15942.048952186362
2026-04-14 14:45:00,15942.048952186362
2026-04-14 15:00:00,15942.048952186362
2026-04-14 15:15:00,15942.048952186362
2026-04-14 15:30:00,15942.048952186362
2026-04-14 15:45:00,15942.048952186362
2026-04-14 16:00:00,15942.048952186362
2026-04-14 16:15:00,15942.048952186362
2026-04-14 16:30:00,15942.048952186362
2026-04-14 16:45:00,15942.048952186362
2026-04-14 17:00:00,15942.048952186362
2026-04-14 17:15:00,15942.048952186362
2026-04-14 17:30:00,15942.048952186362
2026-04-14 17:45:00,15942.048952186362
2026-04-14 18:00:00,15942.048952186362
2026-04-14 18:15:00,15942.048952186362
2026-04-14 18:30:00,15942.048952186362
2026-04-14 18:45:00,15942.048952186362
2026-04-14 19:00:00,15942.048952186362
2026-04-14 19:15:00,15942.048952186362
2026-04-14 19:30:00,15942.048952186362
2026-04-14 19:45:00,15942.048952186362
2026-04-14 20:00:00,15942.048952186362
2026-04-14 20:15:00,15942.048952186362
2026-04-14 20:30:00,15942.048952186362
2026-04-14 20:45:00,15942.048952186362
2026-04-14 21:00:00,15942.048952186362
2026-04-14 21:15:00,15942.048952186362
2026-04-14 21:30:00,15942.048952186362
2026-04-14 21:45:00,15942.048952186362
2026-04-14 22:00:00,15942.048952186362
2026-04-14 22:15:00,15942.048952186362
2026-04-14 22:30:00,15942.048952186362
2026-04-14 22:45:00,15942.048952186362
2026-04-14 23:00:00,15942.048952186362
2026-04-14 23:15:00,15942.048952186362
2026-04-14 23:30:00,15942.048952186362
2026-04-14 23:45:00,15942.048952186362
2026-04-15 01:00:00,15942.048952186362
2026-04-15 01:15:00,15942.048952186362
2026-04-15 01:30:00,15942.048952186362
2026-04-15 01:45:00,15942.048952186362
2026-04-15 02:00:00,15942.048952186362
2026-04-15 02:15:00,15942.048952186362
2026-04-15 02:30:00,15942.048952186362
2026-04-15 02:45:00,15942.048952186362
2026-04-15 03:00:00,15942.048952186362
2026-04-15 03:15:00,15942.048952186362
2026-04-15 03:30:00,15942.048952186362
2026-04-15 03:45:00,15942.048952186362
2026-04-15 04:00:00,15942.048952186362
2026-04-15 04:15:00,15942.048952186362
2026-04-15 04:30:00,15942.048952186362
2026-04-15 04:45:00,15942.048952186362
2026-04-15 05:00:00,15942.048952186362
2026-04-15 05:15:00,15942.048952186362
2026-04-15 05:30:00,15942.048952186362
2026-04-15 05:45:00,15942.048952186362
2026-04-15 06:00:00,15942.048952186362
2026-04-15 06:15:00,15942.048952186362
2026-04-15 06:30:00,15942.048952186362
2026-04-15 06:45:00,15942.048952186362
2026-04-15 07:00:00,15942.048952186362
2026-04-15 07:15:00,15942.048952186362
2026-04-15 07:30:00,15942.048952186362
2026-04-15 07:45:00,15942.048952186362
2026-04-15 08:00:00,15942.048952186362
2026-04-15 08:15:00,15942.048952186362
2026-04-15 08:30:00,15942.048952186362
2026-04-15 08:45:00,15942.048952186362
2026-04-15 09:00:00,15942.048952186362
2026-04-15 09:15:00,15942.048952186362
2026-04-15 09:30:00,15942.048952186362
2026-04-15 09:45:00,15942.048952186362
2026-04-15 10:00:00,15942.048952186362
2026-04-15 10:15:00,15942.048952186362
2026-04-15 10:30:00,15942.048952186362
2026-04-15 10:45:00,15942.048952186362
2026-04-15 11:00:00,15942.048952186362
2026-04-15 11:15:00,15942.048952186362
2026-04-15 11:30:00,15942.048952186362
2026-04-15 11:45:00,15942.048952186362
2026-04-15 12:00:00,15942.048952186362
2026-04-15 12:15:00,15942.048952186362
2026-04-15 12:30:00,15942.048952186362
2026-04-15 12:45:00,15942.048952186362
2026-04-15 13:00:00,15942.048952186362
2026-04-15 13:15:00,15942.048952186362
2026-04-15 13:30:00,15942.048952186362
2026-04-15 13:45:00,15942.048952186362
2026-04-15 14:00:00,15942.048952186362
2026-04-15 14:15:00,15942.048952186362
2026-04-15 14:30:00,15942.048952186362
2026-04-15 14:45:00,15942.048952186362
2026-04-15 15:00:00,15942.048952186362
2026-04-15 15:15:00,15942.048952186362
2026-04-15 15:30:00,15942.048952186362
2026-04-15 15:45:00,15942.048952186362
2026-04-15 16:00:00,15942.048952186362
2026-04-15 16:15:00,15942.048952186362
2026-04-15 16:30:00,15942.048952186362
2026-04-15 16:45:00,15942.048952186362
2026-04-15 17:00:00,15942.048952186362
2026-04-15 17:15:00,15942.048952186362
2026-04-15 17:30:00,15942.048952186362
2026-04-15 17:45:00,15942.048952186362
2026-04-15 18:00:00,15942.048952186362
2026-04-15 18:15:00,15942.048952186362
2026-04-15 18:30:00,15942.048952186362
2026-04-15 18:45:00,15942.048952186362
2026-04-15 19:00:00,15942.048952186362
2026-04-15 19:15:00,15942.048952186362
2026-04-15 19:30:00,15942.048952186362
2026-04-15 19:45:00,15942.048952186362
2026-04-15 20:00:00,15942.048952186362
2026-04-15 20:15:00,15942.048952186362
2026-04-15 20:30:00,15942.048952186362
2026-04-15 20:45:00,15942.048952186362
2026-04-15 21:00:00,15942.048952186362
2026-04-15 21:15:00,15942.048952186362
2026-04-15 21:30:00,15942.048952186362
2026-04-15 21:45:00,15942.048952186362
2026-04-15 22:00:00,15942.048952186362
2026-04-15 22:15:00,15942.048952186362
2026-04-15 22:30:00,15942.048952186362
2026-04-15 22:45:00,15942.048952186362
2026-04-15 23:00:00,15942.048952186362
2026-04-15 23:15:00,15942.048952186362
2026-04-15 23:30:00,15942.048952186362
2026-04-15 23:45:00,15942.048952186362
2026-04-16 01:00:00,15942.048952186362
2026-04-16 01:15:00,15942.048952186362
2026-04-16 01:30:00,15942.048952186362
2026-04-16 01:45:00,15942.048952186362
2026-04-16 02:00:00,15942.048952186362
2026-04-16 02:15:00,15942.048952186362
2026-04-16 02:30:00,15942.048952186362
2026-04-16 02:45:00,15942.048952186362
2026-04-16 03:00:00,15942.048952186362
2026-04-16 03:15:00,15942.048952186362
2026-04-16 03:30:00,15942.048952186362
2026-04-16 03:45:00,15942.048952186362
2026-04-16 04:00:00,15942.048952186362
2026-04-16 04:15:00,15942.048952186362
2026-04-16 04:30:00,15942.048952186362
2026-04-16 04:45:00,15942.048952186362
2026-04-16 05:00:00,15942.048952186362
2026-04-16 05:15:00,15942.048952186362
2026-04-16 05:30:00,15942.048952186362
2026-04-16 05:45:00,15942.048952186362
2026-04-16 06:00:00,15942.048952186362
2026-04-16 06:15:00,15942.048952186362
2026-04-16 06:30:00,15942.048952186362
2026-04-16 06:45:00,15942.048952186362
2026-04-16 07:00:00,15942.048952186362
2026-04-16 07:15:00,15942.048952186362
2026-04-16 07:30:00,15942.048952186362
2026-04-16 07:45:00,15942.048952186362
2026-04-16 08:00:00,15942.048952186362
2026-04-16 08:15:00,15942.048952186362
2026-04-16 08:30:00,15942.048952186362
2026-04-16 08:45:00,15942.048952186362
2026-04-16 09:00:00,15942.048952186362
2026-04-16 09:15:00,15942.048952186362
2026-04-16 09:30:00,15942.048952186362
2026-04-16 09:45:00,15942.048952186362
2026-04-16 10:00:00,15942.048952186362
2026-04-16 10:15:00,15942.048952186362
2026-04-16 10:30:00,15942.048952186362
2026-04-16 10:45:00,15942.048952186362
2026-04-16 11:00:00,15942.048952186362
2026-04-16 11:15:00,15942.048952186362
2026-04-16 11:30:00,15942.048952186362
2026-04-16 11:45:00,15942.048952186362
2026-04-16 12:00:00,15942.048952186362
2026-04-16 12:15:00,15942.048952186362
2026-04-16 12:30:00,15942.048952186362
2026-04-16 12:45:00,15942.048952186362
2026-04-16 13:00:00,15942.048952186362
2026-04-16 13:15:00,15942.048952186362
2026-04-16 13:30:00,15942.048952186362
2026-04-16 13:45:00,15942.048952186362
2026-04-16 14:00:00,15942.048952186362
2026-04-16 14:15:00,15942.048952186362
2026-04-16 14:30:00,15942.048952186362
2026-04-16 14:45:00,15942.048952186362
2026-04-16 15:00:00,15942.048952186362
2026-04-16 15:15:00,15942.048952186362
2026-04-16 15:30:00,15942.048952186362
2026-04-16 15:45:00,15942.048952186362
2026-04-16 16:00:00,15942.048952186362
2026-04-16 16:15:00,15942.048952186362
2026-04-16 16:30:00,15942.048952186362
2026-04-16 16:45:00,15942.048952186362
2026-04-16 17:00:00,15942.048952186362
2026-04-16 17:15:00,15942.048952186362
2026-04-16 17:30:00,15942.048952186362
2026-04-16 17:45:00,15942.048952186362
2026-04-16 18:00:00,15942.048952186362
2026-04-16 18:15:00,15942.048952186362
2026-04-16 18:30:00,15942.048952186362
2026-04-16 18:45:00,15942.048952186362
2026-04-16 19:00:00,15942.048952186362
2026-04-16 19:15:00,15942.048952186362
2026-04-16 19:30:00,15942.048952186362
2026-04-16 19:45:00,15942.048952186362
2026-04-16 20:00:00,15942.048952186362
2026-04-16 20:15:00,15942.048952186362
2026-04-16 20:30:00,15942.048952186362
2026-04-16 20:45:00,15942.048952186362
2026-04-16 21:00:00,15942.048952186362
2026-04-16 21:15:00,15942.048952186362
2026-04-16 21:30:00,15942.048952186362
2026-04-16 21:45:00,15942.048952186362
2026-04-16 22:00:00,15942.048952186362
2026-04-16 22:15:00,15942.048952186362
2026-04-16 22:30:00,15942.048952186362
2026-04-16 22:45:00,15942.048952186362
2026-04-16 23:00:00,15942.048952186362
2026-04-16 23:15:00,15942.048952186362
2026-04-16 23:30:00,15942.048952186362
2026-04-16 23:45:00,15942.048952186362
2026-04-17 01:00:00,15942.048952186362
2026-04-17 01:15:00,15942.048952186362
2026-04-17 01:30:00,15942.048952186362
2026-04-17 01:45:00,15942.048952186362
2026-04-17 02:00:00,15942.048952186362
2026-04-17 02:15:00,15942.048952186362
2026-04-17 02:30:00,15942.048952186362
2026-04-17 02:45:00,15942.048952186362
2026-04-17 03:00:00,15942.048952186362
2026-04-17 03:15:00,15942.048952186362
2026-04-17 03:30:00,15942.048952186362
2026-04-17 03:45:00,15942.048952186362
2026-04-17 04:00:00,15942.048952186362
2026-04-17 04:15:00,15942.048952186362
2026-04-17 04:30:00,15942.048952186362
2026-04-17 04:45:00,15942.048952186362
2026-04-17 05:00:00,15942.048952186362
2026-04-17 05:15:00,15942.048952186362
2026-04-17 05:30:00,15942.048952186362
2026-04-17 05:45:00,15942.048952186362
2026-04-17 06:00:00,15942.048952186362
2026-04-17 06:15:00,15942.048952186362
2026-04-17 06:30:00,15942.048952186362
2026-04-17 06:45:00,15942.048952186362
2026-04-17 07:00:00,15942.048952186362
2026-04-17 07:15:00,15942.048952186362
2026-04-17 07:30:00,15942.048952186362
2026-04-17 07:45:00,15942.048952186362
2026-04-17 08:00:00,15942.048952186362
2026-04-17 08:15:00,15942.048952186362
2026-04-17 08:30:00,15942.048952186362
2026-04-17 08:45:00,15942.048952186362
2026-04-17 09:00:00,15942.048952186362
2026-04-17 09:15:00,15942.048952186362
2026-04-17 09:30:00,15942.048952186362
2026-04-17 09:45:00,15942.048952186362
2026-04-17 10:00:00,15942.048952186362
2026-04-17 10:15:00,15942.048952186362
2026-04-17 10:30:00,15942.048952186362
2026-04-17 10:45:00,15942.048952186362
2026-04-17 11:00:00,15942.048952186362
2026-04-17 11:15:00,15942.048952186362
2026-04-17 11:30:00,15942.048952186362
2026-04-17 11:45:00,15942.048952186362
2026-04-17 12:00:00,15942.048952186362
2026-04-17 12:15:00,15942.048952186362
2026-04-17 12:30:00,15942.048952186362
2026-04-17 12:45:00,15942.048952186362
2026-04-17 13:00:00,15942.048952186362
2026-04-17 13:15:00,15942.048952186362
2026-04-17 13:30:00,15942.048952186362
2026-04-17 13:45:00,15942.048952186362
2026-04-17 14:00:00,15942.048952186362
2026-04-17 14:15:00,15942.048952186362
2026-04-17 14:30:00,15942.048952186362
2026-04-17 14:45:00,15942.048952186362
2026-04-17 15:00:00,15942.048952186362
2026-04-17 15:15:00,15942.048952186362
2026-04-17 15:30:00,15942.048952186362
2026-04-17 15:45:00,15942.048952186362
2026-04-17 16:00:00,15942.048952186362
2026-04-17 16:15:00,15942.048952186362
2026-04-17 16:30:00,15942.048952186362
2026-04-17 16:45:00,15942.048952186362
2026-04-17 17:00:00,15942.048952186362
2026-04-17 17:15:00,15942.048952186362
2026-04-17 17:30:00,15942.048952186362
2026-04-17 17:45:00,15942.048952186362
2026-04-17 18:00:00,15942.048952186362
2026-04-17 18:15:00,15942.048952186362
2026-04-17 18:30:00,15942.048952186362
2026-04-17 18:45:00,15942.048952186362
2026-04-17 19:00:00,15942.048952186362
2026-04-17 19:15:00,15942.048952186362
2026-04-17 19:30:00,15942.048952186362
2026-04-17 19:45:00,15942.048952186362
2026-04-17 20:00:00,15942.048952186362
2026-04-17 20:15:00,15942.048952186362
2026-04-17 20:30:00,15942.048952186362
2026-04-17 20:45:00,15942.048952186362
2026-04-17 21:00:00,15942.048952186362
2026-04-17 21:15:00,15942.048952186362
2026-04-17 21:30:00,15942.048952186362
2026-04-17 21:45:00,15942.048952186362
2026-04-17 22:00:00,15942.048952186362
2026-04-17 22:15:00,15942.048952186362
2026-04-17 22:30:00,15942.048952186362
2026-04-17 22:45:00,15942.048952186362
2026-04-17 23:00:00,15942.048952186362
2026-04-17 23:15:00,15942.048952186362
2026-04-17 23:30:00,15942.048952186362
2026-04-17 23:45:00,15942.048952186362
2026-04-20 01:00:00,15942.048952186362
2026-04-20 01:15:00,15942.048952186362
2026-04-20 01:30:00,15942.048952186362
2026-04-20 01:45:00,15942.048952186362
2026-04-20 02:00:00,15942.048952186362
2026-04-20 02:15:00,15942.048952186362
2026-04-20 02:30:00,15942.048952186362
2026-04-20 02:45:00,15942.048952186362
2026-04-20 03:00:00,15942.048952186362
2026-04-20 03:15:00,15942.048952186362
2026-04-20 03:30:00,15942.048952186362
2026-04-20 03:45:00,15942.048952186362
2026-04-20 04:00:00,15942.048952186362
2026-04-20 04:15:00,15942.048952186362
2026-04-20 04:30:00,15942.048952186362
2026-04-20 04:45:00,15942.048952186362
2026-04-20 05:00:00,15942.048952186362
2026-04-20 05:15:00,15942.048952186362
2026-04-20 05:30:00,15942.048952186362
2026-04-20 05:45:00,15942.048952186362
2026-04-20 06:00:00,15942.048952186362
2026-04-20 06:15:00,15942.048952186362
2026-04-20 06:30:00,15942.048952186362
2026-04-20 06:45:00,15942.048952186362
2026-04-20 07:00:00,15942.048952186362
2026-04-20 07:15:00,15942.048952186362
2026-04-20 07:30:00,15942.048952186362
2026-04-20 07:45:00,15942.048952186362
2026-04-20 08:00:00,15942.048952186362
2026-04-20 08:15:00,15942.048952186362
2026-04-20 08:30:00,15942.048952186362
2026-04-20 08:45:00,15942.048952186362
2026-04-20 09:00:00,15942.048952186362
2026-04-20 09:15:00,15942.048952186362
2026-04-20 09:30:00,15942.048952186362
2026-04-20 09:45:00,15942.048952186362
2026-04-20 10:00:00,15942.048952186362
2026-04-20 10:15:00,15942.048952186362
2026-04-20 10:30:00,15942.048952186362
2026-04-20 10:45:00,15942.048952186362
2026-04-20 11:00:00,15942.048952186362
2026-04-20 11:15:00,15942.048952186362
2026-04-20 11:30:00,15942.048952186362
2026-04-20 11:45:00,15942.048952186362
2026-04-20 12:00:00,15942.048952186362
2026-04-20 12:15:00,15942.048952186362
2026-04-20 12:30:00,15942.048952186362
2026-04-20 12:45:00,15942.048952186362
2026-04-20 13:00:00,15942.048952186362
2026-04-20 13:15:00,15942.048952186362
2026-04-20 13:30:00,15942.048952186362
2026-04-20 13:45:00,15942.048952186362
2026-04-20 14:00:00,15942.048952186362
2026-04-20 14:15:00,15942.048952186362
2026-04-20 14:30:00,15942.048952186362
2026-04-20 14:45:00,15942.048952186362
2026-04-20 15:00:00,15942.048952186362
2026-04-20 15:15:00,15942.048952186362
2026-04-20 15:30:00,15942.048952186362
2026-04-20 15:45:00,15942.048952186362
2026-04-20 16:00:00,15942.048952186362
2026-04-20 16:15:00,15942.048952186362
2026-04-20 16:30:00,15942.048952186362
2026-04-20 16:45:00,15942.048952186362
2026-04-20 17:00:00,15942.048952186362
2026-04-20 17:15:00,15942.048952186362
2026-04-20 17:30:00,15942.048952186362
2026-04-20 17:45:00,15942.048952186362
2026-04-20 18:00:00,15942.048952186362
2026-04-20 18:15:00,15942.048952186362
2026-04-20 18:30:00,15942.048952186362
2026-04-20 18:45:00,15942.048952186362
2026-04-20 19:00:00,15942.048952186362
2026-04-20 19:15:00,15942.048952186362
2026-04-20 19:30:00,15942.048952186362
2026-04-20 19:45:00,15942.048952186362
2026-04-20 20:00:00,15942.048952186362
2026-04-20 20:15:00,15942.048952186362
2026-04-20 20:30:00,15942.048952186362
2026-04-20 20:45:00,15942.048952186362
2026-04-20 21:00:00,15942.048952186362
2026-04-20 21:15:00,15942.048952186362
2026-04-20 21:30:00,15942.048952186362
2026-04-20 21:45:00,15942.048952186362
2026-04-20 22:00:00,15942.048952186362
2026-04-20 22:15:00,15942.048952186362
2026-04-20 22:30:00,15942.048952186362
2026-04-20 22:45:00,15942.048952186362
2026-04-20 23:00:00,15942.048952186362
2026-04-20 23:15:00,15942.048952186362
2026-04-20 23:30:00,15942.048952186362
2026-04-20 23:45:00,15942.048952186362
2026-04-21 01:00:00,15942.048952186362
2026-04-21 01:15:00,15942.048952186362
2026-04-21 01:30:00,15942.048952186362
2026-04-21 01:45:00,15942.048952186362
2026-04-21 02:00:00,15942.048952186362
2026-04-21 02:15:00,15942.048952186362
2026-04-21 02:30:00,15942.048952186362
2026-04-21 02:45:00,15942.048952186362
2026-04-21 03:00:00,15942.048952186362
2026-04-21 03:15:00,15942.048952186362
2026-04-21 03:30:00,15942.048952186362
2026-04-21 03:45:00,15942.048952186362
2026-04-21 04:00:00,15942.048952186362
2026-04-21 04:15:00,15942.048952186362
2026-04-21 04:30:00,15942.048952186362
2026-04-21 04:45:00,15942.048952186362
2026-04-21 05:00:00,15942.048952186362
2026-04-21 05:15:00,15942.048952186362
2026-04-21 05:30:00,15942.048952186362
2026-04-21 05:45:00,15942.048952186362
2026-04-21 06:00:00,15942.048952186362
2026-04-21 06:15:00,15942.048952186362
2026-04-21 06:30:00,15942.048952186362
2026-04-21 06:45:00,15942.048952186362
2026-04-21 07:00:00,15942.048952186362
2026-04-21 07:15:00,15942.048952186362
2026-04-21 07:30:00,15942.048952186362
2026-04-21 07:45:00,15942.048952186362
2026-04-21 08:00:00,15942.048952186362
2026-04-21 08:15:00,15942.048952186362
2026-04-21 08:30:00,15942.048952186362
2026-04-21 08:45:00,15942.048952186362
2026-04-21 09:00:00,15942.048952186362
2026-04-21 09:15:00,15942.048952186362
2026-04-21 09:30:00,15942.048952186362
2026-04-21 09:45:00,15942.048952186362
2026-04-21 10:00:00,15942.048952186362
2026-04-21 10:15:00,15942.048952186362
2026-04-21 10:30:00,15942.048952186362
2026-04-21 10:45:00,15942.048952186362
2026-04-21 11:00:00,15942.048952186362
2026-04-21 11:15:00,15942.048952186362
2026-04-21 11:30:00,15942.048952186362
2026-04-21 11:45:00,15942.048952186362
2026-04-21 12:00:00,15942.048952186362
2026-04-21 12:15:00,15942.048952186362
2026-04-21 12:30:00,15942.048952186362
2026-04-21 12:45:00,15942.048952186362
2026-04-21 13:00:00,15942.048952186362
2026-04-21 13:15:00,15942.048952186362
2026-04-21 13:30:00,15942.048952186362
2026-04-21 13:45:00,15942.048952186362
2026-04-21 14:00:00,15942.048952186362
2026-04-21 14:15:00,15942.048952186362
2026-04-21 14:30:00,15942.048952186362
2026-04-21 14:45:00,15942.048952186362
2026-04-21 15:00:00,15942.048952186362
2026-04-21 15:15:00,15942.048952186362
2026-04-21 15:30:00,15942.048952186362
2026-04-21 15:45:00,15942.048952186362
2026-04-21 16:00:00,15942.048952186362
2026-04-21 16:15:00,15942.048952186362
2026-04-21 16:30:00,15942.048952186362
2026-04-21 16:45:00,15942.048952186362
2026-04-21 17:00:00,15942.048952186362
2026-04-21 17:15:00,15942.048952186362
2026-04-21 17:30:00,15942.048952186362
2026-04-21 17:45:00,15942.048952186362
2026-04-21 18:00:00,15942.048952186362
2026-04-21 18:15:00,15942.048952186362
2026-04-21 18:30:00,15942.048952186362
2026-04-21 18:45:00,15942.048952186362
2026-04-21 19:00:00,15942.048952186362
2026-04-21 19:15:00,15942.048952186362
2026-04-21 19:30:00,15942.048952186362
2026-04-21 19:45:00,15942.048952186362
2026-04-21 20:00:00,15942.048952186362
2026-04-21 20:15:00,15942.048952186362
2026-04-21 20:30:00,15942.048952186362
2026-04-21 20:45:00,15942.048952186362
2026-04-21 21:00:00,15942.048952186362
2026-04-21 21:15:00,15942.048952186362
2026-04-21 21:30:00,15942.048952186362
2026-04-21 21:45:00,15942.048952186362
2026-04-21 22:00:00,15942.048952186362
2026-04-21 22:15:00,15942.048952186362
2026-04-21 22:30:00,15942.048952186362
2026-04-21 22:45:00,15942.048952186362
2026-04-21 23:00:00,15942.048952186362
2026-04-21 23:15:00,15942.048952186362
2026-04-21 23:30:00,15942.048952186362
2026-04-21 23:45:00,15942.048952186362
2026-04-22 01:00:00,15942.048952186362
2026-04-22 01:15:00,15942.048952186362
2026-04-22 01:30:00,15942.048952186362
2026-04-22 01:45:00,15942.048952186362
2026-04-22 02:00:00,15942.048952186362
2026-04-22 02:15:00,15942.048952186362
2026-04-22 02:30:00,15942.048952186362
2026-04-22 02:45:00,15942.048952186362
2026-04-22 03:00:00,15942.048952186362
2026-04-22 03:15:00,15942.048952186362
2026-04-22 03:30:00,15942.048952186362
2026-04-22 03:45:00,15942.048952186362
2026-04-22 04:00:00,15942.048952186362
2026-04-22 04:15:00,15942.048952186362
2026-04-22 04:30:00,15942.048952186362
2026-04-22 04:45:00,15942.048952186362
2026-04-22 05:00:00,15942.048952186362
2026-04-22 05:15:00,15942.048952186362
2026-04-22 05:30:00,15942.048952186362
2026-04-22 05:45:00,15942.048952186362
2026-04-22 06:00:00,15942.048952186362
2026-04-22 06:15:00,15942.048952186362
2026-04-22 06:30:00,15942.048952186362
2026-04-22 06:45:00,15942.048952186362
2026-04-22 07:00:00,15942.048952186362
2026-04-22 07:15:00,15942.048952186362
2026-04-22 07:30:00,15942.048952186362
2026-04-22 07:45:00,15942.048952186362
2026-04-22 08:00:00,15942.048952186362
2026-04-22 08:15:00,15942.048952186362
2026-04-22 08:30:00,15942.048952186362
2026-04-22 08:45:00,15942.048952186362
2026-04-22 09:00:00,15942.048952186362
2026-04-22 09:15:00,15942.048952186362
2026-04-22 09:30:00,15942.048952186362
2026-04-22 09:45:00,15942.048952186362
2026-04-22 10:00:00,15942.048952186362
2026-04-22 10:15:00,15942.048952186362
2026-04-22 10:30:00,15942.048952186362
2026-04-22 10:45:00,15942.048952186362
2026-04-22 11:00:00,15942.048952186362
2026-04-22 11:15:00,15942.048952186362
2026-04-22 11:30:00,15942.048952186362
2026-04-22 11:45:00,15942.048952186362
2026-04-22 12:00:00,15942.048952186362
2026-04-22 12:15:00,15942.048952186362
2026-04-22 12:30:00,15942.048952186362
2026-04-22 12:45:00,15942.048952186362
2026-04-22 13:00:00,15942.048952186362
2026-04-22 13:15:00,15942.048952186362
2026-04-22 13:30:00,15942.048952186362
2026-04-22 13:45:00,15942.048952186362
2026-04-22 14:00:00,15942.048952186362
2026-04-22 14:15:00,15942.048952186362
2026-04-22 14:30:00,15942.048952186362
2026-04-22 14:45:00,15942.048952186362
2026-04-22 15:00:00,15942.048952186362
2026-04-22 15:15:00,15942.048952186362
2026-04-22 15:30:00,15942.048952186362
2026-04-22 15:45:00,15942.048952186362
2026-04-22 16:00:00,15942.048952186362
2026-04-22 16:15:00,15942.048952186362
2026-04-22 16:30:00,15942.048952186362
2026-04-22 16:45:00,15942.048952186362
2026-04-22 17:00:00,15942.048952186362
2026-04-22 17:15:00,15942.048952186362
2026-04-22 17:30:00,15942.048952186362
2026-04-22 17:45:00,15942.048952186362
2026-04-22 18:00:00,15942.048952186362
2026-04-22 18:15:00,15942.048952186362
2026-04-22 18:30:00,15942.048952186362
2026-04-22 18:45:00,15942.048952186362
2026-04-22 19:00:00,15942.048952186362
2026-04-22 19:15:00,15942.048952186362
2026-04-22 19:30:00,15942.048952186362
2026-04-22 19:45:00,15942.048952186362
2026-04-22 20:00:00,15942.048952186362
2026-04-22 20:15:00,15942.048952186362
2026-04-22 20:30:00,15942.048952186362
2026-04-22 20:45:00,15942.048952186362
2026-04-22 21:00:00,15942.048952186362
2026-04-22 21:15:00,15942.048952186362
2026-04-22 21:30:00,15942.048952186362
2026-04-22 21:45:00,15942.048952186362
2026-04-22 22:00:00,15942.048952186362
2026-04-22 22:15:00,15942.048952186362
2026-04-22 22:30:00,15942.048952186362
2026-04-22 22:45:00,15942.048952186362
2026-04-22 23:00:00,15942.048952186362
2026-04-22 23:15:00,15942.048952186362
2026-04-22 23:30:00,15942.048952186362
2026-04-22 23:45:00,15942.048952186362
2026-04-23 01:00:00,15942.048952186362
2026-04-23 01:15:00,15942.048952186362
2026-04-23 01:30:00,15942.048952186362
2026-04-23 01:45:00,15942.048952186362
2026-04-23 02:00:00,15942.048952186362
2026-04-23 02:15:00,15942.048952186362
2026-04-23 02:30:00,15942.048952186362
2026-04-23 02:45:00,15942.048952186362
2026-04-23 03:00:00,15942.048952186362
2026-04-23 03:15:00,15942.048952186362
2026-04-23 03:30:00,15942.048952186362
2026-04-23 03:45:00,15942.048952186362
2026-04-23 04:00:00,15942.048952186362
2026-04-23 04:15:00,15942.048952186362
2026-04-23 04:30:00,15942.048952186362
2026-04-23 04:45:00,15942.048952186362
2026-04-23 05:00:00,15942.048952186362
