time,portfolio_equity
2026-01-27 22:15:00,100000.0
2026-01-27 22:30:00,100000.0
2026-01-27 22:45:00,100000.0
2026-01-27 23:00:00,100000.0
2026-01-27 23:15:00,100000.0
2026-01-27 23:30:00,100000.0
2026-01-27 23:45:00,100000.0
2026-01-28 01:00:00,100000.0
2026-01-28 01:15:00,100000.0
2026-01-28 01:30:00,100000.0
2026-01-28 01:45:00,100000.0
2026-01-28 02:00:00,99666.66666666667
2026-01-28 02:15:00,99336.66666666667
2026-01-28 02:30:00,99336.66666666667
2026-01-28 02:45:00,100316.76666666668
2026-01-28 03:00:00,100316.76666666668
2026-01-28 03:15:00,100316.76666666668
2026-01-28 03:30:00,100316.76666666668
2026-01-28 03:45:00,102366.05775666666
2026-01-28 04:00:00,102366.05775666666
2026-01-28 04:15:00,102366.05775666666
2026-01-28 04:30:00,102366.05775666666
2026-01-28 04:45:00,102366.05775666666
2026-01-28 05:00:00,104540.15067404766
2026-01-28 05:15:00,104540.15067404766
2026-01-28 05:30:00,104161.41583397385
2026-01-28 05:45:00,104161.41583397385
2026-01-28 06:00:00,104161.41583397385
2026-01-28 06:15:00,104161.41583397385
2026-01-28 06:30:00,104161.41583397385
2026-01-28 06:45:00,104161.41583397385
2026-01-28 07:00:00,105676.35519426907
2026-01-28 07:15:00,106846.64585009718
2026-01-28 07:30:00,108052.04522560012
2026-01-28 07:45:00,108052.04522560012
2026-01-28 08:00:00,108052.04522560012
2026-01-28 08:15:00,107638.19144001079
2026-01-28 08:30:00,107638.19144001079
2026-01-28 08:45:00,109293.6065823681
2026-01-28 09:00:00,109293.6065823681
2026-01-28 09:15:00,113246.27483993134
2026-01-28 09:30:00,114643.6630851293
2026-01-28 09:45:00,119092.426032024
2026-01-28 10:00:00,125672.32070331645
2026-01-28 10:15:00,125672.32070331645
2026-01-28 10:30:00,129265.76503414847
2026-01-28 10:45:00,129265.76503414847
2026-01-28 11:00:00,129265.76503414847
2026-01-28 11:15:00,128020.04297663557
2026-01-28 11:30:00,128020.04297663557
2026-01-28 11:45:00,128020.04297663557
2026-01-28 12:00:00,128020.04297663557
2026-01-28 12:15:00,128020.04297663557
2026-01-28 12:30:00,128020.04297663557
2026-01-28 12:45:00,128020.04297663557
2026-01-28 13:00:00,127406.50921353587
2026-01-28 13:15:00,127406.50921353587
2026-01-28 13:30:00,127406.50921353587
2026-01-28 13:45:00,127406.50921353587
2026-01-28 14:00:00,127406.50921353587
2026-01-28 14:15:00,127406.50921353587
2026-01-28 14:30:00,127406.50921353587
2026-01-28 14:45:00,123852.02270228628
2026-01-28 15:00:00,126197.78634685317
2026-01-28 15:15:00,126197.78634685317
2026-01-28 15:30:00,126197.78634685317
2026-01-28 15:45:00,126197.78634685317
2026-01-28 16:00:00,126197.78634685317
2026-01-28 16:15:00,126197.78634685317
2026-01-28 16:30:00,124429.65256123195
2026-01-28 16:45:00,123852.02270228628
2026-01-28 17:00:00,127370.54940455288
2026-01-28 17:15:00,127370.54940455288
2026-01-28 17:30:00,126763.51057717402
2026-01-28 17:45:00,126763.51057717402
2026-01-28 18:00:00,126763.51057717402
2026-01-28 18:15:00,126162.54213806894
2026-01-28 18:30:00,126162.54213806894
2026-01-28 18:45:00,129253.44213806908
2026-01-28 19:00:00,129253.44213806908
2026-01-28 19:15:00,128889.19980473573
2026-01-28 19:30:00,128889.19980473573
2026-01-28 19:45:00,128889.19980473573
2026-01-28 20:00:00,128889.19980473573
2026-01-28 20:15:00,128889.19980473573
2026-01-28 20:30:00,128889.19980473573
2026-01-28 20:45:00,128889.19980473573
2026-01-28 21:00:00,128528.59989473574
2026-01-28 21:15:00,128528.59989473574
2026-01-28 21:30:00,128528.59989473574
2026-01-28 21:45:00,125479.86718463564
2026-01-28 22:00:00,125153.36060083665
2026-01-28 22:15:00,124830.11908287564
2026-01-28 22:30:00,124830.11908287564
2026-01-28 22:45:00,124830.11908287564
2026-01-28 23:00:00,127797.46749023676
2026-01-28 23:15:00,127447.78490338173
2026-01-28 23:30:00,127101.59914239528
2026-01-28 23:45:00,127101.59914239528
2026-01-29 01:00:00,128886.47540653734
2026-01-29 01:15:00,130724.89795860364
2026-01-29 01:30:00,132618.47318723198
2026-01-29 01:45:00,132618.47318723198
2026-01-29 02:00:00,131324.7194718588
2026-01-29 02:15:00,130687.52951385017
2026-01-29 02:30:00,130687.52951385017
2026-01-29 02:45:00,130687.52951385017
2026-01-29 03:00:00,128813.93679851147
2026-01-29 03:15:00,128201.85466723627
2026-01-29 03:30:00,128201.85466723627
2026-01-29 03:45:00,128201.85466723627
2026-01-29 04:00:00,128201.85466723627
2026-01-29 04:15:00,127183.93040181744
2026-01-29 04:30:00,127183.93040181744
2026-01-29 04:45:00,127183.93040181744
2026-01-29 05:00:00,126851.38574109503
2026-01-29 05:15:00,126851.38574109503
2026-01-29 05:30:00,126851.38574109503
2026-01-29 05:45:00,127859.13076385968
2026-01-29 06:00:00,127519.83409951684
2026-01-29 06:15:00,126196.23950500581
2026-01-29 06:30:00,126196.23950500581
2026-01-29 06:45:00,126196.23950500581
2026-01-29 07:00:00,126196.23950500581
2026-01-29 07:15:00,124396.4738182864
2026-01-29 07:30:00,125720.06841279742
2026-01-29 07:45:00,125720.06841279742
2026-01-29 08:00:00,125720.06841279742
2026-01-29 08:15:00,125720.06841279742
2026-01-29 08:30:00,125720.06841279742
2026-01-29 08:45:00,124550.02074313791
2026-01-29 09:00:00,123973.75756673927
2026-01-29 09:15:00,123973.75756673927
2026-01-29 09:30:00,123403.2570221046
2026-01-29 09:45:00,123403.2570221046
2026-01-29 10:00:00,123973.75756673927
2026-01-29 10:15:00,123973.75756673927
2026-01-29 10:30:00,122246.5417168604
2026-01-29 10:45:00,125051.62005437561
2026-01-29 11:00:00,124463.65640128037
2026-01-29 11:15:00,124463.65640128037
2026-01-29 11:30:00,124463.65640128037
2026-01-29 11:45:00,123166.40133920012
2026-01-29 12:00:00,122850.15467570574
2026-01-29 12:15:00,122850.15467570574
2026-01-29 12:30:00,122850.15467570574
2026-01-29 12:45:00,122850.15467570574
2026-01-29 13:00:00,122537.07047884629
2026-01-29 13:15:00,121954.98646228202
2026-01-29 13:30:00,121954.98646228202
2026-01-29 13:45:00,121954.98646228202
2026-01-29 14:00:00,119130.72351030551
2026-01-29 14:15:00,120243.42720206041
2026-01-29 14:30:00,120243.42720206041
2026-01-29 14:45:00,120243.42720206041
2026-01-29 15:00:00,120243.42720206041
2026-01-29 15:15:00,120243.42720206041
2026-01-29 15:30:00,120243.42720206041
2026-01-29 15:45:00,120243.42720206041
2026-01-29 16:00:00,120243.42720206041
2026-01-29 16:15:00,119130.72351030551
2026-01-29 16:30:00,121018.33944159072
2026-01-29 16:45:00,122004.8279842018
2026-01-29 17:00:00,129390.83252430396
2026-01-29 17:15:00,131225.991805177
2026-01-29 17:30:00,134162.77155933235
2026-01-29 17:45:00,136351.03577070698
2026-01-29 18:00:00,135059.57851825847
2026-01-29 18:15:00,133664.924571035
2026-01-29 18:30:00,133664.924571035
2026-01-29 18:45:00,133664.924571035
2026-01-29 19:00:00,132555.2429954282
2026-01-29 19:15:00,129711.45955322051
2026-01-29 19:30:00,129711.45955322051
2026-01-29 19:45:00,129711.45955322051
2026-01-29 20:00:00,129711.45955322051
2026-01-29 20:15:00,129711.45955322051
2026-01-29 20:30:00,129352.56399620278
2026-01-29 20:45:00,129352.56399620278
2026-01-29 21:00:00,129352.56399620278
2026-01-29 21:15:00,129352.56399620278
2026-01-29 21:30:00,129352.56399620278
2026-01-29 21:45:00,129352.56399620278
2026-01-29 22:00:00,129352.56399620278
2026-01-29 22:15:00,129352.56399620278
2026-01-29 22:30:00,128997.2573947552
2026-01-29 22:45:00,125028.97737293116
2026-01-29 23:00:00,125028.97737293116
2026-01-29 23:15:00,125028.97737293116
2026-01-29 23:30:00,125028.97737293116
2026-01-29 23:45:00,124430.14052480183
2026-01-30 01:00:00,124430.14052480183
2026-01-30 01:15:00,124430.14052480183
2026-01-30 01:30:00,124430.14052480183
2026-01-30 01:45:00,124430.14052480183
2026-01-30 02:00:00,124430.14052480183
2026-01-30 02:15:00,124430.14052480183
2026-01-30 02:30:00,123837.29204515382
2026-01-30 02:45:00,122669.32125539923
2026-01-30 03:00:00,120960.80007911717
2026-01-30 03:15:00,120402.645003926
2026-01-30 03:30:00,120402.645003926
2026-01-30 03:45:00,120402.645003926
2026-01-30 04:00:00,120402.645003926
2026-01-30 04:15:00,120402.645003926
2026-01-30 04:30:00,120402.645003926
2026-01-30 04:45:00,120084.52541165933
2026-01-30 05:00:00,119769.58701531534
2026-01-30 05:15:00,119769.58701531534
2026-01-30 05:30:00,119769.58701531534
2026-01-30 05:45:00,119769.58701531534
2026-01-30 06:00:00,119769.58701531534
2026-01-30 06:15:00,119769.58701531534
2026-01-30 06:30:00,119769.58701531534
2026-01-30 06:45:00,119769.58701531534
2026-01-30 07:00:00,119769.58701531534
2026-01-30 07:15:00,119769.58701531534
2026-01-30 07:30:00,119769.58701531534
2026-01-30 07:45:00,119769.58701531534
2026-01-30 08:00:00,119769.58701531534
2026-01-30 08:15:00,119769.58701531534
2026-01-30 08:30:00,119769.58701531534
2026-01-30 08:45:00,119769.58701531534
2026-01-30 09:00:00,119769.58701531534
2026-01-30 09:15:00,119457.79800293478
2026-01-30 09:30:00,126936.80156260736
2026-01-30 09:45:00,123682.81380681113
2026-01-30 10:00:00,124735.57764769772
2026-01-30 10:15:00,124735.57764769772
2026-01-30 10:30:00,131158.42056109084
2026-01-30 10:45:00,131158.42056109084
2026-01-30 11:00:00,133008.82642181043
2026-01-30 11:15:00,133008.82642181043
2026-01-30 11:30:00,133008.82642181043
2026-01-30 11:45:00,139862.16999869692
2026-01-30 12:00:00,139862.16999869692
2026-01-30 12:15:00,139862.16999869692
2026-01-30 12:30:00,139862.16999869692
2026-01-30 12:45:00,139862.16999869692
2026-01-30 13:00:00,139862.16999869692
2026-01-30 13:15:00,139862.16999869692
2026-01-30 13:30:00,139862.16999869692
2026-01-30 13:45:00,139862.16999869692
2026-01-30 14:00:00,139862.16999869692
2026-01-30 14:15:00,139862.16999869692
2026-01-30 14:30:00,139862.16999869692
2026-01-30 14:45:00,137283.71004835464
2026-01-30 15:00:00,136655.12945531227
2026-01-30 15:15:00,136655.12945531227
2026-01-30 15:30:00,134250.41317966653
2026-01-30 15:45:00,134250.41317966653
2026-01-30 16:00:00,134250.41317966653
2026-01-30 16:15:00,134250.41317966653
2026-01-30 16:30:00,134250.41317966653
2026-01-30 16:45:00,134250.41317966653
2026-01-30 17:00:00,133863.53716831515
2026-01-30 17:15:00,133480.5299170773
2026-01-30 17:30:00,134641.19702951642
2026-01-30 17:45:00,134641.19702951642
2026-01-30 18:00:00,134250.41317966653
2026-01-30 18:15:00,135434.6465358946
2026-01-30 18:30:00,135434.6465358946
2026-01-30 18:45:00,135035.92819098092
2026-01-30 19:00:00,134641.19702951642
2026-01-30 19:15:00,134641.19702951642
2026-01-30 19:30:00,134641.19702951642
2026-01-30 19:45:00,134641.19702951642
2026-01-30 20:00:00,134641.19702951642
2026-01-30 20:15:00,134641.19702951642
2026-01-30 20:30:00,134641.19702951642
2026-01-30 20:45:00,134641.19702951642
2026-01-30 21:00:00,134641.19702951642
2026-01-30 21:15:00,134641.19702951642
2026-01-30 21:30:00,134641.19702951642
2026-01-30 21:45:00,134641.19702951642
2026-01-30 22:00:00,134641.19702951642
2026-01-30 22:15:00,134641.19702951642
2026-01-30 22:30:00,134641.19702951642
2026-01-30 22:45:00,134641.19702951642
2026-01-30 23:00:00,134641.19702951642
2026-01-30 23:15:00,134641.19702951642
2026-01-30 23:30:00,134641.19702951642
2026-01-30 23:45:00,134641.19702951642
2026-02-02 01:00:00,137021.07067510212
2026-02-02 01:15:00,139603.3238325778
2026-02-02 01:30:00,139603.3238325778
2026-02-02 01:45:00,139603.3238325778
2026-02-02 02:00:00,137642.48597057202
2026-02-02 02:15:00,137001.901809545
2026-02-02 02:30:00,137001.901809545
2026-02-02 02:45:00,137001.901809545
2026-02-02 03:00:00,167711.73994951483
2026-02-02 03:15:00,167711.73994951483
2026-02-02 03:30:00,166770.4632486984
2026-02-02 03:45:00,166770.4632486984
2026-02-02 04:00:00,166770.4632486984
2026-02-02 04:15:00,166770.4632486984
2026-02-02 04:30:00,165838.5993148901
2026-02-02 04:45:00,169570.92936152813
2026-02-02 05:00:00,169570.92936152813
2026-02-02 05:15:00,169570.92936152813
2026-02-02 05:30:00,169570.92936152813
2026-02-02 05:45:00,170890.42135896336
2026-02-02 06:00:00,170890.42135896342
2026-02-02 06:15:00,170890.42135896342
2026-02-02 06:30:00,170890.42135896342
2026-02-02 06:45:00,170890.42135896342
2026-02-02 07:00:00,170890.42135896342
2026-02-02 07:15:00,170890.42135896342
2026-02-02 07:30:00,170890.42135896342
2026-02-02 07:45:00,187755.6595118579
2026-02-02 08:00:00,187755.6595118579
2026-02-02 08:15:00,179855.01385891857
2026-02-02 08:30:00,182850.8152146071
2026-02-02 08:45:00,182850.8152146071
2026-02-02 09:00:00,182850.8152146071
2026-02-02 09:15:00,182850.8152146071
2026-02-02 09:30:00,182850.8152146071
2026-02-02 09:45:00,181822.25674915404
2026-02-02 10:00:00,179875.41732516978
2026-02-02 10:15:00,179329.27736300533
2026-02-02 10:30:00,179329.27736300533
2026-02-02 10:45:00,179329.27736300533
2026-02-02 11:00:00,178331.2681125347
2026-02-02 11:15:00,176423.95807681483
2026-02-02 11:30:00,176423.95807681483
2026-02-02 11:45:00,176423.95807681483
2026-02-02 12:00:00,176423.95807681483
2026-02-02 12:15:00,176423.95807681483
2026-02-02 12:30:00,176423.95807681483
2026-02-02 12:45:00,176423.95807681483
2026-02-02 13:00:00,176423.95807681483
2026-02-02 13:15:00,176423.95807681483
2026-02-02 13:30:00,176423.95807681483
2026-02-02 13:45:00,176423.95807681483
2026-02-02 14:00:00,176423.95807681483
2026-02-02 14:15:00,176423.95807681483
2026-02-02 14:30:00,176423.95807681483
2026-02-02 14:45:00,176423.95807681483
2026-02-02 15:00:00,176423.95807681483
2026-02-02 15:15:00,176423.95807681483
2026-02-02 15:30:00,176423.95807681483
2026-02-02 15:45:00,176423.95807681483
2026-02-02 16:00:00,176423.95807681483
2026-02-02 16:15:00,176423.95807681483
2026-02-02 16:30:00,176423.95807681483
2026-02-02 16:45:00,176423.95807681483
2026-02-02 17:00:00,176423.95807681483
2026-02-02 17:15:00,177782.23021996045
2026-02-02 17:30:00,177782.23021996045
2026-02-02 17:45:00,177782.23021996045
2026-02-02 18:00:00,177782.23021996045
2026-02-02 18:15:00,176804.08135357418
2026-02-02 18:30:00,176804.08135357418
2026-02-02 18:45:00,176804.08135357418
2026-02-02 19:00:00,176804.08135357418
2026-02-02 19:15:00,176804.08135357418
2026-02-02 19:30:00,176804.08135357418
2026-02-02 19:45:00,176804.08135357418
2026-02-02 20:00:00,176804.08135357418
2026-02-02 20:15:00,176804.08135357418
2026-02-02 20:30:00,176804.08135357418
2026-02-02 20:45:00,176804.08135357418
2026-02-02 21:00:00,176804.08135357418
2026-02-02 21:15:00,176804.08135357418
2026-02-02 21:30:00,176337.74125109418
2026-02-02 21:45:00,175419.00461519833
2026-02-02 22:00:00,175419.00461519833
2026-02-02 22:15:00,175419.00461519833
2026-02-02 22:30:00,175419.00461519833
2026-02-02 22:45:00,174450.63723747595
2026-02-02 23:00:00,173491.95353353076
2026-02-02 23:15:00,173491.95353353076
2026-02-02 23:30:00,173491.95353353076
2026-02-02 23:45:00,173491.95353353076
2026-02-03 01:00:00,173491.95353353076
2026-02-03 01:15:00,171603.25076838836
2026-02-03 01:30:00,171603.25076838836
2026-02-03 01:45:00,177326.6883493115
2026-02-03 02:00:00,180289.02099450206
2026-02-03 02:15:00,183340.22361904837
2026-02-03 02:30:00,183340.22361904837
2026-02-03 02:45:00,182292.64405128747
2026-02-03 03:00:00,181255.54027920417
2026-02-03 03:15:00,189719.98318671234
2026-02-03 03:30:00,189719.98318671234
2026-02-03 03:45:00,189719.98318671234
2026-02-03 04:00:00,186419.08187358652
2026-02-03 04:15:00,185340.71372328023
2026-02-03 04:30:00,184273.12925447698
2026-02-03 04:45:00,188608.6060232748
2026-02-03 05:00:00,188608.6060232748
2026-02-03 05:15:00,188608.6060232748
2026-02-03 05:30:00,188608.6060232748
2026-02-03 05:45:00,188608.6060232748
2026-02-03 06:00:00,188608.6060232748
2026-02-03 06:15:00,188608.6060232748
2026-02-03 06:30:00,188608.6060232748
2026-02-03 06:45:00,188608.6060232748
2026-02-03 07:00:00,188156.11668817856
2026-02-03 07:15:00,188156.11668817856
2026-02-03 07:30:00,188156.11668817856
2026-02-03 07:45:00,188156.11668817856
2026-02-03 08:00:00,188156.11668817856
2026-02-03 08:15:00,193266.86420397292
2026-02-03 08:30:00,206424.40576187053
2026-02-03 08:45:00,206424.40576187053
2026-02-03 09:00:00,206424.40576187053
2026-02-03 09:15:00,217543.2537522763
2026-02-03 09:30:00,239313.68997442065
2026-02-03 09:45:00,241233.87371683514
2026-02-03 10:00:00,240739.42640316344
2026-02-03 10:15:00,240739.42640316344
2026-02-03 10:30:00,244518.99002098863
2026-02-03 10:45:00,242407.13345411205
2026-02-03 11:00:00,240791.35956957255
2026-02-03 11:15:00,239191.74342387845
2026-02-03 11:30:00,237494.21204191947
2026-02-03 11:45:00,237494.21204191947
2026-02-03 12:00:00,237494.21204191947
2026-02-03 12:15:00,237494.21204191947
2026-02-03 12:30:00,235095.1610630766
2026-02-03 12:45:00,235095.1610630766
2026-02-03 13:00:00,229397.84570234735
2026-02-03 13:15:00,229397.84570234735
2026-02-03 13:30:00,229397.84570234735
2026-02-03 13:45:00,229397.84570234735
2026-02-03 14:00:00,228913.2378902177
2026-02-03 14:15:00,227437.2005786572
2026-02-03 14:30:00,225496.161906204
2026-02-03 14:45:00,225496.161906204
2026-02-03 15:00:00,225496.161906204
2026-02-03 15:15:00,225496.161906204
2026-02-03 15:30:00,225496.161906204
2026-02-03 15:45:00,225496.161906204
2026-02-03 16:00:00,224049.49773714354
2026-02-03 16:15:00,221199.4246576776
2026-02-03 16:30:00,222688.2593316121
2026-02-03 16:45:00,224199.9276257321
2026-02-03 17:00:00,225756.94596867586
2026-02-03 17:15:00,227360.67486190784
2026-02-03 17:30:00,225971.01503329843
2026-02-03 17:45:00,225420.4014466221
2026-02-03 18:00:00,225420.4014466221
2026-02-03 18:15:00,320541.7760470129
2026-02-03 18:30:00,342119.13545540243
2026-02-03 18:45:00,342119.13545540243
2026-02-03 19:00:00,337059.0618202843
2026-02-03 19:15:00,337059.0618202843
2026-02-03 19:30:00,334566.91198622435
2026-02-03 19:45:00,337059.0618202843
2026-02-03 20:00:00,337059.0618202843
2026-02-03 20:15:00,337059.0618202843
2026-02-03 20:30:00,332099.683650505
2026-02-03 20:45:00,332099.683650505
2026-02-03 21:00:00,332099.683650505
2026-02-03 21:15:00,332099.683650505
2026-02-03 21:30:00,324845.0479193841
2026-02-03 21:45:00,324845.0479193841
2026-02-03 22:00:00,324845.0479193841
2026-02-03 22:15:00,324845.0479193841
2026-02-03 22:30:00,319583.62117542315
2026-02-03 22:45:00,319043.9647991217
2026-02-03 23:00:00,319043.9647991217
2026-02-03 23:15:00,319043.9647991217
2026-02-03 23:30:00,319043.9647991217
2026-02-03 23:45:00,319043.9647991217
2026-02-04 01:00:00,309891.02276501677
2026-02-04 01:15:00,307659.7056832384
2026-02-04 01:30:00,307659.7056832384
2026-02-04 01:45:00,307659.7056832384
2026-02-04 02:00:00,316721.1182970023
2026-02-04 02:15:00,316721.1182970023
2026-02-04 02:30:00,316721.1182970023
2026-02-04 02:45:00,323619.972408297
2026-02-04 03:00:00,338044.7864696031
2026-02-04 03:15:00,338044.7864696031
2026-02-04 03:30:00,334468.75472382735
2026-02-04 03:45:00,334468.75472382735
2026-02-04 04:00:00,345049.09081353736
2026-02-04 04:15:00,345049.09081353736
2026-02-04 04:30:00,345049.09081353736
2026-02-04 04:45:00,344520.1735991243
2026-02-04 05:00:00,344520.1735991243
2026-02-04 05:15:00,344520.1735991243
2026-02-04 05:30:00,352284.8946802912
2026-02-04 05:45:00,352284.8946802912
2026-02-04 06:00:00,352284.8946802912
2026-02-04 06:15:00,352284.8946802912
2026-02-04 06:30:00,352284.8946802912
2026-02-04 06:45:00,352284.8946802912
2026-02-04 07:00:00,352284.8946802912
2026-02-04 07:15:00,352284.8946802912
2026-02-04 07:30:00,351761.26663802227
2026-02-04 07:45:00,351761.26663802227
2026-02-04 08:00:00,341256.60591835086
2026-02-04 08:15:00,349095.37906682165
2026-02-04 08:30:00,349095.37906682165
2026-02-04 08:45:00,349619.00710909057
2026-02-04 09:00:00,349619.00710909057
2026-02-04 09:15:00,349619.00710909057
2026-02-04 09:30:00,351734.6759667428
2026-02-04 09:45:00,351734.6759667428
2026-02-04 10:00:00,350116.6108376587
2026-02-04 10:15:00,349588.0067581041
2026-02-04 10:30:00,349095.37906682165
2026-02-04 10:45:00,349095.37906682165
2026-02-04 11:00:00,345937.7586094868
2026-02-04 11:15:00,340225.0063122768
2026-02-04 11:30:00,342811.7143567252
2026-02-04 11:45:00,342811.7143567252
2026-02-04 12:00:00,342478.38102339185
2026-02-04 12:15:00,342478.38102339185
2026-02-04 12:30:00,341821.6810233919
2026-02-04 12:45:00,341821.6810233919
2026-02-04 13:00:00,341821.6810233919
2026-02-04 13:15:00,336674.13201493956
2026-02-04 13:30:00,336674.13201493956
2026-02-04 13:45:00,334138.89946057566
2026-02-04 14:00:00,331629.0192317554
2026-02-04 14:15:00,330617.9484578422
2026-02-04 14:30:00,328133.1670313102
2026-02-04 14:45:00,328133.1670313102
2026-02-04 15:00:00,327635.2019732639
2026-02-04 15:15:00,328659.1393498741
2026-02-04 15:30:00,328659.1393498741
2026-02-04 15:45:00,328659.1393498741
2026-02-04 16:00:00,328659.1393498741
2026-02-04 16:15:00,328659.1393498741
2026-02-04 16:30:00,344764.8283689958
2026-02-04 16:45:00,344764.8283689958
2026-02-04 17:00:00,344764.8283689958
2026-02-04 17:15:00,344764.8283689958
2026-02-04 17:30:00,344764.8283689958
2026-02-04 17:45:00,344764.8283689958
2026-02-04 18:00:00,344764.8283689958
2026-02-04 18:15:00,344764.8283689958
2026-02-04 18:30:00,344764.8283689958
2026-02-04 18:45:00,344764.8283689958
2026-02-04 19:00:00,344764.8283689958
2026-02-04 19:15:00,346208.71000160876
2026-02-04 19:30:00,346208.71000160876
2026-02-04 19:45:00,346208.71000160876
2026-02-04 20:00:00,346208.71000160876
2026-02-04 20:15:00,346208.71000160876
2026-02-04 20:30:00,346208.71000160876
2026-02-04 20:45:00,346208.71000160876
2026-02-04 21:00:00,346208.71000160876
2026-02-04 21:15:00,346208.71000160876
2026-02-04 21:30:00,345227.66904075164
2026-02-04 21:45:00,344744.4940428943
2026-02-04 22:00:00,344744.4940428943
2026-02-04 22:15:00,344744.4940428943
2026-02-04 22:30:00,344744.4940428943
2026-02-04 22:45:00,344744.4940428943
2026-02-04 23:00:00,344744.4940428943
2026-02-04 23:15:00,344744.4940428943
2026-02-04 23:30:00,339307.5703098797
2026-02-04 23:45:00,338857.21963740187
2026-02-05 00:00:00,338857.21963740187
2026-02-05 00:15:00,338857.21963740187
2026-02-05 00:30:00,338857.21963740187
2026-02-05 00:45:00,338857.21963740187
2026-02-05 01:00:00,338857.21963740187
2026-02-05 01:15:00,346691.08823038614
2026-02-05 01:30:00,346691.08823038614
2026-02-05 01:45:00,346691.08823038614
2026-02-05 02:00:00,346691.08823038614
2026-02-05 02:15:00,346691.08823038614
2026-02-05 02:30:00,346691.08823038614
2026-02-05 02:45:00,346691.08823038614
2026-02-05 03:00:00,341338.728078706
2026-02-05 03:15:00,341338.728078706
2026-02-05 03:30:00,341338.728078706
2026-02-05 03:45:00,341338.728078706
2026-02-05 04:00:00,331101.4286013942
2026-02-05 04:15:00,331101.4286013942
2026-02-05 04:30:00,331101.4286013942
2026-02-05 04:45:00,353936.4051557976
2026-02-05 05:00:00,361917.596080478
2026-02-05 05:15:00,358620.01165352494
2026-02-05 05:30:00,358620.01165352494
2026-02-05 05:45:00,358620.01165352494
2026-02-05 06:00:00,358620.01165352494
2026-02-05 06:15:00,355796.79176493693
2026-02-05 06:30:00,355355.4030708414
2026-02-05 06:45:00,354485.82320460374
2026-02-05 07:00:00,354485.82320460374
2026-02-05 07:15:00,354485.82320460374
2026-02-05 07:30:00,354164.231670752
2026-02-05 07:45:00,345862.83873356786
2026-02-05 08:00:00,343150.86497323756
2026-02-05 08:15:00,340037.7319420184
2026-02-05 08:30:00,339613.7357236111
2026-02-05 08:45:00,343150.86497323756
2026-02-05 09:00:00,346231.689761774
2026-02-05 09:15:00,344399.1109659466
2026-02-05 09:30:00,344399.1109659466
2026-02-05 09:45:00,344399.1109659466
2026-02-05 10:00:00,343546.83573904703
2026-02-05 10:15:00,343546.83573904703
2026-02-05 10:30:00,343546.83573904703
2026-02-05 10:45:00,341892.8286067813
2026-02-05 11:00:00,341489.6124218807
2026-02-05 11:15:00,341489.6124218807
2026-02-05 11:30:00,338831.60693938105
2026-02-05 11:45:00,338432.42291632947
2026-02-05 12:00:00,338432.42291632947
2026-02-05 12:15:00,338432.42291632947
2026-02-05 12:30:00,338432.42291632947
2026-02-05 12:45:00,338432.42291632947
2026-02-05 13:00:00,338432.42291632947
2026-02-05 13:15:00,338432.42291632947
2026-02-05 13:30:00,338432.42291632947
2026-02-05 13:45:00,338432.42291632947
2026-02-05 14:00:00,338432.42291632947
2026-02-05 14:15:00,345931.5070165325
2026-02-05 14:30:00,358995.674389093
2026-02-05 14:45:00,360642.6312389635
2026-02-05 15:00:00,363352.9994294686
2026-02-05 15:15:00,363352.9994294686
2026-02-05 15:30:00,359517.37542057055
2026-02-05 15:45:00,359517.37542057055
2026-02-05 16:00:00,359517.37542057055
2026-02-05 16:15:00,359159.66880190297
2026-02-05 16:30:00,351636.19295280427
2026-02-05 16:45:00,350194.21576840256
2026-02-05 17:00:00,350194.21576840256
2026-02-05 17:15:00,350194.21576840256
2026-02-05 17:30:00,350194.21576840256
2026-02-05 17:45:00,350194.21576840256
2026-02-05 18:00:00,350194.21576840256
2026-02-05 18:15:00,346531.24088295747
2026-02-05 18:30:00,340880.17908128526
2026-02-05 18:45:00,331069.5372543376
2026-02-05 19:00:00,331069.5372543376
2026-02-05 19:15:00,331069.5372543376
2026-02-05 19:30:00,331069.5372543376
2026-02-05 19:45:00,331069.5372543376
2026-02-05 20:00:00,331069.5372543376
2026-02-05 20:15:00,331069.5372543376
2026-02-05 20:30:00,331069.5372543376
2026-02-05 20:45:00,331069.5372543376
2026-02-05 21:00:00,331069.5372543376
2026-02-05 21:15:00,331069.5372543376
2026-02-05 21:30:00,328641.4034021681
2026-02-05 21:45:00,323857.7369000089
2026-02-05 22:00:00,323857.7369000089
2026-02-05 22:15:00,323857.7369000089
2026-02-05 22:30:00,323857.7369000089
2026-02-05 22:45:00,323857.7369000089
2026-02-05 23:00:00,323857.7369000089
2026-02-05 23:15:00,323857.7369000089
2026-02-05 23:30:00,362030.7167348511
2026-02-05 23:45:00,365176.5248963662
2026-02-06 00:00:00,365176.5248963662
2026-02-06 00:15:00,365176.5248963662
2026-02-06 00:30:00,365176.5248963662
2026-02-06 00:45:00,365176.5248963662
2026-02-06 01:00:00,362438.7792493915
2026-02-06 01:15:00,362438.7792493915
2026-02-06 01:30:00,392206.85239477817
2026-02-06 01:45:00,401181.67815752316
2026-02-06 02:00:00,410425.7486931506
2026-02-06 02:15:00,426021.0854986134
2026-02-06 02:30:00,422687.6744954325
2026-02-06 02:45:00,419387.59760228347
2026-02-06 03:00:00,419387.59760228347
2026-02-06 03:15:00,419387.59760228347
2026-02-06 03:30:00,419387.59760228347
2026-02-06 03:45:00,412886.1161150904
2026-02-06 04:00:00,409684.0548057448
2026-02-06 04:15:00,406514.0141094926
2026-02-06 04:30:00,403375.6738202029
2026-02-06 04:45:00,403375.6738202029
2026-02-06 05:00:00,403375.6738202029
2026-02-06 05:15:00,403375.6738202029
2026-02-06 05:30:00,403375.6738202029
2026-02-06 05:45:00,403375.6738202029
2026-02-06 06:00:00,403375.6738202029
2026-02-06 06:15:00,403375.6738202029
2026-02-06 06:30:00,401699.196478622
2026-02-06 06:45:00,401151.50977175735
2026-02-06 07:00:00,401151.50977175735
2026-02-06 07:15:00,400789.1614002325
2026-02-06 07:30:00,400789.1614002325
2026-02-06 07:45:00,410110.032059423
2026-02-06 08:00:00,419710.52883838915
2026-02-06 08:15:00,416414.35827761074
2026-02-06 08:30:00,412792.42453463067
2026-02-06 08:45:00,412792.42453463067
2026-02-06 09:00:00,411713.4269534367
2026-02-06 09:15:00,411713.4269534367
2026-02-06 09:30:00,411713.4269534367
2026-02-06 09:45:00,411713.4269534367
2026-02-06 10:00:00,405284.579187865
2026-02-06 10:15:00,405284.579187865
2026-02-06 10:30:00,405284.579187865
2026-02-06 10:45:00,405284.579187865
2026-02-06 11:00:00,404298.1940827834
2026-02-06 11:15:00,405957.850770252
2026-02-06 11:30:00,405957.850770252
2026-02-06 11:45:00,405957.850770252
2026-02-06 12:00:00,405957.850770252
2026-02-06 12:15:00,405957.850770252
2026-02-06 12:30:00,405957.850770252
2026-02-06 12:45:00,405957.850770252
2026-02-06 13:00:00,405957.850770252
2026-02-06 13:15:00,405957.850770252
2026-02-06 13:30:00,405957.850770252
2026-02-06 13:45:00,405957.850770252
2026-02-06 14:00:00,405957.850770252
2026-02-06 14:15:00,405957.850770252
2026-02-06 14:30:00,402823.2253641784
2026-02-06 14:45:00,402823.2253641784
2026-02-06 15:00:00,510044.3351173654
2026-02-06 15:15:00,510044.3351173654
2026-02-06 15:30:00,474611.81772102375
2026-02-06 15:45:00,474256.6800820923
2026-02-06 16:00:00,473905.0938195501
2026-02-06 16:15:00,472987.20795693586
2026-02-06 16:30:00,494790.9201282476
2026-02-06 16:45:00,410737.6068806651
2026-02-06 17:00:00,429657.1372271171
2026-02-06 17:15:00,429093.35389341635
2026-02-06 17:30:00,429093.35389341635
2026-02-06 17:45:00,429093.35389341635
2026-02-06 18:00:00,430767.7903945073
2026-02-06 18:15:00,430767.7903945073
2026-02-06 18:30:00,430767.7903945073
2026-02-06 18:45:00,430767.7903945073
2026-02-06 19:00:00,430767.7903945073
2026-02-06 19:15:00,430767.7903945073
2026-02-06 19:30:00,430767.7903945073
2026-02-06 19:45:00,430767.7903945073
2026-02-06 20:00:00,430767.7903945073
2026-02-06 20:15:00,430767.7903945073
2026-02-06 20:30:00,430767.7903945073
2026-02-06 20:45:00,430767.7903945073
2026-02-06 21:00:00,430767.7903945073
2026-02-06 21:15:00,430767.7903945073
2026-02-06 21:30:00,430767.7903945073
2026-02-06 21:45:00,430767.7903945073
2026-02-06 22:00:00,430192.90052913275
2026-02-06 22:15:00,426797.84485153103
2026-02-06 22:30:00,423436.7397307054
2026-02-06 22:45:00,433168.13470927847
2026-02-06 23:00:00,429840.640639661
2026-02-06 23:15:00,429174.18572315446
2026-02-06 23:30:00,425220.1762268917
2026-02-06 23:45:00,421958.8992892597
2026-02-09 00:00:00,421958.8992892597
2026-02-09 00:15:00,421958.8992892597
2026-02-09 00:30:00,421958.8992892597
2026-02-09 00:45:00,421958.8992892597
2026-02-09 01:00:00,431649.7409220464
2026-02-09 01:15:00,482020.5272783294
2026-02-09 01:30:00,469464.49746462645
2026-02-09 01:45:00,471067.8959284341
2026-02-09 02:00:00,479432.4922773727
2026-02-09 02:15:00,476913.37739536527
2026-02-09 02:30:00,476913.37739536527
2026-02-09 02:45:00,476185.1241138158
2026-02-09 03:00:00,475464.1533650818
2026-02-09 03:15:00,475464.1533650818
2026-02-09 03:30:00,475464.1533650818
2026-02-09 03:45:00,475464.1533650818
2026-02-09 04:00:00,478476.955538859
2026-02-09 04:15:00,478476.955538859
2026-02-09 04:30:00,478476.955538859
2026-02-09 04:45:00,478476.955538859
2026-02-09 05:00:00,478476.955538859
2026-02-09 05:15:00,478476.955538859
2026-02-09 05:30:00,479197.92628759297
2026-02-09 05:45:00,478476.955538859
2026-02-09 06:00:00,478476.955538859
2026-02-09 06:15:00,478476.955538859
2026-02-09 06:30:00,478476.955538859
2026-02-09 06:45:00,477763.1944976124
2026-02-09 07:00:00,476357.0138702525
2026-02-09 07:15:00,475664.4522456919
2026-02-09 07:30:00,474978.81623737694
2026-02-09 07:45:00,474978.81623737694
2026-02-09 08:00:00,477056.57106677827
2026-02-09 08:15:00,477056.57106677827
2026-02-09 08:30:00,476695.431558055
2026-02-09 08:45:00,475638.3462478931
2026-02-09 09:00:00,475638.3462478931
2026-02-09 09:15:00,478436.5750339965
2026-02-09 09:30:00,477385.299726189
2026-02-09 09:45:00,476664.7558137674
2026-02-09 10:00:00,474546.06921422685
2026-02-09 10:15:00,462835.23567393096
2026-02-09 10:30:00,462835.23567393096
2026-02-09 10:45:00,459235.5534878422
2026-02-09 11:00:00,455328.4280441927
2026-02-09 11:15:00,455328.4280441927
2026-02-09 11:30:00,461021.4419007215
2026-02-09 11:45:00,465541.1977001685
2026-02-09 12:00:00,475423.2315991279
2026-02-09 12:15:00,478081.7659794629
2026-02-09 12:30:00,461065.40604089585
2026-02-09 12:45:00,461065.40604089585
2026-02-09 13:00:00,460322.8061696999
2026-02-09 13:15:00,456794.7576591143
2026-02-09 13:30:00,453301.98963363457
2026-02-09 13:45:00,453301.98963363457
2026-02-09 14:00:00,451118.4497149698
2026-02-09 14:15:00,450405.1112416724
2026-02-09 14:30:00,449844.1492884097
2026-02-09 14:45:00,449844.1492884097
2026-02-09 15:00:00,446947.27089644753
2026-02-09 15:15:00,446947.27089644753
2026-02-09 15:30:00,446607.26521782007
2026-02-09 15:45:00,446270.65959597897
2026-02-09 16:00:00,442514.15808858356
2026-02-09 16:15:00,438795.2215962621
2026-02-09 16:30:00,449203.0269833735
2026-02-09 16:45:00,448134.2586553125
2026-02-09 17:00:00,447490.8080409169
2026-02-09 17:15:00,447490.8080409169
2026-02-09 17:30:00,447490.8080409169
2026-02-09 17:45:00,447490.8080409169
2026-02-09 18:00:00,447490.8080409169
2026-02-09 18:15:00,447490.8080409169
2026-02-09 18:30:00,447490.8080409169
2026-02-09 18:45:00,447490.8080409169
2026-02-09 19:00:00,447490.8080409169
2026-02-09 19:15:00,447490.8080409169
2026-02-09 19:30:00,447490.8080409169
2026-02-09 19:45:00,447490.8080409169
2026-02-09 20:00:00,447490.8080409169
2026-02-09 20:15:00,447490.8080409169
2026-02-09 20:30:00,447490.8080409169
2026-02-09 20:45:00,447490.8080409169
2026-02-09 21:00:00,447490.8080409169
2026-02-09 21:15:00,447490.8080409169
2026-02-09 21:30:00,447490.8080409169
2026-02-09 21:45:00,447490.8080409169
2026-02-09 22:00:00,447490.8080409169
2026-02-09 22:15:00,444595.6446878692
2026-02-09 22:30:00,446028.67817219935
2026-02-09 22:45:00,446028.67817219935
2026-02-09 23:00:00,446028.67817219935
2026-02-09 23:15:00,446028.67817219935
2026-02-09 23:30:00,446028.67817219935
2026-02-09 23:45:00,446028.67817219935
2026-02-10 00:00:00,446028.67817219935
2026-02-10 00:15:00,446028.67817219935
2026-02-10 00:30:00,446028.67817219935
2026-02-10 00:45:00,446028.67817219935
2026-02-10 01:00:00,456298.4639975171
2026-02-10 01:15:00,466876.3433975949
2026-02-10 01:30:00,463244.6048035683
2026-02-10 01:45:00,458216.15011115174
2026-02-10 02:00:00,457510.36311718595
2026-02-10 02:15:00,457510.36311718595
2026-02-10 02:30:00,457510.36311718595
2026-02-10 02:45:00,457510.36311718595
2026-02-10 03:00:00,457510.36311718595
2026-02-10 03:15:00,457510.36311718595
2026-02-10 03:30:00,457510.36311718595
2026-02-10 03:45:00,456811.6339931598
2026-02-10 04:00:00,446239.66106832394
2026-02-10 04:15:00,435981.6863113286
2026-02-10 04:30:00,438099.1185848416
2026-02-10 04:45:00,440823.9162423848
2026-02-10 05:00:00,440823.9162423848
2026-02-10 05:15:00,440823.9162423848
2026-02-10 05:30:00,440823.9162423848
2026-02-10 05:45:00,440823.9162423848
2026-02-10 06:00:00,440823.9162423848
2026-02-10 06:15:00,440823.9162423848
2026-02-10 06:30:00,440823.9162423848
2026-02-10 06:45:00,440823.9162423848
2026-02-10 07:00:00,440823.9162423848
2026-02-10 07:15:00,440823.9162423848
2026-02-10 07:30:00,440823.9162423848
2026-02-10 07:45:00,427618.9791009471
2026-02-10 08:00:00,421212.9339868792
2026-02-10 08:15:00,419095.50171336625
2026-02-10 08:30:00,418403.7598805803
2026-02-10 08:45:00,417718.9354661223
2026-02-10 09:00:00,417718.9354661223
2026-02-10 09:15:00,417718.9354661223
2026-02-10 09:30:00,417718.9354661223
2026-02-10 09:45:00,417718.9354661223
2026-02-10 10:00:00,407362.04464464076
2026-02-10 10:15:00,407362.04464464076
2026-02-10 10:30:00,426200.27595146024
2026-02-10 10:45:00,426200.27595146024
2026-02-10 11:00:00,456675.6937787237
2026-02-10 11:15:00,456675.6937787237
2026-02-10 11:30:00,456675.6937787237
2026-02-10 11:45:00,456675.6937787237
2026-02-10 12:00:00,456675.6937787237
2026-02-10 12:15:00,456675.6937787237
2026-02-10 12:30:00,456675.6937787237
2026-02-10 12:45:00,456675.6937787237
2026-02-10 13:00:00,457281.8228921748
2026-02-10 13:15:00,457281.8228921748
2026-02-10 13:30:00,457281.8228921748
2026-02-10 13:45:00,457281.8228921748
2026-02-10 14:00:00,457281.8228921748
2026-02-10 14:15:00,457281.8228921748
2026-02-10 14:30:00,457281.8228921748
2026-02-10 14:45:00,457281.8228921748
2026-02-10 15:00:00,453757.9505661294
2026-02-10 15:15:00,450269.31696334446
2026-02-10 15:30:00,449075.09663453547
2026-02-10 15:45:00,444957.1577164198
2026-02-10 16:00:00,445436.93247070065
2026-02-10 16:15:00,448856.1422647902
2026-02-10 16:30:00,443831.73770101473
2026-02-10 16:45:00,443831.73770101473
2026-02-10 17:00:00,443126.368554123
2026-02-10 17:15:00,443126.368554123
2026-02-10 17:30:00,443126.368554123
2026-02-10 17:45:00,443126.368554123
2026-02-10 18:00:00,443126.368554123
2026-02-10 18:15:00,443126.368554123
2026-02-10 18:30:00,443126.368554123
2026-02-10 18:45:00,443126.368554123
2026-02-10 19:00:00,443126.368554123
2026-02-10 19:15:00,436322.14106388483
2026-02-10 19:30:00,436322.14106388483
2026-02-10 19:45:00,431581.3257884061
2026-02-10 20:00:00,431581.3257884061
2026-02-10 20:15:00,431581.3257884061
2026-02-10 20:30:00,431581.3257884061
2026-02-10 20:45:00,431581.3257884061
2026-02-10 21:00:00,431581.3257884061
2026-02-10 21:15:00,431581.3257884061
2026-02-10 21:30:00,421727.5561661556
2026-02-10 21:45:00,421727.5561661556
2026-02-10 22:00:00,421727.5561661556
2026-02-10 22:15:00,421727.5561661556
2026-02-10 22:30:00,418508.43801838276
2026-02-10 22:45:00,418508.43801838276
2026-02-10 23:00:00,415321.51105208765
2026-02-10 23:15:00,415321.51105208765
2026-02-10 23:30:00,415321.51105208765
2026-02-10 23:45:00,415321.51105208765
2026-02-11 00:00:00,415321.51105208765
2026-02-11 00:15:00,415321.51105208765
2026-02-11 00:30:00,415321.51105208765
2026-02-11 00:45:00,415321.51105208765
2026-02-11 01:00:00,413288.71824594587
2026-02-11 01:15:00,457570.27500734606
2026-02-11 01:30:00,457570.27500734606
2026-02-11 01:45:00,457570.27500734606
2026-02-11 02:00:00,450423.8561123962
2026-02-11 02:15:00,446904.15502750163
2026-02-11 02:30:00,446233.3559873011
2026-02-11 02:45:00,446233.3559873011
2026-02-11 03:00:00,438237.3724706409
2026-02-11 03:15:00,437618.3962152685
2026-02-11 03:30:00,437618.3962152685
2026-02-11 03:45:00,444097.2257415373
2026-02-11 04:00:00,444301.5768872952
2026-02-11 04:15:00,437432.6888232172
2026-02-11 04:30:00,437432.6888232172
2026-02-11 04:45:00,437432.6888232172
2026-02-11 05:00:00,437432.6888232172
2026-02-11 05:15:00,442289.11200921476
2026-02-11 05:30:00,443624.00209921383
2026-02-11 05:45:00,441664.7725215174
2026-02-11 06:00:00,441664.7725215174
2026-02-11 06:15:00,440356.4467443094
2026-02-11 06:30:00,438442.61266948166
2026-02-11 06:45:00,428190.7109412817
2026-02-11 07:00:00,434990.91012471885
2026-02-11 07:15:00,434990.91012471885
2026-02-11 07:30:00,471080.7588368896
2026-02-11 07:45:00,471080.7588368896
2026-02-11 08:00:00,471080.7588368896
2026-02-11 08:15:00,471080.7588368896
2026-02-11 08:30:00,471080.7588368896
2026-02-11 08:45:00,471080.7588368896
2026-02-11 09:00:00,482396.064536783
2026-02-11 09:15:00,482396.064536783
2026-02-11 09:30:00,481764.5205561969
2026-02-11 09:45:00,481764.5205561969
2026-02-11 10:00:00,481764.5205561969
2026-02-11 10:15:00,483640.20617853745
2026-02-11 10:30:00,482996.22078153386
2026-02-11 10:45:00,482996.22078153386
2026-02-11 11:00:00,482358.67523850035
2026-02-11 11:15:00,482358.67523850035
2026-02-11 11:30:00,472253.9359654597
2026-02-11 11:45:00,507099.7365836876
2026-02-11 12:00:00,522954.22720265156
2026-02-11 12:15:00,539440.2806046873
2026-02-11 12:30:00,607054.6536372814
2026-02-11 12:45:00,607054.6536372814
2026-02-11 13:00:00,607719.1996384787
2026-02-11 13:15:00,607719.1996384787
2026-02-11 13:30:00,607719.1996384787
2026-02-11 13:45:00,607719.1996384787
2026-02-11 14:00:00,607719.1996384787
2026-02-11 14:15:00,602483.7566559648
2026-02-11 14:30:00,597611.667199428
2026-02-11 14:45:00,597611.667199428
2026-02-11 15:00:00,597611.667199428
2026-02-11 15:15:00,592477.2995413044
2026-02-11 15:30:00,592215.716840096
2026-02-11 15:45:00,590167.3678989543
2026-02-11 16:00:00,590167.3678989543
2026-02-11 16:15:00,590167.3678989543
2026-02-11 16:30:00,590440.9490175879
2026-02-11 16:45:00,589216.6492197242
2026-02-11 17:00:00,589216.6492197242
2026-02-11 17:15:00,589216.6492197242
2026-02-11 17:30:00,589512.4062656929
2026-02-11 17:45:00,588593.1489413169
2026-02-11 18:00:00,587683.0841901845
2026-02-11 18:15:00,587683.0841901845
2026-02-11 18:30:00,578369.665902483
2026-02-11 18:45:00,578369.665902483
2026-02-11 19:00:00,578369.665902483
2026-02-11 19:15:00,576576.7473362774
2026-02-11 19:30:00,576576.7473362774
2026-02-11 19:45:00,575693.7124183185
2026-02-11 20:00:00,566565.6311545423
2026-02-11 20:15:00,562069.9364577448
2026-02-11 20:30:00,562069.9364577448
2026-02-11 20:45:00,562069.9364577448
2026-02-11 21:00:00,561195.7318889655
2026-02-11 21:15:00,562069.9364577448
2026-02-11 21:30:00,562069.9364577448
2026-02-11 21:45:00,557619.1987079154
2026-02-11 22:00:00,557619.1987079154
2026-02-11 22:15:00,557619.1987079154
2026-02-11 22:30:00,557619.1987079154
2026-02-11 22:45:00,557619.1987079154
2026-02-11 23:00:00,557619.1987079154
2026-02-11 23:15:00,557619.1987079154
2026-02-11 23:30:00,531834.0043985555
2026-02-11 23:45:00,531834.0043985555
2026-02-12 00:00:00,531834.0043985555
2026-02-12 00:15:00,531834.0043985555
2026-02-12 00:30:00,531834.0043985555
2026-02-12 00:45:00,531834.0043985555
2026-02-12 01:00:00,540256.8929550117
2026-02-12 01:15:00,536024.2856402097
2026-02-12 01:30:00,536024.2856402097
2026-02-12 01:45:00,536024.2856402097
2026-02-12 02:00:00,536024.2856402097
2026-02-12 02:15:00,536024.2856402097
2026-02-12 02:30:00,534284.6185483388
2026-02-12 02:45:00,533427.8106504781
2026-02-12 03:00:00,534284.6185483388
2026-02-12 03:15:00,534284.6185483388
2026-02-12 03:30:00,532579.570831596
2026-02-12 03:45:00,531739.8134109029
2026-02-12 04:00:00,531739.8134109029
2026-02-12 04:15:00,531739.8134109029
2026-02-12 04:30:00,531739.8134109029
2026-02-12 04:45:00,531739.8134109029
2026-02-12 05:00:00,531739.8134109029
2026-02-12 05:15:00,531739.8134109029
2026-02-12 05:30:00,531739.8134109029
2026-02-12 05:45:00,531739.8134109029
2026-02-12 06:00:00,531739.8134109029
2026-02-12 06:15:00,531739.8134109029
2026-02-12 06:30:00,531739.8134109029
2026-02-12 06:45:00,531739.8134109029
2026-02-12 07:00:00,531739.8134109029
2026-02-12 07:15:00,531444.0563649343
2026-02-12 07:30:00,531444.0563649343
2026-02-12 07:45:00,531444.0563649343
2026-02-12 08:00:00,527253.7751232801
2026-02-12 08:15:00,514639.87687509257
2026-02-12 08:30:00,510324.8379528279
2026-02-12 08:45:00,510324.8379528279
2026-02-12 09:00:00,510324.8379528279
2026-02-12 09:15:00,511293.35540757177
2026-02-12 09:30:00,511293.35540757177
2026-02-12 09:45:00,511293.35540757177
2026-02-12 10:00:00,514703.6230680992
2026-02-12 10:15:00,514703.6230680992
2026-02-12 10:30:00,514703.6230680992
2026-02-12 10:45:00,514703.6230680992
2026-02-12 11:00:00,514703.6230680992
2026-02-12 11:15:00,514703.6230680992
2026-02-12 11:30:00,514703.6230680992
2026-02-12 11:45:00,514703.6230680992
2026-02-12 12:00:00,513838.1605450077
2026-02-12 12:15:00,498136.00244125957
2026-02-12 12:30:00,498136.00244125957
2026-02-12 12:45:00,505908.17816848727
2026-02-12 13:00:00,505908.17816848727
2026-02-12 13:15:00,505908.17816848727
2026-02-12 13:30:00,505908.17816848727
2026-02-12 13:45:00,505908.17816848727
2026-02-12 14:00:00,505908.17816848727
2026-02-12 14:15:00,505908.17816848727
2026-02-12 14:30:00,505908.17816848727
2026-02-12 14:45:00,506722.53329925425
2026-02-12 15:00:00,502816.91735592374
2026-02-12 15:15:00,472088.8836962938
2026-02-12 15:30:00,471948.2677614569
2026-02-12 15:45:00,471063.6351148295
2026-02-12 16:00:00,470154.6476159892
2026-02-12 16:15:00,469254.74999213725
2026-02-12 16:30:00,468363.85134452383
2026-02-12 16:45:00,512303.78657520725
2026-02-12 17:00:00,512303.78657520725
2026-02-12 17:15:00,504453.104022452
2026-02-12 17:30:00,504453.104022452
2026-02-12 17:45:00,504453.104022452
2026-02-12 18:00:00,528000.4531063858
2026-02-12 18:15:00,528000.4531063858
2026-02-12 18:30:00,528000.4531063858
2026-02-12 18:45:00,523898.41983164917
2026-02-12 19:00:00,523593.6183398478
2026-02-12 19:15:00,523593.6183398478
2026-02-12 19:30:00,523593.6183398478
2026-02-12 19:45:00,523593.6183398478
2026-02-12 20:00:00,523593.6183398478
2026-02-12 20:15:00,522697.38033815636
2026-02-12 20:30:00,522697.38033815636
2026-02-12 20:45:00,522697.38033815636
2026-02-12 21:00:00,522697.38033815636
2026-02-12 21:15:00,522697.38033815636
2026-02-12 21:30:00,522697.38033815636
2026-02-12 21:45:00,522697.38033815636
2026-02-12 22:00:00,522697.38033815636
2026-02-12 22:15:00,522697.38033815636
2026-02-12 22:30:00,522697.38033815636
2026-02-12 22:45:00,522697.38033815636
2026-02-12 23:00:00,522697.38033815636
2026-02-12 23:15:00,522697.38033815636
2026-02-12 23:30:00,522697.38033815636
2026-02-12 23:45:00,522697.38033815636
2026-02-13 00:00:00,522697.38033815636
2026-02-13 00:15:00,522697.38033815636
2026-02-13 00:30:00,522697.38033815636
2026-02-13 00:45:00,522697.38033815636
2026-02-13 01:00:00,522697.38033815636
2026-02-13 01:15:00,522697.38033815636
2026-02-13 01:30:00,522697.38033815636
2026-02-13 01:45:00,522697.38033815636
2026-02-13 02:00:00,482993.64748609095
2026-02-13 02:15:00,479320.9401749772
2026-02-13 02:30:00,479320.9401749772
2026-02-13 02:45:00,479320.9401749772
2026-02-13 03:00:00,516898.75956476066
2026-02-13 03:15:00,508042.36428153596
2026-02-13 03:30:00,508042.36428153596
2026-02-13 03:45:00,516042.96587854886
2026-02-13 04:00:00,516042.96587854886
2026-02-13 04:15:00,516042.96587854886
2026-02-13 04:30:00,516898.75956476066
2026-02-13 04:45:00,516898.75956476066
2026-02-13 05:00:00,516898.75956476066
2026-02-13 05:15:00,516898.75956476066
2026-02-13 05:30:00,516898.75956476066
2026-02-13 05:45:00,516898.75956476066
2026-02-13 06:00:00,516898.75956476066
2026-02-13 06:15:00,528959.9680024687
2026-02-13 06:30:00,528959.9680024687
2026-02-13 06:45:00,528959.9680024687
2026-02-13 07:00:00,528667.1769056022
2026-02-13 07:15:00,500535.33627199987
2026-02-13 07:30:00,492854.54025568534
2026-02-13 07:45:00,488781.78853934037
2026-02-13 08:00:00,484749.7643401588
2026-02-13 08:15:00,484749.7643401588
2026-02-13 08:30:00,499829.35389881476
2026-02-13 08:45:00,499550.91247899545
2026-02-13 09:00:00,500681.6673207655
2026-02-13 09:15:00,500394.70276672667
2026-02-13 09:30:00,500394.70276672667
2026-02-13 09:45:00,500394.70276672667
2026-02-13 10:00:00,500394.70276672667
2026-02-13 10:15:00,500394.70276672667
2026-02-13 10:30:00,500394.70276672667
2026-02-13 10:45:00,500394.70276672667
2026-02-13 11:00:00,502693.9511392986
2026-02-13 11:15:00,502693.9511392986
2026-02-13 11:30:00,502693.9511392986
2026-02-13 11:45:00,502693.9511392986
2026-02-13 12:00:00,502693.9511392986
2026-02-13 12:15:00,502693.9511392986
2026-02-13 12:30:00,502693.9511392986
2026-02-13 12:45:00,496770.3198138769
2026-02-13 13:00:00,499687.4879956733
2026-02-13 13:15:00,498705.30955663207
2026-02-13 13:30:00,512080.1774589155
2026-02-13 13:45:00,512080.1774589155
2026-02-13 14:00:00,497470.71847106144
2026-02-13 14:15:00,493909.20401224867
2026-02-13 14:30:00,493909.20401224867
2026-02-13 14:45:00,493909.20401224867
2026-02-13 15:00:00,493909.20401224867
2026-02-13 15:15:00,493909.20401224867
2026-02-13 15:30:00,493909.20401224867
2026-02-13 15:45:00,493909.20401224867
2026-02-13 16:00:00,493909.20401224867
2026-02-13 16:15:00,515381.93083587685
2026-02-13 16:30:00,503165.7904896361
2026-02-13 16:45:00,504414.6822783105
2026-02-13 17:00:00,504414.6822783105
2026-02-13 17:15:00,503319.6379979735
2026-02-13 17:30:00,503319.6379979735
2026-02-13 17:45:00,485531.3480446342
2026-02-13 18:00:00,482079.70471183246
2026-02-13 18:15:00,482570.47006888886
2026-02-13 18:30:00,482570.47006888886
2026-02-13 18:45:00,482570.47006888886
2026-02-13 19:00:00,482570.47006888886
2026-02-13 19:15:00,482570.47006888886
2026-02-13 19:30:00,482570.47006888886
2026-02-13 19:45:00,482570.47006888886
2026-02-13 20:00:00,482570.47006888886
2026-02-13 20:15:00,482570.47006888886
2026-02-13 20:30:00,482570.47006888886
2026-02-13 20:45:00,482570.47006888886
2026-02-13 21:00:00,492821.8507673102
2026-02-13 21:15:00,492821.8507673102
2026-02-13 21:30:00,492821.8507673102
2026-02-13 21:45:00,483989.0715727282
2026-02-13 22:00:00,482958.1091200759
2026-02-13 22:15:00,481937.4562919501
2026-02-13 22:30:00,486082.3429539936
2026-02-13 22:45:00,486082.3429539936
2026-02-13 23:00:00,486082.3429539936
2026-02-13 23:15:00,486082.3429539936
2026-02-13 23:30:00,486082.3429539936
2026-02-13 23:45:00,486082.3429539936
2026-02-16 00:00:00,486082.3429539936
2026-02-16 00:15:00,486082.3429539936
2026-02-16 00:30:00,486082.3429539936
2026-02-16 00:45:00,486082.3429539936
2026-02-16 01:00:00,472352.2421211079
2026-02-16 01:15:00,472352.2421211079
2026-02-16 01:30:00,472352.2421211079
2026-02-16 01:45:00,472352.2421211079
2026-02-16 02:00:00,475733.19494036504
2026-02-16 02:15:00,476459.7707448684
2026-02-16 02:30:00,476459.7707448684
2026-02-16 02:45:00,476459.7707448684
2026-02-16 03:00:00,476459.7707448684
2026-02-16 03:15:00,459889.7378486435
2026-02-16 03:30:00,459889.7378486435
2026-02-16 03:45:00,459889.7378486435
2026-02-16 04:00:00,459889.7378486435
2026-02-16 04:15:00,459889.7378486435
2026-02-16 04:30:00,459889.7378486435
2026-02-16 04:45:00,503280.642418111
2026-02-16 05:00:00,503280.642418111
2026-02-16 05:15:00,501208.3037506583
2026-02-16 05:30:00,501208.3037506583
2026-02-16 05:45:00,512187.3452136214
2026-02-16 06:00:00,512187.3452136214
2026-02-16 06:15:00,512187.3452136214
2026-02-16 06:30:00,512187.3452136214
2026-02-16 06:45:00,512187.3452136214
2026-02-16 07:00:00,512187.3452136214
2026-02-16 07:15:00,512187.3452136214
2026-02-16 07:30:00,510156.246085651
2026-02-16 07:45:00,510156.246085651
2026-02-16 08:00:00,510156.246085651
2026-02-16 08:15:00,510156.246085651
2026-02-16 08:30:00,510156.246085651
2026-02-16 08:45:00,510156.246085651
2026-02-16 09:00:00,510887.63356168766
2026-02-16 09:15:00,510887.63356168766
2026-02-16 09:30:00,510887.63356168766
2026-02-16 09:45:00,510887.63356168766
2026-02-16 10:00:00,509887.2917248415
2026-02-16 10:15:00,506117.8208225576
2026-02-16 10:30:00,506117.8208225576
2026-02-16 10:45:00,506117.8208225576
2026-02-16 11:00:00,506117.8208225576
2026-02-16 11:15:00,516394.0324099272
2026-02-16 11:30:00,516394.0324099272
2026-02-16 11:45:00,516394.0324099272
2026-02-16 12:00:00,514218.762346568
2026-02-16 12:15:00,506792.52772197855
2026-02-16 12:30:00,507874.69725098636
2026-02-16 12:45:00,507874.69725098636
2026-02-16 13:00:00,498913.47594232974
2026-02-16 13:15:00,497884.3434879383
2026-02-16 13:30:00,497884.3434879383
2026-02-16 13:45:00,497884.3434879383
2026-02-16 14:00:00,497884.3434879383
2026-02-16 14:15:00,490678.6754579337
2026-02-16 14:30:00,490678.6754579337
2026-02-16 14:45:00,489320.7707315993
2026-02-16 15:00:00,488985.0977710773
2026-02-16 15:15:00,488652.78154016053
2026-02-16 15:30:00,488323.7884715529
2026-02-16 15:45:00,488323.7884715529
2026-02-16 16:00:00,496768.5700517843
2026-02-16 16:15:00,501229.8894505183
2026-02-16 16:30:00,508638.863698136
2026-02-16 16:45:00,512016.5443492815
2026-02-16 17:00:00,555154.7711783051
2026-02-16 17:15:00,555154.7711783051
2026-02-16 17:30:00,548820.7694150133
2026-02-16 17:45:00,548820.7694150133
2026-02-16 18:00:00,546684.9961456882
2026-02-16 18:15:00,545633.1009792233
2026-02-16 18:30:00,552040.5281124879
2026-02-16 18:45:00,552040.5281124879
2026-02-16 19:00:00,552040.5281124879
2026-02-16 19:15:00,552040.5281124879
2026-02-16 19:30:00,546859.6792094174
2026-02-16 19:45:00,546859.6792094174
2026-02-16 20:00:00,546859.6792094174
2026-02-16 20:15:00,546859.6792094174
2026-02-16 20:30:00,546859.6792094174
2026-02-16 20:45:00,546859.6792094174
2026-02-16 21:00:00,546859.6792094174
2026-02-16 21:15:00,546859.6792094174
2026-02-16 21:30:00,546859.6792094174
2026-02-16 21:45:00,546859.6792094174
2026-02-16 22:00:00,546859.6792094174
2026-02-16 22:15:00,546859.6792094174
2026-02-16 22:30:00,546859.6792094174
2026-02-16 22:45:00,546859.6792094174
2026-02-16 23:00:00,546859.6792094174
2026-02-16 23:15:00,546859.6792094174
2026-02-16 23:30:00,546859.6792094174
2026-02-16 23:45:00,546859.6792094174
2026-02-17 00:00:00,546859.6792094174
2026-02-17 00:15:00,546859.6792094174
2026-02-17 00:30:00,546859.6792094174
2026-02-17 00:45:00,546859.6792094174
2026-02-17 01:00:00,534876.381779653
2026-02-17 01:15:00,538830.736788209
2026-02-17 01:30:00,537736.3408069373
2026-02-17 01:45:00,537736.3408069373
2026-02-17 02:00:00,533781.9857983814
2026-02-17 02:15:00,545526.4201737919
2026-02-17 02:30:00,545526.4201737919
2026-02-17 02:45:00,568999.405987879
2026-02-17 03:00:00,581832.8665296193
2026-02-17 03:15:00,577087.1553655675
2026-02-17 03:30:00,569539.2808869843
2026-02-17 03:45:00,568498.5211981444
2026-02-17 04:00:00,567468.1691061929
2026-02-17 04:15:00,558874.4092177384
2026-02-17 04:30:00,558874.4092177384
2026-02-17 04:45:00,558874.4092177384
2026-02-17 05:00:00,558205.4491973333
2026-02-17 05:15:00,558205.4491973333
2026-02-17 05:30:00,558205.4491973333
2026-02-17 05:45:00,558205.4491973333
2026-02-17 06:00:00,558205.4491973333
2026-02-17 06:15:00,558205.4491973333
2026-02-17 06:30:00,558205.4491973333
2026-02-17 06:45:00,558205.4491973333
2026-02-17 07:00:00,570903.053317948
2026-02-17 07:15:00,630574.9839900904
2026-02-17 07:30:00,630574.9839900904
2026-02-17 07:45:00,630574.9839900904
2026-02-17 08:00:00,630574.9839900904
2026-02-17 08:15:00,630574.9839900904
2026-02-17 08:30:00,620712.0861810404
2026-02-17 08:45:00,615854.4851043319
2026-02-17 09:00:00,615854.4851043319
2026-02-17 09:15:00,615854.4851043319
2026-02-17 09:30:00,615854.4851043319
2026-02-17 09:45:00,615525.013890262
2026-02-17 10:00:00,596575.5363294514
2026-02-17 10:15:00,596575.5363294514
2026-02-17 10:30:00,595555.4877584194
2026-02-17 10:45:00,597639.6230015428
2026-02-17 11:00:00,597639.6230015428
2026-02-17 11:15:00,597639.6230015428
2026-02-17 11:30:00,597639.6230015428
2026-02-17 11:45:00,597639.6230015428
2026-02-17 12:00:00,574999.328100075
2026-02-17 12:15:00,573999.5784956065
2026-02-17 12:30:00,566666.7884170585
2026-02-17 12:45:00,563287.6483906192
2026-02-17 13:00:00,563287.6483906192
2026-02-17 13:15:00,563287.6483906192
2026-02-17 13:30:00,563287.6483906192
2026-02-17 13:45:00,563287.6483906192
2026-02-17 14:00:00,563287.6483906192
2026-02-17 14:15:00,563287.6483906192
2026-02-17 14:30:00,563287.6483906192
2026-02-17 14:45:00,558981.9442833927
2026-02-17 15:00:00,553392.1248405587
2026-02-17 15:15:00,548818.5590732046
2026-02-17 15:30:00,557301.2267348515
2026-02-17 15:45:00,588099.2637111753
2026-02-17 16:00:00,601811.1460189275
2026-02-17 16:15:00,597103.3997599327
2026-02-17 16:30:00,597103.3997599327
2026-02-17 16:45:00,597103.3997599327
2026-02-17 17:00:00,595793.0345587382
2026-02-17 17:15:00,595446.5249357967
2026-02-17 17:30:00,595103.4804090847
2026-02-17 17:45:00,590442.8116126797
2026-02-17 18:00:00,576738.5857443992
2026-02-17 18:15:00,576738.5857443992
2026-02-17 18:30:00,577997.9758166646
2026-02-17 18:45:00,577997.9758166646
2026-02-17 19:00:00,577997.9758166646
2026-02-17 19:15:00,577997.9758166646
2026-02-17 19:30:00,576105.9794834451
2026-02-17 19:45:00,574251.6338772567
2026-02-17 20:00:00,574251.6338772567
2026-02-17 20:15:00,556610.3893382896
2026-02-17 20:30:00,565342.3643762381
2026-02-17 20:45:00,552309.7819339212
2026-02-17 21:00:00,552309.7819339212
2026-02-17 21:15:00,552309.7819339212
2026-02-17 21:30:00,552309.7819339212
2026-02-17 21:45:00,552309.7819339212
2026-02-17 22:00:00,551396.4934270743
2026-02-17 22:15:00,551396.4934270743
2026-02-17 22:30:00,547833.7595191742
2026-02-17 22:45:00,547833.7595191742
2026-02-17 23:00:00,547833.7595191742
2026-02-17 23:15:00,547833.7595191742
2026-02-17 23:30:00,547833.7595191742
2026-02-17 23:45:00,547833.7595191742
2026-02-18 00:00:00,547833.7595191742
2026-02-18 00:15:00,547833.7595191742
2026-02-18 00:30:00,547833.7595191742
2026-02-18 00:45:00,547833.7595191742
2026-02-18 01:00:00,539008.9248896604
2026-02-18 01:15:00,541667.503175782
2026-02-18 01:30:00,541667.503175782
2026-02-18 01:45:00,539008.9248896604
2026-02-18 02:00:00,539008.9248896604
2026-02-18 02:15:00,534836.0498258091
2026-02-18 02:30:00,530704.9035125963
2026-02-18 02:45:00,526615.0686625156
2026-02-18 03:00:00,514589.3223591733
2026-02-18 03:15:00,510660.6433206268
2026-02-18 03:30:00,530704.9035125963
2026-02-18 03:45:00,530704.9035125963
2026-02-18 04:00:00,526615.0686625156
2026-02-18 04:15:00,526615.0686625156
2026-02-18 04:30:00,543223.9502066819
2026-02-18 04:45:00,543223.9502066819
2026-02-18 05:00:00,578513.5672401816
2026-02-18 05:15:00,578513.5672401816
2026-02-18 05:30:00,578513.5672401816
2026-02-18 05:45:00,578513.5672401816
2026-02-18 06:00:00,578513.5672401816
2026-02-18 06:15:00,578513.5672401816
2026-02-18 06:30:00,586567.1694471685
2026-02-18 06:45:00,586567.1694471685
2026-02-18 07:00:00,586567.1694471685
2026-02-18 07:15:00,586567.1694471685
2026-02-18 07:30:00,581119.1520882801
2026-02-18 07:45:00,581119.1520882801
2026-02-18 08:00:00,576734.7997253397
2026-02-18 08:15:00,576734.7997253397
2026-02-18 08:30:00,576734.7997253397
2026-02-18 08:45:00,576734.7997253397
2026-02-18 09:00:00,575884.0591177888
2026-02-18 09:15:00,574208.0150468526
2026-02-18 09:30:00,574208.0150468526
2026-02-18 09:45:00,574208.0150468526
2026-02-18 10:00:00,597784.8776520074
2026-02-18 10:15:00,603948.3482380281
2026-02-18 10:30:00,603948.3482380281
2026-02-18 10:45:00,603948.3482380281
2026-02-18 11:00:00,607348.0454760183
2026-02-18 11:15:00,607348.0454760183
2026-02-18 11:30:00,607348.0454760183
2026-02-18 11:45:00,607348.0454760183
2026-02-18 12:00:00,597090.6523311355
2026-02-18 12:15:00,597090.6523311355
2026-02-18 12:30:00,597090.6523311355
2026-02-18 12:45:00,597090.6523311355
2026-02-18 13:00:00,597090.6523311355
2026-02-18 13:15:00,597090.6523311355
2026-02-18 13:30:00,595935.0952399427
2026-02-18 13:45:00,595935.0952399427
2026-02-18 14:00:00,587025.825738924
2026-02-18 14:15:00,593659.162794363
2026-02-18 14:30:00,584719.0906965887
2026-02-18 14:45:00,579232.2402460249
2026-02-18 15:00:00,592264.3838956258
2026-02-18 15:15:00,592264.3838956258
2026-02-18 15:30:00,589033.1109355323
2026-02-18 15:45:00,587977.4896022754
2026-02-18 16:00:00,587977.4896022754
2026-02-18 16:15:00,587617.1491458734
2026-02-18 16:30:00,643417.6889755967
2026-02-18 16:45:00,658525.5152411339
2026-02-18 17:00:00,660963.6182329316
2026-02-18 17:15:00,657848.7265343622
2026-02-18 17:30:00,657848.7265343622
2026-02-18 17:45:00,657848.7265343622
2026-02-18 18:00:00,657848.7265343622
2026-02-18 18:15:00,657495.5568530424
2026-02-18 18:30:00,657145.918868536
2026-02-18 18:45:00,656799.7772638745
2026-02-18 19:00:00,656799.7772638745
2026-02-18 19:15:00,656799.7772638745
2026-02-18 19:30:00,656799.7772638745
2026-02-18 19:45:00,656799.7772638745
2026-02-18 20:00:00,656799.7772638745
2026-02-18 20:15:00,656799.7772638745
2026-02-18 20:30:00,647820.2970011198
2026-02-18 20:45:00,652365.7916972094
2026-02-18 21:00:00,652365.7916972094
2026-02-18 21:15:00,652365.7916972094
2026-02-18 21:30:00,652026.5383104807
2026-02-18 21:45:00,651029.1541314046
2026-02-18 22:00:00,651029.1541314046
2026-02-18 22:15:00,651029.1541314046
2026-02-18 22:30:00,645842.133780237
2026-02-18 22:45:00,645842.133780237
2026-02-18 23:00:00,640706.9836325813
2026-02-18 23:15:00,640706.9836325813
2026-02-18 23:30:00,640706.9836325813
2026-02-18 23:45:00,640706.9836325813
2026-02-19 00:00:00,640706.9836325813
2026-02-19 00:15:00,640706.9836325813
2026-02-19 00:30:00,640706.9836325813
2026-02-19 00:45:00,640706.9836325813
2026-02-19 01:00:00,671667.3173878123
2026-02-19 01:15:00,671667.3173878123
2026-02-19 01:30:00,635623.184986402
2026-02-19 01:45:00,635623.184986402
2026-02-19 02:00:00,635623.184986402
2026-02-19 02:15:00,635623.184986402
2026-02-19 02:30:00,635623.184986402
2026-02-19 02:45:00,635623.184986402
2026-02-19 03:00:00,635623.184986402
2026-02-19 03:15:00,635623.184986402
2026-02-19 03:30:00,635623.184986402
2026-02-19 03:45:00,615791.3118358123
2026-02-19 04:00:00,625607.5932735645
2026-02-19 04:15:00,625607.5932735645
2026-02-19 04:30:00,625607.5932735645
2026-02-19 04:45:00,625607.5932735645
2026-02-19 05:00:00,625607.5932735645
2026-02-19 05:15:00,625607.5932735645
2026-02-19 05:30:00,615791.3118358123
2026-02-19 05:45:00,600444.5315075461
2026-02-19 06:00:00,610904.7204299693
2026-02-19 06:15:00,610904.7204299693
2026-02-19 06:30:00,630538.2748490532
2026-02-19 06:45:00,628592.9777435677
2026-02-19 07:00:00,605184.1929936033
2026-02-19 07:15:00,605184.1929936033
2026-02-19 07:30:00,605184.1929936033
2026-02-19 07:45:00,605184.1929936033
2026-02-19 08:00:00,605184.1929936033
2026-02-19 08:15:00,605184.1929936033
2026-02-19 08:30:00,605184.1929936033
2026-02-19 08:45:00,613837.3291317063
2026-02-19 09:00:00,613837.3291317063
2026-02-19 09:15:00,612830.4668107763
2026-02-19 09:30:00,611805.1423687001
2026-02-19 09:45:00,610808.3486709797
2026-02-19 10:00:00,609821.5229102364
2026-02-19 10:15:00,620381.5364776484
2026-02-19 10:30:00,618213.9819376598
2026-02-19 10:45:00,616089.561733017
2026-02-19 11:00:00,614714.9616246162
2026-02-19 11:15:00,591257.3512189678
2026-02-19 11:30:00,585669.7912110069
2026-02-19 11:45:00,585669.7912110069
2026-02-19 12:00:00,576702.4488114668
2026-02-19 12:15:00,577733.3180133664
2026-02-19 12:30:00,577733.3180133664
2026-02-19 12:45:00,577733.3180133664
2026-02-19 13:00:00,577733.3180133664
2026-02-19 13:15:00,577733.3180133664
2026-02-19 13:30:00,577733.3180133664
2026-02-19 13:45:00,577733.3180133664
2026-02-19 14:00:00,577397.9958171186
2026-02-19 14:15:00,577066.026842833
2026-02-19 14:30:00,576737.3775582905
2026-02-19 14:45:00,576412.0147665932
2026-02-19 15:00:00,576089.905602813
2026-02-19 15:15:00,575771.0175306706
2026-02-19 15:30:00,575771.0175306706
2026-02-19 15:45:00,574117.2939426859
2026-02-19 16:00:00,573807.8771651742
2026-02-19 16:15:00,573807.8771651742
2026-02-19 16:30:00,582508.4388752265
2026-02-19 16:45:00,561018.5839458221
2026-02-19 17:00:00,555714.7207161004
2026-02-19 17:15:00,555714.7207161004
2026-02-19 17:30:00,553793.433163235
2026-02-19 17:45:00,552847.1749066703
2026-02-19 18:00:00,548561.8214413391
2026-02-19 18:15:00,540119.2465792903
2026-02-19 18:30:00,540119.2465792903
2026-02-19 18:45:00,535961.1723972328
2026-02-19 19:00:00,535961.1723972328
2026-02-19 19:15:00,535961.1723972328
2026-02-19 19:30:00,531844.678956996
2026-02-19 19:45:00,531844.678956996
2026-02-19 20:00:00,527769.3504511615
2026-02-19 20:15:00,523734.77523038536
2026-02-19 20:30:00,523734.77523038536
2026-02-19 20:45:00,523734.77523038536
2026-02-19 21:00:00,523734.77523038536
2026-02-19 21:15:00,523734.77523038536
2026-02-19 21:30:00,523734.77523038536
2026-02-19 21:45:00,523734.77523038536
2026-02-19 22:00:00,523734.77523038536
2026-02-19 22:15:00,515786.2585879344
2026-02-19 22:30:00,504159.0765361369
2026-02-19 22:45:00,500467.72779910726
2026-02-19 23:00:00,502294.8531448791
2026-02-19 23:15:00,502294.8531448791
2026-02-19 23:30:00,502294.8531448791
2026-02-19 23:45:00,502294.8531448791
2026-02-20 00:00:00,502294.8531448791
2026-02-20 00:15:00,502294.8531448791
2026-02-20 00:30:00,502294.8531448791
2026-02-20 00:45:00,502294.8531448791
2026-02-20 01:00:00,498496.3806632533
2026-02-20 01:15:00,498496.3806632533
2026-02-20 01:30:00,497578.22722316696
2026-02-20 01:45:00,497578.22722316696
2026-02-20 02:00:00,497578.22722316696
2026-02-20 02:15:00,497578.22722316696
2026-02-20 02:30:00,496669.25531748147
2026-02-20 02:45:00,489185.8846814303
2026-02-20 03:00:00,485500.2306309812
2026-02-20 03:15:00,485500.2306309812
2026-02-20 03:30:00,484600.34844435257
2026-02-20 03:45:00,483709.4650795902
2026-02-20 04:00:00,485500.2306309812
2026-02-20 04:15:00,485193.90802124457
2026-02-20 04:30:00,485193.90802124457
2026-02-20 04:45:00,484890.64863760537
2026-02-20 05:00:00,484890.64863760537
2026-02-20 05:15:00,484890.64863760537
2026-02-20 05:30:00,484890.64863760537
2026-02-20 05:45:00,484890.64863760537
2026-02-20 06:00:00,484890.64863760537
2026-02-20 06:15:00,484890.64863760537
2026-02-20 06:30:00,484890.64863760537
2026-02-20 06:45:00,484590.4218478026
2026-02-20 07:00:00,480350.14753926743
2026-02-20 07:15:00,480350.14753926743
2026-02-20 07:30:00,480350.14753926743
2026-02-20 07:45:00,480350.14753926743
2026-02-20 08:00:00,480350.14753926743
2026-02-20 08:15:00,505048.75916635885
2026-02-20 08:30:00,504121.88051413134
2026-02-20 08:45:00,504121.88051413134
2026-02-20 09:00:00,500289.5813286141
2026-02-20 09:15:00,496495.60513495206
2026-02-20 09:30:00,490014.1756410956
2026-02-20 09:45:00,494669.5615021987
2026-02-20 10:00:00,491821.9588375215
2026-02-20 10:15:00,490913.5250704733
2026-02-20 10:30:00,491528.3279280234
2026-02-20 10:45:00,491528.3279280234
2026-02-20 11:00:00,543979.9586381372
2026-02-20 11:15:00,611136.4690592058
2026-02-20 11:30:00,611136.4690592058
2026-02-20 11:45:00,603712.5745362632
2026-02-20 12:00:00,593868.584151465
2026-02-20 12:15:00,593868.584151465
2026-02-20 12:30:00,593868.584151465
2026-02-20 12:45:00,587740.6274085153
2026-02-20 13:00:00,584722.455513694
2026-02-20 13:15:00,584722.455513694
2026-02-20 13:30:00,576636.5299102498
2026-02-20 13:45:00,572654.1099685733
2026-02-20 14:00:00,568711.5142263138
2026-02-20 14:15:00,592972.5581597958
2026-02-20 14:30:00,588826.7779356241
2026-02-20 14:45:00,588529.3201531298
2026-02-20 15:00:00,588529.3201531298
2026-02-20 15:15:00,587654.675586941
2026-02-20 15:30:00,587654.675586941
2026-02-20 15:45:00,588520.7373688694
2026-02-20 16:00:00,588520.7373688694
2026-02-20 16:15:00,588520.7373688694
2026-02-20 16:30:00,588520.7373688694
2026-02-20 16:45:00,613516.0609184228
2026-02-20 17:00:00,600794.1069995979
2026-02-20 17:15:00,596611.4071766348
2026-02-20 17:30:00,596611.4071766348
2026-02-20 17:45:00,596611.4071766348
2026-02-20 18:00:00,596611.4071766348
2026-02-20 18:15:00,596611.4071766348
2026-02-20 18:30:00,596611.4071766348
2026-02-20 18:45:00,596611.4071766348
2026-02-20 19:00:00,609034.0256508354
2026-02-20 19:15:00,608153.3290675812
2026-02-20 19:30:00,608153.3290675812
2026-02-20 19:45:00,608153.3290675812
2026-02-20 20:00:00,608153.3290675812
2026-02-20 20:15:00,608153.3290675812
2026-02-20 20:30:00,608153.3290675812
2026-02-20 20:45:00,608153.3290675812
2026-02-20 21:00:00,608153.3290675812
2026-02-20 21:15:00,608153.3290675812
2026-02-20 21:30:00,608153.3290675812
2026-02-20 21:45:00,620948.6260960078
2026-02-20 22:00:00,620948.6260960078
2026-02-20 22:15:00,620948.6260960078
2026-02-20 22:30:00,620948.6260960078
2026-02-20 22:45:00,620948.6260960078
2026-02-20 23:00:00,620948.6260960078
2026-02-20 23:15:00,620948.6260960078
2026-02-20 23:30:00,634127.7820352869
2026-02-20 23:45:00,690918.5548388085
2026-02-23 00:00:00,690918.5548388085
2026-02-23 00:15:00,690918.5548388085
2026-02-23 00:30:00,690918.5548388085
2026-02-23 00:45:00,690918.5548388085
2026-02-23 01:00:00,905331.8170763354
2026-02-23 01:15:00,914515.2255785193
2026-02-23 01:30:00,918253.7927216026
2026-02-23 01:45:00,916550.131724475
2026-02-23 02:00:00,894008.4270051334
2026-02-23 02:15:00,893749.879751119
2026-02-23 02:30:00,893424.4743253258
2026-02-23 02:45:00,891996.5602919317
2026-02-23 03:00:00,891996.5602919317
2026-02-23 03:15:00,891996.5602919317
2026-02-23 03:30:00,891996.5602919317
2026-02-23 03:45:00,894866.8117327946
2026-02-23 04:00:00,894866.8117327946
2026-02-23 04:15:00,894866.8117327946
2026-02-23 04:30:00,894866.8117327946
2026-02-23 04:45:00,894866.8117327946
2026-02-23 05:00:00,894866.8117327946
2026-02-23 05:15:00,894866.8117327946
2026-02-23 05:30:00,894866.8117327946
2026-02-23 05:45:00,894866.8117327946
2026-02-23 06:00:00,894866.8117327946
2026-02-23 06:15:00,894866.8117327946
2026-02-23 06:30:00,894866.8117327946
2026-02-23 06:45:00,894866.8117327946
2026-02-23 07:00:00,880570.29484953
2026-02-23 07:15:00,880570.29484953
2026-02-23 07:30:00,880570.29484953
2026-02-23 07:45:00,880570.29484953
2026-02-23 08:00:00,880570.29484953
2026-02-23 08:15:00,880248.1434779947
2026-02-23 08:30:00,819353.7852345146
2026-02-23 08:45:00,819353.7852345146
2026-02-23 09:00:00,819353.7852345146
2026-02-23 09:15:00,819353.7852345146
2026-02-23 09:30:00,819353.7852345146
2026-02-23 09:45:00,819353.7852345146
2026-02-23 10:00:00,815069.8989005915
2026-02-23 10:15:00,815069.8989005915
2026-02-23 10:30:00,813670.400356462
2026-02-23 10:45:00,807238.1297694055
2026-02-23 11:00:00,802701.3164617748
2026-02-23 11:15:00,802066.6460447133
2026-02-23 11:30:00,802066.6460447133
2026-02-23 11:45:00,801754.0628910642
2026-02-23 12:00:00,795575.2494298974
2026-02-23 12:15:00,783122.8334107747
2026-02-23 12:30:00,775597.9678255585
2026-02-23 12:45:00,775597.9678255585
2026-02-23 13:00:00,777873.0873958223
2026-02-23 13:15:00,779642.4741414593
2026-02-23 13:30:00,776401.5687198624
2026-02-23 13:45:00,774976.1892891506
2026-02-23 14:00:00,773565.0636527459
2026-02-23 14:15:00,784578.094295638
2026-02-23 14:30:00,781565.2797727603
2026-02-23 14:45:00,781565.2797727603
2026-02-23 15:00:00,780081.4307708144
2026-02-23 15:15:00,780081.4307708144
2026-02-23 15:30:00,780081.4307708144
2026-02-23 15:45:00,780081.4307708144
2026-02-23 16:00:00,762274.8005691686
2026-02-23 16:15:00,756457.5703486283
2026-02-23 16:30:00,820999.8181289647
2026-02-23 16:45:00,821826.1311799451
2026-02-23 17:00:00,821826.1311799451
2026-02-23 17:15:00,821826.1311799451
2026-02-23 17:30:00,821826.1311799451
2026-02-23 17:45:00,821826.1311799451
2026-02-23 18:00:00,821826.1311799451
2026-02-23 18:15:00,821826.1311799451
2026-02-23 18:30:00,821826.1311799451
2026-02-23 18:45:00,821826.1311799451
2026-02-23 19:00:00,821826.1311799451
2026-02-23 19:15:00,821826.1311799451
2026-02-23 19:30:00,821826.1311799451
2026-02-23 19:45:00,821826.1311799451
2026-02-23 20:00:00,821826.1311799451
2026-02-23 20:15:00,821826.1311799451
2026-02-23 20:30:00,821826.1311799451
2026-02-23 20:45:00,821826.1311799451
2026-02-23 21:00:00,821826.1311799451
2026-02-23 21:15:00,821826.1311799451
2026-02-23 21:30:00,821826.1311799451
2026-02-23 21:45:00,821826.1311799451
2026-02-23 22:00:00,821826.1311799451
2026-02-23 22:15:00,821826.1311799451
2026-02-23 22:30:00,821826.1311799451
2026-02-23 22:45:00,821826.1311799451
2026-02-23 23:00:00,821826.1311799451
2026-02-23 23:15:00,821826.1311799451
2026-02-23 23:30:00,821826.1311799451
2026-02-23 23:45:00,821826.1311799451
2026-02-24 00:00:00,821826.1311799451
2026-02-24 00:15:00,821826.1311799451
2026-02-24 00:30:00,821826.1311799451
2026-02-24 00:45:00,821826.1311799451
2026-02-24 01:00:00,880804.3057359972
2026-02-24 01:15:00,880804.3057359972
2026-02-24 01:30:00,880804.3057359972
2026-02-24 01:45:00,880804.3057359972
2026-02-24 02:00:00,873854.1139096562
2026-02-24 02:15:00,870873.1933718233
2026-02-24 02:30:00,870873.1933718233
2026-02-24 02:45:00,870873.1933718233
2026-02-24 03:00:00,818468.6552841
2026-02-24 03:15:00,818468.6552841
2026-02-24 03:30:00,818468.6552841
2026-02-24 03:45:00,818468.6552841
2026-02-24 04:00:00,812112.0107568996
2026-02-24 04:15:00,812112.0107568996
2026-02-24 04:30:00,816516.4331977989
2026-02-24 04:45:00,803993.2078147616
2026-02-24 05:00:00,797825.3619866635
2026-02-24 05:15:00,797825.3619866634
2026-02-24 05:30:00,797825.3619866634
2026-02-24 05:45:00,797825.3619866634
2026-02-24 06:00:00,797825.3619866634
2026-02-24 06:15:00,797825.3619866634
2026-02-24 06:30:00,797109.1585747683
2026-02-24 06:45:00,797109.1585747683
2026-02-24 07:00:00,797109.1585747683
2026-02-24 07:15:00,797109.1585747683
2026-02-24 07:30:00,797109.1585747683
2026-02-24 07:45:00,767182.8627650705
2026-02-24 08:00:00,761375.9583533504
2026-02-24 08:15:00,761375.9583533504
2026-02-24 08:30:00,761375.9583533504
2026-02-24 08:45:00,761375.9583533504
2026-02-24 09:00:00,761375.9583533504
2026-02-24 09:15:00,749935.7759718208
2026-02-24 09:30:00,742789.1573899912
2026-02-24 09:45:00,741292.0942023295
2026-02-24 10:00:00,738342.7300163172
2026-02-24 10:15:00,743936.5880359432
2026-02-24 10:30:00,738358.4988275935
2026-02-24 10:45:00,738358.4988275935
2026-02-24 11:00:00,738358.4988275935
2026-02-24 11:15:00,738358.4988275935
2026-02-24 11:30:00,737603.9224363064
2026-02-24 11:45:00,737603.9224363064
2026-02-24 12:00:00,737603.9224363064
2026-02-24 12:15:00,715843.8242691995
2026-02-24 12:30:00,715843.8242691995
2026-02-24 12:45:00,715843.8242691995
2026-02-24 13:00:00,715843.8242691995
2026-02-24 13:15:00,715843.8242691995
2026-02-24 13:30:00,712894.4600831872
2026-02-24 13:45:00,712894.4600831872
2026-02-24 14:00:00,707589.7527485922
2026-02-24 14:15:00,862000.3238559497
2026-02-24 14:30:00,860547.7249420248
2026-02-24 14:45:00,834267.4410866044
2026-02-24 15:00:00,834267.4410866044
2026-02-24 15:15:00,834267.4410866044
2026-02-24 15:30:00,1008930.9866075636
2026-02-24 15:45:00,1033812.9245622414
2026-02-24 16:00:00,1059441.3206555597
2026-02-24 16:15:00,1055212.8124655928
2026-02-24 16:30:00,1055316.985529288
2026-02-24 16:45:00,1051365.6563830404
2026-02-24 17:00:00,1049761.3792761816
2026-02-24 17:15:00,1041223.6381715217
2026-02-24 17:30:00,1041223.6381715217
2026-02-24 17:45:00,1041223.6381715217
2026-02-24 18:00:00,1045988.3411788925
2026-02-24 18:15:00,1045988.3411788925
2026-02-24 18:30:00,1045988.3411788925
2026-02-24 18:45:00,1045988.3411788925
2026-02-24 19:00:00,1034075.7815261944
2026-02-24 19:15:00,1017590.2998305351
2026-02-24 19:30:00,1017590.2998305351
2026-02-24 19:45:00,1017590.2998305351
2026-02-24 20:00:00,1001432.8792206194
2026-02-24 20:15:00,1001432.8792206194
2026-02-24 20:30:00,1001432.8792206194
2026-02-24 20:45:00,1001432.8792206194
2026-02-24 21:00:00,1001432.8792206194
2026-02-24 21:15:00,1001432.8792206194
2026-02-24 21:30:00,1001432.8792206194
2026-02-24 21:45:00,1001432.8792206194
2026-02-24 22:00:00,1001432.8792206194
2026-02-24 22:15:00,1001432.8792206194
2026-02-24 22:30:00,993475.146587565
2026-02-24 22:45:00,993475.146587565
2026-02-24 23:00:00,993475.146587565
2026-02-24 23:15:00,993475.146587565
2026-02-24 23:30:00,993475.146587565
2026-02-24 23:45:00,985596.9912808411
2026-02-25 00:00:00,985596.9912808411
2026-02-25 00:15:00,985596.9912808411
2026-02-25 00:30:00,985596.9912808411
2026-02-25 00:45:00,985596.9912808411
2026-02-25 01:00:00,977797.6175271843
2026-02-25 01:15:00,977797.6175271843
2026-02-25 01:30:00,977797.6175271843
2026-02-25 01:45:00,977797.6175271843
2026-02-25 02:00:00,977797.6175271843
2026-02-25 02:15:00,977797.6175271843
2026-02-25 02:30:00,977797.6175271843
2026-02-25 02:45:00,977797.6175271843
2026-02-25 03:00:00,977797.6175271843
2026-02-25 03:15:00,977797.6175271843
2026-02-25 03:30:00,977797.6175271843
2026-02-25 03:45:00,977797.6175271843
2026-02-25 04:00:00,977797.6175271843
2026-02-25 04:15:00,977797.6175271843
2026-02-25 04:30:00,977425.9791748724
2026-02-25 04:45:00,954124.7864202054
2026-02-25 05:00:00,953760.5436711046
2026-02-25 05:15:00,953760.5436711046
2026-02-25 05:30:00,953760.5436711046
2026-02-25 05:45:00,953760.5436711046
2026-02-25 06:00:00,946268.4963628433
2026-02-25 06:15:00,946268.4963628433
2026-02-25 06:30:00,946268.4963628433
2026-02-25 06:45:00,945907.8960412336
2026-02-25 07:00:00,945907.8960412336
2026-02-25 07:15:00,945907.8960412336
2026-02-25 07:30:00,945907.8960412336
2026-02-25 07:45:00,945907.8960412336
2026-02-25 08:00:00,931147.813639228
2026-02-25 08:15:00,923878.2876280695
2026-02-25 08:30:00,923878.2876280695
2026-02-25 08:45:00,923878.2876280695
2026-02-25 09:00:00,923878.2876280695
2026-02-25 09:15:00,909556.5944334858
2026-02-25 09:30:00,909556.5944334858
2026-02-25 09:45:00,909556.5944334858
2026-02-25 10:00:00,893445.3775147109
2026-02-25 10:15:00,897498.4874322893
2026-02-25 10:30:00,888880.4968763602
2026-02-25 10:45:00,881967.2499722592
2026-02-25 11:00:00,924508.4075821138
2026-02-25 11:15:00,924508.4075821138
2026-02-25 11:30:00,910042.0508199083
2026-02-25 11:45:00,910042.0508199083
2026-02-25 12:00:00,904886.697182924
2026-02-25 12:15:00,926477.9163886663
2026-02-25 12:30:00,926477.9163886663
2026-02-25 12:45:00,926477.9163886663
2026-02-25 13:00:00,971206.1880237169
2026-02-25 13:15:00,986874.435516568
2026-02-25 13:30:00,979000.9443141302
2026-02-25 13:45:00,979000.9443141302
2026-02-25 14:00:00,979000.9443141302
2026-02-25 14:15:00,963489.3792962079
2026-02-25 14:30:00,963489.3792962079
2026-02-25 14:45:00,963489.3792962079
2026-02-25 15:00:00,963489.3792962079
2026-02-25 15:15:00,963489.3792962079
2026-02-25 15:30:00,963489.3792962079
2026-02-25 15:45:00,963489.3792962079
2026-02-25 16:00:00,963489.3792962079
2026-02-25 16:15:00,933386.1469570702
2026-02-25 16:30:00,1041295.1063393103
2026-02-25 16:45:00,1012874.3593068555
2026-02-25 17:00:00,1016752.4196111732
2026-02-25 17:15:00,1007000.3654245639
2026-02-25 17:30:00,999587.6297509854
2026-02-25 17:45:00,995126.4517883675
2026-02-25 18:00:00,995126.4517883675
2026-02-25 18:15:00,1032489.6346279194
2026-02-25 18:30:00,1032489.6346279194
2026-02-25 18:45:00,1055626.3550636347
2026-02-25 19:00:00,1054392.3675884116
2026-02-25 19:15:00,1054392.3675884116
2026-02-25 19:30:00,1054392.3675884116
2026-02-25 19:45:00,1054392.3675884116
2026-02-25 20:00:00,1054392.3675884116
2026-02-25 20:15:00,1054392.3675884116
2026-02-25 20:30:00,1054392.3675884116
2026-02-25 20:45:00,1046448.7602388163
2026-02-25 21:00:00,1044318.0069424601
2026-02-25 21:15:00,1044318.0069424601
2026-02-25 21:30:00,1044318.0069424601
2026-02-25 21:45:00,1044318.0069424601
2026-02-25 22:00:00,1044318.0069424601
2026-02-25 22:15:00,1059967.7077818979
2026-02-25 22:30:00,1041985.6312754906
2026-02-25 22:45:00,1088925.3675658111
2026-02-25 23:00:00,1113456.582457637
2026-02-25 23:15:00,1105034.1986781103
2026-02-25 23:30:00,1312698.1443288103
2026-02-25 23:45:00,1326105.3632274824
2026-02-26 00:00:00,1326105.3632274824
2026-02-26 00:15:00,1326105.3632274824
2026-02-26 00:30:00,1326105.3632274824
2026-02-26 00:45:00,1326105.3632274824
2026-02-26 01:00:00,1305075.209171067
2026-02-26 01:15:00,1292427.5872141065
2026-02-26 01:30:00,1287916.0446474843
2026-02-26 01:45:00,1283449.6175065285
2026-02-26 02:00:00,1283449.6175065285
2026-02-26 02:15:00,1259660.295129028
2026-02-26 02:30:00,1251888.5851820344
2026-02-26 02:45:00,1250691.2483688127
2026-02-26 03:00:00,1245878.3287326484
2026-02-26 03:15:00,1245491.0835336966
2026-02-26 03:30:00,1245107.7107867342
2026-02-26 03:45:00,1244728.1717672418
2026-02-26 04:00:00,1244728.1717672418
2026-02-26 04:15:00,1244728.1717672418
2026-02-26 04:30:00,1244728.1717672418
2026-02-26 04:45:00,1244728.1717672418
2026-02-26 05:00:00,1244728.1717672418
2026-02-26 05:15:00,1244728.1717672418
2026-02-26 05:30:00,1244728.1717672418
2026-02-26 05:45:00,1244728.1717672418
2026-02-26 06:00:00,1244728.1717672418
2026-02-26 06:15:00,1244728.1717672418
2026-02-26 06:30:00,1244728.1717672418
2026-02-26 06:45:00,1244728.1717672418
2026-02-26 07:00:00,1244728.1717672418
2026-02-26 07:15:00,1229417.126000669
2026-02-26 07:30:00,1229417.126000669
2026-02-26 07:45:00,1229417.126000669
2026-02-26 08:00:00,1229417.126000669
2026-02-26 08:15:00,1229417.126000669
2026-02-26 08:30:00,1229417.126000669
2026-02-26 08:45:00,1229417.126000669
2026-02-26 09:00:00,1233241.3545823907
2026-02-26 09:15:00,1233241.3545823907
2026-02-26 09:30:00,1233241.3545823907
2026-02-26 09:45:00,1233241.3545823907
2026-02-26 10:00:00,1246373.9903049432
2026-02-26 10:15:00,1273833.0183372297
2026-02-26 10:30:00,1273833.0183372297
2026-02-26 10:45:00,1264313.9291992155
2026-02-26 11:00:00,1263899.9432841006
2026-02-26 11:15:00,1263084.3496327326
2026-02-26 11:30:00,1294193.8392203387
2026-02-26 11:45:00,1286728.3656543791
2026-02-26 12:00:00,1285929.0023166733
2026-02-26 12:15:00,1280854.2276098798
2026-02-26 12:30:00,1270856.4139600254
2026-02-26 12:45:00,1318483.230735273
2026-02-26 13:00:00,1313459.203775547
2026-02-26 13:15:00,1313459.203775547
2026-02-26 13:30:00,1313459.203775547
2026-02-26 13:45:00,1360760.8967424072
2026-02-26 14:00:00,1360760.8967424072
2026-02-26 14:15:00,1360760.8967424072
2026-02-26 14:30:00,1360760.8967424072
2026-02-26 14:45:00,1360760.8967424072
2026-02-26 15:00:00,1363369.0854345688
2026-02-26 15:15:00,1363369.0854345688
2026-02-26 15:30:00,1363369.0854345688
2026-02-26 15:45:00,1404373.265065462
2026-02-26 16:00:00,1393659.4463774515
2026-02-26 16:15:00,1358395.2987444403
2026-02-26 16:30:00,1363712.959059113
2026-02-26 16:45:00,1358982.9374064757
2026-02-26 17:00:00,1358982.9374064757
2026-02-26 17:15:00,1358982.9374064757
2026-02-26 17:30:00,1358982.9374064757
2026-02-26 17:45:00,1358982.9374064757
2026-02-26 18:00:00,1358982.9374064757
2026-02-26 18:15:00,1358982.9374064757
2026-02-26 18:30:00,1358982.9374064757
2026-02-26 18:45:00,1358982.9374064757
2026-02-26 19:00:00,1358982.9374064757
2026-02-26 19:15:00,1358563.159033481
2026-02-26 19:30:00,1358563.159033481
2026-02-26 19:45:00,1358563.159033481
2026-02-26 20:00:00,1358563.159033481
2026-02-26 20:15:00,1358563.159033481
2026-02-26 20:30:00,1358563.159033481
2026-02-26 20:45:00,1358563.159033481
2026-02-26 21:00:00,1358563.159033481
2026-02-26 21:15:00,1358563.159033481
2026-02-26 21:30:00,1358563.159033481
2026-02-26 21:45:00,1358563.159033481
2026-02-26 22:00:00,1359852.6417982518
2026-02-26 22:15:00,1359760.0590290795
2026-02-26 22:30:00,1359855.7048943192
2026-02-26 22:45:00,1359855.7048943192
2026-02-26 23:00:00,1359855.7048943192
2026-02-26 23:15:00,1359855.7048943192
2026-02-26 23:30:00,1359855.7048943192
2026-02-26 23:45:00,1359855.7048943192
2026-02-27 00:00:00,1359855.7048943192
2026-02-27 00:15:00,1359855.7048943192
2026-02-27 00:30:00,1359855.7048943192
2026-02-27 00:45:00,1359855.7048943192
2026-02-27 01:00:00,1359855.7048943192
2026-02-27 01:15:00,1359855.7048943192
2026-02-27 01:30:00,1359855.7048943192
2026-02-27 01:45:00,1359855.7048943192
2026-02-27 02:00:00,1359855.7048943192
2026-02-27 02:15:00,1359855.7048943192
2026-02-27 02:30:00,1359855.7048943192
2026-02-27 02:45:00,1359855.7048943192
2026-02-27 03:00:00,1355172.9834582084
2026-02-27 03:15:00,1355172.9834582084
2026-02-27 03:30:00,1355172.9834582084
2026-02-27 03:45:00,1355172.9834582084
2026-02-27 04:00:00,1350537.0892364585
2026-02-27 04:15:00,1350537.0892364585
2026-02-27 04:30:00,1350537.0892364585
2026-02-27 04:45:00,1336905.7105027197
2026-02-27 05:00:00,1336905.7105027197
2026-02-27 05:15:00,1336905.7105027197
2026-02-27 05:30:00,1336905.7105027197
2026-02-27 05:45:00,1336905.7105027197
2026-02-27 06:00:00,1336905.7105027197
2026-02-27 06:15:00,1336905.7105027197
2026-02-27 06:30:00,1336477.2044548467
2026-02-27 06:45:00,1336477.2044548467
2026-02-27 07:00:00,1340975.4079823163
2026-02-27 07:15:00,1340975.4079823163
2026-02-27 07:30:00,1340975.4079823163
2026-02-27 07:45:00,1340975.4079823163
2026-02-27 08:00:00,1327615.293685379
2026-02-27 08:15:00,1310417.0188140967
2026-02-27 08:30:00,1310417.0188140967
2026-02-27 08:45:00,1310417.0188140967
2026-02-27 09:00:00,1314324.0723757101
2026-02-27 09:15:00,1314324.0723757101
2026-02-27 09:30:00,1314324.0723757101
2026-02-27 09:45:00,1314324.0723757101
2026-02-27 10:00:00,1314324.0723757101
2026-02-27 10:15:00,1314324.0723757101
2026-02-27 10:30:00,1314324.0723757101
2026-02-27 10:45:00,1314324.0723757101
2026-02-27 11:00:00,1314324.0723757101
2026-02-27 11:15:00,1314324.0723757101
2026-02-27 11:30:00,1314324.0723757101
2026-02-27 11:45:00,1314324.0723757101
2026-02-27 12:00:00,1331522.3472469924
2026-02-27 12:15:00,1331522.3472469924
2026-02-27 12:30:00,1331522.3472469924
2026-02-27 12:45:00,1331522.3472469924
2026-02-27 13:00:00,1331522.3472469924
2026-02-27 13:15:00,1331522.3472469924
2026-02-27 13:30:00,1331522.3472469924
2026-02-27 13:45:00,1331522.3472469924
2026-02-27 14:00:00,1331522.3472469924
2026-02-27 14:15:00,1332536.9879971393
2026-02-27 14:30:00,1332536.9879971393
2026-02-27 14:45:00,1423121.1726589832
2026-02-27 15:00:00,1423121.1726589832
2026-02-27 15:15:00,1423121.1726589832
2026-02-27 15:30:00,1423121.1726589832
2026-02-27 15:45:00,1423121.1726589832
2026-02-27 16:00:00,1423121.1726589832
2026-02-27 16:15:00,1423121.1726589832
2026-02-27 16:30:00,1423121.1726589832
2026-02-27 16:45:00,1423121.1726589832
2026-02-27 17:00:00,1423121.1726589832
2026-02-27 17:15:00,1423121.1726589832
2026-02-27 17:30:00,1423121.1726589832
2026-02-27 17:45:00,1423121.1726589832
2026-02-27 18:00:00,1423121.1726589832
2026-02-27 18:15:00,1423121.1726589832
2026-02-27 18:30:00,1422647.7347284711
2026-02-27 18:45:00,1422647.7347284711
2026-02-27 19:00:00,1421715.0146615694
2026-02-27 19:15:00,1421715.0146615694
2026-02-27 19:30:00,1421715.0146615694
2026-02-27 19:45:00,1421715.0146615694
2026-02-27 20:00:00,1421715.0146615694
2026-02-27 20:15:00,1421715.0146615694
2026-02-27 20:30:00,1421715.0146615694
2026-02-27 20:45:00,1421715.0146615694
2026-02-27 21:00:00,1421715.0146615694
2026-02-27 21:15:00,1421715.0146615694
2026-02-27 21:30:00,1421715.0146615694
2026-02-27 21:45:00,1421715.0146615694
2026-02-27 22:00:00,1421715.0146615694
2026-02-27 22:15:00,1421715.0146615694
2026-02-27 22:30:00,1421715.0146615694
2026-02-27 22:45:00,1421715.0146615694
2026-02-27 23:00:00,1421715.0146615694
2026-02-27 23:15:00,1421715.0146615694
2026-02-27 23:30:00,1421715.0146615694
2026-02-27 23:45:00,1421715.0146615694
2026-03-02 00:00:00,1423637.8008366008
2026-03-02 00:15:00,1423637.8008366008
2026-03-02 00:30:00,1423637.8008366008
2026-03-02 00:45:00,1423637.8008366008
2026-03-02 01:00:00,1423159.1966243125
2026-03-02 01:15:00,1422685.3784541474
2026-03-02 01:30:00,1422685.3784541474
2026-03-02 01:45:00,1423159.1966243125
2026-03-02 02:00:00,1423159.1966243125
2026-03-02 02:15:00,1423159.1966243125
2026-03-02 02:30:00,1423159.1966243125
2026-03-02 02:45:00,1423159.1966243125
2026-03-02 03:00:00,1423159.1966243125
2026-03-02 03:15:00,1423159.1966243125
2026-03-02 03:30:00,1423159.1966243125
2026-03-02 03:45:00,1423159.1966243125
2026-03-02 04:00:00,1423159.1966243125
2026-03-02 04:15:00,1423159.1966243125
2026-03-02 04:30:00,1423159.1966243125
2026-03-02 04:45:00,1423159.1966243125
2026-03-02 05:00:00,1423159.1966243125
2026-03-02 05:15:00,1423159.1966243125
2026-03-02 05:30:00,1423159.1966243125
2026-03-02 05:45:00,1423159.1966243125
2026-03-02 06:00:00,1423159.1966243125
2026-03-02 06:15:00,1423159.1966243125
2026-03-02 06:30:00,1423159.1966243125
2026-03-02 06:45:00,1423159.1966243125
2026-03-02 07:00:00,1423159.1966243125
2026-03-02 07:15:00,1423159.1966243125
2026-03-02 07:30:00,1423159.1966243125
2026-03-02 07:45:00,1423159.1966243125
2026-03-02 08:00:00,1422216.2984656836
2026-03-02 08:15:00,1422216.2984656836
2026-03-02 08:30:00,1421751.9092771048
2026-03-02 08:45:00,1421292.1639804114
2026-03-02 09:00:00,1420837.0161366854
2026-03-02 09:15:00,1420386.419771396
2026-03-02 09:30:00,1419940.3293697601
2026-03-02 09:45:00,1419498.6998721403
2026-03-02 10:00:00,1419498.6998721403
2026-03-02 10:15:00,1418628.6455988795
2026-03-02 10:30:00,1418628.6455988795
2026-03-02 10:45:00,1418628.6455988795
2026-03-02 11:00:00,1418628.6455988795
2026-03-02 11:15:00,1418628.6455988795
2026-03-02 11:30:00,1418628.6455988795
2026-03-02 11:45:00,1418628.6455988795
2026-03-02 12:00:00,1418628.6455988795
2026-03-02 12:15:00,1418628.6455988795
2026-03-02 12:30:00,1418628.6455988795
2026-03-02 12:45:00,1418628.6455988795
2026-03-02 13:00:00,1418628.6455988795
2026-03-02 13:15:00,1418628.6455988795
2026-03-02 13:30:00,1418628.6455988795
2026-03-02 13:45:00,1418628.6455988795
2026-03-02 14:00:00,1418628.6455988795
2026-03-02 14:15:00,1418628.6455988795
2026-03-02 14:30:00,1418628.6455988795
2026-03-02 14:45:00,1418628.6455988795
2026-03-02 15:00:00,1418628.6455988795
2026-03-02 15:15:00,1418628.6455988795
2026-03-02 15:30:00,1418628.6455988795
2026-03-02 15:45:00,1418628.6455988795
2026-03-02 16:00:00,1418628.6455988795
2026-03-02 16:15:00,1418628.6455988795
2026-03-02 16:30:00,1418628.6455988795
2026-03-02 16:45:00,1418628.6455988795
2026-03-02 17:00:00,1418628.6455988795
2026-03-02 17:15:00,1418628.6455988795
2026-03-02 17:30:00,1418200.1329389687
2026-03-02 17:45:00,1418200.1329389687
2026-03-02 18:00:00,1418200.1329389687
2026-03-02 18:15:00,1418200.1329389687
2026-03-02 18:30:00,1418200.1329389687
2026-03-02 18:45:00,1418200.1329389687
2026-03-02 19:00:00,1418200.1329389687
2026-03-02 19:15:00,1418200.1329389687
2026-03-02 19:30:00,1418200.1329389687
2026-03-02 19:45:00,1418200.1329389687
2026-03-02 20:00:00,1418200.1329389687
2026-03-02 20:15:00,1418200.1329389687
2026-03-02 20:30:00,1418200.1329389687
2026-03-02 20:45:00,1418200.1329389687
2026-03-02 21:00:00,1418200.1329389687
2026-03-02 21:15:00,1418200.1329389687
2026-03-02 21:30:00,1418200.1329389687
2026-03-02 21:45:00,1418200.1329389687
2026-03-02 22:00:00,1418200.1329389687
2026-03-02 22:15:00,1418200.1329389687
2026-03-02 22:30:00,1418200.1329389687
2026-03-02 22:45:00,1418200.1329389687
2026-03-02 23:00:00,1418200.1329389687
2026-03-02 23:15:00,1418200.1329389687
2026-03-02 23:30:00,1418200.1329389687
2026-03-02 23:45:00,1418200.1329389687
2026-03-03 00:00:00,1418200.1329389687
2026-03-03 00:15:00,1418200.1329389687
2026-03-03 00:30:00,1418200.1329389687
2026-03-03 00:45:00,1418200.1329389687
2026-03-03 01:00:00,1418200.1329389687
2026-03-03 01:15:00,1418200.1329389687
2026-03-03 01:30:00,1418200.1329389687
2026-03-03 01:45:00,1418200.1329389687
2026-03-03 02:00:00,1418200.1329389687
2026-03-03 02:15:00,1418200.1329389687
2026-03-03 02:30:00,1418200.1329389687
2026-03-03 02:45:00,1418200.1329389687
2026-03-03 03:00:00,1418200.1329389687
2026-03-03 03:15:00,1418200.1329389687
2026-03-03 03:30:00,1418200.1329389687
2026-03-03 03:45:00,1418200.1329389687
2026-03-03 04:00:00,1418200.1329389687
2026-03-03 04:15:00,1418200.1329389687
2026-03-03 04:30:00,1418200.1329389687
2026-03-03 04:45:00,1418200.1329389687
2026-03-03 05:00:00,1418200.1329389687
2026-03-03 05:15:00,1418200.1329389687
2026-03-03 05:30:00,1418200.1329389687
2026-03-03 05:45:00,1418200.1329389687
2026-03-03 06:00:00,1418200.1329389687
2026-03-03 06:15:00,1418200.1329389687
2026-03-03 06:30:00,1418200.1329389687
2026-03-03 06:45:00,1418200.1329389687
2026-03-03 07:00:00,1418200.1329389687
2026-03-03 07:15:00,1417775.905405657
2026-03-03 07:30:00,1416940.134742279
2026-03-03 07:45:00,1416940.134742279
2026-03-03 08:00:00,1416528.5071909344
2026-03-03 08:15:00,1416528.5071909344
2026-03-03 08:30:00,1416528.5071909344
2026-03-03 08:45:00,1416528.5071909344
2026-03-03 09:00:00,1414922.7501671591
2026-03-03 09:15:00,1414922.7501671591
2026-03-03 09:30:00,1414922.7501671591
2026-03-03 09:45:00,1414531.2964615654
2026-03-03 10:00:00,1414143.7572930274
2026-03-03 10:15:00,1413760.0935161752
2026-03-03 10:30:00,1413380.2663770912
2026-03-03 10:45:00,1413004.2375093983
2026-03-03 11:00:00,1413004.2375093983
2026-03-03 11:15:00,1412263.423037156
2026-03-03 11:30:00,1412263.423037156
2026-03-03 11:45:00,1411898.5626028623
2026-03-03 12:00:00,1411898.5626028623
2026-03-03 12:15:00,1411898.5626028623
2026-03-03 12:30:00,1411537.3507729114
2026-03-03 12:45:00,1411537.3507729114
2026-03-03 13:00:00,1411537.3507729114
2026-03-03 13:15:00,1411537.3507729114
2026-03-03 13:30:00,1411537.3507729114
2026-03-03 13:45:00,1411537.3507729114
2026-03-03 14:00:00,1411537.3507729114
2026-03-03 14:15:00,1411537.3507729114
2026-03-03 14:30:00,1411537.3507729114
2026-03-03 14:45:00,1411537.3507729114
2026-03-03 15:00:00,1411537.3507729114
2026-03-03 15:15:00,1411537.3507729114
2026-03-03 15:30:00,1411537.3507729114
2026-03-03 15:45:00,1411537.3507729114
2026-03-03 16:00:00,1411537.3507729114
2026-03-03 16:15:00,1411537.3507729114
2026-03-03 16:30:00,1411537.3507729114
2026-03-03 16:45:00,1411537.3507729114
2026-03-03 17:00:00,1411537.3507729114
2026-03-03 17:15:00,1411537.3507729114
2026-03-03 17:30:00,1411537.3507729114
2026-03-03 17:45:00,1411537.3507729114
2026-03-03 18:00:00,1411537.3507729114
2026-03-03 18:15:00,1411537.3507729114
2026-03-03 18:30:00,1411537.3507729114
2026-03-03 18:45:00,1414657.2933889946
2026-03-03 19:00:00,1414657.2933889946
2026-03-03 19:15:00,1414657.2933889946
2026-03-03 19:30:00,1414657.2933889946
2026-03-03 19:45:00,1414657.2933889946
2026-03-03 20:00:00,1414657.2933889946
2026-03-03 20:15:00,1414657.2933889946
2026-03-03 20:30:00,1414657.2933889946
2026-03-03 20:45:00,1414657.2933889946
2026-03-03 21:00:00,1414657.2933889946
2026-03-03 21:15:00,1414657.2933889946
2026-03-03 21:30:00,1414657.2933889946
2026-03-03 21:45:00,1414657.2933889946
2026-03-03 22:00:00,1414657.2933889946
2026-03-03 22:15:00,1414657.2933889946
2026-03-03 22:30:00,1414657.2933889946
2026-03-03 22:45:00,1414657.2933889946
2026-03-03 23:00:00,1414657.2933889946
2026-03-03 23:15:00,1414657.2933889946
2026-03-03 23:30:00,1414657.2933889946
2026-03-03 23:45:00,1414657.2933889946
2026-03-04 00:00:00,1414657.2933889946
2026-03-04 00:15:00,1414657.2933889946
2026-03-04 00:30:00,1414657.2933889946
2026-03-04 00:45:00,1414657.2933889946
2026-03-04 01:00:00,1414657.2933889946
2026-03-04 01:15:00,1414657.2933889946
2026-03-04 01:30:00,1414657.2933889946
2026-03-04 01:45:00,1414657.2933889946
2026-03-04 02:00:00,1414657.2933889946
2026-03-04 02:15:00,1414657.2933889946
2026-03-04 02:30:00,1414657.2933889946
2026-03-04 02:45:00,1414657.2933889946
2026-03-04 03:00:00,1414657.2933889946
2026-03-04 03:15:00,1414268.4942511825
2026-03-04 03:30:00,1414268.4942511825
2026-03-04 03:45:00,1414268.4942511825
2026-03-04 04:00:00,1414268.4942511825
2026-03-04 04:15:00,1414268.4942511825
2026-03-04 04:30:00,1414268.4942511825
2026-03-04 04:45:00,1414268.4942511825
2026-03-04 05:00:00,1414268.4942511825
2026-03-04 05:15:00,1414268.4942511825
2026-03-04 05:30:00,1414268.4942511825
2026-03-04 05:45:00,1414268.4942511825
2026-03-04 06:00:00,1416198.0549614583
2026-03-04 06:15:00,1416198.0549614583
2026-03-04 06:30:00,1416198.0549614583
2026-03-04 06:45:00,1416198.0549614583
2026-03-04 07:00:00,1416198.0549614583
2026-03-04 07:15:00,1416198.0549614583
2026-03-04 07:30:00,1416198.0549614583
2026-03-04 07:45:00,1416198.0549614583
2026-03-04 08:00:00,1416198.0549614583
2026-03-04 08:15:00,1416198.0549614583
2026-03-04 08:30:00,1416198.0549614583
2026-03-04 08:45:00,1416198.0549614583
2026-03-04 09:00:00,1416198.0549614583
2026-03-04 09:15:00,1416198.0549614583
2026-03-04 09:30:00,1415793.8482079213
2026-03-04 09:45:00,1415793.8482079213
2026-03-04 10:00:00,1415793.8482079213
2026-03-04 10:15:00,1418470.4565168908
2026-03-04 10:30:00,1418470.4565168908
2026-03-04 10:45:00,1418470.4565168908
2026-03-04 11:00:00,1418470.4565168908
2026-03-04 11:15:00,1418470.4565168908
2026-03-04 11:30:00,1418470.4565168908
2026-03-04 11:45:00,1418470.4565168908
2026-03-04 12:00:00,1418470.4565168908
2026-03-04 12:15:00,1418470.4565168908
2026-03-04 12:30:00,1418470.4565168908
2026-03-04 12:45:00,1418470.4565168908
2026-03-04 13:00:00,1418043.5257477998
2026-03-04 13:15:00,1417620.8642863997
2026-03-04 13:30:00,1417620.8642863997
2026-03-04 13:45:00,1417620.8642863997
2026-03-04 14:00:00,1417620.8642863997
2026-03-04 14:15:00,1417620.8642863997
2026-03-04 14:30:00,1417620.8642863997
2026-03-04 14:45:00,1417620.8642863997
2026-03-04 15:00:00,1417620.8642863997
2026-03-04 15:15:00,1417620.8642863997
2026-03-04 15:30:00,1417620.8642863997
2026-03-04 15:45:00,1417620.8642863997
2026-03-04 16:00:00,1417620.8642863997
2026-03-04 16:15:00,1417620.8642863997
2026-03-04 16:30:00,1417620.8642863997
2026-03-04 16:45:00,1417620.8642863997
2026-03-04 17:00:00,1417620.8642863997
2026-03-04 17:15:00,1417620.8642863997
2026-03-04 17:30:00,1417620.8642863997
2026-03-04 17:45:00,1417620.8642863997
2026-03-04 18:00:00,1417620.8642863997
2026-03-04 18:15:00,1417620.8642863997
2026-03-04 18:30:00,1417620.8642863997
2026-03-04 18:45:00,1417620.8642863997
2026-03-04 19:00:00,1417620.8642863997
2026-03-04 19:15:00,1417620.8642863997
2026-03-04 19:30:00,1417620.8642863997
2026-03-04 19:45:00,1417620.8642863997
2026-03-04 20:00:00,1417620.8642863997
2026-03-04 20:15:00,1417620.8642863997
2026-03-04 20:30:00,1417620.8642863997
2026-03-04 20:45:00,1417620.8642863997
2026-03-04 21:00:00,1417620.8642863997
2026-03-04 21:15:00,1417620.8642863997
2026-03-04 21:30:00,1417620.8642863997
2026-03-04 21:45:00,1417620.8642863997
2026-03-04 22:00:00,1417620.8642863997
2026-03-04 22:15:00,1417620.8642863997
2026-03-04 22:30:00,1417620.8642863997
2026-03-04 22:45:00,1417620.8642863997
2026-03-04 23:00:00,1417620.8642863997
2026-03-04 23:15:00,1417620.8642863997
2026-03-04 23:30:00,1417620.8642863997
2026-03-04 23:45:00,1417620.8642863997
2026-03-05 00:00:00,1417620.8642863997
2026-03-05 00:15:00,1417620.8642863997
2026-03-05 00:30:00,1417620.8642863997
2026-03-05 00:45:00,1417620.8642863997
2026-03-05 01:00:00,1417620.8642863997
2026-03-05 01:15:00,1417620.8642863997
2026-03-05 01:30:00,1417620.8642863997
2026-03-05 01:45:00,1417620.8642863997
2026-03-05 02:00:00,1417620.8642863997
2026-03-05 02:15:00,1417620.8642863997
2026-03-05 02:30:00,1417620.8642863997
2026-03-05 02:45:00,1417620.8642863997
2026-03-05 03:00:00,1417620.8642863997
2026-03-05 03:15:00,1417620.8642863997
2026-03-05 03:30:00,1417620.8642863997
2026-03-05 03:45:00,1417620.8642863997
2026-03-05 04:00:00,1417620.8642863997
2026-03-05 04:15:00,1417620.8642863997
2026-03-05 04:30:00,1417620.8642863997
2026-03-05 04:45:00,1417620.8642863997
2026-03-05 05:00:00,1417620.8642863997
2026-03-05 05:15:00,1417620.8642863997
2026-03-05 05:30:00,1418948.475166146
2026-03-05 05:45:00,1418948.475166146
2026-03-05 06:00:00,1418948.475166146
2026-03-05 06:15:00,1418948.475166146
2026-03-05 06:30:00,1418948.475166146
2026-03-05 06:45:00,1418948.475166146
2026-03-05 07:00:00,1418948.475166146
2026-03-05 07:15:00,1418948.475166146
2026-03-05 07:30:00,1418948.475166146
2026-03-05 07:45:00,1418948.475166146
2026-03-05 08:00:00,1418948.475166146
2026-03-05 08:15:00,1418948.475166146
2026-03-05 08:30:00,1418948.475166146
2026-03-05 08:45:00,1418948.475166146
2026-03-05 09:00:00,1418948.475166146
2026-03-05 09:15:00,1418948.475166146
2026-03-05 09:30:00,1418948.475166146
2026-03-05 09:45:00,1418948.475166146
2026-03-05 10:00:00,1418948.475166146
2026-03-05 10:15:00,1418948.475166146
2026-03-05 10:30:00,1418948.475166146
2026-03-05 10:45:00,1418948.475166146
2026-03-05 11:00:00,1418948.475166146
2026-03-05 11:15:00,1418948.475166146
2026-03-05 11:30:00,1418948.475166146
2026-03-05 11:45:00,1418948.475166146
2026-03-05 12:00:00,1418948.475166146
2026-03-05 12:15:00,1418948.475166146
2026-03-05 12:30:00,1418948.475166146
2026-03-05 12:45:00,1418948.475166146
2026-03-05 13:00:00,1418948.475166146
2026-03-05 13:15:00,1418948.475166146
2026-03-05 13:30:00,1418948.475166146
2026-03-05 13:45:00,1418948.475166146
2026-03-05 14:00:00,1418948.475166146
2026-03-05 14:15:00,1418948.475166146
2026-03-05 14:30:00,1418948.475166146
2026-03-05 14:45:00,1418948.475166146
2026-03-05 15:00:00,1418948.475166146
2026-03-05 15:15:00,1418948.475166146
2026-03-05 15:30:00,1418948.475166146
2026-03-05 15:45:00,1418948.475166146
2026-03-05 16:00:00,1418948.475166146
2026-03-05 16:15:00,1418948.475166146
2026-03-05 16:30:00,1418948.475166146
2026-03-05 16:45:00,1418948.475166146
2026-03-05 17:00:00,1418948.475166146
2026-03-05 17:15:00,1418948.475166146
2026-03-05 17:30:00,1418948.475166146
2026-03-05 17:45:00,1418948.475166146
2026-03-05 18:00:00,1418948.475166146
2026-03-05 18:15:00,1418948.475166146
2026-03-05 18:30:00,1418948.475166146
2026-03-05 18:45:00,1418948.475166146
2026-03-05 19:00:00,1418948.475166146
2026-03-05 19:15:00,1418948.475166146
2026-03-05 19:30:00,1418948.475166146
2026-03-05 19:45:00,1418948.475166146
2026-03-05 20:00:00,1418948.475166146
2026-03-05 20:15:00,1418948.475166146
2026-03-05 20:30:00,1418948.475166146
2026-03-05 20:45:00,1418948.475166146
2026-03-05 21:00:00,1418948.475166146
2026-03-05 21:15:00,1418948.475166146
2026-03-05 21:30:00,1418948.475166146
2026-03-05 21:45:00,1418948.475166146
2026-03-05 22:00:00,1418948.475166146
2026-03-05 22:15:00,1418948.475166146
2026-03-05 22:30:00,1418948.475166146
2026-03-05 22:45:00,1418948.475166146
2026-03-05 23:00:00,1418948.475166146
2026-03-05 23:15:00,1418948.475166146
2026-03-05 23:30:00,1418948.475166146
2026-03-05 23:45:00,1418948.475166146
2026-03-06 00:00:00,1418948.475166146
2026-03-06 00:15:00,1418948.475166146
2026-03-06 00:30:00,1418948.475166146
2026-03-06 00:45:00,1418948.475166146
2026-03-06 01:00:00,1418948.475166146
2026-03-06 01:15:00,1418948.475166146
2026-03-06 01:30:00,1418948.475166146
2026-03-06 01:45:00,1418948.475166146
2026-03-06 02:00:00,1418948.475166146
2026-03-06 02:15:00,1418948.475166146
2026-03-06 02:30:00,1418948.475166146
2026-03-06 02:45:00,1418948.475166146
2026-03-06 03:00:00,1418948.475166146
2026-03-06 03:15:00,1418948.475166146
2026-03-06 03:30:00,1418948.475166146
2026-03-06 03:45:00,1418948.475166146
2026-03-06 04:00:00,1418948.475166146
2026-03-06 04:15:00,1418948.475166146
2026-03-06 04:30:00,1418948.475166146
2026-03-06 04:45:00,1418948.475166146
2026-03-06 05:00:00,1418948.475166146
2026-03-06 05:15:00,1418948.475166146
2026-03-06 05:30:00,1418948.475166146
2026-03-06 05:45:00,1418948.475166146
2026-03-06 06:00:00,1418948.475166146
2026-03-06 06:15:00,1418948.475166146
2026-03-06 06:30:00,1418948.475166146
2026-03-06 06:45:00,1418948.475166146
2026-03-06 07:00:00,1418948.475166146
2026-03-06 07:15:00,1418948.475166146
2026-03-06 07:30:00,1418948.475166146
2026-03-06 07:45:00,1418948.475166146
2026-03-06 08:00:00,1418948.475166146
2026-03-06 08:15:00,1418948.475166146
2026-03-06 08:30:00,1418948.475166146
2026-03-06 08:45:00,1418948.475166146
2026-03-06 09:00:00,1418948.475166146
2026-03-06 09:15:00,1418948.475166146
2026-03-06 09:30:00,1418948.475166146
2026-03-06 09:45:00,1418948.475166146
2026-03-06 10:00:00,1418948.475166146
2026-03-06 10:15:00,1418948.475166146
2026-03-06 10:30:00,1418948.475166146
2026-03-06 10:45:00,1418948.475166146
2026-03-06 11:00:00,1418948.475166146
2026-03-06 11:15:00,1418948.475166146
2026-03-06 11:30:00,1418948.475166146
2026-03-06 11:45:00,1418948.475166146
2026-03-06 12:00:00,1418948.475166146
2026-03-06 12:15:00,1418948.475166146
2026-03-06 12:30:00,1418948.475166146
2026-03-06 12:45:00,1418948.475166146
2026-03-06 13:00:00,1418948.475166146
2026-03-06 13:15:00,1418948.475166146
2026-03-06 13:30:00,1418948.475166146
2026-03-06 13:45:00,1418948.475166146
2026-03-06 14:00:00,1418948.475166146
2026-03-06 14:15:00,1418948.475166146
2026-03-06 14:30:00,1418948.475166146
2026-03-06 14:45:00,1418948.475166146
2026-03-06 15:00:00,1418948.475166146
2026-03-06 15:15:00,1418948.475166146
2026-03-06 15:30:00,1418948.475166146
2026-03-06 15:45:00,1418948.475166146
2026-03-06 16:00:00,1418948.475166146
2026-03-06 16:15:00,1418948.475166146
2026-03-06 16:30:00,1418948.475166146
2026-03-06 16:45:00,1418948.475166146
2026-03-06 17:00:00,1418948.475166146
2026-03-06 17:15:00,1418948.475166146
2026-03-06 17:30:00,1418948.475166146
2026-03-06 17:45:00,1418948.475166146
2026-03-06 18:00:00,1418948.475166146
2026-03-06 18:15:00,1418948.475166146
2026-03-06 18:30:00,1418948.475166146
2026-03-06 18:45:00,1418948.475166146
2026-03-06 19:00:00,1418948.475166146
2026-03-06 19:15:00,1418948.475166146
2026-03-06 19:30:00,1418948.475166146
2026-03-06 19:45:00,1418948.475166146
2026-03-06 20:00:00,1418948.475166146
2026-03-06 20:15:00,1418948.475166146
2026-03-06 20:30:00,1418948.475166146
2026-03-06 20:45:00,1418948.475166146
2026-03-06 21:00:00,1418948.475166146
2026-03-06 21:15:00,1418948.475166146
2026-03-06 21:30:00,1418948.475166146
2026-03-06 21:45:00,1418948.475166146
2026-03-06 22:00:00,1418948.475166146
2026-03-06 22:15:00,1418948.475166146
2026-03-06 22:30:00,1418948.475166146
2026-03-06 22:45:00,1418948.475166146
2026-03-06 23:00:00,1418948.475166146
2026-03-06 23:15:00,1418948.475166146
2026-03-06 23:30:00,1418948.475166146
2026-03-06 23:45:00,1418948.475166146
2026-03-09 00:00:00,1418948.475166146
2026-03-09 00:15:00,1418948.475166146
2026-03-09 00:30:00,1418948.475166146
2026-03-09 00:45:00,1418948.475166146
2026-03-09 01:00:00,1418948.475166146
2026-03-09 01:15:00,1418948.475166146
2026-03-09 01:30:00,1418948.475166146
2026-03-09 01:45:00,1418948.475166146
2026-03-09 02:00:00,1418948.475166146
2026-03-09 02:15:00,1418948.475166146
2026-03-09 02:30:00,1418948.475166146
2026-03-09 02:45:00,1418948.475166146
2026-03-09 03:00:00,1418948.475166146
2026-03-09 03:15:00,1418948.475166146
2026-03-09 03:30:00,1418948.475166146
2026-03-09 03:45:00,1418948.475166146
2026-03-09 04:00:00,1418948.475166146
2026-03-09 04:15:00,1418948.475166146
2026-03-09 04:30:00,1418948.475166146
2026-03-09 04:45:00,1418948.475166146
2026-03-09 05:00:00,1418948.475166146
2026-03-09 05:15:00,1418948.475166146
2026-03-09 05:30:00,1418948.475166146
2026-03-09 05:45:00,1418948.475166146
2026-03-09 06:00:00,1418948.475166146
2026-03-09 06:15:00,1418948.475166146
2026-03-09 06:30:00,1418948.475166146
2026-03-09 06:45:00,1418948.475166146
2026-03-09 07:00:00,1418948.475166146
2026-03-09 07:15:00,1418948.475166146
2026-03-09 07:30:00,1418948.475166146
2026-03-09 07:45:00,1418948.475166146
2026-03-09 08:00:00,1418948.475166146
2026-03-09 08:15:00,1418948.475166146
2026-03-09 08:30:00,1418948.475166146
2026-03-09 08:45:00,1418948.475166146
2026-03-09 09:00:00,1418948.475166146
2026-03-09 09:15:00,1418948.475166146
2026-03-09 09:30:00,1418948.475166146
2026-03-09 09:45:00,1418948.475166146
2026-03-09 10:00:00,1418948.475166146
2026-03-09 10:15:00,1418948.475166146
2026-03-09 10:30:00,1418948.475166146
2026-03-09 10:45:00,1418948.475166146
2026-03-09 11:00:00,1418948.475166146
2026-03-09 11:15:00,1418948.475166146
2026-03-09 11:30:00,1418948.475166146
2026-03-09 11:45:00,1418948.475166146
2026-03-09 12:00:00,1418948.475166146
2026-03-09 12:15:00,1418948.475166146
2026-03-09 12:30:00,1418948.475166146
2026-03-09 12:45:00,1418948.475166146
2026-03-09 13:00:00,1418948.475166146
2026-03-09 13:15:00,1418948.475166146
2026-03-09 13:30:00,1418948.475166146
2026-03-09 13:45:00,1418948.475166146
2026-03-09 14:00:00,1418948.475166146
2026-03-09 14:15:00,1418948.475166146
2026-03-09 14:30:00,1418948.475166146
2026-03-09 14:45:00,1418948.475166146
2026-03-09 15:00:00,1418948.475166146
2026-03-09 15:15:00,1418948.475166146
2026-03-09 15:30:00,1418948.475166146
2026-03-09 15:45:00,1418948.475166146
2026-03-09 16:00:00,1418948.475166146
2026-03-09 16:15:00,1418948.475166146
2026-03-09 16:30:00,1418948.475166146
2026-03-09 16:45:00,1418948.475166146
2026-03-09 17:00:00,1418948.475166146
2026-03-09 17:15:00,1418948.475166146
2026-03-09 17:30:00,1418948.475166146
2026-03-09 17:45:00,1418948.475166146
2026-03-09 18:00:00,1418948.475166146
2026-03-09 18:15:00,1418948.475166146
2026-03-09 18:30:00,1418948.475166146
2026-03-09 18:45:00,1418948.475166146
2026-03-09 19:00:00,1418948.475166146
2026-03-09 19:15:00,1418948.475166146
2026-03-09 19:30:00,1418948.475166146
2026-03-09 19:45:00,1418948.475166146
2026-03-09 20:00:00,1418948.475166146
2026-03-09 20:15:00,1418948.475166146
2026-03-09 20:30:00,1418948.475166146
2026-03-09 20:45:00,1418948.475166146
2026-03-09 21:00:00,1418948.475166146
2026-03-09 21:15:00,1418948.475166146
2026-03-09 21:30:00,1418948.475166146
2026-03-09 21:45:00,1418948.475166146
2026-03-09 22:00:00,1418948.475166146
2026-03-09 22:15:00,1418948.475166146
2026-03-09 22:30:00,1418948.475166146
2026-03-09 22:45:00,1418948.475166146
2026-03-09 23:00:00,1418948.475166146
2026-03-09 23:15:00,1418948.475166146
2026-03-09 23:30:00,1418948.475166146
2026-03-09 23:45:00,1418948.475166146
2026-03-10 00:00:00,1418948.475166146
2026-03-10 00:15:00,1418948.475166146
2026-03-10 00:30:00,1418948.475166146
2026-03-10 00:45:00,1418948.475166146
2026-03-10 01:00:00,1418948.475166146
2026-03-10 01:15:00,1418948.475166146
2026-03-10 01:30:00,1418948.475166146
2026-03-10 01:45:00,1418948.475166146
2026-03-10 02:00:00,1418948.475166146
2026-03-10 02:15:00,1418948.475166146
2026-03-10 02:30:00,1418948.475166146
2026-03-10 02:45:00,1418948.475166146
2026-03-10 03:00:00,1418948.475166146
2026-03-10 03:15:00,1418948.475166146
2026-03-10 03:30:00,1418948.475166146
2026-03-10 03:45:00,1418948.475166146
2026-03-10 04:00:00,1418948.475166146
2026-03-10 04:15:00,1418948.475166146
2026-03-10 04:30:00,1418948.475166146
2026-03-10 04:45:00,1418948.475166146
2026-03-10 05:00:00,1418948.475166146
2026-03-10 05:15:00,1418948.475166146
2026-03-10 05:30:00,1418948.475166146
2026-03-10 05:45:00,1418948.475166146
2026-03-10 06:00:00,1418948.475166146
2026-03-10 06:15:00,1418948.475166146
2026-03-10 06:30:00,1418948.475166146
2026-03-10 06:45:00,1418948.475166146
2026-03-10 07:00:00,1418948.475166146
2026-03-10 07:15:00,1418948.475166146
2026-03-10 07:30:00,1418948.475166146
2026-03-10 07:45:00,1418948.475166146
2026-03-10 08:00:00,1418948.475166146
2026-03-10 08:15:00,1418948.475166146
2026-03-10 08:30:00,1418948.475166146
2026-03-10 08:45:00,1418948.475166146
2026-03-10 09:00:00,1418948.475166146
2026-03-10 09:15:00,1418948.475166146
2026-03-10 09:30:00,1418948.475166146
2026-03-10 09:45:00,1418948.475166146
2026-03-10 10:00:00,1418948.475166146
2026-03-10 10:15:00,1418948.475166146
2026-03-10 10:30:00,1418948.475166146
2026-03-10 10:45:00,1418948.475166146
2026-03-10 11:00:00,1418948.475166146
2026-03-10 11:15:00,1418948.475166146
2026-03-10 11:30:00,1418948.475166146
2026-03-10 11:45:00,1418948.475166146
2026-03-10 12:00:00,1418948.475166146
2026-03-10 12:15:00,1418948.475166146
2026-03-10 12:30:00,1418948.475166146
2026-03-10 12:45:00,1418948.475166146
2026-03-10 13:00:00,1418948.475166146
2026-03-10 13:15:00,1418948.475166146
2026-03-10 13:30:00,1418948.475166146
2026-03-10 13:45:00,1418948.475166146
2026-03-10 14:00:00,1418948.475166146
2026-03-10 14:15:00,1418948.475166146
2026-03-10 14:30:00,1418948.475166146
2026-03-10 14:45:00,1418948.475166146
2026-03-10 15:00:00,1418948.475166146
2026-03-10 15:15:00,1418948.475166146
2026-03-10 15:30:00,1418948.475166146
2026-03-10 15:45:00,1418948.475166146
2026-03-10 16:00:00,1418948.475166146
2026-03-10 16:15:00,1418948.475166146
2026-03-10 16:30:00,1418948.475166146
2026-03-10 16:45:00,1418948.475166146
2026-03-10 17:00:00,1418948.475166146
2026-03-10 17:15:00,1418948.475166146
2026-03-10 17:30:00,1418948.475166146
2026-03-10 17:45:00,1418948.475166146
2026-03-10 18:00:00,1418948.475166146
2026-03-10 18:15:00,1418948.475166146
2026-03-10 18:30:00,1418948.475166146
2026-03-10 18:45:00,1418948.475166146
2026-03-10 19:00:00,1418948.475166146
2026-03-10 19:15:00,1418948.475166146
2026-03-10 19:30:00,1418948.475166146
2026-03-10 19:45:00,1418948.475166146
2026-03-10 20:00:00,1418948.475166146
2026-03-10 20:15:00,1418948.475166146
2026-03-10 20:30:00,1418948.475166146
2026-03-10 20:45:00,1418948.475166146
2026-03-10 21:00:00,1418948.475166146
2026-03-10 21:15:00,1418948.475166146
2026-03-10 21:30:00,1418948.475166146
2026-03-10 21:45:00,1418948.475166146
2026-03-10 22:00:00,1418948.475166146
2026-03-10 22:15:00,1418948.475166146
2026-03-10 22:30:00,1418948.475166146
2026-03-10 22:45:00,1418948.475166146
2026-03-10 23:00:00,1418948.475166146
2026-03-10 23:15:00,1418948.475166146
2026-03-10 23:30:00,1418948.475166146
2026-03-10 23:45:00,1418948.475166146
2026-03-11 00:00:00,1418948.475166146
2026-03-11 00:15:00,1418948.475166146
2026-03-11 00:30:00,1418948.475166146
2026-03-11 00:45:00,1418948.475166146
2026-03-11 01:00:00,1418948.475166146
2026-03-11 01:15:00,1418948.475166146
2026-03-11 01:30:00,1418948.475166146
2026-03-11 01:45:00,1418948.475166146
2026-03-11 02:00:00,1418948.475166146
2026-03-11 02:15:00,1418948.475166146
2026-03-11 02:30:00,1418948.475166146
2026-03-11 02:45:00,1418948.475166146
2026-03-11 03:00:00,1418948.475166146
2026-03-11 03:15:00,1418948.475166146
2026-03-11 03:30:00,1418948.475166146
2026-03-11 03:45:00,1418948.475166146
2026-03-11 04:00:00,1418948.475166146
2026-03-11 04:15:00,1418948.475166146
2026-03-11 04:30:00,1418948.475166146
2026-03-11 04:45:00,1418948.475166146
2026-03-11 05:00:00,1418948.475166146
2026-03-11 05:15:00,1418948.475166146
2026-03-11 05:30:00,1418948.475166146
2026-03-11 05:45:00,1418948.475166146
2026-03-11 06:00:00,1418948.475166146
2026-03-11 06:15:00,1418948.475166146
2026-03-11 06:30:00,1418948.475166146
2026-03-11 06:45:00,1418948.475166146
2026-03-11 07:00:00,1418948.475166146
2026-03-11 07:15:00,1418948.475166146
2026-03-11 07:30:00,1418948.475166146
2026-03-11 07:45:00,1418948.475166146
2026-03-11 08:00:00,1418948.475166146
2026-03-11 08:15:00,1418948.475166146
2026-03-11 08:30:00,1418948.475166146
2026-03-11 08:45:00,1418948.475166146
2026-03-11 09:00:00,1418948.475166146
2026-03-11 09:15:00,1418948.475166146
2026-03-11 09:30:00,1418948.475166146
2026-03-11 09:45:00,1418948.475166146
2026-03-11 10:00:00,1418948.475166146
2026-03-11 10:15:00,1418948.475166146
2026-03-11 10:30:00,1418948.475166146
2026-03-11 10:45:00,1418948.475166146
2026-03-11 11:00:00,1418948.475166146
2026-03-11 11:15:00,1418948.475166146
2026-03-11 11:30:00,1418948.475166146
2026-03-11 11:45:00,1418948.475166146
2026-03-11 12:00:00,1418948.475166146
2026-03-11 12:15:00,1418948.475166146
2026-03-11 12:30:00,1418948.475166146
2026-03-11 12:45:00,1418948.475166146
2026-03-11 13:00:00,1418948.475166146
2026-03-11 13:15:00,1418948.475166146
2026-03-11 13:30:00,1418948.475166146
2026-03-11 13:45:00,1418948.475166146
2026-03-11 14:00:00,1418948.475166146
2026-03-11 14:15:00,1418948.475166146
2026-03-11 14:30:00,1418948.475166146
2026-03-11 14:45:00,1418948.475166146
2026-03-11 15:00:00,1418948.475166146
2026-03-11 15:15:00,1418948.475166146
2026-03-11 15:30:00,1418948.475166146
2026-03-11 15:45:00,1418948.475166146
2026-03-11 16:00:00,1418948.475166146
2026-03-11 16:15:00,1418948.475166146
2026-03-11 16:30:00,1418948.475166146
2026-03-11 16:45:00,1418948.475166146
2026-03-11 17:00:00,1418948.475166146
2026-03-11 17:15:00,1418948.475166146
2026-03-11 17:30:00,1418948.475166146
2026-03-11 17:45:00,1418948.475166146
2026-03-11 18:00:00,1418948.475166146
2026-03-11 18:15:00,1418948.475166146
2026-03-11 18:30:00,1418948.475166146
2026-03-11 18:45:00,1418948.475166146
2026-03-11 19:00:00,1418948.475166146
2026-03-11 19:15:00,1418948.475166146
2026-03-11 19:30:00,1418948.475166146
2026-03-11 19:45:00,1418948.475166146
2026-03-11 20:00:00,1418948.475166146
2026-03-11 20:15:00,1418948.475166146
2026-03-11 20:30:00,1418948.475166146
2026-03-11 20:45:00,1418948.475166146
2026-03-11 21:00:00,1418948.475166146
2026-03-11 21:15:00,1418948.475166146
2026-03-11 21:30:00,1418948.475166146
2026-03-11 21:45:00,1418948.475166146
2026-03-11 22:00:00,1418948.475166146
2026-03-11 22:15:00,1418948.475166146
2026-03-11 22:30:00,1418948.475166146
2026-03-11 22:45:00,1418948.475166146
2026-03-11 23:00:00,1418948.475166146
2026-03-11 23:15:00,1418948.475166146
2026-03-11 23:30:00,1418948.475166146
2026-03-11 23:45:00,1418948.475166146
2026-03-12 00:00:00,1418948.475166146
2026-03-12 00:15:00,1418948.475166146
2026-03-12 00:30:00,1418948.475166146
2026-03-12 00:45:00,1418948.475166146
2026-03-12 01:00:00,1418948.475166146
2026-03-12 01:15:00,1418948.475166146
2026-03-12 01:30:00,1418948.475166146
2026-03-12 01:45:00,1418948.475166146
2026-03-12 02:00:00,1418948.475166146
2026-03-12 02:15:00,1418948.475166146
2026-03-12 02:30:00,1418948.475166146
2026-03-12 02:45:00,1418948.475166146
2026-03-12 03:00:00,1418948.475166146
2026-03-12 03:15:00,1418948.475166146
2026-03-12 03:30:00,1418948.475166146
2026-03-12 03:45:00,1418948.475166146
2026-03-12 04:00:00,1418948.475166146
2026-03-12 04:15:00,1418948.475166146
2026-03-12 04:30:00,1418948.475166146
2026-03-12 04:45:00,1418948.475166146
2026-03-12 05:00:00,1418948.475166146
2026-03-12 05:15:00,1418948.475166146
2026-03-12 05:30:00,1418948.475166146
2026-03-12 05:45:00,1418948.475166146
2026-03-12 06:00:00,1418948.475166146
2026-03-12 06:15:00,1418948.475166146
2026-03-12 06:30:00,1418948.475166146
2026-03-12 06:45:00,1418948.475166146
2026-03-12 07:00:00,1418948.475166146
2026-03-12 07:15:00,1418948.475166146
2026-03-12 07:30:00,1418948.475166146
2026-03-12 07:45:00,1418948.475166146
2026-03-12 08:00:00,1418948.475166146
2026-03-12 08:15:00,1418948.475166146
2026-03-12 08:30:00,1418948.475166146
2026-03-12 08:45:00,1418948.475166146
2026-03-12 09:00:00,1418948.475166146
2026-03-12 09:15:00,1418948.475166146
2026-03-12 09:30:00,1418948.475166146
2026-03-12 09:45:00,1418948.475166146
2026-03-12 10:00:00,1418948.475166146
2026-03-12 10:15:00,1418948.475166146
2026-03-12 10:30:00,1418948.475166146
2026-03-12 10:45:00,1418948.475166146
2026-03-12 11:00:00,1418948.475166146
2026-03-12 11:15:00,1418948.475166146
2026-03-12 11:30:00,1418948.475166146
2026-03-12 11:45:00,1418948.475166146
2026-03-12 12:00:00,1418948.475166146
2026-03-12 12:15:00,1418948.475166146
2026-03-12 12:30:00,1418948.475166146
2026-03-12 12:45:00,1418948.475166146
2026-03-12 13:00:00,1418948.475166146
2026-03-12 13:15:00,1418948.475166146
2026-03-12 13:30:00,1418948.475166146
2026-03-12 13:45:00,1418948.475166146
2026-03-12 14:00:00,1418948.475166146
2026-03-12 14:15:00,1418948.475166146
2026-03-12 14:30:00,1418948.475166146
2026-03-12 14:45:00,1418948.475166146
2026-03-12 15:00:00,1418948.475166146
2026-03-12 15:15:00,1418948.475166146
2026-03-12 15:30:00,1418948.475166146
2026-03-12 15:45:00,1418948.475166146
2026-03-12 16:00:00,1418948.475166146
2026-03-12 16:15:00,1418948.475166146
2026-03-12 16:30:00,1418948.475166146
2026-03-12 16:45:00,1418948.475166146
2026-03-12 17:00:00,1418948.475166146
2026-03-12 17:15:00,1418948.475166146
2026-03-12 17:30:00,1418948.475166146
2026-03-12 17:45:00,1418948.475166146
2026-03-12 18:00:00,1418948.475166146
2026-03-12 18:15:00,1418948.475166146
2026-03-12 18:30:00,1418948.475166146
2026-03-12 18:45:00,1418948.475166146
2026-03-12 19:00:00,1418948.475166146
2026-03-12 19:15:00,1418948.475166146
2026-03-12 19:30:00,1418948.475166146
2026-03-12 19:45:00,1418948.475166146
2026-03-12 20:00:00,1418948.475166146
2026-03-12 20:15:00,1418948.475166146
2026-03-12 20:30:00,1418948.475166146
2026-03-12 20:45:00,1418948.475166146
2026-03-12 21:00:00,1418948.475166146
2026-03-12 21:15:00,1418948.475166146
2026-03-12 21:30:00,1418948.475166146
2026-03-12 21:45:00,1418948.475166146
2026-03-12 22:00:00,1418948.475166146
2026-03-12 22:15:00,1418948.475166146
2026-03-12 22:30:00,1418948.475166146
2026-03-12 22:45:00,1418948.475166146
2026-03-12 23:00:00,1418948.475166146
2026-03-12 23:15:00,1418948.475166146
2026-03-12 23:30:00,1418948.475166146
2026-03-12 23:45:00,1418948.475166146
2026-03-13 00:00:00,1418948.475166146
2026-03-13 00:15:00,1418948.475166146
2026-03-13 00:30:00,1418948.475166146
2026-03-13 00:45:00,1418948.475166146
2026-03-13 01:00:00,1418948.475166146
2026-03-13 01:15:00,1418948.475166146
2026-03-13 01:30:00,1418948.475166146
2026-03-13 01:45:00,1418948.475166146
2026-03-13 02:00:00,1418948.475166146
2026-03-13 02:15:00,1418948.475166146
2026-03-13 02:30:00,1418948.475166146
2026-03-13 02:45:00,1418948.475166146
2026-03-13 03:00:00,1418948.475166146
2026-03-13 03:15:00,1418948.475166146
2026-03-13 03:30:00,1418948.475166146
2026-03-13 03:45:00,1418948.475166146
2026-03-13 04:00:00,1418948.475166146
2026-03-13 04:15:00,1418948.475166146
2026-03-13 04:30:00,1418948.475166146
2026-03-13 04:45:00,1418948.475166146
2026-03-13 05:00:00,1418948.475166146
2026-03-13 05:15:00,1418948.475166146
2026-03-13 05:30:00,1418948.475166146
2026-03-13 05:45:00,1418948.475166146
2026-03-13 06:00:00,1418948.475166146
2026-03-13 06:15:00,1418948.475166146
2026-03-13 06:30:00,1418948.475166146
2026-03-13 06:45:00,1418948.475166146
2026-03-13 07:00:00,1418948.475166146
2026-03-13 07:15:00,1418948.475166146
2026-03-13 07:30:00,1418948.475166146
2026-03-13 07:45:00,1418948.475166146
2026-03-13 08:00:00,1418948.475166146
2026-03-13 08:15:00,1418948.475166146
2026-03-13 08:30:00,1418948.475166146
2026-03-13 08:45:00,1418948.475166146
2026-03-13 09:00:00,1418948.475166146
2026-03-13 09:15:00,1418948.475166146
2026-03-13 09:30:00,1418948.475166146
2026-03-13 09:45:00,1418948.475166146
2026-03-13 10:00:00,1418948.475166146
2026-03-13 10:15:00,1418948.475166146
2026-03-13 10:30:00,1418948.475166146
2026-03-13 10:45:00,1418948.475166146
2026-03-13 11:00:00,1418948.475166146
2026-03-13 11:15:00,1418948.475166146
2026-03-13 11:30:00,1418948.475166146
2026-03-13 11:45:00,1418948.475166146
2026-03-13 12:00:00,1418948.475166146
2026-03-13 12:15:00,1418948.475166146
2026-03-13 12:30:00,1418948.475166146
2026-03-13 12:45:00,1418948.475166146
2026-03-13 13:00:00,1418948.475166146
2026-03-13 13:15:00,1418948.475166146
2026-03-13 13:30:00,1418948.475166146
2026-03-13 13:45:00,1418948.475166146
2026-03-13 14:00:00,1418948.475166146
2026-03-13 14:15:00,1418948.475166146
2026-03-13 14:30:00,1418948.475166146
2026-03-13 14:45:00,1418948.475166146
2026-03-13 15:00:00,1418948.475166146
2026-03-13 15:15:00,1418948.475166146
2026-03-13 15:30:00,1418948.475166146
2026-03-13 15:45:00,1418948.475166146
2026-03-13 16:00:00,1418948.475166146
2026-03-13 16:15:00,1418948.475166146
2026-03-13 16:30:00,1418948.475166146
2026-03-13 16:45:00,1418948.475166146
2026-03-13 17:00:00,1418948.475166146
2026-03-13 17:15:00,1418948.475166146
2026-03-13 17:30:00,1418948.475166146
2026-03-13 17:45:00,1418948.475166146
2026-03-13 18:00:00,1418948.475166146
2026-03-13 18:15:00,1418948.475166146
2026-03-13 18:30:00,1418948.475166146
2026-03-13 18:45:00,1418948.475166146
2026-03-13 19:00:00,1418948.475166146
2026-03-13 19:15:00,1418948.475166146
2026-03-13 19:30:00,1418948.475166146
2026-03-13 19:45:00,1418948.475166146
2026-03-13 20:00:00,1418948.475166146
2026-03-13 20:15:00,1418948.475166146
2026-03-13 20:30:00,1418948.475166146
2026-03-13 20:45:00,1418948.475166146
2026-03-13 21:00:00,1418948.475166146
2026-03-13 21:15:00,1418948.475166146
2026-03-13 21:30:00,1418948.475166146
2026-03-13 21:45:00,1418948.475166146
2026-03-13 22:00:00,1418948.475166146
2026-03-13 22:15:00,1418948.475166146
2026-03-13 22:30:00,1418948.475166146
2026-03-13 22:45:00,1418948.475166146
2026-03-13 23:00:00,1418948.475166146
2026-03-13 23:15:00,1418948.475166146
2026-03-13 23:30:00,1418948.475166146
2026-03-13 23:45:00,1418948.475166146
2026-03-16 00:00:00,1418948.475166146
2026-03-16 00:15:00,1418948.475166146
2026-03-16 00:30:00,1418948.475166146
2026-03-16 00:45:00,1418948.475166146
2026-03-16 01:00:00,1418948.475166146
2026-03-16 01:15:00,1418948.475166146
2026-03-16 01:30:00,1418948.475166146
2026-03-16 01:45:00,1418948.475166146
2026-03-16 02:00:00,1418948.475166146
2026-03-16 02:15:00,1418948.475166146
2026-03-16 02:30:00,1418948.475166146
2026-03-16 02:45:00,1418948.475166146
2026-03-16 03:00:00,1418948.475166146
2026-03-16 03:15:00,1418948.475166146
2026-03-16 03:30:00,1418948.475166146
2026-03-16 03:45:00,1418948.475166146
2026-03-16 04:00:00,1418948.475166146
2026-03-16 04:15:00,1418948.475166146
2026-03-16 04:30:00,1418948.475166146
2026-03-16 04:45:00,1418948.475166146
2026-03-16 05:00:00,1418948.475166146
2026-03-16 05:15:00,1418948.475166146
2026-03-16 05:30:00,1418948.475166146
2026-03-16 05:45:00,1418948.475166146
2026-03-16 06:00:00,1418948.475166146
2026-03-16 06:15:00,1418948.475166146
2026-03-16 06:30:00,1418948.475166146
2026-03-16 06:45:00,1418948.475166146
2026-03-16 07:00:00,1418948.475166146
2026-03-16 07:15:00,1418948.475166146
2026-03-16 07:30:00,1418948.475166146
2026-03-16 07:45:00,1418948.475166146
2026-03-16 08:00:00,1418948.475166146
2026-03-16 08:15:00,1418948.475166146
2026-03-16 08:30:00,1418948.475166146
2026-03-16 08:45:00,1418948.475166146
2026-03-16 09:00:00,1418948.475166146
2026-03-16 09:15:00,1418948.475166146
2026-03-16 09:30:00,1418948.475166146
2026-03-16 09:45:00,1418948.475166146
2026-03-16 10:00:00,1418948.475166146
2026-03-16 10:15:00,1418948.475166146
2026-03-16 10:30:00,1418948.475166146
2026-03-16 10:45:00,1418948.475166146
2026-03-16 11:00:00,1418948.475166146
2026-03-16 11:15:00,1418948.475166146
2026-03-16 11:30:00,1418948.475166146
2026-03-16 11:45:00,1418948.475166146
2026-03-16 12:00:00,1418948.475166146
2026-03-16 12:15:00,1418948.475166146
2026-03-16 12:30:00,1418948.475166146
2026-03-16 12:45:00,1418948.475166146
2026-03-16 13:00:00,1418948.475166146
2026-03-16 13:15:00,1418948.475166146
2026-03-16 13:30:00,1418948.475166146
2026-03-16 13:45:00,1418948.475166146
2026-03-16 14:00:00,1418948.475166146
2026-03-16 14:15:00,1418948.475166146
2026-03-16 14:30:00,1418948.475166146
2026-03-16 14:45:00,1418948.475166146
2026-03-16 15:00:00,1418948.475166146
2026-03-16 15:15:00,1418948.475166146
2026-03-16 15:30:00,1418948.475166146
2026-03-16 15:45:00,1418948.475166146
2026-03-16 16:00:00,1418948.475166146
2026-03-16 16:15:00,1418948.475166146
2026-03-16 16:30:00,1418948.475166146
2026-03-16 16:45:00,1418948.475166146
2026-03-16 17:00:00,1418948.475166146
2026-03-16 17:15:00,1418948.475166146
2026-03-16 17:30:00,1418948.475166146
2026-03-16 17:45:00,1418948.475166146
2026-03-16 18:00:00,1418948.475166146
2026-03-16 18:15:00,1418948.475166146
2026-03-16 18:30:00,1418948.475166146
2026-03-16 18:45:00,1418948.475166146
2026-03-16 19:00:00,1418948.475166146
2026-03-16 19:15:00,1418948.475166146
2026-03-16 19:30:00,1418948.475166146
2026-03-16 19:45:00,1418948.475166146
2026-03-16 20:00:00,1418948.475166146
2026-03-16 20:15:00,1418948.475166146
2026-03-16 20:30:00,1418948.475166146
2026-03-16 20:45:00,1418948.475166146
2026-03-16 21:00:00,1418948.475166146
2026-03-16 21:15:00,1418948.475166146
2026-03-16 21:30:00,1418948.475166146
2026-03-16 21:45:00,1418948.475166146
2026-03-16 22:00:00,1418948.475166146
2026-03-16 22:15:00,1418948.475166146
2026-03-16 22:30:00,1418948.475166146
2026-03-16 22:45:00,1418948.475166146
2026-03-16 23:00:00,1418948.475166146
2026-03-16 23:15:00,1418948.475166146
2026-03-16 23:30:00,1418948.475166146
2026-03-16 23:45:00,1418948.475166146
2026-03-17 00:00:00,1418948.475166146
2026-03-17 00:15:00,1418948.475166146
2026-03-17 00:30:00,1418948.475166146
2026-03-17 00:45:00,1418948.475166146
2026-03-17 01:00:00,1418948.475166146
2026-03-17 01:15:00,1418948.475166146
2026-03-17 01:30:00,1418948.475166146
2026-03-17 01:45:00,1418948.475166146
2026-03-17 02:00:00,1418948.475166146
2026-03-17 02:15:00,1418948.475166146
2026-03-17 02:30:00,1418948.475166146
2026-03-17 02:45:00,1418948.475166146
2026-03-17 03:00:00,1418948.475166146
2026-03-17 03:15:00,1418948.475166146
2026-03-17 03:30:00,1418948.475166146
2026-03-17 03:45:00,1418948.475166146
2026-03-17 04:00:00,1418948.475166146
2026-03-17 04:15:00,1418948.475166146
2026-03-17 04:30:00,1418948.475166146
2026-03-17 04:45:00,1418948.475166146
2026-03-17 05:00:00,1418948.475166146
2026-03-17 05:15:00,1418948.475166146
2026-03-17 05:30:00,1418948.475166146
2026-03-17 05:45:00,1418948.475166146
2026-03-17 06:00:00,1418948.475166146
2026-03-17 06:15:00,1418948.475166146
2026-03-17 06:30:00,1418948.475166146
2026-03-17 06:45:00,1418948.475166146
2026-03-17 07:00:00,1418948.475166146
2026-03-17 07:15:00,1418948.475166146
2026-03-17 07:30:00,1418948.475166146
2026-03-17 07:45:00,1418948.475166146
2026-03-17 08:00:00,1418948.475166146
2026-03-17 08:15:00,1418948.475166146
2026-03-17 08:30:00,1418948.475166146
2026-03-17 08:45:00,1418948.475166146
2026-03-17 09:00:00,1418948.475166146
2026-03-17 09:15:00,1418948.475166146
2026-03-17 09:30:00,1418948.475166146
2026-03-17 09:45:00,1418948.475166146
2026-03-17 10:00:00,1418948.475166146
2026-03-17 10:15:00,1418948.475166146
2026-03-17 10:30:00,1418948.475166146
2026-03-17 10:45:00,1418948.475166146
2026-03-17 11:00:00,1418948.475166146
2026-03-17 11:15:00,1418948.475166146
2026-03-17 11:30:00,1418948.475166146
2026-03-17 11:45:00,1418948.475166146
2026-03-17 12:00:00,1418948.475166146
2026-03-17 12:15:00,1418948.475166146
2026-03-17 12:30:00,1418948.475166146
2026-03-17 12:45:00,1418948.475166146
2026-03-17 13:00:00,1418948.475166146
2026-03-17 13:15:00,1418948.475166146
2026-03-17 13:30:00,1418948.475166146
2026-03-17 13:45:00,1418948.475166146
2026-03-17 14:00:00,1418948.475166146
2026-03-17 14:15:00,1418948.475166146
2026-03-17 14:30:00,1418948.475166146
2026-03-17 14:45:00,1418948.475166146
2026-03-17 15:00:00,1418948.475166146
2026-03-17 15:15:00,1418948.475166146
2026-03-17 15:30:00,1418948.475166146
2026-03-17 15:45:00,1418948.475166146
2026-03-17 16:00:00,1418948.475166146
2026-03-17 16:15:00,1418948.475166146
2026-03-17 16:30:00,1418948.475166146
2026-03-17 16:45:00,1418948.475166146
2026-03-17 17:00:00,1418948.475166146
2026-03-17 17:15:00,1418948.475166146
2026-03-17 17:30:00,1418948.475166146
2026-03-17 17:45:00,1418948.475166146
2026-03-17 18:00:00,1418948.475166146
2026-03-17 18:15:00,1418948.475166146
2026-03-17 18:30:00,1418948.475166146
2026-03-17 18:45:00,1418948.475166146
2026-03-17 19:00:00,1418948.475166146
2026-03-17 19:15:00,1418948.475166146
2026-03-17 19:30:00,1418948.475166146
2026-03-17 19:45:00,1418948.475166146
2026-03-17 20:00:00,1418948.475166146
2026-03-17 20:15:00,1418948.475166146
2026-03-17 20:30:00,1418948.475166146
2026-03-17 20:45:00,1418948.475166146
2026-03-17 21:00:00,1418948.475166146
2026-03-17 21:15:00,1418948.475166146
2026-03-17 21:30:00,1418948.475166146
2026-03-17 21:45:00,1418948.475166146
2026-03-17 22:00:00,1418948.475166146
2026-03-17 22:15:00,1418948.475166146
2026-03-17 22:30:00,1418948.475166146
2026-03-17 22:45:00,1418948.475166146
2026-03-17 23:00:00,1418948.475166146
2026-03-17 23:15:00,1418948.475166146
2026-03-17 23:30:00,1418948.475166146
2026-03-17 23:45:00,1418948.475166146
2026-03-18 00:00:00,1418948.475166146
2026-03-18 00:15:00,1418948.475166146
2026-03-18 00:30:00,1418948.475166146
2026-03-18 00:45:00,1418948.475166146
2026-03-18 01:00:00,1418948.475166146
2026-03-18 01:15:00,1418948.475166146
2026-03-18 01:30:00,1418948.475166146
2026-03-18 01:45:00,1418948.475166146
2026-03-18 02:00:00,1418948.475166146
2026-03-18 02:15:00,1418948.475166146
2026-03-18 02:30:00,1418948.475166146
2026-03-18 02:45:00,1418948.475166146
2026-03-18 03:00:00,1418948.475166146
2026-03-18 03:15:00,1418948.475166146
2026-03-18 03:30:00,1418948.475166146
2026-03-18 03:45:00,1418948.475166146
2026-03-18 04:00:00,1418948.475166146
2026-03-18 04:15:00,1418948.475166146
2026-03-18 04:30:00,1418948.475166146
2026-03-18 04:45:00,1418948.475166146
2026-03-18 05:00:00,1418948.475166146
2026-03-18 05:15:00,1418948.475166146
2026-03-18 05:30:00,1418948.475166146
2026-03-18 05:45:00,1418948.475166146
2026-03-18 06:00:00,1418948.475166146
2026-03-18 06:15:00,1418948.475166146
2026-03-18 06:30:00,1418948.475166146
2026-03-18 06:45:00,1418948.475166146
2026-03-18 07:00:00,1418948.475166146
2026-03-18 07:15:00,1418948.475166146
2026-03-18 07:30:00,1418948.475166146
2026-03-18 07:45:00,1418948.475166146
2026-03-18 08:00:00,1418948.475166146
2026-03-18 08:15:00,1418948.475166146
2026-03-18 08:30:00,1418948.475166146
2026-03-18 08:45:00,1418948.475166146
2026-03-18 09:00:00,1418948.475166146
2026-03-18 09:15:00,1418948.475166146
2026-03-18 09:30:00,1418948.475166146
2026-03-18 09:45:00,1418948.475166146
2026-03-18 10:00:00,1418948.475166146
2026-03-18 10:15:00,1418948.475166146
2026-03-18 10:30:00,1418948.475166146
2026-03-18 10:45:00,1418948.475166146
2026-03-18 11:00:00,1418948.475166146
2026-03-18 11:15:00,1418948.475166146
2026-03-18 11:30:00,1418948.475166146
2026-03-18 11:45:00,1418948.475166146
2026-03-18 12:00:00,1418948.475166146
2026-03-18 12:15:00,1418948.475166146
2026-03-18 12:30:00,1418948.475166146
2026-03-18 12:45:00,1418948.475166146
2026-03-18 13:00:00,1418948.475166146
2026-03-18 13:15:00,1418948.475166146
2026-03-18 13:30:00,1418948.475166146
2026-03-18 13:45:00,1418948.475166146
2026-03-18 14:00:00,1418948.475166146
2026-03-18 14:15:00,1418948.475166146
2026-03-18 14:30:00,1418948.475166146
2026-03-18 14:45:00,1418948.475166146
2026-03-18 15:00:00,1418948.475166146
2026-03-18 15:15:00,1418948.475166146
2026-03-18 15:30:00,1418948.475166146
2026-03-18 15:45:00,1418948.475166146
2026-03-18 16:00:00,1418948.475166146
2026-03-18 16:15:00,1418948.475166146
2026-03-18 16:30:00,1418948.475166146
2026-03-18 16:45:00,1418948.475166146
2026-03-18 17:00:00,1418948.475166146
2026-03-18 17:15:00,1418948.475166146
2026-03-18 17:30:00,1418948.475166146
2026-03-18 17:45:00,1418948.475166146
2026-03-18 18:00:00,1418948.475166146
2026-03-18 18:15:00,1418948.475166146
2026-03-18 18:30:00,1418948.475166146
2026-03-18 18:45:00,1418948.475166146
2026-03-18 19:00:00,1418948.475166146
2026-03-18 19:15:00,1418948.475166146
2026-03-18 19:30:00,1418948.475166146
2026-03-18 19:45:00,1418948.475166146
2026-03-18 20:00:00,1418948.475166146
2026-03-18 20:15:00,1418948.475166146
2026-03-18 20:30:00,1418948.475166146
2026-03-18 20:45:00,1418948.475166146
2026-03-18 21:00:00,1418948.475166146
2026-03-18 21:15:00,1418948.475166146
2026-03-18 21:30:00,1418948.475166146
2026-03-18 21:45:00,1418948.475166146
2026-03-18 22:00:00,1418948.475166146
2026-03-18 22:15:00,1418948.475166146
2026-03-18 22:30:00,1418948.475166146
2026-03-18 22:45:00,1418948.475166146
2026-03-18 23:00:00,1418948.475166146
2026-03-18 23:15:00,1418948.475166146
2026-03-18 23:30:00,1418948.475166146
2026-03-18 23:45:00,1418948.475166146
2026-03-19 00:00:00,1418948.475166146
2026-03-19 00:15:00,1418948.475166146
2026-03-19 00:30:00,1418948.475166146
2026-03-19 00:45:00,1418948.475166146
2026-03-19 01:00:00,1418948.475166146
2026-03-19 01:15:00,1418948.475166146
2026-03-19 01:30:00,1418948.475166146
2026-03-19 01:45:00,1418948.475166146
2026-03-19 02:00:00,1418948.475166146
2026-03-19 02:15:00,1418948.475166146
2026-03-19 02:30:00,1418948.475166146
2026-03-19 02:45:00,1418948.475166146
2026-03-19 03:00:00,1418948.475166146
2026-03-19 03:15:00,1418948.475166146
2026-03-19 03:30:00,1418948.475166146
2026-03-19 03:45:00,1418948.475166146
2026-03-19 04:00:00,1418948.475166146
2026-03-19 04:15:00,1418948.475166146
2026-03-19 04:30:00,1418948.475166146
2026-03-19 04:45:00,1418948.475166146
2026-03-19 05:00:00,1418948.475166146
2026-03-19 05:15:00,1418948.475166146
2026-03-19 05:30:00,1418948.475166146
2026-03-19 05:45:00,1418948.475166146
2026-03-19 06:00:00,1418948.475166146
2026-03-19 06:15:00,1418948.475166146
2026-03-19 06:30:00,1418948.475166146
2026-03-19 06:45:00,1418948.475166146
2026-03-19 07:00:00,1418948.475166146
2026-03-19 07:15:00,1418948.475166146
2026-03-19 07:30:00,1418948.475166146
2026-03-19 07:45:00,1418948.475166146
2026-03-19 08:00:00,1418948.475166146
2026-03-19 08:15:00,1418948.475166146
2026-03-19 08:30:00,1418948.475166146
2026-03-19 08:45:00,1418948.475166146
2026-03-19 09:00:00,1418948.475166146
2026-03-19 09:15:00,1418948.475166146
2026-03-19 09:30:00,1418948.475166146
2026-03-19 09:45:00,1418948.475166146
2026-03-19 10:00:00,1418948.475166146
2026-03-19 10:15:00,1418948.475166146
2026-03-19 10:30:00,1418948.475166146
2026-03-19 10:45:00,1418948.475166146
2026-03-19 11:00:00,1418948.475166146
2026-03-19 11:15:00,1418948.475166146
2026-03-19 11:30:00,1418948.475166146
2026-03-19 11:45:00,1418948.475166146
2026-03-19 12:00:00,1418948.475166146
2026-03-19 12:15:00,1418948.475166146
2026-03-19 12:30:00,1418948.475166146
2026-03-19 12:45:00,1418948.475166146
2026-03-19 13:00:00,1418948.475166146
2026-03-19 13:15:00,1418948.475166146
2026-03-19 13:30:00,1418948.475166146
2026-03-19 13:45:00,1418948.475166146
2026-03-19 14:00:00,1418948.475166146
2026-03-19 14:15:00,1418948.475166146
2026-03-19 14:30:00,1418948.475166146
2026-03-19 14:45:00,1418948.475166146
2026-03-19 15:00:00,1418948.475166146
2026-03-19 15:15:00,1418948.475166146
2026-03-19 15:30:00,1418948.475166146
2026-03-19 15:45:00,1418948.475166146
2026-03-19 16:00:00,1418948.475166146
2026-03-19 16:15:00,1418948.475166146
2026-03-19 16:30:00,1418948.475166146
2026-03-19 16:45:00,1418948.475166146
2026-03-19 17:00:00,1418948.475166146
2026-03-19 17:15:00,1418948.475166146
2026-03-19 17:30:00,1418948.475166146
2026-03-19 17:45:00,1418948.475166146
2026-03-19 18:00:00,1418948.475166146
2026-03-19 18:15:00,1418948.475166146
2026-03-19 18:30:00,1418948.475166146
2026-03-19 18:45:00,1418948.475166146
2026-03-19 19:00:00,1418948.475166146
2026-03-19 19:15:00,1418948.475166146
2026-03-19 19:30:00,1418948.475166146
2026-03-19 19:45:00,1418948.475166146
2026-03-19 20:00:00,1418948.475166146
2026-03-19 20:15:00,1418948.475166146
2026-03-19 20:30:00,1418948.475166146
2026-03-19 20:45:00,1418948.475166146
2026-03-19 21:00:00,1418948.475166146
2026-03-19 21:15:00,1418948.475166146
2026-03-19 21:30:00,1418948.475166146
2026-03-19 21:45:00,1418948.475166146
2026-03-19 22:00:00,1418948.475166146
2026-03-19 22:15:00,1418948.475166146
2026-03-19 22:30:00,1418948.475166146
2026-03-19 22:45:00,1418948.475166146
2026-03-19 23:00:00,1418948.475166146
2026-03-19 23:15:00,1418948.475166146
2026-03-19 23:30:00,1418948.475166146
2026-03-19 23:45:00,1418948.475166146
2026-03-20 00:00:00,1418948.475166146
2026-03-20 00:15:00,1418948.475166146
2026-03-20 00:30:00,1418948.475166146
2026-03-20 00:45:00,1418948.475166146
2026-03-20 01:00:00,1418948.475166146
2026-03-20 01:15:00,1418948.475166146
2026-03-20 01:30:00,1418948.475166146
2026-03-20 01:45:00,1418948.475166146
2026-03-20 02:00:00,1418948.475166146
2026-03-20 02:15:00,1418948.475166146
2026-03-20 02:30:00,1418948.475166146
2026-03-20 02:45:00,1418948.475166146
2026-03-20 03:00:00,1418948.475166146
2026-03-20 03:15:00,1418948.475166146
2026-03-20 03:30:00,1418948.475166146
2026-03-20 03:45:00,1418948.475166146
2026-03-20 04:00:00,1418948.475166146
2026-03-20 04:15:00,1418948.475166146
2026-03-20 04:30:00,1418948.475166146
2026-03-20 04:45:00,1418948.475166146
2026-03-20 05:00:00,1418948.475166146
2026-03-20 05:15:00,1418948.475166146
2026-03-20 05:30:00,1418948.475166146
2026-03-20 05:45:00,1418948.475166146
2026-03-20 06:00:00,1418948.475166146
2026-03-20 06:15:00,1418948.475166146
2026-03-20 06:30:00,1418948.475166146
2026-03-20 06:45:00,1418948.475166146
2026-03-20 07:00:00,1418948.475166146
2026-03-20 07:15:00,1418948.475166146
2026-03-20 07:30:00,1418948.475166146
2026-03-20 07:45:00,1418948.475166146
2026-03-20 08:00:00,1418948.475166146
2026-03-20 08:15:00,1418948.475166146
2026-03-20 08:30:00,1418948.475166146
2026-03-20 08:45:00,1418948.475166146
2026-03-20 09:00:00,1418948.475166146
2026-03-20 09:15:00,1418948.475166146
2026-03-20 09:30:00,1418948.475166146
2026-03-20 09:45:00,1418948.475166146
2026-03-20 10:00:00,1418948.475166146
2026-03-20 10:15:00,1418948.475166146
2026-03-20 10:30:00,1418948.475166146
2026-03-20 10:45:00,1418948.475166146
2026-03-20 11:00:00,1418948.475166146
2026-03-20 11:15:00,1418948.475166146
2026-03-20 11:30:00,1418948.475166146
2026-03-20 11:45:00,1418948.475166146
2026-03-20 12:00:00,1418948.475166146
2026-03-20 12:15:00,1418948.475166146
2026-03-20 12:30:00,1418948.475166146
2026-03-20 12:45:00,1418948.475166146
2026-03-20 13:00:00,1418948.475166146
2026-03-20 13:15:00,1418948.475166146
2026-03-20 13:30:00,1418948.475166146
2026-03-20 13:45:00,1418948.475166146
2026-03-20 14:00:00,1418948.475166146
2026-03-20 14:15:00,1418948.475166146
2026-03-20 14:30:00,1418948.475166146
2026-03-20 14:45:00,1418948.475166146
2026-03-20 15:00:00,1418948.475166146
2026-03-20 15:15:00,1418948.475166146
2026-03-20 15:30:00,1418948.475166146
2026-03-20 15:45:00,1418948.475166146
2026-03-20 16:00:00,1418948.475166146
2026-03-20 16:15:00,1418948.475166146
2026-03-20 16:30:00,1418948.475166146
2026-03-20 16:45:00,1418948.475166146
2026-03-20 17:00:00,1418948.475166146
2026-03-20 17:15:00,1418948.475166146
2026-03-20 17:30:00,1418948.475166146
2026-03-20 17:45:00,1418948.475166146
2026-03-20 18:00:00,1418948.475166146
2026-03-20 18:15:00,1418948.475166146
2026-03-20 18:30:00,1418948.475166146
2026-03-20 18:45:00,1418948.475166146
2026-03-20 19:00:00,1418948.475166146
2026-03-20 19:15:00,1418948.475166146
2026-03-20 19:30:00,1418948.475166146
2026-03-20 19:45:00,1418948.475166146
2026-03-20 20:00:00,1418948.475166146
2026-03-20 20:15:00,1418948.475166146
2026-03-20 20:30:00,1418948.475166146
2026-03-20 20:45:00,1418948.475166146
2026-03-20 21:00:00,1418948.475166146
2026-03-20 21:15:00,1418948.475166146
2026-03-20 21:30:00,1418948.475166146
2026-03-20 21:45:00,1418948.475166146
2026-03-20 22:00:00,1418948.475166146
2026-03-20 22:15:00,1418948.475166146
2026-03-20 22:30:00,1418948.475166146
2026-03-20 22:45:00,1418948.475166146
2026-03-20 23:00:00,1418948.475166146
2026-03-20 23:15:00,1418948.475166146
2026-03-20 23:30:00,1418948.475166146
2026-03-20 23:45:00,1418948.475166146
2026-03-23 00:00:00,1418948.475166146
2026-03-23 00:15:00,1418948.475166146
2026-03-23 00:30:00,1418948.475166146
2026-03-23 00:45:00,1418948.475166146
2026-03-23 01:00:00,1418948.475166146
2026-03-23 01:15:00,1418948.475166146
2026-03-23 01:30:00,1418948.475166146
2026-03-23 01:45:00,1418948.475166146
2026-03-23 02:00:00,1418948.475166146
2026-03-23 02:15:00,1418948.475166146
2026-03-23 02:30:00,1418948.475166146
2026-03-23 02:45:00,1418948.475166146
2026-03-23 03:00:00,1418948.475166146
2026-03-23 03:15:00,1418948.475166146
2026-03-23 03:30:00,1418948.475166146
2026-03-23 03:45:00,1418948.475166146
2026-03-23 04:00:00,1418948.475166146
2026-03-23 04:15:00,1418948.475166146
2026-03-23 04:30:00,1418948.475166146
2026-03-23 04:45:00,1418948.475166146
2026-03-23 05:00:00,1418948.475166146
2026-03-23 05:15:00,1418948.475166146
2026-03-23 05:30:00,1418948.475166146
2026-03-23 05:45:00,1418948.475166146
2026-03-23 06:00:00,1418948.475166146
2026-03-23 06:15:00,1418948.475166146
2026-03-23 06:30:00,1418948.475166146
2026-03-23 06:45:00,1418948.475166146
2026-03-23 07:00:00,1418948.475166146
2026-03-23 07:15:00,1418948.475166146
2026-03-23 07:30:00,1418948.475166146
2026-03-23 07:45:00,1418948.475166146
2026-03-23 08:00:00,1418948.475166146
2026-03-23 08:15:00,1418948.475166146
2026-03-23 08:30:00,1418948.475166146
2026-03-23 08:45:00,1418948.475166146
2026-03-23 09:00:00,1418948.475166146
2026-03-23 09:15:00,1418948.475166146
2026-03-23 09:30:00,1418948.475166146
2026-03-23 09:45:00,1418948.475166146
2026-03-23 10:00:00,1418948.475166146
2026-03-23 10:15:00,1418948.475166146
2026-03-23 10:30:00,1418948.475166146
2026-03-23 10:45:00,1418948.475166146
2026-03-23 11:00:00,1418948.475166146
2026-03-23 11:15:00,1418948.475166146
2026-03-23 11:30:00,1418948.475166146
2026-03-23 11:45:00,1418948.475166146
2026-03-23 12:00:00,1418948.475166146
2026-03-23 12:15:00,1418948.475166146
2026-03-23 12:30:00,1418948.475166146
2026-03-23 12:45:00,1418948.475166146
2026-03-23 13:00:00,1418948.475166146
2026-03-23 13:15:00,1418948.475166146
2026-03-23 13:30:00,1418948.475166146
2026-03-23 13:45:00,1418948.475166146
2026-03-23 14:00:00,1418948.475166146
2026-03-23 14:15:00,1418948.475166146
2026-03-23 14:30:00,1418948.475166146
2026-03-23 14:45:00,1418948.475166146
2026-03-23 15:00:00,1418948.475166146
2026-03-23 15:15:00,1418948.475166146
2026-03-23 15:30:00,1418948.475166146
2026-03-23 15:45:00,1418948.475166146
2026-03-23 16:00:00,1418948.475166146
2026-03-23 16:15:00,1418948.475166146
2026-03-23 16:30:00,1418948.475166146
2026-03-23 16:45:00,1418948.475166146
2026-03-23 17:00:00,1418948.475166146
2026-03-23 17:15:00,1418948.475166146
2026-03-23 17:30:00,1418948.475166146
2026-03-23 17:45:00,1418948.475166146
2026-03-23 18:00:00,1418948.475166146
2026-03-23 18:15:00,1418948.475166146
2026-03-23 18:30:00,1418948.475166146
2026-03-23 18:45:00,1418948.475166146
2026-03-23 19:00:00,1418948.475166146
2026-03-23 19:15:00,1418948.475166146
2026-03-23 19:30:00,1418948.475166146
2026-03-23 19:45:00,1418948.475166146
2026-03-23 20:00:00,1418948.475166146
2026-03-23 20:15:00,1418948.475166146
2026-03-23 20:30:00,1418948.475166146
2026-03-23 20:45:00,1418948.475166146
2026-03-23 21:00:00,1418948.475166146
2026-03-23 21:15:00,1418948.475166146
2026-03-23 21:30:00,1418948.475166146
2026-03-23 21:45:00,1418948.475166146
2026-03-23 22:00:00,1418948.475166146
2026-03-23 22:15:00,1418948.475166146
2026-03-23 22:30:00,1418948.475166146
2026-03-23 22:45:00,1418948.475166146
2026-03-23 23:00:00,1418948.475166146
2026-03-23 23:15:00,1418948.475166146
2026-03-23 23:30:00,1418948.475166146
2026-03-23 23:45:00,1418948.475166146
2026-03-24 00:00:00,1418948.475166146
2026-03-24 00:15:00,1418948.475166146
2026-03-24 00:30:00,1418948.475166146
2026-03-24 00:45:00,1418948.475166146
2026-03-24 01:00:00,1418948.475166146
2026-03-24 01:15:00,1418948.475166146
2026-03-24 01:30:00,1418948.475166146
2026-03-24 01:45:00,1418948.475166146
2026-03-24 02:00:00,1418948.475166146
2026-03-24 02:15:00,1418948.475166146
2026-03-24 02:30:00,1418948.475166146
2026-03-24 02:45:00,1418948.475166146
2026-03-24 03:00:00,1418948.475166146
2026-03-24 03:15:00,1418948.475166146
2026-03-24 03:30:00,1418948.475166146
2026-03-24 03:45:00,1418948.475166146
2026-03-24 04:00:00,1418948.475166146
2026-03-24 04:15:00,1418948.475166146
2026-03-24 04:30:00,1418948.475166146
2026-03-24 04:45:00,1418948.475166146
2026-03-24 05:00:00,1418948.475166146
2026-03-24 05:15:00,1418948.475166146
2026-03-24 05:30:00,1418948.475166146
2026-03-24 05:45:00,1418948.475166146
2026-03-24 06:00:00,1418948.475166146
2026-03-24 06:15:00,1418948.475166146
2026-03-24 06:30:00,1418948.475166146
2026-03-24 06:45:00,1418948.475166146
2026-03-24 07:00:00,1418948.475166146
2026-03-24 07:15:00,1418948.475166146
2026-03-24 07:30:00,1418948.475166146
2026-03-24 07:45:00,1418948.475166146
2026-03-24 08:00:00,1418948.475166146
2026-03-24 08:15:00,1418948.475166146
2026-03-24 08:30:00,1418948.475166146
2026-03-24 08:45:00,1418948.475166146
2026-03-24 09:00:00,1418948.475166146
2026-03-24 09:15:00,1418948.475166146
2026-03-24 09:30:00,1418948.475166146
2026-03-24 09:45:00,1418948.475166146
2026-03-24 10:00:00,1418948.475166146
2026-03-24 10:15:00,1418948.475166146
2026-03-24 10:30:00,1418948.475166146
2026-03-24 10:45:00,1418948.475166146
2026-03-24 11:00:00,1418948.475166146
2026-03-24 11:15:00,1418948.475166146
2026-03-24 11:30:00,1418948.475166146
2026-03-24 11:45:00,1418948.475166146
2026-03-24 12:00:00,1418948.475166146
2026-03-24 12:15:00,1418948.475166146
2026-03-24 12:30:00,1418948.475166146
2026-03-24 12:45:00,1418948.475166146
2026-03-24 13:00:00,1418948.475166146
2026-03-24 13:15:00,1418948.475166146
2026-03-24 13:30:00,1418948.475166146
2026-03-24 13:45:00,1418948.475166146
2026-03-24 14:00:00,1418948.475166146
2026-03-24 14:15:00,1418948.475166146
2026-03-24 14:30:00,1418948.475166146
2026-03-24 14:45:00,1418948.475166146
2026-03-24 15:00:00,1418948.475166146
2026-03-24 15:15:00,1418948.475166146
2026-03-24 15:30:00,1418948.475166146
2026-03-24 15:45:00,1418948.475166146
2026-03-24 16:00:00,1418948.475166146
2026-03-24 16:15:00,1418948.475166146
2026-03-24 16:30:00,1418948.475166146
2026-03-24 16:45:00,1418948.475166146
2026-03-24 17:00:00,1418948.475166146
2026-03-24 17:15:00,1418948.475166146
2026-03-24 17:30:00,1418948.475166146
2026-03-24 17:45:00,1418948.475166146
2026-03-24 18:00:00,1418948.475166146
2026-03-24 18:15:00,1418948.475166146
2026-03-24 18:30:00,1418948.475166146
2026-03-24 18:45:00,1418948.475166146
2026-03-24 19:00:00,1418948.475166146
2026-03-24 19:15:00,1418948.475166146
2026-03-24 19:30:00,1418948.475166146
2026-03-24 19:45:00,1418948.475166146
2026-03-24 20:00:00,1418948.475166146
2026-03-24 20:15:00,1418948.475166146
2026-03-24 20:30:00,1418948.475166146
2026-03-24 20:45:00,1418948.475166146
2026-03-24 21:00:00,1418948.475166146
2026-03-24 21:15:00,1418948.475166146
2026-03-24 21:30:00,1418948.475166146
2026-03-24 21:45:00,1418948.475166146
2026-03-24 22:00:00,1418948.475166146
2026-03-24 22:15:00,1418948.475166146
2026-03-24 22:30:00,1418948.475166146
2026-03-24 22:45:00,1418948.475166146
2026-03-24 23:00:00,1418948.475166146
2026-03-24 23:15:00,1418948.475166146
2026-03-24 23:30:00,1418948.475166146
2026-03-24 23:45:00,1418948.475166146
2026-03-25 00:00:00,1418948.475166146
2026-03-25 00:15:00,1418948.475166146
2026-03-25 00:30:00,1418948.475166146
2026-03-25 00:45:00,1418948.475166146
2026-03-25 01:00:00,1418948.475166146
2026-03-25 01:15:00,1418948.475166146
2026-03-25 01:30:00,1418948.475166146
2026-03-25 01:45:00,1418948.475166146
2026-03-25 02:00:00,1418948.475166146
2026-03-25 02:15:00,1418948.475166146
2026-03-25 02:30:00,1418948.475166146
2026-03-25 02:45:00,1418948.475166146
2026-03-25 03:00:00,1418948.475166146
2026-03-25 03:15:00,1418948.475166146
2026-03-25 03:30:00,1418948.475166146
2026-03-25 03:45:00,1418948.475166146
2026-03-25 04:00:00,1418948.475166146
2026-03-25 04:15:00,1418948.475166146
2026-03-25 04:30:00,1418948.475166146
2026-03-25 04:45:00,1418948.475166146
2026-03-25 05:00:00,1418948.475166146
2026-03-25 05:15:00,1418948.475166146
2026-03-25 05:30:00,1418948.475166146
2026-03-25 05:45:00,1418948.475166146
2026-03-25 06:00:00,1418948.475166146
2026-03-25 06:15:00,1418948.475166146
2026-03-25 06:30:00,1418948.475166146
2026-03-25 06:45:00,1418948.475166146
2026-03-25 07:00:00,1418948.475166146
2026-03-25 07:15:00,1418948.475166146
2026-03-25 07:30:00,1418948.475166146
2026-03-25 07:45:00,1418948.475166146
2026-03-25 08:00:00,1418948.475166146
2026-03-25 08:15:00,1418948.475166146
2026-03-25 08:30:00,1418948.475166146
2026-03-25 08:45:00,1418948.475166146
2026-03-25 09:00:00,1418948.475166146
2026-03-25 09:15:00,1418948.475166146
2026-03-25 09:30:00,1418948.475166146
2026-03-25 09:45:00,1418948.475166146
2026-03-25 10:00:00,1418948.475166146
2026-03-25 10:15:00,1418948.475166146
2026-03-25 10:30:00,1418948.475166146
2026-03-25 10:45:00,1418948.475166146
2026-03-25 11:00:00,1418948.475166146
2026-03-25 11:15:00,1418948.475166146
2026-03-25 11:30:00,1418948.475166146
2026-03-25 11:45:00,1418948.475166146
2026-03-25 12:00:00,1418948.475166146
2026-03-25 12:15:00,1418948.475166146
2026-03-25 12:30:00,1418948.475166146
2026-03-25 12:45:00,1418948.475166146
2026-03-25 13:00:00,1418948.475166146
2026-03-25 13:15:00,1418948.475166146
2026-03-25 13:30:00,1418948.475166146
2026-03-25 13:45:00,1418948.475166146
2026-03-25 14:00:00,1418948.475166146
2026-03-25 14:15:00,1418948.475166146
2026-03-25 14:30:00,1418948.475166146
2026-03-25 14:45:00,1418948.475166146
2026-03-25 15:00:00,1418948.475166146
2026-03-25 15:15:00,1418948.475166146
2026-03-25 15:30:00,1418948.475166146
2026-03-25 15:45:00,1418948.475166146
2026-03-25 16:00:00,1418948.475166146
2026-03-25 16:15:00,1418948.475166146
2026-03-25 16:30:00,1418948.475166146
2026-03-25 16:45:00,1418948.475166146
2026-03-25 17:00:00,1418948.475166146
2026-03-25 17:15:00,1418948.475166146
2026-03-25 17:30:00,1418948.475166146
2026-03-25 17:45:00,1418948.475166146
2026-03-25 18:00:00,1418948.475166146
2026-03-25 18:15:00,1418948.475166146
2026-03-25 18:30:00,1418948.475166146
2026-03-25 18:45:00,1418948.475166146
2026-03-25 19:00:00,1418948.475166146
2026-03-25 19:15:00,1418948.475166146
2026-03-25 19:30:00,1418948.475166146
2026-03-25 19:45:00,1418948.475166146
2026-03-25 20:00:00,1418948.475166146
2026-03-25 20:15:00,1418948.475166146
2026-03-25 20:30:00,1418948.475166146
2026-03-25 20:45:00,1418948.475166146
2026-03-25 21:00:00,1418948.475166146
2026-03-25 21:15:00,1418948.475166146
2026-03-25 21:30:00,1418948.475166146
2026-03-25 21:45:00,1418948.475166146
2026-03-25 22:00:00,1418948.475166146
2026-03-25 22:15:00,1418948.475166146
2026-03-25 22:30:00,1418948.475166146
2026-03-25 22:45:00,1418948.475166146
2026-03-25 23:00:00,1418948.475166146
2026-03-25 23:15:00,1418948.475166146
2026-03-25 23:30:00,1418948.475166146
2026-03-25 23:45:00,1418948.475166146
2026-03-26 00:00:00,1418948.475166146
2026-03-26 00:15:00,1418948.475166146
2026-03-26 00:30:00,1418948.475166146
2026-03-26 00:45:00,1418948.475166146
2026-03-26 01:00:00,1418948.475166146
2026-03-26 01:15:00,1418948.475166146
2026-03-26 01:30:00,1418948.475166146
2026-03-26 01:45:00,1418948.475166146
2026-03-26 02:00:00,1418948.475166146
2026-03-26 02:15:00,1418948.475166146
2026-03-26 02:30:00,1418948.475166146
2026-03-26 02:45:00,1418948.475166146
2026-03-26 03:00:00,1418948.475166146
2026-03-26 03:15:00,1418948.475166146
2026-03-26 03:30:00,1418948.475166146
2026-03-26 03:45:00,1418948.475166146
2026-03-26 04:00:00,1418948.475166146
2026-03-26 04:15:00,1418948.475166146
2026-03-26 04:30:00,1418948.475166146
2026-03-26 04:45:00,1418948.475166146
2026-03-26 05:00:00,1418948.475166146
2026-03-26 05:15:00,1418948.475166146
2026-03-26 05:30:00,1418948.475166146
2026-03-26 05:45:00,1418948.475166146
2026-03-26 06:00:00,1418948.475166146
2026-03-26 06:15:00,1418948.475166146
2026-03-26 06:30:00,1418948.475166146
2026-03-26 06:45:00,1418948.475166146
2026-03-26 07:00:00,1418948.475166146
2026-03-26 07:15:00,1418948.475166146
2026-03-26 07:30:00,1418948.475166146
2026-03-26 07:45:00,1418948.475166146
2026-03-26 08:00:00,1418948.475166146
2026-03-26 08:15:00,1418948.475166146
2026-03-26 08:30:00,1418948.475166146
2026-03-26 08:45:00,1418948.475166146
2026-03-26 09:00:00,1418948.475166146
2026-03-26 09:15:00,1418948.475166146
2026-03-26 09:30:00,1418948.475166146
2026-03-26 09:45:00,1418948.475166146
2026-03-26 10:00:00,1418948.475166146
2026-03-26 10:15:00,1418948.475166146
2026-03-26 10:30:00,1418948.475166146
2026-03-26 10:45:00,1418948.475166146
2026-03-26 11:00:00,1418948.475166146
2026-03-26 11:15:00,1418948.475166146
2026-03-26 11:30:00,1418948.475166146
2026-03-26 11:45:00,1418948.475166146
2026-03-26 12:00:00,1418948.475166146
2026-03-26 12:15:00,1418948.475166146
2026-03-26 12:30:00,1418948.475166146
2026-03-26 12:45:00,1418948.475166146
2026-03-26 13:00:00,1418948.475166146
2026-03-26 13:15:00,1418948.475166146
2026-03-26 13:30:00,1418948.475166146
2026-03-26 13:45:00,1418948.475166146
2026-03-26 14:00:00,1418948.475166146
2026-03-26 14:15:00,1418948.475166146
2026-03-26 14:30:00,1418948.475166146
2026-03-26 14:45:00,1418948.475166146
2026-03-26 15:00:00,1418948.475166146
2026-03-26 15:15:00,1418948.475166146
2026-03-26 15:30:00,1418948.475166146
2026-03-26 15:45:00,1418948.475166146
2026-03-26 16:00:00,1418948.475166146
2026-03-26 16:15:00,1418948.475166146
2026-03-26 16:30:00,1418948.475166146
2026-03-26 16:45:00,1418948.475166146
2026-03-26 17:00:00,1418948.475166146
2026-03-26 17:15:00,1418948.475166146
2026-03-26 17:30:00,1418948.475166146
2026-03-26 17:45:00,1418948.475166146
2026-03-26 18:00:00,1418948.475166146
2026-03-26 18:15:00,1418948.475166146
2026-03-26 18:30:00,1418948.475166146
2026-03-26 18:45:00,1418948.475166146
2026-03-26 19:00:00,1418948.475166146
2026-03-26 19:15:00,1418948.475166146
2026-03-26 19:30:00,1418948.475166146
2026-03-26 19:45:00,1418948.475166146
2026-03-26 20:00:00,1418948.475166146
2026-03-26 20:15:00,1418948.475166146
2026-03-26 20:30:00,1418948.475166146
2026-03-26 20:45:00,1418948.475166146
2026-03-26 21:00:00,1418948.475166146
2026-03-26 21:15:00,1418948.475166146
2026-03-26 21:30:00,1418948.475166146
2026-03-26 21:45:00,1418948.475166146
2026-03-26 22:00:00,1418948.475166146
2026-03-26 22:15:00,1418948.475166146
2026-03-26 22:30:00,1418948.475166146
2026-03-26 22:45:00,1418948.475166146
2026-03-26 23:00:00,1418948.475166146
2026-03-26 23:15:00,1418948.475166146
2026-03-26 23:30:00,1418948.475166146
2026-03-26 23:45:00,1418948.475166146
2026-03-27 00:00:00,1418948.475166146
2026-03-27 00:15:00,1418948.475166146
2026-03-27 00:30:00,1418948.475166146
2026-03-27 00:45:00,1418948.475166146
2026-03-27 01:00:00,1418948.475166146
2026-03-27 01:15:00,1418948.475166146
2026-03-27 01:30:00,1418948.475166146
2026-03-27 01:45:00,1418948.475166146
2026-03-27 02:00:00,1418948.475166146
2026-03-27 02:15:00,1418948.475166146
2026-03-27 02:30:00,1418948.475166146
2026-03-27 02:45:00,1418948.475166146
2026-03-27 03:00:00,1418948.475166146
2026-03-27 03:15:00,1418948.475166146
2026-03-27 03:30:00,1418948.475166146
2026-03-27 03:45:00,1418948.475166146
2026-03-27 04:00:00,1418948.475166146
2026-03-27 04:15:00,1418948.475166146
2026-03-27 04:30:00,1418948.475166146
2026-03-27 04:45:00,1418948.475166146
2026-03-27 05:00:00,1418948.475166146
2026-03-27 05:15:00,1418948.475166146
2026-03-27 05:30:00,1418948.475166146
2026-03-27 05:45:00,1418948.475166146
2026-03-27 06:00:00,1418948.475166146
2026-03-27 06:15:00,1418948.475166146
2026-03-27 06:30:00,1418948.475166146
2026-03-27 06:45:00,1418948.475166146
2026-03-27 07:00:00,1418948.475166146
2026-03-27 07:15:00,1418948.475166146
2026-03-27 07:30:00,1418948.475166146
2026-03-27 07:45:00,1418948.475166146
2026-03-27 08:00:00,1418948.475166146
2026-03-27 08:15:00,1418948.475166146
2026-03-27 08:30:00,1418948.475166146
2026-03-27 08:45:00,1418948.475166146
2026-03-27 09:00:00,1418948.475166146
2026-03-27 09:15:00,1418948.475166146
2026-03-27 09:30:00,1418948.475166146
2026-03-27 09:45:00,1418948.475166146
2026-03-27 10:00:00,1418948.475166146
2026-03-27 10:15:00,1418948.475166146
2026-03-27 10:30:00,1418948.475166146
2026-03-27 10:45:00,1418948.475166146
2026-03-27 11:00:00,1418948.475166146
2026-03-27 11:15:00,1418948.475166146
2026-03-27 11:30:00,1418948.475166146
2026-03-27 11:45:00,1418948.475166146
2026-03-27 12:00:00,1418948.475166146
2026-03-27 12:15:00,1418948.475166146
2026-03-27 12:30:00,1418948.475166146
2026-03-27 12:45:00,1418948.475166146
2026-03-27 13:00:00,1418948.475166146
2026-03-27 13:15:00,1418948.475166146
2026-03-27 13:30:00,1418948.475166146
2026-03-27 13:45:00,1418948.475166146
2026-03-27 14:00:00,1418948.475166146
2026-03-27 14:15:00,1418948.475166146
2026-03-27 14:30:00,1418948.475166146
2026-03-27 14:45:00,1418948.475166146
2026-03-27 15:00:00,1418948.475166146
2026-03-27 15:15:00,1418948.475166146
2026-03-27 15:30:00,1418948.475166146
2026-03-27 15:45:00,1418948.475166146
2026-03-27 16:00:00,1418948.475166146
2026-03-27 16:15:00,1418948.475166146
2026-03-27 16:30:00,1418948.475166146
2026-03-27 16:45:00,1418948.475166146
2026-03-27 17:00:00,1418948.475166146
2026-03-27 17:15:00,1418948.475166146
2026-03-27 17:30:00,1418948.475166146
2026-03-27 17:45:00,1418948.475166146
2026-03-27 18:00:00,1418948.475166146
2026-03-27 18:15:00,1418948.475166146
2026-03-27 18:30:00,1418948.475166146
2026-03-27 18:45:00,1418948.475166146
2026-03-27 19:00:00,1418948.475166146
2026-03-27 19:15:00,1418948.475166146
2026-03-27 19:30:00,1418948.475166146
2026-03-27 19:45:00,1418948.475166146
2026-03-27 20:00:00,1418948.475166146
2026-03-27 20:15:00,1418948.475166146
2026-03-27 20:30:00,1418948.475166146
2026-03-27 20:45:00,1418948.475166146
2026-03-27 21:00:00,1418948.475166146
2026-03-27 21:15:00,1418948.475166146
2026-03-27 21:30:00,1418948.475166146
2026-03-27 21:45:00,1418948.475166146
2026-03-27 22:00:00,1418948.475166146
2026-03-27 22:15:00,1418948.475166146
2026-03-27 22:30:00,1418948.475166146
2026-03-27 22:45:00,1418948.475166146
2026-03-27 23:00:00,1418948.475166146
2026-03-27 23:15:00,1418948.475166146
2026-03-27 23:30:00,1418948.475166146
2026-03-27 23:45:00,1418948.475166146
2026-03-30 00:00:00,1418948.475166146
2026-03-30 00:15:00,1418948.475166146
2026-03-30 00:30:00,1418948.475166146
2026-03-30 00:45:00,1418948.475166146
2026-03-30 01:00:00,1418948.475166146
2026-03-30 01:15:00,1418948.475166146
2026-03-30 01:30:00,1418948.475166146
2026-03-30 01:45:00,1418948.475166146
2026-03-30 02:00:00,1418948.475166146
2026-03-30 02:15:00,1418948.475166146
2026-03-30 02:30:00,1418948.475166146
2026-03-30 02:45:00,1418948.475166146
2026-03-30 03:00:00,1418948.475166146
2026-03-30 03:15:00,1418948.475166146
2026-03-30 03:30:00,1418948.475166146
2026-03-30 03:45:00,1418948.475166146
2026-03-30 04:00:00,1418948.475166146
2026-03-30 04:15:00,1418948.475166146
2026-03-30 04:30:00,1418948.475166146
2026-03-30 04:45:00,1418948.475166146
2026-03-30 05:00:00,1418948.475166146
2026-03-30 05:15:00,1418948.475166146
2026-03-30 05:30:00,1418948.475166146
2026-03-30 05:45:00,1418948.475166146
2026-03-30 06:00:00,1418948.475166146
2026-03-30 06:15:00,1418948.475166146
2026-03-30 06:30:00,1418948.475166146
2026-03-30 06:45:00,1418948.475166146
2026-03-30 07:00:00,1418948.475166146
2026-03-30 07:15:00,1418948.475166146
2026-03-30 07:30:00,1418948.475166146
2026-03-30 07:45:00,1418948.475166146
2026-03-30 08:00:00,1418948.475166146
2026-03-30 08:15:00,1418948.475166146
2026-03-30 08:30:00,1418948.475166146
2026-03-30 08:45:00,1418948.475166146
2026-03-30 09:00:00,1418948.475166146
2026-03-30 09:15:00,1418948.475166146
2026-03-30 09:30:00,1418948.475166146
2026-03-30 09:45:00,1418948.475166146
2026-03-30 10:00:00,1418948.475166146
2026-03-30 10:15:00,1418948.475166146
2026-03-30 10:30:00,1418948.475166146
2026-03-30 10:45:00,1418948.475166146
2026-03-30 11:00:00,1418948.475166146
2026-03-30 11:15:00,1418948.475166146
2026-03-30 11:30:00,1418948.475166146
2026-03-30 11:45:00,1418948.475166146
2026-03-30 12:00:00,1418948.475166146
2026-03-30 12:15:00,1418948.475166146
2026-03-30 12:30:00,1418948.475166146
2026-03-30 12:45:00,1418948.475166146
2026-03-30 13:00:00,1418948.475166146
2026-03-30 13:15:00,1418948.475166146
2026-03-30 13:30:00,1418948.475166146
2026-03-30 13:45:00,1418948.475166146
2026-03-30 14:00:00,1418948.475166146
2026-03-30 14:15:00,1418948.475166146
2026-03-30 14:30:00,1418948.475166146
2026-03-30 14:45:00,1418948.475166146
2026-03-30 15:00:00,1418948.475166146
2026-03-30 15:15:00,1418948.475166146
2026-03-30 15:30:00,1418948.475166146
2026-03-30 15:45:00,1418948.475166146
2026-03-30 16:00:00,1418948.475166146
2026-03-30 16:15:00,1418948.475166146
2026-03-30 16:30:00,1418948.475166146
2026-03-30 16:45:00,1418948.475166146
2026-03-30 17:00:00,1418948.475166146
2026-03-30 17:15:00,1418948.475166146
2026-03-30 17:30:00,1418948.475166146
2026-03-30 17:45:00,1418948.475166146
2026-03-30 18:00:00,1418948.475166146
2026-03-30 18:15:00,1418948.475166146
2026-03-30 18:30:00,1418948.475166146
2026-03-30 18:45:00,1418948.475166146
2026-03-30 19:00:00,1418948.475166146
2026-03-30 19:15:00,1418948.475166146
2026-03-30 19:30:00,1418948.475166146
2026-03-30 19:45:00,1418948.475166146
2026-03-30 20:00:00,1418948.475166146
2026-03-30 20:15:00,1418948.475166146
2026-03-30 20:30:00,1418948.475166146
2026-03-30 20:45:00,1418948.475166146
2026-03-30 21:00:00,1418948.475166146
2026-03-30 21:15:00,1418948.475166146
2026-03-30 21:30:00,1418948.475166146
2026-03-30 21:45:00,1418948.475166146
2026-03-30 22:00:00,1418948.475166146
2026-03-30 22:15:00,1418948.475166146
2026-03-30 22:30:00,1418948.475166146
2026-03-30 22:45:00,1418948.475166146
2026-03-30 23:00:00,1418948.475166146
2026-03-30 23:15:00,1418948.475166146
2026-03-30 23:30:00,1418948.475166146
2026-03-30 23:45:00,1418948.475166146
2026-03-31 00:00:00,1418948.475166146
2026-03-31 00:15:00,1418948.475166146
2026-03-31 00:30:00,1418948.475166146
2026-03-31 00:45:00,1418948.475166146
2026-03-31 01:00:00,1418948.475166146
2026-03-31 01:15:00,1418948.475166146
2026-03-31 01:30:00,1418948.475166146
2026-03-31 01:45:00,1418948.475166146
2026-03-31 02:00:00,1418948.475166146
2026-03-31 02:15:00,1418948.475166146
2026-03-31 02:30:00,1418948.475166146
2026-03-31 02:45:00,1418948.475166146
2026-03-31 03:00:00,1418948.475166146
2026-03-31 03:15:00,1418948.475166146
2026-03-31 03:30:00,1418948.475166146
2026-03-31 03:45:00,1418948.475166146
2026-03-31 04:00:00,1418948.475166146
2026-03-31 04:15:00,1418948.475166146
2026-03-31 04:30:00,1418948.475166146
2026-03-31 04:45:00,1418948.475166146
2026-03-31 05:00:00,1418948.475166146
2026-03-31 05:15:00,1418948.475166146
2026-03-31 05:30:00,1418948.475166146
2026-03-31 05:45:00,1418948.475166146
2026-03-31 06:00:00,1418948.475166146
2026-03-31 06:15:00,1418948.475166146
2026-03-31 06:30:00,1418948.475166146
2026-03-31 06:45:00,1418948.475166146
2026-03-31 07:00:00,1418948.475166146
2026-03-31 07:15:00,1418948.475166146
2026-03-31 07:30:00,1418948.475166146
2026-03-31 07:45:00,1418948.475166146
2026-03-31 08:00:00,1418948.475166146
2026-03-31 08:15:00,1418948.475166146
2026-03-31 08:30:00,1418948.475166146
2026-03-31 08:45:00,1418948.475166146
2026-03-31 09:00:00,1418948.475166146
2026-03-31 09:15:00,1418948.475166146
2026-03-31 09:30:00,1418948.475166146
2026-03-31 09:45:00,1418948.475166146
2026-03-31 10:00:00,1418948.475166146
2026-03-31 10:15:00,1418948.475166146
2026-03-31 10:30:00,1418948.475166146
2026-03-31 10:45:00,1418948.475166146
2026-03-31 11:00:00,1418948.475166146
2026-03-31 11:15:00,1418948.475166146
2026-03-31 11:30:00,1418948.475166146
2026-03-31 11:45:00,1418948.475166146
2026-03-31 12:00:00,1418948.475166146
2026-03-31 12:15:00,1418948.475166146
2026-03-31 12:30:00,1418948.475166146
2026-03-31 12:45:00,1418948.475166146
2026-03-31 13:00:00,1418948.475166146
2026-03-31 13:15:00,1418948.475166146
2026-03-31 13:30:00,1418948.475166146
2026-03-31 13:45:00,1418948.475166146
2026-03-31 14:00:00,1418948.475166146
2026-03-31 14:15:00,1418948.475166146
2026-03-31 14:30:00,1418948.475166146
2026-03-31 14:45:00,1418948.475166146
2026-03-31 15:00:00,1418948.475166146
2026-03-31 15:15:00,1418948.475166146
2026-03-31 15:30:00,1418948.475166146
2026-03-31 15:45:00,1418948.475166146
2026-03-31 16:00:00,1418948.475166146
2026-03-31 16:15:00,1418948.475166146
2026-03-31 16:30:00,1418948.475166146
2026-03-31 16:45:00,1418948.475166146
2026-03-31 17:00:00,1418948.475166146
2026-03-31 17:15:00,1418948.475166146
2026-03-31 17:30:00,1418948.475166146
2026-03-31 17:45:00,1418948.475166146
2026-03-31 18:00:00,1418948.475166146
2026-03-31 18:15:00,1418948.475166146
2026-03-31 18:30:00,1418948.475166146
2026-03-31 18:45:00,1418948.475166146
2026-03-31 19:00:00,1418948.475166146
2026-03-31 19:15:00,1418948.475166146
2026-03-31 19:30:00,1418948.475166146
2026-03-31 19:45:00,1418948.475166146
2026-03-31 20:00:00,1418948.475166146
2026-03-31 20:15:00,1418948.475166146
2026-03-31 20:30:00,1418948.475166146
2026-03-31 20:45:00,1418948.475166146
2026-03-31 21:00:00,1418948.475166146
2026-03-31 21:15:00,1418948.475166146
2026-03-31 21:30:00,1418948.475166146
2026-03-31 21:45:00,1418948.475166146
2026-03-31 22:00:00,1418948.475166146
2026-03-31 22:15:00,1418948.475166146
2026-03-31 22:30:00,1418948.475166146
2026-03-31 22:45:00,1418948.475166146
2026-03-31 23:00:00,1418948.475166146
2026-03-31 23:15:00,1418948.475166146
2026-03-31 23:30:00,1418948.475166146
2026-03-31 23:45:00,1418948.475166146
2026-04-01 00:00:00,1418948.475166146
2026-04-01 00:15:00,1418948.475166146
2026-04-01 00:30:00,1418948.475166146
2026-04-01 00:45:00,1418948.475166146
2026-04-01 01:00:00,1418948.475166146
2026-04-01 01:15:00,1418948.475166146
2026-04-01 01:30:00,1418948.475166146
2026-04-01 01:45:00,1418948.475166146
2026-04-01 02:00:00,1418948.475166146
2026-04-01 02:15:00,1418948.475166146
2026-04-01 02:30:00,1418948.475166146
2026-04-01 02:45:00,1418948.475166146
2026-04-01 03:00:00,1418948.475166146
2026-04-01 03:15:00,1418948.475166146
2026-04-01 03:30:00,1418948.475166146
2026-04-01 03:45:00,1418948.475166146
2026-04-01 04:00:00,1418948.475166146
2026-04-01 04:15:00,1418948.475166146
2026-04-01 04:30:00,1418948.475166146
2026-04-01 04:45:00,1418948.475166146
2026-04-01 05:00:00,1418948.475166146
2026-04-01 05:15:00,1418948.475166146
2026-04-01 05:30:00,1418948.475166146
2026-04-01 05:45:00,1418948.475166146
2026-04-01 06:00:00,1418948.475166146
2026-04-01 06:15:00,1418948.475166146
2026-04-01 06:30:00,1418948.475166146
2026-04-01 06:45:00,1418948.475166146
2026-04-01 07:00:00,1418948.475166146
2026-04-01 07:15:00,1418948.475166146
2026-04-01 07:30:00,1418948.475166146
2026-04-01 07:45:00,1418948.475166146
2026-04-01 08:00:00,1418948.475166146
2026-04-01 08:15:00,1418948.475166146
2026-04-01 08:30:00,1418948.475166146
2026-04-01 08:45:00,1418948.475166146
2026-04-01 09:00:00,1418948.475166146
2026-04-01 09:15:00,1418948.475166146
2026-04-01 09:30:00,1418948.475166146
2026-04-01 09:45:00,1418948.475166146
2026-04-01 10:00:00,1418948.475166146
2026-04-01 10:15:00,1418948.475166146
2026-04-01 10:30:00,1418948.475166146
2026-04-01 10:45:00,1418948.475166146
2026-04-01 11:00:00,1418948.475166146
2026-04-01 11:15:00,1418948.475166146
2026-04-01 11:30:00,1418948.475166146
2026-04-01 11:45:00,1418948.475166146
2026-04-01 12:00:00,1418948.475166146
2026-04-01 12:15:00,1418948.475166146
2026-04-01 12:30:00,1418948.475166146
2026-04-01 12:45:00,1418948.475166146
2026-04-01 13:00:00,1418948.475166146
2026-04-01 13:15:00,1418948.475166146
2026-04-01 13:30:00,1418948.475166146
2026-04-01 13:45:00,1418948.475166146
2026-04-01 14:00:00,1418948.475166146
2026-04-01 14:15:00,1418948.475166146
2026-04-01 14:30:00,1418948.475166146
2026-04-01 14:45:00,1418948.475166146
2026-04-01 15:00:00,1418948.475166146
2026-04-01 15:15:00,1418948.475166146
2026-04-01 15:30:00,1418948.475166146
2026-04-01 15:45:00,1418948.475166146
2026-04-01 16:00:00,1418948.475166146
2026-04-01 16:15:00,1418948.475166146
2026-04-01 16:30:00,1418948.475166146
2026-04-01 16:45:00,1418948.475166146
2026-04-01 17:00:00,1418948.475166146
2026-04-01 17:15:00,1418948.475166146
2026-04-01 17:30:00,1418948.475166146
2026-04-01 17:45:00,1418948.475166146
2026-04-01 18:00:00,1418948.475166146
2026-04-01 18:15:00,1418948.475166146
2026-04-01 18:30:00,1418948.475166146
2026-04-01 18:45:00,1418948.475166146
2026-04-01 19:00:00,1418948.475166146
2026-04-01 19:15:00,1418948.475166146
2026-04-01 19:30:00,1418948.475166146
2026-04-01 19:45:00,1418948.475166146
2026-04-01 20:00:00,1418948.475166146
2026-04-01 20:15:00,1418948.475166146
2026-04-01 20:30:00,1418948.475166146
2026-04-01 20:45:00,1418948.475166146
2026-04-01 21:00:00,1418948.475166146
2026-04-01 21:15:00,1418948.475166146
2026-04-01 21:30:00,1418948.475166146
2026-04-01 21:45:00,1418948.475166146
2026-04-01 22:00:00,1418948.475166146
2026-04-01 22:15:00,1418948.475166146
2026-04-01 22:30:00,1418948.475166146
2026-04-01 22:45:00,1418948.475166146
2026-04-01 23:00:00,1418948.475166146
2026-04-01 23:15:00,1418948.475166146
2026-04-01 23:30:00,1418948.475166146
2026-04-01 23:45:00,1418948.475166146
2026-04-02 00:00:00,1418948.475166146
2026-04-02 00:15:00,1418948.475166146
2026-04-02 00:30:00,1418948.475166146
2026-04-02 00:45:00,1418948.475166146
2026-04-02 01:00:00,1418948.475166146
2026-04-02 01:15:00,1418948.475166146
2026-04-02 01:30:00,1418948.475166146
2026-04-02 01:45:00,1418948.475166146
2026-04-02 02:00:00,1418948.475166146
2026-04-02 02:15:00,1418948.475166146
2026-04-02 02:30:00,1418948.475166146
2026-04-02 02:45:00,1418948.475166146
2026-04-02 03:00:00,1418948.475166146
2026-04-02 03:15:00,1418948.475166146
2026-04-02 03:30:00,1418948.475166146
2026-04-02 03:45:00,1418948.475166146
2026-04-02 04:00:00,1418948.475166146
2026-04-02 04:15:00,1418948.475166146
2026-04-02 04:30:00,1418948.475166146
2026-04-02 04:45:00,1418948.475166146
2026-04-02 05:00:00,1418948.475166146
2026-04-02 05:15:00,1418948.475166146
2026-04-02 05:30:00,1418948.475166146
2026-04-02 05:45:00,1418948.475166146
2026-04-02 06:00:00,1418948.475166146
2026-04-02 06:15:00,1418948.475166146
2026-04-02 06:30:00,1418948.475166146
2026-04-02 06:45:00,1418948.475166146
2026-04-02 07:00:00,1418948.475166146
2026-04-02 07:15:00,1418948.475166146
2026-04-02 07:30:00,1418948.475166146
2026-04-02 07:45:00,1418948.475166146
2026-04-02 08:00:00,1418948.475166146
2026-04-02 08:15:00,1418948.475166146
2026-04-02 08:30:00,1418948.475166146
2026-04-02 08:45:00,1418948.475166146
2026-04-02 09:00:00,1418948.475166146
2026-04-02 09:15:00,1418948.475166146
2026-04-02 09:30:00,1418948.475166146
2026-04-02 09:45:00,1418948.475166146
2026-04-02 10:00:00,1418948.475166146
2026-04-02 10:15:00,1418948.475166146
2026-04-02 10:30:00,1418948.475166146
2026-04-02 10:45:00,1418948.475166146
2026-04-02 11:00:00,1418948.475166146
2026-04-02 11:15:00,1418948.475166146
2026-04-02 11:30:00,1418948.475166146
2026-04-02 11:45:00,1418948.475166146
2026-04-02 12:00:00,1418948.475166146
2026-04-02 12:15:00,1418948.475166146
2026-04-02 12:30:00,1418948.475166146
2026-04-02 12:45:00,1418948.475166146
2026-04-02 13:00:00,1418948.475166146
2026-04-02 13:15:00,1418948.475166146
2026-04-02 13:30:00,1418948.475166146
2026-04-02 13:45:00,1418948.475166146
2026-04-02 14:00:00,1418948.475166146
2026-04-02 14:15:00,1418948.475166146
2026-04-02 14:30:00,1418948.475166146
2026-04-02 14:45:00,1418948.475166146
2026-04-02 15:00:00,1418948.475166146
2026-04-02 15:15:00,1418948.475166146
2026-04-02 15:30:00,1418948.475166146
2026-04-02 15:45:00,1418948.475166146
2026-04-02 16:00:00,1418948.475166146
2026-04-02 16:15:00,1418948.475166146
2026-04-02 16:30:00,1418948.475166146
2026-04-02 16:45:00,1418948.475166146
2026-04-02 17:00:00,1418948.475166146
2026-04-02 17:15:00,1418948.475166146
2026-04-02 17:30:00,1418948.475166146
2026-04-02 17:45:00,1418948.475166146
2026-04-02 18:00:00,1418948.475166146
2026-04-02 18:15:00,1418948.475166146
2026-04-02 18:30:00,1418948.475166146
2026-04-02 18:45:00,1418948.475166146
2026-04-02 19:00:00,1418948.475166146
2026-04-02 19:15:00,1418948.475166146
2026-04-02 19:30:00,1418948.475166146
2026-04-02 19:45:00,1418948.475166146
2026-04-02 20:00:00,1418948.475166146
2026-04-02 20:15:00,1418948.475166146
2026-04-02 20:30:00,1418948.475166146
2026-04-02 20:45:00,1418948.475166146
2026-04-02 21:00:00,1418948.475166146
2026-04-02 21:15:00,1418948.475166146
2026-04-02 21:30:00,1418948.475166146
2026-04-02 21:45:00,1418948.475166146
2026-04-02 22:00:00,1418948.475166146
2026-04-02 22:15:00,1418948.475166146
2026-04-02 22:30:00,1418948.475166146
2026-04-02 22:45:00,1418948.475166146
2026-04-02 23:00:00,1418948.475166146
2026-04-02 23:15:00,1418948.475166146
2026-04-02 23:30:00,1418948.475166146
2026-04-02 23:45:00,1418948.475166146
2026-04-03 00:00:00,1418948.475166146
2026-04-03 00:15:00,1418948.475166146
2026-04-03 00:30:00,1418948.475166146
2026-04-03 00:45:00,1418948.475166146
2026-04-03 01:00:00,1418948.475166146
2026-04-03 01:15:00,1418948.475166146
2026-04-03 01:30:00,1418948.475166146
2026-04-03 01:45:00,1418948.475166146
2026-04-03 02:00:00,1418948.475166146
2026-04-03 02:15:00,1418948.475166146
2026-04-03 02:30:00,1418948.475166146
2026-04-03 02:45:00,1418948.475166146
2026-04-03 03:00:00,1418948.475166146
2026-04-03 03:15:00,1418948.475166146
2026-04-03 03:30:00,1418948.475166146
2026-04-03 03:45:00,1418948.475166146
2026-04-03 04:00:00,1418948.475166146
2026-04-03 04:15:00,1418948.475166146
2026-04-03 04:30:00,1418948.475166146
2026-04-03 04:45:00,1418948.475166146
2026-04-03 05:00:00,1418948.475166146
2026-04-03 05:15:00,1418948.475166146
2026-04-03 05:30:00,1418948.475166146
2026-04-03 05:45:00,1418948.475166146
2026-04-03 06:00:00,1418948.475166146
2026-04-03 06:15:00,1418948.475166146
2026-04-03 06:30:00,1418948.475166146
2026-04-03 06:45:00,1418948.475166146
2026-04-03 07:00:00,1418948.475166146
2026-04-03 07:15:00,1418948.475166146
2026-04-03 07:30:00,1418948.475166146
2026-04-03 07:45:00,1418948.475166146
2026-04-03 08:00:00,1418948.475166146
2026-04-03 08:15:00,1418948.475166146
2026-04-03 08:30:00,1418948.475166146
2026-04-03 08:45:00,1418948.475166146
2026-04-03 09:00:00,1418948.475166146
2026-04-03 09:15:00,1418948.475166146
2026-04-03 09:30:00,1418948.475166146
2026-04-03 09:45:00,1418948.475166146
2026-04-03 10:00:00,1418948.475166146
2026-04-03 10:15:00,1418948.475166146
2026-04-03 10:30:00,1418948.475166146
2026-04-03 10:45:00,1418948.475166146
2026-04-03 11:00:00,1418948.475166146
2026-04-03 11:15:00,1418948.475166146
2026-04-03 11:30:00,1418948.475166146
2026-04-03 11:45:00,1418948.475166146
2026-04-03 12:00:00,1418948.475166146
2026-04-03 12:15:00,1418948.475166146
2026-04-03 12:30:00,1418948.475166146
2026-04-03 12:45:00,1418948.475166146
2026-04-03 13:00:00,1418948.475166146
2026-04-03 13:15:00,1418948.475166146
2026-04-03 13:30:00,1418948.475166146
2026-04-03 13:45:00,1418948.475166146
2026-04-03 14:00:00,1418948.475166146
2026-04-03 14:15:00,1418948.475166146
2026-04-03 14:30:00,1418948.475166146
2026-04-03 14:45:00,1418948.475166146
2026-04-03 15:00:00,1418948.475166146
2026-04-03 15:15:00,1418948.475166146
2026-04-03 15:30:00,1418948.475166146
2026-04-03 15:45:00,1418948.475166146
2026-04-03 16:00:00,1418948.475166146
2026-04-03 16:15:00,1418948.475166146
2026-04-03 16:30:00,1418948.475166146
2026-04-03 16:45:00,1418948.475166146
2026-04-03 17:00:00,1418948.475166146
2026-04-03 17:15:00,1418948.475166146
2026-04-03 17:30:00,1418948.475166146
2026-04-03 17:45:00,1418948.475166146
2026-04-03 18:00:00,1418948.475166146
2026-04-03 18:15:00,1418948.475166146
2026-04-03 18:30:00,1418948.475166146
2026-04-03 18:45:00,1418948.475166146
2026-04-03 19:00:00,1418948.475166146
2026-04-03 19:15:00,1418948.475166146
2026-04-03 19:30:00,1418948.475166146
2026-04-03 19:45:00,1418948.475166146
2026-04-03 20:00:00,1418948.475166146
2026-04-03 20:15:00,1418948.475166146
2026-04-03 20:30:00,1418948.475166146
2026-04-03 20:45:00,1418948.475166146
2026-04-03 21:00:00,1418948.475166146
2026-04-03 21:15:00,1418948.475166146
2026-04-03 21:30:00,1418948.475166146
2026-04-03 21:45:00,1418948.475166146
2026-04-03 22:00:00,1418948.475166146
2026-04-03 22:15:00,1418948.475166146
2026-04-03 22:30:00,1418948.475166146
2026-04-03 22:45:00,1418948.475166146
2026-04-03 23:00:00,1418948.475166146
2026-04-03 23:15:00,1418948.475166146
2026-04-03 23:30:00,1418948.475166146
2026-04-03 23:45:00,1418948.475166146
2026-04-06 00:00:00,1418948.475166146
2026-04-06 00:15:00,1418948.475166146
2026-04-06 00:30:00,1418948.475166146
2026-04-06 00:45:00,1418948.475166146
2026-04-06 01:00:00,1418948.475166146
2026-04-06 01:15:00,1418948.475166146
2026-04-06 01:30:00,1418948.475166146
2026-04-06 01:45:00,1418948.475166146
2026-04-06 02:00:00,1418948.475166146
2026-04-06 02:15:00,1418948.475166146
2026-04-06 02:30:00,1418948.475166146
2026-04-06 02:45:00,1418948.475166146
2026-04-06 03:00:00,1418948.475166146
2026-04-06 03:15:00,1418948.475166146
2026-04-06 03:30:00,1418948.475166146
2026-04-06 03:45:00,1418948.475166146
2026-04-06 04:00:00,1418948.475166146
2026-04-06 04:15:00,1418948.475166146
2026-04-06 04:30:00,1418948.475166146
2026-04-06 04:45:00,1418948.475166146
2026-04-06 05:00:00,1418948.475166146
2026-04-06 05:15:00,1418948.475166146
2026-04-06 05:30:00,1418948.475166146
2026-04-06 05:45:00,1418948.475166146
2026-04-06 06:00:00,1418948.475166146
2026-04-06 06:15:00,1418948.475166146
2026-04-06 06:30:00,1418948.475166146
2026-04-06 06:45:00,1418948.475166146
2026-04-06 07:00:00,1418948.475166146
2026-04-06 07:15:00,1418948.475166146
2026-04-06 07:30:00,1418948.475166146
2026-04-06 07:45:00,1418948.475166146
2026-04-06 08:00:00,1418948.475166146
2026-04-06 08:15:00,1418948.475166146
2026-04-06 08:30:00,1418948.475166146
2026-04-06 08:45:00,1418948.475166146
2026-04-06 09:00:00,1418948.475166146
2026-04-06 09:15:00,1418948.475166146
2026-04-06 09:30:00,1418948.475166146
2026-04-06 09:45:00,1418948.475166146
2026-04-06 10:00:00,1418948.475166146
2026-04-06 10:15:00,1418948.475166146
2026-04-06 10:30:00,1418948.475166146
2026-04-06 10:45:00,1418948.475166146
2026-04-06 11:00:00,1418948.475166146
2026-04-06 11:15:00,1418948.475166146
2026-04-06 11:30:00,1418948.475166146
2026-04-06 11:45:00,1418948.475166146
2026-04-06 12:00:00,1418948.475166146
2026-04-06 12:15:00,1418948.475166146
2026-04-06 12:30:00,1418948.475166146
2026-04-06 12:45:00,1418948.475166146
2026-04-06 13:00:00,1418948.475166146
2026-04-06 13:15:00,1418948.475166146
2026-04-06 13:30:00,1418948.475166146
2026-04-06 13:45:00,1418948.475166146
2026-04-06 14:00:00,1418948.475166146
2026-04-06 14:15:00,1418948.475166146
2026-04-06 14:30:00,1418948.475166146
2026-04-06 14:45:00,1418948.475166146
2026-04-06 15:00:00,1418948.475166146
2026-04-06 15:15:00,1418948.475166146
2026-04-06 15:30:00,1418948.475166146
2026-04-06 15:45:00,1418948.475166146
2026-04-06 16:00:00,1418948.475166146
2026-04-06 16:15:00,1418948.475166146
2026-04-06 16:30:00,1418948.475166146
2026-04-06 16:45:00,1418948.475166146
2026-04-06 17:00:00,1418948.475166146
2026-04-06 17:15:00,1418948.475166146
2026-04-06 17:30:00,1418948.475166146
2026-04-06 17:45:00,1418948.475166146
2026-04-06 18:00:00,1418948.475166146
2026-04-06 18:15:00,1418948.475166146
2026-04-06 18:30:00,1418948.475166146
2026-04-06 18:45:00,1418948.475166146
2026-04-06 19:00:00,1418948.475166146
2026-04-06 19:15:00,1418948.475166146
2026-04-06 19:30:00,1418948.475166146
2026-04-06 19:45:00,1418948.475166146
2026-04-06 20:00:00,1418948.475166146
2026-04-06 20:15:00,1418948.475166146
2026-04-06 20:30:00,1418948.475166146
2026-04-06 20:45:00,1418948.475166146
2026-04-06 21:00:00,1418948.475166146
2026-04-06 21:15:00,1418948.475166146
2026-04-06 21:30:00,1418948.475166146
2026-04-06 21:45:00,1418948.475166146
2026-04-06 22:00:00,1418948.475166146
2026-04-06 22:15:00,1418948.475166146
2026-04-06 22:30:00,1418948.475166146
2026-04-06 22:45:00,1418948.475166146
2026-04-06 23:00:00,1418948.475166146
2026-04-06 23:15:00,1418948.475166146
2026-04-06 23:30:00,1418948.475166146
2026-04-06 23:45:00,1418948.475166146
2026-04-07 00:00:00,1418948.475166146
2026-04-07 00:15:00,1418948.475166146
2026-04-07 00:30:00,1418948.475166146
2026-04-07 00:45:00,1418948.475166146
2026-04-07 01:00:00,1418948.475166146
2026-04-07 01:15:00,1418948.475166146
2026-04-07 01:30:00,1418948.475166146
2026-04-07 01:45:00,1418948.475166146
2026-04-07 02:00:00,1418948.475166146
2026-04-07 02:15:00,1418948.475166146
2026-04-07 02:30:00,1418948.475166146
2026-04-07 02:45:00,1418948.475166146
2026-04-07 03:00:00,1418948.475166146
2026-04-07 03:15:00,1418948.475166146
2026-04-07 03:30:00,1418948.475166146
2026-04-07 03:45:00,1418948.475166146
2026-04-07 04:00:00,1418948.475166146
2026-04-07 04:15:00,1418948.475166146
2026-04-07 04:30:00,1418948.475166146
2026-04-07 04:45:00,1418948.475166146
2026-04-07 05:00:00,1418948.475166146
2026-04-07 05:15:00,1418948.475166146
2026-04-07 05:30:00,1418948.475166146
2026-04-07 05:45:00,1418948.475166146
2026-04-07 06:00:00,1418948.475166146
2026-04-07 06:15:00,1418948.475166146
2026-04-07 06:30:00,1418948.475166146
2026-04-07 06:45:00,1418948.475166146
2026-04-07 07:00:00,1418948.475166146
2026-04-07 07:15:00,1418948.475166146
2026-04-07 07:30:00,1418948.475166146
2026-04-07 07:45:00,1418948.475166146
2026-04-07 08:00:00,1418948.475166146
2026-04-07 08:15:00,1418948.475166146
2026-04-07 08:30:00,1418948.475166146
2026-04-07 08:45:00,1418948.475166146
2026-04-07 09:00:00,1418948.475166146
2026-04-07 09:15:00,1418948.475166146
2026-04-07 09:30:00,1418948.475166146
2026-04-07 09:45:00,1418948.475166146
2026-04-07 10:00:00,1418948.475166146
2026-04-07 10:15:00,1418948.475166146
2026-04-07 10:30:00,1418948.475166146
2026-04-07 10:45:00,1418948.475166146
2026-04-07 11:00:00,1418948.475166146
2026-04-07 11:15:00,1418948.475166146
2026-04-07 11:30:00,1418948.475166146
2026-04-07 11:45:00,1418948.475166146
2026-04-07 12:00:00,1418948.475166146
2026-04-07 12:15:00,1418948.475166146
2026-04-07 12:30:00,1418948.475166146
2026-04-07 12:45:00,1418948.475166146
2026-04-07 13:00:00,1418948.475166146
2026-04-07 13:15:00,1418948.475166146
2026-04-07 13:30:00,1418948.475166146
2026-04-07 13:45:00,1418948.475166146
2026-04-07 14:00:00,1418948.475166146
2026-04-07 14:15:00,1418948.475166146
2026-04-07 14:30:00,1418948.475166146
2026-04-07 14:45:00,1418948.475166146
2026-04-07 15:00:00,1418948.475166146
2026-04-07 15:15:00,1418948.475166146
2026-04-07 15:30:00,1418948.475166146
2026-04-07 15:45:00,1418948.475166146
2026-04-07 16:00:00,1418948.475166146
2026-04-07 16:15:00,1418948.475166146
2026-04-07 16:30:00,1418948.475166146
2026-04-07 16:45:00,1418948.475166146
2026-04-07 17:00:00,1418948.475166146
2026-04-07 17:15:00,1418948.475166146
2026-04-07 17:30:00,1418948.475166146
2026-04-07 17:45:00,1418948.475166146
2026-04-07 18:00:00,1418948.475166146
2026-04-07 18:15:00,1418948.475166146
2026-04-07 18:30:00,1418948.475166146
2026-04-07 18:45:00,1418948.475166146
2026-04-07 19:00:00,1418948.475166146
2026-04-07 19:15:00,1418948.475166146
2026-04-07 19:30:00,1418948.475166146
2026-04-07 19:45:00,1418948.475166146
2026-04-07 20:00:00,1418948.475166146
2026-04-07 20:15:00,1418948.475166146
2026-04-07 20:30:00,1418948.475166146
2026-04-07 20:45:00,1418948.475166146
2026-04-07 21:00:00,1418948.475166146
2026-04-07 21:15:00,1418948.475166146
2026-04-07 21:30:00,1418948.475166146
2026-04-07 21:45:00,1418948.475166146
2026-04-07 22:00:00,1418948.475166146
2026-04-07 22:15:00,1418948.475166146
2026-04-07 22:30:00,1418948.475166146
2026-04-07 22:45:00,1418948.475166146
2026-04-07 23:00:00,1418948.475166146
2026-04-07 23:15:00,1418948.475166146
2026-04-07 23:30:00,1418948.475166146
2026-04-07 23:45:00,1418948.475166146
2026-04-08 00:00:00,1418948.475166146
2026-04-08 00:15:00,1418948.475166146
2026-04-08 00:30:00,1418948.475166146
2026-04-08 00:45:00,1418948.475166146
2026-04-08 01:00:00,1418948.475166146
2026-04-08 01:15:00,1418948.475166146
2026-04-08 01:30:00,1418948.475166146
2026-04-08 01:45:00,1418948.475166146
2026-04-08 02:00:00,1418948.475166146
2026-04-08 02:15:00,1418948.475166146
2026-04-08 02:30:00,1418948.475166146
2026-04-08 02:45:00,1418948.475166146
2026-04-08 03:00:00,1418948.475166146
2026-04-08 03:15:00,1418948.475166146
2026-04-08 03:30:00,1418948.475166146
2026-04-08 03:45:00,1418948.475166146
2026-04-08 04:00:00,1418948.475166146
2026-04-08 04:15:00,1418948.475166146
2026-04-08 04:30:00,1418948.475166146
2026-04-08 04:45:00,1418948.475166146
2026-04-08 05:00:00,1418948.475166146
2026-04-08 05:15:00,1418948.475166146
2026-04-08 05:30:00,1418948.475166146
2026-04-08 05:45:00,1418948.475166146
2026-04-08 06:00:00,1418948.475166146
2026-04-08 06:15:00,1418948.475166146
2026-04-08 06:30:00,1418948.475166146
2026-04-08 06:45:00,1418948.475166146
2026-04-08 07:00:00,1418948.475166146
2026-04-08 07:15:00,1418948.475166146
2026-04-08 07:30:00,1418948.475166146
2026-04-08 07:45:00,1418948.475166146
2026-04-08 08:00:00,1418948.475166146
2026-04-08 08:15:00,1418948.475166146
2026-04-08 08:30:00,1418948.475166146
2026-04-08 08:45:00,1418948.475166146
2026-04-08 09:00:00,1418948.475166146
2026-04-08 09:15:00,1418948.475166146
2026-04-08 09:30:00,1418948.475166146
2026-04-08 09:45:00,1418948.475166146
2026-04-08 10:00:00,1418948.475166146
2026-04-08 10:15:00,1418948.475166146
2026-04-08 10:30:00,1418948.475166146
2026-04-08 10:45:00,1418948.475166146
2026-04-08 11:00:00,1418948.475166146
2026-04-08 11:15:00,1418948.475166146
2026-04-08 11:30:00,1418948.475166146
2026-04-08 11:45:00,1418948.475166146
2026-04-08 12:00:00,1418948.475166146
2026-04-08 12:15:00,1418948.475166146
2026-04-08 12:30:00,1418948.475166146
2026-04-08 12:45:00,1418948.475166146
2026-04-08 13:00:00,1418948.475166146
2026-04-08 13:15:00,1418948.475166146
2026-04-08 13:30:00,1418948.475166146
2026-04-08 13:45:00,1418948.475166146
2026-04-08 14:00:00,1418948.475166146
2026-04-08 14:15:00,1418948.475166146
2026-04-08 14:30:00,1418948.475166146
2026-04-08 14:45:00,1418948.475166146
2026-04-08 15:00:00,1418948.475166146
2026-04-08 15:15:00,1418948.475166146
2026-04-08 15:30:00,1418948.475166146
2026-04-08 15:45:00,1418948.475166146
2026-04-08 16:00:00,1418948.475166146
2026-04-08 16:15:00,1418948.475166146
2026-04-08 16:30:00,1418948.475166146
2026-04-08 16:45:00,1418948.475166146
2026-04-08 17:00:00,1418948.475166146
2026-04-08 17:15:00,1418948.475166146
2026-04-08 17:30:00,1418948.475166146
2026-04-08 17:45:00,1418948.475166146
2026-04-08 18:00:00,1418948.475166146
2026-04-08 18:15:00,1418948.475166146
2026-04-08 18:30:00,1418948.475166146
2026-04-08 18:45:00,1418948.475166146
2026-04-08 19:00:00,1418948.475166146
2026-04-08 19:15:00,1418948.475166146
2026-04-08 19:30:00,1418948.475166146
2026-04-08 19:45:00,1418948.475166146
2026-04-08 20:00:00,1418948.475166146
2026-04-08 20:15:00,1418948.475166146
2026-04-08 20:30:00,1418948.475166146
2026-04-08 20:45:00,1418948.475166146
2026-04-08 21:00:00,1418948.475166146
2026-04-08 21:15:00,1418948.475166146
2026-04-08 21:30:00,1418948.475166146
2026-04-08 21:45:00,1418948.475166146
2026-04-08 22:00:00,1418948.475166146
2026-04-08 22:15:00,1418948.475166146
2026-04-08 22:30:00,1418948.475166146
2026-04-08 22:45:00,1418948.475166146
2026-04-08 23:00:00,1418948.475166146
2026-04-08 23:15:00,1418948.475166146
2026-04-08 23:30:00,1418948.475166146
2026-04-08 23:45:00,1418948.475166146
2026-04-09 00:00:00,1418948.475166146
2026-04-09 00:15:00,1418948.475166146
2026-04-09 00:30:00,1418948.475166146
2026-04-09 00:45:00,1418948.475166146
2026-04-09 01:00:00,1418948.475166146
2026-04-09 01:15:00,1418948.475166146
2026-04-09 01:30:00,1418948.475166146
2026-04-09 01:45:00,1418948.475166146
2026-04-09 02:00:00,1418948.475166146
2026-04-09 02:15:00,1418948.475166146
2026-04-09 02:30:00,1418948.475166146
2026-04-09 02:45:00,1418948.475166146
2026-04-09 03:00:00,1418948.475166146
2026-04-09 03:15:00,1418948.475166146
2026-04-09 03:30:00,1418948.475166146
2026-04-09 03:45:00,1418948.475166146
2026-04-09 04:00:00,1418948.475166146
2026-04-09 04:15:00,1418948.475166146
2026-04-09 04:30:00,1418948.475166146
2026-04-09 04:45:00,1418948.475166146
2026-04-09 05:00:00,1418948.475166146
2026-04-09 05:15:00,1418948.475166146
2026-04-09 05:30:00,1418948.475166146
2026-04-09 05:45:00,1418948.475166146
2026-04-09 06:00:00,1418948.475166146
2026-04-09 06:15:00,1418948.475166146
2026-04-09 06:30:00,1418948.475166146
2026-04-09 06:45:00,1418948.475166146
2026-04-09 07:00:00,1418948.475166146
2026-04-09 07:15:00,1418948.475166146
2026-04-09 07:30:00,1418948.475166146
2026-04-09 07:45:00,1418948.475166146
2026-04-09 08:00:00,1418948.475166146
2026-04-09 08:15:00,1418948.475166146
2026-04-09 08:30:00,1418948.475166146
2026-04-09 08:45:00,1418948.475166146
2026-04-09 09:00:00,1418948.475166146
2026-04-09 09:15:00,1418948.475166146
2026-04-09 09:30:00,1418948.475166146
2026-04-09 09:45:00,1418948.475166146
2026-04-09 10:00:00,1418948.475166146
2026-04-09 10:15:00,1418948.475166146
2026-04-09 10:30:00,1418948.475166146
2026-04-09 10:45:00,1418948.475166146
2026-04-09 11:00:00,1418948.475166146
2026-04-09 11:15:00,1418948.475166146
2026-04-09 11:30:00,1418948.475166146
2026-04-09 11:45:00,1418948.475166146
2026-04-09 12:00:00,1418948.475166146
2026-04-09 12:15:00,1418948.475166146
2026-04-09 12:30:00,1418948.475166146
2026-04-09 12:45:00,1418948.475166146
2026-04-09 13:00:00,1418948.475166146
2026-04-09 13:15:00,1418948.475166146
2026-04-09 13:30:00,1418948.475166146
2026-04-09 13:45:00,1418948.475166146
2026-04-09 14:00:00,1418948.475166146
2026-04-09 14:15:00,1418948.475166146
2026-04-09 14:30:00,1418948.475166146
2026-04-09 14:45:00,1418948.475166146
2026-04-09 15:00:00,1418948.475166146
2026-04-09 15:15:00,1418948.475166146
2026-04-09 15:30:00,1418948.475166146
2026-04-09 15:45:00,1418948.475166146
2026-04-09 16:00:00,1418948.475166146
2026-04-09 16:15:00,1418948.475166146
2026-04-09 16:30:00,1418948.475166146
2026-04-09 16:45:00,1418948.475166146
2026-04-09 17:00:00,1418948.475166146
2026-04-09 17:15:00,1418948.475166146
2026-04-09 17:30:00,1418948.475166146
2026-04-09 17:45:00,1418948.475166146
2026-04-09 18:00:00,1418948.475166146
2026-04-09 18:15:00,1418948.475166146
2026-04-09 18:30:00,1418948.475166146
2026-04-09 18:45:00,1418948.475166146
2026-04-09 19:00:00,1418948.475166146
2026-04-09 19:15:00,1418948.475166146
2026-04-09 19:30:00,1418948.475166146
2026-04-09 19:45:00,1418948.475166146
2026-04-09 20:00:00,1418948.475166146
2026-04-09 20:15:00,1418948.475166146
2026-04-09 20:30:00,1418948.475166146
2026-04-09 20:45:00,1418948.475166146
2026-04-09 21:00:00,1418948.475166146
2026-04-09 21:15:00,1418948.475166146
2026-04-09 21:30:00,1418948.475166146
2026-04-09 21:45:00,1418948.475166146
2026-04-09 22:00:00,1418948.475166146
2026-04-09 22:15:00,1418948.475166146
2026-04-09 22:30:00,1418948.475166146
2026-04-09 22:45:00,1418948.475166146
2026-04-09 23:00:00,1418948.475166146
2026-04-09 23:15:00,1418948.475166146
2026-04-09 23:30:00,1418948.475166146
2026-04-09 23:45:00,1418948.475166146
2026-04-10 00:00:00,1418948.475166146
2026-04-10 00:15:00,1418948.475166146
2026-04-10 00:30:00,1418948.475166146
2026-04-10 00:45:00,1418948.475166146
2026-04-10 01:00:00,1418948.475166146
2026-04-10 01:15:00,1418948.475166146
2026-04-10 01:30:00,1418948.475166146
2026-04-10 01:45:00,1418948.475166146
2026-04-10 02:00:00,1418948.475166146
2026-04-10 02:15:00,1418948.475166146
2026-04-10 02:30:00,1418948.475166146
2026-04-10 02:45:00,1418948.475166146
2026-04-10 03:00:00,1418948.475166146
2026-04-10 03:15:00,1418948.475166146
2026-04-10 03:30:00,1418948.475166146
2026-04-10 03:45:00,1418948.475166146
2026-04-10 04:00:00,1418948.475166146
2026-04-10 04:15:00,1418948.475166146
2026-04-10 04:30:00,1418948.475166146
2026-04-10 04:45:00,1418948.475166146
2026-04-10 05:00:00,1418948.475166146
2026-04-10 05:15:00,1418948.475166146
2026-04-10 05:30:00,1418948.475166146
2026-04-10 05:45:00,1418948.475166146
2026-04-10 06:00:00,1418948.475166146
2026-04-10 06:15:00,1418948.475166146
2026-04-10 06:30:00,1418948.475166146
2026-04-10 06:45:00,1418948.475166146
2026-04-10 07:00:00,1418948.475166146
2026-04-10 07:15:00,1418948.475166146
2026-04-10 07:30:00,1418948.475166146
2026-04-10 07:45:00,1418948.475166146
2026-04-10 08:00:00,1418948.475166146
2026-04-10 08:15:00,1418948.475166146
2026-04-10 08:30:00,1418948.475166146
2026-04-10 08:45:00,1418948.475166146
2026-04-10 09:00:00,1418948.475166146
2026-04-10 09:15:00,1418948.475166146
2026-04-10 09:30:00,1418948.475166146
2026-04-10 09:45:00,1418948.475166146
2026-04-10 10:00:00,1418948.475166146
2026-04-10 10:15:00,1418948.475166146
2026-04-10 10:30:00,1418948.475166146
2026-04-10 10:45:00,1418948.475166146
2026-04-10 11:00:00,1418948.475166146
2026-04-10 11:15:00,1418948.475166146
2026-04-10 11:30:00,1418948.475166146
2026-04-10 11:45:00,1418948.475166146
2026-04-10 12:00:00,1418948.475166146
2026-04-10 12:15:00,1418948.475166146
2026-04-10 12:30:00,1418948.475166146
2026-04-10 12:45:00,1418948.475166146
2026-04-10 13:00:00,1418948.475166146
2026-04-10 13:15:00,1418948.475166146
2026-04-10 13:30:00,1418948.475166146
2026-04-10 13:45:00,1418948.475166146
2026-04-10 14:00:00,1418948.475166146
2026-04-10 14:15:00,1418948.475166146
2026-04-10 14:30:00,1418948.475166146
2026-04-10 14:45:00,1418948.475166146
2026-04-10 15:00:00,1418948.475166146
2026-04-10 15:15:00,1418948.475166146
2026-04-10 15:30:00,1418948.475166146
2026-04-10 15:45:00,1418948.475166146
2026-04-10 16:00:00,1418948.475166146
2026-04-10 16:15:00,1418948.475166146
2026-04-10 16:30:00,1418948.475166146
2026-04-10 16:45:00,1418948.475166146
2026-04-10 17:00:00,1418948.475166146
2026-04-10 17:15:00,1418948.475166146
2026-04-10 17:30:00,1418948.475166146
2026-04-10 17:45:00,1418948.475166146
2026-04-10 18:00:00,1418948.475166146
2026-04-10 18:15:00,1418948.475166146
2026-04-10 18:30:00,1418948.475166146
2026-04-10 18:45:00,1418948.475166146
2026-04-10 19:00:00,1418948.475166146
2026-04-10 19:15:00,1418948.475166146
2026-04-10 19:30:00,1418948.475166146
2026-04-10 19:45:00,1418948.475166146
2026-04-10 20:00:00,1418948.475166146
2026-04-10 20:15:00,1418948.475166146
2026-04-10 20:30:00,1418948.475166146
2026-04-10 20:45:00,1418948.475166146
2026-04-10 21:00:00,1418948.475166146
2026-04-10 21:15:00,1418948.475166146
2026-04-10 21:30:00,1418948.475166146
2026-04-10 21:45:00,1418948.475166146
2026-04-10 22:00:00,1418948.475166146
2026-04-10 22:15:00,1418948.475166146
2026-04-10 22:30:00,1418948.475166146
2026-04-10 22:45:00,1418948.475166146
2026-04-10 23:00:00,1418948.475166146
2026-04-10 23:15:00,1418948.475166146
2026-04-10 23:30:00,1418948.475166146
2026-04-10 23:45:00,1418948.475166146
2026-04-13 00:00:00,1418948.475166146
2026-04-13 00:15:00,1418948.475166146
2026-04-13 00:30:00,1418948.475166146
2026-04-13 00:45:00,1418948.475166146
2026-04-13 01:00:00,1418948.475166146
2026-04-13 01:15:00,1418948.475166146
2026-04-13 01:30:00,1418948.475166146
2026-04-13 01:45:00,1418948.475166146
2026-04-13 02:00:00,1418948.475166146
2026-04-13 02:15:00,1418948.475166146
2026-04-13 02:30:00,1418948.475166146
2026-04-13 02:45:00,1418948.475166146
2026-04-13 03:00:00,1418948.475166146
2026-04-13 03:15:00,1418948.475166146
2026-04-13 03:30:00,1418948.475166146
2026-04-13 03:45:00,1418948.475166146
2026-04-13 04:00:00,1418948.475166146
2026-04-13 04:15:00,1418948.475166146
2026-04-13 04:30:00,1418948.475166146
2026-04-13 04:45:00,1418948.475166146
2026-04-13 05:00:00,1418948.475166146
2026-04-13 05:15:00,1418948.475166146
2026-04-13 05:30:00,1418948.475166146
2026-04-13 05:45:00,1418948.475166146
2026-04-13 06:00:00,1418948.475166146
2026-04-13 06:15:00,1418948.475166146
2026-04-13 06:30:00,1418948.475166146
2026-04-13 06:45:00,1418948.475166146
2026-04-13 07:00:00,1418948.475166146
2026-04-13 07:15:00,1418948.475166146
2026-04-13 07:30:00,1418948.475166146
2026-04-13 07:45:00,1418948.475166146
2026-04-13 08:00:00,1418948.475166146
2026-04-13 08:15:00,1418948.475166146
2026-04-13 08:30:00,1418948.475166146
2026-04-13 08:45:00,1418948.475166146
2026-04-13 09:00:00,1418948.475166146
2026-04-13 09:15:00,1418948.475166146
2026-04-13 09:30:00,1418948.475166146
2026-04-13 09:45:00,1418948.475166146
2026-04-13 10:00:00,1418948.475166146
2026-04-13 10:15:00,1418948.475166146
2026-04-13 10:30:00,1418948.475166146
2026-04-13 10:45:00,1418948.475166146
2026-04-13 11:00:00,1418948.475166146
2026-04-13 11:15:00,1418948.475166146
2026-04-13 11:30:00,1418948.475166146
2026-04-13 11:45:00,1418948.475166146
2026-04-13 12:00:00,1418948.475166146
2026-04-13 12:15:00,1418948.475166146
2026-04-13 12:30:00,1418948.475166146
2026-04-13 12:45:00,1418948.475166146
2026-04-13 13:00:00,1418948.475166146
2026-04-13 13:15:00,1418948.475166146
2026-04-13 13:30:00,1418948.475166146
2026-04-13 13:45:00,1418948.475166146
2026-04-13 14:00:00,1418948.475166146
2026-04-13 14:15:00,1418948.475166146
2026-04-13 14:30:00,1418948.475166146
2026-04-13 14:45:00,1418948.475166146
2026-04-13 15:00:00,1418948.475166146
2026-04-13 15:15:00,1418948.475166146
2026-04-13 15:30:00,1418948.475166146
2026-04-13 15:45:00,1418948.475166146
2026-04-13 16:00:00,1418948.475166146
2026-04-13 16:15:00,1418948.475166146
2026-04-13 16:30:00,1418948.475166146
2026-04-13 16:45:00,1418948.475166146
2026-04-13 17:00:00,1418948.475166146
2026-04-13 17:15:00,1418948.475166146
2026-04-13 17:30:00,1418948.475166146
2026-04-13 17:45:00,1418948.475166146
2026-04-13 18:00:00,1418948.475166146
2026-04-13 18:15:00,1418948.475166146
2026-04-13 18:30:00,1418948.475166146
2026-04-13 18:45:00,1418948.475166146
2026-04-13 19:00:00,1418948.475166146
2026-04-13 19:15:00,1418948.475166146
2026-04-13 19:30:00,1418948.475166146
2026-04-13 19:45:00,1418948.475166146
2026-04-13 20:00:00,1418948.475166146
2026-04-13 20:15:00,1418948.475166146
2026-04-13 20:30:00,1418948.475166146
2026-04-13 20:45:00,1418948.475166146
2026-04-13 21:00:00,1418948.475166146
2026-04-13 21:15:00,1418948.475166146
2026-04-13 21:30:00,1418948.475166146
2026-04-13 21:45:00,1418948.475166146
2026-04-13 22:00:00,1418948.475166146
2026-04-13 22:15:00,1418948.475166146
2026-04-13 22:30:00,1418948.475166146
2026-04-13 22:45:00,1418948.475166146
2026-04-13 23:00:00,1418948.475166146
2026-04-13 23:15:00,1418948.475166146
2026-04-13 23:30:00,1418948.475166146
2026-04-13 23:45:00,1418948.475166146
2026-04-14 00:00:00,1418948.475166146
2026-04-14 00:15:00,1418948.475166146
2026-04-14 00:30:00,1418948.475166146
2026-04-14 00:45:00,1418948.475166146
2026-04-14 01:00:00,1418948.475166146
2026-04-14 01:15:00,1418948.475166146
2026-04-14 01:30:00,1418948.475166146
2026-04-14 01:45:00,1418948.475166146
2026-04-14 02:00:00,1418948.475166146
2026-04-14 02:15:00,1418948.475166146
2026-04-14 02:30:00,1418948.475166146
2026-04-14 02:45:00,1418948.475166146
2026-04-14 03:00:00,1418948.475166146
2026-04-14 03:15:00,1418948.475166146
2026-04-14 03:30:00,1418948.475166146
2026-04-14 03:45:00,1418948.475166146
2026-04-14 04:00:00,1418948.475166146
2026-04-14 04:15:00,1418948.475166146
2026-04-14 04:30:00,1418948.475166146
2026-04-14 04:45:00,1418948.475166146
2026-04-14 05:00:00,1418948.475166146
2026-04-14 05:15:00,1418948.475166146
2026-04-14 05:30:00,1418948.475166146
2026-04-14 05:45:00,1418948.475166146
2026-04-14 06:00:00,1418948.475166146
2026-04-14 06:15:00,1418948.475166146
2026-04-14 06:30:00,1418948.475166146
2026-04-14 06:45:00,1418948.475166146
2026-04-14 07:00:00,1418948.475166146
2026-04-14 07:15:00,1418948.475166146
2026-04-14 07:30:00,1418948.475166146
2026-04-14 07:45:00,1418948.475166146
2026-04-14 08:00:00,1418948.475166146
2026-04-14 08:15:00,1418948.475166146
2026-04-14 08:30:00,1418948.475166146
2026-04-14 08:45:00,1418948.475166146
2026-04-14 09:00:00,1418948.475166146
2026-04-14 09:15:00,1418948.475166146
2026-04-14 09:30:00,1418948.475166146
2026-04-14 09:45:00,1418948.475166146
2026-04-14 10:00:00,1418948.475166146
2026-04-14 10:15:00,1418948.475166146
2026-04-14 10:30:00,1418948.475166146
2026-04-14 10:45:00,1418948.475166146
2026-04-14 11:00:00,1418948.475166146
2026-04-14 11:15:00,1418948.475166146
2026-04-14 11:30:00,1418948.475166146
2026-04-14 11:45:00,1418948.475166146
2026-04-14 12:00:00,1418948.475166146
2026-04-14 12:15:00,1418948.475166146
2026-04-14 12:30:00,1418948.475166146
2026-04-14 12:45:00,1418948.475166146
2026-04-14 13:00:00,1418948.475166146
2026-04-14 13:15:00,1418948.475166146
2026-04-14 13:30:00,1418948.475166146
2026-04-14 13:45:00,1418948.475166146
2026-04-14 14:00:00,1418948.475166146
2026-04-14 14:15:00,1418948.475166146
2026-04-14 14:30:00,1418948.475166146
2026-04-14 14:45:00,1418948.475166146
2026-04-14 15:00:00,1418948.475166146
2026-04-14 15:15:00,1418948.475166146
2026-04-14 15:30:00,1418948.475166146
2026-04-14 15:45:00,1418948.475166146
2026-04-14 16:00:00,1418948.475166146
2026-04-14 16:15:00,1418948.475166146
2026-04-14 16:30:00,1418948.475166146
2026-04-14 16:45:00,1418948.475166146
2026-04-14 17:00:00,1418948.475166146
2026-04-14 17:15:00,1418948.475166146
2026-04-14 17:30:00,1418948.475166146
2026-04-14 17:45:00,1418948.475166146
2026-04-14 18:00:00,1418948.475166146
2026-04-14 18:15:00,1418948.475166146
2026-04-14 18:30:00,1418948.475166146
2026-04-14 18:45:00,1418948.475166146
2026-04-14 19:00:00,1418948.475166146
2026-04-14 19:15:00,1418948.475166146
2026-04-14 19:30:00,1418948.475166146
2026-04-14 19:45:00,1418948.475166146
2026-04-14 20:00:00,1418948.475166146
2026-04-14 20:15:00,1418948.475166146
2026-04-14 20:30:00,1418948.475166146
2026-04-14 20:45:00,1418948.475166146
2026-04-14 21:00:00,1418948.475166146
2026-04-14 21:15:00,1418948.475166146
2026-04-14 21:30:00,1418948.475166146
2026-04-14 21:45:00,1418948.475166146
2026-04-14 22:00:00,1418948.475166146
2026-04-14 22:15:00,1418948.475166146
2026-04-14 22:30:00,1418948.475166146
2026-04-14 22:45:00,1418948.475166146
2026-04-14 23:00:00,1418948.475166146
2026-04-14 23:15:00,1418948.475166146
2026-04-14 23:30:00,1418948.475166146
2026-04-14 23:45:00,1418948.475166146
2026-04-15 00:00:00,1418948.475166146
2026-04-15 00:15:00,1418948.475166146
2026-04-15 00:30:00,1418948.475166146
2026-04-15 00:45:00,1418948.475166146
2026-04-15 01:00:00,1418948.475166146
2026-04-15 01:15:00,1418948.475166146
2026-04-15 01:30:00,1418948.475166146
2026-04-15 01:45:00,1418948.475166146
2026-04-15 02:00:00,1418948.475166146
2026-04-15 02:15:00,1418948.475166146
2026-04-15 02:30:00,1418948.475166146
2026-04-15 02:45:00,1418948.475166146
2026-04-15 03:00:00,1418948.475166146
2026-04-15 03:15:00,1418948.475166146
2026-04-15 03:30:00,1418948.475166146
2026-04-15 03:45:00,1418948.475166146
2026-04-15 04:00:00,1418948.475166146
2026-04-15 04:15:00,1418948.475166146
2026-04-15 04:30:00,1418948.475166146
2026-04-15 04:45:00,1418948.475166146
2026-04-15 05:00:00,1418948.475166146
2026-04-15 05:15:00,1418948.475166146
2026-04-15 05:30:00,1418948.475166146
2026-04-15 05:45:00,1418948.475166146
2026-04-15 06:00:00,1418948.475166146
2026-04-15 06:15:00,1418948.475166146
2026-04-15 06:30:00,1418948.475166146
2026-04-15 06:45:00,1418948.475166146
2026-04-15 07:00:00,1418948.475166146
2026-04-15 07:15:00,1418948.475166146
2026-04-15 07:30:00,1418948.475166146
2026-04-15 07:45:00,1418948.475166146
2026-04-15 08:00:00,1418948.475166146
2026-04-15 08:15:00,1418948.475166146
2026-04-15 08:30:00,1418948.475166146
2026-04-15 08:45:00,1418948.475166146
2026-04-15 09:00:00,1418948.475166146
2026-04-15 09:15:00,1418948.475166146
2026-04-15 09:30:00,1418948.475166146
2026-04-15 09:45:00,1418948.475166146
2026-04-15 10:00:00,1418948.475166146
2026-04-15 10:15:00,1418948.475166146
2026-04-15 10:30:00,1418948.475166146
2026-04-15 10:45:00,1418948.475166146
2026-04-15 11:00:00,1418948.475166146
2026-04-15 11:15:00,1418948.475166146
2026-04-15 11:30:00,1418948.475166146
2026-04-15 11:45:00,1418948.475166146
2026-04-15 12:00:00,1418948.475166146
2026-04-15 12:15:00,1418948.475166146
2026-04-15 12:30:00,1418948.475166146
2026-04-15 12:45:00,1418948.475166146
2026-04-15 13:00:00,1418948.475166146
2026-04-15 13:15:00,1418948.475166146
2026-04-15 13:30:00,1418948.475166146
2026-04-15 13:45:00,1418948.475166146
2026-04-15 14:00:00,1418948.475166146
2026-04-15 14:15:00,1418948.475166146
2026-04-15 14:30:00,1418948.475166146
2026-04-15 14:45:00,1418948.475166146
2026-04-15 15:00:00,1418948.475166146
2026-04-15 15:15:00,1418948.475166146
2026-04-15 15:30:00,1418948.475166146
2026-04-15 15:45:00,1418948.475166146
2026-04-15 16:00:00,1418948.475166146
2026-04-15 16:15:00,1418948.475166146
2026-04-15 16:30:00,1418948.475166146
2026-04-15 16:45:00,1418948.475166146
2026-04-15 17:00:00,1418948.475166146
2026-04-15 17:15:00,1418948.475166146
2026-04-15 17:30:00,1418948.475166146
2026-04-15 17:45:00,1418948.475166146
2026-04-15 18:00:00,1418948.475166146
2026-04-15 18:15:00,1418948.475166146
2026-04-15 18:30:00,1418948.475166146
2026-04-15 18:45:00,1418948.475166146
2026-04-15 19:00:00,1418948.475166146
2026-04-15 19:15:00,1418948.475166146
2026-04-15 19:30:00,1418948.475166146
2026-04-15 19:45:00,1418948.475166146
2026-04-15 20:00:00,1418948.475166146
2026-04-15 20:15:00,1418948.475166146
2026-04-15 20:30:00,1418948.475166146
2026-04-15 20:45:00,1418948.475166146
2026-04-15 21:00:00,1418948.475166146
2026-04-15 21:15:00,1418948.475166146
2026-04-15 21:30:00,1418948.475166146
2026-04-15 21:45:00,1418948.475166146
2026-04-15 22:00:00,1418948.475166146
2026-04-15 22:15:00,1418948.475166146
2026-04-15 22:30:00,1418948.475166146
2026-04-15 22:45:00,1418948.475166146
2026-04-15 23:00:00,1418948.475166146
2026-04-15 23:15:00,1418948.475166146
2026-04-15 23:30:00,1418948.475166146
2026-04-15 23:45:00,1418948.475166146
2026-04-16 00:00:00,1418948.475166146
2026-04-16 00:15:00,1418948.475166146
2026-04-16 00:30:00,1418948.475166146
2026-04-16 00:45:00,1418948.475166146
2026-04-16 01:00:00,1418948.475166146
2026-04-16 01:15:00,1418948.475166146
2026-04-16 01:30:00,1418948.475166146
2026-04-16 01:45:00,1418948.475166146
2026-04-16 02:00:00,1418948.475166146
2026-04-16 02:15:00,1418948.475166146
2026-04-16 02:30:00,1418948.475166146
2026-04-16 02:45:00,1418948.475166146
2026-04-16 03:00:00,1418948.475166146
2026-04-16 03:15:00,1418948.475166146
2026-04-16 03:30:00,1418948.475166146
2026-04-16 03:45:00,1418948.475166146
2026-04-16 04:00:00,1418948.475166146
2026-04-16 04:15:00,1418948.475166146
2026-04-16 04:30:00,1418948.475166146
2026-04-16 04:45:00,1418948.475166146
2026-04-16 05:00:00,1418948.475166146
2026-04-16 05:15:00,1418948.475166146
2026-04-16 05:30:00,1418948.475166146
2026-04-16 05:45:00,1418948.475166146
2026-04-16 06:00:00,1418948.475166146
2026-04-16 06:15:00,1418948.475166146
2026-04-16 06:30:00,1418948.475166146
2026-04-16 06:45:00,1418948.475166146
2026-04-16 07:00:00,1418948.475166146
2026-04-16 07:15:00,1418948.475166146
2026-04-16 07:30:00,1418948.475166146
2026-04-16 07:45:00,1418948.475166146
2026-04-16 08:00:00,1418948.475166146
2026-04-16 08:15:00,1418948.475166146
2026-04-16 08:30:00,1418948.475166146
2026-04-16 08:45:00,1418948.475166146
2026-04-16 09:00:00,1418948.475166146
2026-04-16 09:15:00,1418948.475166146
2026-04-16 09:30:00,1418948.475166146
2026-04-16 09:45:00,1418948.475166146
2026-04-16 10:00:00,1418948.475166146
2026-04-16 10:15:00,1418948.475166146
2026-04-16 10:30:00,1418948.475166146
2026-04-16 10:45:00,1418948.475166146
2026-04-16 11:00:00,1418948.475166146
2026-04-16 11:15:00,1418948.475166146
2026-04-16 11:30:00,1418948.475166146
2026-04-16 11:45:00,1418948.475166146
2026-04-16 12:00:00,1418948.475166146
2026-04-16 12:15:00,1418948.475166146
2026-04-16 12:30:00,1418948.475166146
2026-04-16 12:45:00,1418948.475166146
2026-04-16 13:00:00,1418948.475166146
2026-04-16 13:15:00,1418948.475166146
2026-04-16 13:30:00,1418948.475166146
2026-04-16 13:45:00,1418948.475166146
2026-04-16 14:00:00,1418948.475166146
2026-04-16 14:15:00,1418948.475166146
2026-04-16 14:30:00,1418948.475166146
2026-04-16 14:45:00,1418948.475166146
2026-04-16 15:00:00,1418948.475166146
2026-04-16 15:15:00,1418948.475166146
2026-04-16 15:30:00,1418948.475166146
2026-04-16 15:45:00,1418948.475166146
2026-04-16 16:00:00,1418948.475166146
2026-04-16 16:15:00,1418948.475166146
2026-04-16 16:30:00,1418948.475166146
2026-04-16 16:45:00,1418948.475166146
2026-04-16 17:00:00,1418948.475166146
2026-04-16 17:15:00,1418948.475166146
2026-04-16 17:30:00,1418948.475166146
2026-04-16 17:45:00,1418948.475166146
2026-04-16 18:00:00,1418948.475166146
2026-04-16 18:15:00,1418948.475166146
2026-04-16 18:30:00,1418948.475166146
2026-04-16 18:45:00,1418948.475166146
2026-04-16 19:00:00,1418948.475166146
2026-04-16 19:15:00,1418948.475166146
2026-04-16 19:30:00,1418948.475166146
2026-04-16 19:45:00,1418948.475166146
2026-04-16 20:00:00,1418948.475166146
2026-04-16 20:15:00,1418948.475166146
2026-04-16 20:30:00,1418948.475166146
2026-04-16 20:45:00,1418948.475166146
2026-04-16 21:00:00,1418948.475166146
2026-04-16 21:15:00,1418948.475166146
2026-04-16 21:30:00,1418948.475166146
2026-04-16 21:45:00,1418948.475166146
2026-04-16 22:00:00,1418948.475166146
2026-04-16 22:15:00,1418948.475166146
2026-04-16 22:30:00,1418948.475166146
2026-04-16 22:45:00,1418948.475166146
2026-04-16 23:00:00,1418948.475166146
2026-04-16 23:15:00,1418948.475166146
2026-04-16 23:30:00,1418948.475166146
2026-04-16 23:45:00,1418948.475166146
2026-04-17 00:00:00,1418948.475166146
2026-04-17 00:15:00,1418948.475166146
2026-04-17 00:30:00,1418948.475166146
2026-04-17 00:45:00,1418948.475166146
2026-04-17 01:00:00,1418948.475166146
2026-04-17 01:15:00,1418948.475166146
2026-04-17 01:30:00,1418948.475166146
2026-04-17 01:45:00,1418948.475166146
2026-04-17 02:00:00,1418948.475166146
2026-04-17 02:15:00,1418948.475166146
2026-04-17 02:30:00,1418948.475166146
2026-04-17 02:45:00,1418948.475166146
2026-04-17 03:00:00,1418948.475166146
2026-04-17 03:15:00,1418948.475166146
2026-04-17 03:30:00,1418948.475166146
2026-04-17 03:45:00,1418948.475166146
2026-04-17 04:00:00,1418948.475166146
2026-04-17 04:15:00,1418948.475166146
2026-04-17 04:30:00,1418948.475166146
2026-04-17 04:45:00,1418948.475166146
2026-04-17 05:00:00,1418948.475166146
2026-04-17 05:15:00,1418948.475166146
2026-04-17 05:30:00,1418948.475166146
2026-04-17 05:45:00,1418948.475166146
2026-04-17 06:00:00,1418948.475166146
2026-04-17 06:15:00,1418948.475166146
2026-04-17 06:30:00,1418948.475166146
2026-04-17 06:45:00,1418948.475166146
2026-04-17 07:00:00,1418948.475166146
2026-04-17 07:15:00,1418948.475166146
2026-04-17 07:30:00,1418948.475166146
2026-04-17 07:45:00,1418948.475166146
2026-04-17 08:00:00,1418948.475166146
2026-04-17 08:15:00,1418948.475166146
2026-04-17 08:30:00,1418948.475166146
2026-04-17 08:45:00,1418948.475166146
2026-04-17 09:00:00,1418948.475166146
2026-04-17 09:15:00,1418948.475166146
2026-04-17 09:30:00,1418948.475166146
2026-04-17 09:45:00,1418948.475166146
2026-04-17 10:00:00,1418948.475166146
2026-04-17 10:15:00,1418948.475166146
2026-04-17 10:30:00,1418948.475166146
2026-04-17 10:45:00,1418948.475166146
2026-04-17 11:00:00,1418948.475166146
2026-04-17 11:15:00,1418948.475166146
2026-04-17 11:30:00,1418948.475166146
2026-04-17 11:45:00,1418948.475166146
2026-04-17 12:00:00,1418948.475166146
2026-04-17 12:15:00,1418948.475166146
2026-04-17 12:30:00,1418948.475166146
2026-04-17 12:45:00,1418948.475166146
2026-04-17 13:00:00,1418948.475166146
2026-04-17 13:15:00,1418948.475166146
2026-04-17 13:30:00,1418948.475166146
2026-04-17 13:45:00,1418948.475166146
2026-04-17 14:00:00,1418948.475166146
2026-04-17 14:15:00,1418948.475166146
2026-04-17 14:30:00,1418948.475166146
2026-04-17 14:45:00,1418948.475166146
2026-04-17 15:00:00,1418948.475166146
2026-04-17 15:15:00,1418948.475166146
2026-04-17 15:30:00,1418948.475166146
2026-04-17 15:45:00,1418948.475166146
2026-04-17 16:00:00,1418948.475166146
2026-04-17 16:15:00,1418948.475166146
2026-04-17 16:30:00,1418948.475166146
2026-04-17 16:45:00,1418948.475166146
2026-04-17 17:00:00,1418948.475166146
2026-04-17 17:15:00,1418948.475166146
2026-04-17 17:30:00,1418948.475166146
2026-04-17 17:45:00,1418948.475166146
2026-04-17 18:00:00,1418948.475166146
2026-04-17 18:15:00,1418948.475166146
2026-04-17 18:30:00,1418948.475166146
2026-04-17 18:45:00,1418948.475166146
2026-04-17 19:00:00,1418948.475166146
2026-04-17 19:15:00,1418948.475166146
2026-04-17 19:30:00,1418948.475166146
2026-04-17 19:45:00,1418948.475166146
2026-04-17 20:00:00,1418948.475166146
2026-04-17 20:15:00,1418948.475166146
2026-04-17 20:30:00,1418948.475166146
2026-04-17 20:45:00,1418948.475166146
2026-04-17 21:00:00,1418948.475166146
2026-04-17 21:15:00,1418948.475166146
2026-04-17 21:30:00,1418948.475166146
2026-04-17 21:45:00,1418948.475166146
2026-04-17 22:00:00,1418948.475166146
2026-04-17 22:15:00,1418948.475166146
2026-04-17 22:30:00,1418948.475166146
2026-04-17 22:45:00,1418948.475166146
2026-04-17 23:00:00,1418948.475166146
2026-04-17 23:15:00,1418948.475166146
2026-04-17 23:30:00,1418948.475166146
2026-04-17 23:45:00,1418948.475166146
2026-04-20 00:00:00,1418948.475166146
2026-04-20 00:15:00,1418948.475166146
2026-04-20 00:30:00,1418948.475166146
2026-04-20 00:45:00,1418948.475166146
2026-04-20 01:00:00,1418948.475166146
2026-04-20 01:15:00,1418948.475166146
2026-04-20 01:30:00,1418948.475166146
2026-04-20 01:45:00,1418948.475166146
2026-04-20 02:00:00,1418948.475166146
2026-04-20 02:15:00,1418948.475166146
2026-04-20 02:30:00,1418948.475166146
2026-04-20 02:45:00,1418948.475166146
2026-04-20 03:00:00,1418948.475166146
2026-04-20 03:15:00,1418948.475166146
2026-04-20 03:30:00,1418948.475166146
2026-04-20 03:45:00,1418948.475166146
2026-04-20 04:00:00,1418948.475166146
2026-04-20 04:15:00,1418948.475166146
2026-04-20 04:30:00,1418948.475166146
2026-04-20 04:45:00,1418948.475166146
2026-04-20 05:00:00,1418948.475166146
2026-04-20 05:15:00,1418948.475166146
2026-04-20 05:30:00,1418948.475166146
2026-04-20 05:45:00,1418948.475166146
2026-04-20 06:00:00,1418948.475166146
2026-04-20 06:15:00,1418948.475166146
2026-04-20 06:30:00,1418948.475166146
2026-04-20 06:45:00,1418948.475166146
2026-04-20 07:00:00,1418948.475166146
2026-04-20 07:15:00,1418948.475166146
2026-04-20 07:30:00,1418948.475166146
2026-04-20 07:45:00,1418948.475166146
2026-04-20 08:00:00,1418948.475166146
2026-04-20 08:15:00,1418948.475166146
2026-04-20 08:30:00,1418948.475166146
2026-04-20 08:45:00,1418948.475166146
2026-04-20 09:00:00,1418948.475166146
2026-04-20 09:15:00,1418948.475166146
2026-04-20 09:30:00,1418948.475166146
2026-04-20 09:45:00,1418948.475166146
2026-04-20 10:00:00,1418948.475166146
2026-04-20 10:15:00,1418948.475166146
2026-04-20 10:30:00,1418948.475166146
2026-04-20 10:45:00,1418948.475166146
2026-04-20 11:00:00,1418948.475166146
2026-04-20 11:15:00,1418948.475166146
2026-04-20 11:30:00,1418948.475166146
2026-04-20 11:45:00,1418948.475166146
2026-04-20 12:00:00,1418948.475166146
2026-04-20 12:15:00,1418948.475166146
2026-04-20 12:30:00,1418948.475166146
2026-04-20 12:45:00,1418948.475166146
2026-04-20 13:00:00,1418948.475166146
2026-04-20 13:15:00,1418948.475166146
2026-04-20 13:30:00,1418948.475166146
2026-04-20 13:45:00,1418948.475166146
2026-04-20 14:00:00,1418948.475166146
2026-04-20 14:15:00,1418948.475166146
2026-04-20 14:30:00,1418948.475166146
2026-04-20 14:45:00,1418948.475166146
2026-04-20 15:00:00,1418948.475166146
2026-04-20 15:15:00,1418948.475166146
2026-04-20 15:30:00,1418948.475166146
2026-04-20 15:45:00,1418948.475166146
2026-04-20 16:00:00,1418948.475166146
2026-04-20 16:15:00,1418948.475166146
2026-04-20 16:30:00,1418948.475166146
2026-04-20 16:45:00,1418948.475166146
2026-04-20 17:00:00,1418948.475166146
2026-04-20 17:15:00,1418948.475166146
2026-04-20 17:30:00,1418948.475166146
2026-04-20 17:45:00,1418948.475166146
2026-04-20 18:00:00,1418948.475166146
2026-04-20 18:15:00,1418948.475166146
2026-04-20 18:30:00,1418948.475166146
2026-04-20 18:45:00,1418948.475166146
2026-04-20 19:00:00,1418948.475166146
2026-04-20 19:15:00,1418948.475166146
2026-04-20 19:30:00,1418948.475166146
2026-04-20 19:45:00,1418948.475166146
2026-04-20 20:00:00,1418948.475166146
2026-04-20 20:15:00,1418948.475166146
2026-04-20 20:30:00,1418948.475166146
2026-04-20 20:45:00,1418948.475166146
2026-04-20 21:00:00,1418948.475166146
2026-04-20 21:15:00,1418948.475166146
2026-04-20 21:30:00,1418948.475166146
2026-04-20 21:45:00,1418948.475166146
2026-04-20 22:00:00,1418948.475166146
2026-04-20 22:15:00,1418948.475166146
2026-04-20 22:30:00,1418948.475166146
2026-04-20 22:45:00,1418948.475166146
2026-04-20 23:00:00,1418948.475166146
2026-04-20 23:15:00,1418948.475166146
2026-04-20 23:30:00,1418948.475166146
2026-04-20 23:45:00,1418948.475166146
2026-04-21 00:00:00,1418948.475166146
2026-04-21 00:15:00,1418948.475166146
2026-04-21 00:30:00,1418948.475166146
2026-04-21 00:45:00,1418948.475166146
2026-04-21 01:00:00,1418948.475166146
2026-04-21 01:15:00,1418948.475166146
2026-04-21 01:30:00,1418948.475166146
2026-04-21 01:45:00,1418948.475166146
2026-04-21 02:00:00,1418948.475166146
2026-04-21 02:15:00,1418948.475166146
2026-04-21 02:30:00,1418948.475166146
2026-04-21 02:45:00,1418948.475166146
2026-04-21 03:00:00,1418948.475166146
2026-04-21 03:15:00,1418948.475166146
2026-04-21 03:30:00,1418948.475166146
2026-04-21 03:45:00,1418948.475166146
2026-04-21 04:00:00,1418948.475166146
2026-04-21 04:15:00,1418948.475166146
2026-04-21 04:30:00,1418948.475166146
2026-04-21 04:45:00,1418948.475166146
2026-04-21 05:00:00,1418948.475166146
2026-04-21 05:15:00,1418948.475166146
2026-04-21 05:30:00,1418948.475166146
2026-04-21 05:45:00,1418948.475166146
2026-04-21 06:00:00,1418948.475166146
2026-04-21 06:15:00,1418948.475166146
2026-04-21 06:30:00,1418948.475166146
2026-04-21 06:45:00,1418948.475166146
2026-04-21 07:00:00,1418948.475166146
2026-04-21 07:15:00,1418948.475166146
2026-04-21 07:30:00,1418948.475166146
2026-04-21 07:45:00,1418948.475166146
2026-04-21 08:00:00,1418948.475166146
2026-04-21 08:15:00,1418948.475166146
2026-04-21 08:30:00,1418948.475166146
2026-04-21 08:45:00,1418948.475166146
2026-04-21 09:00:00,1418948.475166146
2026-04-21 09:15:00,1418948.475166146
2026-04-21 09:30:00,1418948.475166146
2026-04-21 09:45:00,1418948.475166146
2026-04-21 10:00:00,1418948.475166146
2026-04-21 10:15:00,1418948.475166146
2026-04-21 10:30:00,1418948.475166146
2026-04-21 10:45:00,1418948.475166146
2026-04-21 11:00:00,1418948.475166146
2026-04-21 11:15:00,1418948.475166146
2026-04-21 11:30:00,1418948.475166146
2026-04-21 11:45:00,1418948.475166146
2026-04-21 12:00:00,1418948.475166146
2026-04-21 12:15:00,1418948.475166146
2026-04-21 12:30:00,1418948.475166146
2026-04-21 12:45:00,1418948.475166146
2026-04-21 13:00:00,1418948.475166146
2026-04-21 13:15:00,1418948.475166146
2026-04-21 13:30:00,1418948.475166146
2026-04-21 13:45:00,1418948.475166146
2026-04-21 14:00:00,1418948.475166146
2026-04-21 14:15:00,1418948.475166146
2026-04-21 14:30:00,1418948.475166146
2026-04-21 14:45:00,1418948.475166146
2026-04-21 15:00:00,1418948.475166146
2026-04-21 15:15:00,1418948.475166146
2026-04-21 15:30:00,1418948.475166146
2026-04-21 15:45:00,1418948.475166146
2026-04-21 16:00:00,1418948.475166146
2026-04-21 16:15:00,1418948.475166146
2026-04-21 16:30:00,1418948.475166146
2026-04-21 16:45:00,1418948.475166146
2026-04-21 17:00:00,1418948.475166146
2026-04-21 17:15:00,1418948.475166146
2026-04-21 17:30:00,1418948.475166146
2026-04-21 17:45:00,1418948.475166146
2026-04-21 18:00:00,1418948.475166146
2026-04-21 18:15:00,1418948.475166146
2026-04-21 18:30:00,1418948.475166146
2026-04-21 18:45:00,1418948.475166146
2026-04-21 19:00:00,1418948.475166146
2026-04-21 19:15:00,1418948.475166146
2026-04-21 19:30:00,1418948.475166146
2026-04-21 19:45:00,1418948.475166146
2026-04-21 20:00:00,1418948.475166146
2026-04-21 20:15:00,1418948.475166146
2026-04-21 20:30:00,1418948.475166146
2026-04-21 20:45:00,1418948.475166146
2026-04-21 21:00:00,1418948.475166146
2026-04-21 21:15:00,1418948.475166146
2026-04-21 21:30:00,1418948.475166146
2026-04-21 21:45:00,1418948.475166146
2026-04-21 22:00:00,1418948.475166146
2026-04-21 22:15:00,1418948.475166146
2026-04-21 22:30:00,1418948.475166146
2026-04-21 22:45:00,1418948.475166146
2026-04-21 23:00:00,1418948.475166146
2026-04-21 23:15:00,1418948.475166146
2026-04-21 23:30:00,1418948.475166146
2026-04-21 23:45:00,1418948.475166146
2026-04-22 00:00:00,1418948.475166146
2026-04-22 00:15:00,1418948.475166146
2026-04-22 00:30:00,1418948.475166146
2026-04-22 00:45:00,1418948.475166146
2026-04-22 01:00:00,1418948.475166146
2026-04-22 01:15:00,1418948.475166146
2026-04-22 01:30:00,1418948.475166146
2026-04-22 01:45:00,1418948.475166146
2026-04-22 02:00:00,1418948.475166146
2026-04-22 02:15:00,1418948.475166146
2026-04-22 02:30:00,1418948.475166146
2026-04-22 02:45:00,1418948.475166146
2026-04-22 03:00:00,1418948.475166146
2026-04-22 03:15:00,1418948.475166146
2026-04-22 03:30:00,1418948.475166146
2026-04-22 03:45:00,1418948.475166146
2026-04-22 04:00:00,1418948.475166146
2026-04-22 04:15:00,1418948.475166146
2026-04-22 04:30:00,1418948.475166146
2026-04-22 04:45:00,1418948.475166146
2026-04-22 05:00:00,1418948.475166146
2026-04-22 05:15:00,1418948.475166146
2026-04-22 05:30:00,1418948.475166146
2026-04-22 05:45:00,1418948.475166146
2026-04-22 06:00:00,1418948.475166146
2026-04-22 06:15:00,1418948.475166146
2026-04-22 06:30:00,1418948.475166146
2026-04-22 06:45:00,1418948.475166146
2026-04-22 07:00:00,1418948.475166146
2026-04-22 07:15:00,1418948.475166146
2026-04-22 07:30:00,1418948.475166146
2026-04-22 07:45:00,1418948.475166146
2026-04-22 08:00:00,1418948.475166146
2026-04-22 08:15:00,1418948.475166146
2026-04-22 08:30:00,1418948.475166146
2026-04-22 08:45:00,1418948.475166146
2026-04-22 09:00:00,1418948.475166146
2026-04-22 09:15:00,1418948.475166146
2026-04-22 09:30:00,1418948.475166146
2026-04-22 09:45:00,1418948.475166146
2026-04-22 10:00:00,1418948.475166146
2026-04-22 10:15:00,1418948.475166146
2026-04-22 10:30:00,1418948.475166146
2026-04-22 10:45:00,1418948.475166146
2026-04-22 11:00:00,1418948.475166146
2026-04-22 11:15:00,1418948.475166146
2026-04-22 11:30:00,1418948.475166146
2026-04-22 11:45:00,1418948.475166146
2026-04-22 12:00:00,1418948.475166146
2026-04-22 12:15:00,1418948.475166146
2026-04-22 12:30:00,1418948.475166146
2026-04-22 12:45:00,1418948.475166146
2026-04-22 13:00:00,1418948.475166146
2026-04-22 13:15:00,1418948.475166146
2026-04-22 13:30:00,1418948.475166146
2026-04-22 13:45:00,1418948.475166146
2026-04-22 14:00:00,1418948.475166146
2026-04-22 14:15:00,1418948.475166146
2026-04-22 14:30:00,1418948.475166146
2026-04-22 14:45:00,1418948.475166146
2026-04-22 15:00:00,1418948.475166146
2026-04-22 15:15:00,1418948.475166146
2026-04-22 15:30:00,1418948.475166146
2026-04-22 15:45:00,1418948.475166146
2026-04-22 16:00:00,1418948.475166146
2026-04-22 16:15:00,1418948.475166146
2026-04-22 16:30:00,1418948.475166146
2026-04-22 16:45:00,1418948.475166146
2026-04-22 17:00:00,1418948.475166146
2026-04-22 17:15:00,1418948.475166146
2026-04-22 17:30:00,1418948.475166146
2026-04-22 17:45:00,1418948.475166146
2026-04-22 18:00:00,1418948.475166146
2026-04-22 18:15:00,1418948.475166146
2026-04-22 18:30:00,1418948.475166146
2026-04-22 18:45:00,1418948.475166146
2026-04-22 19:00:00,1418948.475166146
2026-04-22 19:15:00,1418948.475166146
2026-04-22 19:30:00,1418948.475166146
2026-04-22 19:45:00,1418948.475166146
2026-04-22 20:00:00,1418948.475166146
2026-04-22 20:15:00,1418948.475166146
2026-04-22 20:30:00,1418948.475166146
2026-04-22 20:45:00,1418948.475166146
2026-04-22 21:00:00,1418948.475166146
2026-04-22 21:15:00,1418948.475166146
2026-04-22 21:30:00,1418948.475166146
2026-04-22 21:45:00,1418948.475166146
2026-04-22 22:00:00,1418948.475166146
2026-04-22 22:15:00,1418948.475166146
2026-04-22 22:30:00,1418948.475166146
2026-04-22 22:45:00,1418948.475166146
2026-04-22 23:00:00,1418948.475166146
2026-04-22 23:15:00,1418948.475166146
2026-04-22 23:30:00,1418948.475166146
2026-04-22 23:45:00,1418948.475166146
2026-04-23 00:00:00,1418948.475166146
2026-04-23 00:15:00,1418948.475166146
2026-04-23 00:30:00,1418948.475166146
2026-04-23 00:45:00,1418948.475166146
2026-04-23 01:00:00,1418948.475166146
2026-04-23 01:15:00,1418948.475166146
2026-04-23 01:30:00,1418948.475166146
2026-04-23 01:45:00,1418948.475166146
2026-04-23 02:00:00,1418948.475166146
2026-04-23 02:15:00,1418948.475166146
2026-04-23 02:30:00,1418948.475166146
2026-04-23 02:45:00,1418948.475166146
2026-04-23 03:00:00,1418948.475166146
2026-04-23 03:15:00,1418948.475166146
2026-04-23 03:30:00,1418948.475166146
2026-04-23 03:45:00,1418948.475166146
2026-04-23 04:00:00,1418948.475166146
2026-04-23 04:15:00,1418948.475166146
2026-04-23 04:30:00,1418948.475166146
2026-04-23 04:45:00,1418948.475166146
2026-04-23 05:00:00,1418948.475166146
2026-04-23 05:15:00,1418948.475166146
2026-04-23 05:30:00,1418948.475166146
2026-04-23 05:45:00,1418948.475166146
2026-04-23 06:00:00,1418948.475166146
2026-04-23 06:15:00,1418948.475166146
2026-04-23 06:30:00,1418948.475166146
2026-04-23 06:45:00,1418948.475166146
2026-04-23 07:00:00,1418948.475166146
2026-04-23 07:15:00,1418948.475166146
2026-04-23 07:30:00,1418948.475166146
2026-04-23 07:45:00,1418948.475166146
2026-04-23 08:00:00,1418948.475166146
2026-04-23 08:15:00,1418948.475166146
2026-04-23 08:30:00,1418948.475166146
2026-04-23 08:45:00,1418948.475166146
2026-04-23 09:00:00,1418948.475166146
2026-04-23 09:15:00,1418948.475166146
2026-04-23 09:30:00,1418948.475166146
2026-04-23 09:45:00,1418948.475166146
2026-04-23 10:00:00,1418948.475166146
2026-04-23 10:15:00,1418948.475166146
2026-04-23 10:30:00,1418948.475166146
2026-04-23 10:45:00,1418948.475166146
2026-04-23 11:00:00,1418948.475166146
2026-04-23 11:15:00,1418948.475166146
2026-04-23 11:30:00,1418948.475166146
2026-04-23 11:45:00,1418948.475166146
2026-04-23 12:00:00,1418948.475166146
2026-04-23 12:15:00,1418948.475166146
2026-04-23 12:30:00,1418948.475166146
2026-04-23 12:45:00,1418948.475166146
2026-04-23 13:00:00,1418948.475166146
2026-04-23 13:15:00,1418948.475166146
2026-04-23 13:30:00,1418948.475166146
2026-04-23 13:45:00,1418948.475166146
2026-04-23 14:00:00,1418948.475166146
2026-04-23 14:15:00,1418948.475166146
2026-04-23 14:30:00,1418948.475166146
2026-04-23 14:45:00,1418948.475166146
2026-04-23 15:00:00,1418948.475166146
2026-04-23 15:15:00,1418948.475166146
2026-04-23 15:30:00,1418948.475166146
2026-04-23 15:45:00,1418948.475166146
2026-04-23 16:00:00,1418948.475166146
2026-04-23 16:15:00,1418948.475166146
2026-04-23 16:30:00,1418948.475166146
2026-04-23 16:45:00,1418948.475166146
2026-04-23 17:00:00,1418948.475166146
2026-04-23 17:15:00,1418948.475166146
2026-04-23 17:30:00,1418948.475166146
2026-04-23 17:45:00,1418948.475166146
2026-04-23 18:00:00,1418948.475166146
2026-04-23 18:15:00,1418948.475166146
2026-04-23 18:30:00,1418948.475166146
2026-04-23 18:45:00,1418948.475166146
2026-04-23 19:00:00,1418948.475166146
2026-04-23 19:15:00,1418948.475166146
2026-04-23 19:30:00,1418948.475166146
2026-04-23 19:45:00,1418948.475166146
2026-04-23 20:00:00,1418948.475166146
2026-04-23 20:15:00,1418948.475166146
2026-04-23 20:30:00,1418948.475166146
2026-04-23 20:45:00,1418948.475166146
2026-04-23 21:00:00,1418948.475166146
2026-04-23 21:15:00,1418948.475166146
2026-04-23 21:30:00,1418948.475166146
2026-04-23 21:45:00,1418948.475166146
2026-04-23 22:00:00,1418948.475166146
2026-04-23 22:15:00,1418948.475166146
2026-04-23 22:30:00,1418948.475166146
2026-04-23 22:45:00,1418948.475166146
2026-04-23 23:00:00,1418948.475166146
2026-04-23 23:15:00,1418948.475166146
2026-04-23 23:30:00,1418948.475166146
2026-04-23 23:45:00,1418948.475166146
2026-04-24 00:00:00,1418948.475166146
2026-04-24 00:15:00,1418948.475166146
2026-04-24 00:30:00,1418948.475166146
2026-04-24 00:45:00,1418948.475166146
2026-04-24 01:00:00,1418948.475166146
2026-04-24 01:15:00,1418948.475166146
2026-04-24 01:30:00,1418948.475166146
2026-04-24 01:45:00,1418948.475166146
2026-04-24 02:00:00,1418948.475166146
2026-04-24 02:15:00,1418948.475166146
2026-04-24 02:30:00,1418948.475166146
2026-04-24 02:45:00,1418948.475166146
2026-04-24 03:00:00,1418948.475166146
2026-04-24 03:15:00,1418948.475166146
2026-04-24 03:30:00,1418948.475166146
2026-04-24 03:45:00,1418948.475166146
2026-04-24 04:00:00,1418948.475166146
2026-04-24 04:15:00,1418948.475166146
2026-04-24 04:30:00,1418948.475166146
2026-04-24 04:45:00,1418948.475166146
2026-04-24 05:00:00,1418948.475166146
2026-04-24 05:15:00,1418948.475166146
2026-04-24 05:30:00,1418948.475166146
2026-04-24 05:45:00,1418948.475166146
2026-04-24 06:00:00,1418948.475166146
2026-04-24 06:15:00,1418948.475166146
2026-04-24 06:30:00,1418948.475166146
2026-04-24 06:45:00,1418948.475166146
2026-04-24 07:00:00,1418948.475166146
2026-04-24 07:15:00,1418948.475166146
2026-04-24 07:30:00,1418948.475166146
2026-04-24 07:45:00,1418948.475166146
2026-04-24 08:00:00,1418948.475166146
2026-04-24 08:15:00,1418948.475166146
2026-04-24 08:30:00,1418948.475166146
2026-04-24 08:45:00,1418948.475166146
2026-04-24 09:00:00,1418948.475166146
2026-04-24 09:15:00,1418948.475166146
2026-04-24 09:30:00,1418948.475166146
2026-04-24 09:45:00,1418948.475166146
2026-04-24 10:00:00,1418948.475166146
2026-04-24 10:15:00,1418948.475166146
2026-04-24 10:30:00,1418948.475166146
2026-04-24 10:45:00,1418948.475166146
2026-04-24 11:00:00,1418948.475166146
2026-04-24 11:15:00,1418948.475166146
2026-04-24 11:30:00,1418948.475166146
2026-04-24 11:45:00,1418948.475166146
2026-04-24 12:00:00,1418948.475166146
2026-04-24 12:15:00,1418948.475166146
2026-04-24 12:30:00,1418948.475166146
2026-04-24 12:45:00,1418948.475166146
2026-04-24 13:00:00,1418948.475166146
2026-04-24 13:15:00,1418948.475166146
2026-04-24 13:30:00,1418948.475166146
2026-04-24 13:45:00,1418948.475166146
2026-04-24 14:00:00,1418948.475166146
2026-04-24 14:15:00,1418948.475166146
2026-04-24 14:30:00,1418948.475166146
2026-04-24 14:45:00,1418948.475166146
2026-04-24 15:00:00,1418948.475166146
2026-04-24 15:15:00,1418948.475166146
2026-04-24 15:30:00,1418948.475166146
2026-04-24 15:45:00,1418948.475166146
2026-04-24 16:00:00,1418948.475166146
2026-04-24 16:15:00,1418948.475166146
2026-04-24 16:30:00,1418948.475166146
2026-04-24 16:45:00,1418948.475166146
2026-04-24 17:00:00,1418948.475166146
2026-04-24 17:15:00,1418948.475166146
2026-04-24 17:30:00,1418948.475166146
2026-04-24 17:45:00,1418948.475166146
2026-04-24 18:00:00,1418948.475166146
2026-04-24 18:15:00,1418948.475166146
2026-04-24 18:30:00,1418948.475166146
2026-04-24 18:45:00,1418948.475166146
2026-04-24 19:00:00,1418948.475166146
2026-04-24 19:15:00,1418948.475166146
2026-04-24 19:30:00,1418948.475166146
2026-04-24 19:45:00,1418948.475166146
2026-04-24 20:00:00,1418948.475166146
2026-04-24 20:15:00,1418948.475166146
2026-04-24 20:30:00,1418948.475166146
2026-04-24 20:45:00,1418948.475166146
2026-04-24 21:00:00,1418948.475166146
2026-04-24 21:15:00,1418948.475166146
2026-04-24 21:30:00,1418948.475166146
2026-04-24 21:45:00,1418948.475166146
2026-04-24 22:00:00,1418948.475166146
2026-04-24 22:15:00,1418948.475166146
2026-04-24 22:30:00,1418948.475166146
2026-04-24 22:45:00,1418948.475166146
2026-04-24 23:00:00,1418948.475166146
2026-04-24 23:15:00,1418948.475166146
2026-04-24 23:30:00,1418948.475166146
2026-04-24 23:45:00,1418948.475166146
2026-04-27 00:00:00,1418948.475166146
2026-04-27 00:15:00,1418948.475166146
2026-04-27 00:30:00,1418948.475166146
2026-04-27 00:45:00,1418948.475166146
2026-04-27 01:00:00,1418948.475166146
2026-04-27 01:15:00,1418948.475166146
2026-04-27 01:30:00,1418948.475166146
2026-04-27 01:45:00,1418948.475166146
2026-04-27 02:00:00,1418948.475166146
2026-04-27 02:15:00,1418948.475166146
2026-04-27 02:30:00,1418948.475166146
2026-04-27 02:45:00,1418948.475166146
2026-04-27 03:00:00,1418948.475166146
2026-04-27 03:15:00,1418948.475166146
2026-04-27 03:30:00,1418948.475166146
2026-04-27 03:45:00,1418948.475166146
2026-04-27 04:00:00,1418948.475166146
2026-04-27 04:15:00,1418948.475166146
2026-04-27 04:30:00,1418948.475166146
2026-04-27 04:45:00,1418948.475166146
2026-04-27 05:00:00,1418948.475166146
2026-04-27 05:15:00,1418948.475166146
2026-04-27 05:30:00,1418948.475166146
2026-04-27 05:45:00,1418948.475166146
2026-04-27 06:00:00,1418948.475166146
2026-04-27 06:15:00,1418948.475166146
2026-04-27 06:30:00,1418948.475166146
2026-04-27 06:45:00,1418948.475166146
2026-04-27 07:00:00,1418948.475166146
2026-04-27 07:15:00,1418948.475166146
2026-04-27 07:30:00,1418948.475166146
2026-04-27 07:45:00,1418948.475166146
2026-04-27 08:00:00,1418948.475166146
2026-04-27 08:15:00,1418948.475166146
2026-04-27 08:30:00,1418948.475166146
2026-04-27 08:45:00,1418948.475166146
2026-04-27 09:00:00,1418948.475166146
2026-04-27 09:15:00,1418948.475166146
2026-04-27 09:30:00,1418948.475166146
2026-04-27 09:45:00,1418948.475166146
2026-04-27 10:00:00,1418948.475166146
2026-04-27 10:15:00,1418948.475166146
2026-04-27 10:30:00,1418948.475166146
2026-04-27 10:45:00,1418948.475166146
2026-04-27 11:00:00,1418948.475166146
2026-04-27 11:15:00,1418948.475166146
2026-04-27 11:30:00,1418948.475166146
2026-04-27 11:45:00,1418948.475166146
2026-04-27 12:00:00,1418948.475166146
2026-04-27 12:15:00,1418948.475166146
2026-04-27 12:30:00,1418948.475166146
2026-04-27 12:45:00,1418948.475166146
2026-04-27 13:00:00,1418948.475166146
2026-04-27 13:15:00,1418948.475166146
2026-04-27 13:30:00,1418948.475166146
2026-04-27 13:45:00,1418948.475166146
2026-04-27 14:00:00,1418948.475166146
2026-04-27 14:15:00,1418948.475166146
2026-04-27 14:30:00,1418948.475166146
2026-04-27 14:45:00,1418948.475166146
2026-04-27 15:00:00,1418948.475166146
2026-04-27 15:15:00,1418948.475166146
2026-04-27 15:30:00,1418948.475166146
2026-04-27 15:45:00,1418948.475166146
2026-04-27 16:00:00,1418948.475166146
2026-04-27 16:15:00,1418948.475166146
2026-04-27 16:30:00,1418948.475166146
2026-04-27 16:45:00,1418948.475166146
2026-04-27 17:00:00,1418948.475166146
2026-04-27 17:15:00,1418948.475166146
2026-04-27 17:30:00,1418948.475166146
2026-04-27 17:45:00,1418948.475166146
2026-04-27 18:00:00,1418948.475166146
2026-04-27 18:15:00,1418948.475166146
2026-04-27 18:30:00,1418948.475166146
2026-04-27 18:45:00,1418948.475166146
2026-04-27 19:00:00,1418948.475166146
2026-04-27 19:15:00,1418948.475166146
2026-04-27 19:30:00,1418948.475166146
2026-04-27 19:45:00,1418948.475166146
2026-04-27 20:00:00,1418948.475166146
2026-04-27 20:15:00,1418948.475166146
2026-04-27 20:30:00,1418948.475166146
2026-04-27 20:45:00,1418948.475166146
2026-04-27 21:00:00,1418948.475166146
2026-04-27 21:15:00,1418948.475166146
2026-04-27 21:30:00,1418948.475166146
2026-04-27 21:45:00,1418948.475166146
2026-04-27 22:00:00,1418948.475166146
2026-04-27 22:15:00,1418948.475166146
2026-04-27 22:30:00,1418948.475166146
2026-04-27 22:45:00,1418948.475166146
2026-04-27 23:00:00,1418948.475166146
2026-04-27 23:15:00,1418948.475166146
2026-04-27 23:30:00,1418948.475166146
2026-04-27 23:45:00,1418948.475166146
2026-04-28 00:00:00,1418948.475166146
2026-04-28 00:15:00,1418948.475166146
2026-04-28 00:30:00,1418948.475166146
2026-04-28 00:45:00,1418948.475166146
2026-04-28 01:00:00,1418948.475166146
2026-04-28 01:15:00,1418948.475166146
2026-04-28 01:30:00,1418948.475166146
2026-04-28 01:45:00,1418948.475166146
2026-04-28 02:00:00,1418948.475166146
2026-04-28 02:15:00,1418948.475166146
2026-04-28 02:30:00,1418948.475166146
2026-04-28 02:45:00,1418948.475166146
2026-04-28 03:00:00,1418948.475166146
2026-04-28 03:15:00,1418948.475166146
2026-04-28 03:30:00,1418948.475166146
2026-04-28 03:45:00,1418948.475166146
2026-04-28 04:00:00,1418948.475166146
2026-04-28 04:15:00,1418948.475166146
2026-04-28 04:30:00,1418948.475166146
2026-04-28 04:45:00,1418948.475166146
2026-04-28 05:00:00,1418948.475166146
2026-04-28 05:15:00,1418948.475166146
2026-04-28 05:30:00,1418948.475166146
2026-04-28 05:45:00,1418948.475166146
2026-04-28 06:00:00,1418948.475166146
2026-04-28 06:15:00,1418948.475166146
2026-04-28 06:30:00,1418948.475166146
2026-04-28 06:45:00,1418948.475166146
2026-04-28 07:00:00,1418948.475166146
2026-04-28 07:15:00,1418948.475166146
2026-04-28 07:30:00,1418948.475166146
2026-04-28 07:45:00,1418948.475166146
2026-04-28 08:00:00,1418948.475166146
2026-04-28 08:15:00,1418948.475166146
2026-04-28 08:30:00,1418948.475166146
2026-04-28 08:45:00,1418948.475166146
2026-04-28 09:00:00,1418948.475166146
2026-04-28 09:15:00,1418948.475166146
2026-04-28 09:30:00,1418948.475166146
2026-04-28 09:45:00,1418948.475166146
2026-04-28 10:00:00,1418948.475166146
2026-04-28 10:15:00,1418948.475166146
2026-04-28 10:30:00,1418948.475166146
2026-04-28 10:45:00,1418948.475166146
2026-04-28 11:00:00,1418948.475166146
2026-04-28 11:15:00,1418948.475166146
2026-04-28 11:30:00,1418948.475166146
2026-04-28 11:45:00,1418948.475166146
2026-04-28 12:00:00,1418948.475166146
2026-04-28 12:15:00,1418948.475166146
2026-04-28 12:30:00,1418948.475166146
2026-04-28 12:45:00,1418948.475166146
2026-04-28 13:00:00,1418948.475166146
2026-04-28 13:15:00,1418948.475166146
2026-04-28 13:30:00,1418948.475166146
2026-04-28 13:45:00,1418948.475166146
2026-04-28 14:00:00,1418948.475166146
2026-04-28 14:15:00,1418948.475166146
2026-04-28 14:30:00,1418948.475166146
2026-04-28 14:45:00,1418948.475166146
2026-04-28 15:00:00,1418948.475166146
2026-04-28 15:15:00,1418948.475166146
2026-04-28 15:30:00,1418948.475166146
2026-04-28 15:45:00,1418948.475166146
2026-04-28 16:00:00,1418948.475166146
2026-04-28 16:15:00,1418948.475166146
2026-04-28 16:30:00,1418948.475166146
2026-04-28 16:45:00,1418948.475166146
2026-04-28 17:00:00,1418948.475166146
2026-04-28 17:15:00,1418948.475166146
2026-04-28 17:30:00,1418948.475166146
2026-04-28 17:45:00,1418948.475166146
2026-04-28 18:00:00,1418948.475166146
2026-04-28 18:15:00,1418948.475166146
2026-04-28 18:30:00,1418948.475166146
2026-04-28 18:45:00,1418948.475166146
2026-04-28 19:00:00,1418948.475166146
2026-04-28 19:15:00,1418948.475166146
2026-04-28 19:30:00,1418948.475166146
2026-04-28 19:45:00,1418948.475166146
2026-04-28 20:00:00,1418948.475166146
2026-04-28 20:15:00,1418948.475166146
2026-04-28 20:30:00,1418948.475166146
2026-04-28 20:45:00,1418948.475166146
2026-04-28 21:00:00,1418948.475166146
2026-04-28 21:15:00,1418948.475166146
2026-04-28 21:30:00,1418948.475166146
2026-04-28 21:45:00,1418948.475166146
2026-04-28 22:00:00,1418948.475166146
2026-04-28 22:15:00,1418948.475166146
2026-04-28 22:30:00,1418948.475166146
2026-04-28 22:45:00,1418948.475166146
2026-04-28 23:00:00,1418948.475166146
2026-04-28 23:15:00,1418948.475166146
2026-04-28 23:30:00,1418948.475166146
2026-04-28 23:45:00,1418948.475166146
2026-04-29 00:00:00,1418948.475166146
2026-04-29 00:15:00,1418948.475166146
2026-04-29 00:30:00,1418948.475166146
2026-04-29 00:45:00,1418948.475166146
2026-04-29 01:00:00,1418948.475166146
2026-04-29 01:15:00,1418948.475166146
2026-04-29 01:30:00,1418948.475166146
2026-04-29 01:45:00,1418948.475166146
2026-04-29 02:00:00,1418948.475166146
2026-04-29 02:15:00,1418948.475166146
2026-04-29 02:30:00,1418948.475166146
2026-04-29 02:45:00,1418948.475166146
2026-04-29 03:00:00,1418948.475166146
2026-04-29 03:15:00,1418948.475166146
2026-04-29 03:30:00,1418948.475166146
2026-04-29 03:45:00,1418948.475166146
2026-04-29 04:00:00,1418948.475166146
2026-04-29 04:15:00,1418948.475166146
2026-04-29 04:30:00,1418948.475166146
2026-04-29 04:45:00,1418948.475166146
2026-04-29 05:00:00,1418948.475166146
2026-04-29 05:15:00,1418948.475166146
2026-04-29 05:30:00,1418948.475166146
2026-04-29 05:45:00,1418948.475166146
2026-04-29 06:00:00,1418948.475166146
2026-04-29 06:15:00,1418948.475166146
2026-04-29 06:30:00,1418948.475166146
2026-04-29 06:45:00,1418948.475166146
2026-04-29 07:00:00,1418948.475166146
2026-04-29 07:15:00,1418948.475166146
2026-04-29 07:30:00,1418948.475166146
2026-04-29 07:45:00,1418948.475166146
2026-04-29 08:00:00,1418948.475166146
2026-04-29 08:15:00,1418948.475166146
2026-04-29 08:30:00,1418948.475166146
2026-04-29 08:45:00,1418948.475166146
2026-04-29 09:00:00,1418948.475166146
2026-04-29 09:15:00,1418948.475166146
2026-04-29 09:30:00,1418948.475166146
2026-04-29 09:45:00,1418948.475166146
2026-04-29 10:00:00,1418948.475166146
2026-04-29 10:15:00,1418948.475166146
2026-04-29 10:30:00,1418948.475166146
2026-04-29 10:45:00,1418948.475166146
2026-04-29 11:00:00,1418948.475166146
2026-04-29 11:15:00,1418948.475166146
2026-04-29 11:30:00,1418948.475166146
2026-04-29 11:45:00,1418948.475166146
2026-04-29 12:00:00,1418948.475166146
2026-04-29 12:15:00,1418948.475166146
2026-04-29 12:30:00,1418948.475166146
2026-04-29 12:45:00,1418948.475166146
2026-04-29 13:00:00,1418948.475166146
2026-04-29 13:15:00,1418948.475166146
2026-04-29 13:30:00,1418948.475166146
2026-04-29 13:45:00,1418948.475166146
2026-04-29 14:00:00,1418948.475166146
2026-04-29 14:15:00,1418948.475166146
2026-04-29 14:30:00,1418948.475166146
2026-04-29 14:45:00,1418948.475166146
2026-04-29 15:00:00,1418948.475166146
2026-04-29 15:15:00,1418948.475166146
2026-04-29 15:30:00,1418948.475166146
2026-04-29 15:45:00,1418948.475166146
2026-04-29 16:00:00,1418948.475166146
2026-04-29 16:15:00,1418948.475166146
2026-04-29 16:30:00,1418948.475166146
2026-04-29 16:45:00,1418948.475166146
2026-04-29 17:00:00,1418948.475166146
2026-04-29 17:15:00,1418948.475166146
2026-04-29 17:30:00,1418948.475166146
2026-04-29 17:45:00,1418948.475166146
2026-04-29 18:00:00,1418948.475166146
2026-04-29 18:15:00,1418948.475166146
2026-04-29 18:30:00,1418948.475166146
2026-04-29 18:45:00,1418948.475166146
2026-04-29 19:00:00,1418948.475166146
2026-04-29 19:15:00,1418948.475166146
2026-04-29 19:30:00,1418948.475166146
2026-04-29 19:45:00,1418948.475166146
2026-04-29 20:00:00,1418948.475166146
2026-04-29 20:15:00,1418948.475166146
2026-04-29 20:30:00,1418948.475166146
2026-04-29 20:45:00,1418948.475166146
2026-04-29 21:00:00,1418948.475166146
2026-04-29 21:15:00,1418948.475166146
2026-04-29 21:30:00,1418948.475166146
2026-04-29 21:45:00,1418948.475166146
2026-04-29 22:00:00,1418948.475166146
2026-04-29 22:15:00,1418948.475166146
2026-04-29 22:30:00,1418948.475166146
2026-04-29 22:45:00,1418948.475166146
2026-04-29 23:00:00,1418948.475166146
2026-04-29 23:15:00,1418948.475166146
2026-04-29 23:30:00,1418948.475166146
2026-04-29 23:45:00,1418948.475166146
2026-04-30 00:00:00,1418948.475166146
2026-04-30 00:15:00,1418948.475166146
2026-04-30 00:30:00,1418948.475166146
2026-04-30 00:45:00,1418948.475166146
2026-04-30 01:00:00,1418948.475166146
2026-04-30 01:15:00,1418948.475166146
2026-04-30 01:30:00,1418948.475166146
2026-04-30 01:45:00,1418948.475166146
2026-04-30 02:00:00,1418948.475166146
2026-04-30 02:15:00,1418948.475166146
2026-04-30 02:30:00,1418948.475166146
2026-04-30 02:45:00,1418948.475166146
2026-04-30 03:00:00,1418948.475166146
2026-04-30 03:15:00,1418948.475166146
2026-04-30 03:30:00,1418948.475166146
2026-04-30 03:45:00,1418948.475166146
2026-04-30 04:00:00,1418948.475166146
2026-04-30 04:15:00,1418948.475166146
2026-04-30 04:30:00,1418948.475166146
2026-04-30 04:45:00,1418948.475166146
2026-04-30 05:00:00,1418948.475166146
2026-04-30 05:15:00,1418948.475166146
2026-04-30 05:30:00,1418948.475166146
2026-04-30 05:45:00,1418948.475166146
2026-04-30 06:00:00,1418948.475166146
2026-04-30 06:15:00,1418948.475166146
2026-04-30 06:30:00,1418948.475166146
2026-04-30 06:45:00,1418948.475166146
2026-04-30 07:00:00,1418948.475166146
2026-04-30 07:15:00,1418948.475166146
2026-04-30 07:30:00,1418948.475166146
2026-04-30 07:45:00,1418948.475166146
2026-04-30 08:00:00,1418948.475166146
2026-04-30 08:15:00,1418948.475166146
2026-04-30 08:30:00,1418948.475166146
2026-04-30 08:45:00,1418948.475166146
2026-04-30 09:00:00,1418948.475166146
2026-04-30 09:15:00,1418948.475166146
2026-04-30 09:30:00,1418948.475166146
2026-04-30 09:45:00,1418948.475166146
2026-04-30 10:00:00,1418948.475166146
2026-04-30 10:15:00,1418948.475166146
2026-04-30 10:30:00,1418948.475166146
2026-04-30 10:45:00,1418948.475166146
2026-04-30 11:00:00,1418948.475166146
2026-04-30 11:15:00,1418948.475166146
2026-04-30 11:30:00,1418948.475166146
2026-04-30 11:45:00,1418948.475166146
2026-04-30 12:00:00,1418948.475166146
2026-04-30 12:15:00,1418948.475166146
2026-04-30 12:30:00,1418948.475166146
2026-04-30 12:45:00,1418948.475166146
2026-04-30 13:00:00,1418948.475166146
2026-04-30 13:15:00,1418948.475166146
2026-04-30 13:30:00,1418948.475166146
2026-04-30 13:45:00,1418948.475166146
2026-04-30 14:00:00,1418948.475166146
2026-04-30 14:15:00,1418948.475166146
2026-04-30 14:30:00,1418948.475166146
2026-04-30 14:45:00,1418948.475166146
2026-04-30 15:00:00,1418948.475166146
2026-04-30 15:15:00,1418948.475166146
2026-04-30 15:30:00,1418948.475166146
2026-04-30 15:45:00,1418948.475166146
2026-04-30 16:00:00,1418948.475166146
2026-04-30 16:15:00,1418948.475166146
2026-04-30 16:30:00,1418948.475166146
2026-04-30 16:45:00,1418948.475166146
2026-04-30 17:00:00,1418948.475166146
2026-04-30 17:15:00,1418948.475166146
2026-04-30 17:30:00,1418948.475166146
2026-04-30 17:45:00,1418948.475166146
2026-04-30 18:00:00,1418948.475166146
2026-04-30 18:15:00,1418948.475166146
2026-04-30 18:30:00,1418948.475166146
2026-04-30 18:45:00,1418948.475166146
2026-04-30 19:00:00,1418948.475166146
2026-04-30 19:15:00,1418948.475166146
2026-04-30 19:30:00,1418948.475166146
2026-04-30 19:45:00,1418948.475166146
2026-04-30 20:00:00,1418948.475166146
2026-04-30 20:15:00,1418948.475166146
2026-04-30 20:30:00,1418948.475166146
2026-04-30 20:45:00,1418948.475166146
2026-04-30 21:00:00,1418948.475166146
2026-04-30 21:15:00,1418948.475166146
2026-04-30 21:30:00,1418948.475166146
2026-04-30 21:45:00,1418948.475166146
2026-04-30 22:00:00,1418948.475166146
2026-04-30 22:15:00,1418948.475166146
2026-04-30 22:30:00,1418948.475166146
2026-04-30 22:45:00,1418948.475166146
2026-04-30 23:00:00,1418948.475166146
2026-04-30 23:15:00,1418948.475166146
2026-04-30 23:30:00,1418948.475166146
2026-04-30 23:45:00,1418948.475166146
2026-05-01 00:00:00,1418948.475166146
2026-05-01 00:15:00,1418948.475166146
2026-05-01 00:30:00,1418948.475166146
2026-05-01 00:45:00,1418948.475166146
2026-05-01 01:00:00,1418948.475166146
2026-05-01 01:15:00,1418948.475166146
2026-05-01 01:30:00,1418948.475166146
2026-05-01 01:45:00,1418948.475166146
2026-05-01 02:00:00,1418948.475166146
2026-05-01 02:15:00,1418948.475166146
2026-05-01 02:30:00,1418948.475166146
2026-05-01 02:45:00,1418948.475166146
2026-05-01 03:00:00,1418948.475166146
2026-05-01 03:15:00,1418948.475166146
2026-05-01 03:30:00,1418948.475166146
2026-05-01 03:45:00,1418948.475166146
2026-05-01 04:00:00,1418948.475166146
2026-05-01 04:15:00,1418948.475166146
2026-05-01 04:30:00,1418948.475166146
2026-05-01 04:45:00,1418948.475166146
2026-05-01 05:00:00,1418948.475166146
2026-05-01 05:15:00,1418948.475166146
2026-05-01 05:30:00,1418948.475166146
2026-05-01 05:45:00,1418948.475166146
2026-05-01 06:00:00,1418948.475166146
2026-05-01 06:15:00,1418948.475166146
2026-05-01 06:30:00,1418948.475166146
2026-05-01 06:45:00,1418948.475166146
2026-05-01 07:00:00,1418948.475166146
2026-05-01 07:15:00,1418948.475166146
2026-05-01 07:30:00,1418948.475166146
2026-05-01 07:45:00,1418948.475166146
2026-05-01 08:00:00,1418948.475166146
2026-05-01 08:15:00,1418948.475166146
2026-05-01 08:30:00,1418948.475166146
2026-05-01 08:45:00,1418948.475166146
2026-05-01 09:00:00,1418948.475166146
2026-05-01 09:15:00,1418948.475166146
2026-05-01 09:30:00,1418948.475166146
2026-05-01 09:45:00,1418948.475166146
2026-05-01 10:00:00,1418948.475166146
2026-05-01 10:15:00,1418948.475166146
2026-05-01 10:30:00,1418948.475166146
2026-05-01 10:45:00,1418948.475166146
2026-05-01 11:00:00,1418948.475166146
2026-05-01 11:15:00,1418948.475166146
2026-05-01 11:30:00,1418948.475166146
2026-05-01 11:45:00,1418948.475166146
2026-05-01 12:00:00,1418948.475166146
2026-05-01 12:15:00,1418948.475166146
2026-05-01 12:30:00,1418948.475166146
2026-05-01 12:45:00,1418948.475166146
2026-05-01 13:00:00,1418948.475166146
2026-05-01 13:15:00,1418948.475166146
2026-05-01 13:30:00,1418948.475166146
2026-05-01 13:45:00,1418948.475166146
2026-05-01 14:00:00,1418948.475166146
2026-05-01 14:15:00,1418948.475166146
2026-05-01 14:30:00,1418948.475166146
2026-05-01 14:45:00,1418948.475166146
2026-05-01 15:00:00,1418948.475166146
2026-05-01 15:15:00,1418948.475166146
2026-05-01 15:30:00,1418948.475166146
2026-05-01 15:45:00,1418948.475166146
2026-05-01 16:00:00,1418948.475166146
2026-05-01 16:15:00,1418948.475166146
2026-05-01 16:30:00,1418948.475166146
2026-05-01 16:45:00,1418948.475166146
2026-05-01 17:00:00,1418948.475166146
2026-05-01 17:15:00,1418948.475166146
2026-05-01 17:30:00,1418948.475166146
2026-05-01 17:45:00,1418948.475166146
2026-05-01 18:00:00,1418948.475166146
2026-05-01 18:15:00,1418948.475166146
2026-05-01 18:30:00,1418948.475166146
2026-05-01 18:45:00,1418948.475166146
2026-05-01 19:00:00,1418948.475166146
2026-05-01 19:15:00,1418948.475166146
2026-05-01 19:30:00,1418948.475166146
2026-05-01 19:45:00,1418948.475166146
2026-05-01 20:00:00,1418948.475166146
2026-05-01 20:15:00,1418948.475166146
2026-05-01 20:30:00,1418948.475166146
2026-05-01 20:45:00,1418948.475166146
2026-05-01 21:00:00,1418948.475166146
2026-05-01 21:15:00,1418948.475166146
2026-05-01 21:30:00,1418948.475166146
2026-05-01 21:45:00,1418948.475166146
2026-05-01 22:00:00,1418948.475166146
2026-05-01 22:15:00,1418948.475166146
2026-05-01 22:30:00,1418948.475166146
2026-05-01 22:45:00,1418948.475166146
2026-05-01 23:00:00,1418948.475166146
2026-05-01 23:15:00,1418948.475166146
2026-05-01 23:30:00,1418948.475166146
2026-05-01 23:45:00,1418948.475166146
2026-05-04 00:00:00,1418948.475166146
2026-05-04 00:15:00,1418948.475166146
2026-05-04 00:30:00,1418948.475166146
2026-05-04 00:45:00,1418948.475166146
2026-05-04 01:00:00,1418948.475166146
2026-05-04 01:15:00,1418948.475166146
2026-05-04 01:30:00,1418948.475166146
2026-05-04 01:45:00,1418948.475166146
2026-05-04 02:00:00,1418948.475166146
2026-05-04 02:15:00,1418948.475166146
2026-05-04 02:30:00,1418948.475166146
2026-05-04 02:45:00,1418948.475166146
2026-05-04 03:00:00,1418948.475166146
2026-05-04 03:15:00,1418948.475166146
2026-05-04 03:30:00,1418948.475166146
2026-05-04 03:45:00,1418948.475166146
2026-05-04 04:00:00,1418948.475166146
2026-05-04 04:15:00,1418948.475166146
2026-05-04 04:30:00,1418948.475166146
2026-05-04 04:45:00,1418948.475166146
2026-05-04 05:00:00,1418948.475166146
2026-05-04 05:15:00,1418948.475166146
2026-05-04 05:30:00,1418948.475166146
2026-05-04 05:45:00,1418948.475166146
2026-05-04 06:00:00,1418948.475166146
2026-05-04 06:15:00,1418948.475166146
2026-05-04 06:30:00,1418948.475166146
2026-05-04 06:45:00,1418948.475166146
2026-05-04 07:00:00,1418948.475166146
2026-05-04 07:15:00,1418948.475166146
2026-05-04 07:30:00,1418948.475166146
2026-05-04 07:45:00,1418948.475166146
2026-05-04 08:00:00,1418948.475166146
2026-05-04 08:15:00,1418948.475166146
2026-05-04 08:30:00,1418948.475166146
2026-05-04 08:45:00,1418948.475166146
2026-05-04 09:00:00,1418948.475166146
2026-05-04 09:15:00,1418948.475166146
2026-05-04 09:30:00,1418948.475166146
2026-05-04 09:45:00,1418948.475166146
2026-05-04 10:00:00,1418948.475166146
2026-05-04 10:15:00,1418948.475166146
2026-05-04 10:30:00,1418948.475166146
2026-05-04 10:45:00,1418948.475166146
2026-05-04 11:00:00,1418948.475166146
2026-05-04 11:15:00,1418948.475166146
2026-05-04 11:30:00,1418948.475166146
2026-05-04 11:45:00,1418948.475166146
2026-05-04 12:00:00,1418948.475166146
2026-05-04 12:15:00,1418948.475166146
2026-05-04 12:30:00,1418948.475166146
2026-05-04 12:45:00,1418948.475166146
2026-05-04 13:00:00,1418948.475166146
2026-05-04 13:15:00,1418948.475166146
2026-05-04 13:30:00,1418948.475166146
2026-05-04 13:45:00,1418948.475166146
2026-05-04 14:00:00,1418948.475166146
2026-05-04 14:15:00,1418948.475166146
2026-05-04 14:30:00,1418948.475166146
2026-05-04 14:45:00,1418948.475166146
2026-05-04 15:00:00,1418948.475166146
2026-05-04 15:15:00,1418948.475166146
2026-05-04 15:30:00,1418948.475166146
2026-05-04 15:45:00,1418948.475166146
2026-05-04 16:00:00,1418948.475166146
2026-05-04 16:15:00,1418948.475166146
2026-05-04 16:30:00,1418948.475166146
2026-05-04 16:45:00,1418948.475166146
2026-05-04 17:00:00,1418948.475166146
2026-05-04 17:15:00,1418948.475166146
2026-05-04 17:30:00,1418948.475166146
2026-05-04 17:45:00,1418948.475166146
2026-05-04 18:00:00,1418948.475166146
2026-05-04 18:15:00,1418948.475166146
2026-05-04 18:30:00,1418948.475166146
2026-05-04 18:45:00,1418948.475166146
2026-05-04 19:00:00,1418948.475166146
2026-05-04 19:15:00,1418948.475166146
2026-05-04 19:30:00,1418948.475166146
2026-05-04 19:45:00,1418948.475166146
2026-05-04 20:00:00,1418948.475166146
2026-05-04 20:15:00,1418948.475166146
2026-05-04 20:30:00,1418948.475166146
2026-05-04 20:45:00,1418948.475166146
2026-05-04 21:00:00,1418948.475166146
2026-05-04 21:15:00,1418948.475166146
2026-05-04 21:30:00,1418948.475166146
2026-05-04 21:45:00,1418948.475166146
2026-05-04 22:00:00,1418948.475166146
2026-05-04 22:15:00,1418948.475166146
2026-05-04 22:30:00,1418948.475166146
2026-05-04 22:45:00,1418948.475166146
2026-05-04 23:00:00,1418948.475166146
2026-05-04 23:15:00,1418948.475166146
2026-05-04 23:30:00,1418948.475166146
2026-05-04 23:45:00,1418948.475166146
2026-05-05 00:00:00,1418948.475166146
2026-05-05 00:15:00,1418948.475166146
2026-05-05 00:30:00,1418948.475166146
2026-05-05 00:45:00,1418948.475166146
2026-05-05 01:00:00,1418948.475166146
2026-05-05 01:15:00,1418948.475166146
2026-05-05 01:30:00,1418948.475166146
2026-05-05 01:45:00,1418948.475166146
2026-05-05 02:00:00,1418948.475166146
2026-05-05 02:15:00,1418948.475166146
2026-05-05 02:30:00,1418948.475166146
2026-05-05 02:45:00,1418948.475166146
2026-05-05 03:00:00,1418948.475166146
2026-05-05 03:15:00,1418948.475166146
2026-05-05 03:30:00,1418948.475166146
2026-05-05 03:45:00,1418948.475166146
2026-05-05 04:00:00,1418948.475166146
2026-05-05 04:15:00,1418948.475166146
2026-05-05 04:30:00,1418948.475166146
2026-05-05 04:45:00,1418948.475166146
2026-05-05 05:00:00,1418948.475166146
2026-05-05 05:15:00,1418948.475166146
2026-05-05 05:30:00,1418948.475166146
2026-05-05 05:45:00,1418948.475166146
2026-05-05 06:00:00,1418948.475166146
2026-05-05 06:15:00,1418948.475166146
2026-05-05 06:30:00,1418948.475166146
2026-05-05 06:45:00,1418948.475166146
2026-05-05 07:00:00,1418948.475166146
2026-05-05 07:15:00,1418948.475166146
2026-05-05 07:30:00,1418948.475166146
2026-05-05 07:45:00,1418948.475166146
2026-05-05 08:00:00,1418948.475166146
2026-05-05 08:15:00,1418948.475166146
2026-05-05 08:30:00,1418948.475166146
2026-05-05 08:45:00,1418948.475166146
2026-05-05 09:00:00,1418948.475166146
2026-05-05 09:15:00,1418948.475166146
2026-05-05 09:30:00,1418948.475166146
2026-05-05 09:45:00,1418948.475166146
2026-05-05 10:00:00,1418948.475166146
2026-05-05 10:15:00,1418948.475166146
2026-05-05 10:30:00,1418948.475166146
2026-05-05 10:45:00,1418948.475166146
2026-05-05 11:00:00,1418948.475166146
2026-05-05 11:15:00,1418948.475166146
2026-05-05 11:30:00,1418948.475166146
2026-05-05 11:45:00,1418948.475166146
2026-05-05 12:00:00,1418948.475166146
2026-05-05 12:15:00,1418948.475166146
2026-05-05 12:30:00,1418948.475166146
2026-05-05 12:45:00,1418948.475166146
2026-05-05 13:00:00,1418948.475166146
2026-05-05 13:15:00,1418948.475166146
2026-05-05 13:30:00,1418948.475166146
2026-05-05 13:45:00,1418948.475166146
2026-05-05 14:00:00,1418948.475166146
2026-05-05 14:15:00,1418948.475166146
2026-05-05 14:30:00,1418948.475166146
2026-05-05 14:45:00,1418948.475166146
2026-05-05 15:00:00,1418948.475166146
2026-05-05 15:15:00,1418948.475166146
2026-05-05 15:30:00,1418948.475166146
2026-05-05 15:45:00,1418948.475166146
2026-05-05 16:00:00,1418948.475166146
2026-05-05 16:15:00,1418948.475166146
2026-05-05 16:30:00,1418948.475166146
2026-05-05 16:45:00,1418948.475166146
2026-05-05 17:00:00,1418948.475166146
2026-05-05 17:15:00,1418948.475166146
2026-05-05 17:30:00,1418948.475166146
2026-05-05 17:45:00,1418948.475166146
2026-05-05 18:00:00,1418948.475166146
2026-05-05 18:15:00,1418948.475166146
2026-05-05 18:30:00,1418948.475166146
2026-05-05 18:45:00,1418948.475166146
2026-05-05 19:00:00,1418948.475166146
2026-05-05 19:15:00,1418948.475166146
2026-05-05 19:30:00,1418948.475166146
2026-05-05 19:45:00,1418948.475166146
2026-05-05 20:00:00,1418948.475166146
2026-05-05 20:15:00,1418948.475166146
2026-05-05 20:30:00,1418948.475166146
2026-05-05 20:45:00,1418948.475166146
2026-05-05 21:00:00,1418948.475166146
2026-05-05 21:15:00,1418948.475166146
2026-05-05 21:30:00,1418948.475166146
2026-05-05 21:45:00,1418948.475166146
2026-05-05 22:00:00,1418948.475166146
2026-05-05 22:15:00,1418948.475166146
2026-05-05 22:30:00,1418948.475166146
2026-05-05 22:45:00,1418948.475166146
2026-05-05 23:00:00,1418948.475166146
2026-05-05 23:15:00,1418948.475166146
2026-05-05 23:30:00,1418948.475166146
2026-05-05 23:45:00,1418948.475166146
2026-05-06 00:00:00,1418948.475166146
2026-05-06 00:15:00,1418948.475166146
2026-05-06 00:30:00,1418948.475166146
2026-05-06 00:45:00,1418948.475166146
2026-05-06 01:00:00,1418948.475166146
2026-05-06 01:15:00,1418948.475166146
2026-05-06 01:30:00,1418948.475166146
2026-05-06 01:45:00,1418948.475166146
2026-05-06 02:00:00,1418948.475166146
2026-05-06 02:15:00,1418948.475166146
2026-05-06 02:30:00,1418948.475166146
2026-05-06 02:45:00,1418948.475166146
2026-05-06 03:00:00,1418948.475166146
2026-05-06 03:15:00,1418948.475166146
2026-05-06 03:30:00,1418948.475166146
2026-05-06 03:45:00,1418948.475166146
2026-05-06 04:00:00,1418948.475166146
2026-05-06 04:15:00,1418948.475166146
2026-05-06 04:30:00,1418948.475166146
2026-05-06 04:45:00,1418948.475166146
2026-05-06 05:00:00,1418948.475166146
2026-05-06 05:15:00,1418948.475166146
2026-05-06 05:30:00,1418948.475166146
2026-05-06 05:45:00,1418948.475166146
2026-05-06 06:00:00,1418948.475166146
2026-05-06 06:15:00,1418948.475166146
2026-05-06 06:30:00,1418948.475166146
2026-05-06 06:45:00,1418948.475166146
2026-05-06 07:00:00,1418948.475166146
2026-05-06 07:15:00,1418948.475166146
2026-05-06 07:30:00,1418948.475166146
2026-05-06 07:45:00,1418948.475166146
2026-05-06 08:00:00,1418948.475166146
2026-05-06 08:15:00,1418948.475166146
2026-05-06 08:30:00,1418948.475166146
2026-05-06 08:45:00,1418948.475166146
2026-05-06 09:00:00,1418948.475166146
2026-05-06 09:15:00,1418948.475166146
2026-05-06 09:30:00,1418948.475166146
2026-05-06 09:45:00,1418948.475166146
2026-05-06 10:00:00,1418948.475166146
2026-05-06 10:15:00,1418948.475166146
2026-05-06 10:30:00,1418948.475166146
2026-05-06 10:45:00,1418948.475166146
2026-05-06 11:00:00,1418948.475166146
2026-05-06 11:15:00,1418948.475166146
2026-05-06 11:30:00,1418948.475166146
2026-05-06 11:45:00,1418948.475166146
2026-05-06 12:00:00,1418948.475166146
2026-05-06 12:15:00,1418948.475166146
2026-05-06 12:30:00,1418948.475166146
2026-05-06 12:45:00,1418948.475166146
2026-05-06 13:00:00,1418948.475166146
2026-05-06 13:15:00,1418948.475166146
2026-05-06 13:30:00,1418948.475166146
2026-05-06 13:45:00,1418948.475166146
2026-05-06 14:00:00,1418948.475166146
2026-05-06 14:15:00,1418948.475166146
2026-05-06 14:30:00,1418948.475166146
2026-05-06 14:45:00,1418948.475166146
2026-05-06 15:00:00,1418948.475166146
2026-05-06 15:15:00,1418948.475166146
2026-05-06 15:30:00,1418948.475166146
2026-05-06 15:45:00,1418948.475166146
2026-05-06 16:00:00,1418948.475166146
2026-05-06 16:15:00,1418948.475166146
2026-05-06 16:30:00,1418948.475166146
2026-05-06 16:45:00,1418948.475166146
2026-05-06 17:00:00,1418948.475166146
2026-05-06 17:15:00,1418948.475166146
2026-05-06 17:30:00,1418948.475166146
2026-05-06 17:45:00,1418948.475166146
2026-05-06 18:00:00,1418948.475166146
2026-05-06 18:15:00,1418948.475166146
2026-05-06 18:30:00,1418948.475166146
2026-05-06 18:45:00,1418948.475166146
2026-05-06 19:00:00,1418948.475166146
2026-05-06 19:15:00,1418948.475166146
2026-05-06 19:30:00,1418948.475166146
2026-05-06 19:45:00,1418948.475166146
2026-05-06 20:00:00,1418948.475166146
2026-05-06 20:15:00,1418948.475166146
2026-05-06 20:30:00,1418948.475166146
2026-05-06 20:45:00,1418948.475166146
2026-05-06 21:00:00,1418948.475166146
2026-05-06 21:15:00,1418948.475166146
2026-05-06 21:30:00,1418948.475166146
2026-05-06 21:45:00,1418948.475166146
2026-05-06 22:00:00,1418948.475166146
2026-05-06 22:15:00,1418948.475166146
2026-05-06 22:30:00,1418948.475166146
2026-05-06 22:45:00,1418948.475166146
2026-05-06 23:00:00,1418948.475166146
2026-05-06 23:15:00,1418948.475166146
2026-05-06 23:30:00,1418948.475166146
2026-05-06 23:45:00,1418948.475166146
2026-05-07 00:00:00,1418948.475166146
2026-05-07 00:15:00,1418948.475166146
2026-05-07 00:30:00,1418948.475166146
2026-05-07 00:45:00,1418948.475166146
2026-05-07 01:00:00,1418948.475166146
2026-05-07 01:15:00,1418948.475166146
2026-05-07 01:30:00,1418948.475166146
2026-05-07 01:45:00,1418948.475166146
2026-05-07 02:00:00,1418948.475166146
2026-05-07 02:15:00,1418948.475166146
2026-05-07 02:30:00,1418948.475166146
2026-05-07 02:45:00,1418948.475166146
2026-05-07 03:00:00,1418948.475166146
2026-05-07 03:15:00,1418948.475166146
2026-05-07 03:30:00,1418948.475166146
2026-05-07 03:45:00,1418948.475166146
2026-05-07 04:00:00,1418948.475166146
2026-05-07 04:15:00,1418948.475166146
2026-05-07 04:30:00,1418948.475166146
2026-05-07 04:45:00,1418948.475166146
2026-05-07 05:00:00,1418948.475166146
2026-05-07 05:15:00,1418948.475166146
2026-05-07 05:30:00,1418948.475166146
2026-05-07 05:45:00,1418948.475166146
2026-05-07 06:00:00,1418948.475166146
2026-05-07 06:15:00,1418948.475166146
2026-05-07 06:30:00,1418948.475166146
2026-05-07 06:45:00,1418948.475166146
2026-05-07 07:00:00,1418948.475166146
2026-05-07 07:15:00,1418948.475166146
2026-05-07 07:30:00,1418948.475166146
2026-05-07 07:45:00,1418948.475166146
2026-05-07 08:00:00,1418948.475166146
2026-05-07 08:15:00,1418948.475166146
2026-05-07 08:30:00,1418948.475166146
2026-05-07 08:45:00,1418948.475166146
2026-05-07 09:00:00,1418948.475166146
2026-05-07 09:15:00,1418948.475166146
2026-05-07 09:30:00,1418948.475166146
2026-05-07 09:45:00,1418948.475166146
2026-05-07 10:00:00,1418948.475166146
2026-05-07 10:15:00,1418948.475166146
2026-05-07 10:30:00,1418948.475166146
2026-05-07 10:45:00,1418948.475166146
2026-05-07 11:00:00,1418948.475166146
2026-05-07 11:15:00,1418948.475166146
2026-05-07 11:30:00,1418948.475166146
2026-05-07 11:45:00,1418948.475166146
2026-05-07 12:00:00,1418948.475166146
2026-05-07 12:15:00,1418948.475166146
2026-05-07 12:30:00,1418948.475166146
2026-05-07 12:45:00,1418948.475166146
2026-05-07 13:00:00,1418948.475166146
2026-05-07 13:15:00,1418948.475166146
2026-05-07 13:30:00,1418948.475166146
2026-05-07 13:45:00,1418948.475166146
2026-05-07 14:00:00,1418948.475166146
2026-05-07 14:15:00,1418948.475166146
2026-05-07 14:30:00,1418948.475166146
2026-05-07 14:45:00,1418948.475166146
2026-05-07 15:00:00,1418948.475166146
2026-05-07 15:15:00,1418948.475166146
2026-05-07 15:30:00,1418948.475166146
2026-05-07 15:45:00,1418948.475166146
2026-05-07 16:00:00,1418948.475166146
2026-05-07 16:15:00,1418948.475166146
2026-05-07 16:30:00,1418948.475166146
2026-05-07 16:45:00,1418948.475166146
2026-05-07 17:00:00,1418948.475166146
2026-05-07 17:15:00,1418948.475166146
2026-05-07 17:30:00,1418948.475166146
2026-05-07 17:45:00,1418948.475166146
2026-05-07 18:00:00,1418948.475166146
2026-05-07 18:15:00,1418948.475166146
2026-05-07 18:30:00,1418948.475166146
2026-05-07 18:45:00,1418948.475166146
2026-05-07 19:00:00,1418948.475166146
2026-05-07 19:15:00,1418948.475166146
2026-05-07 19:30:00,1418948.475166146
2026-05-07 19:45:00,1418948.475166146
2026-05-07 20:00:00,1418948.475166146
2026-05-07 20:15:00,1418948.475166146
2026-05-07 20:30:00,1418948.475166146
2026-05-07 20:45:00,1418948.475166146
2026-05-07 21:00:00,1418948.475166146
2026-05-07 21:15:00,1418948.475166146
2026-05-07 21:30:00,1418948.475166146
2026-05-07 21:45:00,1418948.475166146
2026-05-07 22:00:00,1418948.475166146
2026-05-07 22:15:00,1418948.475166146
2026-05-07 22:30:00,1418948.475166146
2026-05-07 22:45:00,1418948.475166146
2026-05-07 23:00:00,1418948.475166146
2026-05-07 23:15:00,1418948.475166146
2026-05-07 23:30:00,1418948.475166146
2026-05-07 23:45:00,1418948.475166146
2026-05-08 00:00:00,1418948.475166146
2026-05-08 00:15:00,1418948.475166146
2026-05-08 00:30:00,1418948.475166146
2026-05-08 00:45:00,1418948.475166146
2026-05-08 01:00:00,1418948.475166146
2026-05-08 01:15:00,1418948.475166146
2026-05-08 01:30:00,1418948.475166146
2026-05-08 01:45:00,1418948.475166146
2026-05-08 02:00:00,1418948.475166146
2026-05-08 02:15:00,1418948.475166146
2026-05-08 02:30:00,1418948.475166146
2026-05-08 02:45:00,1418948.475166146
2026-05-08 03:00:00,1418948.475166146
2026-05-08 03:15:00,1418948.475166146
2026-05-08 03:30:00,1418948.475166146
2026-05-08 03:45:00,1418948.475166146
2026-05-08 04:00:00,1418948.475166146
2026-05-08 04:15:00,1418948.475166146
2026-05-08 04:30:00,1418948.475166146
2026-05-08 04:45:00,1418948.475166146
2026-05-08 05:00:00,1418948.475166146
2026-05-08 05:15:00,1418948.475166146
2026-05-08 05:30:00,1418948.475166146
2026-05-08 05:45:00,1418948.475166146
2026-05-08 06:00:00,1418948.475166146
2026-05-08 06:15:00,1418948.475166146
2026-05-08 06:30:00,1418948.475166146
2026-05-08 06:45:00,1418948.475166146
2026-05-08 07:00:00,1418948.475166146
2026-05-08 07:15:00,1418948.475166146
2026-05-08 07:30:00,1418948.475166146
2026-05-08 07:45:00,1418948.475166146
2026-05-08 08:00:00,1418948.475166146
2026-05-08 08:15:00,1418948.475166146
2026-05-08 08:30:00,1418948.475166146
2026-05-08 08:45:00,1418948.475166146
2026-05-08 09:00:00,1418948.475166146
2026-05-08 09:15:00,1418948.475166146
2026-05-08 09:30:00,1418948.475166146
2026-05-08 09:45:00,1418948.475166146
2026-05-08 10:00:00,1418948.475166146
2026-05-08 10:15:00,1418948.475166146
2026-05-08 10:30:00,1418948.475166146
2026-05-08 10:45:00,1418948.475166146
2026-05-08 11:00:00,1418948.475166146
2026-05-08 11:15:00,1418948.475166146
2026-05-08 11:30:00,1418948.475166146
2026-05-08 11:45:00,1418948.475166146
2026-05-08 12:00:00,1418948.475166146
2026-05-08 12:15:00,1418948.475166146
2026-05-08 12:30:00,1418948.475166146
2026-05-08 12:45:00,1418948.475166146
2026-05-08 13:00:00,1418948.475166146
2026-05-08 13:15:00,1418948.475166146
2026-05-08 13:30:00,1418948.475166146
2026-05-08 13:45:00,1418948.475166146
2026-05-08 14:00:00,1418948.475166146
2026-05-08 14:15:00,1418948.475166146
2026-05-08 14:30:00,1418948.475166146
2026-05-08 14:45:00,1418948.475166146
2026-05-08 15:00:00,1418948.475166146
2026-05-08 15:15:00,1418948.475166146
2026-05-08 15:30:00,1418948.475166146
2026-05-08 15:45:00,1418948.475166146
2026-05-08 16:00:00,1418948.475166146
2026-05-08 16:15:00,1418948.475166146
2026-05-08 16:30:00,1418948.475166146
2026-05-08 16:45:00,1418948.475166146
2026-05-08 17:00:00,1418948.475166146
2026-05-08 17:15:00,1418948.475166146
2026-05-08 17:30:00,1418948.475166146
2026-05-08 17:45:00,1418948.475166146
2026-05-08 18:00:00,1418948.475166146
2026-05-08 18:15:00,1418948.475166146
2026-05-08 18:30:00,1418948.475166146
2026-05-08 18:45:00,1418948.475166146
2026-05-08 19:00:00,1418948.475166146
2026-05-08 19:15:00,1418948.475166146
2026-05-08 19:30:00,1418948.475166146
2026-05-08 19:45:00,1418948.475166146
2026-05-08 20:00:00,1418948.475166146
2026-05-08 20:15:00,1418948.475166146
2026-05-08 20:30:00,1418948.475166146
2026-05-08 20:45:00,1418948.475166146
2026-05-08 21:00:00,1418948.475166146
2026-05-08 21:15:00,1418948.475166146
2026-05-08 21:30:00,1418948.475166146
2026-05-08 21:45:00,1418948.475166146
2026-05-08 22:00:00,1418948.475166146
2026-05-08 22:15:00,1418948.475166146
2026-05-08 22:30:00,1418948.475166146
2026-05-08 22:45:00,1418948.475166146
2026-05-08 23:00:00,1418948.475166146
2026-05-08 23:15:00,1418948.475166146
2026-05-08 23:30:00,1418948.475166146
2026-05-08 23:45:00,1418948.475166146
2026-05-11 00:00:00,1418948.475166146
2026-05-11 00:15:00,1418948.475166146
2026-05-11 00:30:00,1418948.475166146
2026-05-11 00:45:00,1418948.475166146
2026-05-11 01:00:00,1418948.475166146
2026-05-11 01:15:00,1418948.475166146
2026-05-11 01:30:00,1418948.475166146
2026-05-11 01:45:00,1418948.475166146
2026-05-11 02:00:00,1418948.475166146
2026-05-11 02:15:00,1418948.475166146
2026-05-11 02:30:00,1418948.475166146
2026-05-11 02:45:00,1418948.475166146
2026-05-11 03:00:00,1418948.475166146
2026-05-11 03:15:00,1418948.475166146
2026-05-11 03:30:00,1418948.475166146
2026-05-11 03:45:00,1418948.475166146
2026-05-11 04:00:00,1418948.475166146
2026-05-11 04:15:00,1418948.475166146
2026-05-11 04:30:00,1418948.475166146
2026-05-11 04:45:00,1418948.475166146
2026-05-11 05:00:00,1418948.475166146
2026-05-11 05:15:00,1418948.475166146
2026-05-11 05:30:00,1418948.475166146
2026-05-11 05:45:00,1418948.475166146
2026-05-11 06:00:00,1418948.475166146
2026-05-11 06:15:00,1418948.475166146
2026-05-11 06:30:00,1418948.475166146
2026-05-11 06:45:00,1418948.475166146
2026-05-11 07:00:00,1418948.475166146
2026-05-11 07:15:00,1418948.475166146
2026-05-11 07:30:00,1418948.475166146
2026-05-11 07:45:00,1418948.475166146
2026-05-11 08:00:00,1418948.475166146
2026-05-11 08:15:00,1418948.475166146
2026-05-11 08:30:00,1418948.475166146
2026-05-11 08:45:00,1418948.475166146
2026-05-11 09:00:00,1418948.475166146
2026-05-11 09:15:00,1418948.475166146
2026-05-11 09:30:00,1418948.475166146
2026-05-11 09:45:00,1418948.475166146
2026-05-11 10:00:00,1418948.475166146
2026-05-11 10:15:00,1418948.475166146
2026-05-11 10:30:00,1418948.475166146
2026-05-11 10:45:00,1418948.475166146
2026-05-11 11:00:00,1418948.475166146
2026-05-11 11:15:00,1418948.475166146
2026-05-11 11:30:00,1418948.475166146
2026-05-11 11:45:00,1418948.475166146
2026-05-11 12:00:00,1418948.475166146
2026-05-11 12:15:00,1418948.475166146
2026-05-11 12:30:00,1418948.475166146
2026-05-11 12:45:00,1418948.475166146
2026-05-11 13:00:00,1418948.475166146
2026-05-11 13:15:00,1418948.475166146
2026-05-11 13:30:00,1418948.475166146
2026-05-11 13:45:00,1418948.475166146
2026-05-11 14:00:00,1418948.475166146
2026-05-11 14:15:00,1418948.475166146
2026-05-11 14:30:00,1418948.475166146
2026-05-11 14:45:00,1418948.475166146
2026-05-11 15:00:00,1418948.475166146
2026-05-11 15:15:00,1418948.475166146
2026-05-11 15:30:00,1418948.475166146
2026-05-11 15:45:00,1418948.475166146
2026-05-11 16:00:00,1418948.475166146
2026-05-11 16:15:00,1418948.475166146
2026-05-11 16:30:00,1418948.475166146
2026-05-11 16:45:00,1418948.475166146
2026-05-11 17:00:00,1418948.475166146
2026-05-11 17:15:00,1418948.475166146
2026-05-11 17:30:00,1418948.475166146
2026-05-11 17:45:00,1418948.475166146
2026-05-11 18:00:00,1418948.475166146
2026-05-11 18:15:00,1418948.475166146
2026-05-11 18:30:00,1418948.475166146
2026-05-11 18:45:00,1418948.475166146
2026-05-11 19:00:00,1418948.475166146
2026-05-11 19:15:00,1418948.475166146
2026-05-11 19:30:00,1418948.475166146
2026-05-11 19:45:00,1418948.475166146
2026-05-11 20:00:00,1418948.475166146
2026-05-11 20:15:00,1418948.475166146
2026-05-11 20:30:00,1418948.475166146
2026-05-11 20:45:00,1418948.475166146
2026-05-11 21:00:00,1418948.475166146
2026-05-11 21:15:00,1418948.475166146
2026-05-11 21:30:00,1418948.475166146
2026-05-11 21:45:00,1418948.475166146
2026-05-11 22:00:00,1418948.475166146
2026-05-11 22:15:00,1418948.475166146
2026-05-11 22:30:00,1418948.475166146
2026-05-11 22:45:00,1418948.475166146
2026-05-11 23:00:00,1418948.475166146
2026-05-11 23:15:00,1418948.475166146
2026-05-11 23:30:00,1418948.475166146
2026-05-11 23:45:00,1418948.475166146
2026-05-12 00:00:00,1418948.475166146
2026-05-12 00:15:00,1418948.475166146
2026-05-12 00:30:00,1418948.475166146
2026-05-12 00:45:00,1418948.475166146
2026-05-12 01:00:00,1418948.475166146
2026-05-12 01:15:00,1418948.475166146
2026-05-12 01:30:00,1418948.475166146
2026-05-12 01:45:00,1418948.475166146
2026-05-12 02:00:00,1418948.475166146
2026-05-12 02:15:00,1418948.475166146
2026-05-12 02:30:00,1418948.475166146
2026-05-12 02:45:00,1418948.475166146
2026-05-12 03:00:00,1418948.475166146
2026-05-12 03:15:00,1418948.475166146
2026-05-12 03:30:00,1418948.475166146
2026-05-12 03:45:00,1418948.475166146
2026-05-12 04:00:00,1418948.475166146
2026-05-12 04:15:00,1418948.475166146
2026-05-12 04:30:00,1418948.475166146
2026-05-12 04:45:00,1418948.475166146
2026-05-12 05:00:00,1418948.475166146
2026-05-12 05:15:00,1418948.475166146
2026-05-12 05:30:00,1418948.475166146
2026-05-12 05:45:00,1418948.475166146
2026-05-12 06:00:00,1418948.475166146
2026-05-12 06:15:00,1418948.475166146
2026-05-12 06:30:00,1418948.475166146
2026-05-12 06:45:00,1418948.475166146
2026-05-12 07:00:00,1418948.475166146
2026-05-12 07:15:00,1418948.475166146
2026-05-12 07:30:00,1418948.475166146
2026-05-12 07:45:00,1418948.475166146
2026-05-12 08:00:00,1418948.475166146
2026-05-12 08:15:00,1418948.475166146
2026-05-12 08:30:00,1418948.475166146
2026-05-12 08:45:00,1418948.475166146
2026-05-12 09:00:00,1418948.475166146
2026-05-12 09:15:00,1418948.475166146
2026-05-12 09:30:00,1418948.475166146
2026-05-12 09:45:00,1418948.475166146
2026-05-12 10:00:00,1418948.475166146
2026-05-12 10:15:00,1418948.475166146
2026-05-12 10:30:00,1418948.475166146
2026-05-12 10:45:00,1418948.475166146
2026-05-12 11:00:00,1418948.475166146
2026-05-12 11:15:00,1418948.475166146
2026-05-12 11:30:00,1418948.475166146
2026-05-12 11:45:00,1418948.475166146
2026-05-12 12:00:00,1418948.475166146
2026-05-12 12:15:00,1418948.475166146
2026-05-12 12:30:00,1418948.475166146
2026-05-12 12:45:00,1418948.475166146
2026-05-12 13:00:00,1418948.475166146
2026-05-12 13:15:00,1418948.475166146
2026-05-12 13:30:00,1418948.475166146
2026-05-12 13:45:00,1418948.475166146
2026-05-12 14:00:00,1418948.475166146
2026-05-12 14:15:00,1418948.475166146
2026-05-12 14:30:00,1418948.475166146
2026-05-12 14:45:00,1418948.475166146
2026-05-12 15:00:00,1418948.475166146
2026-05-12 15:15:00,1418948.475166146
2026-05-12 15:30:00,1418948.475166146
2026-05-12 15:45:00,1418948.475166146
2026-05-12 16:00:00,1418948.475166146
2026-05-12 16:15:00,1418948.475166146
2026-05-12 16:30:00,1418948.475166146
2026-05-12 16:45:00,1418948.475166146
2026-05-12 17:00:00,1418948.475166146
2026-05-12 17:15:00,1418948.475166146
2026-05-12 17:30:00,1418948.475166146
2026-05-12 17:45:00,1418948.475166146
2026-05-12 18:00:00,1418948.475166146
2026-05-12 18:15:00,1418948.475166146
2026-05-12 18:30:00,1418948.475166146
2026-05-12 18:45:00,1418948.475166146
2026-05-12 19:00:00,1418948.475166146
2026-05-12 19:15:00,1418948.475166146
2026-05-12 19:30:00,1418948.475166146
2026-05-12 19:45:00,1418948.475166146
2026-05-12 20:00:00,1418948.475166146
2026-05-12 20:15:00,1418948.475166146
2026-05-12 20:30:00,1418948.475166146
2026-05-12 20:45:00,1418948.475166146
2026-05-12 21:00:00,1418948.475166146
2026-05-12 21:15:00,1418948.475166146
2026-05-12 21:30:00,1418948.475166146
2026-05-12 21:45:00,1418948.475166146
2026-05-12 22:00:00,1418948.475166146
2026-05-12 22:15:00,1418948.475166146
2026-05-12 22:30:00,1418948.475166146
2026-05-12 22:45:00,1418948.475166146
2026-05-12 23:00:00,1418948.475166146
2026-05-12 23:15:00,1418948.475166146
2026-05-12 23:30:00,1418948.475166146
2026-05-12 23:45:00,1418948.475166146
2026-05-13 00:00:00,1418948.475166146
2026-05-13 00:15:00,1418948.475166146
2026-05-13 00:30:00,1418948.475166146
2026-05-13 00:45:00,1418948.475166146
2026-05-13 01:00:00,1418948.475166146
2026-05-13 01:15:00,1418948.475166146
2026-05-13 01:30:00,1418948.475166146
2026-05-13 01:45:00,1418948.475166146
2026-05-13 02:00:00,1418948.475166146
2026-05-13 02:15:00,1418948.475166146
2026-05-13 02:30:00,1418948.475166146
2026-05-13 02:45:00,1418948.475166146
2026-05-13 03:00:00,1418948.475166146
2026-05-13 03:15:00,1418948.475166146
2026-05-13 03:30:00,1418948.475166146
2026-05-13 03:45:00,1418948.475166146
2026-05-13 04:00:00,1418948.475166146
2026-05-13 04:15:00,1418948.475166146
2026-05-13 04:30:00,1418948.475166146
2026-05-13 04:45:00,1418948.475166146
2026-05-13 05:00:00,1418948.475166146
2026-05-13 05:15:00,1418948.475166146
2026-05-13 05:30:00,1418948.475166146
2026-05-13 05:45:00,1418948.475166146
2026-05-13 06:00:00,1418948.475166146
2026-05-13 06:15:00,1418948.475166146
2026-05-13 06:30:00,1418948.475166146
2026-05-13 06:45:00,1418948.475166146
2026-05-13 07:00:00,1418948.475166146
2026-05-13 07:15:00,1418948.475166146
2026-05-13 07:30:00,1418948.475166146
2026-05-13 07:45:00,1418948.475166146
2026-05-13 08:00:00,1418948.475166146
2026-05-13 08:15:00,1418948.475166146
2026-05-13 08:30:00,1418948.475166146
2026-05-13 08:45:00,1418948.475166146
2026-05-13 09:00:00,1418948.475166146
2026-05-13 09:15:00,1418948.475166146
2026-05-13 09:30:00,1418948.475166146
2026-05-13 09:45:00,1418948.475166146
2026-05-13 10:00:00,1418948.475166146
2026-05-13 10:15:00,1418948.475166146
2026-05-13 10:30:00,1418948.475166146
2026-05-13 10:45:00,1418948.475166146
2026-05-13 11:00:00,1418948.475166146
2026-05-13 11:15:00,1418948.475166146
2026-05-13 11:30:00,1418948.475166146
2026-05-13 11:45:00,1418948.475166146
2026-05-13 12:00:00,1418948.475166146
2026-05-13 12:15:00,1418948.475166146
2026-05-13 12:30:00,1418948.475166146
2026-05-13 12:45:00,1418948.475166146
2026-05-13 13:00:00,1418948.475166146
2026-05-13 13:15:00,1418948.475166146
2026-05-13 13:30:00,1418948.475166146
2026-05-13 13:45:00,1418948.475166146
2026-05-13 14:00:00,1418948.475166146
2026-05-13 14:15:00,1418948.475166146
2026-05-13 14:30:00,1418948.475166146
2026-05-13 14:45:00,1418948.475166146
2026-05-13 15:00:00,1418948.475166146
2026-05-13 15:15:00,1418948.475166146
2026-05-13 15:30:00,1418948.475166146
2026-05-13 15:45:00,1418948.475166146
2026-05-13 16:00:00,1418948.475166146
2026-05-13 16:15:00,1418948.475166146
2026-05-13 16:30:00,1418948.475166146
2026-05-13 16:45:00,1418948.475166146
2026-05-13 17:00:00,1418948.475166146
2026-05-13 17:15:00,1418948.475166146
2026-05-13 17:30:00,1418948.475166146
2026-05-13 17:45:00,1418948.475166146
2026-05-13 18:00:00,1418948.475166146
2026-05-13 18:15:00,1418948.475166146
2026-05-13 18:30:00,1418948.475166146
2026-05-13 18:45:00,1418948.475166146
2026-05-13 19:00:00,1418948.475166146
2026-05-13 19:15:00,1418948.475166146
2026-05-13 19:30:00,1418948.475166146
2026-05-13 19:45:00,1418948.475166146
2026-05-13 20:00:00,1418948.475166146
2026-05-13 20:15:00,1418948.475166146
2026-05-13 20:30:00,1418948.475166146
2026-05-13 20:45:00,1418948.475166146
2026-05-13 21:00:00,1418948.475166146
2026-05-13 21:15:00,1418948.475166146
2026-05-13 21:30:00,1418948.475166146
2026-05-13 21:45:00,1418948.475166146
2026-05-13 22:00:00,1418948.475166146
2026-05-13 22:15:00,1418948.475166146
2026-05-13 22:30:00,1418948.475166146
2026-05-13 22:45:00,1418948.475166146
2026-05-13 23:00:00,1418948.475166146
2026-05-13 23:15:00,1418948.475166146
2026-05-13 23:30:00,1418948.475166146
2026-05-13 23:45:00,1418948.475166146
2026-05-14 00:00:00,1418948.475166146
2026-05-14 00:15:00,1418948.475166146
2026-05-14 00:30:00,1418948.475166146
2026-05-14 00:45:00,1418948.475166146
2026-05-14 01:00:00,1418948.475166146
2026-05-14 01:15:00,1418948.475166146
2026-05-14 01:30:00,1418948.475166146
2026-05-14 01:45:00,1418948.475166146
2026-05-14 02:00:00,1418948.475166146
2026-05-14 02:15:00,1418948.475166146
2026-05-14 02:30:00,1418948.475166146
2026-05-14 02:45:00,1418948.475166146
2026-05-14 03:00:00,1418948.475166146
2026-05-14 03:15:00,1418948.475166146
2026-05-14 03:30:00,1418948.475166146
2026-05-14 03:45:00,1418948.475166146
2026-05-14 04:00:00,1418948.475166146
2026-05-14 04:15:00,1418948.475166146
2026-05-14 04:30:00,1418948.475166146
2026-05-14 04:45:00,1418948.475166146
2026-05-14 05:00:00,1418948.475166146
2026-05-14 05:15:00,1418948.475166146
2026-05-14 05:30:00,1418948.475166146
2026-05-14 05:45:00,1418948.475166146
2026-05-14 06:00:00,1418948.475166146
2026-05-14 06:15:00,1418948.475166146
2026-05-14 06:30:00,1418948.475166146
2026-05-14 06:45:00,1418948.475166146
2026-05-14 07:00:00,1418948.475166146
2026-05-14 07:15:00,1418948.475166146
2026-05-14 07:30:00,1418948.475166146
2026-05-14 07:45:00,1418948.475166146
2026-05-14 08:00:00,1418948.475166146
2026-05-14 08:15:00,1418948.475166146
2026-05-14 08:30:00,1418948.475166146
2026-05-14 08:45:00,1418948.475166146
2026-05-14 09:00:00,1418948.475166146
2026-05-14 09:15:00,1418948.475166146
2026-05-14 09:30:00,1418948.475166146
2026-05-14 09:45:00,1418948.475166146
2026-05-14 10:00:00,1418948.475166146
2026-05-14 10:15:00,1418948.475166146
2026-05-14 10:30:00,1418948.475166146
2026-05-14 10:45:00,1418948.475166146
2026-05-14 11:00:00,1418948.475166146
2026-05-14 11:15:00,1418948.475166146
2026-05-14 11:30:00,1418948.475166146
2026-05-14 11:45:00,1418948.475166146
2026-05-14 12:00:00,1418948.475166146
2026-05-14 12:15:00,1418948.475166146
2026-05-14 12:30:00,1418948.475166146
2026-05-14 12:45:00,1418948.475166146
2026-05-14 13:00:00,1418948.475166146
2026-05-14 13:15:00,1418948.475166146
2026-05-14 13:30:00,1418948.475166146
2026-05-14 13:45:00,1418948.475166146
2026-05-14 14:00:00,1418948.475166146
2026-05-14 14:15:00,1418948.475166146
2026-05-14 14:30:00,1418948.475166146
2026-05-14 14:45:00,1418948.475166146
2026-05-14 15:00:00,1418948.475166146
2026-05-14 15:15:00,1418948.475166146
2026-05-14 15:30:00,1418948.475166146
2026-05-14 15:45:00,1418948.475166146
2026-05-14 16:00:00,1418948.475166146
2026-05-14 16:15:00,1418948.475166146
2026-05-14 16:30:00,1418948.475166146
2026-05-14 16:45:00,1418948.475166146
2026-05-14 17:00:00,1418948.475166146
2026-05-14 17:15:00,1418948.475166146
2026-05-14 17:30:00,1418948.475166146
2026-05-14 17:45:00,1418948.475166146
2026-05-14 18:00:00,1418948.475166146
2026-05-14 18:15:00,1418948.475166146
2026-05-14 18:30:00,1418948.475166146
2026-05-14 18:45:00,1418948.475166146
2026-05-14 19:00:00,1418948.475166146
2026-05-14 19:15:00,1418948.475166146
2026-05-14 19:30:00,1418948.475166146
2026-05-14 19:45:00,1418948.475166146
2026-05-14 20:00:00,1418948.475166146
2026-05-14 20:15:00,1418948.475166146
2026-05-14 20:30:00,1418948.475166146
2026-05-14 20:45:00,1418948.475166146
2026-05-14 21:00:00,1418948.475166146
2026-05-14 21:15:00,1418948.475166146
2026-05-14 21:30:00,1418948.475166146
2026-05-14 21:45:00,1418948.475166146
2026-05-14 22:00:00,1418948.475166146
2026-05-14 22:15:00,1418948.475166146
2026-05-14 22:30:00,1418948.475166146
2026-05-14 22:45:00,1418948.475166146
2026-05-14 23:00:00,1418948.475166146
2026-05-14 23:15:00,1418948.475166146
2026-05-14 23:30:00,1418948.475166146
2026-05-14 23:45:00,1418948.475166146
2026-05-15 00:00:00,1418948.475166146
2026-05-15 00:15:00,1418948.475166146
2026-05-15 00:30:00,1418948.475166146
2026-05-15 00:45:00,1418948.475166146
2026-05-15 01:00:00,1418948.475166146
2026-05-15 01:15:00,1418948.475166146
2026-05-15 01:30:00,1418948.475166146
2026-05-15 01:45:00,1418948.475166146
2026-05-15 02:00:00,1418948.475166146
2026-05-15 02:15:00,1418948.475166146
2026-05-15 02:30:00,1418948.475166146
2026-05-15 02:45:00,1418948.475166146
2026-05-15 03:00:00,1418948.475166146
2026-05-15 03:15:00,1418948.475166146
2026-05-15 03:30:00,1418948.475166146
2026-05-15 03:45:00,1418948.475166146
2026-05-15 04:00:00,1418948.475166146
2026-05-15 04:15:00,1418948.475166146
2026-05-15 04:30:00,1418948.475166146
2026-05-15 04:45:00,1418948.475166146
2026-05-15 05:00:00,1418948.475166146
2026-05-15 05:15:00,1418948.475166146
2026-05-15 05:30:00,1418948.475166146
2026-05-15 05:45:00,1418948.475166146
2026-05-15 06:00:00,1418948.475166146
2026-05-15 06:15:00,1418948.475166146
2026-05-15 06:30:00,1418948.475166146
2026-05-15 06:45:00,1418948.475166146
2026-05-15 07:00:00,1418948.475166146
2026-05-15 07:15:00,1418948.475166146
2026-05-15 07:30:00,1418948.475166146
2026-05-15 07:45:00,1418948.475166146
2026-05-15 08:00:00,1418948.475166146
2026-05-15 08:15:00,1418948.475166146
2026-05-15 08:30:00,1418948.475166146
2026-05-15 08:45:00,1418948.475166146
2026-05-15 09:00:00,1418948.475166146
2026-05-15 09:15:00,1418948.475166146
2026-05-15 09:30:00,1418948.475166146
2026-05-15 09:45:00,1418948.475166146
2026-05-15 10:00:00,1418948.475166146
2026-05-15 10:15:00,1418948.475166146
2026-05-15 10:30:00,1418948.475166146
2026-05-15 10:45:00,1418948.475166146
2026-05-15 11:00:00,1418948.475166146
2026-05-15 11:15:00,1418948.475166146
2026-05-15 11:30:00,1418948.475166146
2026-05-15 11:45:00,1418948.475166146
2026-05-15 12:00:00,1418948.475166146
2026-05-15 12:15:00,1418948.475166146
2026-05-15 12:30:00,1418948.475166146
2026-05-15 12:45:00,1418948.475166146
2026-05-15 13:00:00,1418948.475166146
2026-05-15 13:15:00,1418948.475166146
2026-05-15 13:30:00,1418948.475166146
2026-05-15 13:45:00,1418948.475166146
2026-05-15 14:00:00,1418948.475166146
2026-05-15 14:15:00,1418948.475166146
2026-05-15 14:30:00,1418948.475166146
2026-05-15 14:45:00,1418948.475166146
2026-05-15 15:00:00,1418948.475166146
2026-05-15 15:15:00,1418948.475166146
2026-05-15 15:30:00,1418948.475166146
2026-05-15 15:45:00,1418948.475166146
2026-05-15 16:00:00,1418948.475166146
2026-05-15 16:15:00,1418948.475166146
2026-05-15 16:30:00,1418948.475166146
2026-05-15 16:45:00,1418948.475166146
2026-05-15 17:00:00,1418948.475166146
2026-05-15 17:15:00,1418948.475166146
2026-05-15 17:30:00,1418948.475166146
2026-05-15 17:45:00,1418948.475166146
2026-05-15 18:00:00,1418948.475166146
2026-05-15 18:15:00,1418948.475166146
2026-05-15 18:30:00,1418948.475166146
2026-05-15 18:45:00,1418948.475166146
2026-05-15 19:00:00,1418948.475166146
2026-05-15 19:15:00,1418948.475166146
2026-05-15 19:30:00,1418948.475166146
2026-05-15 19:45:00,1418948.475166146
2026-05-15 20:00:00,1418948.475166146
2026-05-15 20:15:00,1418948.475166146
2026-05-15 20:30:00,1418948.475166146
2026-05-15 20:45:00,1418948.475166146
2026-05-15 21:00:00,1418948.475166146
2026-05-15 21:15:00,1418948.475166146
2026-05-15 21:30:00,1418948.475166146
2026-05-15 21:45:00,1418948.475166146
2026-05-15 22:00:00,1418948.475166146
2026-05-15 22:15:00,1418948.475166146
2026-05-15 22:30:00,1418948.475166146
2026-05-15 22:45:00,1418948.475166146
2026-05-15 23:00:00,1418948.475166146
2026-05-15 23:15:00,1418948.475166146
2026-05-15 23:30:00,1418948.475166146
2026-05-15 23:45:00,1418948.475166146
2026-05-18 00:00:00,1418948.475166146
2026-05-18 00:15:00,1418948.475166146
2026-05-18 00:30:00,1418948.475166146
2026-05-18 00:45:00,1418948.475166146
2026-05-18 01:00:00,1418948.475166146
2026-05-18 01:15:00,1418948.475166146
2026-05-18 01:30:00,1418948.475166146
2026-05-18 01:45:00,1418948.475166146
2026-05-18 02:00:00,1418948.475166146
2026-05-18 02:15:00,1418948.475166146
2026-05-18 02:30:00,1418948.475166146
2026-05-18 02:45:00,1418948.475166146
2026-05-18 03:00:00,1418948.475166146
2026-05-18 03:15:00,1418948.475166146
2026-05-18 03:30:00,1418948.475166146
2026-05-18 03:45:00,1418948.475166146
2026-05-18 04:00:00,1418948.475166146
2026-05-18 04:15:00,1418948.475166146
2026-05-18 04:30:00,1418948.475166146
2026-05-18 04:45:00,1418948.475166146
2026-05-18 05:00:00,1418948.475166146
2026-05-18 05:15:00,1418948.475166146
2026-05-18 05:30:00,1418948.475166146
2026-05-18 05:45:00,1418948.475166146
2026-05-18 06:00:00,1418948.475166146
2026-05-18 06:15:00,1418948.475166146
2026-05-18 06:30:00,1418948.475166146
2026-05-18 06:45:00,1418948.475166146
2026-05-18 07:00:00,1418948.475166146
2026-05-18 07:15:00,1418948.475166146
2026-05-18 07:30:00,1418948.475166146
2026-05-18 07:45:00,1418948.475166146
2026-05-18 08:00:00,1418948.475166146
2026-05-18 08:15:00,1418948.475166146
2026-05-18 08:30:00,1418948.475166146
2026-05-18 08:45:00,1418948.475166146
2026-05-18 09:00:00,1418948.475166146
2026-05-18 09:15:00,1418948.475166146
2026-05-18 09:30:00,1418948.475166146
2026-05-18 09:45:00,1418948.475166146
2026-05-18 10:00:00,1418948.475166146
2026-05-18 10:15:00,1418948.475166146
2026-05-18 10:30:00,1418948.475166146
2026-05-18 10:45:00,1418948.475166146
2026-05-18 11:00:00,1418948.475166146
2026-05-18 11:15:00,1418948.475166146
2026-05-18 11:30:00,1418948.475166146
2026-05-18 11:45:00,1418948.475166146
2026-05-18 12:00:00,1418948.475166146
2026-05-18 12:15:00,1418948.475166146
2026-05-18 12:30:00,1418948.475166146
2026-05-18 12:45:00,1418948.475166146
2026-05-18 13:00:00,1418948.475166146
2026-05-18 13:15:00,1418948.475166146
2026-05-18 13:30:00,1418948.475166146
2026-05-18 13:45:00,1418948.475166146
2026-05-18 14:00:00,1418948.475166146
2026-05-18 14:15:00,1418948.475166146
2026-05-18 14:30:00,1418948.475166146
2026-05-18 14:45:00,1418948.475166146
2026-05-18 15:00:00,1418948.475166146
2026-05-18 15:15:00,1418948.475166146
2026-05-18 15:30:00,1418948.475166146
2026-05-18 15:45:00,1418948.475166146
2026-05-18 16:00:00,1418948.475166146
2026-05-18 16:15:00,1418948.475166146
2026-05-18 16:30:00,1418948.475166146
2026-05-18 16:45:00,1418948.475166146
2026-05-18 17:00:00,1418948.475166146
2026-05-18 17:15:00,1418948.475166146
2026-05-18 17:30:00,1418948.475166146
2026-05-18 17:45:00,1418948.475166146
2026-05-18 18:00:00,1418948.475166146
2026-05-18 18:15:00,1418948.475166146
2026-05-18 18:30:00,1418948.475166146
2026-05-18 18:45:00,1418948.475166146
2026-05-18 19:00:00,1418948.475166146
2026-05-18 19:15:00,1418948.475166146
2026-05-18 19:30:00,1418948.475166146
2026-05-18 19:45:00,1418948.475166146
2026-05-18 20:00:00,1418948.475166146
2026-05-18 20:15:00,1418948.475166146
2026-05-18 20:30:00,1418948.475166146
2026-05-18 20:45:00,1418948.475166146
2026-05-18 21:00:00,1418948.475166146
2026-05-18 21:15:00,1418948.475166146
2026-05-18 21:30:00,1418948.475166146
2026-05-18 21:45:00,1418948.475166146
2026-05-18 22:00:00,1418948.475166146
2026-05-18 22:15:00,1418948.475166146
2026-05-18 22:30:00,1418948.475166146
2026-05-18 22:45:00,1418948.475166146
2026-05-18 23:00:00,1418948.475166146
2026-05-18 23:15:00,1418948.475166146
2026-05-18 23:30:00,1418948.475166146
2026-05-18 23:45:00,1418948.475166146
2026-05-19 00:00:00,1418948.475166146
2026-05-19 00:15:00,1418948.475166146
2026-05-19 00:30:00,1418948.475166146
2026-05-19 00:45:00,1418948.475166146
2026-05-19 01:00:00,1418948.475166146
2026-05-19 01:15:00,1418948.475166146
2026-05-19 01:30:00,1418948.475166146
2026-05-19 01:45:00,1418948.475166146
2026-05-19 02:00:00,1418948.475166146
2026-05-19 02:15:00,1418948.475166146
2026-05-19 02:30:00,1418948.475166146
2026-05-19 02:45:00,1418948.475166146
2026-05-19 03:00:00,1418948.475166146
2026-05-19 03:15:00,1418948.475166146
2026-05-19 03:30:00,1418948.475166146
2026-05-19 03:45:00,1418948.475166146
2026-05-19 04:00:00,1418948.475166146
2026-05-19 04:15:00,1418948.475166146
2026-05-19 04:30:00,1418948.475166146
2026-05-19 04:45:00,1418948.475166146
2026-05-19 05:00:00,1418948.475166146
2026-05-19 05:15:00,1418948.475166146
2026-05-19 05:30:00,1418948.475166146
2026-05-19 05:45:00,1418948.475166146
2026-05-19 06:00:00,1418948.475166146
2026-05-19 06:15:00,1418948.475166146
2026-05-19 06:30:00,1418948.475166146
2026-05-19 06:45:00,1418948.475166146
2026-05-19 07:00:00,1418948.475166146
2026-05-19 07:15:00,1418948.475166146
2026-05-19 07:30:00,1418948.475166146
2026-05-19 07:45:00,1418948.475166146
2026-05-19 08:00:00,1418948.475166146
2026-05-19 08:15:00,1418948.475166146
2026-05-19 08:30:00,1418948.475166146
2026-05-19 08:45:00,1418948.475166146
2026-05-19 09:00:00,1418948.475166146
2026-05-19 09:15:00,1418948.475166146
2026-05-19 09:30:00,1418948.475166146
2026-05-19 09:45:00,1418948.475166146
2026-05-19 10:00:00,1418948.475166146
2026-05-19 10:15:00,1418948.475166146
2026-05-19 10:30:00,1418948.475166146
2026-05-19 10:45:00,1418948.475166146
2026-05-19 11:00:00,1418948.475166146
2026-05-19 11:15:00,1418948.475166146
2026-05-19 11:30:00,1418948.475166146
2026-05-19 11:45:00,1418948.475166146
2026-05-19 12:00:00,1418948.475166146
2026-05-19 12:15:00,1418948.475166146
2026-05-19 12:30:00,1418948.475166146
2026-05-19 12:45:00,1418948.475166146
2026-05-19 13:00:00,1418948.475166146
2026-05-19 13:15:00,1418948.475166146
2026-05-19 13:30:00,1418948.475166146
2026-05-19 13:45:00,1418948.475166146
2026-05-19 14:00:00,1418948.475166146
2026-05-19 14:15:00,1418948.475166146
2026-05-19 14:30:00,1418948.475166146
2026-05-19 14:45:00,1418948.475166146
2026-05-19 15:00:00,1418948.475166146
2026-05-19 15:15:00,1418948.475166146
2026-05-19 15:30:00,1418948.475166146
2026-05-19 15:45:00,1418948.475166146
2026-05-19 16:00:00,1418948.475166146
2026-05-19 16:15:00,1418948.475166146
2026-05-19 16:30:00,1418948.475166146
2026-05-19 16:45:00,1418948.475166146
2026-05-19 17:00:00,1418948.475166146
2026-05-19 17:15:00,1418948.475166146
2026-05-19 17:30:00,1418948.475166146
2026-05-19 17:45:00,1418948.475166146
2026-05-19 18:00:00,1418948.475166146
2026-05-19 18:15:00,1418948.475166146
2026-05-19 18:30:00,1418948.475166146
2026-05-19 18:45:00,1418948.475166146
2026-05-19 19:00:00,1418948.475166146
2026-05-19 19:15:00,1418948.475166146
2026-05-19 19:30:00,1418948.475166146
2026-05-19 19:45:00,1418948.475166146
2026-05-19 20:00:00,1418948.475166146
2026-05-19 20:15:00,1418948.475166146
2026-05-19 20:30:00,1418948.475166146
2026-05-19 20:45:00,1418948.475166146
2026-05-19 21:00:00,1418948.475166146
2026-05-19 21:15:00,1418948.475166146
2026-05-19 21:30:00,1418948.475166146
2026-05-19 21:45:00,1418948.475166146
2026-05-19 22:00:00,1418948.475166146
2026-05-19 22:15:00,1418948.475166146
2026-05-19 22:30:00,1418948.475166146
2026-05-19 22:45:00,1418948.475166146
2026-05-19 23:00:00,1418948.475166146
2026-05-19 23:15:00,1418948.475166146
2026-05-19 23:30:00,1418948.475166146
2026-05-19 23:45:00,1418948.475166146
2026-05-20 00:00:00,1418948.475166146
2026-05-20 00:15:00,1418948.475166146
2026-05-20 00:30:00,1418948.475166146
2026-05-20 00:45:00,1418948.475166146
2026-05-20 01:00:00,1418948.475166146
2026-05-20 01:15:00,1418948.475166146
2026-05-20 01:30:00,1418948.475166146
2026-05-20 01:45:00,1418948.475166146
2026-05-20 02:00:00,1418948.475166146
2026-05-20 02:15:00,1418948.475166146
2026-05-20 02:30:00,1418948.475166146
2026-05-20 02:45:00,1418948.475166146
2026-05-20 03:00:00,1418948.475166146
2026-05-20 03:15:00,1418948.475166146
2026-05-20 03:30:00,1418948.475166146
2026-05-20 03:45:00,1418948.475166146
2026-05-20 04:00:00,1418948.475166146
2026-05-20 04:15:00,1418948.475166146
2026-05-20 04:30:00,1418948.475166146
2026-05-20 04:45:00,1418948.475166146
2026-05-20 05:00:00,1418948.475166146
2026-05-20 05:15:00,1418948.475166146
2026-05-20 05:30:00,1418948.475166146
2026-05-20 05:45:00,1418948.475166146
2026-05-20 06:00:00,1418948.475166146
2026-05-20 06:15:00,1418948.475166146
2026-05-20 06:30:00,1418948.475166146
2026-05-20 06:45:00,1418948.475166146
2026-05-20 07:00:00,1418948.475166146
2026-05-20 07:15:00,1418948.475166146
2026-05-20 07:30:00,1418948.475166146
2026-05-20 07:45:00,1418948.475166146
2026-05-20 08:00:00,1418948.475166146
2026-05-20 08:15:00,1418948.475166146
2026-05-20 08:30:00,1418948.475166146
2026-05-20 08:45:00,1418948.475166146
2026-05-20 09:00:00,1418948.475166146
2026-05-20 09:15:00,1418948.475166146
2026-05-20 09:30:00,1418948.475166146
2026-05-20 09:45:00,1418948.475166146
2026-05-20 10:00:00,1418948.475166146
2026-05-20 10:15:00,1418948.475166146
2026-05-20 10:30:00,1418948.475166146
2026-05-20 10:45:00,1418948.475166146
2026-05-20 11:00:00,1418948.475166146
2026-05-20 11:15:00,1418948.475166146
2026-05-20 11:30:00,1418948.475166146
2026-05-20 11:45:00,1418948.475166146
2026-05-20 12:00:00,1418948.475166146
2026-05-20 12:15:00,1418948.475166146
2026-05-20 12:30:00,1418948.475166146
2026-05-20 12:45:00,1418948.475166146
2026-05-20 13:00:00,1418948.475166146
2026-05-20 13:15:00,1418948.475166146
2026-05-20 13:30:00,1418948.475166146
2026-05-20 13:45:00,1418948.475166146
2026-05-20 14:00:00,1418948.475166146
2026-05-20 14:15:00,1418948.475166146
2026-05-20 14:30:00,1418948.475166146
2026-05-20 14:45:00,1418948.475166146
2026-05-20 15:00:00,1418948.475166146
2026-05-20 15:15:00,1418948.475166146
2026-05-20 15:30:00,1418948.475166146
2026-05-20 15:45:00,1418948.475166146
2026-05-20 16:00:00,1418948.475166146
2026-05-20 16:15:00,1418948.475166146
2026-05-20 16:30:00,1418948.475166146
2026-05-20 16:45:00,1418948.475166146
2026-05-20 17:00:00,1418948.475166146
2026-05-20 17:15:00,1418948.475166146
2026-05-20 17:30:00,1418948.475166146
2026-05-20 17:45:00,1418948.475166146
2026-05-20 18:00:00,1418948.475166146
2026-05-20 18:15:00,1418948.475166146
2026-05-20 18:30:00,1418948.475166146
2026-05-20 18:45:00,1418948.475166146
2026-05-20 19:00:00,1418948.475166146
2026-05-20 19:15:00,1418948.475166146
2026-05-20 19:30:00,1418948.475166146
2026-05-20 19:45:00,1418948.475166146
2026-05-20 20:00:00,1418948.475166146
2026-05-20 20:15:00,1418948.475166146
2026-05-20 20:30:00,1418948.475166146
2026-05-20 20:45:00,1418948.475166146
2026-05-20 21:00:00,1418948.475166146
2026-05-20 21:15:00,1418948.475166146
2026-05-20 21:30:00,1418948.475166146
2026-05-20 21:45:00,1418948.475166146
2026-05-20 22:00:00,1418948.475166146
2026-05-20 22:15:00,1418948.475166146
2026-05-20 22:30:00,1418948.475166146
2026-05-20 22:45:00,1418948.475166146
2026-05-20 23:00:00,1418948.475166146
2026-05-20 23:15:00,1418948.475166146
2026-05-20 23:30:00,1418948.475166146
2026-05-20 23:45:00,1418948.475166146
2026-05-21 00:00:00,1418948.475166146
2026-05-21 00:15:00,1418948.475166146
2026-05-21 00:30:00,1418948.475166146
2026-05-21 00:45:00,1418948.475166146
2026-05-21 01:00:00,1418948.475166146
2026-05-21 01:15:00,1418948.475166146
2026-05-21 01:30:00,1418948.475166146
2026-05-21 01:45:00,1418948.475166146
2026-05-21 02:00:00,1418948.475166146
2026-05-21 02:15:00,1418948.475166146
2026-05-21 02:30:00,1418948.475166146
2026-05-21 02:45:00,1418948.475166146
2026-05-21 03:00:00,1418948.475166146
2026-05-21 03:15:00,1418948.475166146
2026-05-21 03:30:00,1418948.475166146
2026-05-21 03:45:00,1418948.475166146
2026-05-21 04:00:00,1418948.475166146
2026-05-21 04:15:00,1418948.475166146
2026-05-21 04:30:00,1418948.475166146
2026-05-21 04:45:00,1418948.475166146
2026-05-21 05:00:00,1418948.475166146
2026-05-21 05:15:00,1418948.475166146
2026-05-21 05:30:00,1418948.475166146
2026-05-21 05:45:00,1418948.475166146
2026-05-21 06:00:00,1418948.475166146
2026-05-21 06:15:00,1418948.475166146
2026-05-21 06:30:00,1418948.475166146
2026-05-21 06:45:00,1418948.475166146
2026-05-21 07:00:00,1418948.475166146
2026-05-21 07:15:00,1418948.475166146
2026-05-21 07:30:00,1418948.475166146
2026-05-21 07:45:00,1418948.475166146
2026-05-21 08:00:00,1418948.475166146
2026-05-21 08:15:00,1418948.475166146
2026-05-21 08:30:00,1418948.475166146
2026-05-21 08:45:00,1418948.475166146
2026-05-21 09:00:00,1418948.475166146
2026-05-21 09:15:00,1418948.475166146
2026-05-21 09:30:00,1418948.475166146
2026-05-21 09:45:00,1418948.475166146
2026-05-21 10:00:00,1418948.475166146
2026-05-21 10:15:00,1418948.475166146
2026-05-21 10:30:00,1418948.475166146
2026-05-21 10:45:00,1418948.475166146
2026-05-21 11:00:00,1418948.475166146
2026-05-21 11:15:00,1418948.475166146
2026-05-21 11:30:00,1418948.475166146
2026-05-21 11:45:00,1418948.475166146
2026-05-21 12:00:00,1418948.475166146
2026-05-21 12:15:00,1418948.475166146
2026-05-21 12:30:00,1418948.475166146
2026-05-21 12:45:00,1418948.475166146
2026-05-21 13:00:00,1418948.475166146
2026-05-21 13:15:00,1418948.475166146
2026-05-21 13:30:00,1418948.475166146
2026-05-21 13:45:00,1418948.475166146
2026-05-21 14:00:00,1418948.475166146
2026-05-21 14:15:00,1418948.475166146
2026-05-21 14:30:00,1418948.475166146
2026-05-21 14:45:00,1418948.475166146
2026-05-21 15:00:00,1418948.475166146
2026-05-21 15:15:00,1418948.475166146
2026-05-21 15:30:00,1418948.475166146
2026-05-21 15:45:00,1418948.475166146
2026-05-21 16:00:00,1418948.475166146
2026-05-21 16:15:00,1418948.475166146
2026-05-21 16:30:00,1418948.475166146
2026-05-21 16:45:00,1418948.475166146
2026-05-21 17:00:00,1418948.475166146
2026-05-21 17:15:00,1418948.475166146
2026-05-21 17:30:00,1418948.475166146
2026-05-21 17:45:00,1418948.475166146
2026-05-21 18:00:00,1418948.475166146
2026-05-21 18:15:00,1418948.475166146
2026-05-21 18:30:00,1418948.475166146
2026-05-21 18:45:00,1418948.475166146
2026-05-21 19:00:00,1418948.475166146
2026-05-21 19:15:00,1418948.475166146
2026-05-21 19:30:00,1418948.475166146
2026-05-21 19:45:00,1418948.475166146
2026-05-21 20:00:00,1418948.475166146
2026-05-21 20:15:00,1418948.475166146
2026-05-21 20:30:00,1418948.475166146
2026-05-21 20:45:00,1418948.475166146
2026-05-21 21:00:00,1418948.475166146
2026-05-21 21:15:00,1418948.475166146
2026-05-21 21:30:00,1418948.475166146
2026-05-21 21:45:00,1418948.475166146
2026-05-21 22:00:00,1418948.475166146
2026-05-21 22:15:00,1418948.475166146
2026-05-21 22:30:00,1418948.475166146
2026-05-21 22:45:00,1418948.475166146
2026-05-21 23:00:00,1418948.475166146
2026-05-21 23:15:00,1418948.475166146
2026-05-21 23:30:00,1418948.475166146
2026-05-21 23:45:00,1418948.475166146
2026-05-22 00:00:00,1418948.475166146
2026-05-22 00:15:00,1418948.475166146
2026-05-22 00:30:00,1418948.475166146
2026-05-22 00:45:00,1418948.475166146
2026-05-22 01:00:00,1418948.475166146
2026-05-22 01:15:00,1418948.475166146
2026-05-22 01:30:00,1418948.475166146
2026-05-22 01:45:00,1418948.475166146
2026-05-22 02:00:00,1418948.475166146
2026-05-22 02:15:00,1418948.475166146
2026-05-22 02:30:00,1418948.475166146
2026-05-22 02:45:00,1418948.475166146
2026-05-22 03:00:00,1418948.475166146
2026-05-22 03:15:00,1418948.475166146
2026-05-22 03:30:00,1418948.475166146
2026-05-22 03:45:00,1418948.475166146
2026-05-22 04:00:00,1418948.475166146
2026-05-22 04:15:00,1418948.475166146
2026-05-22 04:30:00,1418948.475166146
2026-05-22 04:45:00,1418948.475166146
2026-05-22 05:00:00,1418948.475166146
2026-05-22 05:15:00,1418948.475166146
2026-05-22 05:30:00,1418948.475166146
2026-05-22 05:45:00,1418948.475166146
2026-05-22 06:00:00,1418948.475166146
2026-05-22 06:15:00,1418948.475166146
2026-05-22 06:30:00,1418948.475166146
2026-05-22 06:45:00,1418948.475166146
2026-05-22 07:00:00,1418948.475166146
2026-05-22 07:15:00,1418948.475166146
2026-05-22 07:30:00,1418948.475166146
2026-05-22 07:45:00,1418948.475166146
2026-05-22 08:00:00,1418948.475166146
2026-05-22 08:15:00,1418948.475166146
2026-05-22 08:30:00,1418948.475166146
2026-05-22 08:45:00,1418948.475166146
2026-05-22 09:00:00,1418948.475166146
2026-05-22 09:15:00,1418948.475166146
2026-05-22 09:30:00,1418948.475166146
2026-05-22 09:45:00,1418948.475166146
2026-05-22 10:00:00,1418948.475166146
2026-05-22 10:15:00,1418948.475166146
2026-05-22 10:30:00,1418948.475166146
2026-05-22 10:45:00,1418948.475166146
2026-05-22 11:00:00,1418948.475166146
2026-05-22 11:15:00,1418948.475166146
2026-05-22 11:30:00,1418948.475166146
2026-05-22 11:45:00,1418948.475166146
2026-05-22 12:00:00,1418948.475166146
2026-05-22 12:15:00,1418948.475166146
2026-05-22 12:30:00,1418948.475166146
2026-05-22 12:45:00,1418948.475166146
2026-05-22 13:00:00,1418948.475166146
2026-05-22 13:15:00,1418948.475166146
2026-05-22 13:30:00,1418948.475166146
2026-05-22 13:45:00,1418948.475166146
2026-05-22 14:00:00,1418948.475166146
2026-05-22 14:15:00,1418948.475166146
2026-05-22 14:30:00,1418948.475166146
2026-05-22 14:45:00,1418948.475166146
2026-05-22 15:00:00,1418948.475166146
2026-05-22 15:15:00,1418948.475166146
2026-05-22 15:30:00,1418948.475166146
2026-05-22 15:45:00,1418948.475166146
2026-05-22 16:00:00,1418948.475166146
2026-05-22 16:15:00,1418948.475166146
2026-05-22 16:30:00,1418948.475166146
2026-05-22 16:45:00,1418948.475166146
2026-05-22 17:00:00,1418948.475166146
2026-05-22 17:15:00,1418948.475166146
2026-05-22 17:30:00,1418948.475166146
2026-05-22 17:45:00,1418948.475166146
2026-05-22 18:00:00,1418948.475166146
2026-05-22 18:15:00,1418948.475166146
2026-05-22 18:30:00,1418948.475166146
2026-05-22 18:45:00,1418948.475166146
2026-05-22 19:00:00,1418948.475166146
2026-05-22 19:15:00,1418948.475166146
2026-05-22 19:30:00,1418948.475166146
2026-05-22 19:45:00,1418948.475166146
2026-05-22 20:00:00,1418948.475166146
2026-05-22 20:15:00,1418948.475166146
2026-05-22 20:30:00,1418948.475166146
2026-05-22 20:45:00,1418948.475166146
2026-05-22 21:00:00,1418948.475166146
2026-05-22 21:15:00,1418948.475166146
2026-05-22 21:30:00,1418948.475166146
2026-05-22 21:45:00,1418948.475166146
2026-05-22 22:00:00,1418948.475166146
2026-05-22 22:15:00,1418948.475166146
2026-05-22 22:30:00,1418948.475166146
2026-05-22 22:45:00,1418948.475166146
2026-05-22 23:00:00,1418948.475166146
2026-05-22 23:15:00,1418948.475166146
2026-05-22 23:30:00,1418948.475166146
2026-05-22 23:45:00,1418948.475166146
2026-05-25 00:00:00,1418948.475166146
2026-05-25 00:15:00,1418948.475166146
2026-05-25 00:30:00,1418948.475166146
2026-05-25 00:45:00,1418948.475166146
2026-05-25 01:00:00,1418948.475166146
2026-05-25 01:15:00,1418948.475166146
2026-05-25 01:30:00,1418948.475166146
2026-05-25 01:45:00,1418948.475166146
2026-05-25 02:00:00,1418948.475166146
2026-05-25 02:15:00,1418948.475166146
2026-05-25 02:30:00,1418948.475166146
2026-05-25 02:45:00,1418948.475166146
2026-05-25 03:00:00,1418948.475166146
2026-05-25 03:15:00,1418948.475166146
2026-05-25 03:30:00,1418948.475166146
2026-05-25 03:45:00,1418948.475166146
2026-05-25 04:00:00,1418948.475166146
2026-05-25 04:15:00,1418948.475166146
2026-05-25 04:30:00,1418948.475166146
2026-05-25 04:45:00,1418948.475166146
2026-05-25 05:00:00,1418948.475166146
2026-05-25 05:15:00,1418948.475166146
2026-05-25 05:30:00,1418948.475166146
2026-05-25 05:45:00,1418948.475166146
2026-05-25 06:00:00,1418948.475166146
2026-05-25 06:15:00,1418948.475166146
2026-05-25 06:30:00,1418948.475166146
2026-05-25 06:45:00,1418948.475166146
2026-05-25 07:00:00,1418948.475166146
2026-05-25 07:15:00,1418948.475166146
2026-05-25 07:30:00,1418948.475166146
2026-05-25 07:45:00,1418948.475166146
2026-05-25 08:00:00,1418948.475166146
2026-05-25 08:15:00,1418948.475166146
2026-05-25 08:30:00,1418948.475166146
2026-05-25 08:45:00,1418948.475166146
2026-05-25 09:00:00,1418948.475166146
2026-05-25 09:15:00,1418948.475166146
2026-05-25 09:30:00,1418948.475166146
2026-05-25 09:45:00,1418948.475166146
2026-05-25 10:00:00,1418948.475166146
2026-05-25 10:15:00,1418948.475166146
2026-05-25 10:30:00,1418948.475166146
2026-05-25 10:45:00,1418948.475166146
2026-05-25 11:00:00,1418948.475166146
2026-05-25 11:15:00,1418948.475166146
2026-05-25 11:30:00,1418948.475166146
2026-05-25 11:45:00,1418948.475166146
2026-05-25 12:00:00,1418948.475166146
2026-05-25 12:15:00,1418948.475166146
2026-05-25 12:30:00,1418948.475166146
2026-05-25 12:45:00,1418948.475166146
2026-05-25 13:00:00,1418948.475166146
2026-05-25 13:15:00,1418948.475166146
2026-05-25 13:30:00,1418948.475166146
2026-05-25 13:45:00,1418948.475166146
2026-05-25 14:00:00,1418948.475166146
2026-05-25 14:15:00,1418948.475166146
2026-05-25 14:30:00,1418948.475166146
2026-05-25 14:45:00,1418948.475166146
2026-05-25 15:00:00,1418948.475166146
2026-05-25 15:15:00,1418948.475166146
2026-05-25 15:30:00,1418948.475166146
2026-05-25 15:45:00,1418948.475166146
2026-05-25 16:00:00,1418948.475166146
2026-05-25 16:15:00,1418948.475166146
2026-05-25 16:30:00,1418948.475166146
2026-05-25 16:45:00,1418948.475166146
2026-05-25 17:00:00,1418948.475166146
2026-05-25 17:15:00,1418948.475166146
2026-05-25 17:30:00,1418948.475166146
2026-05-25 17:45:00,1418948.475166146
2026-05-25 18:00:00,1418948.475166146
2026-05-25 18:15:00,1418948.475166146
2026-05-25 18:30:00,1418948.475166146
2026-05-25 18:45:00,1418948.475166146
2026-05-25 19:00:00,1418948.475166146
2026-05-25 19:15:00,1418948.475166146
2026-05-25 19:30:00,1418948.475166146
2026-05-25 19:45:00,1418948.475166146
2026-05-25 20:00:00,1418948.475166146
2026-05-25 20:15:00,1418948.475166146
2026-05-25 20:30:00,1418948.475166146
2026-05-25 20:45:00,1418948.475166146
2026-05-25 21:00:00,1418948.475166146
2026-05-25 21:15:00,1418948.475166146
2026-05-25 21:30:00,1418948.475166146
2026-05-25 21:45:00,1418948.475166146
2026-05-25 22:00:00,1418948.475166146
2026-05-25 22:15:00,1418948.475166146
2026-05-25 22:30:00,1418948.475166146
2026-05-25 22:45:00,1418948.475166146
2026-05-25 23:00:00,1418948.475166146
2026-05-25 23:15:00,1418948.475166146
2026-05-25 23:30:00,1418948.475166146
2026-05-25 23:45:00,1418948.475166146
2026-05-26 00:00:00,1418948.475166146
2026-05-26 00:15:00,1418948.475166146
2026-05-26 00:30:00,1418948.475166146
2026-05-26 00:45:00,1418948.475166146
2026-05-26 01:00:00,1418948.475166146
2026-05-26 01:15:00,1418948.475166146
2026-05-26 01:30:00,1418948.475166146
2026-05-26 01:45:00,1418948.475166146
2026-05-26 02:00:00,1418948.475166146
2026-05-26 02:15:00,1418948.475166146
2026-05-26 02:30:00,1418948.475166146
2026-05-26 02:45:00,1418948.475166146
2026-05-26 03:00:00,1418948.475166146
2026-05-26 03:15:00,1418948.475166146
2026-05-26 03:30:00,1418948.475166146
2026-05-26 03:45:00,1418948.475166146
2026-05-26 04:00:00,1418948.475166146
2026-05-26 04:15:00,1418948.475166146
2026-05-26 04:30:00,1418948.475166146
2026-05-26 04:45:00,1418948.475166146
2026-05-26 05:00:00,1418948.475166146
2026-05-26 05:15:00,1418948.475166146
2026-05-26 05:30:00,1418948.475166146
2026-05-26 05:45:00,1418948.475166146
2026-05-26 06:00:00,1418948.475166146
2026-05-26 06:15:00,1418948.475166146
2026-05-26 06:30:00,1418948.475166146
2026-05-26 06:45:00,1418948.475166146
2026-05-26 07:00:00,1418948.475166146
2026-05-26 07:15:00,1418948.475166146
2026-05-26 07:30:00,1418948.475166146
2026-05-26 07:45:00,1418948.475166146
2026-05-26 08:00:00,1418948.475166146
2026-05-26 08:15:00,1418948.475166146
2026-05-26 08:30:00,1418948.475166146
2026-05-26 08:45:00,1418948.475166146
2026-05-26 09:00:00,1418948.475166146
2026-05-26 09:15:00,1418948.475166146
2026-05-26 09:30:00,1418948.475166146
2026-05-26 09:45:00,1418948.475166146
2026-05-26 10:00:00,1418948.475166146
2026-05-26 10:15:00,1418948.475166146
2026-05-26 10:30:00,1418948.475166146
2026-05-26 10:45:00,1418948.475166146
2026-05-26 11:00:00,1418948.475166146
2026-05-26 11:15:00,1418948.475166146
2026-05-26 11:30:00,1418948.475166146
2026-05-26 11:45:00,1418948.475166146
2026-05-26 12:00:00,1418948.475166146
2026-05-26 12:15:00,1418948.475166146
2026-05-26 12:30:00,1418948.475166146
2026-05-26 12:45:00,1418948.475166146
2026-05-26 13:00:00,1418948.475166146
2026-05-26 13:15:00,1418948.475166146
2026-05-26 13:30:00,1418948.475166146
2026-05-26 13:45:00,1418948.475166146
2026-05-26 14:00:00,1418948.475166146
2026-05-26 14:15:00,1418948.475166146
2026-05-26 14:30:00,1418948.475166146
2026-05-26 14:45:00,1418948.475166146
2026-05-26 15:00:00,1418948.475166146
2026-05-26 15:15:00,1418948.475166146
2026-05-26 15:30:00,1418948.475166146
2026-05-26 15:45:00,1418948.475166146
2026-05-26 16:00:00,1418948.475166146
2026-05-26 16:15:00,1418948.475166146
2026-05-26 16:30:00,1418948.475166146
2026-05-26 16:45:00,1418948.475166146
2026-05-26 17:00:00,1418948.475166146
2026-05-26 17:15:00,1418948.475166146
2026-05-26 17:30:00,1418948.475166146
2026-05-26 17:45:00,1418948.475166146
2026-05-26 18:00:00,1418948.475166146
2026-05-26 18:15:00,1418948.475166146
2026-05-26 18:30:00,1418948.475166146
2026-05-26 18:45:00,1418948.475166146
2026-05-26 19:00:00,1418948.475166146
2026-05-26 19:15:00,1418948.475166146
2026-05-26 19:30:00,1418948.475166146
2026-05-26 19:45:00,1418948.475166146
2026-05-26 20:00:00,1418948.475166146
2026-05-26 20:15:00,1418948.475166146
2026-05-26 20:30:00,1418948.475166146
2026-05-26 20:45:00,1418948.475166146
2026-05-26 21:00:00,1418948.475166146
2026-05-26 21:15:00,1418948.475166146
2026-05-26 21:30:00,1418948.475166146
2026-05-26 21:45:00,1418948.475166146
2026-05-26 22:00:00,1418948.475166146
2026-05-26 22:15:00,1418948.475166146
2026-05-26 22:30:00,1418948.475166146
2026-05-26 22:45:00,1418948.475166146
2026-05-26 23:00:00,1418948.475166146
2026-05-26 23:15:00,1418948.475166146
2026-05-26 23:30:00,1418948.475166146
2026-05-26 23:45:00,1418948.475166146
2026-05-27 00:00:00,1418948.475166146
2026-05-27 00:15:00,1418948.475166146
2026-05-27 00:30:00,1418948.475166146
2026-05-27 00:45:00,1418948.475166146
2026-05-27 01:00:00,1418948.475166146
2026-05-27 01:15:00,1418948.475166146
2026-05-27 01:30:00,1418948.475166146
2026-05-27 01:45:00,1418948.475166146
2026-05-27 02:00:00,1418948.475166146
2026-05-27 02:15:00,1418948.475166146
2026-05-27 02:30:00,1418948.475166146
2026-05-27 02:45:00,1418948.475166146
2026-05-27 03:00:00,1418948.475166146
2026-05-27 03:15:00,1418948.475166146
2026-05-27 03:30:00,1418948.475166146
2026-05-27 03:45:00,1418948.475166146
2026-05-27 04:00:00,1418948.475166146
2026-05-27 04:15:00,1418948.475166146
2026-05-27 04:30:00,1418948.475166146
2026-05-27 04:45:00,1418948.475166146
2026-05-27 05:00:00,1418948.475166146
2026-05-27 05:15:00,1418948.475166146
2026-05-27 05:30:00,1418948.475166146
2026-05-27 05:45:00,1418948.475166146
2026-05-27 06:00:00,1418948.475166146
2026-05-27 06:15:00,1418948.475166146
2026-05-27 06:30:00,1418948.475166146
2026-05-27 06:45:00,1418948.475166146
2026-05-27 07:00:00,1418948.475166146
2026-05-27 07:15:00,1418948.475166146
2026-05-27 07:30:00,1418948.475166146
2026-05-27 07:45:00,1418948.475166146
2026-05-27 08:00:00,1418948.475166146
2026-05-27 08:15:00,1418948.475166146
2026-05-27 08:30:00,1418948.475166146
2026-05-27 08:45:00,1418948.475166146
2026-05-27 09:00:00,1418948.475166146
2026-05-27 09:15:00,1418948.475166146
2026-05-27 09:30:00,1418948.475166146
2026-05-27 09:45:00,1418948.475166146
2026-05-27 10:00:00,1418948.475166146
2026-05-27 10:15:00,1418948.475166146
2026-05-27 10:30:00,1418948.475166146
2026-05-27 10:45:00,1418948.475166146
2026-05-27 11:00:00,1418948.475166146
2026-05-27 11:15:00,1418948.475166146
2026-05-27 11:30:00,1418948.475166146
2026-05-27 11:45:00,1418948.475166146
2026-05-27 12:00:00,1418948.475166146
2026-05-27 12:15:00,1418948.475166146
2026-05-27 12:30:00,1418948.475166146
2026-05-27 12:45:00,1418948.475166146
2026-05-27 13:00:00,1418948.475166146
2026-05-27 13:15:00,1418948.475166146
2026-05-27 13:30:00,1418948.475166146
2026-05-27 13:45:00,1418948.475166146
2026-05-27 14:00:00,1418948.475166146
2026-05-27 14:15:00,1418948.475166146
2026-05-27 14:30:00,1418948.475166146
2026-05-27 14:45:00,1418948.475166146
2026-05-27 15:00:00,1418948.475166146
2026-05-27 15:15:00,1418948.475166146
2026-05-27 15:30:00,1418948.475166146
2026-05-27 15:45:00,1418948.475166146
2026-05-27 16:00:00,1418948.475166146
2026-05-27 16:15:00,1418948.475166146
2026-05-27 16:30:00,1418948.475166146
2026-05-27 16:45:00,1418948.475166146
2026-05-27 17:00:00,1418948.475166146
2026-05-27 17:15:00,1418948.475166146
2026-05-27 17:30:00,1418948.475166146
2026-05-27 17:45:00,1418948.475166146
2026-05-27 18:00:00,1418948.475166146
2026-05-27 18:15:00,1418948.475166146
2026-05-27 18:30:00,1418948.475166146
2026-05-27 18:45:00,1418948.475166146
2026-05-27 19:00:00,1418948.475166146
2026-05-27 19:15:00,1418948.475166146
2026-05-27 19:30:00,1418948.475166146
2026-05-27 19:45:00,1418948.475166146
2026-05-27 20:00:00,1418948.475166146
2026-05-27 20:15:00,1418948.475166146
2026-05-27 20:30:00,1418948.475166146
2026-05-27 20:45:00,1418948.475166146
2026-05-27 21:00:00,1418948.475166146
2026-05-27 21:15:00,1418948.475166146
2026-05-27 21:30:00,1418948.475166146
2026-05-27 21:45:00,1418948.475166146
2026-05-27 22:00:00,1418948.475166146
2026-05-27 22:15:00,1418948.475166146
2026-05-27 22:30:00,1418948.475166146
2026-05-27 22:45:00,1418948.475166146
2026-05-27 23:00:00,1418948.475166146
2026-05-27 23:15:00,1418948.475166146
2026-05-27 23:30:00,1418948.475166146
2026-05-27 23:45:00,1418948.475166146
2026-05-28 00:00:00,1418948.475166146
2026-05-28 00:15:00,1418948.475166146
2026-05-28 00:30:00,1418948.475166146
2026-05-28 00:45:00,1418948.475166146
2026-05-28 01:00:00,1418948.475166146
2026-05-28 01:15:00,1418948.475166146
2026-05-28 01:30:00,1418948.475166146
2026-05-28 01:45:00,1418948.475166146
2026-05-28 02:00:00,1418948.475166146
2026-05-28 02:15:00,1418948.475166146
2026-05-28 02:30:00,1418948.475166146
2026-05-28 02:45:00,1418948.475166146
2026-05-28 03:00:00,1418948.475166146
2026-05-28 03:15:00,1418948.475166146
2026-05-28 03:30:00,1418948.475166146
2026-05-28 03:45:00,1418948.475166146
2026-05-28 04:00:00,1418948.475166146
2026-05-28 04:15:00,1418948.475166146
2026-05-28 04:30:00,1418948.475166146
2026-05-28 04:45:00,1418948.475166146
2026-05-28 05:00:00,1418948.475166146
2026-05-28 05:15:00,1418948.475166146
2026-05-28 05:30:00,1418948.475166146
2026-05-28 05:45:00,1418948.475166146
2026-05-28 06:00:00,1418948.475166146
2026-05-28 06:15:00,1418948.475166146
2026-05-28 06:30:00,1418948.475166146
2026-05-28 06:45:00,1418948.475166146
2026-05-28 07:00:00,1418948.475166146
2026-05-28 07:15:00,1418948.475166146
2026-05-28 07:30:00,1418948.475166146
2026-05-28 07:45:00,1418948.475166146
2026-05-28 08:00:00,1418948.475166146
2026-05-28 08:15:00,1418948.475166146
2026-05-28 08:30:00,1418948.475166146
2026-05-28 08:45:00,1418948.475166146
2026-05-28 09:00:00,1418948.475166146
2026-05-28 09:15:00,1418948.475166146
2026-05-28 09:30:00,1418948.475166146
2026-05-28 09:45:00,1418948.475166146
2026-05-28 10:00:00,1418948.475166146
2026-05-28 10:15:00,1418948.475166146
2026-05-28 10:30:00,1418948.475166146
2026-05-28 10:45:00,1418948.475166146
2026-05-28 11:00:00,1418948.475166146
2026-05-28 11:15:00,1418948.475166146
2026-05-28 11:30:00,1418948.475166146
2026-05-28 11:45:00,1418948.475166146
2026-05-28 12:00:00,1418948.475166146
2026-05-28 12:15:00,1418948.475166146
2026-05-28 12:30:00,1418948.475166146
2026-05-28 12:45:00,1418948.475166146
2026-05-28 13:00:00,1418948.475166146
2026-05-28 13:15:00,1418948.475166146
2026-05-28 13:30:00,1418948.475166146
2026-05-28 13:45:00,1418948.475166146
2026-05-28 14:00:00,1418948.475166146
2026-05-28 14:15:00,1418948.475166146
2026-05-28 14:30:00,1418948.475166146
2026-05-28 14:45:00,1418948.475166146
2026-05-28 15:00:00,1418948.475166146
2026-05-28 15:15:00,1418948.475166146
2026-05-28 15:30:00,1418948.475166146
2026-05-28 15:45:00,1418948.475166146
2026-05-28 16:00:00,1418948.475166146
2026-05-28 16:15:00,1418948.475166146
2026-05-28 16:30:00,1418948.475166146
2026-05-28 16:45:00,1418948.475166146
2026-05-28 17:00:00,1418948.475166146
2026-05-28 17:15:00,1418948.475166146
2026-05-28 17:30:00,1418948.475166146
2026-05-28 17:45:00,1418948.475166146
2026-05-28 18:00:00,1418948.475166146
2026-05-28 18:15:00,1418948.475166146
2026-05-28 18:30:00,1418948.475166146
2026-05-28 18:45:00,1418948.475166146
2026-05-28 19:00:00,1418948.475166146
2026-05-28 19:15:00,1418948.475166146
2026-05-28 19:30:00,1418948.475166146
2026-05-28 19:45:00,1418948.475166146
2026-05-28 20:00:00,1418948.475166146
2026-05-28 20:15:00,1418948.475166146
2026-05-28 20:30:00,1418948.475166146
2026-05-28 20:45:00,1418948.475166146
2026-05-28 21:00:00,1418948.475166146
2026-05-28 21:15:00,1418948.475166146
2026-05-28 21:30:00,1418948.475166146
2026-05-28 21:45:00,1418948.475166146
2026-05-28 22:00:00,1418948.475166146
2026-05-28 22:15:00,1418948.475166146
2026-05-28 22:30:00,1418948.475166146
2026-05-28 22:45:00,1418948.475166146
2026-05-28 23:00:00,1418948.475166146
2026-05-28 23:15:00,1418948.475166146
2026-05-28 23:30:00,1418948.475166146
2026-05-28 23:45:00,1418948.475166146
2026-05-29 00:00:00,1418948.475166146
2026-05-29 00:15:00,1418948.475166146
2026-05-29 00:30:00,1418948.475166146
2026-05-29 00:45:00,1418948.475166146
2026-05-29 01:00:00,1418948.475166146
2026-05-29 01:15:00,1418948.475166146
2026-05-29 01:30:00,1418948.475166146
2026-05-29 01:45:00,1418948.475166146
2026-05-29 02:00:00,1418948.475166146
2026-05-29 02:15:00,1418948.475166146
2026-05-29 02:30:00,1418948.475166146
2026-05-29 02:45:00,1418948.475166146
2026-05-29 03:00:00,1418948.475166146
2026-05-29 03:15:00,1418948.475166146
2026-05-29 03:30:00,1418948.475166146
2026-05-29 03:45:00,1418948.475166146
2026-05-29 04:00:00,1418948.475166146
2026-05-29 04:15:00,1418948.475166146
2026-05-29 04:30:00,1418948.475166146
2026-05-29 04:45:00,1418948.475166146
2026-05-29 05:00:00,1418948.475166146
2026-05-29 05:15:00,1418948.475166146
2026-05-29 05:30:00,1418948.475166146
2026-05-29 05:45:00,1418948.475166146
2026-05-29 06:00:00,1418948.475166146
2026-05-29 06:15:00,1418948.475166146
2026-05-29 06:30:00,1418948.475166146
2026-05-29 06:45:00,1418948.475166146
2026-05-29 07:00:00,1418948.475166146
2026-05-29 07:15:00,1418948.475166146
2026-05-29 07:30:00,1418948.475166146
2026-05-29 07:45:00,1418948.475166146
2026-05-29 08:00:00,1418948.475166146
2026-05-29 08:15:00,1418948.475166146
2026-05-29 08:30:00,1418948.475166146
2026-05-29 08:45:00,1418948.475166146
2026-05-29 09:00:00,1418948.475166146
2026-05-29 09:15:00,1418948.475166146
2026-05-29 09:30:00,1418948.475166146
2026-05-29 09:45:00,1418948.475166146
2026-05-29 10:00:00,1418948.475166146
2026-05-29 10:15:00,1418948.475166146
2026-05-29 10:30:00,1418948.475166146
2026-05-29 10:45:00,1418948.475166146
2026-05-29 11:00:00,1418948.475166146
2026-05-29 11:15:00,1418948.475166146
2026-05-29 11:30:00,1418948.475166146
2026-05-29 11:45:00,1418948.475166146
2026-05-29 12:00:00,1418948.475166146
2026-05-29 12:15:00,1418948.475166146
2026-05-29 12:30:00,1418948.475166146
2026-05-29 12:45:00,1418948.475166146
2026-05-29 13:00:00,1418948.475166146
2026-05-29 13:15:00,1418948.475166146
2026-05-29 13:30:00,1418948.475166146
2026-05-29 13:45:00,1418948.475166146
2026-05-29 14:00:00,1418948.475166146
2026-05-29 14:15:00,1418948.475166146
2026-05-29 14:30:00,1418948.475166146
2026-05-29 14:45:00,1418948.475166146
2026-05-29 15:00:00,1418948.475166146
2026-05-29 15:15:00,1418948.475166146
2026-05-29 15:30:00,1418948.475166146
2026-05-29 15:45:00,1418948.475166146
2026-05-29 16:00:00,1418948.475166146
2026-05-29 16:15:00,1418948.475166146
2026-05-29 16:30:00,1418948.475166146
2026-05-29 16:45:00,1418948.475166146
2026-05-29 17:00:00,1418948.475166146
2026-05-29 17:15:00,1418948.475166146
2026-05-29 17:30:00,1418948.475166146
2026-05-29 17:45:00,1418948.475166146
2026-05-29 18:00:00,1418948.475166146
2026-05-29 18:15:00,1418948.475166146
2026-05-29 18:30:00,1418948.475166146
2026-05-29 18:45:00,1418948.475166146
2026-05-29 19:00:00,1418948.475166146
2026-05-29 19:15:00,1418948.475166146
2026-05-29 19:30:00,1418948.475166146
2026-05-29 19:45:00,1418948.475166146
2026-05-29 20:00:00,1418948.475166146
2026-05-29 20:15:00,1418948.475166146
2026-05-29 20:30:00,1418948.475166146
2026-05-29 20:45:00,1418948.475166146
2026-05-29 21:00:00,1418948.475166146
2026-05-29 21:15:00,1418948.475166146
2026-05-29 21:30:00,1418948.475166146
2026-05-29 21:45:00,1418948.475166146
2026-05-29 22:00:00,1418948.475166146
2026-05-29 22:15:00,1418948.475166146
2026-05-29 22:30:00,1418948.475166146
