time,portfolio_equity
2026-01-28 01:45:00,100000.0
2026-01-28 02:00:00,100000.0
2026-01-28 02:15:00,100000.0
2026-01-28 02:30:00,100000.0
2026-01-28 02:45:00,100000.0
2026-01-28 03:00:00,100000.0
2026-01-28 03:15:00,100000.0
2026-01-28 03:30:00,100000.0
2026-01-28 03:45:00,100000.0
2026-01-28 04:00:00,100000.0
2026-01-28 04:15:00,100000.0
2026-01-28 04:30:00,99650.3501300622
2026-01-28 04:45:00,100623.65221576046
2026-01-28 05:00:00,101613.55796113148
2026-01-28 05:15:00,103090.89999999988
2026-01-28 05:30:00,102642.00986483635
2026-01-28 05:45:00,102726.65766666655
2026-01-28 06:00:00,102726.65766666655
2026-01-28 06:15:00,102726.65766666655
2026-01-28 06:30:00,102726.65766666655
2026-01-28 06:45:00,102726.65766666655
2026-01-28 07:00:00,102726.65766666655
2026-01-28 07:15:00,102726.65766666655
2026-01-28 07:30:00,102726.65766666655
2026-01-28 07:45:00,102726.65766666655
2026-01-28 08:00:00,102726.65766666655
2026-01-28 08:15:00,102275.78387137898
2026-01-28 08:30:00,102366.05775666655
2026-01-28 08:45:00,102366.05775666655
2026-01-28 09:00:00,102366.05775666655
2026-01-28 09:15:00,101874.99535618484
2026-01-28 09:30:00,101501.38015214629
2026-01-28 09:45:00,101107.01522034778
2026-01-28 10:00:00,100758.1918883571
2026-01-28 10:15:00,115128.27921056819
2026-01-28 10:30:00,100384.92094344166
2026-01-28 10:45:00,101372.24561604936
2026-01-28 11:00:00,105676.35519426901
2026-01-28 11:15:00,101008.4635446647
2026-01-28 11:30:00,102017.76629421461
2026-01-28 11:45:00,103764.49230611467
2026-01-28 12:00:00,103764.49230611467
2026-01-28 12:15:00,103764.49230611467
2026-01-28 12:30:00,103764.49230611467
2026-01-28 12:45:00,103764.49230611467
2026-01-28 13:00:00,103067.34980281026
2026-01-28 13:15:00,103026.24557588965
2026-01-28 13:30:00,103026.24557588965
2026-01-28 13:45:00,103026.24557588965
2026-01-28 14:00:00,103026.24557588965
2026-01-28 14:15:00,103026.24557588965
2026-01-28 14:30:00,103026.24557588965
2026-01-28 14:45:00,102673.98849549424
2026-01-28 15:00:00,102290.7058441934
2026-01-28 15:15:00,102302.68995559611
2026-01-28 15:30:00,102302.68995559611
2026-01-28 15:45:00,102302.68995559611
2026-01-28 16:00:00,102302.68995559611
2026-01-28 16:15:00,102302.68995559611
2026-01-28 16:30:00,101904.11565821507
2026-01-28 16:45:00,101530.7356694836
2026-01-28 17:00:00,101135.77314336643
2026-01-28 17:15:00,103004.71961438804
2026-01-28 17:30:00,100762.05950756976
2026-01-28 17:45:00,102641.33908491084
2026-01-28 18:00:00,102641.33908491084
2026-01-28 18:15:00,101741.20965011543
2026-01-28 18:30:00,102281.59236072839
2026-01-28 18:45:00,103250.38561926084
2026-01-28 19:00:00,102908.68469493615
2026-01-28 19:15:00,102538.71724641818
2026-01-28 19:30:00,102598.35902739511
2026-01-28 19:45:00,102598.35902739511
2026-01-28 20:00:00,102598.35902739511
2026-01-28 20:15:00,102598.35902739511
2026-01-28 20:30:00,102598.35902739511
2026-01-28 20:45:00,102598.35902739511
2026-01-28 21:00:00,102181.11456662451
2026-01-28 21:15:00,101598.91740729511
2026-01-28 21:30:00,101598.91740729511
2026-01-28 21:45:00,101831.35905748565
2026-01-28 22:00:00,101479.88566671967
2026-01-28 22:15:00,101138.85837858479
2026-01-28 22:30:00,100312.35119100011
2026-01-28 22:45:00,100312.35119100011
2026-01-28 23:00:00,102092.06598827156
2026-01-28 23:15:00,101744.56359123069
2026-01-28 23:30:00,102717.73289993865
2026-01-28 23:45:00,102538.62879733532
2026-01-29 01:00:00,102538.62879733532
2026-01-29 01:15:00,102538.62879733532
2026-01-29 01:30:00,102538.62879733532
2026-01-29 01:45:00,102538.62879733532
2026-01-29 02:00:00,102538.62879733532
2026-01-29 02:15:00,102538.62879733532
2026-01-29 02:30:00,102538.62879733532
2026-01-29 02:45:00,102538.62879733532
2026-01-29 03:00:00,103001.41812659336
2026-01-29 03:15:00,102606.6740835775
2026-01-29 03:30:00,101829.89177602348
2026-01-29 03:45:00,101829.89177602348
2026-01-29 04:00:00,101829.89177602348
2026-01-29 04:15:00,101644.08560308059
2026-01-29 04:30:00,100832.22420348648
2026-01-29 04:45:00,100832.22420348648
2026-01-29 05:00:00,102619.14077231551
2026-01-29 05:15:00,100506.29718151245
2026-01-29 05:30:00,100506.29718151245
2026-01-29 05:45:00,102262.67756512664
2026-01-29 06:00:00,101909.7615673023
2026-01-29 06:15:00,102896.79879922207
2026-01-29 06:30:00,99864.18835552142
2026-01-29 06:45:00,99864.18835552142
2026-01-29 07:00:00,99864.18835552142
2026-01-29 07:15:00,100256.03271527131
2026-01-29 07:30:00,101491.13012916199
2026-01-29 07:45:00,100457.23936855473
2026-01-29 08:00:00,100457.23936855473
2026-01-29 08:15:00,100457.23936855473
2026-01-29 08:30:00,100457.23936855473
2026-01-29 08:45:00,102917.6812068458
2026-01-29 09:00:00,103976.78336074518
2026-01-29 09:15:00,99451.28313221424
2026-01-29 09:30:00,103560.15066345906
2026-01-29 09:45:00,99122.64829494785
2026-01-29 10:00:00,104645.67353631915
2026-01-29 10:15:00,104209.89999080022
2026-01-29 10:30:00,103791.2181294795
2026-01-29 10:45:00,103390.53154649139
2026-01-29 11:00:00,100457.23936855473
2026-01-29 11:15:00,100457.23936855473
2026-01-29 11:30:00,100457.23936855473
2026-01-29 11:45:00,101125.59834681608
2026-01-29 12:00:00,100755.58427560798
2026-01-29 12:15:00,98827.43964575206
2026-01-29 12:30:00,98827.43964575206
2026-01-29 12:45:00,98827.43964575206
2026-01-29 13:00:00,100389.70561014724
2026-01-29 13:15:00,102519.38155918526
2026-01-29 13:30:00,98172.49858262787
2026-01-29 13:45:00,98172.49858262787
2026-01-29 14:00:00,102112.39171388265
2026-01-29 14:15:00,101712.94796964986
2026-01-29 14:30:00,96851.25341975705
2026-01-29 14:45:00,96851.25341975705
2026-01-29 15:00:00,96851.25341975705
2026-01-29 15:15:00,96851.25341975705
2026-01-29 15:30:00,96851.25341975705
2026-01-29 15:45:00,96851.25341975705
2026-01-29 16:00:00,96851.25341975705
2026-01-29 16:15:00,102800.92343515232
2026-01-29 16:30:00,97505.23674591718
2026-01-29 16:45:00,99025.55694593079
2026-01-29 17:00:00,103542.54118161378
2026-01-29 17:15:00,105394.84159080999
2026-01-29 17:30:00,105459.26369147428
2026-01-29 17:45:00,101419.58254627588
2026-01-29 18:00:00,110807.4079425729
2026-01-29 18:15:00,107162.5483616404
2026-01-29 18:30:00,104123.14158996954
2026-01-29 18:45:00,104123.14158996954
2026-01-29 19:00:00,100919.98187762298
2026-01-29 19:15:00,107277.42227667206
2026-01-29 19:30:00,101333.74069332314
2026-01-29 19:45:00,101333.74069332314
2026-01-29 20:00:00,101333.74069332314
2026-01-29 20:15:00,101333.74069332314
2026-01-29 20:30:00,98851.16774321301
2026-01-29 20:45:00,100992.03010357445
2026-01-29 21:00:00,100992.03010357445
2026-01-29 21:15:00,100992.03010357445
2026-01-29 21:30:00,100992.03010357445
2026-01-29 21:45:00,100992.03010357445
2026-01-29 22:00:00,100992.03010357445
2026-01-29 22:15:00,100992.03010357445
2026-01-29 22:30:00,98507.7698579042
2026-01-29 22:45:00,107491.43595759437
2026-01-29 23:00:00,96118.38013882384
2026-01-29 23:15:00,96118.38013882384
2026-01-29 23:30:00,96118.38013882384
2026-01-29 23:45:00,106314.17441841558
2026-01-30 01:00:00,105871.57290705753
2026-01-30 01:15:00,96446.62596791118
2026-01-30 01:30:00,96446.62596791118
2026-01-30 01:45:00,96446.62596791118
2026-01-30 02:00:00,96446.62596791118
2026-01-30 02:15:00,96446.62596791118
2026-01-30 02:30:00,105426.99671975418
2026-01-30 02:45:00,106659.66596121088
2026-01-30 03:00:00,107908.73583181074
2026-01-30 03:15:00,109208.52256236578
2026-01-30 03:30:00,93910.75278502084
2026-01-30 03:45:00,93910.75278502084
2026-01-30 04:00:00,93910.75278502084
2026-01-30 04:15:00,93910.75278502084
2026-01-30 04:30:00,93910.75278502084
2026-01-30 04:45:00,95514.74146068003
2026-01-30 05:00:00,96438.28560282863
2026-01-30 05:15:00,93308.00746147655
2026-01-30 05:30:00,93308.00746147655
2026-01-30 05:45:00,93308.00746147655
2026-01-30 06:00:00,93308.00746147655
2026-01-30 06:15:00,93308.00746147655
2026-01-30 06:30:00,93308.00746147655
2026-01-30 06:45:00,93308.00746147655
2026-01-30 07:00:00,93308.00746147655
2026-01-30 07:15:00,93308.00746147655
2026-01-30 07:30:00,93308.00746147655
2026-01-30 07:45:00,93308.00746147655
2026-01-30 08:00:00,93308.00746147655
2026-01-30 08:15:00,93308.00746147655
2026-01-30 08:30:00,93308.00746147655
2026-01-30 08:45:00,93308.00746147655
2026-01-30 09:00:00,93308.00746147655
2026-01-30 09:15:00,96093.53427549519
2026-01-30 09:30:00,95755.58253515587
2026-01-30 09:45:00,95414.57342760026
2026-01-30 10:00:00,95078.1981792471
2026-01-30 10:15:00,98036.2119613555
2026-01-30 10:30:00,112843.19108243786
2026-01-30 10:45:00,98593.58550766643
2026-01-30 11:00:00,101554.18922931432
2026-01-30 11:15:00,101554.18922931432
2026-01-30 11:30:00,101554.18922931432
2026-01-30 11:45:00,98273.68797161289
2026-01-30 12:00:00,106608.85927699607
2026-01-30 12:15:00,106608.85927699607
2026-01-30 12:30:00,106608.85927699607
2026-01-30 12:45:00,118883.02793025755
2026-01-30 13:00:00,97605.85251090003
2026-01-30 13:15:00,105876.10401755944
2026-01-30 13:30:00,117992.36831210529
2026-01-30 13:45:00,105538.01081359948
2026-01-30 14:00:00,105538.01081359948
2026-01-30 14:15:00,105538.01081359948
2026-01-30 14:30:00,105538.01081359948
2026-01-30 14:45:00,117490.29017776481
2026-01-30 15:00:00,117000.22400624536
2026-01-30 15:15:00,103897.58763913203
2026-01-30 15:30:00,95302.656126255
2026-01-30 15:45:00,101630.911915081
2026-01-30 16:00:00,101630.911915081
2026-01-30 16:15:00,101630.911915081
2026-01-30 16:30:00,101630.911915081
2026-01-30 16:45:00,101630.911915081
2026-01-30 17:00:00,94973.32161274482
2026-01-30 17:15:00,94647.50493080064
2026-01-30 17:30:00,94333.24944599795
2026-01-30 17:45:00,101999.26317330504
2026-01-30 18:00:00,94024.42101386005
2026-01-30 18:15:00,93709.24251595965
2026-01-30 18:30:00,102747.1654321213
2026-01-30 18:45:00,93396.94806851755
2026-01-30 19:00:00,94231.29859375396
2026-01-30 19:15:00,101999.26317330504
2026-01-30 19:30:00,101999.26317330504
2026-01-30 19:45:00,101999.26317330504
2026-01-30 20:00:00,101999.26317330504
2026-01-30 20:15:00,101999.26317330504
2026-01-30 20:30:00,101999.26317330504
2026-01-30 20:45:00,101999.26317330504
2026-01-30 21:00:00,101999.26317330504
2026-01-30 21:15:00,101999.26317330504
2026-01-30 21:30:00,101999.26317330504
2026-01-30 21:45:00,101999.26317330504
2026-01-30 22:00:00,101999.26317330504
2026-01-30 22:15:00,101999.26317330504
2026-01-30 22:30:00,101999.26317330504
2026-01-30 22:45:00,101999.26317330504
2026-01-30 23:00:00,101999.26317330504
2026-01-30 23:15:00,101999.26317330504
2026-01-30 23:30:00,101999.26317330504
2026-01-30 23:45:00,101999.26317330504
2026-02-02 01:00:00,93918.56152330506
2026-02-02 01:15:00,108049.7813740798
2026-02-02 01:30:00,94279.2437062517
2026-02-02 01:45:00,104806.66260656653
2026-02-02 02:00:00,119632.60480875622
2026-02-02 02:15:00,119116.42786419051
2026-02-02 02:30:00,103514.77410287029
2026-02-02 02:45:00,103514.77410287029
2026-02-02 03:00:00,118595.65121252216
2026-02-02 03:15:00,111168.80844513947
2026-02-02 03:30:00,118134.6017914275
2026-02-02 03:45:00,110777.32970537277
2026-02-02 04:00:00,110777.32970537277
2026-02-02 04:15:00,110777.32970537277
2026-02-02 04:30:00,117634.93165734169
2026-02-02 04:45:00,99565.06533553582
2026-02-02 05:00:00,111550.39378705787
2026-02-02 05:15:00,111550.39378705787
2026-02-02 05:30:00,111550.39378705787
2026-02-02 05:45:00,99258.61854507036
2026-02-02 06:00:00,98958.91069187949
2026-02-02 06:15:00,112745.84066213365
2026-02-02 06:30:00,99759.44614283086
2026-02-02 06:45:00,118696.97016828011
2026-02-02 07:00:00,111545.3831960074
2026-02-02 07:15:00,111545.3831960074
2026-02-02 07:30:00,111545.3831960074
2026-02-02 07:45:00,118230.22459958366
2026-02-02 08:00:00,118943.3555894354
2026-02-02 08:15:00,106392.98973782874
2026-02-02 08:30:00,122352.92848499783
2026-02-02 08:45:00,122352.92848499783
2026-02-02 09:00:00,122352.92848499783
2026-02-02 09:15:00,119311.62509306674
2026-02-02 09:30:00,121885.48239673713
2026-02-02 09:45:00,118821.22036943049
2026-02-02 10:00:00,106373.56529987963
2026-02-02 10:15:00,118774.53989473115
2026-02-02 10:30:00,119669.73215838215
2026-02-02 10:45:00,119669.73215838215
2026-02-02 11:00:00,118288.86290493232
2026-02-02 11:15:00,119220.70531110882
2026-02-02 11:30:00,119220.70531110882
2026-02-02 11:45:00,119220.70531110882
2026-02-02 12:00:00,119220.70531110882
2026-02-02 12:15:00,119220.70531110882
2026-02-02 12:30:00,119220.70531110882
2026-02-02 12:45:00,119220.70531110882
2026-02-02 13:00:00,119220.70531110882
2026-02-02 13:15:00,119220.70531110882
2026-02-02 13:30:00,119220.70531110882
2026-02-02 13:45:00,119220.70531110882
2026-02-02 14:00:00,107181.55912687603
2026-02-02 14:15:00,106861.63736833117
2026-02-02 14:30:00,119220.70531110882
2026-02-02 14:45:00,119220.70531110882
2026-02-02 15:00:00,119220.70531110882
2026-02-02 15:15:00,119220.70531110882
2026-02-02 15:30:00,119220.70531110882
2026-02-02 15:45:00,119220.70531110882
2026-02-02 16:00:00,119220.70531110882
2026-02-02 16:15:00,119220.70531110882
2026-02-02 16:30:00,106554.93080170956
2026-02-02 16:45:00,120463.71673404024
2026-02-02 17:00:00,120463.71673404024
2026-02-02 17:15:00,120463.71673404024
2026-02-02 17:30:00,120463.71673404024
2026-02-02 17:45:00,120463.71673404024
2026-02-02 18:00:00,106238.81300197256
2026-02-02 18:15:00,120367.59021795273
2026-02-02 18:30:00,119592.41290003317
2026-02-02 18:45:00,119592.41290003317
2026-02-02 19:00:00,119592.41290003317
2026-02-02 19:15:00,119592.41290003317
2026-02-02 19:30:00,119592.41290003317
2026-02-02 19:45:00,119592.41290003317
2026-02-02 20:00:00,119592.41290003317
2026-02-02 20:15:00,119592.41290003317
2026-02-02 20:30:00,119592.41290003317
2026-02-02 20:45:00,119592.41290003317
2026-02-02 21:00:00,119592.41290003317
2026-02-02 21:15:00,119592.41290003317
2026-02-02 21:30:00,105473.16793049293
2026-02-02 21:45:00,119064.04983141736
2026-02-02 22:00:00,118311.54751753833
2026-02-02 22:15:00,118311.54751753833
2026-02-02 22:30:00,118311.54751753833
2026-02-02 22:45:00,120351.2553993742
2026-02-02 23:00:00,121697.47992377114
2026-02-02 23:15:00,117444.52381878223
2026-02-02 23:30:00,117444.52381878223
2026-02-02 23:45:00,117444.52381878223
2026-02-03 01:00:00,121197.33107841376
2026-02-03 01:15:00,122562.38201849634
2026-02-03 01:30:00,114543.57787103872
2026-02-03 01:45:00,122053.74299071007
2026-02-03 02:00:00,123418.26053438925
2026-02-03 02:15:00,122876.15524255046
2026-02-03 02:30:00,122351.57297053112
2026-02-03 02:45:00,122354.95780548519
2026-02-03 03:00:00,121856.598060383
2026-02-03 03:15:00,121349.41631592109
2026-02-03 03:30:00,127822.50971009152
2026-02-03 03:45:00,127822.50971009152
2026-02-03 04:00:00,120855.64400518982
2026-02-03 04:15:00,122221.787284043
2026-02-03 04:30:00,121712.70762289394
2026-02-03 04:45:00,121218.47800395286
2026-02-03 05:00:00,127291.70978728353
2026-02-03 05:15:00,127291.70978728353
2026-02-03 05:30:00,127291.70978728353
2026-02-03 05:45:00,127291.70978728353
2026-02-03 06:00:00,127291.70978728353
2026-02-03 06:15:00,127291.70978728353
2026-02-03 06:30:00,127291.70978728353
2026-02-03 06:45:00,127291.70978728353
2026-02-03 07:00:00,113725.54811523523
2026-02-03 07:15:00,126877.61794632394
2026-02-03 07:30:00,126877.61794632394
2026-02-03 07:45:00,126877.61794632394
2026-02-03 08:00:00,126877.61794632394
2026-02-03 08:15:00,120308.33203658261
2026-02-03 08:30:00,109343.81937982207
2026-02-03 08:45:00,135726.79189894255
2026-02-03 09:00:00,135726.79189894255
2026-02-03 09:15:00,109706.00099807093
2026-02-03 09:30:00,123799.81842348579
2026-02-03 09:45:00,139375.5648938521
2026-02-03 10:00:00,139069.82812056242
2026-02-03 10:15:00,152504.40357472282
2026-02-03 10:30:00,112724.06688456006
2026-02-03 10:45:00,111879.82539841146
2026-02-03 11:00:00,124122.49150167071
2026-02-03 11:15:00,125565.71602299236
2026-02-03 11:30:00,113946.66918485789
2026-02-03 11:45:00,150954.47112234478
2026-02-03 12:00:00,150954.47112234478
2026-02-03 12:15:00,150954.47112234478
2026-02-03 12:30:00,137454.9270802091
2026-02-03 12:45:00,148822.94540035343
2026-02-03 13:00:00,113930.67954795042
2026-02-03 13:15:00,146886.47381685817
2026-02-03 13:30:00,146886.47381685817
2026-02-03 13:45:00,146886.47381685817
2026-02-03 14:00:00,134358.91275469022
2026-02-03 14:15:00,126380.1619056647
2026-02-03 14:30:00,125852.53958218904
2026-02-03 14:45:00,145053.02840798802
2026-02-03 15:00:00,145053.02840798802
2026-02-03 15:15:00,145053.02840798802
2026-02-03 15:30:00,145053.02840798802
2026-02-03 15:45:00,145053.02840798802
2026-02-03 16:00:00,127311.34783611016
2026-02-03 16:15:00,126762.25160362197
2026-02-03 16:30:00,113779.27276151214
2026-02-03 16:45:00,129560.55495666181
2026-02-03 17:00:00,129247.205271768
2026-02-03 17:15:00,130123.2179539992
2026-02-03 17:30:00,131016.53028223805
2026-02-03 17:45:00,129135.29196355691
2026-02-03 18:00:00,128816.57588000224
2026-02-03 18:15:00,131064.12213718319
2026-02-03 18:30:00,130504.27900538844
2026-02-03 18:45:00,201327.74977515155
2026-02-03 19:00:00,130008.43656565162
2026-02-03 19:15:00,198911.03042614504
2026-02-03 19:30:00,129468.9926722805
2026-02-03 19:45:00,128926.66275187612
2026-02-03 20:00:00,198911.03042614504
2026-02-03 20:15:00,198911.03042614504
2026-02-03 20:30:00,128413.16677929196
2026-02-03 20:45:00,195375.8254183418
2026-02-03 21:00:00,195375.8254183418
2026-02-03 21:15:00,178287.35456587528
2026-02-03 21:30:00,194910.31308759525
2026-02-03 21:45:00,194910.31308759525
2026-02-03 22:00:00,194910.31308759525
2026-02-03 22:15:00,194910.31308759525
2026-02-03 22:30:00,112419.31966027975
2026-02-03 22:45:00,193294.54329005262
2026-02-03 23:00:00,193294.54329005262
2026-02-03 23:15:00,193294.54329005262
2026-02-03 23:30:00,193294.54329005262
2026-02-03 23:45:00,193294.54329005262
2026-02-04 00:00:00,193294.54329005262
2026-02-04 00:15:00,193294.54329005262
2026-02-04 00:30:00,193294.54329005262
2026-02-04 00:45:00,193294.54329005262
2026-02-04 01:00:00,130336.98118248858
2026-02-04 01:15:00,129811.01999622071
2026-02-04 01:30:00,191019.2499962897
2026-02-04 01:45:00,129278.89859082857
2026-02-04 02:00:00,189898.63946502484
2026-02-04 02:15:00,189898.63946502484
2026-02-04 02:30:00,189898.63946502484
2026-02-04 02:45:00,189898.63946502484
2026-02-04 03:00:00,189898.63946502484
2026-02-04 03:15:00,189898.63946502484
2026-02-04 03:30:00,112002.23107605736
2026-02-04 03:45:00,187881.30025469683
2026-02-04 04:00:00,111171.22694015176
2026-02-04 04:15:00,191871.7486709847
2026-02-04 04:30:00,191871.7486709847
2026-02-04 04:45:00,175869.95181019316
2026-02-04 05:00:00,190990.78045763966
2026-02-04 05:15:00,190990.78045763966
2026-02-04 05:30:00,125432.46697725763
2026-02-04 05:45:00,194418.84013383195
2026-02-04 06:00:00,194418.84013383195
2026-02-04 06:15:00,194418.84013383195
2026-02-04 06:30:00,194418.84013383195
2026-02-04 06:45:00,194418.84013383195
2026-02-04 07:00:00,194418.84013383195
2026-02-04 07:15:00,194418.84013383195
2026-02-04 07:30:00,194418.84013383195
2026-02-04 07:45:00,194418.84013383195
2026-02-04 08:00:00,124934.55760360342
2026-02-04 08:15:00,124385.1498804093
2026-02-04 08:30:00,177796.97726202087
2026-02-04 08:45:00,192957.64370774652
2026-02-04 09:00:00,192957.64370774652
2026-02-04 09:15:00,126682.60532111322
2026-02-04 09:30:00,176313.76263042737
2026-02-04 09:45:00,177157.06619498174
2026-02-04 10:00:00,176848.41993649385
2026-02-04 10:15:00,176537.99341617842
2026-02-04 10:30:00,110581.18322299907
2026-02-04 10:45:00,191963.18563211127
2026-02-04 11:00:00,175916.00288268283
2026-02-04 11:15:00,175582.02032893046
2026-02-04 11:30:00,188995.16703091384
2026-02-04 11:45:00,190548.1632508747
2026-02-04 12:00:00,188642.86196707605
2026-02-04 12:15:00,190202.82060522045
2026-02-04 12:30:00,189622.47861945204
2026-02-04 12:45:00,189522.46105901702
2026-02-04 13:00:00,189522.46105901702
2026-02-04 13:15:00,126431.76227625448
2026-02-04 13:30:00,183981.44533871752
2026-02-04 13:45:00,183981.44533871752
2026-02-04 14:00:00,183981.44533871752
2026-02-04 14:15:00,169907.40328813178
2026-02-04 14:30:00,183126.64276227704
2026-02-04 14:45:00,183126.64276227704
2026-02-04 15:00:00,170761.16680526925
2026-02-04 15:15:00,182440.2031875499
2026-02-04 15:30:00,183766.46948252287
2026-02-04 15:45:00,183766.46948252287
2026-02-04 16:00:00,127650.87579263674
2026-02-04 16:15:00,182691.28968625853
2026-02-04 16:30:00,125426.88677810675
2026-02-04 16:45:00,213569.14536512576
2026-02-04 17:00:00,213569.14536512576
2026-02-04 17:15:00,213569.14536512576
2026-02-04 17:30:00,213569.14536512576
2026-02-04 17:45:00,213569.14536512576
2026-02-04 18:00:00,213569.14536512576
2026-02-04 18:15:00,213569.14536512576
2026-02-04 18:30:00,213569.14536512576
2026-02-04 18:45:00,213569.14536512576
2026-02-04 19:00:00,213569.14536512576
2026-02-04 19:15:00,213241.71828717
2026-02-04 19:30:00,215065.04707418004
2026-02-04 19:45:00,215065.04707418004
2026-02-04 20:00:00,215065.04707418004
2026-02-04 20:15:00,215065.04707418004
2026-02-04 20:30:00,215065.04707418004
2026-02-04 20:45:00,215065.04707418004
2026-02-04 21:00:00,215065.04707418004
2026-02-04 21:15:00,215065.04707418004
2026-02-04 21:30:00,215065.04707418004
2026-02-04 21:45:00,202807.71935886034
2026-02-04 22:00:00,214648.25607663352
2026-02-04 22:15:00,214648.25607663352
2026-02-04 22:30:00,214648.25607663352
2026-02-04 22:45:00,214648.25607663352
2026-02-04 23:00:00,214648.25607663352
2026-02-04 23:15:00,214648.25607663352
2026-02-04 23:30:00,202499.53141265473
2026-02-04 23:45:00,202198.40445505478
2026-02-05 00:00:00,211845.11548666505
2026-02-05 00:15:00,211845.11548666505
2026-02-05 00:30:00,211845.11548666505
2026-02-05 00:45:00,211845.11548666505
2026-02-05 01:00:00,211845.11548666505
2026-02-05 01:15:00,123134.93994340923
2026-02-05 01:30:00,216016.56459550915
2026-02-05 01:45:00,216016.56459550915
2026-02-05 02:00:00,124576.69974556132
2026-02-05 02:15:00,214584.3670681393
2026-02-05 02:30:00,214584.3670681393
2026-02-05 02:45:00,214584.3670681393
2026-02-05 03:00:00,126080.401617343
2026-02-05 03:15:00,125483.77148864564
2026-02-05 03:30:00,211762.794719468
2026-02-05 03:45:00,211762.794719468
2026-02-05 04:00:00,124929.31568256978
2026-02-05 04:15:00,206366.05752098488
2026-02-05 04:30:00,206366.05752098488
2026-02-05 04:45:00,122212.134769178
2026-02-05 05:00:00,121335.25109576948
2026-02-05 05:15:00,112322.70583050785
2026-02-05 05:30:00,220222.3869323468
2026-02-05 05:45:00,220222.3869323468
2026-02-05 06:00:00,220222.3869323468
2026-02-05 06:15:00,123374.39132953879
2026-02-05 06:30:00,208848.19990660693
2026-02-05 06:45:00,208560.2680940901
2026-02-05 07:00:00,217603.23364504424
2026-02-05 07:15:00,217603.23364504424
2026-02-05 07:30:00,215763.08963920444
2026-02-05 07:45:00,121355.03887464269
2026-02-05 08:00:00,120815.51122518787
2026-02-05 08:15:00,110919.25127896147
2026-02-05 08:30:00,201498.71625550266
2026-02-05 08:45:00,110870.31527608728
2026-02-05 09:00:00,200485.9570015794
2026-02-05 09:15:00,113815.75715480972
2026-02-05 09:30:00,214123.6465494433
2026-02-05 09:45:00,214123.6465494433
2026-02-05 10:00:00,204373.26544895966
2026-02-05 10:15:00,213388.4664520068
2026-02-05 10:30:00,213388.4664520068
2026-02-05 10:45:00,204068.21983675042
2026-02-05 11:00:00,204850.5488741801
2026-02-05 11:15:00,212313.03650472587
2026-02-05 11:30:00,120930.99524212057
2026-02-05 11:45:00,203155.98009550796
2026-02-05 12:00:00,210560.5001898547
2026-02-05 12:15:00,210560.5001898547
2026-02-05 12:30:00,210560.5001898547
2026-02-05 12:45:00,112345.64967336177
2026-02-05 13:00:00,208825.48923813223
2026-02-05 13:15:00,119205.50606966058
2026-02-05 13:30:00,207452.16804079709
2026-02-05 13:45:00,207452.16804079709
2026-02-05 14:00:00,207452.16804079709
2026-02-05 14:15:00,118692.15226152731
2026-02-05 14:30:00,203889.27659422375
2026-02-05 14:45:00,204676.12490726222
2026-02-05 15:00:00,132543.131027042
2026-02-05 15:15:00,233003.385019247
2026-02-05 15:30:00,113551.97290461889
2026-02-05 15:45:00,230561.05627546727
2026-02-05 16:00:00,230561.05627546727
2026-02-05 16:15:00,224320.07155913804
2026-02-05 16:30:00,113480.51362659234
2026-02-05 16:45:00,107827.91964630879
2026-02-05 17:00:00,224296.24315248814
2026-02-05 17:15:00,224296.24315248814
2026-02-05 17:30:00,224296.24315248814
2026-02-05 17:45:00,224296.24315248814
2026-02-05 18:00:00,224296.24315248814
2026-02-05 18:15:00,113077.2356354204
2026-02-05 18:30:00,204781.38206755923
2026-02-05 18:45:00,129929.4293693435
2026-02-05 19:00:00,211327.7010458997
2026-02-05 19:15:00,211327.7010458997
2026-02-05 19:30:00,211327.7010458997
2026-02-05 19:45:00,211327.7010458997
2026-02-05 20:00:00,211327.7010458997
2026-02-05 20:15:00,211327.7010458997
2026-02-05 20:30:00,211327.7010458997
2026-02-05 20:45:00,211327.7010458997
2026-02-05 21:00:00,211327.7010458997
2026-02-05 21:15:00,211327.7010458997
2026-02-05 21:30:00,131356.61408276897
2026-02-05 21:45:00,210034.74639985707
2026-02-05 22:00:00,210034.74639985707
2026-02-05 22:15:00,210034.74639985707
2026-02-05 22:30:00,210034.74639985707
2026-02-05 22:45:00,210034.74639985707
2026-02-05 23:00:00,210034.74639985707
2026-02-05 23:15:00,210034.74639985707
2026-02-05 23:30:00,130838.02798069429
2026-02-05 23:45:00,219041.14847626034
2026-02-06 00:00:00,239236.15160563588
2026-02-06 00:15:00,239236.15160563588
2026-02-06 00:30:00,239236.15160563588
2026-02-06 00:45:00,239236.15160563588
2026-02-06 01:00:00,134397.274296931
2026-02-06 01:15:00,113388.05372910725
2026-02-06 01:30:00,112563.61236358076
2026-02-06 01:45:00,223844.44395036082
2026-02-06 02:00:00,245275.65119679703
2026-02-06 02:15:00,131432.26719809315
2026-02-06 02:30:00,135287.82389572487
2026-02-06 02:45:00,134808.75782061712
2026-02-06 03:00:00,240212.40424194568
2026-02-06 03:15:00,240212.40424194568
2026-02-06 03:30:00,240212.40424194568
2026-02-06 03:45:00,134280.17301155953
2026-02-06 04:00:00,133768.01822093356
2026-02-06 04:15:00,133272.0310968406
2026-02-06 04:30:00,132796.30837460572
2026-02-06 04:45:00,232712.76319760433
2026-02-06 05:00:00,232712.76319760433
2026-02-06 05:15:00,232712.76319760433
2026-02-06 05:30:00,232712.76319760433
2026-02-06 05:45:00,232712.76319760433
2026-02-06 06:00:00,232712.76319760433
2026-02-06 06:15:00,232712.76319760433
2026-02-06 06:30:00,210983.4572109677
2026-02-06 06:45:00,211794.28101676574
2026-02-06 07:00:00,231238.1300775268
2026-02-06 07:15:00,226514.3654854261
2026-02-06 07:30:00,230862.72704171413
2026-02-06 07:45:00,130445.2543837423
2026-02-06 08:00:00,129947.13152524608
2026-02-06 08:15:00,129485.0470055407
2026-02-06 08:30:00,124285.0860450216
2026-02-06 08:45:00,216519.53114758397
2026-02-06 09:00:00,235322.4922228138
2026-02-06 09:15:00,235322.4922228138
2026-02-06 09:30:00,235322.4922228138
2026-02-06 09:45:00,235322.4922228138
2026-02-06 10:00:00,127203.5868409086
2026-02-06 10:15:00,232311.35806887408
2026-02-06 10:30:00,232311.35806887408
2026-02-06 10:45:00,232311.35806887408
2026-02-06 11:00:00,126736.70840547679
2026-02-06 11:15:00,230828.33666974024
2026-02-06 11:30:00,230828.33666974024
2026-02-06 11:45:00,230828.33666974024
2026-02-06 12:00:00,230828.33666974024
2026-02-06 12:15:00,230828.33666974024
2026-02-06 12:30:00,230828.33666974024
2026-02-06 12:45:00,230828.33666974024
2026-02-06 13:00:00,230828.33666974024
2026-02-06 13:15:00,230828.33666974024
2026-02-06 13:30:00,230828.33666974024
2026-02-06 13:45:00,230828.33666974024
2026-02-06 14:00:00,230828.33666974024
2026-02-06 14:15:00,230828.33666974024
2026-02-06 14:30:00,127973.80186159011
2026-02-06 14:45:00,229360.14548459774
2026-02-06 15:00:00,127522.24913781107
2026-02-06 15:15:00,273883.9669232398
2026-02-06 15:30:00,128793.85163704486
2026-02-06 15:45:00,260733.623851619
2026-02-06 16:00:00,126809.84756496636
2026-02-06 16:15:00,129082.49714775487
2026-02-06 16:30:00,109077.90895321162
2026-02-06 16:45:00,235345.17582892766
2026-02-06 17:00:00,107151.50211810523
2026-02-06 17:15:00,241189.46251776686
2026-02-06 17:30:00,261153.19090106332
2026-02-06 17:45:00,261153.19090106332
2026-02-06 18:00:00,240910.7788315586
2026-02-06 18:15:00,262568.8313014666
2026-02-06 18:30:00,262568.8313014666
2026-02-06 18:45:00,262568.8313014666
2026-02-06 19:00:00,262568.8313014666
2026-02-06 19:15:00,262568.8313014666
2026-02-06 19:30:00,127729.4880088051
2026-02-06 19:45:00,273468.4186329361
2026-02-06 20:00:00,273468.4186329361
2026-02-06 20:15:00,273468.4186329361
2026-02-06 20:30:00,273468.4186329361
2026-02-06 20:45:00,273468.4186329361
2026-02-06 21:00:00,273468.4186329361
2026-02-06 21:15:00,273468.4186329361
2026-02-06 21:30:00,273468.4186329361
2026-02-06 21:45:00,273468.4186329361
2026-02-06 22:00:00,252593.8608368581
2026-02-06 22:15:00,272982.3820954643
2026-02-06 22:30:00,126771.12219213929
2026-02-06 22:45:00,107370.21442994264
2026-02-06 23:00:00,135821.09649346382
2026-02-06 23:15:00,239101.67144880522
2026-02-06 23:30:00,107618.31765619872
2026-02-06 23:45:00,135532.69894791438
2026-02-09 00:00:00,263667.5650657923
2026-02-09 00:15:00,263667.5650657923
2026-02-09 00:30:00,263667.5650657923
2026-02-09 00:45:00,263667.5650657923
2026-02-09 01:00:00,234986.01982407225
2026-02-09 01:15:00,235765.65088085446
2026-02-09 01:30:00,235476.74184027337
2026-02-09 01:45:00,235319.48876567278
2026-02-09 02:00:00,234548.84609243655
2026-02-09 02:15:00,234351.44847209187
2026-02-09 02:30:00,269317.22707127174
2026-02-09 02:45:00,233641.36356119852
2026-02-09 03:00:00,234390.25190776354
2026-02-09 03:15:00,267488.54676554963
2026-02-09 03:30:00,234099.38951813354
2026-02-09 03:45:00,233821.98289907086
2026-02-09 04:00:00,267549.2902326012
2026-02-09 04:15:00,270609.893986125
2026-02-09 04:30:00,270609.893986125
2026-02-09 04:45:00,270609.893986125
2026-02-09 05:00:00,270609.893986125
2026-02-09 05:15:00,236659.66429390438
2026-02-09 05:30:00,236385.71688107855
2026-02-09 05:45:00,271822.8777477166
2026-02-09 06:00:00,271822.8777477166
2026-02-09 06:15:00,271822.8777477166
2026-02-09 06:30:00,271822.8777477166
2026-02-09 06:45:00,236093.99420294617
2026-02-09 07:00:00,235818.31220888524
2026-02-09 07:15:00,235549.33345343766
2026-02-09 07:30:00,236280.06234174466
2026-02-09 07:45:00,268835.5273141632
2026-02-09 08:00:00,236008.43476349436
2026-02-09 08:15:00,270609.893986125
2026-02-09 08:30:00,269181.80515613826
2026-02-09 08:45:00,233923.6131294001
2026-02-09 09:00:00,269267.92451089685
2026-02-09 09:15:00,234717.9726571481
2026-02-09 09:30:00,232985.61645701702
2026-02-09 09:45:00,234066.06087337408
2026-02-09 10:00:00,233802.56335521938
2026-02-09 10:15:00,104918.67585535902
2026-02-09 10:30:00,262400.92062981066
2026-02-09 10:45:00,140242.27639991965
2026-02-09 11:00:00,140845.20528252982
2026-02-09 11:15:00,258695.89522676734
2026-02-09 11:30:00,224409.4155709906
2026-02-09 11:45:00,224157.39643893024
2026-02-09 12:00:00,224854.08912815267
2026-02-09 12:15:00,225568.58407927526
2026-02-09 12:30:00,225298.1731783734
2026-02-09 12:45:00,262961.00772592996
2026-02-09 13:00:00,225033.67871872045
2026-02-09 13:15:00,144356.42290540217
2026-02-09 13:30:00,143842.36946582794
2026-02-09 13:45:00,255833.37981590105
2026-02-09 14:00:00,219273.25939081796
2026-02-09 14:15:00,219006.8334845128
2026-02-09 14:30:00,106257.95859365154
2026-02-09 14:45:00,254248.84890791538
2026-02-09 15:00:00,107378.87803034158
2026-02-09 15:15:00,219842.57476927195
2026-02-09 15:30:00,140403.94172076718
2026-02-09 15:45:00,250069.68826268523
2026-02-09 16:00:00,139163.88845687086
2026-02-09 16:15:00,140150.32385394233
2026-02-09 16:30:00,107182.41699114311
2026-02-09 16:45:00,217104.87836885825
2026-02-09 17:00:00,253036.34438165033
2026-02-09 17:15:00,253194.82315098785
2026-02-09 17:30:00,253194.82315098785
2026-02-09 17:45:00,253194.82315098785
2026-02-09 18:00:00,253194.82315098785
2026-02-09 18:15:00,253194.82315098785
2026-02-09 18:30:00,253194.82315098785
2026-02-09 18:45:00,253194.82315098785
2026-02-09 19:00:00,253194.82315098785
2026-02-09 19:15:00,253194.82315098785
2026-02-09 19:30:00,253194.82315098785
2026-02-09 19:45:00,253194.82315098785
2026-02-09 20:00:00,253194.82315098785
2026-02-09 20:15:00,253194.82315098785
2026-02-09 20:30:00,253194.82315098785
2026-02-09 20:45:00,253194.82315098785
2026-02-09 21:00:00,253194.82315098785
2026-02-09 21:15:00,253194.82315098785
2026-02-09 21:30:00,253194.82315098785
2026-02-09 21:45:00,253194.82315098785
2026-02-09 22:00:00,253194.82315098785
2026-02-09 22:15:00,216661.88084974646
2026-02-09 22:30:00,216409.15260603858
2026-02-09 22:45:00,251994.68016856082
2026-02-09 23:00:00,251994.68016856082
2026-02-09 23:15:00,251994.68016856082
2026-02-09 23:30:00,251994.68016856082
2026-02-09 23:45:00,251994.68016856082
2026-02-10 00:00:00,251994.68016856082
2026-02-10 00:15:00,251994.68016856082
2026-02-10 00:30:00,251994.68016856082
2026-02-10 00:45:00,251994.68016856082
2026-02-10 01:00:00,142399.9305410351
2026-02-10 01:15:00,141854.84924211126
2026-02-10 01:30:00,141325.9266169818
2026-02-10 01:45:00,105912.41663733835
2026-02-10 02:00:00,223202.98821635172
2026-02-10 02:15:00,255466.0012207491
2026-02-10 02:30:00,255466.0012207491
2026-02-10 02:45:00,255466.0012207491
2026-02-10 03:00:00,255466.0012207491
2026-02-10 03:15:00,255466.0012207491
2026-02-10 03:30:00,255466.0012207491
2026-02-10 03:45:00,223914.3902808178
2026-02-10 04:00:00,136795.39705462893
2026-02-10 04:15:00,136288.09382183035
2026-02-10 04:30:00,213911.98575556543
2026-02-10 04:45:00,247868.07586941172
2026-02-10 05:00:00,249691.30964927468
2026-02-10 05:15:00,249691.30964927468
2026-02-10 05:30:00,249691.30964927468
2026-02-10 05:45:00,249691.30964927468
2026-02-10 06:00:00,249691.30964927468
2026-02-10 06:15:00,249691.30964927468
2026-02-10 06:30:00,249691.30964927468
2026-02-10 06:45:00,249691.30964927468
2026-02-10 07:00:00,249691.30964927468
2026-02-10 07:15:00,249691.30964927468
2026-02-10 07:30:00,249691.30964927468
2026-02-10 07:45:00,140259.2990698884
2026-02-10 08:00:00,139764.15639038378
2026-02-10 08:15:00,208284.52336340604
2026-02-10 08:30:00,208010.52214848186
2026-02-10 08:45:00,207755.35786947852
2026-02-10 09:00:00,237711.3852951766
2026-02-10 09:15:00,237711.3852951766
2026-02-10 09:30:00,237711.3852951766
2026-02-10 09:45:00,237711.3852951766
2026-02-10 10:00:00,106231.57279204659
2026-02-10 10:15:00,233568.29440839577
2026-02-10 10:30:00,137637.73078884842
2026-02-10 10:45:00,242376.05525028083
2026-02-10 11:00:00,137164.27397981132
2026-02-10 11:15:00,256624.74916465534
2026-02-10 11:30:00,256624.74916465534
2026-02-10 11:45:00,256624.74916465534
2026-02-10 12:00:00,256624.74916465534
2026-02-10 12:15:00,256624.74916465534
2026-02-10 12:30:00,256624.74916465534
2026-02-10 12:45:00,256624.74916465534
2026-02-10 13:00:00,254448.74071266208
2026-02-10 13:15:00,257252.71585959732
2026-02-10 13:30:00,257252.71585959732
2026-02-10 13:45:00,257252.71585959732
2026-02-10 14:00:00,257252.71585959732
2026-02-10 14:15:00,226069.76259179978
2026-02-10 14:30:00,258939.06513565846
2026-02-10 14:45:00,258939.06513565846
2026-02-10 15:00:00,138977.3553782349
2026-02-10 15:15:00,140300.08180240745
2026-02-10 15:30:00,138466.58191261155
2026-02-10 15:45:00,111345.45427360374
2026-02-10 16:00:00,216512.83337104687
2026-02-10 16:15:00,143034.78325811378
2026-02-10 16:30:00,217482.46156345072
2026-02-10 16:45:00,250816.54496041368
2026-02-10 17:00:00,217326.35327286186
2026-02-10 17:15:00,250232.06299613748
2026-02-10 17:30:00,250232.06299613748
2026-02-10 17:45:00,250232.06299613748
2026-02-10 18:00:00,250232.06299613748
2026-02-10 18:15:00,250232.06299613748
2026-02-10 18:30:00,250232.06299613748
2026-02-10 18:45:00,250232.06299613748
2026-02-10 19:00:00,250232.06299613748
2026-02-10 19:15:00,136323.60115691065
2026-02-10 19:30:00,247050.76601173833
2026-02-10 19:45:00,103673.73810519224
2026-02-10 20:00:00,244332.4493630587
2026-02-10 20:15:00,244332.4493630587
2026-02-10 20:30:00,244332.4493630587
2026-02-10 20:45:00,244332.4493630587
2026-02-10 21:00:00,244332.4493630587
2026-02-10 21:15:00,244332.4493630587
2026-02-10 21:30:00,134210.89809348597
2026-02-10 21:45:00,239725.34772966933
2026-02-10 22:00:00,239725.34772966933
2026-02-10 22:15:00,239725.34772966933
2026-02-10 22:30:00,133748.45280835804
2026-02-10 22:45:00,238220.2583024527
2026-02-10 23:00:00,238220.2583024527
2026-02-10 23:15:00,238220.2583024527
2026-02-10 23:30:00,238220.2583024527
2026-02-10 23:45:00,238220.2583024527
2026-02-11 00:00:00,238220.2583024527
2026-02-11 00:15:00,238220.2583024527
2026-02-11 00:30:00,238220.2583024527
2026-02-11 00:45:00,238220.2583024527
2026-02-11 01:00:00,206913.87698313897
2026-02-11 01:15:00,103480.60656502769
2026-02-11 01:30:00,246353.3600693579
2026-02-11 01:45:00,246353.3600693579
2026-02-11 02:00:00,135278.80356468263
2026-02-11 02:15:00,136640.6131948535
2026-02-11 02:30:00,210929.8170042586
2026-02-11 02:45:00,241096.87907887954
2026-02-11 03:00:00,105132.86236841582
2026-02-11 03:15:00,208865.97874790613
2026-02-11 03:30:00,235310.03944526348
2026-02-11 03:45:00,208604.0264563701
2026-02-11 04:00:00,136180.6264916252
2026-02-11 04:15:00,135668.97476626094
2026-02-11 04:30:00,240678.51781493792
2026-02-11 04:45:00,240678.51781493792
2026-02-11 05:00:00,240678.51781493792
2026-02-11 05:15:00,208351.41640180178
2026-02-11 05:30:00,208101.8689271328
2026-02-11 05:45:00,207376.91213417018
2026-02-11 06:00:00,238364.11892131218
2026-02-11 06:15:00,206949.06445775955
2026-02-11 06:30:00,207640.85426412712
2026-02-11 06:45:00,130194.79411170029
2026-02-11 07:00:00,129691.62418178923
2026-02-11 07:15:00,232668.79569806103
2026-02-11 07:30:00,101819.24713118272
2026-02-11 07:45:00,242916.39211839304
2026-02-11 08:00:00,101068.6207732798
2026-02-11 08:15:00,240805.80165031992
2026-02-11 08:30:00,240805.80165031992
2026-02-11 08:45:00,240805.80165031992
2026-02-11 09:00:00,128988.6626299289
2026-02-11 09:15:00,247196.58267774814
2026-02-11 09:30:00,247196.58267774814
2026-02-11 09:45:00,247196.58267774814
2026-02-11 10:00:00,221283.78335714422
2026-02-11 10:15:00,248719.88145506007
2026-02-11 10:30:00,102306.65869807405
2026-02-11 10:45:00,244922.08624020318
2026-02-11 11:00:00,217486.6458408721
2026-02-11 11:15:00,244404.31698579487
2026-02-11 11:30:00,102284.90289814479
2026-02-11 11:45:00,132221.3215023753
2026-02-11 12:00:00,229479.17177596322
2026-02-11 12:15:00,150243.9277557787
2026-02-11 12:30:00,149760.8225976446
2026-02-11 12:45:00,340480.872554549
2026-02-11 13:00:00,340323.39137119125
2026-02-11 13:15:00,341169.36077718635
2026-02-11 13:30:00,341169.36077718635
2026-02-11 13:45:00,341169.36077718635
2026-02-11 14:00:00,341169.36077718635
2026-02-11 14:15:00,339996.5357919589
2026-02-11 14:30:00,340843.9024418492
2026-02-11 14:45:00,340843.9024418492
2026-02-11 15:00:00,340843.9024418492
2026-02-11 15:15:00,148478.6193238547
2026-02-11 15:30:00,98208.55234205077
2026-02-11 15:45:00,99042.52065001852
2026-02-11 16:00:00,339779.7525087727
2026-02-11 16:15:00,154216.35746961308
2026-02-11 16:30:00,281746.5413386303
2026-02-11 16:45:00,282080.5094556543
2026-02-11 17:00:00,99074.75654172759
2026-02-11 17:15:00,278584.07190937153
2026-02-11 17:30:00,333025.7314612964
2026-02-11 17:45:00,278616.1077175451
2026-02-11 18:00:00,278362.7807388243
2026-02-11 18:15:00,331395.09623824275
2026-02-11 18:30:00,331395.09623824275
2026-02-11 18:45:00,331395.09623824275
2026-02-11 19:00:00,331395.09623824275
2026-02-11 19:15:00,278094.05775819696
2026-02-11 19:30:00,151300.80572723038
2026-02-11 19:45:00,273402.04449666233
2026-02-11 20:00:00,324649.28279240103
2026-02-11 20:15:00,150080.3616259709
2026-02-11 20:30:00,322462.4064357928
2026-02-11 20:45:00,322462.4064357928
2026-02-11 21:00:00,270952.1981574645
2026-02-11 21:15:00,270709.59235883976
2026-02-11 21:30:00,322462.4064357928
2026-02-11 21:45:00,149593.64084566841
2026-02-11 22:00:00,320297.39884275064
2026-02-11 22:15:00,320297.39884275064
2026-02-11 22:30:00,320297.39884275064
2026-02-11 22:45:00,320297.39884275064
2026-02-11 23:00:00,320297.39884275064
2026-02-11 23:15:00,320297.39884275064
2026-02-11 23:30:00,149109.17961604864
2026-02-11 23:45:00,307754.50267458824
2026-02-12 00:00:00,307754.50267458824
2026-02-12 00:15:00,307754.50267458824
2026-02-12 00:30:00,307754.50267458824
2026-02-12 00:45:00,307754.50267458824
2026-02-12 01:00:00,307754.50267458824
2026-02-12 01:15:00,148659.53747228315
2026-02-12 01:30:00,305736.5741191581
2026-02-12 01:45:00,305736.5741191581
2026-02-12 02:00:00,305736.5741191581
2026-02-12 02:15:00,305736.5741191581
2026-02-12 02:30:00,254674.96349974815
2026-02-12 02:45:00,255394.550363102
2026-02-12 03:00:00,255126.5894649359
2026-02-12 03:15:00,304237.69833997206
2026-02-12 03:30:00,254862.10729627073
2026-02-12 03:45:00,254600.09001077106
2026-02-12 04:00:00,302045.1255189568
2026-02-12 04:15:00,302045.1255189568
2026-02-12 04:30:00,302045.1255189568
2026-02-12 04:45:00,302045.1255189568
2026-02-12 05:00:00,302045.1255189568
2026-02-12 05:15:00,302045.1255189568
2026-02-12 05:30:00,302045.1255189568
2026-02-12 05:45:00,302045.1255189568
2026-02-12 06:00:00,302045.1255189568
2026-02-12 06:15:00,302045.1255189568
2026-02-12 06:30:00,302045.1255189568
2026-02-12 06:45:00,302045.1255189568
2026-02-12 07:00:00,302045.1255189568
2026-02-12 07:15:00,303071.68578453653
2026-02-12 07:30:00,301738.71295677975
2026-02-12 07:45:00,301738.71295677975
2026-02-12 08:00:00,144191.07937692938
2026-02-12 08:15:00,144752.91795566643
2026-02-12 08:30:00,143971.96253389205
2026-02-12 08:45:00,291344.0903651422
2026-02-12 09:00:00,291344.0903651422
2026-02-12 09:15:00,293604.32913952705
2026-02-12 09:30:00,292347.5015056929
2026-02-12 09:45:00,292347.5015056929
2026-02-12 10:00:00,244654.8880128488
2026-02-12 10:15:00,295285.74619675544
2026-02-12 10:30:00,295285.74619675544
2026-02-12 10:45:00,295285.74619675544
2026-02-12 11:00:00,295285.74619675544
2026-02-12 11:15:00,295285.74619675544
2026-02-12 11:30:00,295285.74619675544
2026-02-12 11:45:00,295285.74619675544
2026-02-12 12:00:00,245346.79102443787
2026-02-12 12:15:00,145482.5653348079
2026-02-12 12:30:00,287053.94795995986
2026-02-12 12:45:00,145059.61522864454
2026-02-12 13:00:00,290759.3933677928
2026-02-12 13:15:00,290759.3933677928
2026-02-12 13:30:00,290759.3933677928
2026-02-12 13:45:00,290759.3933677928
2026-02-12 14:00:00,290759.3933677928
2026-02-12 14:15:00,290759.3933677928
2026-02-12 14:30:00,290759.3933677928
2026-02-12 14:45:00,148645.88704043694
2026-02-12 15:00:00,146649.29468962323
2026-02-12 15:15:00,146199.534411381
2026-02-12 15:30:00,147404.97896615445
2026-02-12 15:45:00,97519.7105956602
2026-02-12 16:00:00,232776.59323324563
2026-02-12 16:15:00,233489.5841792023
2026-02-12 16:30:00,234221.29988392178
2026-02-12 16:45:00,97990.8362157748
2026-02-12 17:00:00,292702.44665750884
2026-02-12 17:15:00,145296.07275026455
2026-02-12 17:30:00,288959.5725081826
2026-02-12 17:45:00,288959.5725081826
2026-02-12 18:00:00,144870.18183664855
2026-02-12 18:15:00,300185.9548741953
2026-02-12 18:30:00,300185.9548741953
2026-02-12 18:45:00,146039.34992540494
2026-02-12 19:00:00,299431.2832356133
2026-02-12 19:15:00,297914.4956502258
2026-02-12 19:30:00,297914.4956502258
2026-02-12 19:45:00,297914.4956502258
2026-02-12 20:00:00,297914.4956502258
2026-02-12 20:15:00,299081.2699976832
2026-02-12 20:30:00,296985.9680423059
2026-02-12 20:45:00,296985.9680423059
2026-02-12 21:00:00,296985.9680423059
2026-02-12 21:15:00,296985.9680423059
2026-02-12 21:30:00,296985.9680423059
2026-02-12 21:45:00,296985.9680423059
2026-02-12 22:00:00,296985.9680423059
2026-02-12 22:15:00,296985.9680423059
2026-02-12 22:30:00,296985.9680423059
2026-02-12 22:45:00,296985.9680423059
2026-02-12 23:00:00,296985.9680423059
2026-02-12 23:15:00,296985.9680423059
2026-02-12 23:30:00,296985.9680423059
2026-02-12 23:45:00,296985.9680423059
2026-02-13 00:00:00,296985.9680423059
2026-02-13 00:15:00,296985.9680423059
2026-02-13 00:30:00,296985.9680423059
2026-02-13 00:45:00,296985.9680423059
2026-02-13 01:00:00,296985.9680423059
2026-02-13 01:15:00,296985.9680423059
2026-02-13 01:30:00,296985.9680423059
2026-02-13 01:45:00,296985.9680423059
2026-02-13 02:00:00,96347.31186134476
2026-02-13 02:15:00,143202.22625558928
2026-02-13 02:30:00,283102.606576585
2026-02-13 02:45:00,283102.606576585
2026-02-13 03:00:00,95227.6786718317
2026-02-13 03:15:00,242691.13474890363
2026-02-13 03:30:00,289066.13721491845
2026-02-13 03:45:00,140902.50352611463
2026-02-13 04:00:00,290963.7280344893
2026-02-13 04:15:00,290963.7280344893
2026-02-13 04:30:00,290963.7280344893
2026-02-13 04:45:00,290963.7280344893
2026-02-13 05:00:00,290963.7280344893
2026-02-13 05:15:00,290963.7280344893
2026-02-13 05:30:00,290963.7280344893
2026-02-13 05:45:00,290963.7280344893
2026-02-13 06:00:00,290963.7280344893
2026-02-13 06:15:00,140486.94572140186
2026-02-13 06:30:00,289066.13721491845
2026-02-13 06:45:00,289066.13721491845
2026-02-13 07:00:00,290806.3864018495
2026-02-13 07:15:00,139765.93111578544
2026-02-13 07:30:00,139345.42408204818
2026-02-13 07:45:00,140598.65432532592
2026-02-13 08:00:00,139867.16933983468
2026-02-13 08:15:00,282585.5136572061
2026-02-13 08:30:00,237562.04543105135
2026-02-13 08:45:00,295206.00117617
2026-02-13 09:00:00,297314.2678773567
2026-02-13 09:15:00,297999.1463811451
2026-02-13 09:30:00,293922.04322039353
2026-02-13 09:45:00,293922.04322039353
2026-02-13 10:00:00,293922.04322039353
2026-02-13 10:15:00,293922.04322039353
2026-02-13 10:30:00,293922.04322039353
2026-02-13 10:45:00,293922.04322039353
2026-02-13 11:00:00,297632.67055882164
2026-02-13 11:15:00,152743.53656639365
2026-02-13 11:30:00,152315.66358535964
2026-02-13 11:45:00,292676.72061030834
2026-02-13 12:00:00,292676.72061030834
2026-02-13 12:15:00,292676.72061030834
2026-02-13 12:30:00,292676.72061030834
2026-02-13 12:45:00,94651.8668122481
2026-02-13 13:00:00,233355.1782526528
2026-02-13 13:15:00,233075.9724561399
2026-02-13 13:30:00,232809.60826240614
2026-02-13 13:45:00,295896.5950041787
2026-02-13 14:00:00,156505.3077323148
2026-02-13 14:15:00,157601.20502161444
2026-02-13 14:30:00,287228.3097788385
2026-02-13 14:45:00,287228.3097788385
2026-02-13 15:00:00,287228.3097788385
2026-02-13 15:15:00,287228.3097788385
2026-02-13 15:30:00,157201.29373797934
2026-02-13 15:45:00,280600.5752295267
2026-02-13 16:00:00,280600.5752295267
2026-02-13 16:15:00,156793.7302741998
2026-02-13 16:30:00,93071.22659990718
2026-02-13 16:45:00,301399.2124622722
2026-02-13 17:00:00,301732.29784870596
2026-02-13 17:15:00,239029.47919420636
2026-02-13 17:30:00,300868.88302537764
2026-02-13 17:45:00,155575.6173619883
2026-02-13 18:00:00,155172.8462422288
2026-02-13 18:15:00,289508.4021999702
2026-02-13 18:30:00,290710.2249486571
2026-02-13 18:45:00,290710.2249486571
2026-02-13 19:00:00,290710.2249486571
2026-02-13 19:15:00,228630.26106546415
2026-02-13 19:30:00,296831.8360460547
2026-02-13 19:45:00,296831.8360460547
2026-02-13 20:00:00,296831.8360460547
2026-02-13 20:15:00,296831.8360460547
2026-02-13 20:30:00,296831.8360460547
2026-02-13 20:45:00,296831.8360460547
2026-02-13 21:00:00,161414.25452001
2026-02-13 21:15:00,301980.27741481806
2026-02-13 21:30:00,301980.27741481806
2026-02-13 21:45:00,234459.16514843568
2026-02-13 22:00:00,234193.9279556941
2026-02-13 22:15:00,233939.97824693794
2026-02-13 22:30:00,299259.67536051455
2026-02-13 22:45:00,299259.67536051455
2026-02-13 23:00:00,299259.67536051455
2026-02-13 23:15:00,299259.67536051455
2026-02-13 23:30:00,299259.67536051455
2026-02-13 23:45:00,299259.67536051455
2026-02-16 00:00:00,299259.67536051455
2026-02-16 00:15:00,299259.67536051455
2026-02-16 00:30:00,299259.67536051455
2026-02-16 00:45:00,299259.67536051455
2026-02-16 01:00:00,158301.47436828658
2026-02-16 01:15:00,157922.28493245918
2026-02-16 01:30:00,280759.3351156323
2026-02-16 01:45:00,280759.3351156323
2026-02-16 02:00:00,158960.58571620606
2026-02-16 02:15:00,287704.56617731194
2026-02-16 02:30:00,289668.27484865853
2026-02-16 02:45:00,289668.27484865853
2026-02-16 03:00:00,289668.27484865853
2026-02-16 03:15:00,159340.53157312382
2026-02-16 03:30:00,281512.0879474189
2026-02-16 03:45:00,281512.0879474189
2026-02-16 04:00:00,281512.0879474189
2026-02-16 04:15:00,281512.0879474189
2026-02-16 04:30:00,281512.0879474189
2026-02-16 04:45:00,93397.24138480844
2026-02-16 05:00:00,302499.1608769621
2026-02-16 05:15:00,237559.62831808004
2026-02-16 05:30:00,300748.1541897994
2026-02-16 05:45:00,155967.39978392483
2026-02-16 06:00:00,309919.58566397784
2026-02-16 06:15:00,309919.58566397784
2026-02-16 06:30:00,309919.58566397784
2026-02-16 06:45:00,309919.58566397784
2026-02-16 07:00:00,155591.55397926894
2026-02-16 07:15:00,156622.8484378835
2026-02-16 07:30:00,248276.80776351268
2026-02-16 07:45:00,310002.4379717752
2026-02-16 08:00:00,310002.4379717752
2026-02-16 08:15:00,310002.4379717752
2026-02-16 08:30:00,310002.4379717752
2026-02-16 08:45:00,310002.4379717752
2026-02-16 09:00:00,309024.7527208476
2026-02-16 09:15:00,310760.1758296935
2026-02-16 09:30:00,310760.1758296935
2026-02-16 09:45:00,310760.1758296935
2026-02-16 10:00:00,248775.58800671692
2026-02-16 10:15:00,154459.52606739444
2026-02-16 10:30:00,308003.85342976404
2026-02-16 10:45:00,308003.85342976404
2026-02-16 11:00:00,308003.85342976404
2026-02-16 11:15:00,247523.87944920262
2026-02-16 11:30:00,316686.6597156211
2026-02-16 11:45:00,316686.6597156211
2026-02-16 12:00:00,247266.47350499302
2026-02-16 12:15:00,160924.09377906023
2026-02-16 12:30:00,243244.7784350215
2026-02-16 12:45:00,311998.01196674793
2026-02-16 13:00:00,92455.3031513824
2026-02-16 13:15:00,240902.12230105244
2026-02-16 13:30:00,304792.79747139243
2026-02-16 13:45:00,304792.79747139243
2026-02-16 14:00:00,304792.79747139243
2026-02-16 14:15:00,155727.8189433432
2026-02-16 14:30:00,301139.5821255843
2026-02-16 14:45:00,234917.98254842864
2026-02-16 15:00:00,297825.0707813306
2026-02-16 15:15:00,297471.40769790905
2026-02-16 15:30:00,297134.35706834827
2026-02-16 15:45:00,298894.53928273974
2026-02-16 16:00:00,235386.9271659236
2026-02-16 16:15:00,233037.96620633046
2026-02-16 16:30:00,155107.08361699517
2026-02-16 16:45:00,240006.49998108466
2026-02-16 17:00:00,239781.95755692915
2026-02-16 17:15:00,309280.36475253245
2026-02-16 17:30:00,309280.36475253245
2026-02-16 17:45:00,309280.36475253245
2026-02-16 18:00:00,239564.72860871983
2026-02-16 18:15:00,240170.9835016514
2026-02-16 18:30:00,90137.45763535003
2026-02-16 18:45:00,306543.57639750844
2026-02-16 19:00:00,306543.57639750844
2026-02-16 19:15:00,161821.26408939555
2026-02-16 19:30:00,232482.60351333758
2026-02-16 19:45:00,303829.9305273717
2026-02-16 20:00:00,303829.9305273717
2026-02-16 20:15:00,160531.93497551017
2026-02-16 20:30:00,302066.4812385003
2026-02-16 20:45:00,302066.4812385003
2026-02-16 21:00:00,302066.4812385003
2026-02-16 21:15:00,302066.4812385003
2026-02-16 21:30:00,302066.4812385003
2026-02-16 21:45:00,302066.4812385003
2026-02-16 22:00:00,302066.4812385003
2026-02-16 22:15:00,302066.4812385003
2026-02-16 22:30:00,302066.4812385003
2026-02-16 22:45:00,302066.4812385003
2026-02-16 23:00:00,302066.4812385003
2026-02-16 23:15:00,302066.4812385003
2026-02-16 23:30:00,302066.4812385003
2026-02-16 23:45:00,302066.4812385003
2026-02-17 00:00:00,302066.4812385003
2026-02-17 00:15:00,302066.4812385003
2026-02-17 00:30:00,302066.4812385003
2026-02-17 00:45:00,302066.4812385003
2026-02-17 01:00:00,89461.24904487978
2026-02-17 01:15:00,158924.803782046
2026-02-17 01:30:00,225088.58332443231
2026-02-17 01:45:00,293350.38471832254
2026-02-17 02:00:00,157654.73025437078
2026-02-17 02:15:00,290013.1094911549
2026-02-17 02:30:00,290013.1094911549
2026-02-17 02:45:00,89712.9773807627
2026-02-17 03:00:00,156062.88489575792
2026-02-17 03:15:00,152665.8328127746
2026-02-17 03:30:00,88122.39880177895
2026-02-17 03:45:00,234149.39407404722
2026-02-17 04:00:00,233903.9162637471
2026-02-17 04:15:00,150343.9215283958
2026-02-17 04:30:00,292530.9573703604
2026-02-17 04:45:00,292530.9573703604
2026-02-17 05:00:00,289455.55416839314
2026-02-17 05:15:00,291837.89610050956
2026-02-17 05:30:00,291837.89610050956
2026-02-17 05:45:00,291837.89610050956
2026-02-17 06:00:00,291837.89610050956
2026-02-17 06:15:00,291837.89610050956
2026-02-17 06:30:00,291837.89610050956
2026-02-17 06:45:00,291837.89610050956
2026-02-17 07:00:00,149318.79576458014
2026-02-17 07:15:00,148993.55221685953
2026-02-17 07:30:00,148669.9394098208
2026-02-17 07:45:00,367778.63902218646
2026-02-17 08:00:00,367778.63902218646
2026-02-17 08:15:00,367778.63902218646
2026-02-17 08:30:00,367778.63902218646
2026-02-17 08:45:00,367778.63902218646
2026-02-17 09:00:00,367778.63902218646
2026-02-17 09:15:00,367778.63902218646
2026-02-17 09:30:00,367778.63902218646
2026-02-17 09:45:00,365063.88492770505
2026-02-17 10:00:00,367437.29763998504
2026-02-17 10:15:00,367437.29763998504
2026-02-17 10:30:00,305068.4386715707
2026-02-17 10:45:00,303196.72682366945
2026-02-17 11:00:00,368947.7706315907
2026-02-17 11:15:00,368947.7706315907
2026-02-17 11:30:00,368947.7706315907
2026-02-17 11:45:00,368947.7706315907
2026-02-17 12:00:00,150688.99801565378
2026-02-17 12:15:00,298903.31692673237
2026-02-17 12:30:00,298658.9857422372
2026-02-17 12:45:00,298411.5525478742
2026-02-17 13:00:00,356677.6397032673
2026-02-17 13:15:00,356677.6397032673
2026-02-17 13:30:00,356677.6397032673
2026-02-17 13:45:00,356677.6397032673
2026-02-17 14:00:00,356677.6397032673
2026-02-17 14:15:00,356677.6397032673
2026-02-17 14:30:00,356677.6397032673
2026-02-17 14:45:00,356677.6397032673
2026-02-17 15:00:00,86605.5425628943
2026-02-17 15:15:00,344458.4834843369
2026-02-17 15:30:00,148456.02667590848
2026-02-17 15:45:00,148113.20087212374
2026-02-17 16:00:00,367283.2709747303
2026-02-17 16:15:00,367283.2709747303
2026-02-17 16:30:00,367283.2709747303
2026-02-17 16:45:00,367283.2709747303
2026-02-17 17:00:00,305399.2337570418
2026-02-17 17:15:00,362219.8819562083
2026-02-17 17:30:00,361867.9961842508
2026-02-17 17:45:00,145903.06855157076
2026-02-17 18:00:00,145569.09864838808
2026-02-17 18:15:00,355520.61384642945
2026-02-17 18:30:00,351664.4008341156
2026-02-17 18:45:00,356825.3771448297
2026-02-17 19:00:00,356825.3771448297
2026-02-17 19:15:00,356825.3771448297
2026-02-17 19:30:00,299442.00682879746
2026-02-17 19:45:00,300083.7650694564
2026-02-17 20:00:00,353697.1512377124
2026-02-17 20:15:00,143422.86043104084
2026-02-17 20:30:00,143101.2408751694
2026-02-17 20:45:00,142766.40792600953
2026-02-17 21:00:00,341888.3464190153
2026-02-17 21:15:00,341888.3464190153
2026-02-17 21:30:00,341888.3464190153
2026-02-17 21:45:00,341888.3464190153
2026-02-17 22:00:00,288935.61713904043
2026-02-17 22:15:00,341125.7431078391
2026-02-17 22:30:00,288686.1879931991
2026-02-17 22:45:00,338150.83139633114
2026-02-17 23:00:00,338150.83139633114
2026-02-17 23:15:00,338150.83139633114
2026-02-17 23:30:00,338150.83139633114
2026-02-17 23:45:00,338150.83139633114
2026-02-18 00:00:00,338150.83139633114
2026-02-18 00:15:00,338150.83139633114
2026-02-18 00:30:00,338150.83139633114
2026-02-18 00:45:00,338150.83139633114
2026-02-18 01:00:00,332640.59320855385
2026-02-18 01:15:00,288064.610678856
2026-02-18 01:30:00,340005.86852062773
2026-02-18 01:45:00,287812.9986528853
2026-02-18 02:00:00,337785.93408718426
2026-02-18 02:15:00,138347.3341842769
2026-02-18 02:30:00,138028.4231714678
2026-02-18 02:45:00,137729.50208311286
2026-02-18 03:00:00,137407.3264425006
2026-02-18 03:15:00,137105.147938475
2026-02-18 03:30:00,324376.7959183631
2026-02-18 03:45:00,324376.7959183631
2026-02-18 04:00:00,137924.03202242692
2026-02-18 04:15:00,330980.29790261475
2026-02-18 04:30:00,137618.86477106297
2026-02-18 04:45:00,335494.5512433172
2026-02-18 05:00:00,335494.5512433172
2026-02-18 05:15:00,335494.5512433172
2026-02-18 05:30:00,335494.5512433172
2026-02-18 05:45:00,335494.5512433172
2026-02-18 06:00:00,335494.5512433172
2026-02-18 06:15:00,335494.5512433172
2026-02-18 06:30:00,285291.4548687174
2026-02-18 06:45:00,342219.3744113527
2026-02-18 07:00:00,342219.3744113527
2026-02-18 07:15:00,342219.3744113527
2026-02-18 07:30:00,285938.5277963278
2026-02-18 07:45:00,337670.2357261656
2026-02-18 08:00:00,285690.49887317454
2026-02-18 08:15:00,334009.26594030345
2026-02-18 08:30:00,334009.26594030345
2026-02-18 08:45:00,334009.26594030345
2026-02-18 09:00:00,285446.4611740878
2026-02-18 09:15:00,285210.09776810487
2026-02-18 09:30:00,331899.38023825246
2026-02-18 09:45:00,331899.38023825246
2026-02-18 10:00:00,280388.8982541098
2026-02-18 10:15:00,279824.675701432
2026-02-18 10:30:00,356524.61712191615
2026-02-18 10:45:00,356524.61712191615
2026-02-18 11:00:00,285220.0444892406
2026-02-18 11:15:00,359363.39189160964
2026-02-18 11:30:00,359363.39189160964
2026-02-18 11:45:00,359363.39189160964
2026-02-18 12:00:00,87705.57752410433
2026-02-18 12:15:00,353874.4925466457
2026-02-18 12:30:00,353874.4925466457
2026-02-18 12:45:00,353874.4925466457
2026-02-18 13:00:00,282079.0613912261
2026-02-18 13:15:00,352909.5930024268
2026-02-18 13:30:00,352909.5930024268
2026-02-18 13:45:00,352909.5930024268
2026-02-18 14:00:00,158936.33777087962
2026-02-18 14:15:00,155100.49976945133
2026-02-18 14:30:00,277484.814186351
2026-02-18 14:45:00,277215.53150446
2026-02-18 15:00:00,156870.84256745616
2026-02-18 15:15:00,351294.2851399882
2026-02-18 15:30:00,284387.3698935054
2026-02-18 15:45:00,284097.6269724044
2026-02-18 16:00:00,347678.5361427732
2026-02-18 16:15:00,341519.70799127367
2026-02-18 16:30:00,148576.49426348766
2026-02-18 16:45:00,360467.66596607835
2026-02-18 17:00:00,296628.1748453069
2026-02-18 17:15:00,296362.1033177681
2026-02-18 17:30:00,359021.0895305532
2026-02-18 17:45:00,359021.0895305532
2026-02-18 18:00:00,359021.0895305532
2026-02-18 18:15:00,355409.316112768
2026-02-18 18:30:00,355052.8885771744
2026-02-18 18:45:00,357160.1966380123
2026-02-18 19:00:00,357934.3487818713
2026-02-18 19:15:00,357934.3487818713
2026-02-18 19:30:00,357934.3487818713
2026-02-18 19:45:00,357934.3487818713
2026-02-18 20:00:00,357934.3487818713
2026-02-18 20:15:00,150458.99879848992
2026-02-18 20:30:00,285725.95656133216
2026-02-18 20:45:00,284324.3408162412
2026-02-18 21:00:00,344874.22610890213
2026-02-18 21:15:00,146395.6636727022
2026-02-18 21:30:00,352439.8819808274
2026-02-18 21:45:00,292386.616393249
2026-02-18 22:00:00,350621.41886297084
2026-02-18 22:15:00,350621.41886297084
2026-02-18 22:30:00,144915.76495369582
2026-02-18 22:45:00,348287.6615416545
2026-02-18 23:00:00,145738.70375400688
2026-02-18 23:15:00,345977.24179355125
2026-02-18 23:30:00,345977.24179355125
2026-02-18 23:45:00,345977.24179355125
2026-02-19 00:00:00,345977.24179355125
2026-02-19 00:15:00,345977.24179355125
2026-02-19 00:30:00,345977.24179355125
2026-02-19 00:45:00,345977.24179355125
2026-02-19 01:00:00,145417.05897625015
2026-02-19 01:15:00,364834.00094978727
2026-02-19 01:30:00,145118.01558331162
2026-02-19 01:45:00,343689.92624292907
2026-02-19 02:00:00,343689.92624292907
2026-02-19 02:15:00,343689.92624292907
2026-02-19 02:30:00,343689.92624292907
2026-02-19 02:45:00,343689.92624292907
2026-02-19 03:00:00,285206.72995279904
2026-02-19 03:15:00,342865.43060211226
2026-02-19 03:30:00,342865.43060211226
2026-02-19 03:45:00,144001.23895239236
2026-02-19 04:00:00,143701.43914031354
2026-02-19 04:15:00,338359.19023583154
2026-02-19 04:30:00,338359.19023583154
2026-02-19 04:45:00,338359.19023583154
2026-02-19 05:00:00,338359.19023583154
2026-02-19 05:15:00,338359.19023583154
2026-02-19 05:30:00,144502.17945796732
2026-02-19 05:45:00,86305.2126145495
2026-02-19 06:00:00,143671.16849894135
2026-02-19 06:15:00,331920.322623344
2026-02-19 06:30:00,144858.5659176708
2026-02-19 06:45:00,284355.80356040463
2026-02-19 07:00:00,87907.5199249988
2026-02-19 07:15:00,327191.40268115443
2026-02-19 07:30:00,327191.40268115443
2026-02-19 07:45:00,327191.40268115443
2026-02-19 08:00:00,327191.40268115443
2026-02-19 08:15:00,327191.40268115443
2026-02-19 08:30:00,275004.20744186116
2026-02-19 08:45:00,274747.7837897954
2026-02-19 09:00:00,335185.32536097843
2026-02-19 09:15:00,274506.1806393966
2026-02-19 09:30:00,336950.37856263097
2026-02-19 09:45:00,273189.993962148
2026-02-19 10:00:00,272936.37720743864
2026-02-19 10:15:00,273529.8728517297
2026-02-19 10:30:00,273615.47287958424
2026-02-19 10:45:00,273357.21887440624
2026-02-19 11:00:00,274299.5122403325
2026-02-19 11:15:00,339006.7443226954
2026-02-19 11:30:00,273466.26939788216
2026-02-19 11:45:00,338106.86213606683
2026-02-19 12:00:00,338106.86213606683
2026-02-19 12:15:00,338318.72252835234
2026-02-19 12:30:00,339174.8714285891
2026-02-19 12:45:00,339174.8714285891
2026-02-19 13:00:00,339174.8714285891
2026-02-19 13:15:00,339174.8714285891
2026-02-19 13:30:00,339174.8714285891
2026-02-19 13:45:00,339174.8714285891
2026-02-19 14:00:00,337946.9508389649
2026-02-19 14:15:00,337572.091760437
2026-02-19 14:30:00,337231.85205180314
2026-02-19 14:45:00,336900.1613959646
2026-02-19 15:00:00,336557.8670478334
2026-02-19 15:15:00,336218.1548043682
2026-02-19 15:30:00,337141.8733078008
2026-02-19 15:45:00,335894.8841690207
2026-02-19 16:00:00,336545.5388372459
2026-02-19 16:15:00,336170.43324997625
2026-02-19 16:30:00,336170.43324997625
2026-02-19 16:45:00,271286.91128616617
2026-02-19 17:00:00,271019.35210225487
2026-02-19 17:15:00,331804.218324784
2026-02-19 17:30:00,271719.11869013833
2026-02-19 17:45:00,271455.126849944
2026-02-19 18:00:00,141623.71205413112
2026-02-19 18:15:00,327134.42440626957
2026-02-19 18:30:00,327134.42440626957
2026-02-19 18:45:00,327134.42440626957
2026-02-19 19:00:00,327134.42440626957
2026-02-19 19:15:00,327134.42440626957
2026-02-19 19:30:00,327134.42440626957
2026-02-19 19:45:00,141328.93207284276
2026-02-19 20:00:00,325002.4968418058
2026-02-19 20:15:00,142119.72213393074
2026-02-19 20:30:00,322891.8885529867
2026-02-19 20:45:00,322891.8885529867
2026-02-19 21:00:00,322891.8885529867
2026-02-19 21:15:00,322891.8885529867
2026-02-19 21:30:00,322891.8885529867
2026-02-19 21:45:00,322891.8885529867
2026-02-19 22:00:00,322891.8885529867
2026-02-19 22:15:00,322891.8885529867
2026-02-19 22:30:00,322891.8885529867
2026-02-19 22:45:00,264802.6469281759
2026-02-19 23:00:00,320450.29438957694
2026-02-19 23:15:00,320450.29438957694
2026-02-19 23:30:00,320450.29438957694
2026-02-19 23:45:00,320450.29438957694
2026-02-20 00:00:00,320450.29438957694
2026-02-20 00:15:00,320450.29438957694
2026-02-20 00:30:00,320450.29438957694
2026-02-20 00:45:00,320450.29438957694
2026-02-20 01:00:00,320450.29438957694
2026-02-20 01:15:00,320450.29438957694
2026-02-20 01:30:00,264556.05288788467
2026-02-20 01:45:00,139688.16535951075
2026-02-20 02:00:00,317563.1502270916
2026-02-20 02:15:00,317563.1502270916
2026-02-20 02:30:00,317563.1502270916
2026-02-20 02:45:00,139376.0093892139
2026-02-20 03:00:00,139067.85439568525
2026-02-20 03:15:00,311419.18003027455
2026-02-20 03:30:00,257013.25922546748
2026-02-20 03:45:00,256759.02662705135
2026-02-20 04:00:00,257477.6357138909
2026-02-20 04:15:00,311442.39656917716
2026-02-20 04:30:00,311101.8212488642
2026-02-20 04:45:00,259414.97957801132
2026-02-20 05:00:00,309997.9705182789
2026-02-20 05:15:00,309997.9705182789
2026-02-20 05:30:00,309997.9705182789
2026-02-20 05:45:00,309997.9705182789
2026-02-20 06:00:00,309997.9705182789
2026-02-20 06:15:00,309997.9705182789
2026-02-20 06:30:00,137355.10129482026
2026-02-20 06:45:00,304559.22666648094
2026-02-20 07:00:00,142364.84398092196
2026-02-20 07:15:00,305079.87740022567
2026-02-20 07:30:00,305079.87740022567
2026-02-20 07:45:00,136911.63652369432
2026-02-20 08:00:00,303112.6525512121
2026-02-20 08:15:00,85056.35558921618
2026-02-20 08:30:00,263021.29632917466
2026-02-20 08:45:00,316513.3325851885
2026-02-20 09:00:00,138963.86844431644
2026-02-20 09:15:00,138636.5368896049
2026-02-20 09:30:00,258625.68871919002
2026-02-20 09:45:00,84243.20562851436
2026-02-20 10:00:00,84793.91738822364
2026-02-20 10:15:00,257780.61497184538
2026-02-20 10:30:00,315562.0691695486
2026-02-20 10:45:00,311452.2622391954
2026-02-20 11:00:00,84577.52892646585
2026-02-20 11:15:00,282156.3316661401
2026-02-20 11:30:00,391107.0896958588
2026-02-20 11:45:00,84741.25063714647
2026-02-20 12:00:00,84171.8093370607
2026-02-20 12:15:00,380406.127323271
2026-02-20 12:30:00,380406.127323271
2026-02-20 12:45:00,274638.1413427718
2026-02-20 13:00:00,274381.09303740994
2026-02-20 13:15:00,372840.9278146492
2026-02-20 13:30:00,181798.38281161818
2026-02-20 13:45:00,181507.43858217367
2026-02-20 14:00:00,181220.8030551488
2026-02-20 14:15:00,180922.26103530437
2026-02-20 14:30:00,180636.33928625347
2026-02-20 14:45:00,380658.42314811
2026-02-20 15:00:00,374745.57131000166
2026-02-20 15:15:00,381640.311626035
2026-02-20 15:30:00,373839.4151045175
2026-02-20 15:45:00,381250.8251156292
2026-02-20 16:00:00,374736.6793057309
2026-02-20 16:15:00,374736.6793057309
2026-02-20 16:30:00,374736.6793057309
2026-02-20 16:45:00,181104.80600299276
2026-02-20 17:00:00,186953.96574429586
2026-02-20 17:15:00,185116.04355476017
2026-02-20 17:30:00,381302.7060112057
2026-02-20 17:45:00,381302.7060112057
2026-02-20 18:00:00,381302.7060112057
2026-02-20 18:15:00,282597.7808158194
2026-02-20 18:30:00,282333.8904676524
2026-02-20 18:45:00,378855.91182336083
2026-02-20 19:00:00,183475.66047349476
2026-02-20 19:15:00,386708.46020363935
2026-02-20 19:30:00,387705.7423658836
2026-02-20 19:45:00,387705.7423658836
2026-02-20 20:00:00,387705.7423658836
2026-02-20 20:15:00,387705.7423658836
2026-02-20 20:30:00,387705.7423658836
2026-02-20 20:45:00,387705.7423658836
2026-02-20 21:00:00,387705.7423658836
2026-02-20 21:15:00,387705.7423658836
2026-02-20 21:30:00,387705.7423658836
2026-02-20 21:45:00,185332.1533319614
2026-02-20 22:00:00,394604.2414457111
2026-02-20 22:15:00,394604.2414457111
2026-02-20 22:30:00,394604.2414457111
2026-02-20 22:45:00,394604.2414457111
2026-02-20 23:00:00,394604.2414457111
2026-02-20 23:15:00,394604.2414457111
2026-02-20 23:30:00,185034.93024502223
2026-02-20 23:45:00,184745.96451608383
2026-02-23 00:00:00,409028.3131717224
2026-02-23 00:15:00,409028.3131717224
2026-02-23 00:30:00,409028.3131717224
2026-02-23 00:45:00,409028.3131717224
2026-02-23 01:00:00,183056.32607562546
2026-02-23 01:15:00,84881.84972616873
2026-02-23 01:30:00,499578.04099971073
2026-02-23 01:45:00,498933.2621533514
2026-02-23 02:00:00,175954.22024750707
2026-02-23 02:15:00,84500.87460566705
2026-02-23 02:30:00,581080.5482844429
2026-02-23 02:45:00,84713.19692454298
2026-02-23 03:00:00,570499.11463247
2026-02-23 03:15:00,570499.11463247
2026-02-23 03:30:00,570499.11463247
2026-02-23 03:45:00,570499.11463247
2026-02-23 04:00:00,570499.11463247
2026-02-23 04:15:00,570499.11463247
2026-02-23 04:30:00,570499.11463247
2026-02-23 04:45:00,570499.11463247
2026-02-23 05:00:00,570499.11463247
2026-02-23 05:15:00,570499.11463247
2026-02-23 05:30:00,570499.11463247
2026-02-23 05:45:00,570499.11463247
2026-02-23 06:00:00,570499.11463247
2026-02-23 06:15:00,570499.11463247
2026-02-23 06:30:00,570499.11463247
2026-02-23 06:45:00,570499.11463247
2026-02-23 07:00:00,570499.11463247
2026-02-23 07:15:00,570499.11463247
2026-02-23 07:30:00,570499.11463247
2026-02-23 07:45:00,570499.11463247
2026-02-23 08:00:00,570499.11463247
2026-02-23 08:15:00,576576.3261498003
2026-02-23 08:30:00,178537.51399450598
2026-02-23 08:45:00,553654.5432787878
2026-02-23 09:00:00,178241.9086736152
2026-02-23 09:15:00,561826.9832280516
2026-02-23 09:30:00,561826.9832280516
2026-02-23 09:45:00,561826.9832280516
2026-02-23 10:00:00,468064.2148536445
2026-02-23 10:15:00,174435.08024909726
2026-02-23 10:30:00,471958.94926085795
2026-02-23 10:45:00,561321.2304407837
2026-02-23 11:00:00,471707.8406049549
2026-02-23 11:15:00,579050.4606634455
2026-02-23 11:30:00,572436.3739391582
2026-02-23 11:45:00,578647.1441695776
2026-02-23 12:00:00,572112.5290593538
2026-02-23 12:15:00,477564.33616080123
2026-02-23 12:30:00,84587.1974274118
2026-02-23 12:45:00,561506.2549896374
2026-02-23 13:00:00,567546.9303487007
2026-02-23 13:15:00,567147.6720411405
2026-02-23 13:30:00,473665.722312227
2026-02-23 13:45:00,471973.953526122
2026-02-23 14:00:00,471688.94971451507
2026-02-23 14:15:00,472404.8291597485
2026-02-23 14:30:00,470438.1377364822
2026-02-23 14:45:00,567047.3384483259
2026-02-23 15:00:00,470173.8181991007
2026-02-23 15:15:00,565832.2497432434
2026-02-23 15:30:00,565832.2497432434
2026-02-23 15:45:00,565832.2497432434
2026-02-23 16:00:00,183537.2113823748
2026-02-23 16:15:00,561725.4959998948
2026-02-23 16:30:00,88277.30148527857
2026-02-23 16:45:00,90145.34727132275
2026-02-23 17:00:00,608706.4100941566
2026-02-23 17:15:00,608706.4100941566
2026-02-23 17:30:00,608706.4100941566
2026-02-23 17:45:00,608706.4100941566
2026-02-23 18:00:00,608706.4100941566
2026-02-23 18:15:00,608706.4100941566
2026-02-23 18:30:00,608706.4100941566
2026-02-23 18:45:00,608706.4100941566
2026-02-23 19:00:00,608706.4100941566
2026-02-23 19:15:00,608706.4100941566
2026-02-23 19:30:00,608706.4100941566
2026-02-23 19:45:00,608706.4100941566
2026-02-23 20:00:00,608706.4100941566
2026-02-23 20:15:00,608706.4100941566
2026-02-23 20:30:00,608706.4100941566
2026-02-23 20:45:00,608706.4100941566
2026-02-23 21:00:00,608706.4100941566
2026-02-23 21:15:00,608706.4100941566
2026-02-23 21:30:00,608706.4100941566
2026-02-23 21:45:00,608706.4100941566
2026-02-23 22:00:00,608706.4100941566
2026-02-23 22:15:00,608706.4100941566
2026-02-23 22:30:00,608706.4100941566
2026-02-23 22:45:00,608706.4100941566
2026-02-23 23:00:00,608706.4100941566
2026-02-23 23:15:00,608706.4100941566
2026-02-23 23:30:00,608706.4100941566
2026-02-23 23:45:00,608706.4100941566
2026-02-24 00:00:00,608706.4100941566
2026-02-24 00:15:00,608706.4100941566
2026-02-24 00:30:00,608706.4100941566
2026-02-24 00:45:00,608706.4100941566
2026-02-24 01:00:00,188511.70209231472
2026-02-24 01:15:00,189352.51794171587
2026-02-24 01:30:00,636035.6547431994
2026-02-24 01:45:00,189039.23069344423
2026-02-24 02:00:00,188738.63302374765
2026-02-24 02:15:00,524059.40821685153
2026-02-24 02:30:00,619454.4397904518
2026-02-24 02:45:00,619454.4397904518
2026-02-24 03:00:00,619454.4397904518
2026-02-24 03:15:00,619454.4397904518
2026-02-24 03:30:00,619454.4397904518
2026-02-24 03:45:00,619454.4397904518
2026-02-24 04:00:00,187128.10663411496
2026-02-24 04:15:00,614834.9887454892
2026-02-24 04:30:00,519170.3777589167
2026-02-24 04:45:00,190403.04098361518
2026-02-24 05:00:00,190083.74429804806
2026-02-24 05:15:00,505330.9516053509
2026-02-24 05:30:00,604858.6364405972
2026-02-24 05:45:00,604858.6364405972
2026-02-24 06:00:00,604858.6364405972
2026-02-24 06:15:00,604858.6364405972
2026-02-24 06:30:00,603364.8414257629
2026-02-24 06:45:00,604116.6296973261
2026-02-24 07:00:00,604116.6296973261
2026-02-24 07:15:00,604116.6296973261
2026-02-24 07:30:00,604116.6296973261
2026-02-24 07:45:00,189024.85400488143
2026-02-24 08:00:00,189857.33851963445
2026-02-24 08:15:00,578148.8776236714
2026-02-24 08:30:00,578148.8776236714
2026-02-24 08:45:00,578148.8776236714
2026-02-24 09:00:00,578148.8776236714
2026-02-24 09:15:00,189538.5359770714
2026-02-24 09:30:00,90410.98495275775
2026-02-24 09:45:00,466650.5935899799
2026-02-24 10:00:00,466392.13486825145
2026-02-24 10:15:00,464988.1073907524
2026-02-24 10:30:00,190338.97765868215
2026-02-24 10:45:00,561962.4483302326
2026-02-24 11:00:00,561962.4483302326
2026-02-24 11:15:00,561962.4483302326
2026-02-24 11:30:00,559911.0834234357
2026-02-24 11:45:00,561180.6861082866
2026-02-24 12:00:00,561180.6861082866
2026-02-24 12:15:00,189244.29117063657
2026-02-24 12:30:00,545367.3575846597
2026-02-24 12:45:00,545367.3575846597
2026-02-24 13:00:00,545367.3575846597
2026-02-24 13:15:00,545367.3575846597
2026-02-24 13:30:00,447958.7969349604
2026-02-24 13:45:00,542952.1933025134
2026-02-24 14:00:00,542952.1933025134
2026-02-24 14:15:00,186513.22801038757
2026-02-24 14:30:00,561052.0251959882
2026-02-24 14:45:00,92828.75096685163
2026-02-24 15:00:00,645163.1054130397
2026-02-24 15:15:00,645163.1054130397
2026-02-24 15:30:00,184691.86360455808
2026-02-24 15:45:00,185535.92048582
2026-02-24 16:00:00,775901.1363433187
2026-02-24 16:15:00,684435.2718258183
2026-02-24 16:30:00,684171.9981581616
2026-02-24 16:45:00,683913.2339234826
2026-02-24 17:00:00,683662.1129841153
2026-02-24 17:15:00,199916.22866972815
2026-02-24 17:30:00,783166.9454848277
2026-02-24 17:45:00,783166.9454848277
2026-02-24 18:00:00,677200.9152817759
2026-02-24 18:15:00,787068.6476120226
2026-02-24 18:30:00,787068.6476120226
2026-02-24 18:45:00,787068.6476120226
2026-02-24 19:00:00,94317.8347585444
2026-02-24 19:15:00,208410.34741733133
2026-02-24 19:30:00,766869.4155264837
2026-02-24 19:45:00,766869.4155264837
2026-02-24 20:00:00,208072.46347518382
2026-02-24 20:15:00,755120.6654497742
2026-02-24 20:30:00,755120.6654497742
2026-02-24 20:45:00,755120.6654497742
2026-02-24 21:00:00,755120.6654497742
2026-02-24 21:15:00,755120.6654497742
2026-02-24 21:30:00,755120.6654497742
2026-02-24 21:45:00,755120.6654497742
2026-02-24 22:00:00,755120.6654497742
2026-02-24 22:15:00,755120.6654497742
2026-02-24 22:30:00,207735.2667121186
2026-02-24 22:45:00,749334.258439632
2026-02-24 23:00:00,749334.258439632
2026-02-24 23:15:00,749334.258439632
2026-02-24 23:30:00,749334.258439632
2026-02-24 23:45:00,749334.258439632
2026-02-25 00:00:00,749334.258439632
2026-02-25 00:15:00,749334.258439632
2026-02-25 00:30:00,749334.258439632
2026-02-25 00:45:00,749334.258439632
2026-02-25 01:00:00,749334.258439632
2026-02-25 01:15:00,749334.258439632
2026-02-25 01:30:00,207388.85723848498
2026-02-25 01:45:00,207072.5931265374
2026-02-25 02:00:00,737934.457988951
2026-02-25 02:15:00,737934.457988951
2026-02-25 02:30:00,737934.457988951
2026-02-25 02:45:00,737934.457988951
2026-02-25 03:00:00,207967.07114036908
2026-02-25 03:15:00,732319.913053417
2026-02-25 03:30:00,732319.913053417
2026-02-25 03:45:00,732319.913053417
2026-02-25 04:00:00,732319.913053417
2026-02-25 04:15:00,732319.913053417
2026-02-25 04:30:00,732267.8291195988
2026-02-25 04:45:00,207164.1019455578
2026-02-25 05:00:00,714946.2788692694
2026-02-25 05:15:00,714667.3399218841
2026-02-25 05:30:00,714667.3399218841
2026-02-25 05:45:00,714667.3399218841
2026-02-25 06:00:00,206141.61742114733
2026-02-25 06:15:00,698648.6714857101
2026-02-25 06:30:00,698648.6714857101
2026-02-25 06:45:00,698532.600758231
2026-02-25 07:00:00,698275.0794784445
2026-02-25 07:15:00,698275.0794784445
2026-02-25 07:30:00,698275.0794784445
2026-02-25 07:45:00,698275.0794784445
2026-02-25 08:00:00,698275.0794784445
2026-02-25 08:15:00,698275.0794784445
2026-02-25 08:30:00,698275.0794784445
2026-02-25 08:45:00,698275.0794784445
2026-02-25 09:00:00,698275.0794784445
2026-02-25 09:15:00,205439.37961585174
2026-02-25 09:30:00,687861.1651488754
2026-02-25 09:45:00,205120.98354916179
2026-02-25 10:00:00,570272.7933113833
2026-02-25 10:15:00,569991.4121253048
2026-02-25 10:30:00,570733.4291870134
2026-02-25 10:45:00,199373.10292430958
2026-02-25 11:00:00,199050.052236647
2026-02-25 11:15:00,667190.7189245071
2026-02-25 11:30:00,667190.7189245071
2026-02-25 11:45:00,667190.7189245071
2026-02-25 12:00:00,198589.64579599188
2026-02-25 12:15:00,200455.8049444962
2026-02-25 12:30:00,200146.80631627818
2026-02-25 12:45:00,684464.7793656384
2026-02-25 13:00:00,199827.07223667437
2026-02-25 13:15:00,200658.89649802103
2026-02-25 13:30:00,200334.11989215587
2026-02-25 13:45:00,200034.58965105528
2026-02-25 14:00:00,199733.56029804054
2026-02-25 14:15:00,199437.59936409674
2026-02-25 14:30:00,727077.2905205002
2026-02-25 14:45:00,727077.2905205002
2026-02-25 15:00:00,727077.2905205002
2026-02-25 15:15:00,200245.955403285
2026-02-25 15:30:00,716022.6241141079
2026-02-25 15:45:00,716022.6241141079
2026-02-25 16:00:00,716022.6241141079
2026-02-25 16:15:00,199940.1312437563
2026-02-25 16:30:00,93836.1670657486
2026-02-25 16:45:00,93247.13886352137
2026-02-25 17:00:00,250464.07834082574
2026-02-25 17:15:00,97510.23307054903
2026-02-25 17:30:00,254602.75479235535
2026-02-25 17:45:00,593000.1815089879
2026-02-25 18:00:00,745968.6737119888
2026-02-25 18:15:00,250645.9780444043
2026-02-25 18:30:00,772596.3880461038
2026-02-25 18:45:00,250323.01838403754
2026-02-25 19:00:00,783445.9854566709
2026-02-25 19:15:00,787806.847816932
2026-02-25 19:30:00,787806.847816932
2026-02-25 19:45:00,787806.847816932
2026-02-25 20:00:00,787806.847816932
2026-02-25 20:15:00,787806.847816932
2026-02-25 20:30:00,787806.847816932
2026-02-25 20:45:00,248758.8772462352
2026-02-25 21:00:00,96314.98390015421
2026-02-25 21:15:00,260327.42531931266
2026-02-25 21:30:00,260032.35999610106
2026-02-25 21:45:00,744746.0610601761
2026-02-25 22:00:00,744746.0610601761
2026-02-25 22:15:00,259755.5692102217
2026-02-25 22:30:00,94858.90649267251
2026-02-25 22:45:00,257270.2393655872
2026-02-25 23:00:00,258056.9374164701
2026-02-25 23:15:00,258863.04612141228
2026-02-25 23:30:00,95597.86273933944
2026-02-25 23:45:00,656916.6902746335
2026-02-26 00:00:00,1007001.4151120582
2026-02-26 00:15:00,1007001.4151120582
2026-02-26 00:30:00,1007001.4151120582
2026-02-26 00:45:00,1007001.4151120582
2026-02-26 01:00:00,95759.68275439524
2026-02-26 01:15:00,95198.8672791034
2026-02-26 01:30:00,638588.3198163398
2026-02-26 01:45:00,639345.6461088243
2026-02-26 02:00:00,974675.4893657861
2026-02-26 02:15:00,430711.7811392215
2026-02-26 02:30:00,430432.38139112166
2026-02-26 02:45:00,947419.6519847822
2026-02-26 03:00:00,611388.1527524365
2026-02-26 03:15:00,942983.9698846698
2026-02-26 03:30:00,944462.7184881131
2026-02-26 03:45:00,946043.420489898
2026-02-26 04:00:00,945724.6132959789
2026-02-26 04:15:00,945724.6132959789
2026-02-26 04:30:00,945724.6132959789
2026-02-26 04:45:00,945724.6132959789
2026-02-26 05:00:00,945724.6132959789
2026-02-26 05:15:00,945724.6132959789
2026-02-26 05:30:00,945724.6132959789
2026-02-26 05:45:00,945724.6132959789
2026-02-26 06:00:00,945724.6132959789
2026-02-26 06:15:00,945724.6132959789
2026-02-26 06:30:00,945724.6132959789
2026-02-26 06:45:00,945724.6132959789
2026-02-26 07:00:00,945724.6132959789
2026-02-26 07:15:00,423678.2096553142
2026-02-26 07:30:00,934812.8514533215
2026-02-26 07:45:00,934812.8514533215
2026-02-26 08:00:00,934812.8514533215
2026-02-26 08:15:00,934812.8514533215
2026-02-26 08:30:00,934812.8514533215
2026-02-26 08:45:00,934812.8514533215
2026-02-26 09:00:00,934713.3273338618
2026-02-26 09:15:00,938774.8591013169
2026-02-26 09:30:00,938774.8591013169
2026-02-26 09:45:00,938774.8591013169
2026-02-26 10:00:00,607576.0270460999
2026-02-26 10:15:00,607283.5520111183
2026-02-26 10:30:00,972014.4084653878
2026-02-26 10:45:00,608065.31797162
2026-02-26 11:00:00,959756.4537992872
2026-02-26 11:15:00,960341.7159010954
2026-02-26 11:30:00,96153.4650622093
2026-02-26 11:45:00,483953.6003817947
2026-02-26 12:00:00,980867.0093505005
2026-02-26 12:15:00,595779.572267524
2026-02-26 12:30:00,595488.1657659003
2026-02-26 12:45:00,96008.40655555499
2026-02-26 13:00:00,621693.2145143208
2026-02-26 13:15:00,1001620.1530997063
2026-02-26 13:30:00,1001620.1530997063
2026-02-26 13:45:00,475337.3439959273
2026-02-26 14:00:00,476136.30314691865
2026-02-26 14:15:00,1071094.3648463818
2026-02-26 14:30:00,475835.64707204956
2026-02-26 14:45:00,1052590.2043473579
2026-02-26 15:00:00,1052900.3757127132
2026-02-26 15:15:00,478253.59113437217
2026-02-26 15:30:00,1049247.2550011883
2026-02-26 15:45:00,669042.0405336012
2026-02-26 16:00:00,1082824.6038185745
2026-02-26 16:15:00,668748.9847054211
2026-02-26 16:30:00,98292.2623331518
2026-02-26 16:45:00,731744.1418783158
2026-02-26 17:00:00,1087903.475912047
2026-02-26 17:15:00,1087903.475912047
2026-02-26 17:30:00,1087903.475912047
2026-02-26 17:45:00,1087903.475912047
2026-02-26 18:00:00,1087903.475912047
2026-02-26 18:15:00,1087903.475912047
2026-02-26 18:30:00,1087903.475912047
2026-02-26 18:45:00,1087903.475912047
2026-02-26 19:00:00,1087903.475912047
2026-02-26 19:15:00,1085068.1276724983
2026-02-26 19:30:00,1087468.5737902918
2026-02-26 19:45:00,1087468.5737902918
2026-02-26 20:00:00,1087468.5737902918
2026-02-26 20:15:00,1087468.5737902918
2026-02-26 20:30:00,1087468.5737902918
2026-02-26 20:45:00,1087468.5737902918
2026-02-26 21:00:00,1087468.5737902918
2026-02-26 21:15:00,1087468.5737902918
2026-02-26 21:30:00,1087468.5737902918
2026-02-26 21:45:00,1087468.5737902918
2026-02-26 22:00:00,1084619.7620585263
2026-02-26 22:15:00,1084172.7021925247
2026-02-26 22:30:00,1083740.6988897447
2026-02-26 22:45:00,1088807.6874119258
2026-02-26 23:00:00,1088807.6874119258
2026-02-26 23:15:00,1088807.6874119258
2026-02-26 23:30:00,1088807.6874119258
2026-02-26 23:45:00,1088807.6874119258
2026-02-27 00:00:00,1088807.6874119258
2026-02-27 00:15:00,1088807.6874119258
2026-02-27 00:30:00,1088807.6874119258
2026-02-27 00:45:00,1088807.6874119258
2026-02-27 01:00:00,1088807.6874119258
2026-02-27 01:15:00,1088807.6874119258
2026-02-27 01:30:00,1088807.6874119258
2026-02-27 01:45:00,1088807.6874119258
2026-02-27 02:00:00,1088807.6874119258
2026-02-27 02:15:00,1088807.6874119258
2026-02-27 02:30:00,1088807.6874119258
2026-02-27 02:45:00,1088807.6874119258
2026-02-27 03:00:00,732354.5421152475
2026-02-27 03:15:00,1084973.118046307
2026-02-27 03:30:00,1084973.118046307
2026-02-27 03:45:00,1084973.118046307
2026-02-27 04:00:00,732050.0032232602
2026-02-27 04:15:00,1081176.8943743445
2026-02-27 04:30:00,1081176.8943743445
2026-02-27 04:45:00,731747.7710664179
2026-02-27 05:00:00,1073697.9541182113
2026-02-27 05:15:00,1073697.9541182113
2026-02-27 05:30:00,1073697.9541182113
2026-02-27 05:45:00,1073697.9541182113
2026-02-27 06:00:00,1073697.9541182113
2026-02-27 06:15:00,1073697.9541182113
2026-02-27 06:30:00,1068200.7544115065
2026-02-27 06:45:00,1073254.0098814573
2026-02-27 07:00:00,731024.9632249477
2026-02-27 07:15:00,1065923.9005364212
2026-02-27 07:30:00,1065923.9005364212
2026-02-27 07:45:00,1065923.9005364212
2026-02-27 08:00:00,731791.8863283423
2026-02-27 08:15:00,732567.873322418
2026-02-27 08:30:00,1044797.2341363553
2026-02-27 08:45:00,1044797.2341363553
2026-02-27 09:00:00,1039314.7992948465
2026-02-27 09:15:00,736319.8698439182
2026-02-27 09:30:00,1107668.578919261
2026-02-27 09:45:00,1107668.578919261
2026-02-27 10:00:00,1107668.578919261
2026-02-27 10:15:00,1107668.578919261
2026-02-27 10:30:00,1107668.578919261
2026-02-27 10:45:00,1107668.578919261
2026-02-27 11:00:00,1107668.578919261
2026-02-27 11:15:00,736020.3833938898
2026-02-27 11:30:00,1088576.9904505943
2026-02-27 11:45:00,1088576.9904505943
2026-02-27 12:00:00,735744.9583143865
2026-02-27 12:15:00,1081022.5053433892
2026-02-27 12:30:00,1081022.5053433892
2026-02-27 12:45:00,1081022.5053433892
2026-02-27 13:00:00,1081022.5053433892
2026-02-27 13:15:00,1081022.5053433892
2026-02-27 13:30:00,1081022.5053433892
2026-02-27 13:45:00,1081022.5053433892
2026-02-27 14:00:00,1081022.5053433892
2026-02-27 14:15:00,1073526.4677431856
2026-02-27 14:30:00,1082073.7015065223
2026-02-27 14:45:00,736502.4160747259
2026-02-27 15:00:00,1116815.2834159636
2026-02-27 15:15:00,1116815.2834159636
2026-02-27 15:30:00,1116815.2834159636
2026-02-27 15:45:00,1116815.2834159636
2026-02-27 16:00:00,1116815.2834159636
2026-02-27 16:15:00,1116815.2834159636
2026-02-27 16:30:00,1116815.2834159636
2026-02-27 16:45:00,1116815.2834159636
2026-02-27 17:00:00,1116815.2834159636
2026-02-27 17:15:00,1116815.2834159636
2026-02-27 17:30:00,1116815.2834159636
2026-02-27 17:45:00,1116815.2834159636
2026-02-27 18:00:00,1116815.2834159636
2026-02-27 18:15:00,1116815.2834159636
2026-02-27 18:30:00,1107829.698128499
2026-02-27 18:45:00,1116324.7884935355
2026-02-27 19:00:00,1107408.785913268
2026-02-27 19:15:00,1115358.4644468594
2026-02-27 19:30:00,1115358.4644468594
2026-02-27 19:45:00,1115358.4644468594
2026-02-27 20:00:00,1115358.4644468594
2026-02-27 20:15:00,1115358.4644468594
2026-02-27 20:30:00,1115358.4644468594
2026-02-27 20:45:00,1115358.4644468594
2026-02-27 21:00:00,1115358.4644468594
2026-02-27 21:15:00,1115358.4644468594
2026-02-27 21:30:00,1115358.4644468594
2026-02-27 21:45:00,1115358.4644468594
2026-02-27 22:00:00,1115358.4644468594
2026-02-27 22:15:00,1115358.4644468594
2026-02-27 22:30:00,1115358.4644468594
2026-02-27 22:45:00,1115358.4644468594
2026-02-27 23:00:00,1115358.4644468594
2026-02-27 23:15:00,1115358.4644468594
2026-02-27 23:30:00,1115358.4644468594
2026-02-27 23:45:00,1115358.4644468594
2026-03-02 00:00:00,1106964.100423094
2026-03-02 00:15:00,1117350.5246409979
2026-03-02 00:30:00,1117350.5246409979
2026-03-02 00:45:00,1117350.5246409979
2026-03-02 01:00:00,1108028.4861091198
2026-03-02 01:15:00,1107589.2742627016
2026-03-02 01:30:00,1116363.7884449875
2026-03-02 01:45:00,1107146.498290018
2026-03-02 02:00:00,1116854.6773063194
2026-03-02 02:15:00,1116854.6773063194
2026-03-02 02:30:00,1116854.6773063194
2026-03-02 02:45:00,1116854.6773063194
2026-03-02 03:00:00,1116854.6773063194
2026-03-02 03:15:00,1116854.6773063194
2026-03-02 03:30:00,1116854.6773063194
2026-03-02 03:45:00,1116854.6773063194
2026-03-02 04:00:00,1116854.6773063194
2026-03-02 04:15:00,1116854.6773063194
2026-03-02 04:30:00,1116854.6773063194
2026-03-02 04:45:00,1116854.6773063194
2026-03-02 05:00:00,1116854.6773063194
2026-03-02 05:15:00,1116854.6773063194
2026-03-02 05:30:00,1116854.6773063194
2026-03-02 05:45:00,1116854.6773063194
2026-03-02 06:00:00,1116854.6773063194
2026-03-02 06:15:00,1116854.6773063194
2026-03-02 06:30:00,1116854.6773063194
2026-03-02 06:45:00,1116854.6773063194
2026-03-02 07:00:00,1116854.6773063194
2026-03-02 07:15:00,1116854.6773063194
2026-03-02 07:30:00,1116854.6773063194
2026-03-02 07:45:00,1116854.6773063194
2026-03-02 08:00:00,1108145.4781249054
2026-03-02 08:15:00,1115877.808472269
2026-03-02 08:30:00,1109219.1003796472
2026-03-02 08:45:00,1108769.835050187
2026-03-02 09:00:00,1108356.971519162
2026-03-02 09:15:00,1107929.4403316043
2026-03-02 09:30:00,1107509.4905522075
2026-03-02 09:45:00,1107096.9592487726
2026-03-02 10:00:00,1113062.3004079075
2026-03-02 10:15:00,1106654.6142884586
2026-03-02 10:30:00,1112160.8998741354
2026-03-02 10:45:00,1112160.8998741354
2026-03-02 11:00:00,1112160.8998741354
2026-03-02 11:15:00,1112160.8998741354
2026-03-02 11:30:00,1112160.8998741354
2026-03-02 11:45:00,1112160.8998741354
2026-03-02 12:00:00,1112160.8998741354
2026-03-02 12:15:00,1112160.8998741354
2026-03-02 12:30:00,1112160.8998741354
2026-03-02 12:45:00,1112160.8998741354
2026-03-02 13:00:00,1112160.8998741354
2026-03-02 13:15:00,1112160.8998741354
2026-03-02 13:30:00,1112160.8998741354
2026-03-02 13:45:00,1112160.8998741354
2026-03-02 14:00:00,1112160.8998741354
2026-03-02 14:15:00,1112160.8998741354
2026-03-02 14:30:00,1112160.8998741354
2026-03-02 14:45:00,1112160.8998741354
2026-03-02 15:00:00,1112160.8998741354
2026-03-02 15:15:00,1112160.8998741354
2026-03-02 15:30:00,1112160.8998741354
2026-03-02 15:45:00,1112160.8998741354
2026-03-02 16:00:00,1112160.8998741354
2026-03-02 16:15:00,1112160.8998741354
2026-03-02 16:30:00,1112160.8998741354
2026-03-02 16:45:00,1112160.8998741354
2026-03-02 17:00:00,1112160.8998741354
2026-03-02 17:15:00,1112160.8998741354
2026-03-02 17:30:00,1107701.095068949
2026-03-02 17:45:00,1111716.9487871255
2026-03-02 18:00:00,1111716.9487871255
2026-03-02 18:15:00,1111716.9487871255
2026-03-02 18:30:00,1111716.9487871255
2026-03-02 18:45:00,1111716.9487871255
2026-03-02 19:00:00,1111716.9487871255
2026-03-02 19:15:00,1111716.9487871255
2026-03-02 19:30:00,1111716.9487871255
2026-03-02 19:45:00,1111716.9487871255
2026-03-02 20:00:00,1111716.9487871255
2026-03-02 20:15:00,1111716.9487871255
2026-03-02 20:30:00,1111716.9487871255
2026-03-02 20:45:00,1111716.9487871255
2026-03-02 21:00:00,1111716.9487871255
2026-03-02 21:15:00,1111716.9487871255
2026-03-02 21:30:00,1111716.9487871255
2026-03-02 21:45:00,1111716.9487871255
2026-03-02 22:00:00,1111716.9487871255
2026-03-02 22:15:00,1111716.9487871255
2026-03-02 22:30:00,1111716.9487871255
2026-03-02 22:45:00,1111716.9487871255
2026-03-02 23:00:00,1111716.9487871255
2026-03-02 23:15:00,1111716.9487871255
2026-03-02 23:30:00,1111716.9487871255
2026-03-02 23:45:00,1111716.9487871255
2026-03-03 00:00:00,1111716.9487871255
2026-03-03 00:15:00,1111716.9487871255
2026-03-03 00:30:00,1111716.9487871255
2026-03-03 00:45:00,1111716.9487871255
2026-03-03 01:00:00,1111716.9487871255
2026-03-03 01:15:00,1111716.9487871255
2026-03-03 01:30:00,1111716.9487871255
2026-03-03 01:45:00,1111716.9487871255
2026-03-03 02:00:00,1111716.9487871255
2026-03-03 02:15:00,1111716.9487871255
2026-03-03 02:30:00,1111716.9487871255
2026-03-03 02:45:00,1111716.9487871255
2026-03-03 03:00:00,1111716.9487871255
2026-03-03 03:15:00,1111716.9487871255
2026-03-03 03:30:00,1111716.9487871255
2026-03-03 03:45:00,1111716.9487871255
2026-03-03 04:00:00,1111716.9487871255
2026-03-03 04:15:00,1111716.9487871255
2026-03-03 04:30:00,1111716.9487871255
2026-03-03 04:45:00,1111716.9487871255
2026-03-03 05:00:00,1111716.9487871255
2026-03-03 05:15:00,1111716.9487871255
2026-03-03 05:30:00,1111716.9487871255
2026-03-03 05:45:00,1111716.9487871255
2026-03-03 06:00:00,1111716.9487871255
2026-03-03 06:15:00,1111716.9487871255
2026-03-03 06:30:00,1111716.9487871255
2026-03-03 06:45:00,1111716.9487871255
2026-03-03 07:00:00,1111716.9487871255
2026-03-03 07:15:00,1107269.5228271827
2026-03-03 07:30:00,1106858.1404460971
2026-03-03 07:45:00,1110411.5554548325
2026-03-03 08:00:00,1106425.2633744897
2026-03-03 08:15:00,1109985.0978120156
2026-03-03 08:30:00,1109985.0978120156
2026-03-03 08:45:00,1109985.0978120156
2026-03-03 09:00:00,1106009.744145529
2026-03-03 09:15:00,1108321.4886754104
2026-03-03 09:30:00,1108321.4886754104
2026-03-03 09:45:00,1105612.9782090297
2026-03-03 10:00:00,1105215.7368575928
2026-03-03 10:15:00,1104796.8492407056
2026-03-03 10:30:00,1106395.9358043147
2026-03-03 10:45:00,1107634.737709844
2026-03-03 11:00:00,1106333.8559645533
2026-03-03 11:15:00,1107197.6136874016
2026-03-03 11:30:00,1105566.3514752043
2026-03-03 11:45:00,1106760.6096874396
2026-03-03 12:00:00,1105188.3458721836
2026-03-03 12:15:00,1105188.3458721836
2026-03-03 12:30:00,1106358.4921072507
2026-03-03 12:45:00,1104814.120325193
2026-03-03 13:00:00,1104814.120325193
2026-03-03 13:15:00,1104814.120325193
2026-03-03 13:30:00,1104814.120325193
2026-03-03 13:45:00,1104814.120325193
2026-03-03 14:00:00,1104814.120325193
2026-03-03 14:15:00,1104814.120325193
2026-03-03 14:30:00,1104814.120325193
2026-03-03 14:45:00,1104814.120325193
2026-03-03 15:00:00,1104814.120325193
2026-03-03 15:15:00,1104814.120325193
2026-03-03 15:30:00,1104814.120325193
2026-03-03 15:45:00,1104814.120325193
2026-03-03 16:00:00,1104814.120325193
2026-03-03 16:15:00,1104814.120325193
2026-03-03 16:30:00,1104814.120325193
2026-03-03 16:45:00,1104814.120325193
2026-03-03 17:00:00,1104814.120325193
2026-03-03 17:15:00,1104814.120325193
2026-03-03 17:30:00,1104814.120325193
2026-03-03 17:45:00,1104814.120325193
2026-03-03 18:00:00,1104814.120325193
2026-03-03 18:15:00,1104814.120325193
2026-03-03 18:30:00,1104814.120325193
2026-03-03 18:45:00,1105939.3243809505
2026-03-03 19:00:00,1108046.468037176
2026-03-03 19:15:00,1108046.468037176
2026-03-03 19:30:00,1108046.468037176
2026-03-03 19:45:00,1108046.468037176
2026-03-03 20:00:00,1108046.468037176
2026-03-03 20:15:00,1108046.468037176
2026-03-03 20:30:00,1108046.468037176
2026-03-03 20:45:00,1108046.468037176
2026-03-03 21:00:00,1108046.468037176
2026-03-03 21:15:00,1108046.468037176
2026-03-03 21:30:00,1108046.468037176
2026-03-03 21:45:00,1108046.468037176
2026-03-03 22:00:00,1108046.468037176
2026-03-03 22:15:00,1108046.468037176
2026-03-03 22:30:00,1108046.468037176
2026-03-03 22:45:00,1108046.468037176
2026-03-03 23:00:00,1108046.468037176
2026-03-03 23:15:00,1108046.468037176
2026-03-03 23:30:00,1108046.468037176
2026-03-03 23:45:00,1108046.468037176
2026-03-04 00:00:00,1108046.468037176
2026-03-04 00:15:00,1108046.468037176
2026-03-04 00:30:00,1108046.468037176
2026-03-04 00:45:00,1108046.468037176
2026-03-04 01:00:00,1108046.468037176
2026-03-04 01:15:00,1108046.468037176
2026-03-04 01:30:00,1108046.468037176
2026-03-04 01:45:00,1108046.468037176
2026-03-04 02:00:00,1108046.468037176
2026-03-04 02:15:00,1108046.468037176
2026-03-04 02:30:00,1108046.468037176
2026-03-04 02:45:00,1108046.468037176
2026-03-04 03:00:00,1108046.468037176
2026-03-04 03:15:00,1105527.0580966007
2026-03-04 03:30:00,1107643.6612685355
2026-03-04 03:45:00,1107643.6612685355
2026-03-04 04:00:00,1107643.6612685355
2026-03-04 04:15:00,1107643.6612685355
2026-03-04 04:30:00,1107643.6612685355
2026-03-04 04:45:00,1107643.6612685355
2026-03-04 05:00:00,1107643.6612685355
2026-03-04 05:15:00,1107643.6612685355
2026-03-04 05:30:00,1107643.6612685355
2026-03-04 05:45:00,1107643.6612685355
2026-03-04 06:00:00,1105127.3250994203
2026-03-04 06:15:00,1109642.7400704466
2026-03-04 06:30:00,1109642.7400704466
2026-03-04 06:45:00,1109642.7400704466
2026-03-04 07:00:00,1109642.7400704466
2026-03-04 07:15:00,1109642.7400704466
2026-03-04 07:30:00,1109642.7400704466
2026-03-04 07:45:00,1109642.7400704466
2026-03-04 08:00:00,1109642.7400704466
2026-03-04 08:15:00,1109642.7400704466
2026-03-04 08:30:00,1109642.7400704466
2026-03-04 08:45:00,1109642.7400704466
2026-03-04 09:00:00,1109642.7400704466
2026-03-04 09:15:00,1109642.7400704466
2026-03-04 09:30:00,1104737.633602541
2026-03-04 09:45:00,1109223.9705814735
2026-03-04 10:00:00,1109223.9705814735
2026-03-04 10:15:00,1104341.2985084425
2026-03-04 10:30:00,1111997.0115658725
2026-03-04 10:45:00,1111997.0115658725
2026-03-04 11:00:00,1111997.0115658725
2026-03-04 11:15:00,1111997.0115658725
2026-03-04 11:30:00,1111997.0115658725
2026-03-04 11:45:00,1111997.0115658725
2026-03-04 12:00:00,1111997.0115658725
2026-03-04 12:15:00,1111997.0115658725
2026-03-04 12:30:00,1111997.0115658725
2026-03-04 12:45:00,1111997.0115658725
2026-03-04 13:00:00,1103939.0508388258
2026-03-04 13:15:00,1103565.1562956448
2026-03-04 13:30:00,1111116.8102800571
2026-03-04 13:45:00,1111116.8102800571
2026-03-04 14:00:00,1111116.8102800571
2026-03-04 14:15:00,1111116.8102800571
2026-03-04 14:30:00,1111116.8102800571
2026-03-04 14:45:00,1111116.8102800571
2026-03-04 15:00:00,1111116.8102800571
2026-03-04 15:15:00,1111116.8102800571
2026-03-04 15:30:00,1111116.8102800571
2026-03-04 15:45:00,1111116.8102800571
2026-03-04 16:00:00,1111116.8102800571
2026-03-04 16:15:00,1111116.8102800571
2026-03-04 16:30:00,1111116.8102800571
2026-03-04 16:45:00,1111116.8102800571
2026-03-04 17:00:00,1111116.8102800571
2026-03-04 17:15:00,1111116.8102800571
2026-03-04 17:30:00,1111116.8102800571
2026-03-04 17:45:00,1111116.8102800571
2026-03-04 18:00:00,1111116.8102800571
2026-03-04 18:15:00,1111116.8102800571
2026-03-04 18:30:00,1111116.8102800571
2026-03-04 18:45:00,1111116.8102800571
2026-03-04 19:00:00,1111116.8102800571
2026-03-04 19:15:00,1111116.8102800571
2026-03-04 19:30:00,1111116.8102800571
2026-03-04 19:45:00,1111116.8102800571
2026-03-04 20:00:00,1111116.8102800571
2026-03-04 20:15:00,1111116.8102800571
2026-03-04 20:30:00,1111116.8102800571
2026-03-04 20:45:00,1111116.8102800571
2026-03-04 21:00:00,1111116.8102800571
2026-03-04 21:15:00,1111116.8102800571
2026-03-04 21:30:00,1111116.8102800571
2026-03-04 21:45:00,1111116.8102800571
2026-03-04 22:00:00,1111116.8102800571
2026-03-04 22:15:00,1111116.8102800571
2026-03-04 22:30:00,1111116.8102800571
2026-03-04 22:45:00,1111116.8102800571
2026-03-04 23:00:00,1111116.8102800571
2026-03-04 23:15:00,1111116.8102800571
2026-03-04 23:30:00,1111116.8102800571
2026-03-04 23:45:00,1111116.8102800571
2026-03-05 00:00:00,1111116.8102800571
2026-03-05 00:15:00,1111116.8102800571
2026-03-05 00:30:00,1111116.8102800571
2026-03-05 00:45:00,1111116.8102800571
2026-03-05 01:00:00,1111116.8102800571
2026-03-05 01:15:00,1111116.8102800571
2026-03-05 01:30:00,1111116.8102800571
2026-03-05 01:45:00,1111116.8102800571
2026-03-05 02:00:00,1111116.8102800571
2026-03-05 02:15:00,1111116.8102800571
2026-03-05 02:30:00,1111116.8102800571
2026-03-05 02:45:00,1111116.8102800571
2026-03-05 03:00:00,1111116.8102800571
2026-03-05 03:15:00,1111116.8102800571
2026-03-05 03:30:00,1111116.8102800571
2026-03-05 03:45:00,1111116.8102800571
2026-03-05 04:00:00,1111116.8102800571
2026-03-05 04:15:00,1111116.8102800571
2026-03-05 04:30:00,1111116.8102800571
2026-03-05 04:45:00,1111116.8102800571
2026-03-05 05:00:00,1111116.8102800571
2026-03-05 05:15:00,1111116.8102800571
2026-03-05 05:30:00,1111116.8102800571
2026-03-05 05:45:00,1111116.8102800571
2026-03-05 06:00:00,1111116.8102800571
2026-03-05 06:15:00,1111116.8102800571
2026-03-05 06:30:00,1111116.8102800571
2026-03-05 06:45:00,1111116.8102800571
2026-03-05 07:00:00,1111116.8102800571
2026-03-05 07:15:00,1111116.8102800571
2026-03-05 07:30:00,1111116.8102800571
2026-03-05 07:45:00,1111116.8102800571
2026-03-05 08:00:00,1111116.8102800571
2026-03-05 08:15:00,1111116.8102800571
2026-03-05 08:30:00,1111116.8102800571
2026-03-05 08:45:00,1111116.8102800571
2026-03-05 09:00:00,1111116.8102800571
2026-03-05 09:15:00,1111116.8102800571
2026-03-05 09:30:00,1111116.8102800571
2026-03-05 09:45:00,1111116.8102800571
2026-03-05 10:00:00,1111116.8102800571
2026-03-05 10:15:00,1111116.8102800571
2026-03-05 10:30:00,1111116.8102800571
2026-03-05 10:45:00,1111116.8102800571
2026-03-05 11:00:00,1111116.8102800571
2026-03-05 11:15:00,1111116.8102800571
2026-03-05 11:30:00,1111116.8102800571
2026-03-05 11:45:00,1111116.8102800571
2026-03-05 12:00:00,1111116.8102800571
2026-03-05 12:15:00,1111116.8102800571
2026-03-05 12:30:00,1111116.8102800571
2026-03-05 12:45:00,1111116.8102800571
2026-03-05 13:00:00,1111116.8102800571
2026-03-05 13:15:00,1111116.8102800571
2026-03-05 13:30:00,1111116.8102800571
2026-03-05 13:45:00,1111116.8102800571
2026-03-05 14:00:00,1111116.8102800571
2026-03-05 14:15:00,1111116.8102800571
2026-03-05 14:30:00,1111116.8102800571
2026-03-05 14:45:00,1111116.8102800571
2026-03-05 15:00:00,1111116.8102800571
2026-03-05 15:15:00,1111116.8102800571
2026-03-05 15:30:00,1111116.8102800571
2026-03-05 15:45:00,1111116.8102800571
2026-03-05 16:00:00,1111116.8102800571
2026-03-05 16:15:00,1111116.8102800571
2026-03-05 16:30:00,1111116.8102800571
2026-03-05 16:45:00,1111116.8102800571
2026-03-05 17:00:00,1111116.8102800571
2026-03-05 17:15:00,1111116.8102800571
2026-03-05 17:30:00,1111116.8102800571
2026-03-05 17:45:00,1111116.8102800571
2026-03-05 18:00:00,1111116.8102800571
2026-03-05 18:15:00,1111116.8102800571
2026-03-05 18:30:00,1111116.8102800571
2026-03-05 18:45:00,1111116.8102800571
2026-03-05 19:00:00,1111116.8102800571
2026-03-05 19:15:00,1111116.8102800571
2026-03-05 19:30:00,1111116.8102800571
2026-03-05 19:45:00,1111116.8102800571
2026-03-05 20:00:00,1111116.8102800571
2026-03-05 20:15:00,1111116.8102800571
2026-03-05 20:30:00,1111116.8102800571
2026-03-05 20:45:00,1111116.8102800571
2026-03-05 21:00:00,1111116.8102800571
2026-03-05 21:15:00,1111116.8102800571
2026-03-05 21:30:00,1111116.8102800571
2026-03-05 21:45:00,1111116.8102800571
2026-03-05 22:00:00,1111116.8102800571
2026-03-05 22:15:00,1111116.8102800571
2026-03-05 22:30:00,1111116.8102800571
2026-03-05 22:45:00,1111116.8102800571
2026-03-05 23:00:00,1111116.8102800571
2026-03-05 23:15:00,1111116.8102800571
2026-03-05 23:30:00,1111116.8102800571
2026-03-05 23:45:00,1111116.8102800571
2026-03-06 00:00:00,1111116.8102800571
2026-03-06 00:15:00,1111116.8102800571
2026-03-06 00:30:00,1111116.8102800571
2026-03-06 00:45:00,1111116.8102800571
2026-03-06 01:00:00,1111116.8102800571
2026-03-06 01:15:00,1111116.8102800571
2026-03-06 01:30:00,1111116.8102800571
2026-03-06 01:45:00,1111116.8102800571
2026-03-06 02:00:00,1111116.8102800571
2026-03-06 02:15:00,1111116.8102800571
2026-03-06 02:30:00,1111116.8102800571
2026-03-06 02:45:00,1111116.8102800571
2026-03-06 03:00:00,1111116.8102800571
2026-03-06 03:15:00,1111116.8102800571
2026-03-06 03:30:00,1111116.8102800571
2026-03-06 03:45:00,1111116.8102800571
2026-03-06 04:00:00,1111116.8102800571
2026-03-06 04:15:00,1111116.8102800571
2026-03-06 04:30:00,1111116.8102800571
2026-03-06 04:45:00,1111116.8102800571
2026-03-06 05:00:00,1111116.8102800571
2026-03-06 05:15:00,1111116.8102800571
2026-03-06 05:30:00,1111116.8102800571
2026-03-06 05:45:00,1111116.8102800571
2026-03-06 06:00:00,1111116.8102800571
2026-03-06 06:15:00,1111116.8102800571
2026-03-06 06:30:00,1111116.8102800571
2026-03-06 06:45:00,1111116.8102800571
2026-03-06 07:00:00,1111116.8102800571
2026-03-06 07:15:00,1111116.8102800571
2026-03-06 07:30:00,1111116.8102800571
2026-03-06 07:45:00,1111116.8102800571
2026-03-06 08:00:00,1111116.8102800571
2026-03-06 08:15:00,1111116.8102800571
2026-03-06 08:30:00,1111116.8102800571
2026-03-06 08:45:00,1111116.8102800571
2026-03-06 09:00:00,1111116.8102800571
2026-03-06 09:15:00,1111116.8102800571
2026-03-06 09:30:00,1111116.8102800571
2026-03-06 09:45:00,1111116.8102800571
2026-03-06 10:00:00,1111116.8102800571
2026-03-06 10:15:00,1111116.8102800571
2026-03-06 10:30:00,1111116.8102800571
2026-03-06 10:45:00,1111116.8102800571
2026-03-06 11:00:00,1111116.8102800571
2026-03-06 11:15:00,1111116.8102800571
2026-03-06 11:30:00,1111116.8102800571
2026-03-06 11:45:00,1111116.8102800571
2026-03-06 12:00:00,1111116.8102800571
2026-03-06 12:15:00,1111116.8102800571
2026-03-06 12:30:00,1111116.8102800571
2026-03-06 12:45:00,1111116.8102800571
2026-03-06 13:00:00,1111116.8102800571
2026-03-06 13:15:00,1111116.8102800571
2026-03-06 13:30:00,1111116.8102800571
2026-03-06 13:45:00,1111116.8102800571
2026-03-06 14:00:00,1111116.8102800571
2026-03-06 14:15:00,1111116.8102800571
2026-03-06 14:30:00,1111116.8102800571
2026-03-06 14:45:00,1111116.8102800571
2026-03-06 15:00:00,1111116.8102800571
2026-03-06 15:15:00,1111116.8102800571
2026-03-06 15:30:00,1111116.8102800571
2026-03-06 15:45:00,1111116.8102800571
2026-03-06 16:00:00,1111116.8102800571
2026-03-06 16:15:00,1111116.8102800571
2026-03-06 16:30:00,1111116.8102800571
2026-03-06 16:45:00,1111116.8102800571
2026-03-06 17:00:00,1111116.8102800571
2026-03-06 17:15:00,1111116.8102800571
2026-03-06 17:30:00,1111116.8102800571
2026-03-06 17:45:00,1111116.8102800571
2026-03-06 18:00:00,1111116.8102800571
2026-03-06 18:15:00,1111116.8102800571
2026-03-06 18:30:00,1111116.8102800571
2026-03-06 18:45:00,1111116.8102800571
2026-03-06 19:00:00,1111116.8102800571
2026-03-06 19:15:00,1111116.8102800571
2026-03-06 19:30:00,1111116.8102800571
2026-03-06 19:45:00,1111116.8102800571
2026-03-06 20:00:00,1111116.8102800571
2026-03-06 20:15:00,1111116.8102800571
2026-03-06 20:30:00,1111116.8102800571
2026-03-06 20:45:00,1111116.8102800571
2026-03-06 21:00:00,1111116.8102800571
2026-03-06 21:15:00,1111116.8102800571
2026-03-06 21:30:00,1111116.8102800571
2026-03-06 21:45:00,1111116.8102800571
2026-03-06 22:00:00,1111116.8102800571
2026-03-06 22:15:00,1111116.8102800571
2026-03-06 22:30:00,1111116.8102800571
2026-03-06 22:45:00,1111116.8102800571
2026-03-06 23:00:00,1111116.8102800571
2026-03-06 23:15:00,1111116.8102800571
2026-03-06 23:30:00,1111116.8102800571
2026-03-06 23:45:00,1111116.8102800571
2026-03-09 00:00:00,1111116.8102800571
2026-03-09 00:15:00,1111116.8102800571
2026-03-09 00:30:00,1111116.8102800571
2026-03-09 00:45:00,1111116.8102800571
2026-03-09 01:00:00,1111116.8102800571
2026-03-09 01:15:00,1111116.8102800571
2026-03-09 01:30:00,1111116.8102800571
2026-03-09 01:45:00,1111116.8102800571
2026-03-09 02:00:00,1111116.8102800571
2026-03-09 02:15:00,1111116.8102800571
2026-03-09 02:30:00,1111116.8102800571
2026-03-09 02:45:00,1111116.8102800571
2026-03-09 03:00:00,1111116.8102800571
2026-03-09 03:15:00,1111116.8102800571
2026-03-09 03:30:00,1111116.8102800571
2026-03-09 03:45:00,1111116.8102800571
2026-03-09 04:00:00,1111116.8102800571
2026-03-09 04:15:00,1111116.8102800571
2026-03-09 04:30:00,1111116.8102800571
2026-03-09 04:45:00,1111116.8102800571
2026-03-09 05:00:00,1111116.8102800571
2026-03-09 05:15:00,1111116.8102800571
2026-03-09 05:30:00,1111116.8102800571
2026-03-09 05:45:00,1111116.8102800571
2026-03-09 06:00:00,1111116.8102800571
2026-03-09 06:15:00,1111116.8102800571
2026-03-09 06:30:00,1111116.8102800571
2026-03-09 06:45:00,1111116.8102800571
2026-03-09 07:00:00,1111116.8102800571
2026-03-09 07:15:00,1111116.8102800571
2026-03-09 07:30:00,1111116.8102800571
2026-03-09 07:45:00,1111116.8102800571
2026-03-09 08:00:00,1111116.8102800571
2026-03-09 08:15:00,1111116.8102800571
2026-03-09 08:30:00,1111116.8102800571
2026-03-09 08:45:00,1111116.8102800571
2026-03-09 09:00:00,1111116.8102800571
2026-03-09 09:15:00,1111116.8102800571
2026-03-09 09:30:00,1111116.8102800571
2026-03-09 09:45:00,1111116.8102800571
2026-03-09 10:00:00,1111116.8102800571
2026-03-09 10:15:00,1111116.8102800571
2026-03-09 10:30:00,1111116.8102800571
2026-03-09 10:45:00,1111116.8102800571
2026-03-09 11:00:00,1111116.8102800571
2026-03-09 11:15:00,1111116.8102800571
2026-03-09 11:30:00,1111116.8102800571
2026-03-09 11:45:00,1111116.8102800571
2026-03-09 12:00:00,1111116.8102800571
2026-03-09 12:15:00,1111116.8102800571
2026-03-09 12:30:00,1111116.8102800571
2026-03-09 12:45:00,1111116.8102800571
2026-03-09 13:00:00,1111116.8102800571
2026-03-09 13:15:00,1111116.8102800571
2026-03-09 13:30:00,1111116.8102800571
2026-03-09 13:45:00,1111116.8102800571
2026-03-09 14:00:00,1111116.8102800571
2026-03-09 14:15:00,1111116.8102800571
2026-03-09 14:30:00,1111116.8102800571
2026-03-09 14:45:00,1111116.8102800571
2026-03-09 15:00:00,1111116.8102800571
2026-03-09 15:15:00,1111116.8102800571
2026-03-09 15:30:00,1111116.8102800571
2026-03-09 15:45:00,1111116.8102800571
2026-03-09 16:00:00,1111116.8102800571
2026-03-09 16:15:00,1111116.8102800571
2026-03-09 16:30:00,1111116.8102800571
2026-03-09 16:45:00,1111116.8102800571
2026-03-09 17:00:00,1111116.8102800571
2026-03-09 17:15:00,1111116.8102800571
2026-03-09 17:30:00,1111116.8102800571
2026-03-09 17:45:00,1111116.8102800571
2026-03-09 18:00:00,1111116.8102800571
2026-03-09 18:15:00,1111116.8102800571
2026-03-09 18:30:00,1111116.8102800571
2026-03-09 18:45:00,1111116.8102800571
2026-03-09 19:00:00,1111116.8102800571
2026-03-09 19:15:00,1111116.8102800571
2026-03-09 19:30:00,1111116.8102800571
2026-03-09 19:45:00,1111116.8102800571
2026-03-09 20:00:00,1111116.8102800571
2026-03-09 20:15:00,1111116.8102800571
2026-03-09 20:30:00,1111116.8102800571
2026-03-09 20:45:00,1111116.8102800571
2026-03-09 21:00:00,1111116.8102800571
2026-03-09 21:15:00,1111116.8102800571
2026-03-09 21:30:00,1111116.8102800571
2026-03-09 21:45:00,1111116.8102800571
2026-03-09 22:00:00,1111116.8102800571
2026-03-09 22:15:00,1111116.8102800571
2026-03-09 22:30:00,1111116.8102800571
2026-03-09 22:45:00,1111116.8102800571
2026-03-09 23:00:00,1111116.8102800571
2026-03-09 23:15:00,1111116.8102800571
2026-03-09 23:30:00,1111116.8102800571
2026-03-09 23:45:00,1111116.8102800571
2026-03-10 00:00:00,1111116.8102800571
2026-03-10 00:15:00,1111116.8102800571
2026-03-10 00:30:00,1111116.8102800571
2026-03-10 00:45:00,1111116.8102800571
2026-03-10 01:00:00,1111116.8102800571
2026-03-10 01:15:00,1111116.8102800571
2026-03-10 01:30:00,1111116.8102800571
2026-03-10 01:45:00,1111116.8102800571
2026-03-10 02:00:00,1111116.8102800571
2026-03-10 02:15:00,1111116.8102800571
2026-03-10 02:30:00,1111116.8102800571
2026-03-10 02:45:00,1111116.8102800571
2026-03-10 03:00:00,1111116.8102800571
2026-03-10 03:15:00,1111116.8102800571
2026-03-10 03:30:00,1111116.8102800571
2026-03-10 03:45:00,1111116.8102800571
2026-03-10 04:00:00,1111116.8102800571
2026-03-10 04:15:00,1111116.8102800571
2026-03-10 04:30:00,1111116.8102800571
2026-03-10 04:45:00,1111116.8102800571
2026-03-10 05:00:00,1111116.8102800571
2026-03-10 05:15:00,1111116.8102800571
2026-03-10 05:30:00,1111116.8102800571
2026-03-10 05:45:00,1111116.8102800571
2026-03-10 06:00:00,1111116.8102800571
2026-03-10 06:15:00,1111116.8102800571
2026-03-10 06:30:00,1111116.8102800571
2026-03-10 06:45:00,1111116.8102800571
2026-03-10 07:00:00,1111116.8102800571
2026-03-10 07:15:00,1111116.8102800571
2026-03-10 07:30:00,1111116.8102800571
2026-03-10 07:45:00,1111116.8102800571
2026-03-10 08:00:00,1111116.8102800571
2026-03-10 08:15:00,1111116.8102800571
2026-03-10 08:30:00,1111116.8102800571
2026-03-10 08:45:00,1111116.8102800571
2026-03-10 09:00:00,1111116.8102800571
2026-03-10 09:15:00,1111116.8102800571
2026-03-10 09:30:00,1111116.8102800571
2026-03-10 09:45:00,1111116.8102800571
2026-03-10 10:00:00,1111116.8102800571
2026-03-10 10:15:00,1111116.8102800571
2026-03-10 10:30:00,1111116.8102800571
2026-03-10 10:45:00,1111116.8102800571
2026-03-10 11:00:00,1111116.8102800571
2026-03-10 11:15:00,1111116.8102800571
2026-03-10 11:30:00,1111116.8102800571
2026-03-10 11:45:00,1111116.8102800571
2026-03-10 12:00:00,1111116.8102800571
2026-03-10 12:15:00,1111116.8102800571
2026-03-10 12:30:00,1111116.8102800571
2026-03-10 12:45:00,1111116.8102800571
2026-03-10 13:00:00,1111116.8102800571
2026-03-10 13:15:00,1111116.8102800571
2026-03-10 13:30:00,1111116.8102800571
2026-03-10 13:45:00,1111116.8102800571
2026-03-10 14:00:00,1111116.8102800571
2026-03-10 14:15:00,1111116.8102800571
2026-03-10 14:30:00,1111116.8102800571
2026-03-10 14:45:00,1111116.8102800571
2026-03-10 15:00:00,1111116.8102800571
2026-03-10 15:15:00,1111116.8102800571
2026-03-10 15:30:00,1111116.8102800571
2026-03-10 15:45:00,1111116.8102800571
2026-03-10 16:00:00,1111116.8102800571
2026-03-10 16:15:00,1111116.8102800571
2026-03-10 16:30:00,1111116.8102800571
2026-03-10 16:45:00,1111116.8102800571
2026-03-10 17:00:00,1111116.8102800571
2026-03-10 17:15:00,1111116.8102800571
2026-03-10 17:30:00,1111116.8102800571
2026-03-10 17:45:00,1111116.8102800571
2026-03-10 18:00:00,1111116.8102800571
2026-03-10 18:15:00,1111116.8102800571
2026-03-10 18:30:00,1111116.8102800571
2026-03-10 18:45:00,1111116.8102800571
2026-03-10 19:00:00,1111116.8102800571
2026-03-10 19:15:00,1111116.8102800571
2026-03-10 19:30:00,1111116.8102800571
2026-03-10 19:45:00,1111116.8102800571
2026-03-10 20:00:00,1111116.8102800571
2026-03-10 20:15:00,1111116.8102800571
2026-03-10 20:30:00,1111116.8102800571
2026-03-10 20:45:00,1111116.8102800571
2026-03-10 21:00:00,1111116.8102800571
2026-03-10 21:15:00,1111116.8102800571
2026-03-10 21:30:00,1111116.8102800571
2026-03-10 21:45:00,1111116.8102800571
2026-03-10 22:00:00,1111116.8102800571
2026-03-10 22:15:00,1111116.8102800571
2026-03-10 22:30:00,1111116.8102800571
2026-03-10 22:45:00,1111116.8102800571
2026-03-10 23:00:00,1111116.8102800571
2026-03-10 23:15:00,1111116.8102800571
2026-03-10 23:30:00,1111116.8102800571
2026-03-10 23:45:00,1111116.8102800571
2026-03-11 00:00:00,1111116.8102800571
2026-03-11 00:15:00,1111116.8102800571
2026-03-11 00:30:00,1111116.8102800571
2026-03-11 00:45:00,1111116.8102800571
2026-03-11 01:00:00,1111116.8102800571
2026-03-11 01:15:00,1111116.8102800571
2026-03-11 01:30:00,1111116.8102800571
2026-03-11 01:45:00,1111116.8102800571
2026-03-11 02:00:00,1111116.8102800571
2026-03-11 02:15:00,1111116.8102800571
2026-03-11 02:30:00,1111116.8102800571
2026-03-11 02:45:00,1111116.8102800571
2026-03-11 03:00:00,1111116.8102800571
2026-03-11 03:15:00,1111116.8102800571
2026-03-11 03:30:00,1111116.8102800571
2026-03-11 03:45:00,1111116.8102800571
2026-03-11 04:00:00,1111116.8102800571
2026-03-11 04:15:00,1111116.8102800571
2026-03-11 04:30:00,1111116.8102800571
2026-03-11 04:45:00,1111116.8102800571
2026-03-11 05:00:00,1111116.8102800571
2026-03-11 05:15:00,1111116.8102800571
2026-03-11 05:30:00,1111116.8102800571
2026-03-11 05:45:00,1111116.8102800571
2026-03-11 06:00:00,1111116.8102800571
2026-03-11 06:15:00,1111116.8102800571
2026-03-11 06:30:00,1111116.8102800571
2026-03-11 06:45:00,1111116.8102800571
2026-03-11 07:00:00,1111116.8102800571
2026-03-11 07:15:00,1111116.8102800571
2026-03-11 07:30:00,1111116.8102800571
2026-03-11 07:45:00,1111116.8102800571
2026-03-11 08:00:00,1111116.8102800571
2026-03-11 08:15:00,1111116.8102800571
2026-03-11 08:30:00,1111116.8102800571
2026-03-11 08:45:00,1111116.8102800571
2026-03-11 09:00:00,1111116.8102800571
2026-03-11 09:15:00,1111116.8102800571
2026-03-11 09:30:00,1111116.8102800571
2026-03-11 09:45:00,1111116.8102800571
2026-03-11 10:00:00,1111116.8102800571
2026-03-11 10:15:00,1111116.8102800571
2026-03-11 10:30:00,1111116.8102800571
2026-03-11 10:45:00,1111116.8102800571
2026-03-11 11:00:00,1111116.8102800571
2026-03-11 11:15:00,1111116.8102800571
2026-03-11 11:30:00,1111116.8102800571
2026-03-11 11:45:00,1111116.8102800571
2026-03-11 12:00:00,1111116.8102800571
2026-03-11 12:15:00,1111116.8102800571
2026-03-11 12:30:00,1111116.8102800571
2026-03-11 12:45:00,1111116.8102800571
2026-03-11 13:00:00,1111116.8102800571
2026-03-11 13:15:00,1111116.8102800571
2026-03-11 13:30:00,1111116.8102800571
2026-03-11 13:45:00,1111116.8102800571
2026-03-11 14:00:00,1111116.8102800571
2026-03-11 14:15:00,1111116.8102800571
2026-03-11 14:30:00,1111116.8102800571
2026-03-11 14:45:00,1111116.8102800571
2026-03-11 15:00:00,1111116.8102800571
2026-03-11 15:15:00,1111116.8102800571
2026-03-11 15:30:00,1111116.8102800571
2026-03-11 15:45:00,1111116.8102800571
2026-03-11 16:00:00,1111116.8102800571
2026-03-11 16:15:00,1111116.8102800571
2026-03-11 16:30:00,1111116.8102800571
2026-03-11 16:45:00,1111116.8102800571
2026-03-11 17:00:00,1111116.8102800571
2026-03-11 17:15:00,1111116.8102800571
2026-03-11 17:30:00,1111116.8102800571
2026-03-11 17:45:00,1111116.8102800571
2026-03-11 18:00:00,1111116.8102800571
2026-03-11 18:15:00,1111116.8102800571
2026-03-11 18:30:00,1111116.8102800571
2026-03-11 18:45:00,1111116.8102800571
2026-03-11 19:00:00,1111116.8102800571
2026-03-11 19:15:00,1111116.8102800571
2026-03-11 19:30:00,1111116.8102800571
2026-03-11 19:45:00,1111116.8102800571
2026-03-11 20:00:00,1111116.8102800571
2026-03-11 20:15:00,1111116.8102800571
2026-03-11 20:30:00,1111116.8102800571
2026-03-11 20:45:00,1111116.8102800571
2026-03-11 21:00:00,1111116.8102800571
2026-03-11 21:15:00,1111116.8102800571
2026-03-11 21:30:00,1111116.8102800571
2026-03-11 21:45:00,1111116.8102800571
2026-03-11 22:00:00,1111116.8102800571
2026-03-11 22:15:00,1111116.8102800571
2026-03-11 22:30:00,1111116.8102800571
2026-03-11 22:45:00,1111116.8102800571
2026-03-11 23:00:00,1111116.8102800571
2026-03-11 23:15:00,1111116.8102800571
2026-03-11 23:30:00,1111116.8102800571
2026-03-11 23:45:00,1111116.8102800571
2026-03-12 00:00:00,1111116.8102800571
2026-03-12 00:15:00,1111116.8102800571
2026-03-12 00:30:00,1111116.8102800571
2026-03-12 00:45:00,1111116.8102800571
2026-03-12 01:00:00,1111116.8102800571
2026-03-12 01:15:00,1111116.8102800571
2026-03-12 01:30:00,1111116.8102800571
2026-03-12 01:45:00,1111116.8102800571
2026-03-12 02:00:00,1111116.8102800571
2026-03-12 02:15:00,1111116.8102800571
2026-03-12 02:30:00,1111116.8102800571
2026-03-12 02:45:00,1111116.8102800571
2026-03-12 03:00:00,1111116.8102800571
2026-03-12 03:15:00,1111116.8102800571
2026-03-12 03:30:00,1111116.8102800571
2026-03-12 03:45:00,1111116.8102800571
2026-03-12 04:00:00,1111116.8102800571
2026-03-12 04:15:00,1111116.8102800571
2026-03-12 04:30:00,1111116.8102800571
2026-03-12 04:45:00,1111116.8102800571
2026-03-12 05:00:00,1111116.8102800571
2026-03-12 05:15:00,1111116.8102800571
2026-03-12 05:30:00,1111116.8102800571
2026-03-12 05:45:00,1111116.8102800571
2026-03-12 06:00:00,1111116.8102800571
2026-03-12 06:15:00,1111116.8102800571
2026-03-12 06:30:00,1111116.8102800571
2026-03-12 06:45:00,1111116.8102800571
2026-03-12 07:00:00,1111116.8102800571
2026-03-12 07:15:00,1111116.8102800571
2026-03-12 07:30:00,1111116.8102800571
2026-03-12 07:45:00,1111116.8102800571
2026-03-12 08:00:00,1111116.8102800571
2026-03-12 08:15:00,1111116.8102800571
2026-03-12 08:30:00,1111116.8102800571
2026-03-12 08:45:00,1111116.8102800571
2026-03-12 09:00:00,1111116.8102800571
2026-03-12 09:15:00,1111116.8102800571
2026-03-12 09:30:00,1111116.8102800571
2026-03-12 09:45:00,1111116.8102800571
2026-03-12 10:00:00,1111116.8102800571
2026-03-12 10:15:00,1111116.8102800571
2026-03-12 10:30:00,1111116.8102800571
2026-03-12 10:45:00,1111116.8102800571
2026-03-12 11:00:00,1111116.8102800571
2026-03-12 11:15:00,1111116.8102800571
2026-03-12 11:30:00,1111116.8102800571
2026-03-12 11:45:00,1111116.8102800571
2026-03-12 12:00:00,1111116.8102800571
2026-03-12 12:15:00,1111116.8102800571
2026-03-12 12:30:00,1111116.8102800571
2026-03-12 12:45:00,1111116.8102800571
2026-03-12 13:00:00,1111116.8102800571
2026-03-12 13:15:00,1111116.8102800571
2026-03-12 13:30:00,1111116.8102800571
2026-03-12 13:45:00,1111116.8102800571
2026-03-12 14:00:00,1111116.8102800571
2026-03-12 14:15:00,1111116.8102800571
2026-03-12 14:30:00,1111116.8102800571
2026-03-12 14:45:00,1111116.8102800571
2026-03-12 15:00:00,1111116.8102800571
2026-03-12 15:15:00,1111116.8102800571
2026-03-12 15:30:00,1111116.8102800571
2026-03-12 15:45:00,1111116.8102800571
2026-03-12 16:00:00,1111116.8102800571
2026-03-12 16:15:00,1111116.8102800571
2026-03-12 16:30:00,1111116.8102800571
2026-03-12 16:45:00,1111116.8102800571
2026-03-12 17:00:00,1111116.8102800571
2026-03-12 17:15:00,1111116.8102800571
2026-03-12 17:30:00,1111116.8102800571
2026-03-12 17:45:00,1111116.8102800571
2026-03-12 18:00:00,1111116.8102800571
2026-03-12 18:15:00,1111116.8102800571
2026-03-12 18:30:00,1111116.8102800571
2026-03-12 18:45:00,1111116.8102800571
2026-03-12 19:00:00,1111116.8102800571
2026-03-12 19:15:00,1111116.8102800571
2026-03-12 19:30:00,1111116.8102800571
2026-03-12 19:45:00,1111116.8102800571
2026-03-12 20:00:00,1111116.8102800571
2026-03-12 20:15:00,1111116.8102800571
2026-03-12 20:30:00,1111116.8102800571
2026-03-12 20:45:00,1111116.8102800571
2026-03-12 21:00:00,1111116.8102800571
2026-03-12 21:15:00,1111116.8102800571
2026-03-12 21:30:00,1111116.8102800571
2026-03-12 21:45:00,1111116.8102800571
2026-03-12 22:00:00,1111116.8102800571
2026-03-12 22:15:00,1111116.8102800571
2026-03-12 22:30:00,1111116.8102800571
2026-03-12 22:45:00,1111116.8102800571
2026-03-12 23:00:00,1111116.8102800571
2026-03-12 23:15:00,1111116.8102800571
2026-03-12 23:30:00,1111116.8102800571
2026-03-12 23:45:00,1111116.8102800571
2026-03-13 00:00:00,1111116.8102800571
2026-03-13 00:15:00,1111116.8102800571
2026-03-13 00:30:00,1111116.8102800571
2026-03-13 00:45:00,1111116.8102800571
2026-03-13 01:00:00,1111116.8102800571
2026-03-13 01:15:00,1111116.8102800571
2026-03-13 01:30:00,1111116.8102800571
2026-03-13 01:45:00,1111116.8102800571
2026-03-13 02:00:00,1111116.8102800571
2026-03-13 02:15:00,1111116.8102800571
2026-03-13 02:30:00,1111116.8102800571
2026-03-13 02:45:00,1111116.8102800571
2026-03-13 03:00:00,1111116.8102800571
2026-03-13 03:15:00,1111116.8102800571
2026-03-13 03:30:00,1111116.8102800571
2026-03-13 03:45:00,1111116.8102800571
2026-03-13 04:00:00,1111116.8102800571
2026-03-13 04:15:00,1111116.8102800571
2026-03-13 04:30:00,1111116.8102800571
2026-03-13 04:45:00,1111116.8102800571
2026-03-13 05:00:00,1111116.8102800571
2026-03-13 05:15:00,1111116.8102800571
2026-03-13 05:30:00,1111116.8102800571
2026-03-13 05:45:00,1111116.8102800571
2026-03-13 06:00:00,1111116.8102800571
2026-03-13 06:15:00,1111116.8102800571
2026-03-13 06:30:00,1111116.8102800571
2026-03-13 06:45:00,1111116.8102800571
2026-03-13 07:00:00,1111116.8102800571
2026-03-13 07:15:00,1111116.8102800571
2026-03-13 07:30:00,1111116.8102800571
2026-03-13 07:45:00,1111116.8102800571
2026-03-13 08:00:00,1111116.8102800571
2026-03-13 08:15:00,1111116.8102800571
2026-03-13 08:30:00,1111116.8102800571
2026-03-13 08:45:00,1111116.8102800571
2026-03-13 09:00:00,1111116.8102800571
2026-03-13 09:15:00,1111116.8102800571
2026-03-13 09:30:00,1111116.8102800571
2026-03-13 09:45:00,1111116.8102800571
2026-03-13 10:00:00,1111116.8102800571
2026-03-13 10:15:00,1111116.8102800571
2026-03-13 10:30:00,1111116.8102800571
2026-03-13 10:45:00,1111116.8102800571
2026-03-13 11:00:00,1111116.8102800571
2026-03-13 11:15:00,1111116.8102800571
2026-03-13 11:30:00,1111116.8102800571
2026-03-13 11:45:00,1111116.8102800571
2026-03-13 12:00:00,1111116.8102800571
2026-03-13 12:15:00,1111116.8102800571
2026-03-13 12:30:00,1111116.8102800571
2026-03-13 12:45:00,1111116.8102800571
2026-03-13 13:00:00,1111116.8102800571
2026-03-13 13:15:00,1111116.8102800571
2026-03-13 13:30:00,1111116.8102800571
2026-03-13 13:45:00,1111116.8102800571
2026-03-13 14:00:00,1111116.8102800571
2026-03-13 14:15:00,1111116.8102800571
2026-03-13 14:30:00,1111116.8102800571
2026-03-13 14:45:00,1111116.8102800571
2026-03-13 15:00:00,1111116.8102800571
2026-03-13 15:15:00,1111116.8102800571
2026-03-13 15:30:00,1111116.8102800571
2026-03-13 15:45:00,1111116.8102800571
2026-03-13 16:00:00,1111116.8102800571
2026-03-13 16:15:00,1111116.8102800571
2026-03-13 16:30:00,1111116.8102800571
2026-03-13 16:45:00,1111116.8102800571
2026-03-13 17:00:00,1111116.8102800571
2026-03-13 17:15:00,1111116.8102800571
2026-03-13 17:30:00,1111116.8102800571
2026-03-13 17:45:00,1111116.8102800571
2026-03-13 18:00:00,1111116.8102800571
2026-03-13 18:15:00,1111116.8102800571
2026-03-13 18:30:00,1111116.8102800571
2026-03-13 18:45:00,1111116.8102800571
2026-03-13 19:00:00,1111116.8102800571
2026-03-13 19:15:00,1111116.8102800571
2026-03-13 19:30:00,1111116.8102800571
2026-03-13 19:45:00,1111116.8102800571
2026-03-13 20:00:00,1111116.8102800571
2026-03-13 20:15:00,1111116.8102800571
2026-03-13 20:30:00,1111116.8102800571
2026-03-13 20:45:00,1111116.8102800571
2026-03-13 21:00:00,1111116.8102800571
2026-03-13 21:15:00,1111116.8102800571
2026-03-13 21:30:00,1111116.8102800571
2026-03-13 21:45:00,1111116.8102800571
2026-03-13 22:00:00,1111116.8102800571
2026-03-13 22:15:00,1111116.8102800571
2026-03-13 22:30:00,1111116.8102800571
2026-03-13 22:45:00,1111116.8102800571
2026-03-13 23:00:00,1111116.8102800571
2026-03-13 23:15:00,1111116.8102800571
2026-03-13 23:30:00,1111116.8102800571
2026-03-13 23:45:00,1111116.8102800571
2026-03-16 00:00:00,1111116.8102800571
2026-03-16 00:15:00,1111116.8102800571
2026-03-16 00:30:00,1111116.8102800571
2026-03-16 00:45:00,1111116.8102800571
2026-03-16 01:00:00,1111116.8102800571
2026-03-16 01:15:00,1111116.8102800571
2026-03-16 01:30:00,1111116.8102800571
2026-03-16 01:45:00,1111116.8102800571
2026-03-16 02:00:00,1111116.8102800571
2026-03-16 02:15:00,1111116.8102800571
2026-03-16 02:30:00,1111116.8102800571
2026-03-16 02:45:00,1111116.8102800571
2026-03-16 03:00:00,1111116.8102800571
2026-03-16 03:15:00,1111116.8102800571
2026-03-16 03:30:00,1111116.8102800571
2026-03-16 03:45:00,1111116.8102800571
2026-03-16 04:00:00,1111116.8102800571
2026-03-16 04:15:00,1111116.8102800571
2026-03-16 04:30:00,1111116.8102800571
2026-03-16 04:45:00,1111116.8102800571
2026-03-16 05:00:00,1111116.8102800571
2026-03-16 05:15:00,1111116.8102800571
2026-03-16 05:30:00,1111116.8102800571
2026-03-16 05:45:00,1111116.8102800571
2026-03-16 06:00:00,1111116.8102800571
2026-03-16 06:15:00,1111116.8102800571
2026-03-16 06:30:00,1111116.8102800571
2026-03-16 06:45:00,1111116.8102800571
2026-03-16 07:00:00,1111116.8102800571
2026-03-16 07:15:00,1111116.8102800571
2026-03-16 07:30:00,1111116.8102800571
2026-03-16 07:45:00,1111116.8102800571
2026-03-16 08:00:00,1111116.8102800571
2026-03-16 08:15:00,1111116.8102800571
2026-03-16 08:30:00,1111116.8102800571
2026-03-16 08:45:00,1111116.8102800571
2026-03-16 09:00:00,1111116.8102800571
2026-03-16 09:15:00,1111116.8102800571
2026-03-16 09:30:00,1111116.8102800571
2026-03-16 09:45:00,1111116.8102800571
2026-03-16 10:00:00,1111116.8102800571
2026-03-16 10:15:00,1111116.8102800571
2026-03-16 10:30:00,1111116.8102800571
2026-03-16 10:45:00,1111116.8102800571
2026-03-16 11:00:00,1111116.8102800571
2026-03-16 11:15:00,1111116.8102800571
2026-03-16 11:30:00,1111116.8102800571
2026-03-16 11:45:00,1111116.8102800571
2026-03-16 12:00:00,1111116.8102800571
2026-03-16 12:15:00,1111116.8102800571
2026-03-16 12:30:00,1111116.8102800571
2026-03-16 12:45:00,1111116.8102800571
2026-03-16 13:00:00,1111116.8102800571
2026-03-16 13:15:00,1111116.8102800571
2026-03-16 13:30:00,1111116.8102800571
2026-03-16 13:45:00,1111116.8102800571
2026-03-16 14:00:00,1111116.8102800571
2026-03-16 14:15:00,1111116.8102800571
2026-03-16 14:30:00,1111116.8102800571
2026-03-16 14:45:00,1111116.8102800571
2026-03-16 15:00:00,1111116.8102800571
2026-03-16 15:15:00,1111116.8102800571
2026-03-16 15:30:00,1111116.8102800571
2026-03-16 15:45:00,1111116.8102800571
2026-03-16 16:00:00,1111116.8102800571
2026-03-16 16:15:00,1111116.8102800571
2026-03-16 16:30:00,1111116.8102800571
2026-03-16 16:45:00,1111116.8102800571
2026-03-16 17:00:00,1111116.8102800571
2026-03-16 17:15:00,1111116.8102800571
2026-03-16 17:30:00,1111116.8102800571
2026-03-16 17:45:00,1111116.8102800571
2026-03-16 18:00:00,1111116.8102800571
2026-03-16 18:15:00,1111116.8102800571
2026-03-16 18:30:00,1111116.8102800571
2026-03-16 18:45:00,1111116.8102800571
2026-03-16 19:00:00,1111116.8102800571
2026-03-16 19:15:00,1111116.8102800571
2026-03-16 19:30:00,1111116.8102800571
2026-03-16 19:45:00,1111116.8102800571
2026-03-16 20:00:00,1111116.8102800571
2026-03-16 20:15:00,1111116.8102800571
2026-03-16 20:30:00,1111116.8102800571
2026-03-16 20:45:00,1111116.8102800571
2026-03-16 21:00:00,1111116.8102800571
2026-03-16 21:15:00,1111116.8102800571
2026-03-16 21:30:00,1111116.8102800571
2026-03-16 21:45:00,1111116.8102800571
2026-03-16 22:00:00,1111116.8102800571
2026-03-16 22:15:00,1111116.8102800571
2026-03-16 22:30:00,1111116.8102800571
2026-03-16 22:45:00,1111116.8102800571
2026-03-16 23:00:00,1111116.8102800571
2026-03-16 23:15:00,1111116.8102800571
2026-03-16 23:30:00,1111116.8102800571
2026-03-16 23:45:00,1111116.8102800571
2026-03-17 00:00:00,1111116.8102800571
2026-03-17 00:15:00,1111116.8102800571
2026-03-17 00:30:00,1111116.8102800571
2026-03-17 00:45:00,1111116.8102800571
2026-03-17 01:00:00,1111116.8102800571
2026-03-17 01:15:00,1111116.8102800571
2026-03-17 01:30:00,1111116.8102800571
2026-03-17 01:45:00,1111116.8102800571
2026-03-17 02:00:00,1111116.8102800571
2026-03-17 02:15:00,1111116.8102800571
2026-03-17 02:30:00,1111116.8102800571
2026-03-17 02:45:00,1111116.8102800571
2026-03-17 03:00:00,1111116.8102800571
2026-03-17 03:15:00,1111116.8102800571
2026-03-17 03:30:00,1111116.8102800571
2026-03-17 03:45:00,1111116.8102800571
2026-03-17 04:00:00,1111116.8102800571
2026-03-17 04:15:00,1111116.8102800571
2026-03-17 04:30:00,1111116.8102800571
2026-03-17 04:45:00,1111116.8102800571
2026-03-17 05:00:00,1111116.8102800571
2026-03-17 05:15:00,1111116.8102800571
2026-03-17 05:30:00,1111116.8102800571
2026-03-17 05:45:00,1111116.8102800571
2026-03-17 06:00:00,1111116.8102800571
2026-03-17 06:15:00,1111116.8102800571
2026-03-17 06:30:00,1111116.8102800571
2026-03-17 06:45:00,1111116.8102800571
2026-03-17 07:00:00,1111116.8102800571
2026-03-17 07:15:00,1111116.8102800571
2026-03-17 07:30:00,1111116.8102800571
2026-03-17 07:45:00,1111116.8102800571
2026-03-17 08:00:00,1111116.8102800571
2026-03-17 08:15:00,1111116.8102800571
2026-03-17 08:30:00,1111116.8102800571
2026-03-17 08:45:00,1111116.8102800571
2026-03-17 09:00:00,1111116.8102800571
2026-03-17 09:15:00,1111116.8102800571
2026-03-17 09:30:00,1111116.8102800571
2026-03-17 09:45:00,1111116.8102800571
2026-03-17 10:00:00,1111116.8102800571
2026-03-17 10:15:00,1111116.8102800571
2026-03-17 10:30:00,1111116.8102800571
2026-03-17 10:45:00,1111116.8102800571
2026-03-17 11:00:00,1111116.8102800571
2026-03-17 11:15:00,1111116.8102800571
2026-03-17 11:30:00,1111116.8102800571
2026-03-17 11:45:00,1111116.8102800571
2026-03-17 12:00:00,1111116.8102800571
2026-03-17 12:15:00,1111116.8102800571
2026-03-17 12:30:00,1111116.8102800571
2026-03-17 12:45:00,1111116.8102800571
2026-03-17 13:00:00,1111116.8102800571
2026-03-17 13:15:00,1111116.8102800571
2026-03-17 13:30:00,1111116.8102800571
2026-03-17 13:45:00,1111116.8102800571
2026-03-17 14:00:00,1111116.8102800571
2026-03-17 14:15:00,1111116.8102800571
2026-03-17 14:30:00,1111116.8102800571
2026-03-17 14:45:00,1111116.8102800571
2026-03-17 15:00:00,1111116.8102800571
2026-03-17 15:15:00,1111116.8102800571
2026-03-17 15:30:00,1111116.8102800571
2026-03-17 15:45:00,1111116.8102800571
2026-03-17 16:00:00,1111116.8102800571
2026-03-17 16:15:00,1111116.8102800571
2026-03-17 16:30:00,1111116.8102800571
2026-03-17 16:45:00,1111116.8102800571
2026-03-17 17:00:00,1111116.8102800571
2026-03-17 17:15:00,1111116.8102800571
2026-03-17 17:30:00,1111116.8102800571
2026-03-17 17:45:00,1111116.8102800571
2026-03-17 18:00:00,1111116.8102800571
2026-03-17 18:15:00,1111116.8102800571
2026-03-17 18:30:00,1111116.8102800571
2026-03-17 18:45:00,1111116.8102800571
2026-03-17 19:00:00,1111116.8102800571
2026-03-17 19:15:00,1111116.8102800571
2026-03-17 19:30:00,1111116.8102800571
2026-03-17 19:45:00,1111116.8102800571
2026-03-17 20:00:00,1111116.8102800571
2026-03-17 20:15:00,1111116.8102800571
2026-03-17 20:30:00,1111116.8102800571
2026-03-17 20:45:00,1111116.8102800571
2026-03-17 21:00:00,1111116.8102800571
2026-03-17 21:15:00,1111116.8102800571
2026-03-17 21:30:00,1111116.8102800571
2026-03-17 21:45:00,1111116.8102800571
2026-03-17 22:00:00,1111116.8102800571
2026-03-17 22:15:00,1111116.8102800571
2026-03-17 22:30:00,1111116.8102800571
2026-03-17 22:45:00,1111116.8102800571
2026-03-17 23:00:00,1111116.8102800571
2026-03-17 23:15:00,1111116.8102800571
2026-03-17 23:30:00,1111116.8102800571
2026-03-17 23:45:00,1111116.8102800571
2026-03-18 00:00:00,1111116.8102800571
2026-03-18 00:15:00,1111116.8102800571
2026-03-18 00:30:00,1111116.8102800571
2026-03-18 00:45:00,1111116.8102800571
2026-03-18 01:00:00,1111116.8102800571
2026-03-18 01:15:00,1111116.8102800571
2026-03-18 01:30:00,1111116.8102800571
2026-03-18 01:45:00,1111116.8102800571
2026-03-18 02:00:00,1111116.8102800571
2026-03-18 02:15:00,1111116.8102800571
2026-03-18 02:30:00,1111116.8102800571
2026-03-18 02:45:00,1111116.8102800571
2026-03-18 03:00:00,1111116.8102800571
2026-03-18 03:15:00,1111116.8102800571
2026-03-18 03:30:00,1111116.8102800571
2026-03-18 03:45:00,1111116.8102800571
2026-03-18 04:00:00,1111116.8102800571
2026-03-18 04:15:00,1111116.8102800571
2026-03-18 04:30:00,1111116.8102800571
2026-03-18 04:45:00,1111116.8102800571
2026-03-18 05:00:00,1111116.8102800571
2026-03-18 05:15:00,1111116.8102800571
2026-03-18 05:30:00,1111116.8102800571
2026-03-18 05:45:00,1111116.8102800571
2026-03-18 06:00:00,1111116.8102800571
2026-03-18 06:15:00,1111116.8102800571
2026-03-18 06:30:00,1111116.8102800571
2026-03-18 06:45:00,1111116.8102800571
2026-03-18 07:00:00,1111116.8102800571
2026-03-18 07:15:00,1111116.8102800571
2026-03-18 07:30:00,1111116.8102800571
2026-03-18 07:45:00,1111116.8102800571
2026-03-18 08:00:00,1111116.8102800571
2026-03-18 08:15:00,1111116.8102800571
2026-03-18 08:30:00,1111116.8102800571
2026-03-18 08:45:00,1111116.8102800571
2026-03-18 09:00:00,1111116.8102800571
2026-03-18 09:15:00,1111116.8102800571
2026-03-18 09:30:00,1111116.8102800571
2026-03-18 09:45:00,1111116.8102800571
2026-03-18 10:00:00,1111116.8102800571
2026-03-18 10:15:00,1111116.8102800571
2026-03-18 10:30:00,1111116.8102800571
2026-03-18 10:45:00,1111116.8102800571
2026-03-18 11:00:00,1111116.8102800571
2026-03-18 11:15:00,1111116.8102800571
2026-03-18 11:30:00,1111116.8102800571
2026-03-18 11:45:00,1111116.8102800571
2026-03-18 12:00:00,1111116.8102800571
2026-03-18 12:15:00,1111116.8102800571
2026-03-18 12:30:00,1111116.8102800571
2026-03-18 12:45:00,1111116.8102800571
2026-03-18 13:00:00,1111116.8102800571
2026-03-18 13:15:00,1111116.8102800571
2026-03-18 13:30:00,1111116.8102800571
2026-03-18 13:45:00,1111116.8102800571
2026-03-18 14:00:00,1111116.8102800571
2026-03-18 14:15:00,1111116.8102800571
2026-03-18 14:30:00,1111116.8102800571
2026-03-18 14:45:00,1111116.8102800571
2026-03-18 15:00:00,1111116.8102800571
2026-03-18 15:15:00,1111116.8102800571
2026-03-18 15:30:00,1111116.8102800571
2026-03-18 15:45:00,1111116.8102800571
2026-03-18 16:00:00,1111116.8102800571
2026-03-18 16:15:00,1111116.8102800571
2026-03-18 16:30:00,1111116.8102800571
2026-03-18 16:45:00,1111116.8102800571
2026-03-18 17:00:00,1111116.8102800571
2026-03-18 17:15:00,1111116.8102800571
2026-03-18 17:30:00,1111116.8102800571
2026-03-18 17:45:00,1111116.8102800571
2026-03-18 18:00:00,1111116.8102800571
2026-03-18 18:15:00,1111116.8102800571
2026-03-18 18:30:00,1111116.8102800571
2026-03-18 18:45:00,1111116.8102800571
2026-03-18 19:00:00,1111116.8102800571
2026-03-18 19:15:00,1111116.8102800571
2026-03-18 19:30:00,1111116.8102800571
2026-03-18 19:45:00,1111116.8102800571
2026-03-18 20:00:00,1111116.8102800571
2026-03-18 20:15:00,1111116.8102800571
2026-03-18 20:30:00,1111116.8102800571
2026-03-18 20:45:00,1111116.8102800571
2026-03-18 21:00:00,1111116.8102800571
2026-03-18 21:15:00,1111116.8102800571
2026-03-18 21:30:00,1111116.8102800571
2026-03-18 21:45:00,1111116.8102800571
2026-03-18 22:00:00,1111116.8102800571
2026-03-18 22:15:00,1111116.8102800571
2026-03-18 22:30:00,1111116.8102800571
2026-03-18 22:45:00,1111116.8102800571
2026-03-18 23:00:00,1111116.8102800571
2026-03-18 23:15:00,1111116.8102800571
2026-03-18 23:30:00,1111116.8102800571
2026-03-18 23:45:00,1111116.8102800571
2026-03-19 00:00:00,1111116.8102800571
2026-03-19 00:15:00,1111116.8102800571
2026-03-19 00:30:00,1111116.8102800571
2026-03-19 00:45:00,1111116.8102800571
2026-03-19 01:00:00,1111116.8102800571
2026-03-19 01:15:00,1111116.8102800571
2026-03-19 01:30:00,1111116.8102800571
2026-03-19 01:45:00,1111116.8102800571
2026-03-19 02:00:00,1111116.8102800571
2026-03-19 02:15:00,1111116.8102800571
2026-03-19 02:30:00,1111116.8102800571
2026-03-19 02:45:00,1111116.8102800571
2026-03-19 03:00:00,1111116.8102800571
2026-03-19 03:15:00,1111116.8102800571
2026-03-19 03:30:00,1111116.8102800571
2026-03-19 03:45:00,1111116.8102800571
2026-03-19 04:00:00,1111116.8102800571
2026-03-19 04:15:00,1111116.8102800571
2026-03-19 04:30:00,1111116.8102800571
2026-03-19 04:45:00,1111116.8102800571
2026-03-19 05:00:00,1111116.8102800571
2026-03-19 05:15:00,1111116.8102800571
2026-03-19 05:30:00,1111116.8102800571
2026-03-19 05:45:00,1111116.8102800571
2026-03-19 06:00:00,1111116.8102800571
2026-03-19 06:15:00,1111116.8102800571
2026-03-19 06:30:00,1111116.8102800571
2026-03-19 06:45:00,1111116.8102800571
2026-03-19 07:00:00,1111116.8102800571
2026-03-19 07:15:00,1111116.8102800571
2026-03-19 07:30:00,1111116.8102800571
2026-03-19 07:45:00,1111116.8102800571
2026-03-19 08:00:00,1111116.8102800571
2026-03-19 08:15:00,1111116.8102800571
2026-03-19 08:30:00,1111116.8102800571
2026-03-19 08:45:00,1111116.8102800571
2026-03-19 09:00:00,1111116.8102800571
2026-03-19 09:15:00,1111116.8102800571
2026-03-19 09:30:00,1111116.8102800571
2026-03-19 09:45:00,1111116.8102800571
2026-03-19 10:00:00,1111116.8102800571
2026-03-19 10:15:00,1111116.8102800571
2026-03-19 10:30:00,1111116.8102800571
2026-03-19 10:45:00,1111116.8102800571
2026-03-19 11:00:00,1111116.8102800571
2026-03-19 11:15:00,1111116.8102800571
2026-03-19 11:30:00,1111116.8102800571
2026-03-19 11:45:00,1111116.8102800571
2026-03-19 12:00:00,1111116.8102800571
2026-03-19 12:15:00,1111116.8102800571
2026-03-19 12:30:00,1111116.8102800571
2026-03-19 12:45:00,1111116.8102800571
2026-03-19 13:00:00,1111116.8102800571
2026-03-19 13:15:00,1111116.8102800571
2026-03-19 13:30:00,1111116.8102800571
2026-03-19 13:45:00,1111116.8102800571
2026-03-19 14:00:00,1111116.8102800571
2026-03-19 14:15:00,1111116.8102800571
2026-03-19 14:30:00,1111116.8102800571
2026-03-19 14:45:00,1111116.8102800571
2026-03-19 15:00:00,1111116.8102800571
2026-03-19 15:15:00,1111116.8102800571
2026-03-19 15:30:00,1111116.8102800571
2026-03-19 15:45:00,1111116.8102800571
2026-03-19 16:00:00,1111116.8102800571
2026-03-19 16:15:00,1111116.8102800571
2026-03-19 16:30:00,1111116.8102800571
2026-03-19 16:45:00,1111116.8102800571
2026-03-19 17:00:00,1111116.8102800571
2026-03-19 17:15:00,1111116.8102800571
2026-03-19 17:30:00,1111116.8102800571
2026-03-19 17:45:00,1111116.8102800571
2026-03-19 18:00:00,1111116.8102800571
2026-03-19 18:15:00,1111116.8102800571
2026-03-19 18:30:00,1111116.8102800571
2026-03-19 18:45:00,1111116.8102800571
2026-03-19 19:00:00,1111116.8102800571
2026-03-19 19:15:00,1111116.8102800571
2026-03-19 19:30:00,1111116.8102800571
2026-03-19 19:45:00,1111116.8102800571
2026-03-19 20:00:00,1111116.8102800571
2026-03-19 20:15:00,1111116.8102800571
2026-03-19 20:30:00,1111116.8102800571
2026-03-19 20:45:00,1111116.8102800571
2026-03-19 21:00:00,1111116.8102800571
2026-03-19 21:15:00,1111116.8102800571
2026-03-19 21:30:00,1111116.8102800571
2026-03-19 21:45:00,1111116.8102800571
2026-03-19 22:00:00,1111116.8102800571
2026-03-19 22:15:00,1111116.8102800571
2026-03-19 22:30:00,1111116.8102800571
2026-03-19 22:45:00,1111116.8102800571
2026-03-19 23:00:00,1111116.8102800571
2026-03-19 23:15:00,1111116.8102800571
2026-03-19 23:30:00,1111116.8102800571
2026-03-19 23:45:00,1111116.8102800571
2026-03-20 00:00:00,1111116.8102800571
2026-03-20 00:15:00,1111116.8102800571
2026-03-20 00:30:00,1111116.8102800571
2026-03-20 00:45:00,1111116.8102800571
2026-03-20 01:00:00,1111116.8102800571
2026-03-20 01:15:00,1111116.8102800571
2026-03-20 01:30:00,1111116.8102800571
2026-03-20 01:45:00,1111116.8102800571
2026-03-20 02:00:00,1111116.8102800571
2026-03-20 02:15:00,1111116.8102800571
2026-03-20 02:30:00,1111116.8102800571
2026-03-20 02:45:00,1111116.8102800571
2026-03-20 03:00:00,1111116.8102800571
2026-03-20 03:15:00,1111116.8102800571
2026-03-20 03:30:00,1111116.8102800571
2026-03-20 03:45:00,1111116.8102800571
2026-03-20 04:00:00,1111116.8102800571
2026-03-20 04:15:00,1111116.8102800571
2026-03-20 04:30:00,1111116.8102800571
2026-03-20 04:45:00,1111116.8102800571
2026-03-20 05:00:00,1111116.8102800571
2026-03-20 05:15:00,1111116.8102800571
2026-03-20 05:30:00,1111116.8102800571
2026-03-20 05:45:00,1111116.8102800571
2026-03-20 06:00:00,1111116.8102800571
2026-03-20 06:15:00,1111116.8102800571
2026-03-20 06:30:00,1111116.8102800571
2026-03-20 06:45:00,1111116.8102800571
2026-03-20 07:00:00,1111116.8102800571
2026-03-20 07:15:00,1111116.8102800571
2026-03-20 07:30:00,1111116.8102800571
2026-03-20 07:45:00,1111116.8102800571
2026-03-20 08:00:00,1111116.8102800571
2026-03-20 08:15:00,1111116.8102800571
2026-03-20 08:30:00,1111116.8102800571
2026-03-20 08:45:00,1111116.8102800571
2026-03-20 09:00:00,1111116.8102800571
2026-03-20 09:15:00,1111116.8102800571
2026-03-20 09:30:00,1111116.8102800571
2026-03-20 09:45:00,1111116.8102800571
2026-03-20 10:00:00,1111116.8102800571
2026-03-20 10:15:00,1111116.8102800571
2026-03-20 10:30:00,1111116.8102800571
2026-03-20 10:45:00,1111116.8102800571
2026-03-20 11:00:00,1111116.8102800571
2026-03-20 11:15:00,1111116.8102800571
2026-03-20 11:30:00,1111116.8102800571
2026-03-20 11:45:00,1111116.8102800571
2026-03-20 12:00:00,1111116.8102800571
2026-03-20 12:15:00,1111116.8102800571
2026-03-20 12:30:00,1111116.8102800571
2026-03-20 12:45:00,1111116.8102800571
2026-03-20 13:00:00,1111116.8102800571
2026-03-20 13:15:00,1111116.8102800571
2026-03-20 13:30:00,1111116.8102800571
2026-03-20 13:45:00,1111116.8102800571
2026-03-20 14:00:00,1111116.8102800571
2026-03-20 14:15:00,1111116.8102800571
2026-03-20 14:30:00,1111116.8102800571
2026-03-20 14:45:00,1111116.8102800571
2026-03-20 15:00:00,1111116.8102800571
2026-03-20 15:15:00,1111116.8102800571
2026-03-20 15:30:00,1111116.8102800571
2026-03-20 15:45:00,1111116.8102800571
2026-03-20 16:00:00,1111116.8102800571
2026-03-20 16:15:00,1111116.8102800571
2026-03-20 16:30:00,1111116.8102800571
2026-03-20 16:45:00,1111116.8102800571
2026-03-20 17:00:00,1111116.8102800571
2026-03-20 17:15:00,1111116.8102800571
2026-03-20 17:30:00,1111116.8102800571
2026-03-20 17:45:00,1111116.8102800571
2026-03-20 18:00:00,1111116.8102800571
2026-03-20 18:15:00,1111116.8102800571
2026-03-20 18:30:00,1111116.8102800571
2026-03-20 18:45:00,1111116.8102800571
2026-03-20 19:00:00,1111116.8102800571
2026-03-20 19:15:00,1111116.8102800571
2026-03-20 19:30:00,1111116.8102800571
2026-03-20 19:45:00,1111116.8102800571
2026-03-20 20:00:00,1111116.8102800571
2026-03-20 20:15:00,1111116.8102800571
2026-03-20 20:30:00,1111116.8102800571
2026-03-20 20:45:00,1111116.8102800571
2026-03-20 21:00:00,1111116.8102800571
2026-03-20 21:15:00,1111116.8102800571
2026-03-20 21:30:00,1111116.8102800571
2026-03-20 21:45:00,1111116.8102800571
2026-03-20 22:00:00,1111116.8102800571
2026-03-20 22:15:00,1111116.8102800571
2026-03-20 22:30:00,1111116.8102800571
2026-03-20 22:45:00,1111116.8102800571
2026-03-20 23:00:00,1111116.8102800571
2026-03-20 23:15:00,1111116.8102800571
2026-03-20 23:30:00,1111116.8102800571
2026-03-20 23:45:00,1111116.8102800571
2026-03-23 00:00:00,1111116.8102800571
2026-03-23 00:15:00,1111116.8102800571
2026-03-23 00:30:00,1111116.8102800571
2026-03-23 00:45:00,1111116.8102800571
2026-03-23 01:00:00,1111116.8102800571
2026-03-23 01:15:00,1111116.8102800571
2026-03-23 01:30:00,1111116.8102800571
2026-03-23 01:45:00,1111116.8102800571
2026-03-23 02:00:00,1111116.8102800571
2026-03-23 02:15:00,1111116.8102800571
2026-03-23 02:30:00,1111116.8102800571
2026-03-23 02:45:00,1111116.8102800571
2026-03-23 03:00:00,1111116.8102800571
2026-03-23 03:15:00,1111116.8102800571
2026-03-23 03:30:00,1111116.8102800571
2026-03-23 03:45:00,1111116.8102800571
2026-03-23 04:00:00,1111116.8102800571
2026-03-23 04:15:00,1111116.8102800571
2026-03-23 04:30:00,1111116.8102800571
2026-03-23 04:45:00,1111116.8102800571
2026-03-23 05:00:00,1111116.8102800571
2026-03-23 05:15:00,1111116.8102800571
2026-03-23 05:30:00,1111116.8102800571
2026-03-23 05:45:00,1111116.8102800571
2026-03-23 06:00:00,1111116.8102800571
2026-03-23 06:15:00,1111116.8102800571
2026-03-23 06:30:00,1111116.8102800571
2026-03-23 06:45:00,1111116.8102800571
2026-03-23 07:00:00,1111116.8102800571
2026-03-23 07:15:00,1111116.8102800571
2026-03-23 07:30:00,1111116.8102800571
2026-03-23 07:45:00,1111116.8102800571
2026-03-23 08:00:00,1111116.8102800571
2026-03-23 08:15:00,1111116.8102800571
2026-03-23 08:30:00,1111116.8102800571
2026-03-23 08:45:00,1111116.8102800571
2026-03-23 09:00:00,1111116.8102800571
2026-03-23 09:15:00,1111116.8102800571
2026-03-23 09:30:00,1111116.8102800571
2026-03-23 09:45:00,1111116.8102800571
2026-03-23 10:00:00,1111116.8102800571
2026-03-23 10:15:00,1111116.8102800571
2026-03-23 10:30:00,1111116.8102800571
2026-03-23 10:45:00,1111116.8102800571
2026-03-23 11:00:00,1111116.8102800571
2026-03-23 11:15:00,1111116.8102800571
2026-03-23 11:30:00,1111116.8102800571
2026-03-23 11:45:00,1111116.8102800571
2026-03-23 12:00:00,1111116.8102800571
2026-03-23 12:15:00,1111116.8102800571
2026-03-23 12:30:00,1111116.8102800571
2026-03-23 12:45:00,1111116.8102800571
2026-03-23 13:00:00,1111116.8102800571
2026-03-23 13:15:00,1111116.8102800571
2026-03-23 13:30:00,1111116.8102800571
2026-03-23 13:45:00,1111116.8102800571
2026-03-23 14:00:00,1111116.8102800571
2026-03-23 14:15:00,1111116.8102800571
2026-03-23 14:30:00,1111116.8102800571
2026-03-23 14:45:00,1111116.8102800571
2026-03-23 15:00:00,1111116.8102800571
2026-03-23 15:15:00,1111116.8102800571
2026-03-23 15:30:00,1111116.8102800571
2026-03-23 15:45:00,1111116.8102800571
2026-03-23 16:00:00,1111116.8102800571
2026-03-23 16:15:00,1111116.8102800571
2026-03-23 16:30:00,1111116.8102800571
2026-03-23 16:45:00,1111116.8102800571
2026-03-23 17:00:00,1111116.8102800571
2026-03-23 17:15:00,1111116.8102800571
2026-03-23 17:30:00,1111116.8102800571
2026-03-23 17:45:00,1111116.8102800571
2026-03-23 18:00:00,1111116.8102800571
2026-03-23 18:15:00,1111116.8102800571
2026-03-23 18:30:00,1111116.8102800571
2026-03-23 18:45:00,1111116.8102800571
2026-03-23 19:00:00,1111116.8102800571
2026-03-23 19:15:00,1111116.8102800571
2026-03-23 19:30:00,1111116.8102800571
2026-03-23 19:45:00,1111116.8102800571
2026-03-23 20:00:00,1111116.8102800571
2026-03-23 20:15:00,1111116.8102800571
2026-03-23 20:30:00,1111116.8102800571
2026-03-23 20:45:00,1111116.8102800571
2026-03-23 21:00:00,1111116.8102800571
2026-03-23 21:15:00,1111116.8102800571
2026-03-23 21:30:00,1111116.8102800571
2026-03-23 21:45:00,1111116.8102800571
2026-03-23 22:00:00,1111116.8102800571
2026-03-23 22:15:00,1111116.8102800571
2026-03-23 22:30:00,1111116.8102800571
2026-03-23 22:45:00,1111116.8102800571
2026-03-23 23:00:00,1111116.8102800571
2026-03-23 23:15:00,1111116.8102800571
2026-03-23 23:30:00,1111116.8102800571
2026-03-23 23:45:00,1111116.8102800571
2026-03-24 00:00:00,1111116.8102800571
2026-03-24 00:15:00,1111116.8102800571
2026-03-24 00:30:00,1111116.8102800571
2026-03-24 00:45:00,1111116.8102800571
2026-03-24 01:00:00,1111116.8102800571
2026-03-24 01:15:00,1111116.8102800571
2026-03-24 01:30:00,1111116.8102800571
2026-03-24 01:45:00,1111116.8102800571
2026-03-24 02:00:00,1111116.8102800571
2026-03-24 02:15:00,1111116.8102800571
2026-03-24 02:30:00,1111116.8102800571
2026-03-24 02:45:00,1111116.8102800571
2026-03-24 03:00:00,1111116.8102800571
2026-03-24 03:15:00,1111116.8102800571
2026-03-24 03:30:00,1111116.8102800571
2026-03-24 03:45:00,1111116.8102800571
2026-03-24 04:00:00,1111116.8102800571
2026-03-24 04:15:00,1111116.8102800571
2026-03-24 04:30:00,1111116.8102800571
2026-03-24 04:45:00,1111116.8102800571
2026-03-24 05:00:00,1111116.8102800571
2026-03-24 05:15:00,1111116.8102800571
2026-03-24 05:30:00,1111116.8102800571
2026-03-24 05:45:00,1111116.8102800571
2026-03-24 06:00:00,1111116.8102800571
2026-03-24 06:15:00,1111116.8102800571
2026-03-24 06:30:00,1111116.8102800571
2026-03-24 06:45:00,1111116.8102800571
2026-03-24 07:00:00,1111116.8102800571
2026-03-24 07:15:00,1111116.8102800571
2026-03-24 07:30:00,1111116.8102800571
2026-03-24 07:45:00,1111116.8102800571
2026-03-24 08:00:00,1111116.8102800571
2026-03-24 08:15:00,1111116.8102800571
2026-03-24 08:30:00,1111116.8102800571
2026-03-24 08:45:00,1111116.8102800571
2026-03-24 09:00:00,1111116.8102800571
2026-03-24 09:15:00,1111116.8102800571
2026-03-24 09:30:00,1111116.8102800571
2026-03-24 09:45:00,1111116.8102800571
2026-03-24 10:00:00,1111116.8102800571
2026-03-24 10:15:00,1111116.8102800571
2026-03-24 10:30:00,1111116.8102800571
2026-03-24 10:45:00,1111116.8102800571
2026-03-24 11:00:00,1111116.8102800571
2026-03-24 11:15:00,1111116.8102800571
2026-03-24 11:30:00,1111116.8102800571
2026-03-24 11:45:00,1111116.8102800571
2026-03-24 12:00:00,1111116.8102800571
2026-03-24 12:15:00,1111116.8102800571
2026-03-24 12:30:00,1111116.8102800571
2026-03-24 12:45:00,1111116.8102800571
2026-03-24 13:00:00,1111116.8102800571
2026-03-24 13:15:00,1111116.8102800571
2026-03-24 13:30:00,1111116.8102800571
2026-03-24 13:45:00,1111116.8102800571
2026-03-24 14:00:00,1111116.8102800571
2026-03-24 14:15:00,1111116.8102800571
2026-03-24 14:30:00,1111116.8102800571
2026-03-24 14:45:00,1111116.8102800571
2026-03-24 15:00:00,1111116.8102800571
2026-03-24 15:15:00,1111116.8102800571
2026-03-24 15:30:00,1111116.8102800571
2026-03-24 15:45:00,1111116.8102800571
2026-03-24 16:00:00,1111116.8102800571
2026-03-24 16:15:00,1111116.8102800571
2026-03-24 16:30:00,1111116.8102800571
2026-03-24 16:45:00,1111116.8102800571
2026-03-24 17:00:00,1111116.8102800571
2026-03-24 17:15:00,1111116.8102800571
2026-03-24 17:30:00,1111116.8102800571
2026-03-24 17:45:00,1111116.8102800571
2026-03-24 18:00:00,1111116.8102800571
2026-03-24 18:15:00,1111116.8102800571
2026-03-24 18:30:00,1111116.8102800571
2026-03-24 18:45:00,1111116.8102800571
2026-03-24 19:00:00,1111116.8102800571
2026-03-24 19:15:00,1111116.8102800571
2026-03-24 19:30:00,1111116.8102800571
2026-03-24 19:45:00,1111116.8102800571
2026-03-24 20:00:00,1111116.8102800571
2026-03-24 20:15:00,1111116.8102800571
2026-03-24 20:30:00,1111116.8102800571
2026-03-24 20:45:00,1111116.8102800571
2026-03-24 21:00:00,1111116.8102800571
2026-03-24 21:15:00,1111116.8102800571
2026-03-24 21:30:00,1111116.8102800571
2026-03-24 21:45:00,1111116.8102800571
2026-03-24 22:00:00,1111116.8102800571
2026-03-24 22:15:00,1111116.8102800571
2026-03-24 22:30:00,1111116.8102800571
2026-03-24 22:45:00,1111116.8102800571
2026-03-24 23:00:00,1111116.8102800571
2026-03-24 23:15:00,1111116.8102800571
2026-03-24 23:30:00,1111116.8102800571
2026-03-24 23:45:00,1111116.8102800571
2026-03-25 00:00:00,1111116.8102800571
2026-03-25 00:15:00,1111116.8102800571
2026-03-25 00:30:00,1111116.8102800571
2026-03-25 00:45:00,1111116.8102800571
2026-03-25 01:00:00,1111116.8102800571
2026-03-25 01:15:00,1111116.8102800571
2026-03-25 01:30:00,1111116.8102800571
2026-03-25 01:45:00,1111116.8102800571
2026-03-25 02:00:00,1111116.8102800571
2026-03-25 02:15:00,1111116.8102800571
2026-03-25 02:30:00,1111116.8102800571
2026-03-25 02:45:00,1111116.8102800571
2026-03-25 03:00:00,1111116.8102800571
2026-03-25 03:15:00,1111116.8102800571
2026-03-25 03:30:00,1111116.8102800571
2026-03-25 03:45:00,1111116.8102800571
2026-03-25 04:00:00,1111116.8102800571
2026-03-25 04:15:00,1111116.8102800571
2026-03-25 04:30:00,1111116.8102800571
2026-03-25 04:45:00,1111116.8102800571
2026-03-25 05:00:00,1111116.8102800571
2026-03-25 05:15:00,1111116.8102800571
2026-03-25 05:30:00,1111116.8102800571
2026-03-25 05:45:00,1111116.8102800571
2026-03-25 06:00:00,1111116.8102800571
2026-03-25 06:15:00,1111116.8102800571
2026-03-25 06:30:00,1111116.8102800571
2026-03-25 06:45:00,1111116.8102800571
2026-03-25 07:00:00,1111116.8102800571
2026-03-25 07:15:00,1111116.8102800571
2026-03-25 07:30:00,1111116.8102800571
2026-03-25 07:45:00,1111116.8102800571
2026-03-25 08:00:00,1111116.8102800571
2026-03-25 08:15:00,1111116.8102800571
2026-03-25 08:30:00,1111116.8102800571
2026-03-25 08:45:00,1111116.8102800571
2026-03-25 09:00:00,1111116.8102800571
2026-03-25 09:15:00,1111116.8102800571
2026-03-25 09:30:00,1111116.8102800571
2026-03-25 09:45:00,1111116.8102800571
2026-03-25 10:00:00,1111116.8102800571
2026-03-25 10:15:00,1111116.8102800571
2026-03-25 10:30:00,1111116.8102800571
2026-03-25 10:45:00,1111116.8102800571
2026-03-25 11:00:00,1111116.8102800571
2026-03-25 11:15:00,1111116.8102800571
2026-03-25 11:30:00,1111116.8102800571
2026-03-25 11:45:00,1111116.8102800571
2026-03-25 12:00:00,1111116.8102800571
2026-03-25 12:15:00,1111116.8102800571
2026-03-25 12:30:00,1111116.8102800571
2026-03-25 12:45:00,1111116.8102800571
2026-03-25 13:00:00,1111116.8102800571
2026-03-25 13:15:00,1111116.8102800571
2026-03-25 13:30:00,1111116.8102800571
2026-03-25 13:45:00,1111116.8102800571
2026-03-25 14:00:00,1111116.8102800571
2026-03-25 14:15:00,1111116.8102800571
2026-03-25 14:30:00,1111116.8102800571
2026-03-25 14:45:00,1111116.8102800571
2026-03-25 15:00:00,1111116.8102800571
2026-03-25 15:15:00,1111116.8102800571
2026-03-25 15:30:00,1111116.8102800571
2026-03-25 15:45:00,1111116.8102800571
2026-03-25 16:00:00,1111116.8102800571
2026-03-25 16:15:00,1111116.8102800571
2026-03-25 16:30:00,1111116.8102800571
2026-03-25 16:45:00,1111116.8102800571
2026-03-25 17:00:00,1111116.8102800571
2026-03-25 17:15:00,1111116.8102800571
2026-03-25 17:30:00,1111116.8102800571
2026-03-25 17:45:00,1111116.8102800571
2026-03-25 18:00:00,1111116.8102800571
2026-03-25 18:15:00,1111116.8102800571
2026-03-25 18:30:00,1111116.8102800571
2026-03-25 18:45:00,1111116.8102800571
2026-03-25 19:00:00,1111116.8102800571
2026-03-25 19:15:00,1111116.8102800571
2026-03-25 19:30:00,1111116.8102800571
2026-03-25 19:45:00,1111116.8102800571
2026-03-25 20:00:00,1111116.8102800571
2026-03-25 20:15:00,1111116.8102800571
2026-03-25 20:30:00,1111116.8102800571
2026-03-25 20:45:00,1111116.8102800571
2026-03-25 21:00:00,1111116.8102800571
2026-03-25 21:15:00,1111116.8102800571
2026-03-25 21:30:00,1111116.8102800571
2026-03-25 21:45:00,1111116.8102800571
2026-03-25 22:00:00,1111116.8102800571
2026-03-25 22:15:00,1111116.8102800571
2026-03-25 22:30:00,1111116.8102800571
2026-03-25 22:45:00,1111116.8102800571
2026-03-25 23:00:00,1111116.8102800571
2026-03-25 23:15:00,1111116.8102800571
2026-03-25 23:30:00,1111116.8102800571
2026-03-25 23:45:00,1111116.8102800571
2026-03-26 00:00:00,1111116.8102800571
2026-03-26 00:15:00,1111116.8102800571
2026-03-26 00:30:00,1111116.8102800571
2026-03-26 00:45:00,1111116.8102800571
2026-03-26 01:00:00,1111116.8102800571
2026-03-26 01:15:00,1111116.8102800571
2026-03-26 01:30:00,1111116.8102800571
2026-03-26 01:45:00,1111116.8102800571
2026-03-26 02:00:00,1111116.8102800571
2026-03-26 02:15:00,1111116.8102800571
2026-03-26 02:30:00,1111116.8102800571
2026-03-26 02:45:00,1111116.8102800571
2026-03-26 03:00:00,1111116.8102800571
2026-03-26 03:15:00,1111116.8102800571
2026-03-26 03:30:00,1111116.8102800571
2026-03-26 03:45:00,1111116.8102800571
2026-03-26 04:00:00,1111116.8102800571
2026-03-26 04:15:00,1111116.8102800571
2026-03-26 04:30:00,1111116.8102800571
2026-03-26 04:45:00,1111116.8102800571
2026-03-26 05:00:00,1111116.8102800571
2026-03-26 05:15:00,1111116.8102800571
2026-03-26 05:30:00,1111116.8102800571
2026-03-26 05:45:00,1111116.8102800571
2026-03-26 06:00:00,1111116.8102800571
2026-03-26 06:15:00,1111116.8102800571
2026-03-26 06:30:00,1111116.8102800571
2026-03-26 06:45:00,1111116.8102800571
2026-03-26 07:00:00,1111116.8102800571
2026-03-26 07:15:00,1111116.8102800571
2026-03-26 07:30:00,1111116.8102800571
2026-03-26 07:45:00,1111116.8102800571
2026-03-26 08:00:00,1111116.8102800571
2026-03-26 08:15:00,1111116.8102800571
2026-03-26 08:30:00,1111116.8102800571
2026-03-26 08:45:00,1111116.8102800571
2026-03-26 09:00:00,1111116.8102800571
2026-03-26 09:15:00,1111116.8102800571
2026-03-26 09:30:00,1111116.8102800571
2026-03-26 09:45:00,1111116.8102800571
2026-03-26 10:00:00,1111116.8102800571
2026-03-26 10:15:00,1111116.8102800571
2026-03-26 10:30:00,1111116.8102800571
2026-03-26 10:45:00,1111116.8102800571
2026-03-26 11:00:00,1111116.8102800571
2026-03-26 11:15:00,1111116.8102800571
2026-03-26 11:30:00,1111116.8102800571
2026-03-26 11:45:00,1111116.8102800571
2026-03-26 12:00:00,1111116.8102800571
2026-03-26 12:15:00,1111116.8102800571
2026-03-26 12:30:00,1111116.8102800571
2026-03-26 12:45:00,1111116.8102800571
2026-03-26 13:00:00,1111116.8102800571
2026-03-26 13:15:00,1111116.8102800571
2026-03-26 13:30:00,1111116.8102800571
2026-03-26 13:45:00,1111116.8102800571
2026-03-26 14:00:00,1111116.8102800571
2026-03-26 14:15:00,1111116.8102800571
2026-03-26 14:30:00,1111116.8102800571
2026-03-26 14:45:00,1111116.8102800571
2026-03-26 15:00:00,1111116.8102800571
2026-03-26 15:15:00,1111116.8102800571
2026-03-26 15:30:00,1111116.8102800571
2026-03-26 15:45:00,1111116.8102800571
2026-03-26 16:00:00,1111116.8102800571
2026-03-26 16:15:00,1111116.8102800571
2026-03-26 16:30:00,1111116.8102800571
2026-03-26 16:45:00,1111116.8102800571
2026-03-26 17:00:00,1111116.8102800571
2026-03-26 17:15:00,1111116.8102800571
2026-03-26 17:30:00,1111116.8102800571
2026-03-26 17:45:00,1111116.8102800571
2026-03-26 18:00:00,1111116.8102800571
2026-03-26 18:15:00,1111116.8102800571
2026-03-26 18:30:00,1111116.8102800571
2026-03-26 18:45:00,1111116.8102800571
2026-03-26 19:00:00,1111116.8102800571
2026-03-26 19:15:00,1111116.8102800571
2026-03-26 19:30:00,1111116.8102800571
2026-03-26 19:45:00,1111116.8102800571
2026-03-26 20:00:00,1111116.8102800571
2026-03-26 20:15:00,1111116.8102800571
2026-03-26 20:30:00,1111116.8102800571
2026-03-26 20:45:00,1111116.8102800571
2026-03-26 21:00:00,1111116.8102800571
2026-03-26 21:15:00,1111116.8102800571
2026-03-26 21:30:00,1111116.8102800571
2026-03-26 21:45:00,1111116.8102800571
2026-03-26 22:00:00,1111116.8102800571
2026-03-26 22:15:00,1111116.8102800571
2026-03-26 22:30:00,1111116.8102800571
2026-03-26 22:45:00,1111116.8102800571
2026-03-26 23:00:00,1111116.8102800571
2026-03-26 23:15:00,1111116.8102800571
2026-03-26 23:30:00,1111116.8102800571
2026-03-26 23:45:00,1111116.8102800571
2026-03-27 00:00:00,1111116.8102800571
2026-03-27 00:15:00,1111116.8102800571
2026-03-27 00:30:00,1111116.8102800571
2026-03-27 00:45:00,1111116.8102800571
2026-03-27 01:00:00,1111116.8102800571
2026-03-27 01:15:00,1111116.8102800571
2026-03-27 01:30:00,1111116.8102800571
2026-03-27 01:45:00,1111116.8102800571
2026-03-27 02:00:00,1111116.8102800571
2026-03-27 02:15:00,1111116.8102800571
2026-03-27 02:30:00,1111116.8102800571
2026-03-27 02:45:00,1111116.8102800571
2026-03-27 03:00:00,1111116.8102800571
2026-03-27 03:15:00,1111116.8102800571
2026-03-27 03:30:00,1111116.8102800571
2026-03-27 03:45:00,1111116.8102800571
2026-03-27 04:00:00,1111116.8102800571
2026-03-27 04:15:00,1111116.8102800571
2026-03-27 04:30:00,1111116.8102800571
2026-03-27 04:45:00,1111116.8102800571
2026-03-27 05:00:00,1111116.8102800571
2026-03-27 05:15:00,1111116.8102800571
2026-03-27 05:30:00,1111116.8102800571
2026-03-27 05:45:00,1111116.8102800571
2026-03-27 06:00:00,1111116.8102800571
2026-03-27 06:15:00,1111116.8102800571
2026-03-27 06:30:00,1111116.8102800571
2026-03-27 06:45:00,1111116.8102800571
2026-03-27 07:00:00,1111116.8102800571
2026-03-27 07:15:00,1111116.8102800571
2026-03-27 07:30:00,1111116.8102800571
2026-03-27 07:45:00,1111116.8102800571
2026-03-27 08:00:00,1111116.8102800571
2026-03-27 08:15:00,1111116.8102800571
2026-03-27 08:30:00,1111116.8102800571
2026-03-27 08:45:00,1111116.8102800571
2026-03-27 09:00:00,1111116.8102800571
2026-03-27 09:15:00,1111116.8102800571
2026-03-27 09:30:00,1111116.8102800571
2026-03-27 09:45:00,1111116.8102800571
2026-03-27 10:00:00,1111116.8102800571
2026-03-27 10:15:00,1111116.8102800571
2026-03-27 10:30:00,1111116.8102800571
2026-03-27 10:45:00,1111116.8102800571
2026-03-27 11:00:00,1111116.8102800571
2026-03-27 11:15:00,1111116.8102800571
2026-03-27 11:30:00,1111116.8102800571
2026-03-27 11:45:00,1111116.8102800571
2026-03-27 12:00:00,1111116.8102800571
2026-03-27 12:15:00,1111116.8102800571
2026-03-27 12:30:00,1111116.8102800571
2026-03-27 12:45:00,1111116.8102800571
2026-03-27 13:00:00,1111116.8102800571
2026-03-27 13:15:00,1111116.8102800571
2026-03-27 13:30:00,1111116.8102800571
2026-03-27 13:45:00,1111116.8102800571
2026-03-27 14:00:00,1111116.8102800571
2026-03-27 14:15:00,1111116.8102800571
2026-03-27 14:30:00,1111116.8102800571
2026-03-27 14:45:00,1111116.8102800571
2026-03-27 15:00:00,1111116.8102800571
2026-03-27 15:15:00,1111116.8102800571
2026-03-27 15:30:00,1111116.8102800571
2026-03-27 15:45:00,1111116.8102800571
2026-03-27 16:00:00,1111116.8102800571
2026-03-27 16:15:00,1111116.8102800571
2026-03-27 16:30:00,1111116.8102800571
2026-03-27 16:45:00,1111116.8102800571
2026-03-27 17:00:00,1111116.8102800571
2026-03-27 17:15:00,1111116.8102800571
2026-03-27 17:30:00,1111116.8102800571
2026-03-27 17:45:00,1111116.8102800571
2026-03-27 18:00:00,1111116.8102800571
2026-03-27 18:15:00,1111116.8102800571
2026-03-27 18:30:00,1111116.8102800571
2026-03-27 18:45:00,1111116.8102800571
2026-03-27 19:00:00,1111116.8102800571
2026-03-27 19:15:00,1111116.8102800571
2026-03-27 19:30:00,1111116.8102800571
2026-03-27 19:45:00,1111116.8102800571
2026-03-27 20:00:00,1111116.8102800571
2026-03-27 20:15:00,1111116.8102800571
2026-03-27 20:30:00,1111116.8102800571
2026-03-27 20:45:00,1111116.8102800571
2026-03-27 21:00:00,1111116.8102800571
2026-03-27 21:15:00,1111116.8102800571
2026-03-27 21:30:00,1111116.8102800571
2026-03-27 21:45:00,1111116.8102800571
2026-03-27 22:00:00,1111116.8102800571
2026-03-27 22:15:00,1111116.8102800571
2026-03-27 22:30:00,1111116.8102800571
2026-03-27 22:45:00,1111116.8102800571
2026-03-27 23:00:00,1111116.8102800571
2026-03-27 23:15:00,1111116.8102800571
2026-03-27 23:30:00,1111116.8102800571
2026-03-27 23:45:00,1111116.8102800571
2026-03-30 00:00:00,1111116.8102800571
2026-03-30 00:15:00,1111116.8102800571
2026-03-30 00:30:00,1111116.8102800571
2026-03-30 00:45:00,1111116.8102800571
2026-03-30 01:00:00,1111116.8102800571
2026-03-30 01:15:00,1111116.8102800571
2026-03-30 01:30:00,1111116.8102800571
2026-03-30 01:45:00,1111116.8102800571
2026-03-30 02:00:00,1111116.8102800571
2026-03-30 02:15:00,1111116.8102800571
2026-03-30 02:30:00,1111116.8102800571
2026-03-30 02:45:00,1111116.8102800571
2026-03-30 03:00:00,1111116.8102800571
2026-03-30 03:15:00,1111116.8102800571
2026-03-30 03:30:00,1111116.8102800571
2026-03-30 03:45:00,1111116.8102800571
2026-03-30 04:00:00,1111116.8102800571
2026-03-30 04:15:00,1111116.8102800571
2026-03-30 04:30:00,1111116.8102800571
2026-03-30 04:45:00,1111116.8102800571
2026-03-30 05:00:00,1111116.8102800571
2026-03-30 05:15:00,1111116.8102800571
2026-03-30 05:30:00,1111116.8102800571
2026-03-30 05:45:00,1111116.8102800571
2026-03-30 06:00:00,1111116.8102800571
2026-03-30 06:15:00,1111116.8102800571
2026-03-30 06:30:00,1111116.8102800571
2026-03-30 06:45:00,1111116.8102800571
2026-03-30 07:00:00,1111116.8102800571
2026-03-30 07:15:00,1111116.8102800571
2026-03-30 07:30:00,1111116.8102800571
2026-03-30 07:45:00,1111116.8102800571
2026-03-30 08:00:00,1111116.8102800571
2026-03-30 08:15:00,1111116.8102800571
2026-03-30 08:30:00,1111116.8102800571
2026-03-30 08:45:00,1111116.8102800571
2026-03-30 09:00:00,1111116.8102800571
2026-03-30 09:15:00,1111116.8102800571
2026-03-30 09:30:00,1111116.8102800571
2026-03-30 09:45:00,1111116.8102800571
2026-03-30 10:00:00,1111116.8102800571
2026-03-30 10:15:00,1111116.8102800571
2026-03-30 10:30:00,1111116.8102800571
2026-03-30 10:45:00,1111116.8102800571
2026-03-30 11:00:00,1111116.8102800571
2026-03-30 11:15:00,1111116.8102800571
2026-03-30 11:30:00,1111116.8102800571
2026-03-30 11:45:00,1111116.8102800571
2026-03-30 12:00:00,1111116.8102800571
2026-03-30 12:15:00,1111116.8102800571
2026-03-30 12:30:00,1111116.8102800571
2026-03-30 12:45:00,1111116.8102800571
2026-03-30 13:00:00,1111116.8102800571
2026-03-30 13:15:00,1111116.8102800571
2026-03-30 13:30:00,1111116.8102800571
2026-03-30 13:45:00,1111116.8102800571
2026-03-30 14:00:00,1111116.8102800571
2026-03-30 14:15:00,1111116.8102800571
2026-03-30 14:30:00,1111116.8102800571
2026-03-30 14:45:00,1111116.8102800571
2026-03-30 15:00:00,1111116.8102800571
2026-03-30 15:15:00,1111116.8102800571
2026-03-30 15:30:00,1111116.8102800571
2026-03-30 15:45:00,1111116.8102800571
2026-03-30 16:00:00,1111116.8102800571
2026-03-30 16:15:00,1111116.8102800571
2026-03-30 16:30:00,1111116.8102800571
2026-03-30 16:45:00,1111116.8102800571
2026-03-30 17:00:00,1111116.8102800571
2026-03-30 17:15:00,1111116.8102800571
2026-03-30 17:30:00,1111116.8102800571
2026-03-30 17:45:00,1111116.8102800571
2026-03-30 18:00:00,1111116.8102800571
2026-03-30 18:15:00,1111116.8102800571
2026-03-30 18:30:00,1111116.8102800571
2026-03-30 18:45:00,1111116.8102800571
2026-03-30 19:00:00,1111116.8102800571
2026-03-30 19:15:00,1111116.8102800571
2026-03-30 19:30:00,1111116.8102800571
2026-03-30 19:45:00,1111116.8102800571
2026-03-30 20:00:00,1111116.8102800571
2026-03-30 20:15:00,1111116.8102800571
2026-03-30 20:30:00,1111116.8102800571
2026-03-30 20:45:00,1111116.8102800571
2026-03-30 21:00:00,1111116.8102800571
2026-03-30 21:15:00,1111116.8102800571
2026-03-30 21:30:00,1111116.8102800571
2026-03-30 21:45:00,1111116.8102800571
2026-03-30 22:00:00,1111116.8102800571
2026-03-30 22:15:00,1111116.8102800571
2026-03-30 22:30:00,1111116.8102800571
2026-03-30 22:45:00,1111116.8102800571
2026-03-30 23:00:00,1111116.8102800571
2026-03-30 23:15:00,1111116.8102800571
2026-03-30 23:30:00,1111116.8102800571
2026-03-30 23:45:00,1111116.8102800571
2026-03-31 00:00:00,1111116.8102800571
2026-03-31 00:15:00,1111116.8102800571
2026-03-31 00:30:00,1111116.8102800571
2026-03-31 00:45:00,1111116.8102800571
2026-03-31 01:00:00,1111116.8102800571
2026-03-31 01:15:00,1111116.8102800571
2026-03-31 01:30:00,1111116.8102800571
2026-03-31 01:45:00,1111116.8102800571
2026-03-31 02:00:00,1111116.8102800571
2026-03-31 02:15:00,1111116.8102800571
2026-03-31 02:30:00,1111116.8102800571
2026-03-31 02:45:00,1111116.8102800571
2026-03-31 03:00:00,1111116.8102800571
2026-03-31 03:15:00,1111116.8102800571
2026-03-31 03:30:00,1111116.8102800571
2026-03-31 03:45:00,1111116.8102800571
2026-03-31 04:00:00,1111116.8102800571
2026-03-31 04:15:00,1111116.8102800571
2026-03-31 04:30:00,1111116.8102800571
2026-03-31 04:45:00,1111116.8102800571
2026-03-31 05:00:00,1111116.8102800571
2026-03-31 05:15:00,1111116.8102800571
2026-03-31 05:30:00,1111116.8102800571
2026-03-31 05:45:00,1111116.8102800571
2026-03-31 06:00:00,1111116.8102800571
2026-03-31 06:15:00,1111116.8102800571
2026-03-31 06:30:00,1111116.8102800571
2026-03-31 06:45:00,1111116.8102800571
2026-03-31 07:00:00,1111116.8102800571
2026-03-31 07:15:00,1111116.8102800571
2026-03-31 07:30:00,1111116.8102800571
2026-03-31 07:45:00,1111116.8102800571
2026-03-31 08:00:00,1111116.8102800571
2026-03-31 08:15:00,1111116.8102800571
2026-03-31 08:30:00,1111116.8102800571
2026-03-31 08:45:00,1111116.8102800571
2026-03-31 09:00:00,1111116.8102800571
2026-03-31 09:15:00,1111116.8102800571
2026-03-31 09:30:00,1111116.8102800571
2026-03-31 09:45:00,1111116.8102800571
2026-03-31 10:00:00,1111116.8102800571
2026-03-31 10:15:00,1111116.8102800571
2026-03-31 10:30:00,1111116.8102800571
2026-03-31 10:45:00,1111116.8102800571
2026-03-31 11:00:00,1111116.8102800571
2026-03-31 11:15:00,1111116.8102800571
2026-03-31 11:30:00,1111116.8102800571
2026-03-31 11:45:00,1111116.8102800571
2026-03-31 12:00:00,1111116.8102800571
2026-03-31 12:15:00,1111116.8102800571
2026-03-31 12:30:00,1111116.8102800571
2026-03-31 12:45:00,1111116.8102800571
2026-03-31 13:00:00,1111116.8102800571
2026-03-31 13:15:00,1111116.8102800571
2026-03-31 13:30:00,1111116.8102800571
2026-03-31 13:45:00,1111116.8102800571
2026-03-31 14:00:00,1111116.8102800571
2026-03-31 14:15:00,1111116.8102800571
2026-03-31 14:30:00,1111116.8102800571
2026-03-31 14:45:00,1111116.8102800571
2026-03-31 15:00:00,1111116.8102800571
2026-03-31 15:15:00,1111116.8102800571
2026-03-31 15:30:00,1111116.8102800571
2026-03-31 15:45:00,1111116.8102800571
2026-03-31 16:00:00,1111116.8102800571
2026-03-31 16:15:00,1111116.8102800571
2026-03-31 16:30:00,1111116.8102800571
2026-03-31 16:45:00,1111116.8102800571
2026-03-31 17:00:00,1111116.8102800571
2026-03-31 17:15:00,1111116.8102800571
2026-03-31 17:30:00,1111116.8102800571
2026-03-31 17:45:00,1111116.8102800571
2026-03-31 18:00:00,1111116.8102800571
2026-03-31 18:15:00,1111116.8102800571
2026-03-31 18:30:00,1111116.8102800571
2026-03-31 18:45:00,1111116.8102800571
2026-03-31 19:00:00,1111116.8102800571
2026-03-31 19:15:00,1111116.8102800571
2026-03-31 19:30:00,1111116.8102800571
2026-03-31 19:45:00,1111116.8102800571
2026-03-31 20:00:00,1111116.8102800571
2026-03-31 20:15:00,1111116.8102800571
2026-03-31 20:30:00,1111116.8102800571
2026-03-31 20:45:00,1111116.8102800571
2026-03-31 21:00:00,1111116.8102800571
2026-03-31 21:15:00,1111116.8102800571
2026-03-31 21:30:00,1111116.8102800571
2026-03-31 21:45:00,1111116.8102800571
2026-03-31 22:00:00,1111116.8102800571
2026-03-31 22:15:00,1111116.8102800571
2026-03-31 22:30:00,1111116.8102800571
2026-03-31 22:45:00,1111116.8102800571
2026-03-31 23:00:00,1111116.8102800571
2026-03-31 23:15:00,1111116.8102800571
2026-03-31 23:30:00,1111116.8102800571
2026-03-31 23:45:00,1111116.8102800571
2026-04-01 00:00:00,1111116.8102800571
2026-04-01 00:15:00,1111116.8102800571
2026-04-01 00:30:00,1111116.8102800571
2026-04-01 00:45:00,1111116.8102800571
2026-04-01 01:00:00,1111116.8102800571
2026-04-01 01:15:00,1111116.8102800571
2026-04-01 01:30:00,1111116.8102800571
2026-04-01 01:45:00,1111116.8102800571
2026-04-01 02:00:00,1111116.8102800571
2026-04-01 02:15:00,1111116.8102800571
2026-04-01 02:30:00,1111116.8102800571
2026-04-01 02:45:00,1111116.8102800571
2026-04-01 03:00:00,1111116.8102800571
2026-04-01 03:15:00,1111116.8102800571
2026-04-01 03:30:00,1111116.8102800571
2026-04-01 03:45:00,1111116.8102800571
2026-04-01 04:00:00,1111116.8102800571
2026-04-01 04:15:00,1111116.8102800571
2026-04-01 04:30:00,1111116.8102800571
2026-04-01 04:45:00,1111116.8102800571
2026-04-01 05:00:00,1111116.8102800571
2026-04-01 05:15:00,1111116.8102800571
2026-04-01 05:30:00,1111116.8102800571
2026-04-01 05:45:00,1111116.8102800571
2026-04-01 06:00:00,1111116.8102800571
2026-04-01 06:15:00,1111116.8102800571
2026-04-01 06:30:00,1111116.8102800571
2026-04-01 06:45:00,1111116.8102800571
2026-04-01 07:00:00,1111116.8102800571
2026-04-01 07:15:00,1111116.8102800571
2026-04-01 07:30:00,1111116.8102800571
2026-04-01 07:45:00,1111116.8102800571
2026-04-01 08:00:00,1111116.8102800571
2026-04-01 08:15:00,1111116.8102800571
2026-04-01 08:30:00,1111116.8102800571
2026-04-01 08:45:00,1111116.8102800571
2026-04-01 09:00:00,1111116.8102800571
2026-04-01 09:15:00,1111116.8102800571
2026-04-01 09:30:00,1111116.8102800571
2026-04-01 09:45:00,1111116.8102800571
2026-04-01 10:00:00,1111116.8102800571
2026-04-01 10:15:00,1111116.8102800571
2026-04-01 10:30:00,1111116.8102800571
2026-04-01 10:45:00,1111116.8102800571
2026-04-01 11:00:00,1111116.8102800571
2026-04-01 11:15:00,1111116.8102800571
2026-04-01 11:30:00,1111116.8102800571
2026-04-01 11:45:00,1111116.8102800571
2026-04-01 12:00:00,1111116.8102800571
2026-04-01 12:15:00,1111116.8102800571
2026-04-01 12:30:00,1111116.8102800571
2026-04-01 12:45:00,1111116.8102800571
2026-04-01 13:00:00,1111116.8102800571
2026-04-01 13:15:00,1111116.8102800571
2026-04-01 13:30:00,1111116.8102800571
2026-04-01 13:45:00,1111116.8102800571
2026-04-01 14:00:00,1111116.8102800571
2026-04-01 14:15:00,1111116.8102800571
2026-04-01 14:30:00,1111116.8102800571
2026-04-01 14:45:00,1111116.8102800571
2026-04-01 15:00:00,1111116.8102800571
2026-04-01 15:15:00,1111116.8102800571
2026-04-01 15:30:00,1111116.8102800571
2026-04-01 15:45:00,1111116.8102800571
2026-04-01 16:00:00,1111116.8102800571
2026-04-01 16:15:00,1111116.8102800571
2026-04-01 16:30:00,1111116.8102800571
2026-04-01 16:45:00,1111116.8102800571
2026-04-01 17:00:00,1111116.8102800571
2026-04-01 17:15:00,1111116.8102800571
2026-04-01 17:30:00,1111116.8102800571
2026-04-01 17:45:00,1111116.8102800571
2026-04-01 18:00:00,1111116.8102800571
2026-04-01 18:15:00,1111116.8102800571
2026-04-01 18:30:00,1111116.8102800571
2026-04-01 18:45:00,1111116.8102800571
2026-04-01 19:00:00,1111116.8102800571
2026-04-01 19:15:00,1111116.8102800571
2026-04-01 19:30:00,1111116.8102800571
2026-04-01 19:45:00,1111116.8102800571
2026-04-01 20:00:00,1111116.8102800571
2026-04-01 20:15:00,1111116.8102800571
2026-04-01 20:30:00,1111116.8102800571
2026-04-01 20:45:00,1111116.8102800571
2026-04-01 21:00:00,1111116.8102800571
2026-04-01 21:15:00,1111116.8102800571
2026-04-01 21:30:00,1111116.8102800571
2026-04-01 21:45:00,1111116.8102800571
2026-04-01 22:00:00,1111116.8102800571
2026-04-01 22:15:00,1111116.8102800571
2026-04-01 22:30:00,1111116.8102800571
2026-04-01 22:45:00,1111116.8102800571
2026-04-01 23:00:00,1111116.8102800571
2026-04-01 23:15:00,1111116.8102800571
2026-04-01 23:30:00,1111116.8102800571
2026-04-01 23:45:00,1111116.8102800571
2026-04-02 00:00:00,1111116.8102800571
2026-04-02 00:15:00,1111116.8102800571
2026-04-02 00:30:00,1111116.8102800571
2026-04-02 00:45:00,1111116.8102800571
2026-04-02 01:00:00,1111116.8102800571
2026-04-02 01:15:00,1111116.8102800571
2026-04-02 01:30:00,1111116.8102800571
2026-04-02 01:45:00,1111116.8102800571
2026-04-02 02:00:00,1111116.8102800571
2026-04-02 02:15:00,1111116.8102800571
2026-04-02 02:30:00,1111116.8102800571
2026-04-02 02:45:00,1111116.8102800571
2026-04-02 03:00:00,1111116.8102800571
2026-04-02 03:15:00,1111116.8102800571
2026-04-02 03:30:00,1111116.8102800571
2026-04-02 03:45:00,1111116.8102800571
2026-04-02 04:00:00,1111116.8102800571
2026-04-02 04:15:00,1111116.8102800571
2026-04-02 04:30:00,1111116.8102800571
2026-04-02 04:45:00,1111116.8102800571
2026-04-02 05:00:00,1111116.8102800571
2026-04-02 05:15:00,1111116.8102800571
2026-04-02 05:30:00,1111116.8102800571
2026-04-02 05:45:00,1111116.8102800571
2026-04-02 06:00:00,1111116.8102800571
2026-04-02 06:15:00,1111116.8102800571
2026-04-02 06:30:00,1111116.8102800571
2026-04-02 06:45:00,1111116.8102800571
2026-04-02 07:00:00,1111116.8102800571
2026-04-02 07:15:00,1111116.8102800571
2026-04-02 07:30:00,1111116.8102800571
2026-04-02 07:45:00,1111116.8102800571
2026-04-02 08:00:00,1111116.8102800571
2026-04-02 08:15:00,1111116.8102800571
2026-04-02 08:30:00,1111116.8102800571
2026-04-02 08:45:00,1111116.8102800571
2026-04-02 09:00:00,1111116.8102800571
2026-04-02 09:15:00,1111116.8102800571
2026-04-02 09:30:00,1111116.8102800571
2026-04-02 09:45:00,1111116.8102800571
2026-04-02 10:00:00,1111116.8102800571
2026-04-02 10:15:00,1111116.8102800571
2026-04-02 10:30:00,1111116.8102800571
2026-04-02 10:45:00,1111116.8102800571
2026-04-02 11:00:00,1111116.8102800571
2026-04-02 11:15:00,1111116.8102800571
2026-04-02 11:30:00,1111116.8102800571
2026-04-02 11:45:00,1111116.8102800571
2026-04-02 12:00:00,1111116.8102800571
2026-04-02 12:15:00,1111116.8102800571
2026-04-02 12:30:00,1111116.8102800571
2026-04-02 12:45:00,1111116.8102800571
2026-04-02 13:00:00,1111116.8102800571
2026-04-02 13:15:00,1111116.8102800571
2026-04-02 13:30:00,1111116.8102800571
2026-04-02 13:45:00,1111116.8102800571
2026-04-02 14:00:00,1111116.8102800571
2026-04-02 14:15:00,1111116.8102800571
2026-04-02 14:30:00,1111116.8102800571
2026-04-02 14:45:00,1111116.8102800571
2026-04-02 15:00:00,1111116.8102800571
2026-04-02 15:15:00,1111116.8102800571
2026-04-02 15:30:00,1111116.8102800571
2026-04-02 15:45:00,1111116.8102800571
2026-04-02 16:00:00,1111116.8102800571
2026-04-02 16:15:00,1111116.8102800571
2026-04-02 16:30:00,1111116.8102800571
2026-04-02 16:45:00,1111116.8102800571
2026-04-02 17:00:00,1111116.8102800571
2026-04-02 17:15:00,1111116.8102800571
2026-04-02 17:30:00,1111116.8102800571
2026-04-02 17:45:00,1111116.8102800571
2026-04-02 18:00:00,1111116.8102800571
2026-04-02 18:15:00,1111116.8102800571
2026-04-02 18:30:00,1111116.8102800571
2026-04-02 18:45:00,1111116.8102800571
2026-04-02 19:00:00,1111116.8102800571
2026-04-02 19:15:00,1111116.8102800571
2026-04-02 19:30:00,1111116.8102800571
2026-04-02 19:45:00,1111116.8102800571
2026-04-02 20:00:00,1111116.8102800571
2026-04-02 20:15:00,1111116.8102800571
2026-04-02 20:30:00,1111116.8102800571
2026-04-02 20:45:00,1111116.8102800571
2026-04-02 21:00:00,1111116.8102800571
2026-04-02 21:15:00,1111116.8102800571
2026-04-02 21:30:00,1111116.8102800571
2026-04-02 21:45:00,1111116.8102800571
2026-04-02 22:00:00,1111116.8102800571
2026-04-02 22:15:00,1111116.8102800571
2026-04-02 22:30:00,1111116.8102800571
2026-04-02 22:45:00,1111116.8102800571
2026-04-02 23:00:00,1111116.8102800571
2026-04-02 23:15:00,1111116.8102800571
2026-04-02 23:30:00,1111116.8102800571
2026-04-02 23:45:00,1111116.8102800571
2026-04-03 00:00:00,1111116.8102800571
2026-04-03 00:15:00,1111116.8102800571
2026-04-03 00:30:00,1111116.8102800571
2026-04-03 00:45:00,1111116.8102800571
2026-04-03 01:00:00,1111116.8102800571
2026-04-03 01:15:00,1111116.8102800571
2026-04-03 01:30:00,1111116.8102800571
2026-04-03 01:45:00,1111116.8102800571
2026-04-03 02:00:00,1111116.8102800571
2026-04-03 02:15:00,1111116.8102800571
2026-04-03 02:30:00,1111116.8102800571
2026-04-03 02:45:00,1111116.8102800571
2026-04-03 03:00:00,1111116.8102800571
2026-04-03 03:15:00,1111116.8102800571
2026-04-03 03:30:00,1111116.8102800571
2026-04-03 03:45:00,1111116.8102800571
2026-04-03 04:00:00,1111116.8102800571
2026-04-03 04:15:00,1111116.8102800571
2026-04-03 04:30:00,1111116.8102800571
2026-04-03 04:45:00,1111116.8102800571
2026-04-03 05:00:00,1111116.8102800571
2026-04-03 05:15:00,1111116.8102800571
2026-04-03 05:30:00,1111116.8102800571
2026-04-03 05:45:00,1111116.8102800571
2026-04-03 06:00:00,1111116.8102800571
2026-04-03 06:15:00,1111116.8102800571
2026-04-03 06:30:00,1111116.8102800571
2026-04-03 06:45:00,1111116.8102800571
2026-04-03 07:00:00,1111116.8102800571
2026-04-03 07:15:00,1111116.8102800571
2026-04-03 07:30:00,1111116.8102800571
2026-04-03 07:45:00,1111116.8102800571
2026-04-03 08:00:00,1111116.8102800571
2026-04-03 08:15:00,1111116.8102800571
2026-04-03 08:30:00,1111116.8102800571
2026-04-03 08:45:00,1111116.8102800571
2026-04-03 09:00:00,1111116.8102800571
2026-04-03 09:15:00,1111116.8102800571
2026-04-03 09:30:00,1111116.8102800571
2026-04-03 09:45:00,1111116.8102800571
2026-04-03 10:00:00,1111116.8102800571
2026-04-03 10:15:00,1111116.8102800571
2026-04-03 10:30:00,1111116.8102800571
2026-04-03 10:45:00,1111116.8102800571
2026-04-03 11:00:00,1111116.8102800571
2026-04-03 11:15:00,1111116.8102800571
2026-04-03 11:30:00,1111116.8102800571
2026-04-03 11:45:00,1111116.8102800571
2026-04-03 12:00:00,1111116.8102800571
2026-04-03 12:15:00,1111116.8102800571
2026-04-03 12:30:00,1111116.8102800571
2026-04-03 12:45:00,1111116.8102800571
2026-04-03 13:00:00,1111116.8102800571
2026-04-03 13:15:00,1111116.8102800571
2026-04-03 13:30:00,1111116.8102800571
2026-04-03 13:45:00,1111116.8102800571
2026-04-03 14:00:00,1111116.8102800571
2026-04-03 14:15:00,1111116.8102800571
2026-04-03 14:30:00,1111116.8102800571
2026-04-03 14:45:00,1111116.8102800571
2026-04-03 15:00:00,1111116.8102800571
2026-04-03 15:15:00,1111116.8102800571
2026-04-03 15:30:00,1111116.8102800571
2026-04-03 15:45:00,1111116.8102800571
2026-04-03 16:00:00,1111116.8102800571
2026-04-03 16:15:00,1111116.8102800571
2026-04-03 16:30:00,1111116.8102800571
2026-04-03 16:45:00,1111116.8102800571
2026-04-03 17:00:00,1111116.8102800571
2026-04-03 17:15:00,1111116.8102800571
2026-04-03 17:30:00,1111116.8102800571
2026-04-03 17:45:00,1111116.8102800571
2026-04-03 18:00:00,1111116.8102800571
2026-04-03 18:15:00,1111116.8102800571
2026-04-03 18:30:00,1111116.8102800571
2026-04-03 18:45:00,1111116.8102800571
2026-04-03 19:00:00,1111116.8102800571
2026-04-03 19:15:00,1111116.8102800571
2026-04-03 19:30:00,1111116.8102800571
2026-04-03 19:45:00,1111116.8102800571
2026-04-03 20:00:00,1111116.8102800571
2026-04-03 20:15:00,1111116.8102800571
2026-04-03 20:30:00,1111116.8102800571
2026-04-03 20:45:00,1111116.8102800571
2026-04-03 21:00:00,1111116.8102800571
2026-04-03 21:15:00,1111116.8102800571
2026-04-03 21:30:00,1111116.8102800571
2026-04-03 21:45:00,1111116.8102800571
2026-04-03 22:00:00,1111116.8102800571
2026-04-03 22:15:00,1111116.8102800571
2026-04-03 22:30:00,1111116.8102800571
2026-04-03 22:45:00,1111116.8102800571
2026-04-03 23:00:00,1111116.8102800571
2026-04-03 23:15:00,1111116.8102800571
2026-04-03 23:30:00,1111116.8102800571
2026-04-03 23:45:00,1111116.8102800571
2026-04-06 00:00:00,1111116.8102800571
2026-04-06 00:15:00,1111116.8102800571
2026-04-06 00:30:00,1111116.8102800571
2026-04-06 00:45:00,1111116.8102800571
2026-04-06 01:00:00,1111116.8102800571
2026-04-06 01:15:00,1111116.8102800571
2026-04-06 01:30:00,1111116.8102800571
2026-04-06 01:45:00,1111116.8102800571
2026-04-06 02:00:00,1111116.8102800571
2026-04-06 02:15:00,1111116.8102800571
2026-04-06 02:30:00,1111116.8102800571
2026-04-06 02:45:00,1111116.8102800571
2026-04-06 03:00:00,1111116.8102800571
2026-04-06 03:15:00,1111116.8102800571
2026-04-06 03:30:00,1111116.8102800571
2026-04-06 03:45:00,1111116.8102800571
2026-04-06 04:00:00,1111116.8102800571
2026-04-06 04:15:00,1111116.8102800571
2026-04-06 04:30:00,1111116.8102800571
2026-04-06 04:45:00,1111116.8102800571
2026-04-06 05:00:00,1111116.8102800571
2026-04-06 05:15:00,1111116.8102800571
2026-04-06 05:30:00,1111116.8102800571
2026-04-06 05:45:00,1111116.8102800571
2026-04-06 06:00:00,1111116.8102800571
2026-04-06 06:15:00,1111116.8102800571
2026-04-06 06:30:00,1111116.8102800571
2026-04-06 06:45:00,1111116.8102800571
2026-04-06 07:00:00,1111116.8102800571
2026-04-06 07:15:00,1111116.8102800571
2026-04-06 07:30:00,1111116.8102800571
2026-04-06 07:45:00,1111116.8102800571
2026-04-06 08:00:00,1111116.8102800571
2026-04-06 08:15:00,1111116.8102800571
2026-04-06 08:30:00,1111116.8102800571
2026-04-06 08:45:00,1111116.8102800571
2026-04-06 09:00:00,1111116.8102800571
2026-04-06 09:15:00,1111116.8102800571
2026-04-06 09:30:00,1111116.8102800571
2026-04-06 09:45:00,1111116.8102800571
2026-04-06 10:00:00,1111116.8102800571
2026-04-06 10:15:00,1111116.8102800571
2026-04-06 10:30:00,1111116.8102800571
2026-04-06 10:45:00,1111116.8102800571
2026-04-06 11:00:00,1111116.8102800571
2026-04-06 11:15:00,1111116.8102800571
2026-04-06 11:30:00,1111116.8102800571
2026-04-06 11:45:00,1111116.8102800571
2026-04-06 12:00:00,1111116.8102800571
2026-04-06 12:15:00,1111116.8102800571
2026-04-06 12:30:00,1111116.8102800571
2026-04-06 12:45:00,1111116.8102800571
2026-04-06 13:00:00,1111116.8102800571
2026-04-06 13:15:00,1111116.8102800571
2026-04-06 13:30:00,1111116.8102800571
2026-04-06 13:45:00,1111116.8102800571
2026-04-06 14:00:00,1111116.8102800571
2026-04-06 14:15:00,1111116.8102800571
2026-04-06 14:30:00,1111116.8102800571
2026-04-06 14:45:00,1111116.8102800571
2026-04-06 15:00:00,1111116.8102800571
2026-04-06 15:15:00,1111116.8102800571
2026-04-06 15:30:00,1111116.8102800571
2026-04-06 15:45:00,1111116.8102800571
2026-04-06 16:00:00,1111116.8102800571
2026-04-06 16:15:00,1111116.8102800571
2026-04-06 16:30:00,1111116.8102800571
2026-04-06 16:45:00,1111116.8102800571
2026-04-06 17:00:00,1111116.8102800571
2026-04-06 17:15:00,1111116.8102800571
2026-04-06 17:30:00,1111116.8102800571
2026-04-06 17:45:00,1111116.8102800571
2026-04-06 18:00:00,1111116.8102800571
2026-04-06 18:15:00,1111116.8102800571
2026-04-06 18:30:00,1111116.8102800571
2026-04-06 18:45:00,1111116.8102800571
2026-04-06 19:00:00,1111116.8102800571
2026-04-06 19:15:00,1111116.8102800571
2026-04-06 19:30:00,1111116.8102800571
2026-04-06 19:45:00,1111116.8102800571
2026-04-06 20:00:00,1111116.8102800571
2026-04-06 20:15:00,1111116.8102800571
2026-04-06 20:30:00,1111116.8102800571
2026-04-06 20:45:00,1111116.8102800571
2026-04-06 21:00:00,1111116.8102800571
2026-04-06 21:15:00,1111116.8102800571
2026-04-06 21:30:00,1111116.8102800571
2026-04-06 21:45:00,1111116.8102800571
2026-04-06 22:00:00,1111116.8102800571
2026-04-06 22:15:00,1111116.8102800571
2026-04-06 22:30:00,1111116.8102800571
2026-04-06 22:45:00,1111116.8102800571
2026-04-06 23:00:00,1111116.8102800571
2026-04-06 23:15:00,1111116.8102800571
2026-04-06 23:30:00,1111116.8102800571
2026-04-06 23:45:00,1111116.8102800571
2026-04-07 00:00:00,1111116.8102800571
2026-04-07 00:15:00,1111116.8102800571
2026-04-07 00:30:00,1111116.8102800571
2026-04-07 00:45:00,1111116.8102800571
2026-04-07 01:00:00,1111116.8102800571
2026-04-07 01:15:00,1111116.8102800571
2026-04-07 01:30:00,1111116.8102800571
2026-04-07 01:45:00,1111116.8102800571
2026-04-07 02:00:00,1111116.8102800571
2026-04-07 02:15:00,1111116.8102800571
2026-04-07 02:30:00,1111116.8102800571
2026-04-07 02:45:00,1111116.8102800571
2026-04-07 03:00:00,1111116.8102800571
2026-04-07 03:15:00,1111116.8102800571
2026-04-07 03:30:00,1111116.8102800571
2026-04-07 03:45:00,1111116.8102800571
2026-04-07 04:00:00,1111116.8102800571
2026-04-07 04:15:00,1111116.8102800571
2026-04-07 04:30:00,1111116.8102800571
2026-04-07 04:45:00,1111116.8102800571
2026-04-07 05:00:00,1111116.8102800571
2026-04-07 05:15:00,1111116.8102800571
2026-04-07 05:30:00,1111116.8102800571
2026-04-07 05:45:00,1111116.8102800571
2026-04-07 06:00:00,1111116.8102800571
2026-04-07 06:15:00,1111116.8102800571
2026-04-07 06:30:00,1111116.8102800571
2026-04-07 06:45:00,1111116.8102800571
2026-04-07 07:00:00,1111116.8102800571
2026-04-07 07:15:00,1111116.8102800571
2026-04-07 07:30:00,1111116.8102800571
2026-04-07 07:45:00,1111116.8102800571
2026-04-07 08:00:00,1111116.8102800571
2026-04-07 08:15:00,1111116.8102800571
2026-04-07 08:30:00,1111116.8102800571
2026-04-07 08:45:00,1111116.8102800571
2026-04-07 09:00:00,1111116.8102800571
2026-04-07 09:15:00,1111116.8102800571
2026-04-07 09:30:00,1111116.8102800571
2026-04-07 09:45:00,1111116.8102800571
2026-04-07 10:00:00,1111116.8102800571
2026-04-07 10:15:00,1111116.8102800571
2026-04-07 10:30:00,1111116.8102800571
2026-04-07 10:45:00,1111116.8102800571
2026-04-07 11:00:00,1111116.8102800571
2026-04-07 11:15:00,1111116.8102800571
2026-04-07 11:30:00,1111116.8102800571
2026-04-07 11:45:00,1111116.8102800571
2026-04-07 12:00:00,1111116.8102800571
2026-04-07 12:15:00,1111116.8102800571
2026-04-07 12:30:00,1111116.8102800571
2026-04-07 12:45:00,1111116.8102800571
2026-04-07 13:00:00,1111116.8102800571
2026-04-07 13:15:00,1111116.8102800571
2026-04-07 13:30:00,1111116.8102800571
2026-04-07 13:45:00,1111116.8102800571
2026-04-07 14:00:00,1111116.8102800571
2026-04-07 14:15:00,1111116.8102800571
2026-04-07 14:30:00,1111116.8102800571
2026-04-07 14:45:00,1111116.8102800571
2026-04-07 15:00:00,1111116.8102800571
2026-04-07 15:15:00,1111116.8102800571
2026-04-07 15:30:00,1111116.8102800571
2026-04-07 15:45:00,1111116.8102800571
2026-04-07 16:00:00,1111116.8102800571
2026-04-07 16:15:00,1111116.8102800571
2026-04-07 16:30:00,1111116.8102800571
2026-04-07 16:45:00,1111116.8102800571
2026-04-07 17:00:00,1111116.8102800571
2026-04-07 17:15:00,1111116.8102800571
2026-04-07 17:30:00,1111116.8102800571
2026-04-07 17:45:00,1111116.8102800571
2026-04-07 18:00:00,1111116.8102800571
2026-04-07 18:15:00,1111116.8102800571
2026-04-07 18:30:00,1111116.8102800571
2026-04-07 18:45:00,1111116.8102800571
2026-04-07 19:00:00,1111116.8102800571
2026-04-07 19:15:00,1111116.8102800571
2026-04-07 19:30:00,1111116.8102800571
2026-04-07 19:45:00,1111116.8102800571
2026-04-07 20:00:00,1111116.8102800571
2026-04-07 20:15:00,1111116.8102800571
2026-04-07 20:30:00,1111116.8102800571
2026-04-07 20:45:00,1111116.8102800571
2026-04-07 21:00:00,1111116.8102800571
2026-04-07 21:15:00,1111116.8102800571
2026-04-07 21:30:00,1111116.8102800571
2026-04-07 21:45:00,1111116.8102800571
2026-04-07 22:00:00,1111116.8102800571
2026-04-07 22:15:00,1111116.8102800571
2026-04-07 22:30:00,1111116.8102800571
2026-04-07 22:45:00,1111116.8102800571
2026-04-07 23:00:00,1111116.8102800571
2026-04-07 23:15:00,1111116.8102800571
2026-04-07 23:30:00,1111116.8102800571
2026-04-07 23:45:00,1111116.8102800571
2026-04-08 00:00:00,1111116.8102800571
2026-04-08 00:15:00,1111116.8102800571
2026-04-08 00:30:00,1111116.8102800571
2026-04-08 00:45:00,1111116.8102800571
2026-04-08 01:00:00,1111116.8102800571
2026-04-08 01:15:00,1111116.8102800571
2026-04-08 01:30:00,1111116.8102800571
2026-04-08 01:45:00,1111116.8102800571
2026-04-08 02:00:00,1111116.8102800571
2026-04-08 02:15:00,1111116.8102800571
2026-04-08 02:30:00,1111116.8102800571
2026-04-08 02:45:00,1111116.8102800571
2026-04-08 03:00:00,1111116.8102800571
2026-04-08 03:15:00,1111116.8102800571
2026-04-08 03:30:00,1111116.8102800571
2026-04-08 03:45:00,1111116.8102800571
2026-04-08 04:00:00,1111116.8102800571
2026-04-08 04:15:00,1111116.8102800571
2026-04-08 04:30:00,1111116.8102800571
2026-04-08 04:45:00,1111116.8102800571
2026-04-08 05:00:00,1111116.8102800571
2026-04-08 05:15:00,1111116.8102800571
2026-04-08 05:30:00,1111116.8102800571
2026-04-08 05:45:00,1111116.8102800571
2026-04-08 06:00:00,1111116.8102800571
2026-04-08 06:15:00,1111116.8102800571
2026-04-08 06:30:00,1111116.8102800571
2026-04-08 06:45:00,1111116.8102800571
2026-04-08 07:00:00,1111116.8102800571
2026-04-08 07:15:00,1111116.8102800571
2026-04-08 07:30:00,1111116.8102800571
2026-04-08 07:45:00,1111116.8102800571
2026-04-08 08:00:00,1111116.8102800571
2026-04-08 08:15:00,1111116.8102800571
2026-04-08 08:30:00,1111116.8102800571
2026-04-08 08:45:00,1111116.8102800571
2026-04-08 09:00:00,1111116.8102800571
2026-04-08 09:15:00,1111116.8102800571
2026-04-08 09:30:00,1111116.8102800571
2026-04-08 09:45:00,1111116.8102800571
2026-04-08 10:00:00,1111116.8102800571
2026-04-08 10:15:00,1111116.8102800571
2026-04-08 10:30:00,1111116.8102800571
2026-04-08 10:45:00,1111116.8102800571
2026-04-08 11:00:00,1111116.8102800571
2026-04-08 11:15:00,1111116.8102800571
2026-04-08 11:30:00,1111116.8102800571
2026-04-08 11:45:00,1111116.8102800571
2026-04-08 12:00:00,1111116.8102800571
2026-04-08 12:15:00,1111116.8102800571
2026-04-08 12:30:00,1111116.8102800571
2026-04-08 12:45:00,1111116.8102800571
2026-04-08 13:00:00,1111116.8102800571
2026-04-08 13:15:00,1111116.8102800571
2026-04-08 13:30:00,1111116.8102800571
2026-04-08 13:45:00,1111116.8102800571
2026-04-08 14:00:00,1111116.8102800571
2026-04-08 14:15:00,1111116.8102800571
2026-04-08 14:30:00,1111116.8102800571
2026-04-08 14:45:00,1111116.8102800571
2026-04-08 15:00:00,1111116.8102800571
2026-04-08 15:15:00,1111116.8102800571
2026-04-08 15:30:00,1111116.8102800571
2026-04-08 15:45:00,1111116.8102800571
2026-04-08 16:00:00,1111116.8102800571
2026-04-08 16:15:00,1111116.8102800571
2026-04-08 16:30:00,1111116.8102800571
2026-04-08 16:45:00,1111116.8102800571
2026-04-08 17:00:00,1111116.8102800571
2026-04-08 17:15:00,1111116.8102800571
2026-04-08 17:30:00,1111116.8102800571
2026-04-08 17:45:00,1111116.8102800571
2026-04-08 18:00:00,1111116.8102800571
2026-04-08 18:15:00,1111116.8102800571
2026-04-08 18:30:00,1111116.8102800571
2026-04-08 18:45:00,1111116.8102800571
2026-04-08 19:00:00,1111116.8102800571
2026-04-08 19:15:00,1111116.8102800571
2026-04-08 19:30:00,1111116.8102800571
2026-04-08 19:45:00,1111116.8102800571
2026-04-08 20:00:00,1111116.8102800571
2026-04-08 20:15:00,1111116.8102800571
2026-04-08 20:30:00,1111116.8102800571
2026-04-08 20:45:00,1111116.8102800571
2026-04-08 21:00:00,1111116.8102800571
2026-04-08 21:15:00,1111116.8102800571
2026-04-08 21:30:00,1111116.8102800571
2026-04-08 21:45:00,1111116.8102800571
2026-04-08 22:00:00,1111116.8102800571
2026-04-08 22:15:00,1111116.8102800571
2026-04-08 22:30:00,1111116.8102800571
2026-04-08 22:45:00,1111116.8102800571
2026-04-08 23:00:00,1111116.8102800571
2026-04-08 23:15:00,1111116.8102800571
2026-04-08 23:30:00,1111116.8102800571
2026-04-08 23:45:00,1111116.8102800571
2026-04-09 00:00:00,1111116.8102800571
2026-04-09 00:15:00,1111116.8102800571
2026-04-09 00:30:00,1111116.8102800571
2026-04-09 00:45:00,1111116.8102800571
2026-04-09 01:00:00,1111116.8102800571
2026-04-09 01:15:00,1111116.8102800571
2026-04-09 01:30:00,1111116.8102800571
2026-04-09 01:45:00,1111116.8102800571
2026-04-09 02:00:00,1111116.8102800571
2026-04-09 02:15:00,1111116.8102800571
2026-04-09 02:30:00,1111116.8102800571
2026-04-09 02:45:00,1111116.8102800571
2026-04-09 03:00:00,1111116.8102800571
2026-04-09 03:15:00,1111116.8102800571
2026-04-09 03:30:00,1111116.8102800571
2026-04-09 03:45:00,1111116.8102800571
2026-04-09 04:00:00,1111116.8102800571
2026-04-09 04:15:00,1111116.8102800571
2026-04-09 04:30:00,1111116.8102800571
2026-04-09 04:45:00,1111116.8102800571
2026-04-09 05:00:00,1111116.8102800571
2026-04-09 05:15:00,1111116.8102800571
2026-04-09 05:30:00,1111116.8102800571
2026-04-09 05:45:00,1111116.8102800571
2026-04-09 06:00:00,1111116.8102800571
2026-04-09 06:15:00,1111116.8102800571
2026-04-09 06:30:00,1111116.8102800571
2026-04-09 06:45:00,1111116.8102800571
2026-04-09 07:00:00,1111116.8102800571
2026-04-09 07:15:00,1111116.8102800571
2026-04-09 07:30:00,1111116.8102800571
2026-04-09 07:45:00,1111116.8102800571
2026-04-09 08:00:00,1111116.8102800571
2026-04-09 08:15:00,1111116.8102800571
2026-04-09 08:30:00,1111116.8102800571
2026-04-09 08:45:00,1111116.8102800571
2026-04-09 09:00:00,1111116.8102800571
2026-04-09 09:15:00,1111116.8102800571
2026-04-09 09:30:00,1111116.8102800571
2026-04-09 09:45:00,1111116.8102800571
2026-04-09 10:00:00,1111116.8102800571
2026-04-09 10:15:00,1111116.8102800571
2026-04-09 10:30:00,1111116.8102800571
2026-04-09 10:45:00,1111116.8102800571
2026-04-09 11:00:00,1111116.8102800571
2026-04-09 11:15:00,1111116.8102800571
2026-04-09 11:30:00,1111116.8102800571
2026-04-09 11:45:00,1111116.8102800571
2026-04-09 12:00:00,1111116.8102800571
2026-04-09 12:15:00,1111116.8102800571
2026-04-09 12:30:00,1111116.8102800571
2026-04-09 12:45:00,1111116.8102800571
2026-04-09 13:00:00,1111116.8102800571
2026-04-09 13:15:00,1111116.8102800571
2026-04-09 13:30:00,1111116.8102800571
2026-04-09 13:45:00,1111116.8102800571
2026-04-09 14:00:00,1111116.8102800571
2026-04-09 14:15:00,1111116.8102800571
2026-04-09 14:30:00,1111116.8102800571
2026-04-09 14:45:00,1111116.8102800571
2026-04-09 15:00:00,1111116.8102800571
2026-04-09 15:15:00,1111116.8102800571
2026-04-09 15:30:00,1111116.8102800571
2026-04-09 15:45:00,1111116.8102800571
2026-04-09 16:00:00,1111116.8102800571
2026-04-09 16:15:00,1111116.8102800571
2026-04-09 16:30:00,1111116.8102800571
2026-04-09 16:45:00,1111116.8102800571
2026-04-09 17:00:00,1111116.8102800571
2026-04-09 17:15:00,1111116.8102800571
2026-04-09 17:30:00,1111116.8102800571
2026-04-09 17:45:00,1111116.8102800571
2026-04-09 18:00:00,1111116.8102800571
2026-04-09 18:15:00,1111116.8102800571
2026-04-09 18:30:00,1111116.8102800571
2026-04-09 18:45:00,1111116.8102800571
2026-04-09 19:00:00,1111116.8102800571
2026-04-09 19:15:00,1111116.8102800571
2026-04-09 19:30:00,1111116.8102800571
2026-04-09 19:45:00,1111116.8102800571
2026-04-09 20:00:00,1111116.8102800571
2026-04-09 20:15:00,1111116.8102800571
2026-04-09 20:30:00,1111116.8102800571
2026-04-09 20:45:00,1111116.8102800571
2026-04-09 21:00:00,1111116.8102800571
2026-04-09 21:15:00,1111116.8102800571
2026-04-09 21:30:00,1111116.8102800571
2026-04-09 21:45:00,1111116.8102800571
2026-04-09 22:00:00,1111116.8102800571
2026-04-09 22:15:00,1111116.8102800571
2026-04-09 22:30:00,1111116.8102800571
2026-04-09 22:45:00,1111116.8102800571
2026-04-09 23:00:00,1111116.8102800571
2026-04-09 23:15:00,1111116.8102800571
2026-04-09 23:30:00,1111116.8102800571
2026-04-09 23:45:00,1111116.8102800571
2026-04-10 00:00:00,1111116.8102800571
2026-04-10 00:15:00,1111116.8102800571
2026-04-10 00:30:00,1111116.8102800571
2026-04-10 00:45:00,1111116.8102800571
2026-04-10 01:00:00,1111116.8102800571
2026-04-10 01:15:00,1111116.8102800571
2026-04-10 01:30:00,1111116.8102800571
2026-04-10 01:45:00,1111116.8102800571
2026-04-10 02:00:00,1111116.8102800571
2026-04-10 02:15:00,1111116.8102800571
2026-04-10 02:30:00,1111116.8102800571
2026-04-10 02:45:00,1111116.8102800571
2026-04-10 03:00:00,1111116.8102800571
2026-04-10 03:15:00,1111116.8102800571
2026-04-10 03:30:00,1111116.8102800571
2026-04-10 03:45:00,1111116.8102800571
2026-04-10 04:00:00,1111116.8102800571
2026-04-10 04:15:00,1111116.8102800571
2026-04-10 04:30:00,1111116.8102800571
2026-04-10 04:45:00,1111116.8102800571
2026-04-10 05:00:00,1111116.8102800571
2026-04-10 05:15:00,1111116.8102800571
2026-04-10 05:30:00,1111116.8102800571
2026-04-10 05:45:00,1111116.8102800571
2026-04-10 06:00:00,1111116.8102800571
2026-04-10 06:15:00,1111116.8102800571
2026-04-10 06:30:00,1111116.8102800571
2026-04-10 06:45:00,1111116.8102800571
2026-04-10 07:00:00,1111116.8102800571
2026-04-10 07:15:00,1111116.8102800571
2026-04-10 07:30:00,1111116.8102800571
2026-04-10 07:45:00,1111116.8102800571
2026-04-10 08:00:00,1111116.8102800571
2026-04-10 08:15:00,1111116.8102800571
2026-04-10 08:30:00,1111116.8102800571
2026-04-10 08:45:00,1111116.8102800571
2026-04-10 09:00:00,1111116.8102800571
2026-04-10 09:15:00,1111116.8102800571
2026-04-10 09:30:00,1111116.8102800571
2026-04-10 09:45:00,1111116.8102800571
2026-04-10 10:00:00,1111116.8102800571
2026-04-10 10:15:00,1111116.8102800571
2026-04-10 10:30:00,1111116.8102800571
2026-04-10 10:45:00,1111116.8102800571
2026-04-10 11:00:00,1111116.8102800571
2026-04-10 11:15:00,1111116.8102800571
2026-04-10 11:30:00,1111116.8102800571
2026-04-10 11:45:00,1111116.8102800571
2026-04-10 12:00:00,1111116.8102800571
2026-04-10 12:15:00,1111116.8102800571
2026-04-10 12:30:00,1111116.8102800571
2026-04-10 12:45:00,1111116.8102800571
2026-04-10 13:00:00,1111116.8102800571
2026-04-10 13:15:00,1111116.8102800571
2026-04-10 13:30:00,1111116.8102800571
2026-04-10 13:45:00,1111116.8102800571
2026-04-10 14:00:00,1111116.8102800571
2026-04-10 14:15:00,1111116.8102800571
2026-04-10 14:30:00,1111116.8102800571
2026-04-10 14:45:00,1111116.8102800571
2026-04-10 15:00:00,1111116.8102800571
2026-04-10 15:15:00,1111116.8102800571
2026-04-10 15:30:00,1111116.8102800571
2026-04-10 15:45:00,1111116.8102800571
2026-04-10 16:00:00,1111116.8102800571
2026-04-10 16:15:00,1111116.8102800571
2026-04-10 16:30:00,1111116.8102800571
2026-04-10 16:45:00,1111116.8102800571
2026-04-10 17:00:00,1111116.8102800571
2026-04-10 17:15:00,1111116.8102800571
2026-04-10 17:30:00,1111116.8102800571
2026-04-10 17:45:00,1111116.8102800571
2026-04-10 18:00:00,1111116.8102800571
2026-04-10 18:15:00,1111116.8102800571
2026-04-10 18:30:00,1111116.8102800571
2026-04-10 18:45:00,1111116.8102800571
2026-04-10 19:00:00,1111116.8102800571
2026-04-10 19:15:00,1111116.8102800571
2026-04-10 19:30:00,1111116.8102800571
2026-04-10 19:45:00,1111116.8102800571
2026-04-10 20:00:00,1111116.8102800571
2026-04-10 20:15:00,1111116.8102800571
2026-04-10 20:30:00,1111116.8102800571
2026-04-10 20:45:00,1111116.8102800571
2026-04-10 21:00:00,1111116.8102800571
2026-04-10 21:15:00,1111116.8102800571
2026-04-10 21:30:00,1111116.8102800571
2026-04-10 21:45:00,1111116.8102800571
2026-04-10 22:00:00,1111116.8102800571
2026-04-10 22:15:00,1111116.8102800571
2026-04-10 22:30:00,1111116.8102800571
2026-04-10 22:45:00,1111116.8102800571
2026-04-10 23:00:00,1111116.8102800571
2026-04-10 23:15:00,1111116.8102800571
2026-04-10 23:30:00,1111116.8102800571
2026-04-10 23:45:00,1111116.8102800571
2026-04-13 00:00:00,1111116.8102800571
2026-04-13 00:15:00,1111116.8102800571
2026-04-13 00:30:00,1111116.8102800571
2026-04-13 00:45:00,1111116.8102800571
2026-04-13 01:00:00,1111116.8102800571
2026-04-13 01:15:00,1111116.8102800571
2026-04-13 01:30:00,1111116.8102800571
2026-04-13 01:45:00,1111116.8102800571
2026-04-13 02:00:00,1111116.8102800571
2026-04-13 02:15:00,1111116.8102800571
2026-04-13 02:30:00,1111116.8102800571
2026-04-13 02:45:00,1111116.8102800571
2026-04-13 03:00:00,1111116.8102800571
2026-04-13 03:15:00,1111116.8102800571
2026-04-13 03:30:00,1111116.8102800571
2026-04-13 03:45:00,1111116.8102800571
2026-04-13 04:00:00,1111116.8102800571
2026-04-13 04:15:00,1111116.8102800571
2026-04-13 04:30:00,1111116.8102800571
2026-04-13 04:45:00,1111116.8102800571
2026-04-13 05:00:00,1111116.8102800571
2026-04-13 05:15:00,1111116.8102800571
2026-04-13 05:30:00,1111116.8102800571
2026-04-13 05:45:00,1111116.8102800571
2026-04-13 06:00:00,1111116.8102800571
2026-04-13 06:15:00,1111116.8102800571
2026-04-13 06:30:00,1111116.8102800571
2026-04-13 06:45:00,1111116.8102800571
2026-04-13 07:00:00,1111116.8102800571
2026-04-13 07:15:00,1111116.8102800571
2026-04-13 07:30:00,1111116.8102800571
2026-04-13 07:45:00,1111116.8102800571
2026-04-13 08:00:00,1111116.8102800571
2026-04-13 08:15:00,1111116.8102800571
2026-04-13 08:30:00,1111116.8102800571
2026-04-13 08:45:00,1111116.8102800571
2026-04-13 09:00:00,1111116.8102800571
2026-04-13 09:15:00,1111116.8102800571
2026-04-13 09:30:00,1111116.8102800571
2026-04-13 09:45:00,1111116.8102800571
2026-04-13 10:00:00,1111116.8102800571
2026-04-13 10:15:00,1111116.8102800571
2026-04-13 10:30:00,1111116.8102800571
2026-04-13 10:45:00,1111116.8102800571
2026-04-13 11:00:00,1111116.8102800571
2026-04-13 11:15:00,1111116.8102800571
2026-04-13 11:30:00,1111116.8102800571
2026-04-13 11:45:00,1111116.8102800571
2026-04-13 12:00:00,1111116.8102800571
2026-04-13 12:15:00,1111116.8102800571
2026-04-13 12:30:00,1111116.8102800571
2026-04-13 12:45:00,1111116.8102800571
2026-04-13 13:00:00,1111116.8102800571
2026-04-13 13:15:00,1111116.8102800571
2026-04-13 13:30:00,1111116.8102800571
2026-04-13 13:45:00,1111116.8102800571
2026-04-13 14:00:00,1111116.8102800571
2026-04-13 14:15:00,1111116.8102800571
2026-04-13 14:30:00,1111116.8102800571
2026-04-13 14:45:00,1111116.8102800571
2026-04-13 15:00:00,1111116.8102800571
2026-04-13 15:15:00,1111116.8102800571
2026-04-13 15:30:00,1111116.8102800571
2026-04-13 15:45:00,1111116.8102800571
2026-04-13 16:00:00,1111116.8102800571
2026-04-13 16:15:00,1111116.8102800571
2026-04-13 16:30:00,1111116.8102800571
2026-04-13 16:45:00,1111116.8102800571
2026-04-13 17:00:00,1111116.8102800571
2026-04-13 17:15:00,1111116.8102800571
2026-04-13 17:30:00,1111116.8102800571
2026-04-13 17:45:00,1111116.8102800571
2026-04-13 18:00:00,1111116.8102800571
2026-04-13 18:15:00,1111116.8102800571
2026-04-13 18:30:00,1111116.8102800571
2026-04-13 18:45:00,1111116.8102800571
2026-04-13 19:00:00,1111116.8102800571
2026-04-13 19:15:00,1111116.8102800571
2026-04-13 19:30:00,1111116.8102800571
2026-04-13 19:45:00,1111116.8102800571
2026-04-13 20:00:00,1111116.8102800571
2026-04-13 20:15:00,1111116.8102800571
2026-04-13 20:30:00,1111116.8102800571
2026-04-13 20:45:00,1111116.8102800571
2026-04-13 21:00:00,1111116.8102800571
2026-04-13 21:15:00,1111116.8102800571
2026-04-13 21:30:00,1111116.8102800571
2026-04-13 21:45:00,1111116.8102800571
2026-04-13 22:00:00,1111116.8102800571
2026-04-13 22:15:00,1111116.8102800571
2026-04-13 22:30:00,1111116.8102800571
2026-04-13 22:45:00,1111116.8102800571
2026-04-13 23:00:00,1111116.8102800571
2026-04-13 23:15:00,1111116.8102800571
2026-04-13 23:30:00,1111116.8102800571
2026-04-13 23:45:00,1111116.8102800571
2026-04-14 00:00:00,1111116.8102800571
2026-04-14 00:15:00,1111116.8102800571
2026-04-14 00:30:00,1111116.8102800571
2026-04-14 00:45:00,1111116.8102800571
2026-04-14 01:00:00,1111116.8102800571
2026-04-14 01:15:00,1111116.8102800571
2026-04-14 01:30:00,1111116.8102800571
2026-04-14 01:45:00,1111116.8102800571
2026-04-14 02:00:00,1111116.8102800571
2026-04-14 02:15:00,1111116.8102800571
2026-04-14 02:30:00,1111116.8102800571
2026-04-14 02:45:00,1111116.8102800571
2026-04-14 03:00:00,1111116.8102800571
2026-04-14 03:15:00,1111116.8102800571
2026-04-14 03:30:00,1111116.8102800571
2026-04-14 03:45:00,1111116.8102800571
2026-04-14 04:00:00,1111116.8102800571
2026-04-14 04:15:00,1111116.8102800571
2026-04-14 04:30:00,1111116.8102800571
2026-04-14 04:45:00,1111116.8102800571
2026-04-14 05:00:00,1111116.8102800571
2026-04-14 05:15:00,1111116.8102800571
2026-04-14 05:30:00,1111116.8102800571
2026-04-14 05:45:00,1111116.8102800571
2026-04-14 06:00:00,1111116.8102800571
2026-04-14 06:15:00,1111116.8102800571
2026-04-14 06:30:00,1111116.8102800571
2026-04-14 06:45:00,1111116.8102800571
2026-04-14 07:00:00,1111116.8102800571
2026-04-14 07:15:00,1111116.8102800571
2026-04-14 07:30:00,1111116.8102800571
2026-04-14 07:45:00,1111116.8102800571
2026-04-14 08:00:00,1111116.8102800571
2026-04-14 08:15:00,1111116.8102800571
2026-04-14 08:30:00,1111116.8102800571
2026-04-14 08:45:00,1111116.8102800571
2026-04-14 09:00:00,1111116.8102800571
2026-04-14 09:15:00,1111116.8102800571
2026-04-14 09:30:00,1111116.8102800571
2026-04-14 09:45:00,1111116.8102800571
2026-04-14 10:00:00,1111116.8102800571
2026-04-14 10:15:00,1111116.8102800571
2026-04-14 10:30:00,1111116.8102800571
2026-04-14 10:45:00,1111116.8102800571
2026-04-14 11:00:00,1111116.8102800571
2026-04-14 11:15:00,1111116.8102800571
2026-04-14 11:30:00,1111116.8102800571
2026-04-14 11:45:00,1111116.8102800571
2026-04-14 12:00:00,1111116.8102800571
2026-04-14 12:15:00,1111116.8102800571
2026-04-14 12:30:00,1111116.8102800571
2026-04-14 12:45:00,1111116.8102800571
2026-04-14 13:00:00,1111116.8102800571
2026-04-14 13:15:00,1111116.8102800571
2026-04-14 13:30:00,1111116.8102800571
2026-04-14 13:45:00,1111116.8102800571
2026-04-14 14:00:00,1111116.8102800571
2026-04-14 14:15:00,1111116.8102800571
2026-04-14 14:30:00,1111116.8102800571
2026-04-14 14:45:00,1111116.8102800571
2026-04-14 15:00:00,1111116.8102800571
2026-04-14 15:15:00,1111116.8102800571
2026-04-14 15:30:00,1111116.8102800571
2026-04-14 15:45:00,1111116.8102800571
2026-04-14 16:00:00,1111116.8102800571
2026-04-14 16:15:00,1111116.8102800571
2026-04-14 16:30:00,1111116.8102800571
2026-04-14 16:45:00,1111116.8102800571
2026-04-14 17:00:00,1111116.8102800571
2026-04-14 17:15:00,1111116.8102800571
2026-04-14 17:30:00,1111116.8102800571
2026-04-14 17:45:00,1111116.8102800571
2026-04-14 18:00:00,1111116.8102800571
2026-04-14 18:15:00,1111116.8102800571
2026-04-14 18:30:00,1111116.8102800571
2026-04-14 18:45:00,1111116.8102800571
2026-04-14 19:00:00,1111116.8102800571
2026-04-14 19:15:00,1111116.8102800571
2026-04-14 19:30:00,1111116.8102800571
2026-04-14 19:45:00,1111116.8102800571
2026-04-14 20:00:00,1111116.8102800571
2026-04-14 20:15:00,1111116.8102800571
2026-04-14 20:30:00,1111116.8102800571
2026-04-14 20:45:00,1111116.8102800571
2026-04-14 21:00:00,1111116.8102800571
2026-04-14 21:15:00,1111116.8102800571
2026-04-14 21:30:00,1111116.8102800571
2026-04-14 21:45:00,1111116.8102800571
2026-04-14 22:00:00,1111116.8102800571
2026-04-14 22:15:00,1111116.8102800571
2026-04-14 22:30:00,1111116.8102800571
2026-04-14 22:45:00,1111116.8102800571
2026-04-14 23:00:00,1111116.8102800571
2026-04-14 23:15:00,1111116.8102800571
2026-04-14 23:30:00,1111116.8102800571
2026-04-14 23:45:00,1111116.8102800571
2026-04-15 00:00:00,1111116.8102800571
2026-04-15 00:15:00,1111116.8102800571
2026-04-15 00:30:00,1111116.8102800571
2026-04-15 00:45:00,1111116.8102800571
2026-04-15 01:00:00,1111116.8102800571
2026-04-15 01:15:00,1111116.8102800571
2026-04-15 01:30:00,1111116.8102800571
2026-04-15 01:45:00,1111116.8102800571
2026-04-15 02:00:00,1111116.8102800571
2026-04-15 02:15:00,1111116.8102800571
2026-04-15 02:30:00,1111116.8102800571
2026-04-15 02:45:00,1111116.8102800571
2026-04-15 03:00:00,1111116.8102800571
2026-04-15 03:15:00,1111116.8102800571
2026-04-15 03:30:00,1111116.8102800571
2026-04-15 03:45:00,1111116.8102800571
2026-04-15 04:00:00,1111116.8102800571
2026-04-15 04:15:00,1111116.8102800571
2026-04-15 04:30:00,1111116.8102800571
2026-04-15 04:45:00,1111116.8102800571
2026-04-15 05:00:00,1111116.8102800571
2026-04-15 05:15:00,1111116.8102800571
2026-04-15 05:30:00,1111116.8102800571
2026-04-15 05:45:00,1111116.8102800571
2026-04-15 06:00:00,1111116.8102800571
2026-04-15 06:15:00,1111116.8102800571
2026-04-15 06:30:00,1111116.8102800571
2026-04-15 06:45:00,1111116.8102800571
2026-04-15 07:00:00,1111116.8102800571
2026-04-15 07:15:00,1111116.8102800571
2026-04-15 07:30:00,1111116.8102800571
2026-04-15 07:45:00,1111116.8102800571
2026-04-15 08:00:00,1111116.8102800571
2026-04-15 08:15:00,1111116.8102800571
2026-04-15 08:30:00,1111116.8102800571
2026-04-15 08:45:00,1111116.8102800571
2026-04-15 09:00:00,1111116.8102800571
2026-04-15 09:15:00,1111116.8102800571
2026-04-15 09:30:00,1111116.8102800571
2026-04-15 09:45:00,1111116.8102800571
2026-04-15 10:00:00,1111116.8102800571
2026-04-15 10:15:00,1111116.8102800571
2026-04-15 10:30:00,1111116.8102800571
2026-04-15 10:45:00,1111116.8102800571
2026-04-15 11:00:00,1111116.8102800571
2026-04-15 11:15:00,1111116.8102800571
2026-04-15 11:30:00,1111116.8102800571
2026-04-15 11:45:00,1111116.8102800571
2026-04-15 12:00:00,1111116.8102800571
2026-04-15 12:15:00,1111116.8102800571
2026-04-15 12:30:00,1111116.8102800571
2026-04-15 12:45:00,1111116.8102800571
2026-04-15 13:00:00,1111116.8102800571
2026-04-15 13:15:00,1111116.8102800571
2026-04-15 13:30:00,1111116.8102800571
2026-04-15 13:45:00,1111116.8102800571
2026-04-15 14:00:00,1111116.8102800571
2026-04-15 14:15:00,1111116.8102800571
2026-04-15 14:30:00,1111116.8102800571
2026-04-15 14:45:00,1111116.8102800571
2026-04-15 15:00:00,1111116.8102800571
2026-04-15 15:15:00,1111116.8102800571
2026-04-15 15:30:00,1111116.8102800571
2026-04-15 15:45:00,1111116.8102800571
2026-04-15 16:00:00,1111116.8102800571
2026-04-15 16:15:00,1111116.8102800571
2026-04-15 16:30:00,1111116.8102800571
2026-04-15 16:45:00,1111116.8102800571
2026-04-15 17:00:00,1111116.8102800571
2026-04-15 17:15:00,1111116.8102800571
2026-04-15 17:30:00,1111116.8102800571
2026-04-15 17:45:00,1111116.8102800571
2026-04-15 18:00:00,1111116.8102800571
2026-04-15 18:15:00,1111116.8102800571
2026-04-15 18:30:00,1111116.8102800571
2026-04-15 18:45:00,1111116.8102800571
2026-04-15 19:00:00,1111116.8102800571
2026-04-15 19:15:00,1111116.8102800571
2026-04-15 19:30:00,1111116.8102800571
2026-04-15 19:45:00,1111116.8102800571
2026-04-15 20:00:00,1111116.8102800571
2026-04-15 20:15:00,1111116.8102800571
2026-04-15 20:30:00,1111116.8102800571
2026-04-15 20:45:00,1111116.8102800571
2026-04-15 21:00:00,1111116.8102800571
2026-04-15 21:15:00,1111116.8102800571
2026-04-15 21:30:00,1111116.8102800571
2026-04-15 21:45:00,1111116.8102800571
2026-04-15 22:00:00,1111116.8102800571
2026-04-15 22:15:00,1111116.8102800571
2026-04-15 22:30:00,1111116.8102800571
2026-04-15 22:45:00,1111116.8102800571
2026-04-15 23:00:00,1111116.8102800571
2026-04-15 23:15:00,1111116.8102800571
2026-04-15 23:30:00,1111116.8102800571
2026-04-15 23:45:00,1111116.8102800571
2026-04-16 00:00:00,1111116.8102800571
2026-04-16 00:15:00,1111116.8102800571
2026-04-16 00:30:00,1111116.8102800571
2026-04-16 00:45:00,1111116.8102800571
2026-04-16 01:00:00,1111116.8102800571
2026-04-16 01:15:00,1111116.8102800571
2026-04-16 01:30:00,1111116.8102800571
2026-04-16 01:45:00,1111116.8102800571
2026-04-16 02:00:00,1111116.8102800571
2026-04-16 02:15:00,1111116.8102800571
2026-04-16 02:30:00,1111116.8102800571
2026-04-16 02:45:00,1111116.8102800571
2026-04-16 03:00:00,1111116.8102800571
2026-04-16 03:15:00,1111116.8102800571
2026-04-16 03:30:00,1111116.8102800571
2026-04-16 03:45:00,1111116.8102800571
2026-04-16 04:00:00,1111116.8102800571
2026-04-16 04:15:00,1111116.8102800571
2026-04-16 04:30:00,1111116.8102800571
2026-04-16 04:45:00,1111116.8102800571
2026-04-16 05:00:00,1111116.8102800571
2026-04-16 05:15:00,1111116.8102800571
2026-04-16 05:30:00,1111116.8102800571
2026-04-16 05:45:00,1111116.8102800571
2026-04-16 06:00:00,1111116.8102800571
2026-04-16 06:15:00,1111116.8102800571
2026-04-16 06:30:00,1111116.8102800571
2026-04-16 06:45:00,1111116.8102800571
2026-04-16 07:00:00,1111116.8102800571
2026-04-16 07:15:00,1111116.8102800571
2026-04-16 07:30:00,1111116.8102800571
2026-04-16 07:45:00,1111116.8102800571
2026-04-16 08:00:00,1111116.8102800571
2026-04-16 08:15:00,1111116.8102800571
2026-04-16 08:30:00,1111116.8102800571
2026-04-16 08:45:00,1111116.8102800571
2026-04-16 09:00:00,1111116.8102800571
2026-04-16 09:15:00,1111116.8102800571
2026-04-16 09:30:00,1111116.8102800571
2026-04-16 09:45:00,1111116.8102800571
2026-04-16 10:00:00,1111116.8102800571
2026-04-16 10:15:00,1111116.8102800571
2026-04-16 10:30:00,1111116.8102800571
2026-04-16 10:45:00,1111116.8102800571
2026-04-16 11:00:00,1111116.8102800571
2026-04-16 11:15:00,1111116.8102800571
2026-04-16 11:30:00,1111116.8102800571
2026-04-16 11:45:00,1111116.8102800571
2026-04-16 12:00:00,1111116.8102800571
2026-04-16 12:15:00,1111116.8102800571
2026-04-16 12:30:00,1111116.8102800571
2026-04-16 12:45:00,1111116.8102800571
2026-04-16 13:00:00,1111116.8102800571
2026-04-16 13:15:00,1111116.8102800571
2026-04-16 13:30:00,1111116.8102800571
2026-04-16 13:45:00,1111116.8102800571
2026-04-16 14:00:00,1111116.8102800571
2026-04-16 14:15:00,1111116.8102800571
2026-04-16 14:30:00,1111116.8102800571
2026-04-16 14:45:00,1111116.8102800571
2026-04-16 15:00:00,1111116.8102800571
2026-04-16 15:15:00,1111116.8102800571
2026-04-16 15:30:00,1111116.8102800571
2026-04-16 15:45:00,1111116.8102800571
2026-04-16 16:00:00,1111116.8102800571
2026-04-16 16:15:00,1111116.8102800571
2026-04-16 16:30:00,1111116.8102800571
2026-04-16 16:45:00,1111116.8102800571
2026-04-16 17:00:00,1111116.8102800571
2026-04-16 17:15:00,1111116.8102800571
2026-04-16 17:30:00,1111116.8102800571
2026-04-16 17:45:00,1111116.8102800571
2026-04-16 18:00:00,1111116.8102800571
2026-04-16 18:15:00,1111116.8102800571
2026-04-16 18:30:00,1111116.8102800571
2026-04-16 18:45:00,1111116.8102800571
2026-04-16 19:00:00,1111116.8102800571
2026-04-16 19:15:00,1111116.8102800571
2026-04-16 19:30:00,1111116.8102800571
2026-04-16 19:45:00,1111116.8102800571
2026-04-16 20:00:00,1111116.8102800571
2026-04-16 20:15:00,1111116.8102800571
2026-04-16 20:30:00,1111116.8102800571
2026-04-16 20:45:00,1111116.8102800571
2026-04-16 21:00:00,1111116.8102800571
2026-04-16 21:15:00,1111116.8102800571
2026-04-16 21:30:00,1111116.8102800571
2026-04-16 21:45:00,1111116.8102800571
2026-04-16 22:00:00,1111116.8102800571
2026-04-16 22:15:00,1111116.8102800571
2026-04-16 22:30:00,1111116.8102800571
2026-04-16 22:45:00,1111116.8102800571
2026-04-16 23:00:00,1111116.8102800571
2026-04-16 23:15:00,1111116.8102800571
2026-04-16 23:30:00,1111116.8102800571
2026-04-16 23:45:00,1111116.8102800571
2026-04-17 00:00:00,1111116.8102800571
2026-04-17 00:15:00,1111116.8102800571
2026-04-17 00:30:00,1111116.8102800571
2026-04-17 00:45:00,1111116.8102800571
2026-04-17 01:00:00,1111116.8102800571
2026-04-17 01:15:00,1111116.8102800571
2026-04-17 01:30:00,1111116.8102800571
2026-04-17 01:45:00,1111116.8102800571
2026-04-17 02:00:00,1111116.8102800571
2026-04-17 02:15:00,1111116.8102800571
2026-04-17 02:30:00,1111116.8102800571
2026-04-17 02:45:00,1111116.8102800571
2026-04-17 03:00:00,1111116.8102800571
2026-04-17 03:15:00,1111116.8102800571
2026-04-17 03:30:00,1111116.8102800571
2026-04-17 03:45:00,1111116.8102800571
2026-04-17 04:00:00,1111116.8102800571
2026-04-17 04:15:00,1111116.8102800571
2026-04-17 04:30:00,1111116.8102800571
2026-04-17 04:45:00,1111116.8102800571
2026-04-17 05:00:00,1111116.8102800571
2026-04-17 05:15:00,1111116.8102800571
2026-04-17 05:30:00,1111116.8102800571
2026-04-17 05:45:00,1111116.8102800571
2026-04-17 06:00:00,1111116.8102800571
2026-04-17 06:15:00,1111116.8102800571
2026-04-17 06:30:00,1111116.8102800571
2026-04-17 06:45:00,1111116.8102800571
2026-04-17 07:00:00,1111116.8102800571
2026-04-17 07:15:00,1111116.8102800571
2026-04-17 07:30:00,1111116.8102800571
2026-04-17 07:45:00,1111116.8102800571
2026-04-17 08:00:00,1111116.8102800571
2026-04-17 08:15:00,1111116.8102800571
2026-04-17 08:30:00,1111116.8102800571
2026-04-17 08:45:00,1111116.8102800571
2026-04-17 09:00:00,1111116.8102800571
2026-04-17 09:15:00,1111116.8102800571
2026-04-17 09:30:00,1111116.8102800571
2026-04-17 09:45:00,1111116.8102800571
2026-04-17 10:00:00,1111116.8102800571
2026-04-17 10:15:00,1111116.8102800571
2026-04-17 10:30:00,1111116.8102800571
2026-04-17 10:45:00,1111116.8102800571
2026-04-17 11:00:00,1111116.8102800571
2026-04-17 11:15:00,1111116.8102800571
2026-04-17 11:30:00,1111116.8102800571
2026-04-17 11:45:00,1111116.8102800571
2026-04-17 12:00:00,1111116.8102800571
2026-04-17 12:15:00,1111116.8102800571
2026-04-17 12:30:00,1111116.8102800571
2026-04-17 12:45:00,1111116.8102800571
2026-04-17 13:00:00,1111116.8102800571
2026-04-17 13:15:00,1111116.8102800571
2026-04-17 13:30:00,1111116.8102800571
2026-04-17 13:45:00,1111116.8102800571
2026-04-17 14:00:00,1111116.8102800571
2026-04-17 14:15:00,1111116.8102800571
2026-04-17 14:30:00,1111116.8102800571
2026-04-17 14:45:00,1111116.8102800571
2026-04-17 15:00:00,1111116.8102800571
2026-04-17 15:15:00,1111116.8102800571
2026-04-17 15:30:00,1111116.8102800571
2026-04-17 15:45:00,1111116.8102800571
2026-04-17 16:00:00,1111116.8102800571
2026-04-17 16:15:00,1111116.8102800571
2026-04-17 16:30:00,1111116.8102800571
2026-04-17 16:45:00,1111116.8102800571
2026-04-17 17:00:00,1111116.8102800571
2026-04-17 17:15:00,1111116.8102800571
2026-04-17 17:30:00,1111116.8102800571
2026-04-17 17:45:00,1111116.8102800571
2026-04-17 18:00:00,1111116.8102800571
2026-04-17 18:15:00,1111116.8102800571
2026-04-17 18:30:00,1111116.8102800571
2026-04-17 18:45:00,1111116.8102800571
2026-04-17 19:00:00,1111116.8102800571
2026-04-17 19:15:00,1111116.8102800571
2026-04-17 19:30:00,1111116.8102800571
2026-04-17 19:45:00,1111116.8102800571
2026-04-17 20:00:00,1111116.8102800571
2026-04-17 20:15:00,1111116.8102800571
2026-04-17 20:30:00,1111116.8102800571
2026-04-17 20:45:00,1111116.8102800571
2026-04-17 21:00:00,1111116.8102800571
2026-04-17 21:15:00,1111116.8102800571
2026-04-17 21:30:00,1111116.8102800571
2026-04-17 21:45:00,1111116.8102800571
2026-04-17 22:00:00,1111116.8102800571
2026-04-17 22:15:00,1111116.8102800571
2026-04-17 22:30:00,1111116.8102800571
2026-04-17 22:45:00,1111116.8102800571
2026-04-17 23:00:00,1111116.8102800571
2026-04-17 23:15:00,1111116.8102800571
2026-04-17 23:30:00,1111116.8102800571
2026-04-17 23:45:00,1111116.8102800571
2026-04-20 00:00:00,1111116.8102800571
2026-04-20 00:15:00,1111116.8102800571
2026-04-20 00:30:00,1111116.8102800571
2026-04-20 00:45:00,1111116.8102800571
2026-04-20 01:00:00,1111116.8102800571
2026-04-20 01:15:00,1111116.8102800571
2026-04-20 01:30:00,1111116.8102800571
2026-04-20 01:45:00,1111116.8102800571
2026-04-20 02:00:00,1111116.8102800571
2026-04-20 02:15:00,1111116.8102800571
2026-04-20 02:30:00,1111116.8102800571
2026-04-20 02:45:00,1111116.8102800571
2026-04-20 03:00:00,1111116.8102800571
2026-04-20 03:15:00,1111116.8102800571
2026-04-20 03:30:00,1111116.8102800571
2026-04-20 03:45:00,1111116.8102800571
2026-04-20 04:00:00,1111116.8102800571
2026-04-20 04:15:00,1111116.8102800571
2026-04-20 04:30:00,1111116.8102800571
2026-04-20 04:45:00,1111116.8102800571
2026-04-20 05:00:00,1111116.8102800571
2026-04-20 05:15:00,1111116.8102800571
2026-04-20 05:30:00,1111116.8102800571
2026-04-20 05:45:00,1111116.8102800571
2026-04-20 06:00:00,1111116.8102800571
2026-04-20 06:15:00,1111116.8102800571
2026-04-20 06:30:00,1111116.8102800571
2026-04-20 06:45:00,1111116.8102800571
2026-04-20 07:00:00,1111116.8102800571
2026-04-20 07:15:00,1111116.8102800571
2026-04-20 07:30:00,1111116.8102800571
2026-04-20 07:45:00,1111116.8102800571
2026-04-20 08:00:00,1111116.8102800571
2026-04-20 08:15:00,1111116.8102800571
2026-04-20 08:30:00,1111116.8102800571
2026-04-20 08:45:00,1111116.8102800571
2026-04-20 09:00:00,1111116.8102800571
2026-04-20 09:15:00,1111116.8102800571
2026-04-20 09:30:00,1111116.8102800571
2026-04-20 09:45:00,1111116.8102800571
2026-04-20 10:00:00,1111116.8102800571
2026-04-20 10:15:00,1111116.8102800571
2026-04-20 10:30:00,1111116.8102800571
2026-04-20 10:45:00,1111116.8102800571
2026-04-20 11:00:00,1111116.8102800571
2026-04-20 11:15:00,1111116.8102800571
2026-04-20 11:30:00,1111116.8102800571
2026-04-20 11:45:00,1111116.8102800571
2026-04-20 12:00:00,1111116.8102800571
2026-04-20 12:15:00,1111116.8102800571
2026-04-20 12:30:00,1111116.8102800571
2026-04-20 12:45:00,1111116.8102800571
2026-04-20 13:00:00,1111116.8102800571
2026-04-20 13:15:00,1111116.8102800571
2026-04-20 13:30:00,1111116.8102800571
2026-04-20 13:45:00,1111116.8102800571
2026-04-20 14:00:00,1111116.8102800571
2026-04-20 14:15:00,1111116.8102800571
2026-04-20 14:30:00,1111116.8102800571
2026-04-20 14:45:00,1111116.8102800571
2026-04-20 15:00:00,1111116.8102800571
2026-04-20 15:15:00,1111116.8102800571
2026-04-20 15:30:00,1111116.8102800571
2026-04-20 15:45:00,1111116.8102800571
2026-04-20 16:00:00,1111116.8102800571
2026-04-20 16:15:00,1111116.8102800571
2026-04-20 16:30:00,1111116.8102800571
2026-04-20 16:45:00,1111116.8102800571
2026-04-20 17:00:00,1111116.8102800571
2026-04-20 17:15:00,1111116.8102800571
2026-04-20 17:30:00,1111116.8102800571
2026-04-20 17:45:00,1111116.8102800571
2026-04-20 18:00:00,1111116.8102800571
2026-04-20 18:15:00,1111116.8102800571
2026-04-20 18:30:00,1111116.8102800571
2026-04-20 18:45:00,1111116.8102800571
2026-04-20 19:00:00,1111116.8102800571
2026-04-20 19:15:00,1111116.8102800571
2026-04-20 19:30:00,1111116.8102800571
2026-04-20 19:45:00,1111116.8102800571
2026-04-20 20:00:00,1111116.8102800571
2026-04-20 20:15:00,1111116.8102800571
2026-04-20 20:30:00,1111116.8102800571
2026-04-20 20:45:00,1111116.8102800571
2026-04-20 21:00:00,1111116.8102800571
2026-04-20 21:15:00,1111116.8102800571
2026-04-20 21:30:00,1111116.8102800571
2026-04-20 21:45:00,1111116.8102800571
2026-04-20 22:00:00,1111116.8102800571
2026-04-20 22:15:00,1111116.8102800571
2026-04-20 22:30:00,1111116.8102800571
2026-04-20 22:45:00,1111116.8102800571
2026-04-20 23:00:00,1111116.8102800571
2026-04-20 23:15:00,1111116.8102800571
2026-04-20 23:30:00,1111116.8102800571
2026-04-20 23:45:00,1111116.8102800571
2026-04-21 00:00:00,1111116.8102800571
2026-04-21 00:15:00,1111116.8102800571
2026-04-21 00:30:00,1111116.8102800571
2026-04-21 00:45:00,1111116.8102800571
2026-04-21 01:00:00,1111116.8102800571
2026-04-21 01:15:00,1111116.8102800571
2026-04-21 01:30:00,1111116.8102800571
2026-04-21 01:45:00,1111116.8102800571
2026-04-21 02:00:00,1111116.8102800571
2026-04-21 02:15:00,1111116.8102800571
2026-04-21 02:30:00,1111116.8102800571
2026-04-21 02:45:00,1111116.8102800571
2026-04-21 03:00:00,1111116.8102800571
2026-04-21 03:15:00,1111116.8102800571
2026-04-21 03:30:00,1111116.8102800571
2026-04-21 03:45:00,1111116.8102800571
2026-04-21 04:00:00,1111116.8102800571
2026-04-21 04:15:00,1111116.8102800571
2026-04-21 04:30:00,1111116.8102800571
2026-04-21 04:45:00,1111116.8102800571
2026-04-21 05:00:00,1111116.8102800571
2026-04-21 05:15:00,1111116.8102800571
2026-04-21 05:30:00,1111116.8102800571
2026-04-21 05:45:00,1111116.8102800571
2026-04-21 06:00:00,1111116.8102800571
2026-04-21 06:15:00,1111116.8102800571
2026-04-21 06:30:00,1111116.8102800571
2026-04-21 06:45:00,1111116.8102800571
2026-04-21 07:00:00,1111116.8102800571
2026-04-21 07:15:00,1111116.8102800571
2026-04-21 07:30:00,1111116.8102800571
2026-04-21 07:45:00,1111116.8102800571
2026-04-21 08:00:00,1111116.8102800571
2026-04-21 08:15:00,1111116.8102800571
2026-04-21 08:30:00,1111116.8102800571
2026-04-21 08:45:00,1111116.8102800571
2026-04-21 09:00:00,1111116.8102800571
2026-04-21 09:15:00,1111116.8102800571
2026-04-21 09:30:00,1111116.8102800571
2026-04-21 09:45:00,1111116.8102800571
2026-04-21 10:00:00,1111116.8102800571
2026-04-21 10:15:00,1111116.8102800571
2026-04-21 10:30:00,1111116.8102800571
2026-04-21 10:45:00,1111116.8102800571
2026-04-21 11:00:00,1111116.8102800571
2026-04-21 11:15:00,1111116.8102800571
2026-04-21 11:30:00,1111116.8102800571
2026-04-21 11:45:00,1111116.8102800571
2026-04-21 12:00:00,1111116.8102800571
2026-04-21 12:15:00,1111116.8102800571
2026-04-21 12:30:00,1111116.8102800571
2026-04-21 12:45:00,1111116.8102800571
2026-04-21 13:00:00,1111116.8102800571
2026-04-21 13:15:00,1111116.8102800571
2026-04-21 13:30:00,1111116.8102800571
2026-04-21 13:45:00,1111116.8102800571
2026-04-21 14:00:00,1111116.8102800571
2026-04-21 14:15:00,1111116.8102800571
2026-04-21 14:30:00,1111116.8102800571
2026-04-21 14:45:00,1111116.8102800571
2026-04-21 15:00:00,1111116.8102800571
2026-04-21 15:15:00,1111116.8102800571
2026-04-21 15:30:00,1111116.8102800571
2026-04-21 15:45:00,1111116.8102800571
2026-04-21 16:00:00,1111116.8102800571
2026-04-21 16:15:00,1111116.8102800571
2026-04-21 16:30:00,1111116.8102800571
2026-04-21 16:45:00,1111116.8102800571
2026-04-21 17:00:00,1111116.8102800571
2026-04-21 17:15:00,1111116.8102800571
2026-04-21 17:30:00,1111116.8102800571
2026-04-21 17:45:00,1111116.8102800571
2026-04-21 18:00:00,1111116.8102800571
2026-04-21 18:15:00,1111116.8102800571
2026-04-21 18:30:00,1111116.8102800571
2026-04-21 18:45:00,1111116.8102800571
2026-04-21 19:00:00,1111116.8102800571
2026-04-21 19:15:00,1111116.8102800571
2026-04-21 19:30:00,1111116.8102800571
2026-04-21 19:45:00,1111116.8102800571
2026-04-21 20:00:00,1111116.8102800571
2026-04-21 20:15:00,1111116.8102800571
2026-04-21 20:30:00,1111116.8102800571
2026-04-21 20:45:00,1111116.8102800571
2026-04-21 21:00:00,1111116.8102800571
2026-04-21 21:15:00,1111116.8102800571
2026-04-21 21:30:00,1111116.8102800571
2026-04-21 21:45:00,1111116.8102800571
2026-04-21 22:00:00,1111116.8102800571
2026-04-21 22:15:00,1111116.8102800571
2026-04-21 22:30:00,1111116.8102800571
2026-04-21 22:45:00,1111116.8102800571
2026-04-21 23:00:00,1111116.8102800571
2026-04-21 23:15:00,1111116.8102800571
2026-04-21 23:30:00,1111116.8102800571
2026-04-21 23:45:00,1111116.8102800571
2026-04-22 00:00:00,1111116.8102800571
2026-04-22 00:15:00,1111116.8102800571
2026-04-22 00:30:00,1111116.8102800571
2026-04-22 00:45:00,1111116.8102800571
2026-04-22 01:00:00,1111116.8102800571
2026-04-22 01:15:00,1111116.8102800571
2026-04-22 01:30:00,1111116.8102800571
2026-04-22 01:45:00,1111116.8102800571
2026-04-22 02:00:00,1111116.8102800571
2026-04-22 02:15:00,1111116.8102800571
2026-04-22 02:30:00,1111116.8102800571
2026-04-22 02:45:00,1111116.8102800571
2026-04-22 03:00:00,1111116.8102800571
2026-04-22 03:15:00,1111116.8102800571
2026-04-22 03:30:00,1111116.8102800571
2026-04-22 03:45:00,1111116.8102800571
2026-04-22 04:00:00,1111116.8102800571
2026-04-22 04:15:00,1111116.8102800571
2026-04-22 04:30:00,1111116.8102800571
2026-04-22 04:45:00,1111116.8102800571
2026-04-22 05:00:00,1111116.8102800571
2026-04-22 05:15:00,1111116.8102800571
2026-04-22 05:30:00,1111116.8102800571
2026-04-22 05:45:00,1111116.8102800571
2026-04-22 06:00:00,1111116.8102800571
2026-04-22 06:15:00,1111116.8102800571
2026-04-22 06:30:00,1111116.8102800571
2026-04-22 06:45:00,1111116.8102800571
2026-04-22 07:00:00,1111116.8102800571
2026-04-22 07:15:00,1111116.8102800571
2026-04-22 07:30:00,1111116.8102800571
2026-04-22 07:45:00,1111116.8102800571
2026-04-22 08:00:00,1111116.8102800571
2026-04-22 08:15:00,1111116.8102800571
2026-04-22 08:30:00,1111116.8102800571
2026-04-22 08:45:00,1111116.8102800571
2026-04-22 09:00:00,1111116.8102800571
2026-04-22 09:15:00,1111116.8102800571
2026-04-22 09:30:00,1111116.8102800571
2026-04-22 09:45:00,1111116.8102800571
2026-04-22 10:00:00,1111116.8102800571
2026-04-22 10:15:00,1111116.8102800571
2026-04-22 10:30:00,1111116.8102800571
2026-04-22 10:45:00,1111116.8102800571
2026-04-22 11:00:00,1111116.8102800571
2026-04-22 11:15:00,1111116.8102800571
2026-04-22 11:30:00,1111116.8102800571
2026-04-22 11:45:00,1111116.8102800571
2026-04-22 12:00:00,1111116.8102800571
2026-04-22 12:15:00,1111116.8102800571
2026-04-22 12:30:00,1111116.8102800571
2026-04-22 12:45:00,1111116.8102800571
2026-04-22 13:00:00,1111116.8102800571
2026-04-22 13:15:00,1111116.8102800571
2026-04-22 13:30:00,1111116.8102800571
2026-04-22 13:45:00,1111116.8102800571
2026-04-22 14:00:00,1111116.8102800571
2026-04-22 14:15:00,1111116.8102800571
2026-04-22 14:30:00,1111116.8102800571
2026-04-22 14:45:00,1111116.8102800571
2026-04-22 15:00:00,1111116.8102800571
2026-04-22 15:15:00,1111116.8102800571
2026-04-22 15:30:00,1111116.8102800571
2026-04-22 15:45:00,1111116.8102800571
2026-04-22 16:00:00,1111116.8102800571
2026-04-22 16:15:00,1111116.8102800571
2026-04-22 16:30:00,1111116.8102800571
2026-04-22 16:45:00,1111116.8102800571
2026-04-22 17:00:00,1111116.8102800571
2026-04-22 17:15:00,1111116.8102800571
2026-04-22 17:30:00,1111116.8102800571
2026-04-22 17:45:00,1111116.8102800571
2026-04-22 18:00:00,1111116.8102800571
2026-04-22 18:15:00,1111116.8102800571
2026-04-22 18:30:00,1111116.8102800571
2026-04-22 18:45:00,1111116.8102800571
2026-04-22 19:00:00,1111116.8102800571
2026-04-22 19:15:00,1111116.8102800571
2026-04-22 19:30:00,1111116.8102800571
2026-04-22 19:45:00,1111116.8102800571
2026-04-22 20:00:00,1111116.8102800571
2026-04-22 20:15:00,1111116.8102800571
2026-04-22 20:30:00,1111116.8102800571
2026-04-22 20:45:00,1111116.8102800571
2026-04-22 21:00:00,1111116.8102800571
2026-04-22 21:15:00,1111116.8102800571
2026-04-22 21:30:00,1111116.8102800571
2026-04-22 21:45:00,1111116.8102800571
2026-04-22 22:00:00,1111116.8102800571
2026-04-22 22:15:00,1111116.8102800571
2026-04-22 22:30:00,1111116.8102800571
2026-04-22 22:45:00,1111116.8102800571
2026-04-22 23:00:00,1111116.8102800571
2026-04-22 23:15:00,1111116.8102800571
2026-04-22 23:30:00,1111116.8102800571
2026-04-22 23:45:00,1111116.8102800571
2026-04-23 00:00:00,1111116.8102800571
2026-04-23 00:15:00,1111116.8102800571
2026-04-23 00:30:00,1111116.8102800571
2026-04-23 00:45:00,1111116.8102800571
2026-04-23 01:00:00,1111116.8102800571
2026-04-23 01:15:00,1111116.8102800571
2026-04-23 01:30:00,1111116.8102800571
2026-04-23 01:45:00,1111116.8102800571
2026-04-23 02:00:00,1111116.8102800571
2026-04-23 02:15:00,1111116.8102800571
2026-04-23 02:30:00,1111116.8102800571
2026-04-23 02:45:00,1111116.8102800571
2026-04-23 03:00:00,1111116.8102800571
2026-04-23 03:15:00,1111116.8102800571
2026-04-23 03:30:00,1111116.8102800571
2026-04-23 03:45:00,1111116.8102800571
2026-04-23 04:00:00,1111116.8102800571
2026-04-23 04:15:00,1111116.8102800571
2026-04-23 04:30:00,1111116.8102800571
2026-04-23 04:45:00,1111116.8102800571
2026-04-23 05:00:00,1111116.8102800571
2026-04-23 05:15:00,1111116.8102800571
2026-04-23 05:30:00,1111116.8102800571
2026-04-23 05:45:00,1111116.8102800571
2026-04-23 06:00:00,1111116.8102800571
2026-04-23 06:15:00,1111116.8102800571
2026-04-23 06:30:00,1111116.8102800571
2026-04-23 06:45:00,1111116.8102800571
2026-04-23 07:00:00,1111116.8102800571
2026-04-23 07:15:00,1111116.8102800571
2026-04-23 07:30:00,1111116.8102800571
2026-04-23 07:45:00,1111116.8102800571
2026-04-23 08:00:00,1111116.8102800571
2026-04-23 08:15:00,1111116.8102800571
2026-04-23 08:30:00,1111116.8102800571
2026-04-23 08:45:00,1111116.8102800571
2026-04-23 09:00:00,1111116.8102800571
2026-04-23 09:15:00,1111116.8102800571
2026-04-23 09:30:00,1111116.8102800571
2026-04-23 09:45:00,1111116.8102800571
2026-04-23 10:00:00,1111116.8102800571
2026-04-23 10:15:00,1111116.8102800571
2026-04-23 10:30:00,1111116.8102800571
2026-04-23 10:45:00,1111116.8102800571
2026-04-23 11:00:00,1111116.8102800571
2026-04-23 11:15:00,1111116.8102800571
2026-04-23 11:30:00,1111116.8102800571
2026-04-23 11:45:00,1111116.8102800571
2026-04-23 12:00:00,1111116.8102800571
2026-04-23 12:15:00,1111116.8102800571
2026-04-23 12:30:00,1111116.8102800571
2026-04-23 12:45:00,1111116.8102800571
2026-04-23 13:00:00,1111116.8102800571
2026-04-23 13:15:00,1111116.8102800571
2026-04-23 13:30:00,1111116.8102800571
2026-04-23 13:45:00,1111116.8102800571
2026-04-23 14:00:00,1111116.8102800571
2026-04-23 14:15:00,1111116.8102800571
2026-04-23 14:30:00,1111116.8102800571
2026-04-23 14:45:00,1111116.8102800571
2026-04-23 15:00:00,1111116.8102800571
2026-04-23 15:15:00,1111116.8102800571
2026-04-23 15:30:00,1111116.8102800571
2026-04-23 15:45:00,1111116.8102800571
2026-04-23 16:00:00,1111116.8102800571
2026-04-23 16:15:00,1111116.8102800571
2026-04-23 16:30:00,1111116.8102800571
2026-04-23 16:45:00,1111116.8102800571
2026-04-23 17:00:00,1111116.8102800571
2026-04-23 17:15:00,1111116.8102800571
2026-04-23 17:30:00,1111116.8102800571
2026-04-23 17:45:00,1111116.8102800571
2026-04-23 18:00:00,1111116.8102800571
2026-04-23 18:15:00,1111116.8102800571
2026-04-23 18:30:00,1111116.8102800571
2026-04-23 18:45:00,1111116.8102800571
2026-04-23 19:00:00,1111116.8102800571
2026-04-23 19:15:00,1111116.8102800571
2026-04-23 19:30:00,1111116.8102800571
2026-04-23 19:45:00,1111116.8102800571
2026-04-23 20:00:00,1111116.8102800571
2026-04-23 20:15:00,1111116.8102800571
2026-04-23 20:30:00,1111116.8102800571
2026-04-23 20:45:00,1111116.8102800571
2026-04-23 21:00:00,1111116.8102800571
2026-04-23 21:15:00,1111116.8102800571
2026-04-23 21:30:00,1111116.8102800571
2026-04-23 21:45:00,1111116.8102800571
2026-04-23 22:00:00,1111116.8102800571
2026-04-23 22:15:00,1111116.8102800571
2026-04-23 22:30:00,1111116.8102800571
2026-04-23 22:45:00,1111116.8102800571
2026-04-23 23:00:00,1111116.8102800571
2026-04-23 23:15:00,1111116.8102800571
2026-04-23 23:30:00,1111116.8102800571
2026-04-23 23:45:00,1111116.8102800571
2026-04-24 00:00:00,1111116.8102800571
2026-04-24 00:15:00,1111116.8102800571
2026-04-24 00:30:00,1111116.8102800571
2026-04-24 00:45:00,1111116.8102800571
2026-04-24 01:00:00,1111116.8102800571
2026-04-24 01:15:00,1111116.8102800571
2026-04-24 01:30:00,1111116.8102800571
2026-04-24 01:45:00,1111116.8102800571
2026-04-24 02:00:00,1111116.8102800571
2026-04-24 02:15:00,1111116.8102800571
2026-04-24 02:30:00,1111116.8102800571
2026-04-24 02:45:00,1111116.8102800571
2026-04-24 03:00:00,1111116.8102800571
2026-04-24 03:15:00,1111116.8102800571
2026-04-24 03:30:00,1111116.8102800571
2026-04-24 03:45:00,1111116.8102800571
2026-04-24 04:00:00,1111116.8102800571
2026-04-24 04:15:00,1111116.8102800571
2026-04-24 04:30:00,1111116.8102800571
2026-04-24 04:45:00,1111116.8102800571
2026-04-24 05:00:00,1111116.8102800571
2026-04-24 05:15:00,1111116.8102800571
2026-04-24 05:30:00,1111116.8102800571
2026-04-24 05:45:00,1111116.8102800571
2026-04-24 06:00:00,1111116.8102800571
2026-04-24 06:15:00,1111116.8102800571
2026-04-24 06:30:00,1111116.8102800571
2026-04-24 06:45:00,1111116.8102800571
2026-04-24 07:00:00,1111116.8102800571
2026-04-24 07:15:00,1111116.8102800571
2026-04-24 07:30:00,1111116.8102800571
2026-04-24 07:45:00,1111116.8102800571
2026-04-24 08:00:00,1111116.8102800571
2026-04-24 08:15:00,1111116.8102800571
2026-04-24 08:30:00,1111116.8102800571
2026-04-24 08:45:00,1111116.8102800571
2026-04-24 09:00:00,1111116.8102800571
2026-04-24 09:15:00,1111116.8102800571
2026-04-24 09:30:00,1111116.8102800571
2026-04-24 09:45:00,1111116.8102800571
2026-04-24 10:00:00,1111116.8102800571
2026-04-24 10:15:00,1111116.8102800571
2026-04-24 10:30:00,1111116.8102800571
2026-04-24 10:45:00,1111116.8102800571
2026-04-24 11:00:00,1111116.8102800571
2026-04-24 11:15:00,1111116.8102800571
2026-04-24 11:30:00,1111116.8102800571
2026-04-24 11:45:00,1111116.8102800571
2026-04-24 12:00:00,1111116.8102800571
2026-04-24 12:15:00,1111116.8102800571
2026-04-24 12:30:00,1111116.8102800571
2026-04-24 12:45:00,1111116.8102800571
2026-04-24 13:00:00,1111116.8102800571
2026-04-24 13:15:00,1111116.8102800571
2026-04-24 13:30:00,1111116.8102800571
2026-04-24 13:45:00,1111116.8102800571
2026-04-24 14:00:00,1111116.8102800571
2026-04-24 14:15:00,1111116.8102800571
2026-04-24 14:30:00,1111116.8102800571
2026-04-24 14:45:00,1111116.8102800571
2026-04-24 15:00:00,1111116.8102800571
2026-04-24 15:15:00,1111116.8102800571
2026-04-24 15:30:00,1111116.8102800571
2026-04-24 15:45:00,1111116.8102800571
2026-04-24 16:00:00,1111116.8102800571
2026-04-24 16:15:00,1111116.8102800571
2026-04-24 16:30:00,1111116.8102800571
2026-04-24 16:45:00,1111116.8102800571
2026-04-24 17:00:00,1111116.8102800571
2026-04-24 17:15:00,1111116.8102800571
2026-04-24 17:30:00,1111116.8102800571
2026-04-24 17:45:00,1111116.8102800571
2026-04-24 18:00:00,1111116.8102800571
2026-04-24 18:15:00,1111116.8102800571
2026-04-24 18:30:00,1111116.8102800571
2026-04-24 18:45:00,1111116.8102800571
2026-04-24 19:00:00,1111116.8102800571
2026-04-24 19:15:00,1111116.8102800571
2026-04-24 19:30:00,1111116.8102800571
2026-04-24 19:45:00,1111116.8102800571
2026-04-24 20:00:00,1111116.8102800571
2026-04-24 20:15:00,1111116.8102800571
2026-04-24 20:30:00,1111116.8102800571
2026-04-24 20:45:00,1111116.8102800571
2026-04-24 21:00:00,1111116.8102800571
2026-04-24 21:15:00,1111116.8102800571
2026-04-24 21:30:00,1111116.8102800571
2026-04-24 21:45:00,1111116.8102800571
2026-04-24 22:00:00,1111116.8102800571
2026-04-24 22:15:00,1111116.8102800571
2026-04-24 22:30:00,1111116.8102800571
2026-04-24 22:45:00,1111116.8102800571
2026-04-24 23:00:00,1111116.8102800571
2026-04-24 23:15:00,1111116.8102800571
2026-04-24 23:30:00,1111116.8102800571
2026-04-24 23:45:00,1111116.8102800571
2026-04-27 00:00:00,1111116.8102800571
2026-04-27 00:15:00,1111116.8102800571
2026-04-27 00:30:00,1111116.8102800571
2026-04-27 00:45:00,1111116.8102800571
2026-04-27 01:00:00,1111116.8102800571
2026-04-27 01:15:00,1111116.8102800571
2026-04-27 01:30:00,1111116.8102800571
2026-04-27 01:45:00,1111116.8102800571
2026-04-27 02:00:00,1111116.8102800571
2026-04-27 02:15:00,1111116.8102800571
2026-04-27 02:30:00,1111116.8102800571
2026-04-27 02:45:00,1111116.8102800571
2026-04-27 03:00:00,1111116.8102800571
2026-04-27 03:15:00,1111116.8102800571
2026-04-27 03:30:00,1111116.8102800571
2026-04-27 03:45:00,1111116.8102800571
2026-04-27 04:00:00,1111116.8102800571
2026-04-27 04:15:00,1111116.8102800571
2026-04-27 04:30:00,1111116.8102800571
2026-04-27 04:45:00,1111116.8102800571
2026-04-27 05:00:00,1111116.8102800571
2026-04-27 05:15:00,1111116.8102800571
2026-04-27 05:30:00,1111116.8102800571
2026-04-27 05:45:00,1111116.8102800571
2026-04-27 06:00:00,1111116.8102800571
2026-04-27 06:15:00,1111116.8102800571
2026-04-27 06:30:00,1111116.8102800571
2026-04-27 06:45:00,1111116.8102800571
2026-04-27 07:00:00,1111116.8102800571
2026-04-27 07:15:00,1111116.8102800571
2026-04-27 07:30:00,1111116.8102800571
2026-04-27 07:45:00,1111116.8102800571
2026-04-27 08:00:00,1111116.8102800571
2026-04-27 08:15:00,1111116.8102800571
2026-04-27 08:30:00,1111116.8102800571
2026-04-27 08:45:00,1111116.8102800571
2026-04-27 09:00:00,1111116.8102800571
2026-04-27 09:15:00,1111116.8102800571
2026-04-27 09:30:00,1111116.8102800571
2026-04-27 09:45:00,1111116.8102800571
2026-04-27 10:00:00,1111116.8102800571
2026-04-27 10:15:00,1111116.8102800571
2026-04-27 10:30:00,1111116.8102800571
2026-04-27 10:45:00,1111116.8102800571
2026-04-27 11:00:00,1111116.8102800571
2026-04-27 11:15:00,1111116.8102800571
2026-04-27 11:30:00,1111116.8102800571
2026-04-27 11:45:00,1111116.8102800571
2026-04-27 12:00:00,1111116.8102800571
2026-04-27 12:15:00,1111116.8102800571
2026-04-27 12:30:00,1111116.8102800571
2026-04-27 12:45:00,1111116.8102800571
2026-04-27 13:00:00,1111116.8102800571
2026-04-27 13:15:00,1111116.8102800571
2026-04-27 13:30:00,1111116.8102800571
2026-04-27 13:45:00,1111116.8102800571
2026-04-27 14:00:00,1111116.8102800571
2026-04-27 14:15:00,1111116.8102800571
2026-04-27 14:30:00,1111116.8102800571
2026-04-27 14:45:00,1111116.8102800571
2026-04-27 15:00:00,1111116.8102800571
2026-04-27 15:15:00,1111116.8102800571
2026-04-27 15:30:00,1111116.8102800571
2026-04-27 15:45:00,1111116.8102800571
2026-04-27 16:00:00,1111116.8102800571
2026-04-27 16:15:00,1111116.8102800571
2026-04-27 16:30:00,1111116.8102800571
2026-04-27 16:45:00,1111116.8102800571
2026-04-27 17:00:00,1111116.8102800571
2026-04-27 17:15:00,1111116.8102800571
2026-04-27 17:30:00,1111116.8102800571
2026-04-27 17:45:00,1111116.8102800571
2026-04-27 18:00:00,1111116.8102800571
2026-04-27 18:15:00,1111116.8102800571
2026-04-27 18:30:00,1111116.8102800571
2026-04-27 18:45:00,1111116.8102800571
2026-04-27 19:00:00,1111116.8102800571
2026-04-27 19:15:00,1111116.8102800571
2026-04-27 19:30:00,1111116.8102800571
2026-04-27 19:45:00,1111116.8102800571
2026-04-27 20:00:00,1111116.8102800571
2026-04-27 20:15:00,1111116.8102800571
2026-04-27 20:30:00,1111116.8102800571
2026-04-27 20:45:00,1111116.8102800571
2026-04-27 21:00:00,1111116.8102800571
2026-04-27 21:15:00,1111116.8102800571
2026-04-27 21:30:00,1111116.8102800571
2026-04-27 21:45:00,1111116.8102800571
2026-04-27 22:00:00,1111116.8102800571
2026-04-27 22:15:00,1111116.8102800571
2026-04-27 22:30:00,1111116.8102800571
2026-04-27 22:45:00,1111116.8102800571
2026-04-27 23:00:00,1111116.8102800571
2026-04-27 23:15:00,1111116.8102800571
2026-04-27 23:30:00,1111116.8102800571
2026-04-27 23:45:00,1111116.8102800571
2026-04-28 00:00:00,1111116.8102800571
2026-04-28 00:15:00,1111116.8102800571
2026-04-28 00:30:00,1111116.8102800571
2026-04-28 00:45:00,1111116.8102800571
2026-04-28 01:00:00,1111116.8102800571
2026-04-28 01:15:00,1111116.8102800571
2026-04-28 01:30:00,1111116.8102800571
2026-04-28 01:45:00,1111116.8102800571
2026-04-28 02:00:00,1111116.8102800571
2026-04-28 02:15:00,1111116.8102800571
2026-04-28 02:30:00,1111116.8102800571
2026-04-28 02:45:00,1111116.8102800571
2026-04-28 03:00:00,1111116.8102800571
2026-04-28 03:15:00,1111116.8102800571
2026-04-28 03:30:00,1111116.8102800571
2026-04-28 03:45:00,1111116.8102800571
2026-04-28 04:00:00,1111116.8102800571
2026-04-28 04:15:00,1111116.8102800571
2026-04-28 04:30:00,1111116.8102800571
2026-04-28 04:45:00,1111116.8102800571
2026-04-28 05:00:00,1111116.8102800571
2026-04-28 05:15:00,1111116.8102800571
2026-04-28 05:30:00,1111116.8102800571
2026-04-28 05:45:00,1111116.8102800571
2026-04-28 06:00:00,1111116.8102800571
2026-04-28 06:15:00,1111116.8102800571
2026-04-28 06:30:00,1111116.8102800571
2026-04-28 06:45:00,1111116.8102800571
2026-04-28 07:00:00,1111116.8102800571
2026-04-28 07:15:00,1111116.8102800571
2026-04-28 07:30:00,1111116.8102800571
2026-04-28 07:45:00,1111116.8102800571
2026-04-28 08:00:00,1111116.8102800571
2026-04-28 08:15:00,1111116.8102800571
2026-04-28 08:30:00,1111116.8102800571
2026-04-28 08:45:00,1111116.8102800571
2026-04-28 09:00:00,1111116.8102800571
2026-04-28 09:15:00,1111116.8102800571
2026-04-28 09:30:00,1111116.8102800571
2026-04-28 09:45:00,1111116.8102800571
2026-04-28 10:00:00,1111116.8102800571
2026-04-28 10:15:00,1111116.8102800571
2026-04-28 10:30:00,1111116.8102800571
2026-04-28 10:45:00,1111116.8102800571
2026-04-28 11:00:00,1111116.8102800571
2026-04-28 11:15:00,1111116.8102800571
2026-04-28 11:30:00,1111116.8102800571
2026-04-28 11:45:00,1111116.8102800571
2026-04-28 12:00:00,1111116.8102800571
2026-04-28 12:15:00,1111116.8102800571
2026-04-28 12:30:00,1111116.8102800571
2026-04-28 12:45:00,1111116.8102800571
2026-04-28 13:00:00,1111116.8102800571
2026-04-28 13:15:00,1111116.8102800571
2026-04-28 13:30:00,1111116.8102800571
2026-04-28 13:45:00,1111116.8102800571
2026-04-28 14:00:00,1111116.8102800571
2026-04-28 14:15:00,1111116.8102800571
2026-04-28 14:30:00,1111116.8102800571
2026-04-28 14:45:00,1111116.8102800571
2026-04-28 15:00:00,1111116.8102800571
2026-04-28 15:15:00,1111116.8102800571
2026-04-28 15:30:00,1111116.8102800571
2026-04-28 15:45:00,1111116.8102800571
2026-04-28 16:00:00,1111116.8102800571
2026-04-28 16:15:00,1111116.8102800571
2026-04-28 16:30:00,1111116.8102800571
2026-04-28 16:45:00,1111116.8102800571
2026-04-28 17:00:00,1111116.8102800571
2026-04-28 17:15:00,1111116.8102800571
2026-04-28 17:30:00,1111116.8102800571
2026-04-28 17:45:00,1111116.8102800571
2026-04-28 18:00:00,1111116.8102800571
2026-04-28 18:15:00,1111116.8102800571
2026-04-28 18:30:00,1111116.8102800571
2026-04-28 18:45:00,1111116.8102800571
2026-04-28 19:00:00,1111116.8102800571
2026-04-28 19:15:00,1111116.8102800571
2026-04-28 19:30:00,1111116.8102800571
2026-04-28 19:45:00,1111116.8102800571
2026-04-28 20:00:00,1111116.8102800571
2026-04-28 20:15:00,1111116.8102800571
2026-04-28 20:30:00,1111116.8102800571
2026-04-28 20:45:00,1111116.8102800571
2026-04-28 21:00:00,1111116.8102800571
2026-04-28 21:15:00,1111116.8102800571
2026-04-28 21:30:00,1111116.8102800571
2026-04-28 21:45:00,1111116.8102800571
2026-04-28 22:00:00,1111116.8102800571
2026-04-28 22:15:00,1111116.8102800571
2026-04-28 22:30:00,1111116.8102800571
2026-04-28 22:45:00,1111116.8102800571
2026-04-28 23:00:00,1111116.8102800571
2026-04-28 23:15:00,1111116.8102800571
2026-04-28 23:30:00,1111116.8102800571
2026-04-28 23:45:00,1111116.8102800571
2026-04-29 00:00:00,1111116.8102800571
2026-04-29 00:15:00,1111116.8102800571
2026-04-29 00:30:00,1111116.8102800571
2026-04-29 00:45:00,1111116.8102800571
2026-04-29 01:00:00,1111116.8102800571
2026-04-29 01:15:00,1111116.8102800571
2026-04-29 01:30:00,1111116.8102800571
2026-04-29 01:45:00,1111116.8102800571
2026-04-29 02:00:00,1111116.8102800571
2026-04-29 02:15:00,1111116.8102800571
2026-04-29 02:30:00,1111116.8102800571
2026-04-29 02:45:00,1111116.8102800571
2026-04-29 03:00:00,1111116.8102800571
2026-04-29 03:15:00,1111116.8102800571
2026-04-29 03:30:00,1111116.8102800571
2026-04-29 03:45:00,1111116.8102800571
2026-04-29 04:00:00,1111116.8102800571
2026-04-29 04:15:00,1111116.8102800571
2026-04-29 04:30:00,1111116.8102800571
2026-04-29 04:45:00,1111116.8102800571
2026-04-29 05:00:00,1111116.8102800571
2026-04-29 05:15:00,1111116.8102800571
2026-04-29 05:30:00,1111116.8102800571
2026-04-29 05:45:00,1111116.8102800571
2026-04-29 06:00:00,1111116.8102800571
2026-04-29 06:15:00,1111116.8102800571
2026-04-29 06:30:00,1111116.8102800571
2026-04-29 06:45:00,1111116.8102800571
2026-04-29 07:00:00,1111116.8102800571
2026-04-29 07:15:00,1111116.8102800571
2026-04-29 07:30:00,1111116.8102800571
2026-04-29 07:45:00,1111116.8102800571
2026-04-29 08:00:00,1111116.8102800571
2026-04-29 08:15:00,1111116.8102800571
2026-04-29 08:30:00,1111116.8102800571
2026-04-29 08:45:00,1111116.8102800571
2026-04-29 09:00:00,1111116.8102800571
2026-04-29 09:15:00,1111116.8102800571
2026-04-29 09:30:00,1111116.8102800571
2026-04-29 09:45:00,1111116.8102800571
2026-04-29 10:00:00,1111116.8102800571
2026-04-29 10:15:00,1111116.8102800571
2026-04-29 10:30:00,1111116.8102800571
2026-04-29 10:45:00,1111116.8102800571
2026-04-29 11:00:00,1111116.8102800571
2026-04-29 11:15:00,1111116.8102800571
2026-04-29 11:30:00,1111116.8102800571
2026-04-29 11:45:00,1111116.8102800571
2026-04-29 12:00:00,1111116.8102800571
2026-04-29 12:15:00,1111116.8102800571
2026-04-29 12:30:00,1111116.8102800571
2026-04-29 12:45:00,1111116.8102800571
2026-04-29 13:00:00,1111116.8102800571
2026-04-29 13:15:00,1111116.8102800571
2026-04-29 13:30:00,1111116.8102800571
2026-04-29 13:45:00,1111116.8102800571
2026-04-29 14:00:00,1111116.8102800571
2026-04-29 14:15:00,1111116.8102800571
2026-04-29 14:30:00,1111116.8102800571
2026-04-29 14:45:00,1111116.8102800571
2026-04-29 15:00:00,1111116.8102800571
2026-04-29 15:15:00,1111116.8102800571
2026-04-29 15:30:00,1111116.8102800571
2026-04-29 15:45:00,1111116.8102800571
2026-04-29 16:00:00,1111116.8102800571
2026-04-29 16:15:00,1111116.8102800571
2026-04-29 16:30:00,1111116.8102800571
2026-04-29 16:45:00,1111116.8102800571
2026-04-29 17:00:00,1111116.8102800571
2026-04-29 17:15:00,1111116.8102800571
2026-04-29 17:30:00,1111116.8102800571
2026-04-29 17:45:00,1111116.8102800571
2026-04-29 18:00:00,1111116.8102800571
2026-04-29 18:15:00,1111116.8102800571
2026-04-29 18:30:00,1111116.8102800571
2026-04-29 18:45:00,1111116.8102800571
2026-04-29 19:00:00,1111116.8102800571
2026-04-29 19:15:00,1111116.8102800571
2026-04-29 19:30:00,1111116.8102800571
2026-04-29 19:45:00,1111116.8102800571
2026-04-29 20:00:00,1111116.8102800571
2026-04-29 20:15:00,1111116.8102800571
2026-04-29 20:30:00,1111116.8102800571
2026-04-29 20:45:00,1111116.8102800571
2026-04-29 21:00:00,1111116.8102800571
2026-04-29 21:15:00,1111116.8102800571
2026-04-29 21:30:00,1111116.8102800571
2026-04-29 21:45:00,1111116.8102800571
2026-04-29 22:00:00,1111116.8102800571
2026-04-29 22:15:00,1111116.8102800571
2026-04-29 22:30:00,1111116.8102800571
2026-04-29 22:45:00,1111116.8102800571
2026-04-29 23:00:00,1111116.8102800571
2026-04-29 23:15:00,1111116.8102800571
2026-04-29 23:30:00,1111116.8102800571
2026-04-29 23:45:00,1111116.8102800571
2026-04-30 00:00:00,1111116.8102800571
2026-04-30 00:15:00,1111116.8102800571
2026-04-30 00:30:00,1111116.8102800571
2026-04-30 00:45:00,1111116.8102800571
2026-04-30 01:00:00,1111116.8102800571
2026-04-30 01:15:00,1111116.8102800571
2026-04-30 01:30:00,1111116.8102800571
2026-04-30 01:45:00,1111116.8102800571
2026-04-30 02:00:00,1111116.8102800571
2026-04-30 02:15:00,1111116.8102800571
2026-04-30 02:30:00,1111116.8102800571
2026-04-30 02:45:00,1111116.8102800571
2026-04-30 03:00:00,1111116.8102800571
2026-04-30 03:15:00,1111116.8102800571
2026-04-30 03:30:00,1111116.8102800571
2026-04-30 03:45:00,1111116.8102800571
2026-04-30 04:00:00,1111116.8102800571
2026-04-30 04:15:00,1111116.8102800571
2026-04-30 04:30:00,1111116.8102800571
2026-04-30 04:45:00,1111116.8102800571
2026-04-30 05:00:00,1111116.8102800571
2026-04-30 05:15:00,1111116.8102800571
2026-04-30 05:30:00,1111116.8102800571
2026-04-30 05:45:00,1111116.8102800571
2026-04-30 06:00:00,1111116.8102800571
2026-04-30 06:15:00,1111116.8102800571
2026-04-30 06:30:00,1111116.8102800571
2026-04-30 06:45:00,1111116.8102800571
2026-04-30 07:00:00,1111116.8102800571
2026-04-30 07:15:00,1111116.8102800571
2026-04-30 07:30:00,1111116.8102800571
2026-04-30 07:45:00,1111116.8102800571
2026-04-30 08:00:00,1111116.8102800571
2026-04-30 08:15:00,1111116.8102800571
2026-04-30 08:30:00,1111116.8102800571
2026-04-30 08:45:00,1111116.8102800571
2026-04-30 09:00:00,1111116.8102800571
2026-04-30 09:15:00,1111116.8102800571
2026-04-30 09:30:00,1111116.8102800571
2026-04-30 09:45:00,1111116.8102800571
2026-04-30 10:00:00,1111116.8102800571
2026-04-30 10:15:00,1111116.8102800571
2026-04-30 10:30:00,1111116.8102800571
2026-04-30 10:45:00,1111116.8102800571
2026-04-30 11:00:00,1111116.8102800571
2026-04-30 11:15:00,1111116.8102800571
2026-04-30 11:30:00,1111116.8102800571
2026-04-30 11:45:00,1111116.8102800571
2026-04-30 12:00:00,1111116.8102800571
2026-04-30 12:15:00,1111116.8102800571
2026-04-30 12:30:00,1111116.8102800571
2026-04-30 12:45:00,1111116.8102800571
2026-04-30 13:00:00,1111116.8102800571
2026-04-30 13:15:00,1111116.8102800571
2026-04-30 13:30:00,1111116.8102800571
2026-04-30 13:45:00,1111116.8102800571
2026-04-30 14:00:00,1111116.8102800571
2026-04-30 14:15:00,1111116.8102800571
2026-04-30 14:30:00,1111116.8102800571
2026-04-30 14:45:00,1111116.8102800571
2026-04-30 15:00:00,1111116.8102800571
2026-04-30 15:15:00,1111116.8102800571
2026-04-30 15:30:00,1111116.8102800571
2026-04-30 15:45:00,1111116.8102800571
2026-04-30 16:00:00,1111116.8102800571
2026-04-30 16:15:00,1111116.8102800571
2026-04-30 16:30:00,1111116.8102800571
2026-04-30 16:45:00,1111116.8102800571
2026-04-30 17:00:00,1111116.8102800571
2026-04-30 17:15:00,1111116.8102800571
2026-04-30 17:30:00,1111116.8102800571
2026-04-30 17:45:00,1111116.8102800571
2026-04-30 18:00:00,1111116.8102800571
2026-04-30 18:15:00,1111116.8102800571
2026-04-30 18:30:00,1111116.8102800571
2026-04-30 18:45:00,1111116.8102800571
2026-04-30 19:00:00,1111116.8102800571
2026-04-30 19:15:00,1111116.8102800571
2026-04-30 19:30:00,1111116.8102800571
2026-04-30 19:45:00,1111116.8102800571
2026-04-30 20:00:00,1111116.8102800571
2026-04-30 20:15:00,1111116.8102800571
2026-04-30 20:30:00,1111116.8102800571
2026-04-30 20:45:00,1111116.8102800571
2026-04-30 21:00:00,1111116.8102800571
2026-04-30 21:15:00,1111116.8102800571
2026-04-30 21:30:00,1111116.8102800571
2026-04-30 21:45:00,1111116.8102800571
2026-04-30 22:00:00,1111116.8102800571
2026-04-30 22:15:00,1111116.8102800571
2026-04-30 22:30:00,1111116.8102800571
2026-04-30 22:45:00,1111116.8102800571
2026-04-30 23:00:00,1111116.8102800571
2026-04-30 23:15:00,1111116.8102800571
2026-04-30 23:30:00,1111116.8102800571
2026-04-30 23:45:00,1111116.8102800571
2026-05-01 00:00:00,1111116.8102800571
2026-05-01 00:15:00,1111116.8102800571
2026-05-01 00:30:00,1111116.8102800571
2026-05-01 00:45:00,1111116.8102800571
2026-05-01 01:00:00,1111116.8102800571
2026-05-01 01:15:00,1111116.8102800571
2026-05-01 01:30:00,1111116.8102800571
2026-05-01 01:45:00,1111116.8102800571
2026-05-01 02:00:00,1111116.8102800571
2026-05-01 02:15:00,1111116.8102800571
2026-05-01 02:30:00,1111116.8102800571
2026-05-01 02:45:00,1111116.8102800571
2026-05-01 03:00:00,1111116.8102800571
2026-05-01 03:15:00,1111116.8102800571
2026-05-01 03:30:00,1111116.8102800571
2026-05-01 03:45:00,1111116.8102800571
2026-05-01 04:00:00,1111116.8102800571
2026-05-01 04:15:00,1111116.8102800571
2026-05-01 04:30:00,1111116.8102800571
2026-05-01 04:45:00,1111116.8102800571
2026-05-01 05:00:00,1111116.8102800571
2026-05-01 05:15:00,1111116.8102800571
2026-05-01 05:30:00,1111116.8102800571
2026-05-01 05:45:00,1111116.8102800571
2026-05-01 06:00:00,1111116.8102800571
2026-05-01 06:15:00,1111116.8102800571
2026-05-01 06:30:00,1111116.8102800571
2026-05-01 06:45:00,1111116.8102800571
2026-05-01 07:00:00,1111116.8102800571
2026-05-01 07:15:00,1111116.8102800571
2026-05-01 07:30:00,1111116.8102800571
2026-05-01 07:45:00,1111116.8102800571
2026-05-01 08:00:00,1111116.8102800571
2026-05-01 08:15:00,1111116.8102800571
2026-05-01 08:30:00,1111116.8102800571
2026-05-01 08:45:00,1111116.8102800571
2026-05-01 09:00:00,1111116.8102800571
2026-05-01 09:15:00,1111116.8102800571
2026-05-01 09:30:00,1111116.8102800571
2026-05-01 09:45:00,1111116.8102800571
2026-05-01 10:00:00,1111116.8102800571
2026-05-01 10:15:00,1111116.8102800571
2026-05-01 10:30:00,1111116.8102800571
2026-05-01 10:45:00,1111116.8102800571
2026-05-01 11:00:00,1111116.8102800571
2026-05-01 11:15:00,1111116.8102800571
2026-05-01 11:30:00,1111116.8102800571
2026-05-01 11:45:00,1111116.8102800571
2026-05-01 12:00:00,1111116.8102800571
2026-05-01 12:15:00,1111116.8102800571
2026-05-01 12:30:00,1111116.8102800571
2026-05-01 12:45:00,1111116.8102800571
2026-05-01 13:00:00,1111116.8102800571
2026-05-01 13:15:00,1111116.8102800571
2026-05-01 13:30:00,1111116.8102800571
2026-05-01 13:45:00,1111116.8102800571
2026-05-01 14:00:00,1111116.8102800571
2026-05-01 14:15:00,1111116.8102800571
2026-05-01 14:30:00,1111116.8102800571
2026-05-01 14:45:00,1111116.8102800571
2026-05-01 15:00:00,1111116.8102800571
2026-05-01 15:15:00,1111116.8102800571
2026-05-01 15:30:00,1111116.8102800571
2026-05-01 15:45:00,1111116.8102800571
2026-05-01 16:00:00,1111116.8102800571
2026-05-01 16:15:00,1111116.8102800571
2026-05-01 16:30:00,1111116.8102800571
2026-05-01 16:45:00,1111116.8102800571
2026-05-01 17:00:00,1111116.8102800571
2026-05-01 17:15:00,1111116.8102800571
2026-05-01 17:30:00,1111116.8102800571
2026-05-01 17:45:00,1111116.8102800571
2026-05-01 18:00:00,1111116.8102800571
2026-05-01 18:15:00,1111116.8102800571
2026-05-01 18:30:00,1111116.8102800571
2026-05-01 18:45:00,1111116.8102800571
2026-05-01 19:00:00,1111116.8102800571
2026-05-01 19:15:00,1111116.8102800571
2026-05-01 19:30:00,1111116.8102800571
2026-05-01 19:45:00,1111116.8102800571
2026-05-01 20:00:00,1111116.8102800571
2026-05-01 20:15:00,1111116.8102800571
2026-05-01 20:30:00,1111116.8102800571
2026-05-01 20:45:00,1111116.8102800571
2026-05-01 21:00:00,1111116.8102800571
2026-05-01 21:15:00,1111116.8102800571
2026-05-01 21:30:00,1111116.8102800571
2026-05-01 21:45:00,1111116.8102800571
2026-05-01 22:00:00,1111116.8102800571
2026-05-01 22:15:00,1111116.8102800571
2026-05-01 22:30:00,1111116.8102800571
2026-05-01 22:45:00,1111116.8102800571
2026-05-01 23:00:00,1111116.8102800571
2026-05-01 23:15:00,1111116.8102800571
2026-05-01 23:30:00,1111116.8102800571
2026-05-01 23:45:00,1111116.8102800571
2026-05-04 00:00:00,1111116.8102800571
2026-05-04 00:15:00,1111116.8102800571
2026-05-04 00:30:00,1111116.8102800571
2026-05-04 00:45:00,1111116.8102800571
2026-05-04 01:00:00,1111116.8102800571
2026-05-04 01:15:00,1111116.8102800571
2026-05-04 01:30:00,1111116.8102800571
2026-05-04 01:45:00,1111116.8102800571
2026-05-04 02:00:00,1111116.8102800571
2026-05-04 02:15:00,1111116.8102800571
2026-05-04 02:30:00,1111116.8102800571
2026-05-04 02:45:00,1111116.8102800571
2026-05-04 03:00:00,1111116.8102800571
2026-05-04 03:15:00,1111116.8102800571
2026-05-04 03:30:00,1111116.8102800571
2026-05-04 03:45:00,1111116.8102800571
2026-05-04 04:00:00,1111116.8102800571
2026-05-04 04:15:00,1111116.8102800571
2026-05-04 04:30:00,1111116.8102800571
2026-05-04 04:45:00,1111116.8102800571
2026-05-04 05:00:00,1111116.8102800571
2026-05-04 05:15:00,1111116.8102800571
2026-05-04 05:30:00,1111116.8102800571
2026-05-04 05:45:00,1111116.8102800571
2026-05-04 06:00:00,1111116.8102800571
2026-05-04 06:15:00,1111116.8102800571
2026-05-04 06:30:00,1111116.8102800571
2026-05-04 06:45:00,1111116.8102800571
2026-05-04 07:00:00,1111116.8102800571
2026-05-04 07:15:00,1111116.8102800571
2026-05-04 07:30:00,1111116.8102800571
2026-05-04 07:45:00,1111116.8102800571
2026-05-04 08:00:00,1111116.8102800571
2026-05-04 08:15:00,1111116.8102800571
2026-05-04 08:30:00,1111116.8102800571
2026-05-04 08:45:00,1111116.8102800571
2026-05-04 09:00:00,1111116.8102800571
2026-05-04 09:15:00,1111116.8102800571
2026-05-04 09:30:00,1111116.8102800571
2026-05-04 09:45:00,1111116.8102800571
2026-05-04 10:00:00,1111116.8102800571
2026-05-04 10:15:00,1111116.8102800571
2026-05-04 10:30:00,1111116.8102800571
2026-05-04 10:45:00,1111116.8102800571
2026-05-04 11:00:00,1111116.8102800571
2026-05-04 11:15:00,1111116.8102800571
2026-05-04 11:30:00,1111116.8102800571
2026-05-04 11:45:00,1111116.8102800571
2026-05-04 12:00:00,1111116.8102800571
2026-05-04 12:15:00,1111116.8102800571
2026-05-04 12:30:00,1111116.8102800571
2026-05-04 12:45:00,1111116.8102800571
2026-05-04 13:00:00,1111116.8102800571
2026-05-04 13:15:00,1111116.8102800571
2026-05-04 13:30:00,1111116.8102800571
2026-05-04 13:45:00,1111116.8102800571
2026-05-04 14:00:00,1111116.8102800571
2026-05-04 14:15:00,1111116.8102800571
2026-05-04 14:30:00,1111116.8102800571
2026-05-04 14:45:00,1111116.8102800571
2026-05-04 15:00:00,1111116.8102800571
2026-05-04 15:15:00,1111116.8102800571
2026-05-04 15:30:00,1111116.8102800571
2026-05-04 15:45:00,1111116.8102800571
2026-05-04 16:00:00,1111116.8102800571
2026-05-04 16:15:00,1111116.8102800571
2026-05-04 16:30:00,1111116.8102800571
2026-05-04 16:45:00,1111116.8102800571
2026-05-04 17:00:00,1111116.8102800571
2026-05-04 17:15:00,1111116.8102800571
2026-05-04 17:30:00,1111116.8102800571
2026-05-04 17:45:00,1111116.8102800571
2026-05-04 18:00:00,1111116.8102800571
2026-05-04 18:15:00,1111116.8102800571
2026-05-04 18:30:00,1111116.8102800571
2026-05-04 18:45:00,1111116.8102800571
2026-05-04 19:00:00,1111116.8102800571
2026-05-04 19:15:00,1111116.8102800571
2026-05-04 19:30:00,1111116.8102800571
2026-05-04 19:45:00,1111116.8102800571
2026-05-04 20:00:00,1111116.8102800571
2026-05-04 20:15:00,1111116.8102800571
2026-05-04 20:30:00,1111116.8102800571
2026-05-04 20:45:00,1111116.8102800571
2026-05-04 21:00:00,1111116.8102800571
2026-05-04 21:15:00,1111116.8102800571
2026-05-04 21:30:00,1111116.8102800571
2026-05-04 21:45:00,1111116.8102800571
2026-05-04 22:00:00,1111116.8102800571
2026-05-04 22:15:00,1111116.8102800571
2026-05-04 22:30:00,1111116.8102800571
2026-05-04 22:45:00,1111116.8102800571
2026-05-04 23:00:00,1111116.8102800571
2026-05-04 23:15:00,1111116.8102800571
2026-05-04 23:30:00,1111116.8102800571
2026-05-04 23:45:00,1111116.8102800571
2026-05-05 00:00:00,1111116.8102800571
2026-05-05 00:15:00,1111116.8102800571
2026-05-05 00:30:00,1111116.8102800571
2026-05-05 00:45:00,1111116.8102800571
2026-05-05 01:00:00,1111116.8102800571
2026-05-05 01:15:00,1111116.8102800571
2026-05-05 01:30:00,1111116.8102800571
2026-05-05 01:45:00,1111116.8102800571
2026-05-05 02:00:00,1111116.8102800571
2026-05-05 02:15:00,1111116.8102800571
2026-05-05 02:30:00,1111116.8102800571
2026-05-05 02:45:00,1111116.8102800571
2026-05-05 03:00:00,1111116.8102800571
2026-05-05 03:15:00,1111116.8102800571
2026-05-05 03:30:00,1111116.8102800571
2026-05-05 03:45:00,1111116.8102800571
2026-05-05 04:00:00,1111116.8102800571
2026-05-05 04:15:00,1111116.8102800571
2026-05-05 04:30:00,1111116.8102800571
2026-05-05 04:45:00,1111116.8102800571
2026-05-05 05:00:00,1111116.8102800571
2026-05-05 05:15:00,1111116.8102800571
2026-05-05 05:30:00,1111116.8102800571
2026-05-05 05:45:00,1111116.8102800571
2026-05-05 06:00:00,1111116.8102800571
2026-05-05 06:15:00,1111116.8102800571
2026-05-05 06:30:00,1111116.8102800571
2026-05-05 06:45:00,1111116.8102800571
2026-05-05 07:00:00,1111116.8102800571
2026-05-05 07:15:00,1111116.8102800571
2026-05-05 07:30:00,1111116.8102800571
2026-05-05 07:45:00,1111116.8102800571
2026-05-05 08:00:00,1111116.8102800571
2026-05-05 08:15:00,1111116.8102800571
2026-05-05 08:30:00,1111116.8102800571
2026-05-05 08:45:00,1111116.8102800571
2026-05-05 09:00:00,1111116.8102800571
2026-05-05 09:15:00,1111116.8102800571
2026-05-05 09:30:00,1111116.8102800571
2026-05-05 09:45:00,1111116.8102800571
2026-05-05 10:00:00,1111116.8102800571
2026-05-05 10:15:00,1111116.8102800571
2026-05-05 10:30:00,1111116.8102800571
2026-05-05 10:45:00,1111116.8102800571
2026-05-05 11:00:00,1111116.8102800571
2026-05-05 11:15:00,1111116.8102800571
2026-05-05 11:30:00,1111116.8102800571
2026-05-05 11:45:00,1111116.8102800571
2026-05-05 12:00:00,1111116.8102800571
2026-05-05 12:15:00,1111116.8102800571
2026-05-05 12:30:00,1111116.8102800571
2026-05-05 12:45:00,1111116.8102800571
2026-05-05 13:00:00,1111116.8102800571
2026-05-05 13:15:00,1111116.8102800571
2026-05-05 13:30:00,1111116.8102800571
2026-05-05 13:45:00,1111116.8102800571
2026-05-05 14:00:00,1111116.8102800571
2026-05-05 14:15:00,1111116.8102800571
2026-05-05 14:30:00,1111116.8102800571
2026-05-05 14:45:00,1111116.8102800571
2026-05-05 15:00:00,1111116.8102800571
2026-05-05 15:15:00,1111116.8102800571
2026-05-05 15:30:00,1111116.8102800571
2026-05-05 15:45:00,1111116.8102800571
2026-05-05 16:00:00,1111116.8102800571
2026-05-05 16:15:00,1111116.8102800571
2026-05-05 16:30:00,1111116.8102800571
2026-05-05 16:45:00,1111116.8102800571
2026-05-05 17:00:00,1111116.8102800571
2026-05-05 17:15:00,1111116.8102800571
2026-05-05 17:30:00,1111116.8102800571
2026-05-05 17:45:00,1111116.8102800571
2026-05-05 18:00:00,1111116.8102800571
2026-05-05 18:15:00,1111116.8102800571
2026-05-05 18:30:00,1111116.8102800571
2026-05-05 18:45:00,1111116.8102800571
2026-05-05 19:00:00,1111116.8102800571
2026-05-05 19:15:00,1111116.8102800571
2026-05-05 19:30:00,1111116.8102800571
2026-05-05 19:45:00,1111116.8102800571
2026-05-05 20:00:00,1111116.8102800571
2026-05-05 20:15:00,1111116.8102800571
2026-05-05 20:30:00,1111116.8102800571
2026-05-05 20:45:00,1111116.8102800571
2026-05-05 21:00:00,1111116.8102800571
2026-05-05 21:15:00,1111116.8102800571
2026-05-05 21:30:00,1111116.8102800571
2026-05-05 21:45:00,1111116.8102800571
2026-05-05 22:00:00,1111116.8102800571
2026-05-05 22:15:00,1111116.8102800571
2026-05-05 22:30:00,1111116.8102800571
2026-05-05 22:45:00,1111116.8102800571
2026-05-05 23:00:00,1111116.8102800571
2026-05-05 23:15:00,1111116.8102800571
2026-05-05 23:30:00,1111116.8102800571
2026-05-05 23:45:00,1111116.8102800571
2026-05-06 00:00:00,1111116.8102800571
2026-05-06 00:15:00,1111116.8102800571
2026-05-06 00:30:00,1111116.8102800571
2026-05-06 00:45:00,1111116.8102800571
2026-05-06 01:00:00,1111116.8102800571
2026-05-06 01:15:00,1111116.8102800571
2026-05-06 01:30:00,1111116.8102800571
2026-05-06 01:45:00,1111116.8102800571
2026-05-06 02:00:00,1111116.8102800571
2026-05-06 02:15:00,1111116.8102800571
2026-05-06 02:30:00,1111116.8102800571
2026-05-06 02:45:00,1111116.8102800571
2026-05-06 03:00:00,1111116.8102800571
2026-05-06 03:15:00,1111116.8102800571
2026-05-06 03:30:00,1111116.8102800571
2026-05-06 03:45:00,1111116.8102800571
2026-05-06 04:00:00,1111116.8102800571
2026-05-06 04:15:00,1111116.8102800571
2026-05-06 04:30:00,1111116.8102800571
2026-05-06 04:45:00,1111116.8102800571
2026-05-06 05:00:00,1111116.8102800571
2026-05-06 05:15:00,1111116.8102800571
2026-05-06 05:30:00,1111116.8102800571
2026-05-06 05:45:00,1111116.8102800571
2026-05-06 06:00:00,1111116.8102800571
2026-05-06 06:15:00,1111116.8102800571
2026-05-06 06:30:00,1111116.8102800571
2026-05-06 06:45:00,1111116.8102800571
2026-05-06 07:00:00,1111116.8102800571
2026-05-06 07:15:00,1111116.8102800571
2026-05-06 07:30:00,1111116.8102800571
2026-05-06 07:45:00,1111116.8102800571
2026-05-06 08:00:00,1111116.8102800571
2026-05-06 08:15:00,1111116.8102800571
2026-05-06 08:30:00,1111116.8102800571
2026-05-06 08:45:00,1111116.8102800571
2026-05-06 09:00:00,1111116.8102800571
2026-05-06 09:15:00,1111116.8102800571
2026-05-06 09:30:00,1111116.8102800571
2026-05-06 09:45:00,1111116.8102800571
2026-05-06 10:00:00,1111116.8102800571
2026-05-06 10:15:00,1111116.8102800571
2026-05-06 10:30:00,1111116.8102800571
2026-05-06 10:45:00,1111116.8102800571
2026-05-06 11:00:00,1111116.8102800571
2026-05-06 11:15:00,1111116.8102800571
2026-05-06 11:30:00,1111116.8102800571
2026-05-06 11:45:00,1111116.8102800571
2026-05-06 12:00:00,1111116.8102800571
2026-05-06 12:15:00,1111116.8102800571
2026-05-06 12:30:00,1111116.8102800571
2026-05-06 12:45:00,1111116.8102800571
2026-05-06 13:00:00,1111116.8102800571
2026-05-06 13:15:00,1111116.8102800571
2026-05-06 13:30:00,1111116.8102800571
2026-05-06 13:45:00,1111116.8102800571
2026-05-06 14:00:00,1111116.8102800571
2026-05-06 14:15:00,1111116.8102800571
2026-05-06 14:30:00,1111116.8102800571
2026-05-06 14:45:00,1111116.8102800571
2026-05-06 15:00:00,1111116.8102800571
2026-05-06 15:15:00,1111116.8102800571
2026-05-06 15:30:00,1111116.8102800571
2026-05-06 15:45:00,1111116.8102800571
2026-05-06 16:00:00,1111116.8102800571
2026-05-06 16:15:00,1111116.8102800571
2026-05-06 16:30:00,1111116.8102800571
2026-05-06 16:45:00,1111116.8102800571
2026-05-06 17:00:00,1111116.8102800571
2026-05-06 17:15:00,1111116.8102800571
2026-05-06 17:30:00,1111116.8102800571
2026-05-06 17:45:00,1111116.8102800571
2026-05-06 18:00:00,1111116.8102800571
2026-05-06 18:15:00,1111116.8102800571
2026-05-06 18:30:00,1111116.8102800571
2026-05-06 18:45:00,1111116.8102800571
2026-05-06 19:00:00,1111116.8102800571
2026-05-06 19:15:00,1111116.8102800571
2026-05-06 19:30:00,1111116.8102800571
2026-05-06 19:45:00,1111116.8102800571
2026-05-06 20:00:00,1111116.8102800571
2026-05-06 20:15:00,1111116.8102800571
2026-05-06 20:30:00,1111116.8102800571
2026-05-06 20:45:00,1111116.8102800571
2026-05-06 21:00:00,1111116.8102800571
2026-05-06 21:15:00,1111116.8102800571
2026-05-06 21:30:00,1111116.8102800571
2026-05-06 21:45:00,1111116.8102800571
2026-05-06 22:00:00,1111116.8102800571
2026-05-06 22:15:00,1111116.8102800571
2026-05-06 22:30:00,1111116.8102800571
2026-05-06 22:45:00,1111116.8102800571
2026-05-06 23:00:00,1111116.8102800571
2026-05-06 23:15:00,1111116.8102800571
2026-05-06 23:30:00,1111116.8102800571
2026-05-06 23:45:00,1111116.8102800571
2026-05-07 00:00:00,1111116.8102800571
2026-05-07 00:15:00,1111116.8102800571
2026-05-07 00:30:00,1111116.8102800571
2026-05-07 00:45:00,1111116.8102800571
2026-05-07 01:00:00,1111116.8102800571
2026-05-07 01:15:00,1111116.8102800571
2026-05-07 01:30:00,1111116.8102800571
2026-05-07 01:45:00,1111116.8102800571
2026-05-07 02:00:00,1111116.8102800571
2026-05-07 02:15:00,1111116.8102800571
2026-05-07 02:30:00,1111116.8102800571
2026-05-07 02:45:00,1111116.8102800571
2026-05-07 03:00:00,1111116.8102800571
2026-05-07 03:15:00,1111116.8102800571
2026-05-07 03:30:00,1111116.8102800571
2026-05-07 03:45:00,1111116.8102800571
2026-05-07 04:00:00,1111116.8102800571
2026-05-07 04:15:00,1111116.8102800571
2026-05-07 04:30:00,1111116.8102800571
2026-05-07 04:45:00,1111116.8102800571
2026-05-07 05:00:00,1111116.8102800571
2026-05-07 05:15:00,1111116.8102800571
2026-05-07 05:30:00,1111116.8102800571
2026-05-07 05:45:00,1111116.8102800571
2026-05-07 06:00:00,1111116.8102800571
2026-05-07 06:15:00,1111116.8102800571
2026-05-07 06:30:00,1111116.8102800571
2026-05-07 06:45:00,1111116.8102800571
2026-05-07 07:00:00,1111116.8102800571
2026-05-07 07:15:00,1111116.8102800571
2026-05-07 07:30:00,1111116.8102800571
2026-05-07 07:45:00,1111116.8102800571
2026-05-07 08:00:00,1111116.8102800571
2026-05-07 08:15:00,1111116.8102800571
2026-05-07 08:30:00,1111116.8102800571
2026-05-07 08:45:00,1111116.8102800571
2026-05-07 09:00:00,1111116.8102800571
2026-05-07 09:15:00,1111116.8102800571
2026-05-07 09:30:00,1111116.8102800571
2026-05-07 09:45:00,1111116.8102800571
2026-05-07 10:00:00,1111116.8102800571
2026-05-07 10:15:00,1111116.8102800571
2026-05-07 10:30:00,1111116.8102800571
2026-05-07 10:45:00,1111116.8102800571
2026-05-07 11:00:00,1111116.8102800571
2026-05-07 11:15:00,1111116.8102800571
2026-05-07 11:30:00,1111116.8102800571
2026-05-07 11:45:00,1111116.8102800571
2026-05-07 12:00:00,1111116.8102800571
2026-05-07 12:15:00,1111116.8102800571
2026-05-07 12:30:00,1111116.8102800571
2026-05-07 12:45:00,1111116.8102800571
2026-05-07 13:00:00,1111116.8102800571
2026-05-07 13:15:00,1111116.8102800571
2026-05-07 13:30:00,1111116.8102800571
2026-05-07 13:45:00,1111116.8102800571
2026-05-07 14:00:00,1111116.8102800571
2026-05-07 14:15:00,1111116.8102800571
2026-05-07 14:30:00,1111116.8102800571
2026-05-07 14:45:00,1111116.8102800571
2026-05-07 15:00:00,1111116.8102800571
2026-05-07 15:15:00,1111116.8102800571
2026-05-07 15:30:00,1111116.8102800571
2026-05-07 15:45:00,1111116.8102800571
2026-05-07 16:00:00,1111116.8102800571
2026-05-07 16:15:00,1111116.8102800571
2026-05-07 16:30:00,1111116.8102800571
2026-05-07 16:45:00,1111116.8102800571
2026-05-07 17:00:00,1111116.8102800571
2026-05-07 17:15:00,1111116.8102800571
2026-05-07 17:30:00,1111116.8102800571
2026-05-07 17:45:00,1111116.8102800571
2026-05-07 18:00:00,1111116.8102800571
2026-05-07 18:15:00,1111116.8102800571
2026-05-07 18:30:00,1111116.8102800571
2026-05-07 18:45:00,1111116.8102800571
2026-05-07 19:00:00,1111116.8102800571
2026-05-07 19:15:00,1111116.8102800571
2026-05-07 19:30:00,1111116.8102800571
2026-05-07 19:45:00,1111116.8102800571
2026-05-07 20:00:00,1111116.8102800571
2026-05-07 20:15:00,1111116.8102800571
2026-05-07 20:30:00,1111116.8102800571
2026-05-07 20:45:00,1111116.8102800571
2026-05-07 21:00:00,1111116.8102800571
2026-05-07 21:15:00,1111116.8102800571
2026-05-07 21:30:00,1111116.8102800571
2026-05-07 21:45:00,1111116.8102800571
2026-05-07 22:00:00,1111116.8102800571
2026-05-07 22:15:00,1111116.8102800571
2026-05-07 22:30:00,1111116.8102800571
2026-05-07 22:45:00,1111116.8102800571
2026-05-07 23:00:00,1111116.8102800571
2026-05-07 23:15:00,1111116.8102800571
2026-05-07 23:30:00,1111116.8102800571
2026-05-07 23:45:00,1111116.8102800571
2026-05-08 00:00:00,1111116.8102800571
2026-05-08 00:15:00,1111116.8102800571
2026-05-08 00:30:00,1111116.8102800571
2026-05-08 00:45:00,1111116.8102800571
2026-05-08 01:00:00,1111116.8102800571
2026-05-08 01:15:00,1111116.8102800571
2026-05-08 01:30:00,1111116.8102800571
2026-05-08 01:45:00,1111116.8102800571
2026-05-08 02:00:00,1111116.8102800571
2026-05-08 02:15:00,1111116.8102800571
2026-05-08 02:30:00,1111116.8102800571
2026-05-08 02:45:00,1111116.8102800571
2026-05-08 03:00:00,1111116.8102800571
2026-05-08 03:15:00,1111116.8102800571
2026-05-08 03:30:00,1111116.8102800571
2026-05-08 03:45:00,1111116.8102800571
2026-05-08 04:00:00,1111116.8102800571
2026-05-08 04:15:00,1111116.8102800571
2026-05-08 04:30:00,1111116.8102800571
2026-05-08 04:45:00,1111116.8102800571
2026-05-08 05:00:00,1111116.8102800571
2026-05-08 05:15:00,1111116.8102800571
2026-05-08 05:30:00,1111116.8102800571
2026-05-08 05:45:00,1111116.8102800571
2026-05-08 06:00:00,1111116.8102800571
2026-05-08 06:15:00,1111116.8102800571
2026-05-08 06:30:00,1111116.8102800571
2026-05-08 06:45:00,1111116.8102800571
2026-05-08 07:00:00,1111116.8102800571
2026-05-08 07:15:00,1111116.8102800571
2026-05-08 07:30:00,1111116.8102800571
2026-05-08 07:45:00,1111116.8102800571
2026-05-08 08:00:00,1111116.8102800571
2026-05-08 08:15:00,1111116.8102800571
2026-05-08 08:30:00,1111116.8102800571
2026-05-08 08:45:00,1111116.8102800571
2026-05-08 09:00:00,1111116.8102800571
2026-05-08 09:15:00,1111116.8102800571
2026-05-08 09:30:00,1111116.8102800571
2026-05-08 09:45:00,1111116.8102800571
2026-05-08 10:00:00,1111116.8102800571
2026-05-08 10:15:00,1111116.8102800571
2026-05-08 10:30:00,1111116.8102800571
2026-05-08 10:45:00,1111116.8102800571
2026-05-08 11:00:00,1111116.8102800571
2026-05-08 11:15:00,1111116.8102800571
2026-05-08 11:30:00,1111116.8102800571
2026-05-08 11:45:00,1111116.8102800571
2026-05-08 12:00:00,1111116.8102800571
2026-05-08 12:15:00,1111116.8102800571
2026-05-08 12:30:00,1111116.8102800571
2026-05-08 12:45:00,1111116.8102800571
2026-05-08 13:00:00,1111116.8102800571
2026-05-08 13:15:00,1111116.8102800571
2026-05-08 13:30:00,1111116.8102800571
2026-05-08 13:45:00,1111116.8102800571
2026-05-08 14:00:00,1111116.8102800571
2026-05-08 14:15:00,1111116.8102800571
2026-05-08 14:30:00,1111116.8102800571
2026-05-08 14:45:00,1111116.8102800571
2026-05-08 15:00:00,1111116.8102800571
2026-05-08 15:15:00,1111116.8102800571
2026-05-08 15:30:00,1111116.8102800571
2026-05-08 15:45:00,1111116.8102800571
2026-05-08 16:00:00,1111116.8102800571
2026-05-08 16:15:00,1111116.8102800571
2026-05-08 16:30:00,1111116.8102800571
2026-05-08 16:45:00,1111116.8102800571
2026-05-08 17:00:00,1111116.8102800571
2026-05-08 17:15:00,1111116.8102800571
2026-05-08 17:30:00,1111116.8102800571
2026-05-08 17:45:00,1111116.8102800571
2026-05-08 18:00:00,1111116.8102800571
2026-05-08 18:15:00,1111116.8102800571
2026-05-08 18:30:00,1111116.8102800571
2026-05-08 18:45:00,1111116.8102800571
2026-05-08 19:00:00,1111116.8102800571
2026-05-08 19:15:00,1111116.8102800571
2026-05-08 19:30:00,1111116.8102800571
2026-05-08 19:45:00,1111116.8102800571
2026-05-08 20:00:00,1111116.8102800571
2026-05-08 20:15:00,1111116.8102800571
2026-05-08 20:30:00,1111116.8102800571
2026-05-08 20:45:00,1111116.8102800571
2026-05-08 21:00:00,1111116.8102800571
2026-05-08 21:15:00,1111116.8102800571
2026-05-08 21:30:00,1111116.8102800571
2026-05-08 21:45:00,1111116.8102800571
2026-05-08 22:00:00,1111116.8102800571
2026-05-08 22:15:00,1111116.8102800571
2026-05-08 22:30:00,1111116.8102800571
2026-05-08 22:45:00,1111116.8102800571
2026-05-08 23:00:00,1111116.8102800571
2026-05-08 23:15:00,1111116.8102800571
2026-05-08 23:30:00,1111116.8102800571
2026-05-08 23:45:00,1111116.8102800571
2026-05-11 00:00:00,1111116.8102800571
2026-05-11 00:15:00,1111116.8102800571
2026-05-11 00:30:00,1111116.8102800571
2026-05-11 00:45:00,1111116.8102800571
2026-05-11 01:00:00,1111116.8102800571
2026-05-11 01:15:00,1111116.8102800571
2026-05-11 01:30:00,1111116.8102800571
2026-05-11 01:45:00,1111116.8102800571
2026-05-11 02:00:00,1111116.8102800571
2026-05-11 02:15:00,1111116.8102800571
2026-05-11 02:30:00,1111116.8102800571
2026-05-11 02:45:00,1111116.8102800571
2026-05-11 03:00:00,1111116.8102800571
2026-05-11 03:15:00,1111116.8102800571
2026-05-11 03:30:00,1111116.8102800571
2026-05-11 03:45:00,1111116.8102800571
2026-05-11 04:00:00,1111116.8102800571
2026-05-11 04:15:00,1111116.8102800571
2026-05-11 04:30:00,1111116.8102800571
2026-05-11 04:45:00,1111116.8102800571
2026-05-11 05:00:00,1111116.8102800571
2026-05-11 05:15:00,1111116.8102800571
2026-05-11 05:30:00,1111116.8102800571
2026-05-11 05:45:00,1111116.8102800571
2026-05-11 06:00:00,1111116.8102800571
2026-05-11 06:15:00,1111116.8102800571
2026-05-11 06:30:00,1111116.8102800571
2026-05-11 06:45:00,1111116.8102800571
2026-05-11 07:00:00,1111116.8102800571
2026-05-11 07:15:00,1111116.8102800571
2026-05-11 07:30:00,1111116.8102800571
2026-05-11 07:45:00,1111116.8102800571
2026-05-11 08:00:00,1111116.8102800571
2026-05-11 08:15:00,1111116.8102800571
2026-05-11 08:30:00,1111116.8102800571
2026-05-11 08:45:00,1111116.8102800571
2026-05-11 09:00:00,1111116.8102800571
2026-05-11 09:15:00,1111116.8102800571
2026-05-11 09:30:00,1111116.8102800571
2026-05-11 09:45:00,1111116.8102800571
2026-05-11 10:00:00,1111116.8102800571
2026-05-11 10:15:00,1111116.8102800571
2026-05-11 10:30:00,1111116.8102800571
2026-05-11 10:45:00,1111116.8102800571
2026-05-11 11:00:00,1111116.8102800571
2026-05-11 11:15:00,1111116.8102800571
2026-05-11 11:30:00,1111116.8102800571
2026-05-11 11:45:00,1111116.8102800571
2026-05-11 12:00:00,1111116.8102800571
2026-05-11 12:15:00,1111116.8102800571
2026-05-11 12:30:00,1111116.8102800571
2026-05-11 12:45:00,1111116.8102800571
2026-05-11 13:00:00,1111116.8102800571
2026-05-11 13:15:00,1111116.8102800571
2026-05-11 13:30:00,1111116.8102800571
2026-05-11 13:45:00,1111116.8102800571
2026-05-11 14:00:00,1111116.8102800571
2026-05-11 14:15:00,1111116.8102800571
2026-05-11 14:30:00,1111116.8102800571
2026-05-11 14:45:00,1111116.8102800571
2026-05-11 15:00:00,1111116.8102800571
2026-05-11 15:15:00,1111116.8102800571
2026-05-11 15:30:00,1111116.8102800571
2026-05-11 15:45:00,1111116.8102800571
2026-05-11 16:00:00,1111116.8102800571
2026-05-11 16:15:00,1111116.8102800571
2026-05-11 16:30:00,1111116.8102800571
2026-05-11 16:45:00,1111116.8102800571
2026-05-11 17:00:00,1111116.8102800571
2026-05-11 17:15:00,1111116.8102800571
2026-05-11 17:30:00,1111116.8102800571
2026-05-11 17:45:00,1111116.8102800571
2026-05-11 18:00:00,1111116.8102800571
2026-05-11 18:15:00,1111116.8102800571
2026-05-11 18:30:00,1111116.8102800571
2026-05-11 18:45:00,1111116.8102800571
2026-05-11 19:00:00,1111116.8102800571
2026-05-11 19:15:00,1111116.8102800571
2026-05-11 19:30:00,1111116.8102800571
2026-05-11 19:45:00,1111116.8102800571
2026-05-11 20:00:00,1111116.8102800571
2026-05-11 20:15:00,1111116.8102800571
2026-05-11 20:30:00,1111116.8102800571
2026-05-11 20:45:00,1111116.8102800571
2026-05-11 21:00:00,1111116.8102800571
2026-05-11 21:15:00,1111116.8102800571
2026-05-11 21:30:00,1111116.8102800571
2026-05-11 21:45:00,1111116.8102800571
2026-05-11 22:00:00,1111116.8102800571
2026-05-11 22:15:00,1111116.8102800571
2026-05-11 22:30:00,1111116.8102800571
2026-05-11 22:45:00,1111116.8102800571
2026-05-11 23:00:00,1111116.8102800571
2026-05-11 23:15:00,1111116.8102800571
2026-05-11 23:30:00,1111116.8102800571
2026-05-11 23:45:00,1111116.8102800571
2026-05-12 00:00:00,1111116.8102800571
2026-05-12 00:15:00,1111116.8102800571
2026-05-12 00:30:00,1111116.8102800571
2026-05-12 00:45:00,1111116.8102800571
2026-05-12 01:00:00,1111116.8102800571
2026-05-12 01:15:00,1111116.8102800571
2026-05-12 01:30:00,1111116.8102800571
2026-05-12 01:45:00,1111116.8102800571
2026-05-12 02:00:00,1111116.8102800571
2026-05-12 02:15:00,1111116.8102800571
2026-05-12 02:30:00,1111116.8102800571
2026-05-12 02:45:00,1111116.8102800571
2026-05-12 03:00:00,1111116.8102800571
2026-05-12 03:15:00,1111116.8102800571
2026-05-12 03:30:00,1111116.8102800571
2026-05-12 03:45:00,1111116.8102800571
2026-05-12 04:00:00,1111116.8102800571
2026-05-12 04:15:00,1111116.8102800571
2026-05-12 04:30:00,1111116.8102800571
2026-05-12 04:45:00,1111116.8102800571
2026-05-12 05:00:00,1111116.8102800571
2026-05-12 05:15:00,1111116.8102800571
2026-05-12 05:30:00,1111116.8102800571
2026-05-12 05:45:00,1111116.8102800571
2026-05-12 06:00:00,1111116.8102800571
2026-05-12 06:15:00,1111116.8102800571
2026-05-12 06:30:00,1111116.8102800571
2026-05-12 06:45:00,1111116.8102800571
2026-05-12 07:00:00,1111116.8102800571
2026-05-12 07:15:00,1111116.8102800571
2026-05-12 07:30:00,1111116.8102800571
2026-05-12 07:45:00,1111116.8102800571
2026-05-12 08:00:00,1111116.8102800571
2026-05-12 08:15:00,1111116.8102800571
2026-05-12 08:30:00,1111116.8102800571
2026-05-12 08:45:00,1111116.8102800571
2026-05-12 09:00:00,1111116.8102800571
2026-05-12 09:15:00,1111116.8102800571
2026-05-12 09:30:00,1111116.8102800571
2026-05-12 09:45:00,1111116.8102800571
2026-05-12 10:00:00,1111116.8102800571
2026-05-12 10:15:00,1111116.8102800571
2026-05-12 10:30:00,1111116.8102800571
2026-05-12 10:45:00,1111116.8102800571
2026-05-12 11:00:00,1111116.8102800571
2026-05-12 11:15:00,1111116.8102800571
2026-05-12 11:30:00,1111116.8102800571
2026-05-12 11:45:00,1111116.8102800571
2026-05-12 12:00:00,1111116.8102800571
2026-05-12 12:15:00,1111116.8102800571
2026-05-12 12:30:00,1111116.8102800571
2026-05-12 12:45:00,1111116.8102800571
2026-05-12 13:00:00,1111116.8102800571
2026-05-12 13:15:00,1111116.8102800571
2026-05-12 13:30:00,1111116.8102800571
2026-05-12 13:45:00,1111116.8102800571
2026-05-12 14:00:00,1111116.8102800571
2026-05-12 14:15:00,1111116.8102800571
2026-05-12 14:30:00,1111116.8102800571
2026-05-12 14:45:00,1111116.8102800571
2026-05-12 15:00:00,1111116.8102800571
2026-05-12 15:15:00,1111116.8102800571
2026-05-12 15:30:00,1111116.8102800571
2026-05-12 15:45:00,1111116.8102800571
2026-05-12 16:00:00,1111116.8102800571
2026-05-12 16:15:00,1111116.8102800571
2026-05-12 16:30:00,1111116.8102800571
2026-05-12 16:45:00,1111116.8102800571
2026-05-12 17:00:00,1111116.8102800571
2026-05-12 17:15:00,1111116.8102800571
2026-05-12 17:30:00,1111116.8102800571
2026-05-12 17:45:00,1111116.8102800571
2026-05-12 18:00:00,1111116.8102800571
2026-05-12 18:15:00,1111116.8102800571
2026-05-12 18:30:00,1111116.8102800571
2026-05-12 18:45:00,1111116.8102800571
2026-05-12 19:00:00,1111116.8102800571
2026-05-12 19:15:00,1111116.8102800571
2026-05-12 19:30:00,1111116.8102800571
2026-05-12 19:45:00,1111116.8102800571
2026-05-12 20:00:00,1111116.8102800571
2026-05-12 20:15:00,1111116.8102800571
2026-05-12 20:30:00,1111116.8102800571
2026-05-12 20:45:00,1111116.8102800571
2026-05-12 21:00:00,1111116.8102800571
2026-05-12 21:15:00,1111116.8102800571
2026-05-12 21:30:00,1111116.8102800571
2026-05-12 21:45:00,1111116.8102800571
2026-05-12 22:00:00,1111116.8102800571
2026-05-12 22:15:00,1111116.8102800571
2026-05-12 22:30:00,1111116.8102800571
2026-05-12 22:45:00,1111116.8102800571
2026-05-12 23:00:00,1111116.8102800571
2026-05-12 23:15:00,1111116.8102800571
2026-05-12 23:30:00,1111116.8102800571
2026-05-12 23:45:00,1111116.8102800571
2026-05-13 00:00:00,1111116.8102800571
2026-05-13 00:15:00,1111116.8102800571
2026-05-13 00:30:00,1111116.8102800571
2026-05-13 00:45:00,1111116.8102800571
2026-05-13 01:00:00,1111116.8102800571
2026-05-13 01:15:00,1111116.8102800571
2026-05-13 01:30:00,1111116.8102800571
2026-05-13 01:45:00,1111116.8102800571
2026-05-13 02:00:00,1111116.8102800571
2026-05-13 02:15:00,1111116.8102800571
2026-05-13 02:30:00,1111116.8102800571
2026-05-13 02:45:00,1111116.8102800571
2026-05-13 03:00:00,1111116.8102800571
2026-05-13 03:15:00,1111116.8102800571
2026-05-13 03:30:00,1111116.8102800571
2026-05-13 03:45:00,1111116.8102800571
2026-05-13 04:00:00,1111116.8102800571
2026-05-13 04:15:00,1111116.8102800571
2026-05-13 04:30:00,1111116.8102800571
2026-05-13 04:45:00,1111116.8102800571
2026-05-13 05:00:00,1111116.8102800571
2026-05-13 05:15:00,1111116.8102800571
2026-05-13 05:30:00,1111116.8102800571
2026-05-13 05:45:00,1111116.8102800571
2026-05-13 06:00:00,1111116.8102800571
2026-05-13 06:15:00,1111116.8102800571
2026-05-13 06:30:00,1111116.8102800571
2026-05-13 06:45:00,1111116.8102800571
2026-05-13 07:00:00,1111116.8102800571
2026-05-13 07:15:00,1111116.8102800571
2026-05-13 07:30:00,1111116.8102800571
2026-05-13 07:45:00,1111116.8102800571
2026-05-13 08:00:00,1111116.8102800571
2026-05-13 08:15:00,1111116.8102800571
2026-05-13 08:30:00,1111116.8102800571
2026-05-13 08:45:00,1111116.8102800571
2026-05-13 09:00:00,1111116.8102800571
2026-05-13 09:15:00,1111116.8102800571
2026-05-13 09:30:00,1111116.8102800571
2026-05-13 09:45:00,1111116.8102800571
2026-05-13 10:00:00,1111116.8102800571
2026-05-13 10:15:00,1111116.8102800571
2026-05-13 10:30:00,1111116.8102800571
2026-05-13 10:45:00,1111116.8102800571
2026-05-13 11:00:00,1111116.8102800571
2026-05-13 11:15:00,1111116.8102800571
2026-05-13 11:30:00,1111116.8102800571
2026-05-13 11:45:00,1111116.8102800571
2026-05-13 12:00:00,1111116.8102800571
2026-05-13 12:15:00,1111116.8102800571
2026-05-13 12:30:00,1111116.8102800571
2026-05-13 12:45:00,1111116.8102800571
2026-05-13 13:00:00,1111116.8102800571
2026-05-13 13:15:00,1111116.8102800571
2026-05-13 13:30:00,1111116.8102800571
2026-05-13 13:45:00,1111116.8102800571
2026-05-13 14:00:00,1111116.8102800571
2026-05-13 14:15:00,1111116.8102800571
2026-05-13 14:30:00,1111116.8102800571
2026-05-13 14:45:00,1111116.8102800571
2026-05-13 15:00:00,1111116.8102800571
2026-05-13 15:15:00,1111116.8102800571
2026-05-13 15:30:00,1111116.8102800571
2026-05-13 15:45:00,1111116.8102800571
2026-05-13 16:00:00,1111116.8102800571
2026-05-13 16:15:00,1111116.8102800571
2026-05-13 16:30:00,1111116.8102800571
2026-05-13 16:45:00,1111116.8102800571
2026-05-13 17:00:00,1111116.8102800571
2026-05-13 17:15:00,1111116.8102800571
2026-05-13 17:30:00,1111116.8102800571
2026-05-13 17:45:00,1111116.8102800571
2026-05-13 18:00:00,1111116.8102800571
2026-05-13 18:15:00,1111116.8102800571
2026-05-13 18:30:00,1111116.8102800571
2026-05-13 18:45:00,1111116.8102800571
2026-05-13 19:00:00,1111116.8102800571
2026-05-13 19:15:00,1111116.8102800571
2026-05-13 19:30:00,1111116.8102800571
2026-05-13 19:45:00,1111116.8102800571
2026-05-13 20:00:00,1111116.8102800571
2026-05-13 20:15:00,1111116.8102800571
2026-05-13 20:30:00,1111116.8102800571
2026-05-13 20:45:00,1111116.8102800571
2026-05-13 21:00:00,1111116.8102800571
2026-05-13 21:15:00,1111116.8102800571
2026-05-13 21:30:00,1111116.8102800571
2026-05-13 21:45:00,1111116.8102800571
2026-05-13 22:00:00,1111116.8102800571
2026-05-13 22:15:00,1111116.8102800571
2026-05-13 22:30:00,1111116.8102800571
2026-05-13 22:45:00,1111116.8102800571
2026-05-13 23:00:00,1111116.8102800571
2026-05-13 23:15:00,1111116.8102800571
2026-05-13 23:30:00,1111116.8102800571
2026-05-13 23:45:00,1111116.8102800571
2026-05-14 00:00:00,1111116.8102800571
2026-05-14 00:15:00,1111116.8102800571
2026-05-14 00:30:00,1111116.8102800571
2026-05-14 00:45:00,1111116.8102800571
2026-05-14 01:00:00,1111116.8102800571
2026-05-14 01:15:00,1111116.8102800571
2026-05-14 01:30:00,1111116.8102800571
2026-05-14 01:45:00,1111116.8102800571
2026-05-14 02:00:00,1111116.8102800571
2026-05-14 02:15:00,1111116.8102800571
2026-05-14 02:30:00,1111116.8102800571
2026-05-14 02:45:00,1111116.8102800571
2026-05-14 03:00:00,1111116.8102800571
2026-05-14 03:15:00,1111116.8102800571
2026-05-14 03:30:00,1111116.8102800571
2026-05-14 03:45:00,1111116.8102800571
2026-05-14 04:00:00,1111116.8102800571
2026-05-14 04:15:00,1111116.8102800571
2026-05-14 04:30:00,1111116.8102800571
2026-05-14 04:45:00,1111116.8102800571
2026-05-14 05:00:00,1111116.8102800571
2026-05-14 05:15:00,1111116.8102800571
2026-05-14 05:30:00,1111116.8102800571
2026-05-14 05:45:00,1111116.8102800571
2026-05-14 06:00:00,1111116.8102800571
2026-05-14 06:15:00,1111116.8102800571
2026-05-14 06:30:00,1111116.8102800571
2026-05-14 06:45:00,1111116.8102800571
2026-05-14 07:00:00,1111116.8102800571
2026-05-14 07:15:00,1111116.8102800571
2026-05-14 07:30:00,1111116.8102800571
2026-05-14 07:45:00,1111116.8102800571
2026-05-14 08:00:00,1111116.8102800571
2026-05-14 08:15:00,1111116.8102800571
2026-05-14 08:30:00,1111116.8102800571
2026-05-14 08:45:00,1111116.8102800571
2026-05-14 09:00:00,1111116.8102800571
2026-05-14 09:15:00,1111116.8102800571
2026-05-14 09:30:00,1111116.8102800571
2026-05-14 09:45:00,1111116.8102800571
2026-05-14 10:00:00,1111116.8102800571
2026-05-14 10:15:00,1111116.8102800571
2026-05-14 10:30:00,1111116.8102800571
2026-05-14 10:45:00,1111116.8102800571
2026-05-14 11:00:00,1111116.8102800571
2026-05-14 11:15:00,1111116.8102800571
2026-05-14 11:30:00,1111116.8102800571
2026-05-14 11:45:00,1111116.8102800571
2026-05-14 12:00:00,1111116.8102800571
2026-05-14 12:15:00,1111116.8102800571
2026-05-14 12:30:00,1111116.8102800571
2026-05-14 12:45:00,1111116.8102800571
2026-05-14 13:00:00,1111116.8102800571
2026-05-14 13:15:00,1111116.8102800571
2026-05-14 13:30:00,1111116.8102800571
2026-05-14 13:45:00,1111116.8102800571
2026-05-14 14:00:00,1111116.8102800571
2026-05-14 14:15:00,1111116.8102800571
2026-05-14 14:30:00,1111116.8102800571
2026-05-14 14:45:00,1111116.8102800571
2026-05-14 15:00:00,1111116.8102800571
2026-05-14 15:15:00,1111116.8102800571
2026-05-14 15:30:00,1111116.8102800571
2026-05-14 15:45:00,1111116.8102800571
2026-05-14 16:00:00,1111116.8102800571
2026-05-14 16:15:00,1111116.8102800571
2026-05-14 16:30:00,1111116.8102800571
2026-05-14 16:45:00,1111116.8102800571
2026-05-14 17:00:00,1111116.8102800571
2026-05-14 17:15:00,1111116.8102800571
2026-05-14 17:30:00,1111116.8102800571
2026-05-14 17:45:00,1111116.8102800571
2026-05-14 18:00:00,1111116.8102800571
2026-05-14 18:15:00,1111116.8102800571
2026-05-14 18:30:00,1111116.8102800571
2026-05-14 18:45:00,1111116.8102800571
2026-05-14 19:00:00,1111116.8102800571
2026-05-14 19:15:00,1111116.8102800571
2026-05-14 19:30:00,1111116.8102800571
2026-05-14 19:45:00,1111116.8102800571
2026-05-14 20:00:00,1111116.8102800571
2026-05-14 20:15:00,1111116.8102800571
2026-05-14 20:30:00,1111116.8102800571
2026-05-14 20:45:00,1111116.8102800571
2026-05-14 21:00:00,1111116.8102800571
2026-05-14 21:15:00,1111116.8102800571
2026-05-14 21:30:00,1111116.8102800571
2026-05-14 21:45:00,1111116.8102800571
2026-05-14 22:00:00,1111116.8102800571
2026-05-14 22:15:00,1111116.8102800571
2026-05-14 22:30:00,1111116.8102800571
2026-05-14 22:45:00,1111116.8102800571
2026-05-14 23:00:00,1111116.8102800571
2026-05-14 23:15:00,1111116.8102800571
2026-05-14 23:30:00,1111116.8102800571
2026-05-14 23:45:00,1111116.8102800571
2026-05-15 00:00:00,1111116.8102800571
2026-05-15 00:15:00,1111116.8102800571
2026-05-15 00:30:00,1111116.8102800571
2026-05-15 00:45:00,1111116.8102800571
2026-05-15 01:00:00,1111116.8102800571
2026-05-15 01:15:00,1111116.8102800571
2026-05-15 01:30:00,1111116.8102800571
2026-05-15 01:45:00,1111116.8102800571
2026-05-15 02:00:00,1111116.8102800571
2026-05-15 02:15:00,1111116.8102800571
2026-05-15 02:30:00,1111116.8102800571
2026-05-15 02:45:00,1111116.8102800571
2026-05-15 03:00:00,1111116.8102800571
2026-05-15 03:15:00,1111116.8102800571
2026-05-15 03:30:00,1111116.8102800571
2026-05-15 03:45:00,1111116.8102800571
2026-05-15 04:00:00,1111116.8102800571
2026-05-15 04:15:00,1111116.8102800571
2026-05-15 04:30:00,1111116.8102800571
2026-05-15 04:45:00,1111116.8102800571
2026-05-15 05:00:00,1111116.8102800571
2026-05-15 05:15:00,1111116.8102800571
2026-05-15 05:30:00,1111116.8102800571
2026-05-15 05:45:00,1111116.8102800571
2026-05-15 06:00:00,1111116.8102800571
2026-05-15 06:15:00,1111116.8102800571
2026-05-15 06:30:00,1111116.8102800571
2026-05-15 06:45:00,1111116.8102800571
2026-05-15 07:00:00,1111116.8102800571
2026-05-15 07:15:00,1111116.8102800571
2026-05-15 07:30:00,1111116.8102800571
2026-05-15 07:45:00,1111116.8102800571
2026-05-15 08:00:00,1111116.8102800571
2026-05-15 08:15:00,1111116.8102800571
2026-05-15 08:30:00,1111116.8102800571
2026-05-15 08:45:00,1111116.8102800571
2026-05-15 09:00:00,1111116.8102800571
2026-05-15 09:15:00,1111116.8102800571
2026-05-15 09:30:00,1111116.8102800571
2026-05-15 09:45:00,1111116.8102800571
2026-05-15 10:00:00,1111116.8102800571
2026-05-15 10:15:00,1111116.8102800571
2026-05-15 10:30:00,1111116.8102800571
2026-05-15 10:45:00,1111116.8102800571
2026-05-15 11:00:00,1111116.8102800571
2026-05-15 11:15:00,1111116.8102800571
2026-05-15 11:30:00,1111116.8102800571
2026-05-15 11:45:00,1111116.8102800571
2026-05-15 12:00:00,1111116.8102800571
2026-05-15 12:15:00,1111116.8102800571
2026-05-15 12:30:00,1111116.8102800571
2026-05-15 12:45:00,1111116.8102800571
2026-05-15 13:00:00,1111116.8102800571
2026-05-15 13:15:00,1111116.8102800571
2026-05-15 13:30:00,1111116.8102800571
2026-05-15 13:45:00,1111116.8102800571
2026-05-15 14:00:00,1111116.8102800571
2026-05-15 14:15:00,1111116.8102800571
2026-05-15 14:30:00,1111116.8102800571
2026-05-15 14:45:00,1111116.8102800571
2026-05-15 15:00:00,1111116.8102800571
2026-05-15 15:15:00,1111116.8102800571
2026-05-15 15:30:00,1111116.8102800571
2026-05-15 15:45:00,1111116.8102800571
2026-05-15 16:00:00,1111116.8102800571
2026-05-15 16:15:00,1111116.8102800571
2026-05-15 16:30:00,1111116.8102800571
2026-05-15 16:45:00,1111116.8102800571
2026-05-15 17:00:00,1111116.8102800571
2026-05-15 17:15:00,1111116.8102800571
2026-05-15 17:30:00,1111116.8102800571
2026-05-15 17:45:00,1111116.8102800571
2026-05-15 18:00:00,1111116.8102800571
2026-05-15 18:15:00,1111116.8102800571
2026-05-15 18:30:00,1111116.8102800571
2026-05-15 18:45:00,1111116.8102800571
2026-05-15 19:00:00,1111116.8102800571
2026-05-15 19:15:00,1111116.8102800571
2026-05-15 19:30:00,1111116.8102800571
2026-05-15 19:45:00,1111116.8102800571
2026-05-15 20:00:00,1111116.8102800571
2026-05-15 20:15:00,1111116.8102800571
2026-05-15 20:30:00,1111116.8102800571
2026-05-15 20:45:00,1111116.8102800571
2026-05-15 21:00:00,1111116.8102800571
2026-05-15 21:15:00,1111116.8102800571
2026-05-15 21:30:00,1111116.8102800571
2026-05-15 21:45:00,1111116.8102800571
2026-05-15 22:00:00,1111116.8102800571
2026-05-15 22:15:00,1111116.8102800571
2026-05-15 22:30:00,1111116.8102800571
2026-05-15 22:45:00,1111116.8102800571
2026-05-15 23:00:00,1111116.8102800571
2026-05-15 23:15:00,1111116.8102800571
2026-05-15 23:30:00,1111116.8102800571
2026-05-15 23:45:00,1111116.8102800571
2026-05-18 00:00:00,1111116.8102800571
2026-05-18 00:15:00,1111116.8102800571
2026-05-18 00:30:00,1111116.8102800571
2026-05-18 00:45:00,1111116.8102800571
2026-05-18 01:00:00,1111116.8102800571
2026-05-18 01:15:00,1111116.8102800571
2026-05-18 01:30:00,1111116.8102800571
2026-05-18 01:45:00,1111116.8102800571
2026-05-18 02:00:00,1111116.8102800571
2026-05-18 02:15:00,1111116.8102800571
2026-05-18 02:30:00,1111116.8102800571
2026-05-18 02:45:00,1111116.8102800571
2026-05-18 03:00:00,1111116.8102800571
2026-05-18 03:15:00,1111116.8102800571
2026-05-18 03:30:00,1111116.8102800571
2026-05-18 03:45:00,1111116.8102800571
2026-05-18 04:00:00,1111116.8102800571
2026-05-18 04:15:00,1111116.8102800571
2026-05-18 04:30:00,1111116.8102800571
2026-05-18 04:45:00,1111116.8102800571
2026-05-18 05:00:00,1111116.8102800571
2026-05-18 05:15:00,1111116.8102800571
2026-05-18 05:30:00,1111116.8102800571
2026-05-18 05:45:00,1111116.8102800571
2026-05-18 06:00:00,1111116.8102800571
2026-05-18 06:15:00,1111116.8102800571
2026-05-18 06:30:00,1111116.8102800571
2026-05-18 06:45:00,1111116.8102800571
2026-05-18 07:00:00,1111116.8102800571
2026-05-18 07:15:00,1111116.8102800571
2026-05-18 07:30:00,1111116.8102800571
2026-05-18 07:45:00,1111116.8102800571
2026-05-18 08:00:00,1111116.8102800571
2026-05-18 08:15:00,1111116.8102800571
2026-05-18 08:30:00,1111116.8102800571
2026-05-18 08:45:00,1111116.8102800571
2026-05-18 09:00:00,1111116.8102800571
2026-05-18 09:15:00,1111116.8102800571
2026-05-18 09:30:00,1111116.8102800571
2026-05-18 09:45:00,1111116.8102800571
2026-05-18 10:00:00,1111116.8102800571
2026-05-18 10:15:00,1111116.8102800571
2026-05-18 10:30:00,1111116.8102800571
2026-05-18 10:45:00,1111116.8102800571
2026-05-18 11:00:00,1111116.8102800571
2026-05-18 11:15:00,1111116.8102800571
2026-05-18 11:30:00,1111116.8102800571
2026-05-18 11:45:00,1111116.8102800571
2026-05-18 12:00:00,1111116.8102800571
2026-05-18 12:15:00,1111116.8102800571
2026-05-18 12:30:00,1111116.8102800571
2026-05-18 12:45:00,1111116.8102800571
2026-05-18 13:00:00,1111116.8102800571
2026-05-18 13:15:00,1111116.8102800571
2026-05-18 13:30:00,1111116.8102800571
2026-05-18 13:45:00,1111116.8102800571
2026-05-18 14:00:00,1111116.8102800571
2026-05-18 14:15:00,1111116.8102800571
2026-05-18 14:30:00,1111116.8102800571
2026-05-18 14:45:00,1111116.8102800571
2026-05-18 15:00:00,1111116.8102800571
2026-05-18 15:15:00,1111116.8102800571
2026-05-18 15:30:00,1111116.8102800571
2026-05-18 15:45:00,1111116.8102800571
2026-05-18 16:00:00,1111116.8102800571
2026-05-18 16:15:00,1111116.8102800571
2026-05-18 16:30:00,1111116.8102800571
2026-05-18 16:45:00,1111116.8102800571
2026-05-18 17:00:00,1111116.8102800571
2026-05-18 17:15:00,1111116.8102800571
2026-05-18 17:30:00,1111116.8102800571
2026-05-18 17:45:00,1111116.8102800571
2026-05-18 18:00:00,1111116.8102800571
2026-05-18 18:15:00,1111116.8102800571
2026-05-18 18:30:00,1111116.8102800571
2026-05-18 18:45:00,1111116.8102800571
2026-05-18 19:00:00,1111116.8102800571
2026-05-18 19:15:00,1111116.8102800571
2026-05-18 19:30:00,1111116.8102800571
2026-05-18 19:45:00,1111116.8102800571
2026-05-18 20:00:00,1111116.8102800571
2026-05-18 20:15:00,1111116.8102800571
2026-05-18 20:30:00,1111116.8102800571
2026-05-18 20:45:00,1111116.8102800571
2026-05-18 21:00:00,1111116.8102800571
2026-05-18 21:15:00,1111116.8102800571
2026-05-18 21:30:00,1111116.8102800571
2026-05-18 21:45:00,1111116.8102800571
2026-05-18 22:00:00,1111116.8102800571
2026-05-18 22:15:00,1111116.8102800571
2026-05-18 22:30:00,1111116.8102800571
2026-05-18 22:45:00,1111116.8102800571
2026-05-18 23:00:00,1111116.8102800571
2026-05-18 23:15:00,1111116.8102800571
2026-05-18 23:30:00,1111116.8102800571
2026-05-18 23:45:00,1111116.8102800571
2026-05-19 00:00:00,1111116.8102800571
2026-05-19 00:15:00,1111116.8102800571
2026-05-19 00:30:00,1111116.8102800571
2026-05-19 00:45:00,1111116.8102800571
2026-05-19 01:00:00,1111116.8102800571
2026-05-19 01:15:00,1111116.8102800571
2026-05-19 01:30:00,1111116.8102800571
2026-05-19 01:45:00,1111116.8102800571
2026-05-19 02:00:00,1111116.8102800571
2026-05-19 02:15:00,1111116.8102800571
2026-05-19 02:30:00,1111116.8102800571
2026-05-19 02:45:00,1111116.8102800571
2026-05-19 03:00:00,1111116.8102800571
2026-05-19 03:15:00,1111116.8102800571
2026-05-19 03:30:00,1111116.8102800571
2026-05-19 03:45:00,1111116.8102800571
2026-05-19 04:00:00,1111116.8102800571
2026-05-19 04:15:00,1111116.8102800571
2026-05-19 04:30:00,1111116.8102800571
2026-05-19 04:45:00,1111116.8102800571
2026-05-19 05:00:00,1111116.8102800571
2026-05-19 05:15:00,1111116.8102800571
2026-05-19 05:30:00,1111116.8102800571
2026-05-19 05:45:00,1111116.8102800571
2026-05-19 06:00:00,1111116.8102800571
2026-05-19 06:15:00,1111116.8102800571
2026-05-19 06:30:00,1111116.8102800571
2026-05-19 06:45:00,1111116.8102800571
2026-05-19 07:00:00,1111116.8102800571
2026-05-19 07:15:00,1111116.8102800571
2026-05-19 07:30:00,1111116.8102800571
2026-05-19 07:45:00,1111116.8102800571
2026-05-19 08:00:00,1111116.8102800571
2026-05-19 08:15:00,1111116.8102800571
2026-05-19 08:30:00,1111116.8102800571
2026-05-19 08:45:00,1111116.8102800571
2026-05-19 09:00:00,1111116.8102800571
2026-05-19 09:15:00,1111116.8102800571
2026-05-19 09:30:00,1111116.8102800571
2026-05-19 09:45:00,1111116.8102800571
2026-05-19 10:00:00,1111116.8102800571
2026-05-19 10:15:00,1111116.8102800571
2026-05-19 10:30:00,1111116.8102800571
2026-05-19 10:45:00,1111116.8102800571
2026-05-19 11:00:00,1111116.8102800571
2026-05-19 11:15:00,1111116.8102800571
2026-05-19 11:30:00,1111116.8102800571
2026-05-19 11:45:00,1111116.8102800571
2026-05-19 12:00:00,1111116.8102800571
2026-05-19 12:15:00,1111116.8102800571
2026-05-19 12:30:00,1111116.8102800571
2026-05-19 12:45:00,1111116.8102800571
2026-05-19 13:00:00,1111116.8102800571
2026-05-19 13:15:00,1111116.8102800571
2026-05-19 13:30:00,1111116.8102800571
2026-05-19 13:45:00,1111116.8102800571
2026-05-19 14:00:00,1111116.8102800571
2026-05-19 14:15:00,1111116.8102800571
2026-05-19 14:30:00,1111116.8102800571
2026-05-19 14:45:00,1111116.8102800571
2026-05-19 15:00:00,1111116.8102800571
2026-05-19 15:15:00,1111116.8102800571
2026-05-19 15:30:00,1111116.8102800571
2026-05-19 15:45:00,1111116.8102800571
2026-05-19 16:00:00,1111116.8102800571
2026-05-19 16:15:00,1111116.8102800571
2026-05-19 16:30:00,1111116.8102800571
2026-05-19 16:45:00,1111116.8102800571
2026-05-19 17:00:00,1111116.8102800571
2026-05-19 17:15:00,1111116.8102800571
2026-05-19 17:30:00,1111116.8102800571
2026-05-19 17:45:00,1111116.8102800571
2026-05-19 18:00:00,1111116.8102800571
2026-05-19 18:15:00,1111116.8102800571
2026-05-19 18:30:00,1111116.8102800571
2026-05-19 18:45:00,1111116.8102800571
2026-05-19 19:00:00,1111116.8102800571
2026-05-19 19:15:00,1111116.8102800571
2026-05-19 19:30:00,1111116.8102800571
2026-05-19 19:45:00,1111116.8102800571
2026-05-19 20:00:00,1111116.8102800571
2026-05-19 20:15:00,1111116.8102800571
2026-05-19 20:30:00,1111116.8102800571
2026-05-19 20:45:00,1111116.8102800571
2026-05-19 21:00:00,1111116.8102800571
2026-05-19 21:15:00,1111116.8102800571
2026-05-19 21:30:00,1111116.8102800571
2026-05-19 21:45:00,1111116.8102800571
2026-05-19 22:00:00,1111116.8102800571
2026-05-19 22:15:00,1111116.8102800571
2026-05-19 22:30:00,1111116.8102800571
2026-05-19 22:45:00,1111116.8102800571
2026-05-19 23:00:00,1111116.8102800571
2026-05-19 23:15:00,1111116.8102800571
2026-05-19 23:30:00,1111116.8102800571
2026-05-19 23:45:00,1111116.8102800571
2026-05-20 00:00:00,1111116.8102800571
2026-05-20 00:15:00,1111116.8102800571
2026-05-20 00:30:00,1111116.8102800571
2026-05-20 00:45:00,1111116.8102800571
2026-05-20 01:00:00,1111116.8102800571
2026-05-20 01:15:00,1111116.8102800571
2026-05-20 01:30:00,1111116.8102800571
2026-05-20 01:45:00,1111116.8102800571
2026-05-20 02:00:00,1111116.8102800571
2026-05-20 02:15:00,1111116.8102800571
2026-05-20 02:30:00,1111116.8102800571
2026-05-20 02:45:00,1111116.8102800571
2026-05-20 03:00:00,1111116.8102800571
2026-05-20 03:15:00,1111116.8102800571
2026-05-20 03:30:00,1111116.8102800571
2026-05-20 03:45:00,1111116.8102800571
2026-05-20 04:00:00,1111116.8102800571
2026-05-20 04:15:00,1111116.8102800571
2026-05-20 04:30:00,1111116.8102800571
2026-05-20 04:45:00,1111116.8102800571
2026-05-20 05:00:00,1111116.8102800571
2026-05-20 05:15:00,1111116.8102800571
2026-05-20 05:30:00,1111116.8102800571
2026-05-20 05:45:00,1111116.8102800571
2026-05-20 06:00:00,1111116.8102800571
2026-05-20 06:15:00,1111116.8102800571
2026-05-20 06:30:00,1111116.8102800571
2026-05-20 06:45:00,1111116.8102800571
2026-05-20 07:00:00,1111116.8102800571
2026-05-20 07:15:00,1111116.8102800571
2026-05-20 07:30:00,1111116.8102800571
2026-05-20 07:45:00,1111116.8102800571
2026-05-20 08:00:00,1111116.8102800571
2026-05-20 08:15:00,1111116.8102800571
2026-05-20 08:30:00,1111116.8102800571
2026-05-20 08:45:00,1111116.8102800571
2026-05-20 09:00:00,1111116.8102800571
2026-05-20 09:15:00,1111116.8102800571
2026-05-20 09:30:00,1111116.8102800571
2026-05-20 09:45:00,1111116.8102800571
2026-05-20 10:00:00,1111116.8102800571
2026-05-20 10:15:00,1111116.8102800571
2026-05-20 10:30:00,1111116.8102800571
2026-05-20 10:45:00,1111116.8102800571
2026-05-20 11:00:00,1111116.8102800571
2026-05-20 11:15:00,1111116.8102800571
2026-05-20 11:30:00,1111116.8102800571
2026-05-20 11:45:00,1111116.8102800571
2026-05-20 12:00:00,1111116.8102800571
2026-05-20 12:15:00,1111116.8102800571
2026-05-20 12:30:00,1111116.8102800571
2026-05-20 12:45:00,1111116.8102800571
2026-05-20 13:00:00,1111116.8102800571
2026-05-20 13:15:00,1111116.8102800571
2026-05-20 13:30:00,1111116.8102800571
2026-05-20 13:45:00,1111116.8102800571
2026-05-20 14:00:00,1111116.8102800571
2026-05-20 14:15:00,1111116.8102800571
2026-05-20 14:30:00,1111116.8102800571
2026-05-20 14:45:00,1111116.8102800571
2026-05-20 15:00:00,1111116.8102800571
2026-05-20 15:15:00,1111116.8102800571
2026-05-20 15:30:00,1111116.8102800571
2026-05-20 15:45:00,1111116.8102800571
2026-05-20 16:00:00,1111116.8102800571
2026-05-20 16:15:00,1111116.8102800571
2026-05-20 16:30:00,1111116.8102800571
2026-05-20 16:45:00,1111116.8102800571
2026-05-20 17:00:00,1111116.8102800571
2026-05-20 17:15:00,1111116.8102800571
2026-05-20 17:30:00,1111116.8102800571
2026-05-20 17:45:00,1111116.8102800571
2026-05-20 18:00:00,1111116.8102800571
2026-05-20 18:15:00,1111116.8102800571
2026-05-20 18:30:00,1111116.8102800571
2026-05-20 18:45:00,1111116.8102800571
2026-05-20 19:00:00,1111116.8102800571
2026-05-20 19:15:00,1111116.8102800571
2026-05-20 19:30:00,1111116.8102800571
2026-05-20 19:45:00,1111116.8102800571
2026-05-20 20:00:00,1111116.8102800571
2026-05-20 20:15:00,1111116.8102800571
2026-05-20 20:30:00,1111116.8102800571
2026-05-20 20:45:00,1111116.8102800571
2026-05-20 21:00:00,1111116.8102800571
2026-05-20 21:15:00,1111116.8102800571
2026-05-20 21:30:00,1111116.8102800571
2026-05-20 21:45:00,1111116.8102800571
2026-05-20 22:00:00,1111116.8102800571
2026-05-20 22:15:00,1111116.8102800571
2026-05-20 22:30:00,1111116.8102800571
2026-05-20 22:45:00,1111116.8102800571
2026-05-20 23:00:00,1111116.8102800571
2026-05-20 23:15:00,1111116.8102800571
2026-05-20 23:30:00,1111116.8102800571
2026-05-20 23:45:00,1111116.8102800571
2026-05-21 00:00:00,1111116.8102800571
2026-05-21 00:15:00,1111116.8102800571
2026-05-21 00:30:00,1111116.8102800571
2026-05-21 00:45:00,1111116.8102800571
2026-05-21 01:00:00,1111116.8102800571
2026-05-21 01:15:00,1111116.8102800571
2026-05-21 01:30:00,1111116.8102800571
2026-05-21 01:45:00,1111116.8102800571
2026-05-21 02:00:00,1111116.8102800571
2026-05-21 02:15:00,1111116.8102800571
2026-05-21 02:30:00,1111116.8102800571
2026-05-21 02:45:00,1111116.8102800571
2026-05-21 03:00:00,1111116.8102800571
2026-05-21 03:15:00,1111116.8102800571
2026-05-21 03:30:00,1111116.8102800571
2026-05-21 03:45:00,1111116.8102800571
2026-05-21 04:00:00,1111116.8102800571
2026-05-21 04:15:00,1111116.8102800571
2026-05-21 04:30:00,1111116.8102800571
2026-05-21 04:45:00,1111116.8102800571
2026-05-21 05:00:00,1111116.8102800571
2026-05-21 05:15:00,1111116.8102800571
2026-05-21 05:30:00,1111116.8102800571
2026-05-21 05:45:00,1111116.8102800571
2026-05-21 06:00:00,1111116.8102800571
2026-05-21 06:15:00,1111116.8102800571
2026-05-21 06:30:00,1111116.8102800571
2026-05-21 06:45:00,1111116.8102800571
2026-05-21 07:00:00,1111116.8102800571
2026-05-21 07:15:00,1111116.8102800571
2026-05-21 07:30:00,1111116.8102800571
2026-05-21 07:45:00,1111116.8102800571
2026-05-21 08:00:00,1111116.8102800571
2026-05-21 08:15:00,1111116.8102800571
2026-05-21 08:30:00,1111116.8102800571
2026-05-21 08:45:00,1111116.8102800571
2026-05-21 09:00:00,1111116.8102800571
2026-05-21 09:15:00,1111116.8102800571
2026-05-21 09:30:00,1111116.8102800571
2026-05-21 09:45:00,1111116.8102800571
2026-05-21 10:00:00,1111116.8102800571
2026-05-21 10:15:00,1111116.8102800571
2026-05-21 10:30:00,1111116.8102800571
2026-05-21 10:45:00,1111116.8102800571
2026-05-21 11:00:00,1111116.8102800571
2026-05-21 11:15:00,1111116.8102800571
2026-05-21 11:30:00,1111116.8102800571
2026-05-21 11:45:00,1111116.8102800571
2026-05-21 12:00:00,1111116.8102800571
2026-05-21 12:15:00,1111116.8102800571
2026-05-21 12:30:00,1111116.8102800571
2026-05-21 12:45:00,1111116.8102800571
2026-05-21 13:00:00,1111116.8102800571
2026-05-21 13:15:00,1111116.8102800571
2026-05-21 13:30:00,1111116.8102800571
2026-05-21 13:45:00,1111116.8102800571
2026-05-21 14:00:00,1111116.8102800571
2026-05-21 14:15:00,1111116.8102800571
2026-05-21 14:30:00,1111116.8102800571
2026-05-21 14:45:00,1111116.8102800571
2026-05-21 15:00:00,1111116.8102800571
2026-05-21 15:15:00,1111116.8102800571
2026-05-21 15:30:00,1111116.8102800571
2026-05-21 15:45:00,1111116.8102800571
2026-05-21 16:00:00,1111116.8102800571
2026-05-21 16:15:00,1111116.8102800571
2026-05-21 16:30:00,1111116.8102800571
2026-05-21 16:45:00,1111116.8102800571
2026-05-21 17:00:00,1111116.8102800571
2026-05-21 17:15:00,1111116.8102800571
2026-05-21 17:30:00,1111116.8102800571
2026-05-21 17:45:00,1111116.8102800571
2026-05-21 18:00:00,1111116.8102800571
2026-05-21 18:15:00,1111116.8102800571
2026-05-21 18:30:00,1111116.8102800571
2026-05-21 18:45:00,1111116.8102800571
2026-05-21 19:00:00,1111116.8102800571
2026-05-21 19:15:00,1111116.8102800571
2026-05-21 19:30:00,1111116.8102800571
2026-05-21 19:45:00,1111116.8102800571
2026-05-21 20:00:00,1111116.8102800571
2026-05-21 20:15:00,1111116.8102800571
2026-05-21 20:30:00,1111116.8102800571
2026-05-21 20:45:00,1111116.8102800571
2026-05-21 21:00:00,1111116.8102800571
2026-05-21 21:15:00,1111116.8102800571
2026-05-21 21:30:00,1111116.8102800571
2026-05-21 21:45:00,1111116.8102800571
2026-05-21 22:00:00,1111116.8102800571
2026-05-21 22:15:00,1111116.8102800571
2026-05-21 22:30:00,1111116.8102800571
2026-05-21 22:45:00,1111116.8102800571
2026-05-21 23:00:00,1111116.8102800571
2026-05-21 23:15:00,1111116.8102800571
2026-05-21 23:30:00,1111116.8102800571
2026-05-21 23:45:00,1111116.8102800571
2026-05-22 00:00:00,1111116.8102800571
2026-05-22 00:15:00,1111116.8102800571
2026-05-22 00:30:00,1111116.8102800571
2026-05-22 00:45:00,1111116.8102800571
2026-05-22 01:00:00,1111116.8102800571
2026-05-22 01:15:00,1111116.8102800571
2026-05-22 01:30:00,1111116.8102800571
2026-05-22 01:45:00,1111116.8102800571
2026-05-22 02:00:00,1111116.8102800571
2026-05-22 02:15:00,1111116.8102800571
2026-05-22 02:30:00,1111116.8102800571
2026-05-22 02:45:00,1111116.8102800571
2026-05-22 03:00:00,1111116.8102800571
2026-05-22 03:15:00,1111116.8102800571
2026-05-22 03:30:00,1111116.8102800571
2026-05-22 03:45:00,1111116.8102800571
2026-05-22 04:00:00,1111116.8102800571
2026-05-22 04:15:00,1111116.8102800571
2026-05-22 04:30:00,1111116.8102800571
2026-05-22 04:45:00,1111116.8102800571
2026-05-22 05:00:00,1111116.8102800571
2026-05-22 05:15:00,1111116.8102800571
2026-05-22 05:30:00,1111116.8102800571
2026-05-22 05:45:00,1111116.8102800571
2026-05-22 06:00:00,1111116.8102800571
2026-05-22 06:15:00,1111116.8102800571
2026-05-22 06:30:00,1111116.8102800571
2026-05-22 06:45:00,1111116.8102800571
2026-05-22 07:00:00,1111116.8102800571
2026-05-22 07:15:00,1111116.8102800571
2026-05-22 07:30:00,1111116.8102800571
2026-05-22 07:45:00,1111116.8102800571
2026-05-22 08:00:00,1111116.8102800571
2026-05-22 08:15:00,1111116.8102800571
2026-05-22 08:30:00,1111116.8102800571
2026-05-22 08:45:00,1111116.8102800571
2026-05-22 09:00:00,1111116.8102800571
2026-05-22 09:15:00,1111116.8102800571
2026-05-22 09:30:00,1111116.8102800571
2026-05-22 09:45:00,1111116.8102800571
2026-05-22 10:00:00,1111116.8102800571
2026-05-22 10:15:00,1111116.8102800571
2026-05-22 10:30:00,1111116.8102800571
2026-05-22 10:45:00,1111116.8102800571
2026-05-22 11:00:00,1111116.8102800571
2026-05-22 11:15:00,1111116.8102800571
2026-05-22 11:30:00,1111116.8102800571
2026-05-22 11:45:00,1111116.8102800571
2026-05-22 12:00:00,1111116.8102800571
2026-05-22 12:15:00,1111116.8102800571
2026-05-22 12:30:00,1111116.8102800571
2026-05-22 12:45:00,1111116.8102800571
2026-05-22 13:00:00,1111116.8102800571
2026-05-22 13:15:00,1111116.8102800571
2026-05-22 13:30:00,1111116.8102800571
2026-05-22 13:45:00,1111116.8102800571
2026-05-22 14:00:00,1111116.8102800571
2026-05-22 14:15:00,1111116.8102800571
2026-05-22 14:30:00,1111116.8102800571
2026-05-22 14:45:00,1111116.8102800571
2026-05-22 15:00:00,1111116.8102800571
2026-05-22 15:15:00,1111116.8102800571
2026-05-22 15:30:00,1111116.8102800571
2026-05-22 15:45:00,1111116.8102800571
2026-05-22 16:00:00,1111116.8102800571
2026-05-22 16:15:00,1111116.8102800571
2026-05-22 16:30:00,1111116.8102800571
2026-05-22 16:45:00,1111116.8102800571
2026-05-22 17:00:00,1111116.8102800571
2026-05-22 17:15:00,1111116.8102800571
2026-05-22 17:30:00,1111116.8102800571
2026-05-22 17:45:00,1111116.8102800571
2026-05-22 18:00:00,1111116.8102800571
2026-05-22 18:15:00,1111116.8102800571
2026-05-22 18:30:00,1111116.8102800571
2026-05-22 18:45:00,1111116.8102800571
2026-05-22 19:00:00,1111116.8102800571
2026-05-22 19:15:00,1111116.8102800571
2026-05-22 19:30:00,1111116.8102800571
2026-05-22 19:45:00,1111116.8102800571
2026-05-22 20:00:00,1111116.8102800571
2026-05-22 20:15:00,1111116.8102800571
2026-05-22 20:30:00,1111116.8102800571
2026-05-22 20:45:00,1111116.8102800571
2026-05-22 21:00:00,1111116.8102800571
2026-05-22 21:15:00,1111116.8102800571
2026-05-22 21:30:00,1111116.8102800571
2026-05-22 21:45:00,1111116.8102800571
2026-05-22 22:00:00,1111116.8102800571
2026-05-22 22:15:00,1111116.8102800571
2026-05-22 22:30:00,1111116.8102800571
2026-05-22 22:45:00,1111116.8102800571
2026-05-22 23:00:00,1111116.8102800571
2026-05-22 23:15:00,1111116.8102800571
2026-05-22 23:30:00,1111116.8102800571
2026-05-22 23:45:00,1111116.8102800571
2026-05-25 00:00:00,1111116.8102800571
2026-05-25 00:15:00,1111116.8102800571
2026-05-25 00:30:00,1111116.8102800571
2026-05-25 00:45:00,1111116.8102800571
2026-05-25 01:00:00,1111116.8102800571
2026-05-25 01:15:00,1111116.8102800571
2026-05-25 01:30:00,1111116.8102800571
2026-05-25 01:45:00,1111116.8102800571
2026-05-25 02:00:00,1111116.8102800571
2026-05-25 02:15:00,1111116.8102800571
2026-05-25 02:30:00,1111116.8102800571
2026-05-25 02:45:00,1111116.8102800571
2026-05-25 03:00:00,1111116.8102800571
2026-05-25 03:15:00,1111116.8102800571
2026-05-25 03:30:00,1111116.8102800571
2026-05-25 03:45:00,1111116.8102800571
2026-05-25 04:00:00,1111116.8102800571
2026-05-25 04:15:00,1111116.8102800571
2026-05-25 04:30:00,1111116.8102800571
2026-05-25 04:45:00,1111116.8102800571
2026-05-25 05:00:00,1111116.8102800571
2026-05-25 05:15:00,1111116.8102800571
2026-05-25 05:30:00,1111116.8102800571
2026-05-25 05:45:00,1111116.8102800571
2026-05-25 06:00:00,1111116.8102800571
2026-05-25 06:15:00,1111116.8102800571
2026-05-25 06:30:00,1111116.8102800571
2026-05-25 06:45:00,1111116.8102800571
2026-05-25 07:00:00,1111116.8102800571
2026-05-25 07:15:00,1111116.8102800571
2026-05-25 07:30:00,1111116.8102800571
2026-05-25 07:45:00,1111116.8102800571
2026-05-25 08:00:00,1111116.8102800571
2026-05-25 08:15:00,1111116.8102800571
2026-05-25 08:30:00,1111116.8102800571
2026-05-25 08:45:00,1111116.8102800571
2026-05-25 09:00:00,1111116.8102800571
2026-05-25 09:15:00,1111116.8102800571
2026-05-25 09:30:00,1111116.8102800571
2026-05-25 09:45:00,1111116.8102800571
2026-05-25 10:00:00,1111116.8102800571
2026-05-25 10:15:00,1111116.8102800571
2026-05-25 10:30:00,1111116.8102800571
2026-05-25 10:45:00,1111116.8102800571
2026-05-25 11:00:00,1111116.8102800571
2026-05-25 11:15:00,1111116.8102800571
2026-05-25 11:30:00,1111116.8102800571
2026-05-25 11:45:00,1111116.8102800571
2026-05-25 12:00:00,1111116.8102800571
2026-05-25 12:15:00,1111116.8102800571
2026-05-25 12:30:00,1111116.8102800571
2026-05-25 12:45:00,1111116.8102800571
2026-05-25 13:00:00,1111116.8102800571
2026-05-25 13:15:00,1111116.8102800571
2026-05-25 13:30:00,1111116.8102800571
2026-05-25 13:45:00,1111116.8102800571
2026-05-25 14:00:00,1111116.8102800571
2026-05-25 14:15:00,1111116.8102800571
2026-05-25 14:30:00,1111116.8102800571
2026-05-25 14:45:00,1111116.8102800571
2026-05-25 15:00:00,1111116.8102800571
2026-05-25 15:15:00,1111116.8102800571
2026-05-25 15:30:00,1111116.8102800571
2026-05-25 15:45:00,1111116.8102800571
2026-05-25 16:00:00,1111116.8102800571
2026-05-25 16:15:00,1111116.8102800571
2026-05-25 16:30:00,1111116.8102800571
2026-05-25 16:45:00,1111116.8102800571
2026-05-25 17:00:00,1111116.8102800571
2026-05-25 17:15:00,1111116.8102800571
2026-05-25 17:30:00,1111116.8102800571
2026-05-25 17:45:00,1111116.8102800571
2026-05-25 18:00:00,1111116.8102800571
2026-05-25 18:15:00,1111116.8102800571
2026-05-25 18:30:00,1111116.8102800571
2026-05-25 18:45:00,1111116.8102800571
2026-05-25 19:00:00,1111116.8102800571
2026-05-25 19:15:00,1111116.8102800571
2026-05-25 19:30:00,1111116.8102800571
2026-05-25 19:45:00,1111116.8102800571
2026-05-25 20:00:00,1111116.8102800571
2026-05-25 20:15:00,1111116.8102800571
2026-05-25 20:30:00,1111116.8102800571
2026-05-25 20:45:00,1111116.8102800571
2026-05-25 21:00:00,1111116.8102800571
2026-05-25 21:15:00,1111116.8102800571
2026-05-25 21:30:00,1111116.8102800571
2026-05-25 21:45:00,1111116.8102800571
2026-05-25 22:00:00,1111116.8102800571
2026-05-25 22:15:00,1111116.8102800571
2026-05-25 22:30:00,1111116.8102800571
2026-05-25 22:45:00,1111116.8102800571
2026-05-25 23:00:00,1111116.8102800571
2026-05-25 23:15:00,1111116.8102800571
2026-05-25 23:30:00,1111116.8102800571
2026-05-25 23:45:00,1111116.8102800571
2026-05-26 00:00:00,1111116.8102800571
2026-05-26 00:15:00,1111116.8102800571
2026-05-26 00:30:00,1111116.8102800571
2026-05-26 00:45:00,1111116.8102800571
2026-05-26 01:00:00,1111116.8102800571
2026-05-26 01:15:00,1111116.8102800571
2026-05-26 01:30:00,1111116.8102800571
2026-05-26 01:45:00,1111116.8102800571
2026-05-26 02:00:00,1111116.8102800571
2026-05-26 02:15:00,1111116.8102800571
2026-05-26 02:30:00,1111116.8102800571
2026-05-26 02:45:00,1111116.8102800571
2026-05-26 03:00:00,1111116.8102800571
2026-05-26 03:15:00,1111116.8102800571
2026-05-26 03:30:00,1111116.8102800571
2026-05-26 03:45:00,1111116.8102800571
2026-05-26 04:00:00,1111116.8102800571
2026-05-26 04:15:00,1111116.8102800571
2026-05-26 04:30:00,1111116.8102800571
2026-05-26 04:45:00,1111116.8102800571
2026-05-26 05:00:00,1111116.8102800571
2026-05-26 05:15:00,1111116.8102800571
2026-05-26 05:30:00,1111116.8102800571
2026-05-26 05:45:00,1111116.8102800571
2026-05-26 06:00:00,1111116.8102800571
2026-05-26 06:15:00,1111116.8102800571
2026-05-26 06:30:00,1111116.8102800571
2026-05-26 06:45:00,1111116.8102800571
2026-05-26 07:00:00,1111116.8102800571
2026-05-26 07:15:00,1111116.8102800571
2026-05-26 07:30:00,1111116.8102800571
2026-05-26 07:45:00,1111116.8102800571
2026-05-26 08:00:00,1111116.8102800571
2026-05-26 08:15:00,1111116.8102800571
2026-05-26 08:30:00,1111116.8102800571
2026-05-26 08:45:00,1111116.8102800571
2026-05-26 09:00:00,1111116.8102800571
2026-05-26 09:15:00,1111116.8102800571
2026-05-26 09:30:00,1111116.8102800571
2026-05-26 09:45:00,1111116.8102800571
2026-05-26 10:00:00,1111116.8102800571
2026-05-26 10:15:00,1111116.8102800571
2026-05-26 10:30:00,1111116.8102800571
2026-05-26 10:45:00,1111116.8102800571
2026-05-26 11:00:00,1111116.8102800571
2026-05-26 11:15:00,1111116.8102800571
2026-05-26 11:30:00,1111116.8102800571
2026-05-26 11:45:00,1111116.8102800571
2026-05-26 12:00:00,1111116.8102800571
2026-05-26 12:15:00,1111116.8102800571
2026-05-26 12:30:00,1111116.8102800571
2026-05-26 12:45:00,1111116.8102800571
2026-05-26 13:00:00,1111116.8102800571
2026-05-26 13:15:00,1111116.8102800571
2026-05-26 13:30:00,1111116.8102800571
2026-05-26 13:45:00,1111116.8102800571
2026-05-26 14:00:00,1111116.8102800571
2026-05-26 14:15:00,1111116.8102800571
2026-05-26 14:30:00,1111116.8102800571
2026-05-26 14:45:00,1111116.8102800571
2026-05-26 15:00:00,1111116.8102800571
2026-05-26 15:15:00,1111116.8102800571
2026-05-26 15:30:00,1111116.8102800571
2026-05-26 15:45:00,1111116.8102800571
2026-05-26 16:00:00,1111116.8102800571
2026-05-26 16:15:00,1111116.8102800571
2026-05-26 16:30:00,1111116.8102800571
2026-05-26 16:45:00,1111116.8102800571
2026-05-26 17:00:00,1111116.8102800571
2026-05-26 17:15:00,1111116.8102800571
2026-05-26 17:30:00,1111116.8102800571
2026-05-26 17:45:00,1111116.8102800571
2026-05-26 18:00:00,1111116.8102800571
2026-05-26 18:15:00,1111116.8102800571
2026-05-26 18:30:00,1111116.8102800571
2026-05-26 18:45:00,1111116.8102800571
2026-05-26 19:00:00,1111116.8102800571
2026-05-26 19:15:00,1111116.8102800571
2026-05-26 19:30:00,1111116.8102800571
2026-05-26 19:45:00,1111116.8102800571
2026-05-26 20:00:00,1111116.8102800571
2026-05-26 20:15:00,1111116.8102800571
2026-05-26 20:30:00,1111116.8102800571
2026-05-26 20:45:00,1111116.8102800571
2026-05-26 21:00:00,1111116.8102800571
2026-05-26 21:15:00,1111116.8102800571
2026-05-26 21:30:00,1111116.8102800571
2026-05-26 21:45:00,1111116.8102800571
2026-05-26 22:00:00,1111116.8102800571
2026-05-26 22:15:00,1111116.8102800571
2026-05-26 22:30:00,1111116.8102800571
2026-05-26 22:45:00,1111116.8102800571
2026-05-26 23:00:00,1111116.8102800571
2026-05-26 23:15:00,1111116.8102800571
2026-05-26 23:30:00,1111116.8102800571
2026-05-26 23:45:00,1111116.8102800571
2026-05-27 00:00:00,1111116.8102800571
2026-05-27 00:15:00,1111116.8102800571
2026-05-27 00:30:00,1111116.8102800571
2026-05-27 00:45:00,1111116.8102800571
2026-05-27 01:00:00,1111116.8102800571
2026-05-27 01:15:00,1111116.8102800571
2026-05-27 01:30:00,1111116.8102800571
2026-05-27 01:45:00,1111116.8102800571
2026-05-27 02:00:00,1111116.8102800571
2026-05-27 02:15:00,1111116.8102800571
2026-05-27 02:30:00,1111116.8102800571
2026-05-27 02:45:00,1111116.8102800571
2026-05-27 03:00:00,1111116.8102800571
2026-05-27 03:15:00,1111116.8102800571
2026-05-27 03:30:00,1111116.8102800571
2026-05-27 03:45:00,1111116.8102800571
2026-05-27 04:00:00,1111116.8102800571
2026-05-27 04:15:00,1111116.8102800571
2026-05-27 04:30:00,1111116.8102800571
2026-05-27 04:45:00,1111116.8102800571
2026-05-27 05:00:00,1111116.8102800571
2026-05-27 05:15:00,1111116.8102800571
2026-05-27 05:30:00,1111116.8102800571
2026-05-27 05:45:00,1111116.8102800571
2026-05-27 06:00:00,1111116.8102800571
2026-05-27 06:15:00,1111116.8102800571
2026-05-27 06:30:00,1111116.8102800571
2026-05-27 06:45:00,1111116.8102800571
2026-05-27 07:00:00,1111116.8102800571
2026-05-27 07:15:00,1111116.8102800571
2026-05-27 07:30:00,1111116.8102800571
2026-05-27 07:45:00,1111116.8102800571
2026-05-27 08:00:00,1111116.8102800571
2026-05-27 08:15:00,1111116.8102800571
2026-05-27 08:30:00,1111116.8102800571
2026-05-27 08:45:00,1111116.8102800571
2026-05-27 09:00:00,1111116.8102800571
2026-05-27 09:15:00,1111116.8102800571
2026-05-27 09:30:00,1111116.8102800571
2026-05-27 09:45:00,1111116.8102800571
2026-05-27 10:00:00,1111116.8102800571
2026-05-27 10:15:00,1111116.8102800571
2026-05-27 10:30:00,1111116.8102800571
2026-05-27 10:45:00,1111116.8102800571
2026-05-27 11:00:00,1111116.8102800571
2026-05-27 11:15:00,1111116.8102800571
2026-05-27 11:30:00,1111116.8102800571
2026-05-27 11:45:00,1111116.8102800571
2026-05-27 12:00:00,1111116.8102800571
2026-05-27 12:15:00,1111116.8102800571
2026-05-27 12:30:00,1111116.8102800571
2026-05-27 12:45:00,1111116.8102800571
2026-05-27 13:00:00,1111116.8102800571
2026-05-27 13:15:00,1111116.8102800571
2026-05-27 13:30:00,1111116.8102800571
2026-05-27 13:45:00,1111116.8102800571
2026-05-27 14:00:00,1111116.8102800571
2026-05-27 14:15:00,1111116.8102800571
2026-05-27 14:30:00,1111116.8102800571
2026-05-27 14:45:00,1111116.8102800571
2026-05-27 15:00:00,1111116.8102800571
2026-05-27 15:15:00,1111116.8102800571
2026-05-27 15:30:00,1111116.8102800571
2026-05-27 15:45:00,1111116.8102800571
2026-05-27 16:00:00,1111116.8102800571
2026-05-27 16:15:00,1111116.8102800571
2026-05-27 16:30:00,1111116.8102800571
2026-05-27 16:45:00,1111116.8102800571
2026-05-27 17:00:00,1111116.8102800571
2026-05-27 17:15:00,1111116.8102800571
2026-05-27 17:30:00,1111116.8102800571
2026-05-27 17:45:00,1111116.8102800571
2026-05-27 18:00:00,1111116.8102800571
2026-05-27 18:15:00,1111116.8102800571
2026-05-27 18:30:00,1111116.8102800571
2026-05-27 18:45:00,1111116.8102800571
2026-05-27 19:00:00,1111116.8102800571
2026-05-27 19:15:00,1111116.8102800571
2026-05-27 19:30:00,1111116.8102800571
2026-05-27 19:45:00,1111116.8102800571
2026-05-27 20:00:00,1111116.8102800571
2026-05-27 20:15:00,1111116.8102800571
2026-05-27 20:30:00,1111116.8102800571
2026-05-27 20:45:00,1111116.8102800571
2026-05-27 21:00:00,1111116.8102800571
2026-05-27 21:15:00,1111116.8102800571
2026-05-27 21:30:00,1111116.8102800571
2026-05-27 21:45:00,1111116.8102800571
2026-05-27 22:00:00,1111116.8102800571
2026-05-27 22:15:00,1111116.8102800571
2026-05-27 22:30:00,1111116.8102800571
2026-05-27 22:45:00,1111116.8102800571
2026-05-27 23:00:00,1111116.8102800571
2026-05-27 23:15:00,1111116.8102800571
2026-05-27 23:30:00,1111116.8102800571
2026-05-27 23:45:00,1111116.8102800571
2026-05-28 00:00:00,1111116.8102800571
2026-05-28 00:15:00,1111116.8102800571
2026-05-28 00:30:00,1111116.8102800571
2026-05-28 00:45:00,1111116.8102800571
2026-05-28 01:00:00,1111116.8102800571
2026-05-28 01:15:00,1111116.8102800571
2026-05-28 01:30:00,1111116.8102800571
2026-05-28 01:45:00,1111116.8102800571
2026-05-28 02:00:00,1111116.8102800571
2026-05-28 02:15:00,1111116.8102800571
2026-05-28 02:30:00,1111116.8102800571
2026-05-28 02:45:00,1111116.8102800571
2026-05-28 03:00:00,1111116.8102800571
2026-05-28 03:15:00,1111116.8102800571
2026-05-28 03:30:00,1111116.8102800571
2026-05-28 03:45:00,1111116.8102800571
2026-05-28 04:00:00,1111116.8102800571
2026-05-28 04:15:00,1111116.8102800571
2026-05-28 04:30:00,1111116.8102800571
2026-05-28 04:45:00,1111116.8102800571
2026-05-28 05:00:00,1111116.8102800571
2026-05-28 05:15:00,1111116.8102800571
2026-05-28 05:30:00,1111116.8102800571
2026-05-28 05:45:00,1111116.8102800571
2026-05-28 06:00:00,1111116.8102800571
2026-05-28 06:15:00,1111116.8102800571
2026-05-28 06:30:00,1111116.8102800571
2026-05-28 06:45:00,1111116.8102800571
2026-05-28 07:00:00,1111116.8102800571
2026-05-28 07:15:00,1111116.8102800571
2026-05-28 07:30:00,1111116.8102800571
2026-05-28 07:45:00,1111116.8102800571
2026-05-28 08:00:00,1111116.8102800571
2026-05-28 08:15:00,1111116.8102800571
2026-05-28 08:30:00,1111116.8102800571
2026-05-28 08:45:00,1111116.8102800571
2026-05-28 09:00:00,1111116.8102800571
2026-05-28 09:15:00,1111116.8102800571
2026-05-28 09:30:00,1111116.8102800571
2026-05-28 09:45:00,1111116.8102800571
2026-05-28 10:00:00,1111116.8102800571
2026-05-28 10:15:00,1111116.8102800571
2026-05-28 10:30:00,1111116.8102800571
2026-05-28 10:45:00,1111116.8102800571
2026-05-28 11:00:00,1111116.8102800571
2026-05-28 11:15:00,1111116.8102800571
2026-05-28 11:30:00,1111116.8102800571
2026-05-28 11:45:00,1111116.8102800571
2026-05-28 12:00:00,1111116.8102800571
2026-05-28 12:15:00,1111116.8102800571
2026-05-28 12:30:00,1111116.8102800571
2026-05-28 12:45:00,1111116.8102800571
2026-05-28 13:00:00,1111116.8102800571
2026-05-28 13:15:00,1111116.8102800571
2026-05-28 13:30:00,1111116.8102800571
2026-05-28 13:45:00,1111116.8102800571
2026-05-28 14:00:00,1111116.8102800571
2026-05-28 14:15:00,1111116.8102800571
2026-05-28 14:30:00,1111116.8102800571
2026-05-28 14:45:00,1111116.8102800571
2026-05-28 15:00:00,1111116.8102800571
2026-05-28 15:15:00,1111116.8102800571
2026-05-28 15:30:00,1111116.8102800571
2026-05-28 15:45:00,1111116.8102800571
2026-05-28 16:00:00,1111116.8102800571
2026-05-28 16:15:00,1111116.8102800571
2026-05-28 16:30:00,1111116.8102800571
2026-05-28 16:45:00,1111116.8102800571
2026-05-28 17:00:00,1111116.8102800571
2026-05-28 17:15:00,1111116.8102800571
2026-05-28 17:30:00,1111116.8102800571
2026-05-28 17:45:00,1111116.8102800571
2026-05-28 18:00:00,1111116.8102800571
2026-05-28 18:15:00,1111116.8102800571
2026-05-28 18:30:00,1111116.8102800571
2026-05-28 18:45:00,1111116.8102800571
2026-05-28 19:00:00,1111116.8102800571
2026-05-28 19:15:00,1111116.8102800571
2026-05-28 19:30:00,1111116.8102800571
2026-05-28 19:45:00,1111116.8102800571
2026-05-28 20:00:00,1111116.8102800571
2026-05-28 20:15:00,1111116.8102800571
2026-05-28 20:30:00,1111116.8102800571
2026-05-28 20:45:00,1111116.8102800571
2026-05-28 21:00:00,1111116.8102800571
2026-05-28 21:15:00,1111116.8102800571
2026-05-28 21:30:00,1111116.8102800571
2026-05-28 21:45:00,1111116.8102800571
2026-05-28 22:00:00,1111116.8102800571
2026-05-28 22:15:00,1111116.8102800571
2026-05-28 22:30:00,1111116.8102800571
2026-05-28 22:45:00,1111116.8102800571
2026-05-28 23:00:00,1111116.8102800571
2026-05-28 23:15:00,1111116.8102800571
2026-05-28 23:30:00,1111116.8102800571
2026-05-28 23:45:00,1111116.8102800571
2026-05-29 00:00:00,1111116.8102800571
2026-05-29 00:15:00,1111116.8102800571
2026-05-29 00:30:00,1111116.8102800571
2026-05-29 00:45:00,1111116.8102800571
2026-05-29 01:00:00,1111116.8102800571
2026-05-29 01:15:00,1111116.8102800571
2026-05-29 01:30:00,1111116.8102800571
2026-05-29 01:45:00,1111116.8102800571
2026-05-29 02:00:00,1111116.8102800571
2026-05-29 02:15:00,1111116.8102800571
2026-05-29 02:30:00,1111116.8102800571
2026-05-29 02:45:00,1111116.8102800571
2026-05-29 03:00:00,1111116.8102800571
2026-05-29 03:15:00,1111116.8102800571
2026-05-29 03:30:00,1111116.8102800571
2026-05-29 03:45:00,1111116.8102800571
2026-05-29 04:00:00,1111116.8102800571
2026-05-29 04:15:00,1111116.8102800571
2026-05-29 04:30:00,1111116.8102800571
2026-05-29 04:45:00,1111116.8102800571
2026-05-29 05:00:00,1111116.8102800571
2026-05-29 05:15:00,1111116.8102800571
2026-05-29 05:30:00,1111116.8102800571
2026-05-29 05:45:00,1111116.8102800571
2026-05-29 06:00:00,1111116.8102800571
2026-05-29 06:15:00,1111116.8102800571
2026-05-29 06:30:00,1111116.8102800571
2026-05-29 06:45:00,1111116.8102800571
2026-05-29 07:00:00,1111116.8102800571
2026-05-29 07:15:00,1111116.8102800571
2026-05-29 07:30:00,1111116.8102800571
2026-05-29 07:45:00,1111116.8102800571
2026-05-29 08:00:00,1111116.8102800571
2026-05-29 08:15:00,1111116.8102800571
2026-05-29 08:30:00,1111116.8102800571
2026-05-29 08:45:00,1111116.8102800571
2026-05-29 09:00:00,1111116.8102800571
2026-05-29 09:15:00,1111116.8102800571
2026-05-29 09:30:00,1111116.8102800571
2026-05-29 09:45:00,1111116.8102800571
2026-05-29 10:00:00,1111116.8102800571
2026-05-29 10:15:00,1111116.8102800571
2026-05-29 10:30:00,1111116.8102800571
2026-05-29 10:45:00,1111116.8102800571
2026-05-29 11:00:00,1111116.8102800571
2026-05-29 11:15:00,1111116.8102800571
2026-05-29 11:30:00,1111116.8102800571
2026-05-29 11:45:00,1111116.8102800571
2026-05-29 12:00:00,1111116.8102800571
2026-05-29 12:15:00,1111116.8102800571
2026-05-29 12:30:00,1111116.8102800571
2026-05-29 12:45:00,1111116.8102800571
2026-05-29 13:00:00,1111116.8102800571
2026-05-29 13:15:00,1111116.8102800571
2026-05-29 13:30:00,1111116.8102800571
2026-05-29 13:45:00,1111116.8102800571
2026-05-29 14:00:00,1111116.8102800571
2026-05-29 14:15:00,1111116.8102800571
2026-05-29 14:30:00,1111116.8102800571
2026-05-29 14:45:00,1111116.8102800571
2026-05-29 15:00:00,1111116.8102800571
2026-05-29 15:15:00,1111116.8102800571
2026-05-29 15:30:00,1111116.8102800571
2026-05-29 15:45:00,1111116.8102800571
2026-05-29 16:00:00,1111116.8102800571
2026-05-29 16:15:00,1111116.8102800571
2026-05-29 16:30:00,1111116.8102800571
2026-05-29 16:45:00,1111116.8102800571
2026-05-29 17:00:00,1111116.8102800571
2026-05-29 17:15:00,1111116.8102800571
2026-05-29 17:30:00,1111116.8102800571
2026-05-29 17:45:00,1111116.8102800571
