time,equity
2026-02-04 07:00:00,10000.0
2026-02-04 07:15:00,10000.0
2026-02-04 07:30:00,10000.0
2026-02-04 07:45:00,10000.0
2026-02-04 08:00:00,10000.0
2026-02-04 08:15:00,10000.0
2026-02-04 08:30:00,10000.0
2026-02-04 08:45:00,10000.0
2026-02-04 09:00:00,10000.0
2026-02-04 09:15:00,10000.0
2026-02-04 09:30:00,10000.0
2026-02-04 09:45:00,10000.0
2026-02-04 10:00:00,10000.0
2026-02-04 10:15:00,10000.0
2026-02-04 10:30:00,10000.0
2026-02-04 10:45:00,10000.0
2026-02-04 11:00:00,10000.0
2026-02-04 11:15:00,10000.0
2026-02-04 11:30:00,10000.0
2026-02-04 11:45:00,10000.0
2026-02-04 12:00:00,9801.0
2026-02-04 12:15:00,9801.0
2026-02-04 12:30:00,9702.99
2026-02-04 12:45:00,9702.99
2026-02-04 13:00:00,9702.99
2026-02-04 13:15:00,9702.99
2026-02-04 13:30:00,9702.99
2026-02-04 13:45:00,9702.99
2026-02-04 14:00:00,9414.80149401
2026-02-04 14:15:00,9414.80149401
2026-02-04 14:30:00,9414.80149401
2026-02-04 14:45:00,9414.80149401
2026-02-04 15:00:00,9414.80149401
2026-02-04 15:15:00,9414.80149401
2026-02-04 15:30:00,9414.80149401
2026-02-04 15:45:00,9414.80149401
2026-02-04 16:00:00,9414.80149401
2026-02-04 16:15:00,9414.80149401
2026-02-04 16:30:00,12046.857429106336
2026-02-04 16:45:00,12408.263151979527
2026-02-04 17:00:00,12780.51104653892
2026-02-04 17:15:00,12652.705936073531
2026-02-04 17:30:00,12652.705936073531
2026-02-04 17:45:00,12652.705936073531
2026-02-04 18:00:00,12652.705936073531
2026-02-04 18:15:00,12652.705936073531
2026-02-04 18:30:00,13423.255727580416
2026-02-04 18:45:00,13825.953399407828
2026-02-04 19:00:00,13825.953399407828
2026-02-04 19:15:00,14240.732001390057
2026-02-04 19:30:00,15107.992580274713
2026-02-04 19:45:00,15107.992580274713
2026-02-04 20:00:00,15107.992580274713
2026-02-04 20:15:00,15107.992580274713
2026-02-04 20:30:00,15107.992580274713
2026-02-04 20:45:00,15107.992580274713
2026-02-04 21:00:00,15107.992580274713
2026-02-04 21:15:00,15107.992580274713
2026-02-04 21:30:00,14512.677391721492
2026-02-04 21:45:00,14956.912654471966
2026-02-04 22:00:00,14956.912654471966
2026-02-04 22:15:00,14956.912654471966
2026-02-04 22:30:00,14956.912654471966
2026-02-04 22:45:00,14956.912654471966
2026-02-04 23:00:00,14956.912654471966
2026-02-04 23:15:00,14956.912654471966
2026-02-04 23:30:00,14659.270092647972
2026-02-04 23:45:00,14659.270092647972
2026-02-05 01:00:00,14659.270092647972
2026-02-05 01:15:00,14659.270092647972
2026-02-05 01:30:00,14659.270092647972
2026-02-05 01:45:00,14512.677391721492
2026-02-05 02:00:00,14512.677391721492
2026-02-05 02:15:00,14512.677391721492
2026-02-05 02:30:00,14512.677391721492
2026-02-05 02:45:00,14512.677391721492
2026-02-05 03:00:00,14512.677391721492
2026-02-05 03:15:00,14512.677391721492
2026-02-05 03:30:00,14512.677391721492
2026-02-05 03:45:00,14512.677391721492
2026-02-05 04:00:00,13663.397678966465
2026-02-05 04:15:00,13526.7637021768
2026-02-05 04:30:00,13526.7637021768
2026-02-05 04:45:00,13391.496065155032
2026-02-05 05:00:00,13257.58110450348
2026-02-05 05:15:00,13257.58110450348
2026-02-05 05:30:00,13257.58110450348
2026-02-05 05:45:00,13257.58110450348
2026-02-05 06:00:00,13257.58110450348
2026-02-05 06:15:00,13257.58110450348
2026-02-05 06:30:00,13257.58110450348
2026-02-05 06:45:00,13257.58110450348
2026-02-05 07:00:00,13257.58110450348
2026-02-05 07:15:00,13257.58110450348
2026-02-05 07:30:00,13257.58110450348
2026-02-05 07:45:00,13257.58110450348
2026-02-05 08:00:00,13257.58110450348
2026-02-05 08:15:00,13257.58110450348
2026-02-05 08:30:00,13257.58110450348
2026-02-05 08:45:00,13257.58110450348
2026-02-05 09:00:00,13257.58110450348
2026-02-05 09:15:00,13257.58110450348
2026-02-05 09:30:00,13257.58110450348
2026-02-05 09:45:00,13257.58110450348
2026-02-05 10:00:00,13257.58110450348
2026-02-05 10:15:00,13257.58110450348
2026-02-05 10:30:00,13257.58110450348
2026-02-05 10:45:00,12356.931944574173
2026-02-05 11:00:00,12233.362625128431
2026-02-05 11:15:00,12233.362625128431
2026-02-05 11:30:00,12111.028998877147
2026-02-05 11:45:00,12111.028998877147
2026-02-05 12:00:00,12111.028998877147
2026-02-05 12:15:00,12111.028998877147
2026-02-05 12:30:00,12111.028998877147
2026-02-05 12:45:00,11989.918708888375
2026-02-05 13:00:00,11989.918708888375
2026-02-05 13:15:00,11989.918708888375
2026-02-05 13:30:00,11989.918708888375
2026-02-05 13:45:00,11989.918708888375
2026-02-05 14:00:00,11989.918708888375
2026-02-05 14:15:00,11751.319326581497
2026-02-05 14:30:00,13226.21343119077
2026-02-05 14:45:00,13622.999834126502
2026-02-05 15:00:00,13622.999834126502
2026-02-05 15:15:00,13622.999834126502
2026-02-05 15:30:00,13486.769835785237
2026-02-05 15:45:00,13486.769835785237
2026-02-05 16:00:00,13486.769835785237
2026-02-05 16:15:00,13486.769835785237
2026-02-05 16:30:00,13218.383116053112
2026-02-05 16:45:00,13086.19928489258
2026-02-05 17:00:00,13086.19928489258
2026-02-05 17:15:00,13086.19928489258
2026-02-05 17:30:00,13086.19928489258
2026-02-05 17:45:00,13086.19928489258
2026-02-05 18:00:00,13086.19928489258
2026-02-05 18:15:00,12955.337292043654
2026-02-05 18:30:00,12825.783919123218
2026-02-05 18:45:00,12825.783919123218
2026-02-05 19:00:00,12825.783919123218
2026-02-05 19:15:00,12825.783919123218
2026-02-05 19:30:00,12825.783919123218
2026-02-05 19:45:00,12825.783919123218
2026-02-05 20:00:00,12825.783919123218
2026-02-05 20:15:00,12825.783919123218
2026-02-05 20:30:00,12825.783919123218
2026-02-05 20:45:00,12825.783919123218
2026-02-05 21:00:00,12825.783919123218
2026-02-05 21:15:00,12825.783919123218
2026-02-05 21:30:00,12825.783919123218
2026-02-05 21:45:00,12825.783919123218
2026-02-05 22:00:00,12697.526079931986
2026-02-05 22:15:00,12697.526079931986
2026-02-05 22:30:00,12697.526079931986
2026-02-05 22:45:00,12697.526079931986
2026-02-05 23:00:00,12697.526079931986
2026-02-05 23:15:00,12697.526079931986
2026-02-05 23:30:00,14435.532796129512
2026-02-05 23:45:00,14435.532796129512
2026-02-06 01:00:00,14435.532796129512
2026-02-06 01:15:00,14868.598780013392
2026-02-06 01:30:00,14868.598780013392
2026-02-06 01:45:00,15774.096445716214
2026-02-06 02:00:00,16247.3193390877
2026-02-06 02:15:00,16247.3193390877
2026-02-06 02:30:00,16084.846145696823
2026-02-06 02:45:00,16084.846145696823
2026-02-06 03:00:00,15923.997684239856
2026-02-06 03:15:00,15923.997684239856
2026-02-06 03:30:00,15451.039029020249
2026-02-06 03:45:00,15451.039029020249
2026-02-06 04:00:00,15923.997684239856
2026-02-06 04:15:00,15923.997684239856
2026-02-06 04:30:00,15923.997684239856
2026-02-06 04:45:00,15923.997684239856
2026-02-06 05:00:00,15923.997684239856
2026-02-06 05:15:00,15923.997684239856
2026-02-06 05:30:00,15923.997684239856
2026-02-06 05:45:00,15923.997684239856
2026-02-06 06:00:00,15923.997684239856
2026-02-06 06:15:00,15923.997684239856
2026-02-06 06:30:00,15764.757707397457
2026-02-06 06:45:00,15764.757707397457
2026-02-06 07:00:00,15764.757707397457
2026-02-06 07:15:00,15764.757707397457
2026-02-06 07:30:00,15296.528638730046
2026-02-06 07:45:00,15143.563352342746
2026-02-06 08:00:00,15764.757707397457
2026-02-06 08:15:00,15764.757707397457
2026-02-06 08:30:00,15764.757707397457
2026-02-06 08:45:00,15451.039029020249
2026-02-06 09:00:00,15296.528638730046
2026-02-06 09:15:00,15296.528638730046
2026-02-06 09:30:00,15296.528638730046
2026-02-06 09:45:00,15296.528638730046
2026-02-06 10:00:00,15143.563352342746
2026-02-06 10:15:00,15143.563352342746
2026-02-06 10:30:00,15143.563352342746
2026-02-06 10:45:00,15143.563352342746
2026-02-06 11:00:00,15296.528638730046
2026-02-06 11:15:00,15296.528638730046
2026-02-06 11:30:00,15296.528638730046
2026-02-06 11:45:00,15296.528638730046
2026-02-06 12:00:00,15296.528638730046
2026-02-06 12:15:00,15296.528638730046
2026-02-06 12:30:00,15296.528638730046
2026-02-06 12:45:00,15296.528638730046
2026-02-06 13:00:00,15296.528638730046
2026-02-06 13:15:00,15296.528638730046
2026-02-06 13:30:00,15296.528638730046
2026-02-06 13:45:00,15296.528638730046
2026-02-06 14:00:00,15296.528638730046
2026-02-06 14:15:00,15296.528638730046
2026-02-06 14:30:00,15296.528638730046
2026-02-06 14:45:00,15296.528638730046
2026-02-06 15:00:00,15296.528638730046
2026-02-06 15:15:00,15296.528638730046
2026-02-06 15:30:00,15296.528638730046
2026-02-06 15:45:00,15296.528638730046
2026-02-06 16:00:00,15296.528638730046
2026-02-06 16:15:00,14992.127718819318
2026-02-06 16:30:00,14693.784377214814
2026-02-06 16:45:00,15134.597908531268
2026-02-06 17:00:00,14983.251929445956
2026-02-06 17:15:00,14833.419410151497
2026-02-06 17:30:00,14833.419410151497
2026-02-06 17:45:00,14833.419410151497
2026-02-06 18:00:00,15278.42199245603
2026-02-06 18:15:00,15278.42199245603
2026-02-06 18:30:00,15278.42199245603
2026-02-06 18:45:00,15278.42199245603
2026-02-06 19:00:00,15278.42199245603
2026-02-06 19:15:00,15278.42199245603
2026-02-06 19:30:00,15278.42199245603
2026-02-06 19:45:00,15278.42199245603
2026-02-06 20:00:00,15278.42199245603
2026-02-06 20:15:00,15278.42199245603
2026-02-06 20:30:00,15278.42199245603
2026-02-06 20:45:00,15278.42199245603
2026-02-06 21:00:00,15278.42199245603
2026-02-06 21:15:00,15278.42199245603
2026-02-06 21:30:00,15278.42199245603
2026-02-06 21:45:00,15278.42199245603
2026-02-06 22:00:00,15125.637772531469
2026-02-06 22:15:00,15125.637772531469
2026-02-06 22:30:00,15125.637772531469
2026-02-06 22:45:00,17711.878512069212
2026-02-06 23:00:00,17711.878512069212
2026-02-06 23:15:00,17534.75972694852
2026-02-06 23:30:00,17359.412129679033
2026-02-06 23:45:00,17359.412129679033
2026-02-09 01:00:00,19934.875306983602
2026-02-09 01:15:00,20532.921566193127
2026-02-09 01:30:00,17195.998555406997
2026-02-09 01:45:00,17711.878512069226
2026-02-09 02:00:00,19934.875306983602
2026-02-09 02:15:00,19354.247870857875
2026-02-09 02:30:00,19354.247870857875
2026-02-09 02:45:00,19354.247870857875
2026-02-09 03:00:00,19354.247870857875
2026-02-09 03:15:00,19354.247870857875
2026-02-09 03:30:00,18969.098338227803
2026-02-09 03:45:00,18969.098338227803
2026-02-09 04:00:00,18969.098338227803
2026-02-09 04:15:00,18969.098338227803
2026-02-09 04:30:00,18969.098338227803
2026-02-09 04:45:00,18969.098338227803
2026-02-09 05:00:00,18969.098338227803
2026-02-09 05:15:00,18969.098338227803
2026-02-09 05:30:00,19160.705392149295
2026-02-09 05:45:00,19160.705392149295
2026-02-09 06:00:00,19160.705392149295
2026-02-09 06:15:00,19160.705392149295
2026-02-09 06:30:00,19160.705392149295
2026-02-09 06:45:00,18591.613281297068
2026-02-09 07:00:00,18591.613281297068
2026-02-09 07:15:00,18591.613281297068
2026-02-09 07:30:00,18591.613281297068
2026-02-09 07:45:00,18591.613281297068
2026-02-09 08:00:00,18405.697148484098
2026-02-09 08:15:00,18405.697148484098
2026-02-09 08:30:00,18405.697148484098
2026-02-09 08:45:00,18221.640176999255
2026-02-09 09:00:00,18405.697148484098
2026-02-09 09:15:00,18405.697148484098
2026-02-09 09:30:00,18405.697148484098
2026-02-09 09:45:00,18405.697148484098
2026-02-09 10:00:00,18221.640176999255
2026-02-09 10:15:00,18221.640176999255
2026-02-09 10:30:00,18221.640176999255
2026-02-09 10:45:00,18221.640176999255
2026-02-09 11:00:00,18221.640176999255
2026-02-09 11:15:00,18221.640176999255
2026-02-09 11:30:00,18221.640176999255
2026-02-09 11:45:00,18957.86806293862
2026-02-09 12:00:00,19526.60410482678
2026-02-09 12:15:00,20112.4022279716
2026-02-09 12:30:00,19735.526553913744
2026-02-09 12:45:00,19735.526553913744
2026-02-09 13:00:00,19538.171288374608
2026-02-09 13:15:00,19538.171288374608
2026-02-09 13:30:00,19538.171288374608
2026-02-09 13:45:00,19538.171288374608
2026-02-09 14:00:00,19342.78957549086
2026-02-09 14:15:00,19342.78957549086
2026-02-09 14:30:00,19538.171288374608
2026-02-09 14:45:00,19538.171288374608
2026-02-09 15:00:00,19342.78957549086
2026-02-09 15:15:00,19149.36167973595
2026-02-09 15:30:00,19149.36167973595
2026-02-09 15:45:00,19149.36167973595
2026-02-09 16:00:00,19149.36167973595
2026-02-09 16:15:00,19149.36167973595
2026-02-09 16:30:00,19723.842530128055
2026-02-09 16:45:00,19526.604104826773
2026-02-09 17:00:00,19526.604104826773
2026-02-09 17:15:00,19526.604104826773
2026-02-09 17:30:00,19526.604104826773
2026-02-09 17:45:00,19526.604104826773
2026-02-09 18:00:00,19526.604104826773
2026-02-09 18:15:00,19526.604104826773
2026-02-09 18:30:00,19526.604104826773
2026-02-09 18:45:00,19526.604104826773
2026-02-09 19:00:00,19526.604104826773
2026-02-09 19:15:00,19526.604104826773
2026-02-09 19:30:00,19526.604104826773
2026-02-09 19:45:00,19526.604104826773
2026-02-09 20:00:00,19526.604104826773
2026-02-09 20:15:00,19526.604104826773
2026-02-09 20:30:00,19526.604104826773
2026-02-09 20:45:00,19526.604104826773
2026-02-09 21:00:00,19526.604104826773
2026-02-09 21:15:00,19526.604104826773
2026-02-09 21:30:00,19526.604104826773
2026-02-09 21:45:00,19526.604104826773
2026-02-09 22:00:00,19526.604104826773
2026-02-09 22:15:00,18757.17799194622
2026-02-09 22:30:00,19138.02468314072
2026-02-09 22:45:00,19138.02468314072
2026-02-09 23:00:00,19138.02468314072
2026-02-09 23:15:00,19138.02468314072
2026-02-09 23:30:00,19138.02468314072
2026-02-09 23:45:00,19138.02468314072
2026-02-10 01:00:00,19138.02468314072
2026-02-10 01:15:00,19138.02468314072
2026-02-10 01:30:00,19138.02468314072
2026-02-10 01:45:00,18757.17799194622
2026-02-10 02:00:00,17837.88963454412
2026-02-10 02:15:00,17837.88963454412
2026-02-10 02:30:00,17837.88963454412
2026-02-10 02:45:00,17659.510738198678
2026-02-10 03:00:00,17659.510738198678
2026-02-10 03:15:00,17659.510738198678
2026-02-10 03:30:00,17659.510738198678
2026-02-10 03:45:00,17659.510738198678
2026-02-10 04:00:00,17659.510738198678
2026-02-10 04:15:00,17659.510738198678
2026-02-10 04:30:00,18946.644436309314
2026-02-10 04:45:00,18946.644436309314
2026-02-10 05:00:00,18757.17799194622
2026-02-10 05:15:00,18757.17799194622
2026-02-10 05:30:00,18757.17799194622
2026-02-10 05:45:00,18757.17799194622
2026-02-10 06:00:00,18757.17799194622
2026-02-10 06:15:00,18757.17799194622
2026-02-10 06:30:00,18757.17799194622
2026-02-10 06:45:00,18757.17799194622
2026-02-10 07:00:00,18757.17799194622
2026-02-10 07:15:00,18757.17799194622
2026-02-10 07:30:00,18757.17799194622
2026-02-10 07:45:00,18757.17799194622
2026-02-10 08:00:00,18757.17799194622
2026-02-10 08:15:00,18200.071048407426
2026-02-10 08:30:00,18018.070337923353
2026-02-10 08:45:00,17837.88963454412
2026-02-10 09:00:00,17837.88963454412
2026-02-10 09:15:00,17659.510738198678
2026-02-10 09:30:00,17659.510738198678
2026-02-10 09:45:00,17482.915630816693
2026-02-10 10:00:00,17308.086474508527
2026-02-10 10:15:00,17308.086474508527
2026-02-10 10:30:00,17308.086474508527
2026-02-10 10:45:00,17308.086474508527
2026-02-10 11:00:00,17308.086474508527
2026-02-10 11:15:00,17308.086474508527
2026-02-10 11:30:00,17308.086474508527
2026-02-10 11:45:00,17308.086474508527
2026-02-10 12:00:00,17308.086474508527
2026-02-10 12:15:00,17308.086474508527
2026-02-10 12:30:00,17308.086474508527
2026-02-10 12:45:00,17308.086474508527
2026-02-10 13:00:00,17308.086474508527
2026-02-10 13:15:00,17308.086474508527
2026-02-10 13:30:00,17308.086474508527
2026-02-10 13:45:00,17308.086474508527
2026-02-10 14:00:00,17308.086474508527
2026-02-10 14:15:00,17308.086474508527
2026-02-10 14:30:00,17308.086474508527
2026-02-10 14:45:00,17308.086474508527
2026-02-10 15:00:00,17308.086474508527
2026-02-10 15:15:00,17308.086474508527
2026-02-10 15:30:00,17308.086474508527
2026-02-10 15:45:00,17135.00560976344
2026-02-10 16:00:00,16963.655553665805
2026-02-10 16:15:00,16963.655553665805
2026-02-10 16:30:00,17472.56522027578
2026-02-10 16:45:00,19331.338063778505
2026-02-10 17:00:00,19138.02468314072
2026-02-10 17:15:00,19138.02468314072
2026-02-10 17:30:00,19138.02468314072
2026-02-10 17:45:00,19138.02468314072
2026-02-10 18:00:00,19138.02468314072
2026-02-10 18:15:00,19138.02468314072
2026-02-10 18:30:00,19138.02468314072
2026-02-10 18:45:00,19138.02468314072
2026-02-10 19:00:00,19138.02468314072
2026-02-10 19:15:00,19138.02468314072
2026-02-10 19:30:00,19138.02468314072
2026-02-10 19:45:00,18757.17799194622
2026-02-10 20:00:00,18757.17799194622
2026-02-10 20:15:00,18757.17799194622
2026-02-10 20:30:00,18757.17799194622
2026-02-10 20:45:00,18757.17799194622
2026-02-10 21:00:00,18757.17799194622
2026-02-10 21:15:00,18757.17799194622
2026-02-10 21:30:00,18757.17799194622
2026-02-10 21:45:00,18757.17799194622
2026-02-10 22:00:00,18757.17799194622
2026-02-10 22:15:00,18757.17799194622
2026-02-10 22:30:00,18757.17799194622
2026-02-10 22:45:00,18757.17799194622
2026-02-10 23:00:00,18757.17799194622
2026-02-10 23:15:00,18757.17799194622
2026-02-10 23:30:00,18757.17799194622
2026-02-10 23:45:00,18757.17799194622
2026-02-11 01:00:00,18383.910149906493
2026-02-11 01:15:00,18200.071048407426
2026-02-11 01:30:00,18200.071048407426
2026-02-11 01:45:00,18200.071048407426
2026-02-11 02:00:00,18200.071048407426
2026-02-11 02:15:00,18200.071048407426
2026-02-11 02:30:00,18018.070337923353
2026-02-11 02:45:00,18018.070337923353
2026-02-11 03:00:00,16794.018998129148
2026-02-11 03:15:00,16626.078808147857
2026-02-11 03:30:00,16626.078808147857
2026-02-11 03:45:00,16626.078808147857
2026-02-11 04:00:00,16626.078808147857
2026-02-11 04:15:00,16626.078808147857
2026-02-11 04:30:00,16626.078808147857
2026-02-11 04:45:00,16626.078808147857
2026-02-11 05:00:00,16626.078808147857
2026-02-11 05:15:00,16132.267641467055
2026-02-11 05:30:00,16132.267641467055
2026-02-11 05:45:00,18569.60621202676
2026-02-11 06:00:00,18569.60621202676
2026-02-11 06:15:00,18569.60621202676
2026-02-11 06:30:00,18383.910149906493
2026-02-11 06:45:00,18383.910149906493
2026-02-11 07:00:00,18383.910149906493
2026-02-11 07:15:00,18383.910149906493
2026-02-11 07:30:00,18383.910149906493
2026-02-11 07:45:00,18383.910149906493
2026-02-11 08:00:00,18383.910149906493
2026-02-11 08:15:00,18383.910149906493
2026-02-11 08:30:00,18383.910149906493
2026-02-11 08:45:00,18383.910149906493
2026-02-11 09:00:00,18383.910149906493
2026-02-11 09:15:00,18383.910149906493
2026-02-11 09:30:00,18383.910149906493
2026-02-11 09:45:00,18383.910149906493
2026-02-11 10:00:00,18383.910149906493
2026-02-11 10:15:00,18383.910149906493
2026-02-11 10:30:00,18383.910149906493
2026-02-11 10:45:00,18383.910149906493
2026-02-11 11:00:00,18383.910149906493
2026-02-11 11:15:00,18383.910149906493
2026-02-11 11:30:00,18383.910149906493
2026-02-11 11:45:00,18383.910149906493
2026-02-11 12:00:00,21111.3690806736
2026-02-11 12:15:00,21111.3690806736
2026-02-11 12:30:00,21111.3690806736
2026-02-11 12:45:00,21111.3690806736
2026-02-11 13:00:00,21111.3690806736
2026-02-11 13:15:00,21111.3690806736
2026-02-11 13:30:00,21111.3690806736
2026-02-11 13:45:00,21111.3690806736
2026-02-11 14:00:00,21111.3690806736
2026-02-11 14:15:00,21111.3690806736
2026-02-11 14:30:00,21111.3690806736
2026-02-11 14:45:00,21111.3690806736
2026-02-11 15:00:00,21111.3690806736
2026-02-11 15:15:00,21111.3690806736
2026-02-11 15:30:00,22397.05145768658
2026-02-11 15:45:00,22397.05145768658
2026-02-11 16:00:00,22397.05145768658
2026-02-11 16:15:00,22397.05145768658
2026-02-11 16:30:00,22397.05145768658
2026-02-11 16:45:00,22173.08094310971
2026-02-11 17:00:00,21951.350133678614
2026-02-11 17:15:00,21731.836632341827
2026-02-11 17:30:00,21514.518266018407
2026-02-11 17:45:00,21514.518266018407
2026-02-11 18:00:00,21514.518266018407
2026-02-11 18:15:00,21514.518266018407
2026-02-11 18:30:00,21514.518266018407
2026-02-11 18:45:00,21514.518266018407
2026-02-11 19:00:00,21514.518266018407
2026-02-11 19:15:00,21514.518266018407
2026-02-11 19:30:00,21514.518266018407
2026-02-11 19:45:00,21299.373083358223
2026-02-11 20:00:00,21299.373083358223
2026-02-11 20:15:00,21299.373083358223
2026-02-11 20:30:00,21299.373083358223
2026-02-11 20:45:00,21299.373083358223
2026-02-11 21:00:00,21086.37935252464
2026-02-11 21:15:00,21086.37935252464
2026-02-11 21:30:00,21086.37935252464
2026-02-11 21:45:00,21086.37935252464
2026-02-11 22:00:00,21086.37935252464
2026-02-11 22:15:00,21086.37935252464
2026-02-11 22:30:00,21086.37935252464
2026-02-11 22:45:00,21086.37935252464
2026-02-11 23:00:00,21086.37935252464
2026-02-11 23:15:00,21086.37935252464
2026-02-11 23:30:00,21086.37935252464
2026-02-11 23:45:00,21086.37935252464
2026-02-12 01:00:00,21086.37935252464
2026-02-12 01:15:00,21086.37935252464
2026-02-12 01:30:00,21086.37935252464
2026-02-12 01:45:00,21086.37935252464
2026-02-12 02:00:00,21086.37935252464
2026-02-12 02:15:00,21086.37935252464
2026-02-12 02:30:00,20666.760403409397
2026-02-12 02:45:00,20460.092799375303
2026-02-12 03:00:00,20666.760403409397
2026-02-12 03:15:00,20666.760403409397
2026-02-12 03:30:00,20255.49187138155
2026-02-12 03:45:00,20052.936952667733
2026-02-12 04:00:00,20052.936952667733
2026-02-12 04:15:00,19653.883507309645
2026-02-12 04:30:00,19653.883507309645
2026-02-12 04:45:00,19653.883507309645
2026-02-12 05:00:00,19653.883507309645
2026-02-12 05:15:00,19653.883507309645
2026-02-12 05:30:00,19653.883507309645
2026-02-12 05:45:00,19653.883507309645
2026-02-12 06:00:00,19653.883507309645
2026-02-12 06:15:00,19653.883507309645
2026-02-12 06:30:00,19653.883507309645
2026-02-12 06:45:00,19653.883507309645
2026-02-12 07:00:00,19653.883507309645
2026-02-12 07:15:00,19653.883507309645
2026-02-12 07:30:00,19653.883507309645
2026-02-12 07:45:00,19653.883507309645
2026-02-12 08:00:00,19653.883507309645
2026-02-12 08:15:00,18690.647657345184
2026-02-12 08:30:00,18879.44207812645
2026-02-12 08:45:00,18690.647657345184
2026-02-12 09:00:00,18690.647657345184
2026-02-12 09:15:00,18690.647657345184
2026-02-12 09:30:00,19251.36708706554
2026-02-12 09:45:00,19251.36708706554
2026-02-12 10:00:00,21718.970733100352
2026-02-12 10:15:00,21718.970733100352
2026-02-12 10:30:00,20863.15662752297
2026-02-12 10:45:00,20863.15662752297
2026-02-12 11:00:00,20863.15662752297
2026-02-12 11:15:00,20863.15662752297
2026-02-12 11:30:00,20863.15662752297
2026-02-12 11:45:00,20654.52506124774
2026-02-12 12:00:00,21501.781025769396
2026-02-12 12:15:00,21501.781025769396
2026-02-12 12:30:00,21501.781025769396
2026-02-12 12:45:00,21501.781025769396
2026-02-12 13:00:00,21501.781025769396
2026-02-12 13:15:00,21501.781025769396
2026-02-12 13:30:00,21501.781025769396
2026-02-12 13:45:00,21286.763215511703
2026-02-12 14:00:00,21286.763215511703
2026-02-12 14:15:00,21286.763215511703
2026-02-12 14:30:00,24200.44397519437
2026-02-12 14:45:00,24200.44397519437
2026-02-12 15:00:00,22784.237609336524
2026-02-12 15:15:00,23481.66658868712
2026-02-12 15:30:00,27237.812899992456
2026-02-12 15:45:00,28054.94728699223
2026-02-12 16:00:00,28054.94728699223
2026-02-12 16:15:00,28054.94728699223
2026-02-12 16:30:00,28054.94728699223
2026-02-12 16:45:00,28054.94728699223
2026-02-12 17:00:00,28896.595705601994
2026-02-12 17:15:00,28607.629748545973
2026-02-12 17:30:00,29465.85864100237
2026-02-12 17:45:00,30349.83440023244
2026-02-12 18:00:00,30349.83440023244
2026-02-12 18:15:00,31260.329432239396
2026-02-12 18:30:00,32198.13931520658
2026-02-12 18:45:00,31876.157922054514
2026-02-12 19:00:00,31876.157922054514
2026-02-12 19:15:00,31876.157922054514
2026-02-12 19:30:00,31876.157922054514
2026-02-12 19:45:00,31876.157922054514
2026-02-12 20:00:00,31876.157922054514
2026-02-12 20:15:00,31876.157922054514
2026-02-12 20:30:00,31876.157922054514
2026-02-12 20:45:00,31557.396342833967
2026-02-12 21:00:00,31557.396342833967
2026-02-12 21:15:00,31557.396342833967
2026-02-12 21:30:00,31241.82237940563
2026-02-12 21:45:00,31241.82237940563
2026-02-12 22:00:00,31241.82237940563
2026-02-12 22:15:00,31241.82237940563
2026-02-12 22:30:00,31241.82237940563
2026-02-12 22:45:00,31241.82237940563
2026-02-12 23:00:00,31241.82237940563
2026-02-12 23:15:00,31241.82237940563
2026-02-12 23:30:00,31241.82237940563
2026-02-12 23:45:00,30929.404155611574
2026-02-13 01:00:00,30929.404155611574
2026-02-13 01:15:00,30929.404155611574
2026-02-13 01:30:00,30929.404155611574
2026-02-13 01:45:00,30929.404155611574
2026-02-13 02:00:00,30620.110114055457
2026-02-13 02:15:00,30620.110114055457
2026-02-13 02:30:00,30620.110114055457
2026-02-13 02:45:00,33164.083494662795
2026-02-13 03:00:00,32832.442659716166
2026-02-13 03:15:00,32832.442659716166
2026-02-13 03:30:00,32832.442659716166
2026-02-13 03:45:00,32832.442659716166
2026-02-13 04:00:00,32832.442659716166
2026-02-13 04:15:00,32832.442659716166
2026-02-13 04:30:00,32504.118233119003
2026-02-13 04:45:00,32504.118233119003
2026-02-13 05:00:00,32504.118233119003
2026-02-13 05:15:00,32504.118233119003
2026-02-13 05:30:00,32504.118233119003
2026-02-13 05:45:00,32504.118233119003
2026-02-13 06:00:00,32504.118233119003
2026-02-13 06:15:00,32179.07705078781
2026-02-13 06:30:00,32179.07705078781
2026-02-13 06:45:00,32179.07705078781
2026-02-13 07:00:00,32179.07705078781
2026-02-13 07:15:00,32179.07705078781
2026-02-13 07:30:00,32179.07705078781
2026-02-13 07:45:00,32179.07705078781
2026-02-13 08:00:00,32179.07705078781
2026-02-13 08:15:00,32179.07705078781
2026-02-13 08:30:00,58153.421152645686
2026-02-13 08:45:00,58153.421152645686
2026-02-13 09:00:00,56426.206390990956
2026-02-13 09:15:00,56426.206390990956
2026-02-13 09:30:00,56426.206390990956
2026-02-13 09:45:00,56426.206390990956
2026-02-13 10:00:00,56426.206390990956
2026-02-13 10:15:00,56426.206390990956
2026-02-13 10:30:00,56426.206390990956
2026-02-13 10:45:00,56426.206390990956
2026-02-13 11:00:00,56426.206390990956
2026-02-13 11:15:00,56426.206390990956
2026-02-13 11:30:00,56426.206390990956
2026-02-13 11:45:00,56426.206390990956
2026-02-13 12:00:00,56426.206390990956
2026-02-13 12:15:00,56426.206390990956
2026-02-13 12:30:00,56426.206390990956
2026-02-13 12:45:00,54750.29163497213
2026-02-13 13:00:00,55303.32488381023
2026-02-13 13:15:00,55303.32488381023
2026-02-13 13:30:00,42011.26874767967
2026-02-13 13:45:00,41175.24449960085
2026-02-13 14:00:00,40763.49205460484
2026-02-13 14:15:00,40763.49205460484
2026-02-13 14:30:00,40763.49205460484
2026-02-13 14:45:00,40763.49205460484
2026-02-13 15:00:00,37326.4681488186
2026-02-13 15:15:00,37326.4681488186
2026-02-13 15:30:00,37326.4681488186
2026-02-13 15:45:00,37326.4681488186
2026-02-13 16:00:00,37326.4681488186
2026-02-13 16:15:00,37326.4681488186
2026-02-13 16:30:00,42838.89074200893
2026-02-13 16:45:00,42838.89074200893
2026-02-13 17:00:00,42838.89074200893
2026-02-13 17:15:00,42838.89074200893
2026-02-13 17:30:00,42838.89074200893
2026-02-13 17:45:00,42410.50183458884
2026-02-13 18:00:00,42410.50183458884
2026-02-13 18:15:00,42410.50183458884
2026-02-13 18:30:00,42410.50183458884
2026-02-13 18:45:00,42410.50183458884
2026-02-13 19:00:00,38061.799571350275
2026-02-13 19:15:00,40379.76316524547
2026-02-13 19:30:00,40379.76316524547
2026-02-13 19:45:00,40379.76316524547
2026-02-13 20:00:00,40379.76316524547
2026-02-13 20:15:00,40379.76316524547
2026-02-13 20:30:00,40379.76316524547
2026-02-13 20:45:00,40379.76316524547
2026-02-13 21:00:00,40379.76316524547
2026-02-13 21:15:00,40379.76316524547
2026-02-13 21:30:00,40379.76316524547
2026-02-13 21:45:00,39975.965533593015
2026-02-13 22:00:00,38788.63938127976
2026-02-13 22:15:00,39576.20587825708
2026-02-13 22:30:00,39576.20587825708
2026-02-13 22:45:00,39576.20587825708
2026-02-13 23:00:00,39180.44381947451
2026-02-13 23:15:00,39180.44381947451
2026-02-13 23:30:00,39180.44381947451
2026-02-13 23:45:00,39180.44381947451
2026-02-16 01:00:00,38400.75298746696
2026-02-16 01:15:00,38016.7454575923
2026-02-16 01:30:00,38016.7454575923
2026-02-16 01:45:00,38016.7454575923
2026-02-16 02:00:00,38788.63938127976
2026-02-16 02:15:00,38788.63938127976
2026-02-16 02:30:00,38788.63938127976
2026-02-16 02:45:00,38788.63938127976
2026-02-16 03:00:00,38788.63938127976
2026-02-16 03:15:00,38788.63938127976
2026-02-16 03:30:00,38788.63938127976
2026-02-16 03:45:00,38400.75298746696
2026-02-16 04:00:00,37636.57800301637
2026-02-16 04:15:00,37636.57800301637
2026-02-16 04:30:00,37636.57800301637
2026-02-16 04:45:00,37636.57800301637
2026-02-16 05:00:00,37636.57800301637
2026-02-16 05:15:00,37636.57800301637
2026-02-16 05:30:00,37636.57800301637
2026-02-16 05:45:00,37636.57800301637
2026-02-16 06:00:00,37260.21222298621
2026-02-16 06:15:00,37260.21222298621
2026-02-16 06:30:00,37260.21222298621
2026-02-16 06:45:00,37260.21222298621
2026-02-16 07:00:00,37260.21222298621
2026-02-16 07:15:00,37260.21222298621
2026-02-16 07:30:00,37260.21222298621
2026-02-16 07:45:00,37260.21222298621
2026-02-16 08:00:00,36887.61010075634
2026-02-16 08:15:00,36887.61010075634
2026-02-16 08:30:00,36887.61010075634
2026-02-16 08:45:00,36518.73399974878
2026-02-16 09:00:00,33697.46804549268
2026-02-16 09:15:00,33360.49336503775
2026-02-16 09:30:00,33360.49336503775
2026-02-16 09:45:00,33360.49336503775
2026-02-16 10:00:00,33360.49336503775
2026-02-16 10:15:00,36518.73399974878
2026-02-16 10:30:00,36518.73399974878
2026-02-16 10:45:00,36518.73399974878
2026-02-16 11:00:00,36518.73399974878
2026-02-16 11:15:00,36518.73399974878
2026-02-16 11:30:00,36518.73399974878
2026-02-16 11:45:00,36518.73399974878
2026-02-16 12:00:00,36518.73399974878
2026-02-16 12:15:00,36518.73399974878
2026-02-16 12:30:00,36518.73399974878
2026-02-16 12:45:00,36518.73399974878
2026-02-16 13:00:00,36518.73399974878
2026-02-16 13:15:00,36518.73399974878
2026-02-16 13:30:00,36518.73399974878
2026-02-16 13:45:00,36518.73399974878
2026-02-16 14:00:00,36518.73399974878
2026-02-16 14:15:00,36518.73399974878
2026-02-16 14:30:00,36518.73399974878
2026-02-16 14:45:00,36153.54665975129
2026-02-16 15:00:00,36153.54665975129
2026-02-16 15:15:00,36153.54665975129
2026-02-16 15:30:00,36153.54665975129
2026-02-16 15:45:00,36153.54665975129
2026-02-16 16:00:00,36153.54665975129
2026-02-16 16:15:00,36153.54665975129
2026-02-16 16:30:00,36153.54665975129
2026-02-16 16:45:00,36153.54665975129
2026-02-16 17:00:00,36153.54665975129
2026-02-16 17:15:00,36153.54665975129
2026-02-16 17:30:00,39975.965533593015
2026-02-16 17:45:00,39975.965533593015
2026-02-16 18:00:00,39576.20587825708
2026-02-16 18:15:00,39180.44381947451
2026-02-16 18:30:00,39180.44381947451
2026-02-16 18:45:00,39180.44381947451
2026-02-16 19:00:00,39180.44381947451
2026-02-16 19:15:00,39180.44381947451
2026-02-16 19:30:00,39180.44381947451
2026-02-16 19:45:00,39180.44381947451
2026-02-16 20:00:00,39180.44381947451
2026-02-17 01:00:00,38788.63938127976
2026-02-17 01:15:00,38788.63938127976
2026-02-17 01:30:00,38016.7454575923
2026-02-17 01:45:00,37636.57800301637
2026-02-17 02:00:00,37636.57800301637
2026-02-17 02:15:00,37636.57800301637
2026-02-17 02:30:00,37636.57800301637
2026-02-17 02:45:00,37636.57800301637
2026-02-17 03:00:00,37636.57800301637
2026-02-17 03:15:00,37636.57800301637
2026-02-17 03:30:00,37260.21222298621
2026-02-17 03:45:00,37994.238403779076
2026-02-17 04:00:00,37614.29601974128
2026-02-17 04:15:00,37614.29601974128
2026-02-17 04:30:00,37614.29601974128
2026-02-17 04:45:00,37614.29601974128
2026-02-17 05:00:00,37614.29601974128
2026-02-17 05:15:00,37614.29601974128
2026-02-17 05:30:00,37614.29601974128
2026-02-17 05:45:00,37614.29601974128
2026-02-17 06:00:00,37614.29601974128
2026-02-17 06:15:00,37614.29601974128
2026-02-17 06:30:00,37614.29601974128
2026-02-17 06:45:00,37614.29601974128
2026-02-17 07:00:00,37614.29601974128
2026-02-17 07:15:00,37614.29601974128
2026-02-17 07:30:00,37614.29601974128
2026-02-17 07:45:00,37614.29601974128
2026-02-17 08:00:00,37614.29601974128
2026-02-17 08:15:00,37614.29601974128
2026-02-17 08:30:00,37614.29601974128
2026-02-17 08:45:00,37614.29601974128
2026-02-17 09:00:00,37614.29601974128
2026-02-17 09:15:00,37614.29601974128
2026-02-17 09:30:00,37238.15305954387
2026-02-17 09:45:00,36132.14267552235
2026-02-17 10:00:00,35770.821248767126
2026-02-17 10:15:00,35413.11303627946
2026-02-17 10:30:00,35413.11303627946
2026-02-17 10:45:00,35413.11303627946
2026-02-17 11:00:00,35413.11303627946
2026-02-17 11:15:00,35413.11303627946
2026-02-17 11:30:00,35413.11303627946
2026-02-17 11:45:00,35413.11303627946
2026-02-17 12:00:00,35413.11303627946
2026-02-17 12:15:00,35413.11303627946
2026-02-17 12:30:00,35413.11303627946
2026-02-17 12:45:00,35413.11303627946
2026-02-17 13:00:00,35413.11303627946
2026-02-17 13:15:00,35413.11303627946
2026-02-17 13:30:00,35413.11303627946
2026-02-17 13:45:00,35413.11303627946
2026-02-17 14:00:00,34017.69508432903
2026-02-17 14:15:00,33677.51813348574
2026-02-17 14:30:00,33677.51813348574
2026-02-17 14:45:00,33677.51813348574
2026-02-17 15:00:00,34687.843677490346
2026-02-17 15:15:00,34340.96524071544
2026-02-17 15:30:00,33997.555588308285
2026-02-17 15:45:00,33657.580032425205
2026-02-17 16:00:00,33321.00423210095
2026-02-17 16:15:00,32987.79418977995
2026-02-17 16:30:00,32657.916247882145
2026-02-17 16:45:00,33637.653735318614
2026-02-17 17:00:00,33637.653735318614
2026-02-17 17:15:00,33301.27719796543
2026-02-17 17:30:00,33301.27719796543
2026-02-17 17:45:00,32968.26442598578
2026-02-17 18:00:00,32312.19596390866
2026-02-17 18:15:00,31989.074004269572
2026-02-17 18:30:00,31989.074004269572
2026-02-17 18:45:00,31989.074004269572
2026-02-17 19:00:00,31989.074004269572
2026-02-17 19:15:00,31989.074004269572
2026-02-17 19:30:00,31989.074004269572
2026-02-17 19:45:00,31989.074004269572
2026-02-17 20:00:00,31989.074004269572
2026-02-17 20:15:00,31989.074004269572
2026-02-17 20:30:00,31989.074004269572
2026-02-17 20:45:00,31989.074004269572
2026-02-17 21:00:00,31989.074004269572
2026-02-17 21:15:00,31989.074004269572
2026-02-17 21:30:00,31989.074004269572
2026-02-17 21:45:00,31989.074004269572
2026-02-17 22:00:00,31989.074004269572
2026-02-17 22:15:00,31989.074004269572
2026-02-17 22:30:00,31989.074004269572
2026-02-17 22:45:00,31989.074004269572
2026-02-17 23:00:00,31989.074004269572
2026-02-17 23:15:00,31989.074004269572
2026-02-17 23:30:00,31989.074004269572
2026-02-17 23:45:00,31989.074004269572
2026-02-18 01:00:00,31989.074004269572
2026-02-18 01:15:00,31989.074004269572
2026-02-18 01:30:00,31989.074004269572
2026-02-18 01:45:00,31989.074004269572
2026-02-18 02:00:00,31989.074004269572
2026-02-18 02:15:00,31669.18326422688
2026-02-18 02:30:00,31669.18326422688
2026-02-18 02:45:00,31669.18326422688
2026-02-18 03:00:00,31669.18326422688
2026-02-18 03:15:00,31669.18326422688
2026-02-18 03:30:00,31669.18326422688
2026-02-18 03:45:00,31669.18326422688
2026-02-18 04:00:00,31038.966517268764
2026-02-18 04:15:00,31038.966517268764
2026-02-18 04:30:00,31038.966517268764
2026-02-18 04:45:00,31038.966517268764
2026-02-18 05:00:00,31038.966517268764
2026-02-18 05:15:00,31038.966517268764
2026-02-18 05:30:00,31038.966517268764
2026-02-18 05:45:00,29815.907391011973
2026-02-18 06:00:00,29815.907391011973
2026-02-18 06:15:00,29815.907391011973
2026-02-18 06:30:00,29815.907391011973
2026-02-18 06:45:00,29815.907391011973
2026-02-18 07:00:00,29815.907391011973
2026-02-18 07:15:00,29815.907391011973
2026-02-18 07:30:00,29815.907391011973
2026-02-18 07:45:00,29815.907391011973
2026-02-18 08:00:00,28354.631257592253
2026-02-18 08:15:00,28354.631257592253
2026-02-18 08:30:00,28354.631257592253
2026-02-18 08:45:00,28354.631257592253
2026-02-18 09:00:00,28071.08494501633
2026-02-18 09:15:00,27512.470354610505
2026-02-18 09:30:00,27512.470354610505
2026-02-18 09:45:00,27512.470354610505
2026-02-18 10:00:00,29780.61401816788
2026-02-18 10:15:00,32542.081014230353
2026-02-18 10:30:00,32542.081014230353
2026-02-18 10:45:00,32542.081014230353
2026-02-18 11:00:00,33518.34344465721
2026-02-18 11:15:00,33518.34344465721
2026-02-18 11:30:00,33518.34344465721
2026-02-18 11:45:00,33518.34344465721
2026-02-18 12:00:00,33183.16001021063
2026-02-18 12:15:00,33183.16001021063
2026-02-18 12:30:00,33183.16001021063
2026-02-18 12:45:00,33183.16001021063
2026-02-18 13:00:00,32197.586974747363
2026-02-18 13:15:00,32197.586974747363
2026-02-18 13:30:00,32522.815126007437
2026-02-18 13:45:00,32522.815126007437
2026-02-18 14:00:00,32522.815126007437
2026-02-18 14:15:00,32522.815126007437
2026-02-18 14:30:00,30619.58484377458
2026-02-18 14:45:00,30313.388995336834
2026-02-18 15:00:00,30313.388995336834
2026-02-18 15:15:00,30313.388995336834
2026-02-18 15:30:00,29413.051028786333
2026-02-18 15:45:00,29118.920518498468
2026-02-18 16:00:00,29118.920518498468
2026-02-18 16:15:00,29118.920518498468
2026-02-18 16:30:00,28827.73131331348
2026-02-18 16:45:00,28254.059460178545
2026-02-18 17:00:00,27971.51886557676
2026-02-18 17:15:00,27691.80367692099
2026-02-18 17:30:00,27691.80367692099
2026-02-18 17:45:00,27691.80367692099
2026-02-18 18:00:00,27691.80367692099
2026-02-18 18:15:00,27691.80367692099
2026-02-18 18:30:00,27691.80367692099
2026-02-18 18:45:00,27691.80367692099
2026-02-18 19:00:00,27691.80367692099
2026-02-18 19:15:00,27691.80367692099
2026-02-18 19:30:00,27691.80367692099
2026-02-18 19:45:00,27691.80367692099
2026-02-18 20:00:00,27691.80367692099
2026-02-18 20:15:00,27691.80367692099
2026-02-18 20:30:00,26071.283462930736
2026-02-18 20:45:00,26869.32941591276
2026-02-18 21:00:00,26869.32941591276
2026-02-18 21:15:00,26869.32941591276
2026-02-18 21:30:00,26071.283462930736
2026-02-18 21:45:00,25810.57062830143
2026-02-18 22:00:00,25810.57062830143
2026-02-18 22:15:00,25810.57062830143
2026-02-18 22:30:00,25810.57062830143
2026-02-18 22:45:00,25810.57062830143
2026-02-18 23:00:00,25810.57062830143
2026-02-18 23:15:00,25810.57062830143
2026-02-18 23:30:00,25810.57062830143
2026-02-18 23:45:00,25810.57062830143
2026-02-19 01:00:00,25810.57062830143
2026-02-19 01:15:00,25810.57062830143
2026-02-19 01:30:00,25810.57062830143
2026-02-19 01:45:00,25810.57062830143
2026-02-19 02:00:00,25810.57062830143
2026-02-19 02:15:00,25810.57062830143
2026-02-19 02:30:00,25810.57062830143
2026-02-19 02:45:00,25810.57062830143
2026-02-19 03:00:00,25810.57062830143
2026-02-19 03:15:00,25810.57062830143
2026-02-19 03:30:00,25810.57062830143
2026-02-19 03:45:00,25810.57062830143
2026-02-19 04:00:00,25810.57062830143
2026-02-19 04:15:00,25810.57062830143
2026-02-19 04:30:00,25810.57062830143
2026-02-19 04:45:00,25810.57062830143
2026-02-19 05:00:00,25810.57062830143
2026-02-19 05:15:00,25810.57062830143
2026-02-19 05:30:00,25810.57062830143
2026-02-19 05:45:00,25552.464922018415
2026-02-19 06:00:00,25552.464922018415
2026-02-19 06:15:00,25552.464922018415
2026-02-19 06:30:00,25552.464922018415
2026-02-19 06:45:00,25043.970870070247
2026-02-19 07:00:00,24057.138492345708
2026-02-19 07:15:00,24057.138492345708
2026-02-19 07:30:00,24057.138492345708
2026-02-19 07:45:00,24057.138492345708
2026-02-19 08:00:00,24057.138492345708
2026-02-19 08:15:00,24057.138492345708
2026-02-19 08:30:00,24057.138492345708
2026-02-19 08:45:00,24778.852647116037
2026-02-19 09:00:00,24778.852647116037
2026-02-19 09:15:00,25522.218226529418
2026-02-19 09:30:00,25522.218226529418
2026-02-19 09:45:00,25266.996044264124
2026-02-19 10:00:00,25014.32608382148
2026-02-19 10:15:00,26287.884773325353
2026-02-19 10:30:00,26025.0059255921
2026-02-19 10:45:00,26025.0059255921
2026-02-19 11:00:00,26025.0059255921
2026-02-19 11:15:00,26025.0059255921
2026-02-19 11:30:00,26025.0059255921
2026-02-19 11:45:00,26805.756103359898
2026-02-19 12:00:00,27609.928786460732
2026-02-19 12:15:00,27609.928786460732
2026-02-19 12:30:00,27609.928786460732
2026-02-19 12:45:00,27609.928786460732
2026-02-19 13:00:00,27609.928786460732
2026-02-19 13:15:00,27609.928786460732
2026-02-19 13:30:00,27609.928786460732
2026-02-19 13:45:00,27609.928786460732
2026-02-19 14:00:00,27609.928786460732
2026-02-19 14:15:00,27609.928786460732
2026-02-19 14:30:00,27609.928786460732
2026-02-19 14:45:00,27609.928786460732
2026-02-19 15:00:00,27609.928786460732
2026-02-19 15:15:00,27609.928786460732
2026-02-19 15:30:00,28438.226650054585
2026-02-19 15:45:00,28438.226650054585
2026-02-19 16:00:00,28438.226650054585
2026-02-19 16:15:00,28438.226650054585
2026-02-19 16:30:00,29291.373449556253
2026-02-19 16:45:00,29291.373449556253
2026-02-19 17:00:00,29291.373449556253
2026-02-19 17:15:00,29291.373449556253
2026-02-19 17:30:00,29291.373449556253
2026-02-19 17:45:00,29291.373449556253
2026-02-19 18:00:00,29291.373449556253
2026-02-19 18:15:00,29291.373449556253
2026-02-19 18:30:00,28998.45971506069
2026-02-19 18:45:00,28708.475117910082
2026-02-19 19:00:00,28708.475117910082
2026-02-19 19:15:00,28708.475117910082
2026-02-19 19:30:00,28708.475117910082
2026-02-19 19:45:00,28421.390366730982
2026-02-19 20:00:00,28421.390366730982
2026-02-19 20:15:00,28421.390366730982
2026-02-19 20:30:00,28421.390366730982
2026-02-19 20:45:00,28421.390366730982
2026-02-19 21:00:00,28421.390366730982
2026-02-19 21:15:00,28421.390366730982
2026-02-19 21:30:00,28421.390366730982
2026-02-19 21:45:00,28421.390366730982
2026-02-19 22:00:00,28421.390366730982
2026-02-19 22:15:00,28421.390366730982
2026-02-19 22:30:00,28421.390366730982
2026-02-19 22:45:00,28421.390366730982
2026-02-19 23:00:00,28421.390366730982
2026-02-19 23:15:00,28421.390366730982
2026-02-19 23:30:00,28421.390366730982
2026-02-19 23:45:00,28421.390366730982
2026-02-20 01:00:00,28421.390366730982
2026-02-20 01:15:00,28421.390366730982
2026-02-20 01:30:00,28421.390366730982
2026-02-20 01:45:00,28421.390366730982
2026-02-20 02:00:00,28421.390366730982
2026-02-20 02:15:00,28421.390366730982
2026-02-20 02:30:00,28421.390366730982
2026-02-20 02:45:00,28421.390366730982
2026-02-20 03:00:00,28421.390366730982
2026-02-20 03:15:00,28421.390366730982
2026-02-20 03:30:00,28137.17646306367
2026-02-20 03:45:00,27855.804698433036
2026-02-20 04:00:00,27855.804698433036
2026-02-20 04:15:00,27855.804698433036
2026-02-20 04:30:00,27855.804698433036
2026-02-20 04:45:00,27577.246651448706
2026-02-20 05:00:00,27577.246651448706
2026-02-20 05:15:00,27577.246651448706
2026-02-20 05:30:00,27577.246651448706
2026-02-20 05:45:00,27577.246651448706
2026-02-20 06:00:00,27577.246651448706
2026-02-20 06:15:00,27577.246651448706
2026-02-20 06:30:00,27577.246651448706
2026-02-20 06:45:00,27577.246651448706
2026-02-20 07:00:00,27577.246651448706
2026-02-20 07:15:00,27577.246651448706
2026-02-20 07:30:00,29274.032077732914
2026-02-20 07:45:00,29274.032077732914
2026-02-20 08:00:00,29274.032077732914
2026-02-20 08:15:00,30152.25304006485
2026-02-20 08:30:00,30152.25304006485
2026-02-20 08:45:00,30152.25304006485
2026-02-20 09:00:00,30152.25304006485
2026-02-20 09:15:00,30152.25304006485
2026-02-20 09:30:00,30152.25304006485
2026-02-20 09:45:00,30152.25304006485
2026-02-20 10:00:00,30152.25304006485
2026-02-20 10:15:00,30152.25304006485
2026-02-20 10:30:00,30152.25304006485
2026-02-20 10:45:00,30152.25304006485
2026-02-20 11:00:00,31056.820631266924
2026-02-20 11:15:00,51332.19244627743
2026-02-20 11:30:00,51332.19244627743
2026-02-20 11:45:00,50310.68181659651
2026-02-20 12:00:00,49807.574998430544
2026-02-20 12:15:00,49807.574998430544
2026-02-20 12:30:00,49807.574998430544
2026-02-20 12:45:00,49807.574998430544
2026-02-20 13:00:00,48816.404255961774
2026-02-20 13:15:00,48816.404255961774
2026-02-20 13:30:00,48816.404255961774
2026-02-20 13:45:00,48816.404255961774
2026-02-20 14:00:00,48816.404255961774
2026-02-20 14:15:00,48816.404255961774
2026-02-20 14:30:00,48816.404255961774
2026-02-20 14:45:00,48816.404255961774
2026-02-20 15:00:00,48816.404255961774
2026-02-20 15:15:00,48816.404255961774
2026-02-20 15:30:00,48816.404255961774
2026-02-20 15:45:00,48816.404255961774
2026-02-20 16:00:00,48816.404255961774
2026-02-20 16:15:00,48816.404255961774
2026-02-20 16:30:00,48816.404255961774
2026-02-20 16:45:00,48816.404255961774
2026-02-20 17:00:00,48816.404255961774
2026-02-20 17:15:00,48816.404255961774
2026-02-20 17:30:00,48816.404255961774
2026-02-20 17:45:00,48816.404255961774
2026-02-20 18:00:00,48816.404255961774
2026-02-20 18:15:00,48328.240213402154
2026-02-20 18:30:00,47844.957811268134
2026-02-20 18:45:00,47844.957811268134
2026-02-20 19:00:00,47844.957811268134
2026-02-20 19:15:00,46892.843150823894
2026-02-20 19:30:00,46892.843150823894
2026-02-20 19:45:00,46892.843150823894
2026-02-20 20:00:00,46892.843150823894
2026-02-20 20:15:00,46892.843150823894
2026-02-20 20:30:00,46892.843150823894
2026-02-20 20:45:00,46892.843150823894
2026-02-20 21:00:00,46892.843150823894
2026-02-20 21:15:00,46892.843150823894
2026-02-20 21:30:00,46892.843150823894
2026-02-20 21:45:00,46892.843150823894
2026-02-20 22:00:00,46892.843150823894
2026-02-20 22:15:00,46892.843150823894
2026-02-20 22:30:00,46892.843150823894
2026-02-20 22:45:00,46892.843150823894
2026-02-20 23:00:00,46892.843150823894
2026-02-20 23:15:00,46892.843150823894
2026-02-20 23:30:00,46892.843150823894
2026-02-20 23:45:00,46892.843150823894
2026-02-23 01:00:00,46892.843150823894
2026-02-23 01:15:00,42837.421001822746
2026-02-23 01:30:00,44148.680975475334
2026-02-23 01:45:00,43707.19416572058
2026-02-23 02:00:00,43707.19416572058
2026-02-23 02:15:00,45959.6755721225
2026-02-23 02:30:00,45959.6755721225
2026-02-23 02:45:00,46423.91471931565
2026-02-23 03:00:00,46423.91471931565
2026-02-23 03:15:00,46423.91471931565
2026-02-23 03:30:00,46423.91471931565
2026-02-23 03:45:00,46423.91471931565
2026-02-23 04:00:00,46423.91471931565
2026-02-23 04:15:00,46423.91471931565
2026-02-23 04:30:00,46423.91471931565
2026-02-23 04:45:00,46423.91471931565
2026-02-23 05:00:00,46423.91471931565
2026-02-23 05:15:00,46423.91471931565
2026-02-23 05:30:00,46423.91471931565
2026-02-23 05:45:00,46423.91471931565
2026-02-23 06:00:00,46423.91471931565
2026-02-23 06:15:00,46423.91471931565
2026-02-23 06:30:00,46423.91471931565
2026-02-23 06:45:00,46423.91471931565
2026-02-23 07:00:00,46423.91471931565
2026-02-23 07:15:00,46423.91471931565
2026-02-23 07:30:00,46423.91471931565
2026-02-23 07:45:00,46423.91471931565
2026-02-23 08:00:00,46423.91471931565
2026-02-23 08:15:00,46423.91471931565
2026-02-23 08:30:00,46423.91471931565
2026-02-23 08:45:00,46423.91471931565
2026-02-23 09:00:00,46423.91471931565
2026-02-23 09:15:00,46423.91471931565
2026-02-23 09:30:00,46423.91471931565
2026-02-23 09:45:00,46423.91471931565
2026-02-23 10:00:00,45045.07802823726
2026-02-23 10:15:00,45045.07802823726
2026-02-23 10:30:00,44594.627247954886
2026-02-23 10:45:00,44594.627247954886
2026-02-23 11:00:00,49221.9729785617
2026-02-23 11:15:00,49221.9729785617
2026-02-23 11:30:00,49221.9729785617
2026-02-23 11:45:00,49221.9729785617
2026-02-23 12:00:00,49221.9729785617
2026-02-23 12:15:00,47282.43084753418
2026-02-23 12:30:00,46809.60653905884
2026-02-23 12:45:00,46809.60653905884
2026-02-23 13:00:00,46809.60653905884
2026-02-23 13:15:00,46809.60653905884
2026-02-23 13:30:00,45878.09536893157
2026-02-23 13:45:00,45419.314415242254
2026-02-23 14:00:00,44965.12127108983
2026-02-23 14:15:00,48729.75324877608
2026-02-23 14:30:00,47760.031159125436
2026-02-23 14:45:00,47760.031159125436
2026-02-23 15:00:00,47282.43084753418
2026-02-23 15:15:00,47282.43084753418
2026-02-23 15:30:00,47282.43084753418
2026-02-23 15:45:00,47282.43084753418
2026-02-23 16:00:00,47282.43084753418
2026-02-23 16:15:00,47282.43084753418
2026-02-23 16:30:00,48700.90377296021
2026-02-23 16:45:00,48213.89473523061
2026-02-23 17:00:00,48213.89473523061
2026-02-23 17:15:00,48213.89473523061
2026-02-23 17:30:00,48213.89473523061
2026-02-23 17:45:00,46423.91471931565
2026-02-23 18:00:00,46423.91471931565
2026-02-23 18:15:00,46423.91471931565
2026-02-23 18:30:00,46423.91471931565
2026-02-23 18:45:00,46423.91471931565
2026-02-23 19:00:00,46423.91471931565
2026-02-23 19:15:00,46423.91471931565
2026-02-23 19:30:00,46423.91471931565
2026-02-23 19:45:00,46423.91471931565
2026-02-23 20:00:00,46423.91471931565
2026-02-23 20:15:00,46423.91471931565
2026-02-23 20:30:00,46423.91471931565
2026-02-23 20:45:00,46423.91471931565
2026-02-23 21:00:00,46423.91471931565
2026-02-23 21:15:00,46423.91471931565
2026-02-23 21:30:00,46423.91471931565
2026-02-23 21:45:00,46423.91471931565
2026-02-23 22:00:00,46423.91471931565
2026-02-23 22:15:00,46423.91471931565
2026-02-23 22:30:00,46423.91471931565
2026-02-23 22:45:00,46423.91471931565
2026-02-23 23:00:00,46423.91471931565
2026-02-23 23:15:00,46423.91471931565
2026-02-23 23:30:00,46423.91471931565
2026-02-23 23:45:00,46423.91471931565
2026-02-24 01:00:00,45500.07881640127
2026-02-24 01:15:00,45500.07881640127
2026-02-24 01:30:00,44594.627247954886
2026-02-24 01:45:00,44594.627247954886
2026-02-24 02:00:00,44594.627247954886
2026-02-24 02:15:00,44148.680975475334
2026-02-24 02:30:00,44148.680975475334
2026-02-24 02:45:00,44148.680975475334
2026-02-24 03:00:00,44148.680975475334
2026-02-24 03:15:00,44148.680975475334
2026-02-24 03:30:00,44148.680975475334
2026-02-24 03:45:00,44148.680975475334
2026-02-24 04:00:00,44148.680975475334
2026-02-24 04:15:00,44148.680975475334
2026-02-24 04:30:00,45473.141404739596
2026-02-24 04:45:00,45473.141404739596
2026-02-24 05:00:00,45473.141404739596
2026-02-24 05:15:00,45473.141404739545
2026-02-24 05:30:00,45473.141404739545
2026-02-24 05:45:00,45473.141404739545
2026-02-24 06:00:00,45473.141404739545
2026-02-24 06:15:00,45473.141404739545
2026-02-24 06:30:00,45473.141404739545
2026-02-24 06:45:00,45473.141404739545
2026-02-24 07:00:00,45473.141404739545
2026-02-24 07:15:00,44122.54363187737
2026-02-24 07:30:00,42812.05996346698
2026-02-24 07:45:00,43681.3181955586
2026-02-24 08:00:00,43244.50501360301
2026-02-24 08:15:00,42812.05996346698
2026-02-24 08:30:00,42812.05996346698
2026-02-24 08:45:00,42812.05996346698
2026-02-24 09:00:00,42812.05996346698
2026-02-24 09:15:00,42812.05996346698
2026-02-24 09:30:00,42383.93936383231
2026-02-24 09:45:00,41960.09997019399
2026-02-24 10:00:00,41960.09997019399
2026-02-24 10:15:00,44568.22589078522
2026-02-24 10:30:00,44568.22589078522
2026-02-24 10:45:00,44568.22589078522
2026-02-24 11:00:00,44568.22589078522
2026-02-24 11:15:00,44568.22589078522
2026-02-24 11:30:00,44568.22589078522
2026-02-24 11:45:00,44568.22589078522
2026-02-24 12:00:00,44568.22589078522
2026-02-24 12:15:00,44568.22589078522
2026-02-24 12:30:00,44568.22589078522
2026-02-24 12:45:00,44568.22589078522
2026-02-24 13:00:00,44568.22589078522
2026-02-24 13:15:00,44568.22589078522
2026-02-24 13:30:00,44122.54363187737
2026-02-24 13:45:00,44122.54363187737
2026-02-24 14:00:00,43681.3181955586
2026-02-24 14:15:00,43681.3181955586
2026-02-24 14:30:00,43244.50501360301
2026-02-24 14:45:00,42812.05996346698
2026-02-24 15:00:00,42812.05996346698
2026-02-24 15:15:00,42812.05996346698
2026-02-24 15:30:00,42812.05996346698
2026-02-24 15:45:00,42812.05996346698
2026-02-24 16:00:00,42812.05996346698
2026-02-24 16:15:00,41540.498970492044
2026-02-24 16:30:00,44096.42176237099
2026-02-24 16:45:00,45419.31441524207
2026-02-24 17:00:00,44965.12127108965
2026-02-24 17:15:00,44965.12127108965
2026-02-24 17:30:00,44965.12127108965
2026-02-24 17:45:00,44965.12127108965
2026-02-24 18:00:00,46314.07490922231
2026-02-24 18:15:00,46314.07490922231
2026-02-24 18:30:00,46314.07490922231
2026-02-24 18:45:00,46314.07490922231
2026-02-24 19:00:00,47703.497156498954
2026-02-24 19:15:00,47703.497156498954
2026-02-24 19:30:00,47703.497156498954
2026-02-24 19:45:00,47703.497156498954
2026-02-24 20:00:00,47703.497156498954
2026-02-24 20:15:00,47703.497156498954
2026-02-24 20:30:00,47703.497156498954
2026-02-24 20:45:00,47703.497156498954
2026-02-24 21:00:00,47703.497156498954
2026-02-24 21:15:00,47703.497156498954
2026-02-24 21:30:00,47703.497156498954
2026-02-24 21:45:00,47703.497156498954
2026-02-24 22:00:00,47703.497156498954
2026-02-24 22:15:00,47703.497156498954
2026-02-24 22:30:00,47703.497156498954
2026-02-24 22:45:00,47703.497156498954
2026-02-24 23:00:00,47703.497156498954
2026-02-24 23:15:00,47703.497156498954
2026-02-24 23:30:00,47703.497156498954
2026-02-24 23:45:00,47703.497156498954
2026-02-25 01:00:00,46754.19756308463
2026-02-25 01:15:00,46754.19756308463
2026-02-25 01:30:00,46754.19756308463
2026-02-25 01:45:00,46754.19756308463
2026-02-25 02:00:00,46754.19756308463
2026-02-25 02:15:00,46754.19756308463
2026-02-25 02:30:00,46754.19756308463
2026-02-25 02:45:00,46754.19756308463
2026-02-25 03:00:00,46754.19756308463
2026-02-25 03:15:00,60429.36297541198
2026-02-25 03:30:00,60429.36297541198
2026-02-25 03:45:00,58669.28444214739
2026-02-25 04:00:00,58669.28444214739
2026-02-25 04:15:00,58669.28444214739
2026-02-25 04:30:00,58669.28444214739
2026-02-25 04:45:00,58669.28444214739
2026-02-25 05:00:00,58669.28444214739
2026-02-25 05:15:00,58669.28444214739
2026-02-25 05:30:00,56926.74802493118
2026-02-25 05:45:00,56926.74802493118
2026-02-25 06:00:00,56926.74802493118
2026-02-25 06:15:00,56926.74802493118
2026-02-25 06:30:00,56926.74802493118
2026-02-25 06:45:00,56926.74802493118
2026-02-25 07:00:00,56926.74802493118
2026-02-25 07:15:00,56926.74802493118
2026-02-25 07:30:00,56926.74802493118
2026-02-25 07:45:00,56926.74802493118
2026-02-25 08:00:00,56926.74802493118
2026-02-25 08:15:00,56926.74802493118
2026-02-25 08:30:00,56926.74802493118
2026-02-25 08:45:00,56926.74802493118
2026-02-25 09:00:00,56926.74802493118
2026-02-25 09:15:00,56926.74802493118
2026-02-25 09:30:00,56926.74802493118
2026-02-25 09:45:00,56926.74802493118
2026-02-25 10:00:00,54136.77094487402
2026-02-25 10:15:00,55235.96668184269
2026-02-25 10:30:00,54683.60701502427
2026-02-25 10:45:00,54683.60701502427
2026-02-25 11:00:00,54683.60701502427
2026-02-25 11:15:00,54683.60701502427
2026-02-25 11:30:00,54683.60701502427
2026-02-25 11:45:00,54683.60701502427
2026-02-25 12:00:00,54683.60701502427
2026-02-25 12:15:00,54683.60701502427
2026-02-25 12:30:00,54683.60701502427
2026-02-25 12:45:00,54683.60701502427
2026-02-25 13:00:00,54683.60701502427
2026-02-25 13:15:00,54683.60701502427
2026-02-25 13:30:00,54683.60701502427
2026-02-25 13:45:00,55301.42750697279
2026-02-25 14:00:00,55301.42750697279
2026-02-25 14:15:00,56960.47033218243
2026-02-25 14:30:00,56960.47033218243
2026-02-25 14:45:00,56960.47033218243
2026-02-25 15:00:00,49134.602071193964
2026-02-25 15:15:00,49134.602071193964
2026-02-25 15:30:00,49134.602071193964
2026-02-25 15:45:00,50608.64013332978
2026-02-25 16:00:00,53690.70631744957
2026-02-25 16:15:00,53690.70631744957
2026-02-25 16:30:00,83648.37101686685
2026-02-25 16:45:00,64109.511180614536
2026-02-25 17:00:00,64109.511180614536
2026-02-25 17:15:00,63468.41606880839
2026-02-25 17:30:00,63468.41606880839
2026-02-25 17:45:00,62205.3945890391
2026-02-25 18:00:00,62205.3945890391
2026-02-25 18:15:00,62205.3945890391
2026-02-25 18:30:00,62205.3945890391
2026-02-25 18:45:00,62205.3945890391
2026-02-25 19:00:00,62205.3945890391
2026-02-25 19:15:00,62205.3945890391
2026-02-25 19:30:00,62205.3945890391
2026-02-25 19:45:00,62205.3945890391
2026-02-25 20:00:00,62205.3945890391
2026-02-25 20:15:00,62205.3945890391
2026-02-25 20:30:00,62205.3945890391
2026-02-25 20:45:00,62205.3945890391
2026-02-25 21:00:00,66032.79651603298
2026-02-25 21:15:00,66032.79651603298
2026-02-25 21:30:00,66032.79651603298
2026-02-25 21:45:00,66032.79651603298
2026-02-25 22:00:00,66032.79651603298
2026-02-25 22:15:00,66032.79651603298
2026-02-25 22:30:00,65372.46855087265
2026-02-25 22:45:00,65372.46855087265
2026-02-25 23:00:00,65372.46855087265
2026-02-25 23:15:00,65372.46855087265
2026-02-25 23:30:00,126525.66650098172
2026-02-25 23:45:00,130321.43649601117
2026-02-26 01:00:00,129018.22213105106
2026-02-26 01:15:00,127728.03990974055
2026-02-26 01:30:00,126450.75951064314
2026-02-26 01:45:00,125186.2519155367
2026-02-26 02:00:00,125186.2519155367
2026-02-26 02:15:00,125186.2519155367
2026-02-26 02:30:00,125186.2519155367
2026-02-26 02:45:00,125186.2519155367
2026-02-26 03:00:00,123934.38939638133
2026-02-26 03:15:00,123934.38939638133
2026-02-26 03:30:00,123934.38939638133
2026-02-26 03:45:00,123934.38939638133
2026-02-26 04:00:00,123934.38939638133
2026-02-26 04:15:00,123934.38939638133
2026-02-26 04:30:00,123934.38939638133
2026-02-26 04:45:00,123934.38939638133
2026-02-26 05:00:00,123934.38939638133
2026-02-26 05:15:00,123934.38939638133
2026-02-26 05:30:00,123934.38939638133
2026-02-26 05:45:00,123934.38939638133
2026-02-26 06:00:00,123934.38939638133
2026-02-26 06:15:00,123934.38939638133
2026-02-26 06:30:00,123934.38939638133
2026-02-26 06:45:00,123934.38939638133
2026-02-26 07:00:00,123934.38939638133
2026-02-26 07:15:00,123934.38939638133
2026-02-26 07:30:00,123934.38939638133
2026-02-26 07:45:00,122695.04550241752
2026-02-26 08:00:00,116681.76744482681
2026-02-26 08:15:00,116681.76744482681
2026-02-26 08:30:00,116681.76744482681
2026-02-26 08:45:00,116681.76744482681
2026-02-26 09:00:00,116681.76744482681
2026-02-26 09:15:00,116681.76744482681
2026-02-26 09:30:00,116681.76744482681
2026-02-26 09:45:00,116681.76744482681
2026-02-26 10:00:00,120182.22046817161
2026-02-26 10:15:00,127501.31769468382
2026-02-26 10:30:00,127501.31769468382
2026-02-26 10:45:00,124964.0414725596
2026-02-26 11:00:00,124964.0414725596
2026-02-26 11:15:00,124964.0414725596
2026-02-26 11:30:00,135266.14794228983
2026-02-26 11:45:00,135266.14794228983
2026-02-26 12:00:00,135266.14794228983
2026-02-26 12:15:00,133913.48646286692
2026-02-26 12:30:00,131248.60808225587
2026-02-26 12:45:00,133913.48646286692
2026-02-26 13:00:00,132574.35159823825
2026-02-26 13:15:00,132574.35159823825
2026-02-26 13:30:00,132574.35159823825
2026-02-26 13:45:00,132574.35159823825
2026-02-26 14:00:00,132574.35159823825
2026-02-26 14:15:00,132574.35159823825
2026-02-26 14:30:00,132574.35159823825
2026-02-26 14:45:00,132574.35159823825
2026-02-26 15:00:00,129936.12200143331
2026-02-26 15:15:00,129936.12200143331
2026-02-26 15:30:00,129936.12200143331
2026-02-26 15:45:00,143503.8563519753
2026-02-26 16:00:00,140648.129610571
2026-02-26 16:15:00,126076.88924186873
2026-02-26 16:30:00,126076.88924186873
2026-02-26 16:45:00,124816.12034945004
2026-02-26 17:00:00,124816.12034945004
2026-02-26 17:15:00,124816.12034945004
2026-02-26 17:30:00,124816.12034945004
2026-02-26 17:45:00,124816.12034945004
2026-02-26 18:00:00,124816.12034945004
2026-02-26 18:15:00,124816.12034945004
2026-02-26 18:30:00,124816.12034945004
2026-02-26 18:45:00,124816.12034945004
2026-02-26 19:00:00,124816.12034945004
2026-02-26 19:15:00,124816.12034945004
2026-02-26 19:30:00,124816.12034945004
2026-02-26 19:45:00,124816.12034945004
2026-02-26 20:00:00,124816.12034945004
2026-02-26 20:15:00,124816.12034945004
2026-02-26 20:30:00,124816.12034945004
2026-02-26 20:45:00,124816.12034945004
2026-02-26 21:00:00,124816.12034945004
2026-02-26 21:15:00,124816.12034945004
2026-02-26 21:30:00,124816.12034945004
2026-02-26 21:45:00,124816.12034945004
2026-02-26 22:00:00,124816.12034945004
2026-02-26 22:15:00,124816.12034945004
2026-02-26 22:30:00,124816.12034945004
2026-02-26 22:45:00,124816.12034945004
2026-02-26 23:00:00,124816.12034945004
2026-02-26 23:15:00,124816.12034945004
2026-02-26 23:30:00,124816.12034945004
2026-02-26 23:45:00,124816.12034945004
2026-02-27 01:00:00,124816.12034945004
2026-02-27 01:15:00,124816.12034945004
2026-02-27 01:30:00,124816.12034945004
2026-02-27 01:45:00,124816.12034945004
2026-02-27 02:00:00,124816.12034945004
2026-02-27 02:15:00,124816.12034945004
2026-02-27 02:30:00,124816.12034945004
2026-02-27 02:45:00,124816.12034945004
2026-02-27 03:00:00,124816.12034945004
2026-02-27 03:15:00,124816.12034945004
2026-02-27 03:30:00,124816.12034945004
2026-02-27 03:45:00,124816.12034945004
2026-02-27 04:00:00,124816.12034945004
2026-02-27 04:15:00,124816.12034945004
2026-02-27 04:30:00,124816.12034945004
2026-02-27 04:45:00,124816.12034945004
2026-02-27 05:00:00,124816.12034945004
2026-02-27 05:15:00,124816.12034945004
2026-02-27 05:30:00,124816.12034945004
2026-02-27 05:45:00,124816.12034945004
2026-02-27 06:00:00,124816.12034945004
2026-02-27 06:15:00,124816.12034945004
2026-02-27 06:30:00,124816.12034945004
2026-02-27 06:45:00,124816.12034945004
2026-02-27 07:00:00,124816.12034945004
2026-02-27 07:15:00,124816.12034945004
2026-02-27 07:30:00,124816.12034945004
2026-02-27 07:45:00,124816.12034945004
2026-02-27 08:00:00,121108.95675895103
2026-02-27 08:15:00,116336.78063791087
2026-02-27 08:30:00,116336.78063791087
2026-02-27 08:45:00,116336.78063791087
2026-02-27 09:00:00,116336.78063791087
2026-02-27 09:15:00,123421.69057875965
2026-02-27 09:30:00,123421.69057875965
2026-02-27 09:45:00,123421.69057875965
2026-02-27 10:00:00,120965.59893624233
2026-02-27 10:15:00,119755.9429468799
2026-02-27 10:30:00,119755.9429468799
2026-02-27 10:45:00,119755.9429468799
2026-02-27 11:00:00,119755.9429468799
2026-02-27 11:15:00,130938.07153500589
2026-02-27 11:30:00,125778.58907362123
2026-02-27 11:45:00,127049.07987234468
2026-02-27 12:00:00,119897.86719136151
2026-02-27 12:15:00,118698.8885194479
2026-02-27 12:30:00,118698.8885194479
2026-02-27 12:45:00,118698.8885194479
2026-02-27 13:00:00,118698.8885194479
2026-02-27 13:15:00,118698.8885194479
2026-02-27 13:30:00,118698.8885194479
2026-02-27 13:45:00,118698.8885194479
2026-02-27 14:00:00,118698.8885194479
2026-02-27 14:15:00,118698.8885194479
2026-02-27 14:30:00,118698.8885194479
2026-02-27 14:45:00,118698.8885194479
2026-02-27 15:00:00,118698.8885194479
2026-02-27 15:15:00,118698.8885194479
2026-02-27 15:30:00,125927.65083028228
2026-02-27 15:45:00,125927.65083028228
2026-02-27 16:00:00,124668.37432197946
2026-02-27 16:15:00,124668.37432197946
2026-02-27 16:30:00,123421.69057875966
2026-02-27 16:45:00,122187.47367297206
2026-02-27 17:00:00,123421.69057875966
2026-02-27 17:15:00,122187.47367297206
2026-02-27 17:30:00,122187.47367297206
2026-02-27 17:45:00,122187.47367297206
2026-02-27 18:00:00,120965.59893624234
2026-02-27 18:15:00,120965.59893624234
2026-02-27 18:30:00,120965.59893624234
2026-02-27 18:45:00,120965.59893624234
2026-02-27 19:00:00,120965.59893624234
2026-02-27 19:15:00,120965.59893624234
2026-02-27 19:30:00,120965.59893624234
2026-02-27 19:45:00,120965.59893624234
2026-02-27 20:00:00,120965.59893624234
2026-02-27 20:15:00,120965.59893624234
2026-02-27 20:30:00,120965.59893624234
2026-02-27 20:45:00,120965.59893624234
2026-02-27 21:00:00,120965.59893624234
2026-02-27 21:15:00,120965.59893624234
2026-02-27 21:30:00,120965.59893624234
2026-02-27 21:45:00,120965.59893624234
2026-02-27 22:00:00,120965.59893624234
2026-02-27 22:15:00,120965.59893624234
2026-02-27 22:30:00,120965.59893624234
2026-02-27 22:45:00,120965.59893624234
2026-02-27 23:00:00,120965.59893624234
2026-02-27 23:15:00,119755.94294687992
2026-02-27 23:30:00,119755.94294687992
2026-02-27 23:45:00,119755.94294687992
2026-03-02 01:00:00,119614.18669947473
2026-03-02 01:15:00,118418.04483247998
2026-03-02 01:30:00,118418.04483247998
2026-03-02 01:45:00,118418.04483247998
2026-03-02 02:00:00,118418.04483247998
2026-03-02 02:15:00,118418.04483247998
2026-03-02 02:30:00,118418.04483247998
2026-03-02 02:45:00,118418.04483247998
2026-03-02 03:00:00,118418.04483247998
2026-03-02 03:15:00,118418.04483247998
2026-03-02 03:30:00,118418.04483247998
2026-03-02 03:45:00,118418.04483247998
2026-03-02 04:00:00,118418.04483247998
2026-03-02 04:15:00,118418.04483247998
2026-03-02 04:30:00,118418.04483247998
2026-03-02 04:45:00,118418.04483247998
2026-03-02 05:00:00,118418.04483247998
2026-03-02 05:15:00,118418.04483247998
2026-03-02 05:30:00,118418.04483247998
2026-03-02 05:45:00,118418.04483247998
2026-03-02 06:00:00,118418.04483247998
2026-03-02 06:15:00,118418.04483247998
2026-03-02 06:30:00,118418.04483247998
2026-03-02 06:45:00,118418.04483247998
2026-03-02 07:00:00,118418.04483247998
2026-03-02 07:15:00,118418.04483247998
2026-03-02 07:30:00,118418.04483247998
2026-03-02 07:45:00,118418.04483247998
2026-03-02 08:00:00,118418.04483247998
2026-03-02 08:15:00,118418.04483247998
2026-03-02 08:30:00,118418.04483247998
2026-03-02 08:45:00,121970.58617745449
2026-03-02 09:00:00,121970.58617745449
2026-03-02 09:15:00,121970.58617745449
2026-03-02 09:30:00,121970.58617745449
2026-03-02 09:45:00,121970.58617745449
2026-03-02 10:00:00,125629.70376277824
2026-03-02 10:15:00,125629.70376277824
2026-03-02 10:30:00,125629.70376277824
2026-03-02 10:45:00,120679.39217200676
2026-03-02 11:00:00,120679.39217200676
2026-03-02 11:15:00,123129.67265789895
2026-03-02 11:30:00,123129.67265789895
2026-03-02 11:45:00,123129.67265789895
2026-03-02 12:00:00,121898.37593131996
2026-03-02 12:15:00,121898.37593131996
2026-03-02 12:30:00,121898.37593131996
2026-03-02 12:45:00,121898.37593131996
2026-03-02 13:00:00,121898.37593131996
2026-03-02 13:15:00,121898.37593131996
2026-03-02 13:30:00,120679.39217200676
2026-03-02 13:45:00,117095.09354510598
2026-03-02 14:00:00,117095.09354510598
2026-03-02 14:15:00,117095.09354510598
2026-03-02 14:30:00,117095.09354510598
2026-03-02 14:45:00,117095.09354510598
2026-03-02 15:00:00,117095.09354510598
2026-03-02 15:15:00,114764.90118355837
2026-03-02 15:30:00,114764.90118355837
2026-03-02 15:45:00,114764.90118355837
2026-03-02 16:00:00,114764.90118355837
2026-03-02 16:15:00,114764.90118355837
2026-03-02 16:30:00,113617.25217172278
2026-03-02 16:45:00,112481.07965000554
2026-03-02 17:00:00,112481.07965000554
2026-03-02 17:15:00,112481.07965000554
2026-03-02 17:30:00,112481.07965000554
2026-03-02 17:45:00,112481.07965000554
2026-03-02 18:00:00,112481.07965000554
2026-03-02 18:15:00,112481.07965000554
2026-03-02 18:30:00,112481.07965000554
2026-03-02 18:45:00,112481.07965000554
2026-03-02 19:00:00,112481.07965000554
2026-03-02 19:15:00,112481.07965000554
2026-03-02 19:30:00,112481.07965000554
2026-03-02 19:45:00,112481.07965000554
2026-03-02 20:00:00,112481.07965000554
2026-03-02 20:15:00,112481.07965000554
2026-03-02 20:30:00,112481.07965000554
2026-03-02 20:45:00,112481.07965000554
2026-03-02 21:00:00,112481.07965000554
2026-03-02 21:15:00,112481.07965000554
2026-03-02 21:30:00,112481.07965000554
2026-03-02 21:45:00,112481.07965000554
2026-03-02 22:00:00,112481.07965000554
2026-03-02 22:15:00,112481.07965000554
2026-03-02 22:30:00,112481.07965000554
2026-03-02 22:45:00,112481.07965000554
2026-03-02 23:00:00,112481.07965000554
2026-03-02 23:15:00,112481.07965000554
2026-03-02 23:30:00,112481.07965000554
2026-03-02 23:45:00,112481.07965000554
2026-03-03 01:00:00,112481.07965000554
2026-03-03 01:15:00,112481.07965000554
2026-03-03 01:30:00,112481.07965000554
2026-03-03 01:45:00,112481.07965000554
2026-03-03 02:00:00,112481.07965000554
2026-03-03 02:15:00,112481.07965000554
2026-03-03 02:30:00,112481.07965000554
2026-03-03 02:45:00,112481.07965000554
2026-03-03 03:00:00,112481.07965000554
2026-03-03 03:15:00,112481.07965000554
2026-03-03 03:30:00,112481.07965000554
2026-03-03 03:45:00,112481.07965000554
2026-03-03 04:00:00,122911.11272271149
2026-03-03 04:15:00,126598.44610439286
2026-03-03 04:30:00,126598.44610439286
2026-03-03 04:45:00,126598.44610439286
2026-03-03 05:00:00,126598.44610439286
2026-03-03 05:15:00,126598.44610439286
2026-03-03 05:30:00,126598.44610439286
2026-03-03 05:45:00,126598.44610439286
2026-03-03 06:00:00,126598.44610439286
2026-03-03 06:15:00,122911.1127227114
2026-03-03 06:30:00,122911.1127227114
2026-03-03 06:45:00,122911.1127227114
2026-03-03 07:00:00,122911.1127227114
2026-03-03 07:15:00,122911.1127227114
2026-03-03 07:30:00,122911.1127227114
2026-03-03 07:45:00,122911.1127227114
2026-03-03 08:00:00,122911.1127227114
2026-03-03 08:15:00,122911.1127227114
2026-03-03 08:30:00,122911.1127227114
2026-03-03 08:45:00,122911.1127227114
2026-03-03 09:00:00,122911.1127227114
2026-03-03 09:15:00,122911.1127227114
2026-03-03 09:30:00,122911.1127227114
2026-03-03 09:45:00,122911.1127227114
2026-03-03 10:00:00,122911.1127227114
2026-03-03 10:15:00,122911.1127227114
2026-03-03 10:30:00,122911.1127227114
2026-03-03 10:45:00,122911.1127227114
2026-03-03 11:00:00,122911.1127227114
2026-03-03 11:15:00,122911.1127227114
2026-03-03 11:30:00,122911.1127227114
2026-03-03 11:45:00,122911.1127227114
2026-03-03 12:00:00,122911.1127227114
2026-03-03 12:15:00,122911.1127227114
2026-03-03 12:30:00,122911.1127227114
2026-03-03 12:45:00,122911.1127227114
2026-03-03 13:00:00,122911.1127227114
2026-03-03 13:15:00,122911.1127227114
2026-03-03 13:30:00,122911.1127227114
2026-03-03 13:45:00,122911.1127227114
2026-03-03 14:00:00,122911.1127227114
2026-03-03 14:15:00,122911.1127227114
2026-03-03 14:30:00,122911.1127227114
2026-03-03 14:45:00,122911.1127227114
2026-03-03 15:00:00,122911.1127227114
2026-03-03 15:15:00,122911.1127227114
2026-03-03 15:30:00,122911.1127227114
2026-03-03 15:45:00,122911.1127227114
2026-03-03 16:00:00,122911.1127227114
2026-03-03 16:15:00,122911.1127227114
2026-03-03 16:30:00,122911.1127227114
2026-03-03 16:45:00,122911.1127227114
2026-03-03 17:00:00,122911.1127227114
2026-03-03 17:15:00,122911.1127227114
2026-03-03 17:30:00,122911.1127227114
2026-03-03 17:45:00,122911.1127227114
2026-03-03 18:00:00,122911.1127227114
2026-03-03 18:15:00,122911.1127227114
2026-03-03 18:30:00,122911.1127227114
2026-03-03 18:45:00,122911.1127227114
2026-03-03 19:00:00,122911.1127227114
2026-03-03 19:15:00,122911.1127227114
2026-03-03 19:30:00,122911.1127227114
2026-03-03 19:45:00,122911.1127227114
2026-03-03 20:00:00,122911.1127227114
2026-03-03 20:15:00,122911.1127227114
2026-03-03 20:30:00,122911.1127227114
2026-03-03 20:45:00,122911.1127227114
2026-03-03 21:00:00,122911.1127227114
2026-03-03 21:15:00,122911.1127227114
2026-03-03 21:30:00,121682.0015954843
2026-03-03 21:45:00,121682.0015954843
2026-03-03 22:00:00,121682.0015954843
2026-03-03 22:15:00,120465.18157952945
2026-03-03 22:30:00,120465.18157952945
2026-03-03 22:45:00,120465.18157952945
2026-03-03 23:00:00,120465.18157952945
2026-03-03 23:15:00,120465.18157952945
2026-03-03 23:30:00,118067.92446609681
2026-03-03 23:45:00,118067.92446609681
2026-03-04 01:00:00,116887.24522143583
2026-03-04 01:15:00,116887.24522143583
2026-03-04 01:30:00,116887.24522143583
2026-03-04 01:45:00,116887.24522143583
2026-03-04 02:00:00,115718.37276922147
2026-03-04 02:15:00,115718.37276922147
2026-03-04 02:30:00,115718.37276922147
2026-03-04 02:45:00,115718.37276922147
2026-03-04 03:00:00,115718.37276922147
2026-03-04 03:15:00,114561.18904152926
2026-03-04 03:30:00,114561.18904152926
2026-03-04 03:45:00,114561.18904152926
2026-03-04 04:00:00,114561.18904152926
2026-03-04 04:15:00,114561.18904152926
2026-03-04 04:30:00,121682.0015954843
2026-03-04 04:45:00,121682.0015954843
2026-03-04 05:00:00,121682.0015954843
2026-03-04 05:15:00,119260.52976373416
2026-03-04 05:30:00,119260.52976373416
2026-03-04 05:45:00,119260.52976373416
2026-03-04 06:00:00,119260.52976373416
2026-03-04 06:15:00,119260.52976373416
2026-03-04 06:30:00,119260.52976373416
2026-03-04 06:45:00,119260.52976373416
2026-03-04 07:00:00,119260.52976373416
2026-03-04 07:15:00,119260.52976373416
2026-03-04 07:30:00,119260.52976373416
2026-03-04 07:45:00,119260.52976373416
2026-03-04 08:00:00,119260.52976373416
2026-03-04 08:15:00,119260.52976373416
2026-03-04 08:30:00,119260.52976373416
2026-03-04 08:45:00,119260.52976373416
2026-03-04 09:00:00,119260.52976373416
2026-03-04 09:15:00,119260.52976373416
2026-03-04 09:30:00,119260.52976373416
2026-03-04 09:45:00,119260.52976373416
2026-03-04 10:00:00,119260.52976373416
2026-03-04 10:15:00,119260.52976373416
2026-03-04 10:30:00,119260.52976373416
2026-03-04 10:45:00,119260.52976373416
2026-03-04 11:00:00,119260.52976373416
2026-03-04 11:15:00,119260.52976373416
2026-03-04 11:30:00,119260.52976373416
2026-03-04 11:45:00,119260.52976373416
2026-03-04 12:00:00,119260.52976373416
2026-03-04 12:15:00,119260.52976373416
2026-03-04 12:30:00,119260.52976373416
2026-03-04 12:45:00,119260.52976373416
2026-03-04 13:00:00,119260.52976373416
2026-03-04 13:15:00,119260.52976373416
2026-03-04 13:30:00,119260.52976373416
2026-03-04 13:45:00,119260.52976373416
2026-03-04 14:00:00,119260.52976373416
2026-03-04 14:15:00,119260.52976373416
2026-03-04 14:30:00,119260.52976373416
2026-03-04 14:45:00,119260.52976373416
2026-03-04 15:00:00,119260.52976373416
2026-03-04 15:15:00,119260.52976373416
2026-03-04 15:30:00,119260.52976373416
2026-03-04 15:45:00,119260.52976373416
2026-03-04 16:00:00,119260.52976373416
2026-03-04 16:15:00,119260.52976373416
2026-03-04 16:30:00,119260.52976373416
2026-03-04 16:45:00,119260.52976373416
2026-03-04 17:00:00,119260.52976373416
2026-03-04 17:15:00,119260.52976373416
2026-03-04 17:30:00,119260.52976373416
2026-03-04 17:45:00,119260.52976373416
2026-03-04 18:00:00,119260.52976373416
2026-03-04 18:15:00,119260.52976373416
2026-03-04 18:30:00,119260.52976373416
2026-03-04 18:45:00,119260.52976373416
2026-03-04 19:00:00,119260.52976373416
2026-03-04 19:15:00,119260.52976373416
2026-03-04 19:30:00,119260.52976373416
2026-03-04 19:45:00,119260.52976373416
2026-03-04 20:00:00,119260.52976373416
2026-03-04 20:15:00,119260.52976373416
2026-03-04 20:30:00,119260.52976373416
2026-03-04 20:45:00,119260.52976373416
2026-03-04 21:00:00,119260.52976373416
2026-03-04 21:15:00,119260.52976373416
2026-03-04 21:30:00,119260.52976373416
2026-03-04 21:45:00,119260.52976373416
2026-03-04 22:00:00,119260.52976373416
2026-03-04 22:15:00,119260.52976373416
2026-03-04 22:30:00,119260.52976373416
2026-03-04 22:45:00,119260.52976373416
2026-03-04 23:00:00,119260.52976373416
2026-03-04 23:15:00,119260.52976373416
2026-03-04 23:30:00,119260.52976373416
2026-03-04 23:45:00,119260.52976373416
2026-03-05 01:00:00,119260.52976373416
2026-03-05 01:15:00,119260.52976373416
2026-03-05 01:30:00,119260.52976373416
2026-03-05 01:45:00,119260.52976373416
2026-03-05 02:00:00,119260.52976373416
2026-03-05 02:15:00,119260.52976373416
2026-03-05 02:30:00,119260.52976373416
2026-03-05 02:45:00,119260.52976373416
2026-03-05 03:00:00,119260.52976373416
2026-03-05 03:15:00,119260.52976373416
2026-03-05 03:30:00,119260.52976373416
2026-03-05 03:45:00,119260.52976373416
2026-03-05 04:00:00,119260.52976373416
2026-03-05 04:15:00,119260.52976373416
2026-03-05 04:30:00,119260.52976373416
2026-03-05 04:45:00,119260.52976373416
2026-03-05 05:00:00,119260.52976373416
2026-03-05 05:15:00,119260.52976373416
2026-03-05 05:30:00,119260.52976373416
2026-03-05 05:45:00,119260.52976373416
2026-03-05 06:00:00,119260.52976373416
2026-03-05 06:15:00,119260.52976373416
2026-03-05 06:30:00,119260.52976373416
2026-03-05 06:45:00,119260.52976373416
2026-03-05 07:00:00,119260.52976373416
2026-03-05 07:15:00,119260.52976373416
2026-03-05 07:30:00,119260.52976373416
2026-03-05 07:45:00,119260.52976373416
2026-03-05 08:00:00,119260.52976373416
2026-03-05 08:15:00,119260.52976373416
2026-03-05 08:30:00,119260.52976373416
2026-03-05 08:45:00,119260.52976373416
2026-03-05 09:00:00,119260.52976373416
2026-03-05 09:15:00,119260.52976373416
2026-03-05 09:30:00,119260.52976373416
2026-03-05 09:45:00,119260.52976373416
2026-03-05 10:00:00,119260.52976373416
2026-03-05 10:15:00,119260.52976373416
2026-03-05 10:30:00,119260.52976373416
2026-03-05 10:45:00,119260.52976373416
2026-03-05 11:00:00,119260.52976373416
2026-03-05 11:15:00,119260.52976373416
2026-03-05 11:30:00,119260.52976373416
2026-03-05 11:45:00,119260.52976373416
2026-03-05 12:00:00,119260.52976373416
2026-03-05 12:15:00,119260.52976373416
2026-03-05 12:30:00,119260.52976373416
2026-03-05 12:45:00,119260.52976373416
2026-03-05 13:00:00,119260.52976373416
2026-03-05 13:15:00,119260.52976373416
2026-03-05 13:30:00,119260.52976373416
2026-03-05 13:45:00,119260.52976373416
2026-03-05 14:00:00,119260.52976373416
2026-03-05 14:15:00,119260.52976373416
2026-03-05 14:30:00,119260.52976373416
2026-03-05 14:45:00,119260.52976373416
2026-03-05 15:00:00,119260.52976373416
2026-03-05 15:15:00,119260.52976373416
2026-03-05 15:30:00,119260.52976373416
2026-03-05 15:45:00,119260.52976373416
2026-03-05 16:00:00,119260.52976373416
2026-03-05 16:15:00,119260.52976373416
2026-03-05 16:30:00,119260.52976373416
2026-03-05 16:45:00,119260.52976373416
2026-03-05 17:00:00,119260.52976373416
2026-03-05 17:15:00,119260.52976373416
2026-03-05 17:30:00,119260.52976373416
2026-03-05 17:45:00,119260.52976373416
2026-03-05 18:00:00,119260.52976373416
2026-03-05 18:15:00,119260.52976373416
2026-03-05 18:30:00,119260.52976373416
2026-03-05 18:45:00,119260.52976373416
2026-03-05 19:00:00,119260.52976373416
2026-03-05 19:15:00,119260.52976373416
2026-03-05 19:30:00,119260.52976373416
2026-03-05 19:45:00,119260.52976373416
2026-03-05 20:00:00,119260.52976373416
2026-03-05 20:15:00,119260.52976373416
2026-03-05 20:30:00,119260.52976373416
2026-03-05 20:45:00,119260.52976373416
2026-03-05 21:00:00,119260.52976373416
2026-03-05 21:15:00,119260.52976373416
2026-03-05 21:30:00,119260.52976373416
2026-03-05 21:45:00,119260.52976373416
2026-03-05 22:00:00,119260.52976373416
2026-03-05 22:15:00,119260.52976373416
2026-03-05 22:30:00,119260.52976373416
2026-03-05 22:45:00,119260.52976373416
2026-03-05 23:00:00,119260.52976373416
2026-03-05 23:15:00,119260.52976373416
2026-03-05 23:30:00,119260.52976373416
2026-03-05 23:45:00,119260.52976373416
2026-03-06 01:00:00,119260.52976373416
2026-03-06 01:15:00,119260.52976373416
2026-03-06 01:30:00,119260.52976373416
2026-03-06 01:45:00,119260.52976373416
2026-03-06 02:00:00,119260.52976373416
2026-03-06 02:15:00,119260.52976373416
2026-03-06 02:30:00,119260.52976373416
2026-03-06 02:45:00,119260.52976373416
2026-03-06 03:00:00,119260.52976373416
2026-03-06 03:15:00,119260.52976373416
2026-03-06 03:30:00,119260.52976373416
2026-03-06 03:45:00,119260.52976373416
2026-03-06 04:00:00,119260.52976373416
2026-03-06 04:15:00,119260.52976373416
2026-03-06 04:30:00,119260.52976373416
2026-03-06 04:45:00,119260.52976373416
2026-03-06 05:00:00,119260.52976373416
2026-03-06 05:15:00,119260.52976373416
2026-03-06 05:30:00,119260.52976373416
2026-03-06 05:45:00,119260.52976373416
2026-03-06 06:00:00,119260.52976373416
2026-03-06 06:15:00,119260.52976373416
2026-03-06 06:30:00,119260.52976373416
2026-03-06 06:45:00,119260.52976373416
2026-03-06 07:00:00,119260.52976373416
2026-03-06 07:15:00,119260.52976373416
2026-03-06 07:30:00,119260.52976373416
2026-03-06 07:45:00,119260.52976373416
2026-03-06 08:00:00,119260.52976373416
2026-03-06 08:15:00,119260.52976373416
2026-03-06 08:30:00,119260.52976373416
2026-03-06 08:45:00,119260.52976373416
2026-03-06 09:00:00,119260.52976373416
2026-03-06 09:15:00,119260.52976373416
2026-03-06 09:30:00,119260.52976373416
2026-03-06 09:45:00,119260.52976373416
2026-03-06 10:00:00,119260.52976373416
2026-03-06 10:15:00,119260.52976373416
2026-03-06 10:30:00,119260.52976373416
2026-03-06 10:45:00,119260.52976373416
2026-03-06 11:00:00,119260.52976373416
2026-03-06 11:15:00,119260.52976373416
2026-03-06 11:30:00,119260.52976373416
2026-03-06 11:45:00,119260.52976373416
2026-03-06 12:00:00,119260.52976373416
2026-03-06 12:15:00,119260.52976373416
2026-03-06 12:30:00,119260.52976373416
2026-03-06 12:45:00,119260.52976373416
2026-03-06 13:00:00,119260.52976373416
2026-03-06 13:15:00,119260.52976373416
2026-03-06 13:30:00,119260.52976373416
2026-03-06 13:45:00,119260.52976373416
2026-03-06 14:00:00,119260.52976373416
2026-03-06 14:15:00,119260.52976373416
2026-03-06 14:30:00,119260.52976373416
2026-03-06 14:45:00,119260.52976373416
2026-03-06 15:00:00,119260.52976373416
2026-03-06 15:15:00,119260.52976373416
2026-03-06 15:30:00,119260.52976373416
2026-03-06 15:45:00,119260.52976373416
2026-03-06 16:00:00,119260.52976373416
2026-03-06 16:15:00,119260.52976373416
2026-03-06 16:30:00,119260.52976373416
2026-03-06 16:45:00,119260.52976373416
2026-03-06 17:00:00,119260.52976373416
2026-03-06 17:15:00,119260.52976373416
2026-03-06 17:30:00,119260.52976373416
2026-03-06 17:45:00,119260.52976373416
2026-03-06 18:00:00,119260.52976373416
2026-03-06 18:15:00,119260.52976373416
2026-03-06 18:30:00,119260.52976373416
2026-03-06 18:45:00,119260.52976373416
2026-03-06 19:00:00,119260.52976373416
2026-03-06 19:15:00,119260.52976373416
2026-03-06 19:30:00,119260.52976373416
2026-03-06 19:45:00,119260.52976373416
2026-03-06 20:00:00,119260.52976373416
2026-03-06 20:15:00,119260.52976373416
2026-03-06 20:30:00,119260.52976373416
2026-03-06 20:45:00,119260.52976373416
2026-03-06 21:00:00,119260.52976373416
2026-03-06 21:15:00,119260.52976373416
2026-03-06 21:30:00,119260.52976373416
2026-03-06 21:45:00,119260.52976373416
2026-03-06 22:00:00,119260.52976373416
2026-03-06 22:15:00,119260.52976373416
2026-03-06 22:30:00,119260.52976373416
2026-03-06 22:45:00,119260.52976373416
2026-03-06 23:00:00,119260.52976373416
2026-03-06 23:15:00,119260.52976373416
2026-03-06 23:30:00,119260.52976373416
2026-03-06 23:45:00,119260.52976373416
2026-03-09 01:00:00,119260.52976373416
2026-03-09 01:15:00,119260.52976373416
2026-03-09 01:30:00,119260.52976373416
2026-03-09 01:45:00,119260.52976373416
2026-03-09 02:00:00,119260.52976373416
2026-03-09 02:15:00,119260.52976373416
2026-03-09 02:30:00,119260.52976373416
2026-03-09 02:45:00,119260.52976373416
2026-03-09 03:00:00,119260.52976373416
2026-03-09 03:15:00,119260.52976373416
2026-03-09 03:30:00,119260.52976373416
2026-03-09 03:45:00,119260.52976373416
2026-03-09 04:00:00,119260.52976373416
2026-03-09 04:15:00,119260.52976373416
2026-03-09 04:30:00,119260.52976373416
2026-03-09 04:45:00,119260.52976373416
2026-03-09 05:00:00,119260.52976373416
2026-03-09 05:15:00,119260.52976373416
2026-03-09 05:30:00,119260.52976373416
2026-03-09 05:45:00,119260.52976373416
2026-03-09 06:00:00,119260.52976373416
2026-03-09 06:15:00,119260.52976373416
2026-03-09 06:30:00,119260.52976373416
2026-03-09 06:45:00,119260.52976373416
2026-03-09 07:00:00,119260.52976373416
2026-03-09 07:15:00,119260.52976373416
2026-03-09 07:30:00,119260.52976373416
2026-03-09 07:45:00,119260.52976373416
2026-03-09 08:00:00,119260.52976373416
2026-03-09 08:15:00,119260.52976373416
2026-03-09 08:30:00,119260.52976373416
2026-03-09 08:45:00,119260.52976373416
2026-03-09 09:00:00,119260.52976373416
2026-03-09 09:15:00,119260.52976373416
2026-03-09 09:30:00,119260.52976373416
2026-03-09 09:45:00,119260.52976373416
2026-03-09 10:00:00,119260.52976373416
2026-03-09 10:15:00,119260.52976373416
2026-03-09 10:30:00,119260.52976373416
2026-03-09 10:45:00,119260.52976373416
2026-03-09 11:00:00,119260.52976373416
2026-03-09 11:15:00,119260.52976373416
2026-03-09 11:30:00,119260.52976373416
2026-03-09 11:45:00,119260.52976373416
2026-03-09 12:00:00,119260.52976373416
2026-03-09 12:15:00,119260.52976373416
2026-03-09 12:30:00,119260.52976373416
2026-03-09 12:45:00,119260.52976373416
2026-03-09 13:00:00,119260.52976373416
2026-03-09 13:15:00,119260.52976373416
2026-03-09 13:30:00,119260.52976373416
2026-03-09 13:45:00,119260.52976373416
2026-03-09 14:00:00,119260.52976373416
2026-03-09 14:15:00,119260.52976373416
2026-03-09 14:30:00,119260.52976373416
2026-03-09 14:45:00,119260.52976373416
2026-03-09 15:00:00,119260.52976373416
2026-03-09 15:15:00,119260.52976373416
2026-03-09 15:30:00,119260.52976373416
2026-03-09 15:45:00,119260.52976373416
2026-03-09 16:00:00,119260.52976373416
2026-03-09 16:15:00,119260.52976373416
2026-03-09 16:30:00,119260.52976373416
2026-03-09 16:45:00,119260.52976373416
2026-03-09 17:00:00,119260.52976373416
2026-03-09 17:15:00,119260.52976373416
2026-03-09 17:30:00,119260.52976373416
2026-03-09 17:45:00,119260.52976373416
2026-03-09 18:00:00,119260.52976373416
2026-03-09 18:15:00,119260.52976373416
2026-03-09 18:30:00,119260.52976373416
2026-03-09 18:45:00,119260.52976373416
2026-03-09 19:00:00,119260.52976373416
2026-03-09 19:15:00,119260.52976373416
2026-03-09 19:30:00,119260.52976373416
2026-03-09 19:45:00,119260.52976373416
2026-03-09 20:00:00,119260.52976373416
2026-03-09 20:15:00,119260.52976373416
2026-03-09 20:30:00,119260.52976373416
2026-03-09 20:45:00,119260.52976373416
2026-03-09 21:00:00,119260.52976373416
2026-03-09 21:15:00,119260.52976373416
2026-03-09 21:30:00,119260.52976373416
2026-03-09 21:45:00,119260.52976373416
2026-03-09 22:00:00,119260.52976373416
2026-03-09 22:15:00,119260.52976373416
2026-03-09 22:30:00,119260.52976373416
2026-03-09 22:45:00,119260.52976373416
2026-03-09 23:00:00,119260.52976373416
2026-03-09 23:15:00,119260.52976373416
2026-03-09 23:30:00,119260.52976373416
2026-03-09 23:45:00,119260.52976373416
2026-03-10 01:00:00,119260.52976373416
2026-03-10 01:15:00,119260.52976373416
2026-03-10 01:30:00,119260.52976373416
2026-03-10 01:45:00,119260.52976373416
2026-03-10 02:00:00,119260.52976373416
2026-03-10 02:15:00,119260.52976373416
2026-03-10 02:30:00,119260.52976373416
2026-03-10 02:45:00,119260.52976373416
2026-03-10 03:00:00,119260.52976373416
2026-03-10 03:15:00,119260.52976373416
2026-03-10 03:30:00,119260.52976373416
2026-03-10 03:45:00,119260.52976373416
2026-03-10 04:00:00,119260.52976373416
2026-03-10 04:15:00,119260.52976373416
2026-03-10 04:30:00,119260.52976373416
2026-03-10 04:45:00,119260.52976373416
2026-03-10 05:00:00,119260.52976373416
2026-03-10 05:15:00,119260.52976373416
2026-03-10 05:30:00,119260.52976373416
2026-03-10 05:45:00,119260.52976373416
2026-03-10 06:00:00,119260.52976373416
2026-03-10 06:15:00,119260.52976373416
2026-03-10 06:30:00,119260.52976373416
2026-03-10 06:45:00,119260.52976373416
2026-03-10 07:00:00,119260.52976373416
2026-03-10 07:15:00,119260.52976373416
2026-03-10 07:30:00,119260.52976373416
2026-03-10 07:45:00,119260.52976373416
2026-03-10 08:00:00,119260.52976373416
2026-03-10 08:15:00,119260.52976373416
2026-03-10 08:30:00,119260.52976373416
2026-03-10 08:45:00,119260.52976373416
2026-03-10 09:00:00,119260.52976373416
2026-03-10 09:15:00,119260.52976373416
2026-03-10 09:30:00,119260.52976373416
2026-03-10 09:45:00,119260.52976373416
2026-03-10 10:00:00,119260.52976373416
2026-03-10 10:15:00,119260.52976373416
2026-03-10 10:30:00,119260.52976373416
2026-03-10 10:45:00,119260.52976373416
2026-03-10 11:00:00,119260.52976373416
2026-03-10 11:15:00,119260.52976373416
2026-03-10 11:30:00,119260.52976373416
2026-03-10 11:45:00,119260.52976373416
2026-03-10 12:00:00,119260.52976373416
2026-03-10 12:15:00,119260.52976373416
2026-03-10 12:30:00,119260.52976373416
2026-03-10 12:45:00,119260.52976373416
2026-03-10 13:00:00,119260.52976373416
2026-03-10 13:15:00,119260.52976373416
2026-03-10 13:30:00,119260.52976373416
2026-03-10 13:45:00,119260.52976373416
2026-03-10 14:00:00,119260.52976373416
2026-03-10 14:15:00,119260.52976373416
2026-03-10 14:30:00,119260.52976373416
2026-03-10 14:45:00,119260.52976373416
2026-03-10 15:00:00,119260.52976373416
2026-03-10 15:15:00,119260.52976373416
2026-03-10 15:30:00,119260.52976373416
2026-03-10 15:45:00,119260.52976373416
2026-03-10 16:00:00,119260.52976373416
2026-03-10 16:15:00,119260.52976373416
2026-03-10 16:30:00,119260.52976373416
2026-03-10 16:45:00,119260.52976373416
2026-03-10 17:00:00,119260.52976373416
2026-03-10 17:15:00,119260.52976373416
2026-03-10 17:30:00,119260.52976373416
2026-03-10 17:45:00,119260.52976373416
2026-03-10 18:00:00,119260.52976373416
2026-03-10 18:15:00,119260.52976373416
2026-03-10 18:30:00,119260.52976373416
2026-03-10 18:45:00,119260.52976373416
2026-03-10 19:00:00,119260.52976373416
2026-03-10 19:15:00,119260.52976373416
2026-03-10 19:30:00,119260.52976373416
2026-03-10 19:45:00,119260.52976373416
2026-03-10 20:00:00,119260.52976373416
2026-03-10 20:15:00,119260.52976373416
2026-03-10 20:30:00,119260.52976373416
2026-03-10 20:45:00,119260.52976373416
2026-03-10 21:00:00,119260.52976373416
2026-03-10 21:15:00,119260.52976373416
2026-03-10 21:30:00,119260.52976373416
2026-03-10 21:45:00,119260.52976373416
2026-03-10 22:00:00,119260.52976373416
2026-03-10 22:15:00,119260.52976373416
2026-03-10 22:30:00,119260.52976373416
2026-03-10 22:45:00,119260.52976373416
2026-03-10 23:00:00,119260.52976373416
2026-03-10 23:15:00,119260.52976373416
2026-03-10 23:30:00,119260.52976373416
2026-03-10 23:45:00,119260.52976373416
2026-03-11 01:00:00,119260.52976373416
2026-03-11 01:15:00,119260.52976373416
2026-03-11 01:30:00,119260.52976373416
2026-03-11 01:45:00,119260.52976373416
2026-03-11 02:00:00,119260.52976373416
2026-03-11 02:15:00,119260.52976373416
2026-03-11 02:30:00,119260.52976373416
2026-03-11 02:45:00,119260.52976373416
2026-03-11 03:00:00,119260.52976373416
2026-03-11 03:15:00,119260.52976373416
2026-03-11 03:30:00,119260.52976373416
2026-03-11 03:45:00,119260.52976373416
2026-03-11 04:00:00,119260.52976373416
2026-03-11 04:15:00,119260.52976373416
2026-03-11 04:30:00,119260.52976373416
2026-03-11 04:45:00,119260.52976373416
2026-03-11 05:00:00,119260.52976373416
2026-03-11 05:15:00,119260.52976373416
2026-03-11 05:30:00,119260.52976373416
2026-03-11 05:45:00,119260.52976373416
2026-03-11 06:00:00,119260.52976373416
2026-03-11 06:15:00,119260.52976373416
2026-03-11 06:30:00,119260.52976373416
2026-03-11 06:45:00,119260.52976373416
2026-03-11 07:00:00,119260.52976373416
2026-03-11 07:15:00,119260.52976373416
2026-03-11 07:30:00,119260.52976373416
2026-03-11 07:45:00,119260.52976373416
2026-03-11 08:00:00,119260.52976373416
2026-03-11 08:15:00,119260.52976373416
2026-03-11 08:30:00,119260.52976373416
2026-03-11 08:45:00,119260.52976373416
2026-03-11 09:00:00,119260.52976373416
2026-03-11 09:15:00,119260.52976373416
2026-03-11 09:30:00,119260.52976373416
2026-03-11 09:45:00,119260.52976373416
2026-03-11 10:00:00,119260.52976373416
2026-03-11 10:15:00,119260.52976373416
2026-03-11 10:30:00,119260.52976373416
2026-03-11 10:45:00,119260.52976373416
2026-03-11 11:00:00,119260.52976373416
2026-03-11 11:15:00,119260.52976373416
2026-03-11 11:30:00,119260.52976373416
2026-03-11 11:45:00,119260.52976373416
2026-03-11 12:00:00,119260.52976373416
2026-03-11 12:15:00,119260.52976373416
2026-03-11 12:30:00,119260.52976373416
2026-03-11 12:45:00,119260.52976373416
2026-03-11 13:00:00,119260.52976373416
2026-03-11 13:15:00,119260.52976373416
2026-03-11 13:30:00,119260.52976373416
2026-03-11 13:45:00,119260.52976373416
2026-03-11 14:00:00,119260.52976373416
2026-03-11 14:15:00,119260.52976373416
2026-03-11 14:30:00,119260.52976373416
2026-03-11 14:45:00,119260.52976373416
2026-03-11 15:00:00,119260.52976373416
2026-03-11 15:15:00,119260.52976373416
2026-03-11 15:30:00,119260.52976373416
2026-03-11 15:45:00,119260.52976373416
2026-03-11 16:00:00,119260.52976373416
2026-03-11 16:15:00,119260.52976373416
2026-03-11 16:30:00,119260.52976373416
2026-03-11 16:45:00,119260.52976373416
2026-03-11 17:00:00,119260.52976373416
2026-03-11 17:15:00,119260.52976373416
2026-03-11 17:30:00,119260.52976373416
2026-03-11 17:45:00,119260.52976373416
2026-03-11 18:00:00,119260.52976373416
2026-03-11 18:15:00,119260.52976373416
2026-03-11 18:30:00,119260.52976373416
2026-03-11 18:45:00,119260.52976373416
2026-03-11 19:00:00,119260.52976373416
2026-03-11 19:15:00,119260.52976373416
2026-03-11 19:30:00,119260.52976373416
2026-03-11 19:45:00,119260.52976373416
2026-03-11 20:00:00,119260.52976373416
2026-03-11 20:15:00,119260.52976373416
2026-03-11 20:30:00,119260.52976373416
2026-03-11 20:45:00,119260.52976373416
2026-03-11 21:00:00,119260.52976373416
2026-03-11 21:15:00,119260.52976373416
2026-03-11 21:30:00,119260.52976373416
2026-03-11 21:45:00,119260.52976373416
2026-03-11 22:00:00,119260.52976373416
2026-03-11 22:15:00,119260.52976373416
2026-03-11 22:30:00,119260.52976373416
2026-03-11 22:45:00,119260.52976373416
2026-03-11 23:00:00,119260.52976373416
2026-03-11 23:15:00,119260.52976373416
2026-03-11 23:30:00,119260.52976373416
2026-03-11 23:45:00,119260.52976373416
2026-03-12 01:00:00,119260.52976373416
2026-03-12 01:15:00,119260.52976373416
2026-03-12 01:30:00,119260.52976373416
2026-03-12 01:45:00,119260.52976373416
2026-03-12 02:00:00,119260.52976373416
2026-03-12 02:15:00,119260.52976373416
2026-03-12 02:30:00,119260.52976373416
2026-03-12 02:45:00,119260.52976373416
2026-03-12 03:00:00,119260.52976373416
2026-03-12 03:15:00,119260.52976373416
2026-03-12 03:30:00,119260.52976373416
2026-03-12 03:45:00,119260.52976373416
2026-03-12 04:00:00,119260.52976373416
2026-03-12 04:15:00,119260.52976373416
2026-03-12 04:30:00,119260.52976373416
2026-03-12 04:45:00,119260.52976373416
2026-03-12 05:00:00,119260.52976373416
2026-03-12 05:15:00,119260.52976373416
2026-03-12 05:30:00,119260.52976373416
2026-03-12 05:45:00,119260.52976373416
2026-03-12 06:00:00,119260.52976373416
2026-03-12 06:15:00,119260.52976373416
2026-03-12 06:30:00,119260.52976373416
2026-03-12 06:45:00,119260.52976373416
2026-03-12 07:00:00,119260.52976373416
2026-03-12 07:15:00,119260.52976373416
2026-03-12 07:30:00,119260.52976373416
2026-03-12 07:45:00,119260.52976373416
2026-03-12 08:00:00,119260.52976373416
2026-03-12 08:15:00,119260.52976373416
2026-03-12 08:30:00,119260.52976373416
2026-03-12 08:45:00,119260.52976373416
2026-03-12 09:00:00,119260.52976373416
2026-03-12 09:15:00,119260.52976373416
2026-03-12 09:30:00,119260.52976373416
2026-03-12 09:45:00,119260.52976373416
2026-03-12 10:00:00,119260.52976373416
2026-03-12 10:15:00,119260.52976373416
2026-03-12 10:30:00,119260.52976373416
2026-03-12 10:45:00,119260.52976373416
2026-03-12 11:00:00,119260.52976373416
2026-03-12 11:15:00,119260.52976373416
2026-03-12 11:30:00,119260.52976373416
2026-03-12 11:45:00,119260.52976373416
2026-03-12 12:00:00,119260.52976373416
2026-03-12 12:15:00,119260.52976373416
2026-03-12 12:30:00,119260.52976373416
2026-03-12 12:45:00,119260.52976373416
2026-03-12 13:00:00,119260.52976373416
2026-03-12 13:15:00,119260.52976373416
2026-03-12 13:30:00,119260.52976373416
2026-03-12 13:45:00,119260.52976373416
2026-03-12 14:00:00,119260.52976373416
2026-03-12 14:15:00,119260.52976373416
2026-03-12 14:30:00,119260.52976373416
2026-03-12 14:45:00,119260.52976373416
2026-03-12 15:00:00,119260.52976373416
2026-03-12 15:15:00,119260.52976373416
2026-03-12 15:30:00,119260.52976373416
2026-03-12 15:45:00,119260.52976373416
2026-03-12 16:00:00,119260.52976373416
2026-03-12 16:15:00,119260.52976373416
2026-03-12 16:30:00,119260.52976373416
2026-03-12 16:45:00,119260.52976373416
2026-03-12 17:00:00,119260.52976373416
2026-03-12 17:15:00,119260.52976373416
2026-03-12 17:30:00,119260.52976373416
2026-03-12 17:45:00,119260.52976373416
2026-03-12 18:00:00,119260.52976373416
2026-03-12 18:15:00,119260.52976373416
2026-03-12 18:30:00,119260.52976373416
2026-03-12 18:45:00,119260.52976373416
2026-03-12 19:00:00,119260.52976373416
2026-03-12 19:15:00,119260.52976373416
2026-03-12 19:30:00,119260.52976373416
2026-03-12 19:45:00,119260.52976373416
2026-03-12 20:00:00,119260.52976373416
2026-03-12 20:15:00,119260.52976373416
2026-03-12 20:30:00,119260.52976373416
2026-03-12 20:45:00,119260.52976373416
2026-03-12 21:00:00,119260.52976373416
2026-03-12 21:15:00,119260.52976373416
2026-03-12 21:30:00,119260.52976373416
2026-03-12 21:45:00,119260.52976373416
2026-03-12 22:00:00,119260.52976373416
2026-03-12 22:15:00,119260.52976373416
2026-03-12 22:30:00,119260.52976373416
2026-03-12 22:45:00,119260.52976373416
2026-03-12 23:00:00,119260.52976373416
2026-03-12 23:15:00,119260.52976373416
2026-03-12 23:30:00,119260.52976373416
2026-03-12 23:45:00,119260.52976373416
2026-03-13 01:00:00,119260.52976373416
2026-03-13 01:15:00,119260.52976373416
2026-03-13 01:30:00,119260.52976373416
2026-03-13 01:45:00,119260.52976373416
2026-03-13 02:00:00,119260.52976373416
2026-03-13 02:15:00,119260.52976373416
2026-03-13 02:30:00,119260.52976373416
2026-03-13 02:45:00,119260.52976373416
2026-03-13 03:00:00,119260.52976373416
2026-03-13 03:15:00,119260.52976373416
2026-03-13 03:30:00,119260.52976373416
2026-03-13 03:45:00,119260.52976373416
2026-03-13 04:00:00,119260.52976373416
2026-03-13 04:15:00,119260.52976373416
2026-03-13 04:30:00,119260.52976373416
2026-03-13 04:45:00,119260.52976373416
2026-03-13 05:00:00,119260.52976373416
2026-03-13 05:15:00,119260.52976373416
2026-03-13 05:30:00,119260.52976373416
2026-03-13 05:45:00,119260.52976373416
2026-03-13 06:00:00,119260.52976373416
2026-03-13 06:15:00,119260.52976373416
2026-03-13 06:30:00,119260.52976373416
2026-03-13 06:45:00,119260.52976373416
2026-03-13 07:00:00,119260.52976373416
2026-03-13 07:15:00,119260.52976373416
2026-03-13 07:30:00,119260.52976373416
2026-03-13 07:45:00,119260.52976373416
2026-03-13 08:00:00,119260.52976373416
2026-03-13 08:15:00,119260.52976373416
2026-03-13 08:30:00,119260.52976373416
2026-03-13 08:45:00,119260.52976373416
2026-03-13 09:00:00,119260.52976373416
2026-03-13 09:15:00,119260.52976373416
2026-03-13 09:30:00,119260.52976373416
2026-03-13 09:45:00,119260.52976373416
2026-03-13 10:00:00,119260.52976373416
2026-03-13 10:15:00,119260.52976373416
2026-03-13 10:30:00,119260.52976373416
2026-03-13 10:45:00,119260.52976373416
2026-03-13 11:00:00,119260.52976373416
2026-03-13 11:15:00,119260.52976373416
2026-03-13 11:30:00,119260.52976373416
2026-03-13 11:45:00,119260.52976373416
2026-03-13 12:00:00,119260.52976373416
2026-03-13 12:15:00,119260.52976373416
2026-03-13 12:30:00,119260.52976373416
2026-03-13 12:45:00,119260.52976373416
2026-03-13 13:00:00,119260.52976373416
2026-03-13 13:15:00,119260.52976373416
2026-03-13 13:30:00,119260.52976373416
2026-03-13 13:45:00,119260.52976373416
2026-03-13 14:00:00,119260.52976373416
2026-03-13 14:15:00,119260.52976373416
2026-03-13 14:30:00,119260.52976373416
2026-03-13 14:45:00,119260.52976373416
2026-03-13 15:00:00,119260.52976373416
2026-03-13 15:15:00,119260.52976373416
2026-03-13 15:30:00,119260.52976373416
2026-03-13 15:45:00,119260.52976373416
2026-03-13 16:00:00,119260.52976373416
2026-03-13 16:15:00,119260.52976373416
2026-03-13 16:30:00,119260.52976373416
2026-03-13 16:45:00,119260.52976373416
2026-03-13 17:00:00,119260.52976373416
2026-03-13 17:15:00,119260.52976373416
2026-03-13 17:30:00,119260.52976373416
2026-03-13 17:45:00,119260.52976373416
2026-03-13 18:00:00,119260.52976373416
2026-03-13 18:15:00,119260.52976373416
2026-03-13 18:30:00,119260.52976373416
2026-03-13 18:45:00,119260.52976373416
2026-03-13 19:00:00,119260.52976373416
2026-03-13 19:15:00,119260.52976373416
2026-03-13 19:30:00,119260.52976373416
2026-03-13 19:45:00,119260.52976373416
2026-03-13 20:00:00,119260.52976373416
2026-03-13 20:15:00,119260.52976373416
2026-03-13 20:30:00,119260.52976373416
2026-03-13 20:45:00,119260.52976373416
2026-03-13 21:00:00,119260.52976373416
2026-03-13 21:15:00,119260.52976373416
2026-03-13 21:30:00,119260.52976373416
2026-03-13 21:45:00,119260.52976373416
2026-03-13 22:00:00,119260.52976373416
2026-03-13 22:15:00,119260.52976373416
2026-03-13 22:30:00,119260.52976373416
2026-03-13 22:45:00,119260.52976373416
2026-03-13 23:00:00,119260.52976373416
2026-03-13 23:15:00,119260.52976373416
2026-03-13 23:30:00,119260.52976373416
2026-03-13 23:45:00,119260.52976373416
2026-03-16 01:00:00,119260.52976373416
2026-03-16 01:15:00,119260.52976373416
2026-03-16 01:30:00,119260.52976373416
2026-03-16 01:45:00,119260.52976373416
2026-03-16 02:00:00,119260.52976373416
2026-03-16 02:15:00,119260.52976373416
2026-03-16 02:30:00,119260.52976373416
2026-03-16 02:45:00,119260.52976373416
2026-03-16 03:00:00,119260.52976373416
2026-03-16 03:15:00,119260.52976373416
2026-03-16 03:30:00,119260.52976373416
2026-03-16 03:45:00,119260.52976373416
2026-03-16 04:00:00,119260.52976373416
2026-03-16 04:15:00,119260.52976373416
2026-03-16 04:30:00,119260.52976373416
2026-03-16 04:45:00,119260.52976373416
2026-03-16 05:00:00,119260.52976373416
2026-03-16 05:15:00,119260.52976373416
2026-03-16 05:30:00,119260.52976373416
2026-03-16 05:45:00,119260.52976373416
2026-03-16 06:00:00,119260.52976373416
2026-03-16 06:15:00,119260.52976373416
2026-03-16 06:30:00,119260.52976373416
2026-03-16 06:45:00,119260.52976373416
2026-03-16 07:00:00,119260.52976373416
2026-03-16 07:15:00,119260.52976373416
2026-03-16 07:30:00,119260.52976373416
2026-03-16 07:45:00,119260.52976373416
2026-03-16 08:00:00,119260.52976373416
2026-03-16 08:15:00,119260.52976373416
2026-03-16 08:30:00,119260.52976373416
2026-03-16 08:45:00,119260.52976373416
2026-03-16 09:00:00,119260.52976373416
2026-03-16 09:15:00,119260.52976373416
2026-03-16 09:30:00,119260.52976373416
2026-03-16 09:45:00,119260.52976373416
2026-03-16 10:00:00,119260.52976373416
2026-03-16 10:15:00,119260.52976373416
2026-03-16 10:30:00,119260.52976373416
2026-03-16 10:45:00,119260.52976373416
2026-03-16 11:00:00,119260.52976373416
2026-03-16 11:15:00,119260.52976373416
2026-03-16 11:30:00,119260.52976373416
2026-03-16 11:45:00,119260.52976373416
2026-03-16 12:00:00,119260.52976373416
2026-03-16 12:15:00,119260.52976373416
2026-03-16 12:30:00,119260.52976373416
2026-03-16 12:45:00,119260.52976373416
2026-03-16 13:00:00,119260.52976373416
2026-03-16 13:15:00,119260.52976373416
2026-03-16 13:30:00,119260.52976373416
2026-03-16 13:45:00,119260.52976373416
2026-03-16 14:00:00,119260.52976373416
2026-03-16 14:15:00,119260.52976373416
2026-03-16 14:30:00,119260.52976373416
2026-03-16 14:45:00,119260.52976373416
2026-03-16 15:00:00,119260.52976373416
2026-03-16 15:15:00,119260.52976373416
2026-03-16 15:30:00,119260.52976373416
2026-03-16 15:45:00,119260.52976373416
2026-03-16 16:00:00,119260.52976373416
2026-03-16 16:15:00,119260.52976373416
2026-03-16 16:30:00,119260.52976373416
2026-03-16 16:45:00,119260.52976373416
2026-03-16 17:00:00,119260.52976373416
2026-03-16 17:15:00,119260.52976373416
2026-03-16 17:30:00,119260.52976373416
2026-03-16 17:45:00,119260.52976373416
2026-03-16 18:00:00,119260.52976373416
2026-03-16 18:15:00,119260.52976373416
2026-03-16 18:30:00,119260.52976373416
2026-03-16 18:45:00,119260.52976373416
2026-03-16 19:00:00,119260.52976373416
2026-03-16 19:15:00,119260.52976373416
2026-03-16 19:30:00,119260.52976373416
2026-03-16 19:45:00,119260.52976373416
2026-03-16 20:00:00,119260.52976373416
2026-03-16 20:15:00,119260.52976373416
2026-03-16 20:30:00,119260.52976373416
2026-03-16 20:45:00,119260.52976373416
2026-03-16 21:00:00,119260.52976373416
2026-03-16 21:15:00,119260.52976373416
2026-03-16 21:30:00,119260.52976373416
2026-03-16 21:45:00,119260.52976373416
2026-03-16 22:00:00,119260.52976373416
2026-03-16 22:15:00,119260.52976373416
2026-03-16 22:30:00,119260.52976373416
2026-03-16 22:45:00,119260.52976373416
2026-03-16 23:00:00,119260.52976373416
2026-03-16 23:15:00,119260.52976373416
2026-03-16 23:30:00,119260.52976373416
2026-03-16 23:45:00,119260.52976373416
2026-03-17 01:00:00,119260.52976373416
2026-03-17 01:15:00,119260.52976373416
2026-03-17 01:30:00,119260.52976373416
2026-03-17 01:45:00,119260.52976373416
2026-03-17 02:00:00,119260.52976373416
2026-03-17 02:15:00,119260.52976373416
2026-03-17 02:30:00,119260.52976373416
2026-03-17 02:45:00,119260.52976373416
2026-03-17 03:00:00,119260.52976373416
2026-03-17 03:15:00,119260.52976373416
2026-03-17 03:30:00,119260.52976373416
2026-03-17 03:45:00,119260.52976373416
2026-03-17 04:00:00,119260.52976373416
2026-03-17 04:15:00,119260.52976373416
2026-03-17 04:30:00,119260.52976373416
2026-03-17 04:45:00,119260.52976373416
2026-03-17 05:00:00,119260.52976373416
2026-03-17 05:15:00,119260.52976373416
2026-03-17 05:30:00,119260.52976373416
2026-03-17 05:45:00,119260.52976373416
2026-03-17 06:00:00,119260.52976373416
2026-03-17 06:15:00,119260.52976373416
2026-03-17 06:30:00,119260.52976373416
2026-03-17 06:45:00,119260.52976373416
2026-03-17 07:00:00,119260.52976373416
2026-03-17 07:15:00,119260.52976373416
2026-03-17 07:30:00,119260.52976373416
2026-03-17 07:45:00,119260.52976373416
2026-03-17 08:00:00,119260.52976373416
2026-03-17 08:15:00,119260.52976373416
2026-03-17 08:30:00,119260.52976373416
2026-03-17 08:45:00,119260.52976373416
2026-03-17 09:00:00,119260.52976373416
2026-03-17 09:15:00,119260.52976373416
2026-03-17 09:30:00,119260.52976373416
2026-03-17 09:45:00,119260.52976373416
2026-03-17 10:00:00,119260.52976373416
2026-03-17 10:15:00,119260.52976373416
2026-03-17 10:30:00,119260.52976373416
2026-03-17 10:45:00,119260.52976373416
2026-03-17 11:00:00,119260.52976373416
2026-03-17 11:15:00,119260.52976373416
2026-03-17 11:30:00,119260.52976373416
2026-03-17 11:45:00,119260.52976373416
2026-03-17 12:00:00,119260.52976373416
2026-03-17 12:15:00,119260.52976373416
2026-03-17 12:30:00,119260.52976373416
2026-03-17 12:45:00,119260.52976373416
2026-03-17 13:00:00,119260.52976373416
2026-03-17 13:15:00,119260.52976373416
2026-03-17 13:30:00,119260.52976373416
2026-03-17 13:45:00,119260.52976373416
2026-03-17 14:00:00,119260.52976373416
2026-03-17 14:15:00,119260.52976373416
2026-03-17 14:30:00,119260.52976373416
2026-03-17 14:45:00,119260.52976373416
2026-03-17 15:00:00,119260.52976373416
2026-03-17 15:15:00,119260.52976373416
2026-03-17 15:30:00,119260.52976373416
2026-03-17 15:45:00,119260.52976373416
2026-03-17 16:00:00,119260.52976373416
2026-03-17 16:15:00,119260.52976373416
2026-03-17 16:30:00,119260.52976373416
2026-03-17 16:45:00,119260.52976373416
2026-03-17 17:00:00,119260.52976373416
2026-03-17 17:15:00,119260.52976373416
2026-03-17 17:30:00,119260.52976373416
2026-03-17 17:45:00,119260.52976373416
2026-03-17 18:00:00,119260.52976373416
2026-03-17 18:15:00,119260.52976373416
2026-03-17 18:30:00,119260.52976373416
2026-03-17 18:45:00,119260.52976373416
2026-03-17 19:00:00,119260.52976373416
2026-03-17 19:15:00,119260.52976373416
2026-03-17 19:30:00,119260.52976373416
2026-03-17 19:45:00,119260.52976373416
2026-03-17 20:00:00,119260.52976373416
2026-03-17 20:15:00,119260.52976373416
2026-03-17 20:30:00,119260.52976373416
2026-03-17 20:45:00,119260.52976373416
2026-03-17 21:00:00,119260.52976373416
2026-03-17 21:15:00,119260.52976373416
2026-03-17 21:30:00,119260.52976373416
2026-03-17 21:45:00,119260.52976373416
2026-03-17 22:00:00,119260.52976373416
2026-03-17 22:15:00,119260.52976373416
2026-03-17 22:30:00,119260.52976373416
2026-03-17 22:45:00,119260.52976373416
2026-03-17 23:00:00,119260.52976373416
2026-03-17 23:15:00,119260.52976373416
2026-03-17 23:30:00,119260.52976373416
2026-03-17 23:45:00,119260.52976373416
2026-03-18 01:00:00,119260.52976373416
2026-03-18 01:15:00,119260.52976373416
2026-03-18 01:30:00,119260.52976373416
2026-03-18 01:45:00,119260.52976373416
2026-03-18 02:00:00,119260.52976373416
2026-03-18 02:15:00,119260.52976373416
2026-03-18 02:30:00,119260.52976373416
2026-03-18 02:45:00,119260.52976373416
2026-03-18 03:00:00,119260.52976373416
2026-03-18 03:15:00,119260.52976373416
2026-03-18 03:30:00,119260.52976373416
2026-03-18 03:45:00,119260.52976373416
2026-03-18 04:00:00,119260.52976373416
2026-03-18 04:15:00,119260.52976373416
2026-03-18 04:30:00,119260.52976373416
2026-03-18 04:45:00,119260.52976373416
2026-03-18 05:00:00,119260.52976373416
2026-03-18 05:15:00,119260.52976373416
2026-03-18 05:30:00,119260.52976373416
2026-03-18 05:45:00,119260.52976373416
2026-03-18 06:00:00,119260.52976373416
2026-03-18 06:15:00,119260.52976373416
2026-03-18 06:30:00,119260.52976373416
2026-03-18 06:45:00,119260.52976373416
2026-03-18 07:00:00,119260.52976373416
2026-03-18 07:15:00,119260.52976373416
2026-03-18 07:30:00,119260.52976373416
2026-03-18 07:45:00,119260.52976373416
2026-03-18 08:00:00,119260.52976373416
2026-03-18 08:15:00,119260.52976373416
2026-03-18 08:30:00,119260.52976373416
2026-03-18 08:45:00,119260.52976373416
2026-03-18 09:00:00,119260.52976373416
2026-03-18 09:15:00,119260.52976373416
2026-03-18 09:30:00,119260.52976373416
2026-03-18 09:45:00,119260.52976373416
2026-03-18 10:00:00,119260.52976373416
2026-03-18 10:15:00,119260.52976373416
2026-03-18 10:30:00,119260.52976373416
2026-03-18 10:45:00,119260.52976373416
2026-03-18 11:00:00,119260.52976373416
2026-03-18 11:15:00,119260.52976373416
2026-03-18 11:30:00,119260.52976373416
2026-03-18 11:45:00,119260.52976373416
2026-03-18 12:00:00,119260.52976373416
2026-03-18 12:15:00,119260.52976373416
2026-03-18 12:30:00,119260.52976373416
2026-03-18 12:45:00,119260.52976373416
2026-03-18 13:00:00,119260.52976373416
2026-03-18 13:15:00,119260.52976373416
2026-03-18 13:30:00,119260.52976373416
2026-03-18 13:45:00,119260.52976373416
2026-03-18 14:00:00,119260.52976373416
2026-03-18 14:15:00,119260.52976373416
2026-03-18 14:30:00,119260.52976373416
2026-03-18 14:45:00,119260.52976373416
2026-03-18 15:00:00,119260.52976373416
2026-03-18 15:15:00,119260.52976373416
2026-03-18 15:30:00,119260.52976373416
2026-03-18 15:45:00,119260.52976373416
2026-03-18 16:00:00,119260.52976373416
2026-03-18 16:15:00,119260.52976373416
2026-03-18 16:30:00,119260.52976373416
2026-03-18 16:45:00,119260.52976373416
2026-03-18 17:00:00,119260.52976373416
2026-03-18 17:15:00,119260.52976373416
2026-03-18 17:30:00,119260.52976373416
2026-03-18 17:45:00,119260.52976373416
2026-03-18 18:00:00,119260.52976373416
2026-03-18 18:15:00,119260.52976373416
2026-03-18 18:30:00,119260.52976373416
2026-03-18 18:45:00,119260.52976373416
2026-03-18 19:00:00,119260.52976373416
2026-03-18 19:15:00,119260.52976373416
2026-03-18 19:30:00,119260.52976373416
2026-03-18 19:45:00,119260.52976373416
2026-03-18 20:00:00,119260.52976373416
2026-03-18 20:15:00,119260.52976373416
2026-03-18 20:30:00,119260.52976373416
2026-03-18 20:45:00,119260.52976373416
2026-03-18 21:00:00,119260.52976373416
2026-03-18 21:15:00,119260.52976373416
2026-03-18 21:30:00,119260.52976373416
2026-03-18 21:45:00,119260.52976373416
2026-03-18 22:00:00,119260.52976373416
2026-03-18 22:15:00,119260.52976373416
2026-03-18 22:30:00,119260.52976373416
2026-03-18 22:45:00,119260.52976373416
2026-03-18 23:00:00,119260.52976373416
2026-03-18 23:15:00,119260.52976373416
2026-03-18 23:30:00,119260.52976373416
2026-03-18 23:45:00,119260.52976373416
2026-03-19 01:00:00,119260.52976373416
2026-03-19 01:15:00,119260.52976373416
2026-03-19 01:30:00,119260.52976373416
2026-03-19 01:45:00,119260.52976373416
2026-03-19 02:00:00,119260.52976373416
2026-03-19 02:15:00,119260.52976373416
2026-03-19 02:30:00,119260.52976373416
2026-03-19 02:45:00,119260.52976373416
2026-03-19 03:00:00,119260.52976373416
2026-03-19 03:15:00,119260.52976373416
2026-03-19 03:30:00,119260.52976373416
2026-03-19 03:45:00,119260.52976373416
2026-03-19 04:00:00,119260.52976373416
2026-03-19 04:15:00,119260.52976373416
2026-03-19 04:30:00,119260.52976373416
2026-03-19 04:45:00,119260.52976373416
2026-03-19 05:00:00,119260.52976373416
2026-03-19 05:15:00,119260.52976373416
2026-03-19 05:30:00,119260.52976373416
2026-03-19 05:45:00,119260.52976373416
2026-03-19 06:00:00,119260.52976373416
2026-03-19 06:15:00,119260.52976373416
2026-03-19 06:30:00,119260.52976373416
2026-03-19 06:45:00,119260.52976373416
2026-03-19 07:00:00,119260.52976373416
2026-03-19 07:15:00,119260.52976373416
2026-03-19 07:30:00,119260.52976373416
2026-03-19 07:45:00,119260.52976373416
2026-03-19 08:00:00,119260.52976373416
2026-03-19 08:15:00,119260.52976373416
2026-03-19 08:30:00,119260.52976373416
2026-03-19 08:45:00,119260.52976373416
2026-03-19 09:00:00,119260.52976373416
2026-03-19 09:15:00,119260.52976373416
2026-03-19 09:30:00,119260.52976373416
2026-03-19 09:45:00,119260.52976373416
2026-03-19 10:00:00,119260.52976373416
2026-03-19 10:15:00,119260.52976373416
2026-03-19 10:30:00,119260.52976373416
2026-03-19 10:45:00,119260.52976373416
2026-03-19 11:00:00,119260.52976373416
2026-03-19 11:15:00,119260.52976373416
2026-03-19 11:30:00,119260.52976373416
2026-03-19 11:45:00,119260.52976373416
2026-03-19 12:00:00,119260.52976373416
2026-03-19 12:15:00,119260.52976373416
2026-03-19 12:30:00,119260.52976373416
2026-03-19 12:45:00,119260.52976373416
2026-03-19 13:00:00,119260.52976373416
2026-03-19 13:15:00,119260.52976373416
2026-03-19 13:30:00,119260.52976373416
2026-03-19 13:45:00,119260.52976373416
2026-03-19 14:00:00,119260.52976373416
2026-03-19 14:15:00,119260.52976373416
2026-03-19 14:30:00,119260.52976373416
2026-03-19 14:45:00,119260.52976373416
2026-03-19 15:00:00,119260.52976373416
2026-03-19 15:15:00,119260.52976373416
2026-03-19 15:30:00,119260.52976373416
2026-03-19 15:45:00,119260.52976373416
2026-03-19 16:00:00,119260.52976373416
2026-03-19 16:15:00,119260.52976373416
2026-03-19 16:30:00,119260.52976373416
2026-03-19 16:45:00,119260.52976373416
2026-03-19 17:00:00,119260.52976373416
2026-03-19 17:15:00,119260.52976373416
2026-03-19 17:30:00,119260.52976373416
2026-03-19 17:45:00,119260.52976373416
2026-03-19 18:00:00,119260.52976373416
2026-03-19 18:15:00,119260.52976373416
2026-03-19 18:30:00,119260.52976373416
2026-03-19 18:45:00,119260.52976373416
2026-03-19 19:00:00,119260.52976373416
2026-03-19 19:15:00,119260.52976373416
2026-03-19 19:30:00,119260.52976373416
2026-03-19 19:45:00,119260.52976373416
2026-03-19 20:00:00,119260.52976373416
2026-03-19 20:15:00,119260.52976373416
2026-03-19 20:30:00,119260.52976373416
2026-03-19 20:45:00,119260.52976373416
2026-03-19 21:00:00,119260.52976373416
2026-03-19 21:15:00,119260.52976373416
2026-03-19 21:30:00,119260.52976373416
2026-03-19 21:45:00,119260.52976373416
2026-03-19 22:00:00,119260.52976373416
2026-03-19 22:15:00,119260.52976373416
2026-03-19 22:30:00,119260.52976373416
2026-03-19 22:45:00,119260.52976373416
2026-03-19 23:00:00,119260.52976373416
2026-03-19 23:15:00,119260.52976373416
2026-03-19 23:30:00,119260.52976373416
2026-03-19 23:45:00,119260.52976373416
2026-03-20 01:00:00,119260.52976373416
2026-03-20 01:15:00,119260.52976373416
2026-03-20 01:30:00,119260.52976373416
2026-03-20 01:45:00,119260.52976373416
2026-03-20 02:00:00,119260.52976373416
2026-03-20 02:15:00,119260.52976373416
2026-03-20 02:30:00,119260.52976373416
2026-03-20 02:45:00,119260.52976373416
2026-03-20 03:00:00,119260.52976373416
2026-03-20 03:15:00,119260.52976373416
2026-03-20 03:30:00,119260.52976373416
2026-03-20 03:45:00,119260.52976373416
2026-03-20 04:00:00,119260.52976373416
2026-03-20 04:15:00,119260.52976373416
2026-03-20 04:30:00,119260.52976373416
2026-03-20 04:45:00,119260.52976373416
2026-03-20 05:00:00,119260.52976373416
2026-03-20 05:15:00,119260.52976373416
2026-03-20 05:30:00,119260.52976373416
2026-03-20 05:45:00,119260.52976373416
2026-03-20 06:00:00,119260.52976373416
2026-03-20 06:15:00,119260.52976373416
2026-03-20 06:30:00,119260.52976373416
2026-03-20 06:45:00,119260.52976373416
2026-03-20 07:00:00,119260.52976373416
2026-03-20 07:15:00,119260.52976373416
2026-03-20 07:30:00,119260.52976373416
2026-03-20 07:45:00,119260.52976373416
2026-03-20 08:00:00,119260.52976373416
2026-03-20 08:15:00,119260.52976373416
2026-03-20 08:30:00,119260.52976373416
2026-03-20 08:45:00,119260.52976373416
2026-03-20 09:00:00,119260.52976373416
2026-03-20 09:15:00,119260.52976373416
2026-03-20 09:30:00,119260.52976373416
2026-03-20 09:45:00,119260.52976373416
2026-03-20 10:00:00,119260.52976373416
2026-03-20 10:15:00,119260.52976373416
2026-03-20 10:30:00,119260.52976373416
2026-03-20 10:45:00,119260.52976373416
2026-03-20 11:00:00,119260.52976373416
2026-03-20 11:15:00,119260.52976373416
2026-03-20 11:30:00,119260.52976373416
2026-03-20 11:45:00,119260.52976373416
2026-03-20 12:00:00,119260.52976373416
2026-03-20 12:15:00,119260.52976373416
2026-03-20 12:30:00,119260.52976373416
2026-03-20 12:45:00,119260.52976373416
2026-03-20 13:00:00,119260.52976373416
2026-03-20 13:15:00,119260.52976373416
2026-03-20 13:30:00,119260.52976373416
2026-03-20 13:45:00,119260.52976373416
2026-03-20 14:00:00,119260.52976373416
2026-03-20 14:15:00,119260.52976373416
2026-03-20 14:30:00,119260.52976373416
2026-03-20 14:45:00,119260.52976373416
2026-03-20 15:00:00,119260.52976373416
2026-03-20 15:15:00,119260.52976373416
2026-03-20 15:30:00,119260.52976373416
2026-03-20 15:45:00,119260.52976373416
2026-03-20 16:00:00,119260.52976373416
2026-03-20 16:15:00,119260.52976373416
2026-03-20 16:30:00,119260.52976373416
2026-03-20 16:45:00,119260.52976373416
2026-03-20 17:00:00,119260.52976373416
2026-03-20 17:15:00,119260.52976373416
2026-03-20 17:30:00,119260.52976373416
2026-03-20 17:45:00,119260.52976373416
2026-03-20 18:00:00,119260.52976373416
2026-03-20 18:15:00,119260.52976373416
2026-03-20 18:30:00,119260.52976373416
2026-03-20 18:45:00,119260.52976373416
2026-03-20 19:00:00,119260.52976373416
2026-03-20 19:15:00,119260.52976373416
2026-03-20 19:30:00,119260.52976373416
2026-03-20 19:45:00,119260.52976373416
2026-03-20 20:00:00,119260.52976373416
2026-03-20 20:15:00,119260.52976373416
2026-03-20 20:30:00,119260.52976373416
2026-03-20 20:45:00,119260.52976373416
2026-03-20 21:00:00,119260.52976373416
2026-03-20 21:15:00,119260.52976373416
2026-03-20 21:30:00,119260.52976373416
2026-03-20 21:45:00,119260.52976373416
2026-03-20 22:00:00,119260.52976373416
2026-03-20 22:15:00,119260.52976373416
2026-03-20 22:30:00,119260.52976373416
2026-03-20 22:45:00,119260.52976373416
2026-03-20 23:00:00,119260.52976373416
2026-03-20 23:15:00,119260.52976373416
2026-03-20 23:30:00,119260.52976373416
2026-03-20 23:45:00,119260.52976373416
2026-03-23 01:00:00,119260.52976373416
2026-03-23 01:15:00,119260.52976373416
2026-03-23 01:30:00,119260.52976373416
2026-03-23 01:45:00,119260.52976373416
2026-03-23 02:00:00,119260.52976373416
2026-03-23 02:15:00,119260.52976373416
2026-03-23 02:30:00,119260.52976373416
2026-03-23 02:45:00,119260.52976373416
2026-03-23 03:00:00,119260.52976373416
2026-03-23 03:15:00,119260.52976373416
2026-03-23 03:30:00,119260.52976373416
2026-03-23 03:45:00,119260.52976373416
2026-03-23 04:00:00,119260.52976373416
2026-03-23 04:15:00,119260.52976373416
2026-03-23 04:30:00,119260.52976373416
2026-03-23 04:45:00,119260.52976373416
2026-03-23 05:00:00,119260.52976373416
2026-03-23 05:15:00,119260.52976373416
2026-03-23 05:30:00,119260.52976373416
2026-03-23 05:45:00,119260.52976373416
2026-03-23 06:00:00,119260.52976373416
2026-03-23 06:15:00,119260.52976373416
2026-03-23 06:30:00,119260.52976373416
2026-03-23 06:45:00,119260.52976373416
2026-03-23 07:00:00,119260.52976373416
2026-03-23 07:15:00,119260.52976373416
2026-03-23 07:30:00,119260.52976373416
2026-03-23 07:45:00,119260.52976373416
2026-03-23 08:00:00,119260.52976373416
2026-03-23 08:15:00,119260.52976373416
2026-03-23 08:30:00,119260.52976373416
2026-03-23 08:45:00,119260.52976373416
2026-03-23 09:00:00,119260.52976373416
2026-03-23 09:15:00,119260.52976373416
2026-03-23 09:30:00,119260.52976373416
2026-03-23 09:45:00,119260.52976373416
2026-03-23 10:00:00,119260.52976373416
2026-03-23 10:15:00,119260.52976373416
2026-03-23 10:30:00,119260.52976373416
2026-03-23 10:45:00,119260.52976373416
2026-03-23 11:00:00,119260.52976373416
2026-03-23 11:15:00,119260.52976373416
2026-03-23 11:30:00,119260.52976373416
2026-03-23 11:45:00,119260.52976373416
2026-03-23 12:00:00,119260.52976373416
2026-03-23 12:15:00,119260.52976373416
2026-03-23 12:30:00,119260.52976373416
2026-03-23 12:45:00,119260.52976373416
2026-03-23 13:00:00,119260.52976373416
2026-03-23 13:15:00,119260.52976373416
2026-03-23 13:30:00,119260.52976373416
2026-03-23 13:45:00,119260.52976373416
2026-03-23 14:00:00,119260.52976373416
2026-03-23 14:15:00,119260.52976373416
2026-03-23 14:30:00,119260.52976373416
2026-03-23 14:45:00,119260.52976373416
2026-03-23 15:00:00,119260.52976373416
2026-03-23 15:15:00,119260.52976373416
2026-03-23 15:30:00,119260.52976373416
2026-03-23 15:45:00,119260.52976373416
2026-03-23 16:00:00,119260.52976373416
2026-03-23 16:15:00,119260.52976373416
2026-03-23 16:30:00,119260.52976373416
2026-03-23 16:45:00,119260.52976373416
2026-03-23 17:00:00,119260.52976373416
2026-03-23 17:15:00,119260.52976373416
2026-03-23 17:30:00,119260.52976373416
2026-03-23 17:45:00,119260.52976373416
2026-03-23 18:00:00,119260.52976373416
2026-03-23 18:15:00,119260.52976373416
2026-03-23 18:30:00,119260.52976373416
2026-03-23 18:45:00,119260.52976373416
2026-03-23 19:00:00,119260.52976373416
2026-03-23 19:15:00,119260.52976373416
2026-03-23 19:30:00,119260.52976373416
2026-03-23 19:45:00,119260.52976373416
2026-03-23 20:00:00,119260.52976373416
2026-03-23 20:15:00,119260.52976373416
2026-03-23 20:30:00,119260.52976373416
2026-03-23 20:45:00,119260.52976373416
2026-03-23 21:00:00,119260.52976373416
2026-03-23 21:15:00,119260.52976373416
2026-03-23 21:30:00,119260.52976373416
2026-03-23 21:45:00,119260.52976373416
2026-03-23 22:00:00,119260.52976373416
2026-03-23 22:15:00,119260.52976373416
2026-03-23 22:30:00,119260.52976373416
2026-03-23 22:45:00,119260.52976373416
2026-03-23 23:00:00,119260.52976373416
2026-03-23 23:15:00,119260.52976373416
2026-03-23 23:30:00,119260.52976373416
2026-03-23 23:45:00,119260.52976373416
2026-03-24 01:00:00,119260.52976373416
2026-03-24 01:15:00,119260.52976373416
2026-03-24 01:30:00,119260.52976373416
2026-03-24 01:45:00,119260.52976373416
2026-03-24 02:00:00,119260.52976373416
2026-03-24 02:15:00,119260.52976373416
2026-03-24 02:30:00,119260.52976373416
2026-03-24 02:45:00,119260.52976373416
2026-03-24 03:00:00,119260.52976373416
2026-03-24 03:15:00,119260.52976373416
2026-03-24 03:30:00,119260.52976373416
2026-03-24 03:45:00,119260.52976373416
2026-03-24 04:00:00,119260.52976373416
2026-03-24 04:15:00,119260.52976373416
2026-03-24 04:30:00,119260.52976373416
2026-03-24 04:45:00,119260.52976373416
2026-03-24 05:00:00,119260.52976373416
2026-03-24 05:15:00,119260.52976373416
2026-03-24 05:30:00,119260.52976373416
2026-03-24 05:45:00,119260.52976373416
2026-03-24 06:00:00,119260.52976373416
2026-03-24 06:15:00,119260.52976373416
2026-03-24 06:30:00,119260.52976373416
2026-03-24 06:45:00,119260.52976373416
2026-03-24 07:00:00,119260.52976373416
2026-03-24 07:15:00,119260.52976373416
2026-03-24 07:30:00,119260.52976373416
2026-03-24 07:45:00,119260.52976373416
2026-03-24 08:00:00,119260.52976373416
2026-03-24 08:15:00,119260.52976373416
2026-03-24 08:30:00,119260.52976373416
2026-03-24 08:45:00,119260.52976373416
2026-03-24 09:00:00,119260.52976373416
2026-03-24 09:15:00,119260.52976373416
2026-03-24 09:30:00,119260.52976373416
2026-03-24 09:45:00,119260.52976373416
2026-03-24 10:00:00,119260.52976373416
2026-03-24 10:15:00,119260.52976373416
2026-03-24 10:30:00,119260.52976373416
2026-03-24 10:45:00,119260.52976373416
2026-03-24 11:00:00,119260.52976373416
2026-03-24 11:15:00,119260.52976373416
2026-03-24 11:30:00,119260.52976373416
2026-03-24 11:45:00,119260.52976373416
2026-03-24 12:00:00,119260.52976373416
2026-03-24 12:15:00,119260.52976373416
2026-03-24 12:30:00,119260.52976373416
2026-03-24 12:45:00,119260.52976373416
2026-03-24 13:00:00,119260.52976373416
2026-03-24 13:15:00,119260.52976373416
2026-03-24 13:30:00,119260.52976373416
2026-03-24 13:45:00,119260.52976373416
2026-03-24 14:00:00,119260.52976373416
2026-03-24 14:15:00,119260.52976373416
2026-03-24 14:30:00,119260.52976373416
2026-03-24 14:45:00,119260.52976373416
2026-03-24 15:00:00,119260.52976373416
2026-03-24 15:15:00,119260.52976373416
2026-03-24 15:30:00,119260.52976373416
2026-03-24 15:45:00,119260.52976373416
2026-03-24 16:00:00,119260.52976373416
2026-03-24 16:15:00,119260.52976373416
2026-03-24 16:30:00,119260.52976373416
2026-03-24 16:45:00,119260.52976373416
2026-03-24 17:00:00,119260.52976373416
2026-03-24 17:15:00,119260.52976373416
2026-03-24 17:30:00,119260.52976373416
2026-03-24 17:45:00,119260.52976373416
2026-03-24 18:00:00,119260.52976373416
2026-03-24 18:15:00,119260.52976373416
2026-03-24 18:30:00,119260.52976373416
2026-03-24 18:45:00,119260.52976373416
2026-03-24 19:00:00,119260.52976373416
2026-03-24 19:15:00,119260.52976373416
2026-03-24 19:30:00,119260.52976373416
2026-03-24 19:45:00,119260.52976373416
2026-03-24 20:00:00,119260.52976373416
2026-03-24 20:15:00,119260.52976373416
2026-03-24 20:30:00,119260.52976373416
2026-03-24 20:45:00,119260.52976373416
2026-03-24 21:00:00,119260.52976373416
2026-03-24 21:15:00,119260.52976373416
2026-03-24 21:30:00,119260.52976373416
2026-03-24 21:45:00,119260.52976373416
2026-03-24 22:00:00,119260.52976373416
2026-03-24 22:15:00,119260.52976373416
2026-03-24 22:30:00,119260.52976373416
2026-03-24 22:45:00,119260.52976373416
2026-03-24 23:00:00,119260.52976373416
2026-03-24 23:15:00,119260.52976373416
2026-03-24 23:30:00,119260.52976373416
2026-03-24 23:45:00,119260.52976373416
2026-03-25 01:00:00,119260.52976373416
2026-03-25 01:15:00,119260.52976373416
2026-03-25 01:30:00,119260.52976373416
2026-03-25 01:45:00,119260.52976373416
2026-03-25 02:00:00,119260.52976373416
2026-03-25 02:15:00,119260.52976373416
2026-03-25 02:30:00,119260.52976373416
2026-03-25 02:45:00,119260.52976373416
2026-03-25 03:00:00,119260.52976373416
2026-03-25 03:15:00,119260.52976373416
2026-03-25 03:30:00,119260.52976373416
2026-03-25 03:45:00,119260.52976373416
2026-03-25 04:00:00,119260.52976373416
2026-03-25 04:15:00,119260.52976373416
2026-03-25 04:30:00,119260.52976373416
2026-03-25 04:45:00,119260.52976373416
2026-03-25 05:00:00,119260.52976373416
2026-03-25 05:15:00,119260.52976373416
2026-03-25 05:30:00,119260.52976373416
2026-03-25 05:45:00,119260.52976373416
2026-03-25 06:00:00,119260.52976373416
2026-03-25 06:15:00,119260.52976373416
2026-03-25 06:30:00,119260.52976373416
2026-03-25 06:45:00,119260.52976373416
2026-03-25 07:00:00,119260.52976373416
2026-03-25 07:15:00,119260.52976373416
2026-03-25 07:30:00,119260.52976373416
2026-03-25 07:45:00,119260.52976373416
2026-03-25 08:00:00,119260.52976373416
2026-03-25 08:15:00,119260.52976373416
2026-03-25 08:30:00,119260.52976373416
2026-03-25 08:45:00,119260.52976373416
2026-03-25 09:00:00,119260.52976373416
2026-03-25 09:15:00,119260.52976373416
2026-03-25 09:30:00,119260.52976373416
2026-03-25 09:45:00,119260.52976373416
2026-03-25 10:00:00,119260.52976373416
2026-03-25 10:15:00,119260.52976373416
2026-03-25 10:30:00,119260.52976373416
2026-03-25 10:45:00,119260.52976373416
2026-03-25 11:00:00,119260.52976373416
2026-03-25 11:15:00,119260.52976373416
2026-03-25 11:30:00,119260.52976373416
2026-03-25 11:45:00,119260.52976373416
2026-03-25 12:00:00,119260.52976373416
2026-03-25 12:15:00,119260.52976373416
2026-03-25 12:30:00,119260.52976373416
2026-03-25 12:45:00,119260.52976373416
2026-03-25 13:00:00,119260.52976373416
2026-03-25 13:15:00,119260.52976373416
2026-03-25 13:30:00,119260.52976373416
2026-03-25 13:45:00,119260.52976373416
2026-03-25 14:00:00,119260.52976373416
2026-03-25 14:15:00,119260.52976373416
2026-03-25 14:30:00,119260.52976373416
2026-03-25 14:45:00,119260.52976373416
2026-03-25 15:00:00,119260.52976373416
2026-03-25 15:15:00,119260.52976373416
2026-03-25 15:30:00,119260.52976373416
2026-03-25 15:45:00,119260.52976373416
2026-03-25 16:00:00,119260.52976373416
2026-03-25 16:15:00,119260.52976373416
2026-03-25 16:30:00,119260.52976373416
2026-03-25 16:45:00,119260.52976373416
2026-03-25 17:00:00,119260.52976373416
2026-03-25 17:15:00,119260.52976373416
2026-03-25 17:30:00,119260.52976373416
2026-03-25 17:45:00,119260.52976373416
2026-03-25 18:00:00,119260.52976373416
2026-03-25 18:15:00,119260.52976373416
2026-03-25 18:30:00,119260.52976373416
2026-03-25 18:45:00,119260.52976373416
2026-03-25 19:00:00,119260.52976373416
2026-03-25 19:15:00,119260.52976373416
2026-03-25 19:30:00,119260.52976373416
2026-03-25 19:45:00,119260.52976373416
2026-03-25 20:00:00,119260.52976373416
2026-03-25 20:15:00,119260.52976373416
2026-03-25 20:30:00,119260.52976373416
2026-03-25 20:45:00,119260.52976373416
2026-03-25 21:00:00,119260.52976373416
2026-03-25 21:15:00,119260.52976373416
2026-03-25 21:30:00,119260.52976373416
2026-03-25 21:45:00,119260.52976373416
2026-03-25 22:00:00,119260.52976373416
2026-03-25 22:15:00,119260.52976373416
2026-03-25 22:30:00,119260.52976373416
2026-03-25 22:45:00,119260.52976373416
2026-03-25 23:00:00,119260.52976373416
2026-03-25 23:15:00,119260.52976373416
2026-03-25 23:30:00,119260.52976373416
2026-03-25 23:45:00,119260.52976373416
2026-03-26 01:00:00,119260.52976373416
2026-03-26 01:15:00,119260.52976373416
2026-03-26 01:30:00,119260.52976373416
2026-03-26 01:45:00,119260.52976373416
2026-03-26 02:00:00,119260.52976373416
2026-03-26 02:15:00,119260.52976373416
2026-03-26 02:30:00,119260.52976373416
2026-03-26 02:45:00,119260.52976373416
2026-03-26 03:00:00,119260.52976373416
2026-03-26 03:15:00,119260.52976373416
2026-03-26 03:30:00,119260.52976373416
2026-03-26 03:45:00,119260.52976373416
2026-03-26 04:00:00,119260.52976373416
2026-03-26 04:15:00,119260.52976373416
2026-03-26 04:30:00,119260.52976373416
2026-03-26 04:45:00,119260.52976373416
2026-03-26 05:00:00,119260.52976373416
2026-03-26 05:15:00,119260.52976373416
2026-03-26 05:30:00,119260.52976373416
2026-03-26 05:45:00,119260.52976373416
2026-03-26 06:00:00,119260.52976373416
2026-03-26 06:15:00,119260.52976373416
2026-03-26 06:30:00,119260.52976373416
2026-03-26 06:45:00,119260.52976373416
2026-03-26 07:00:00,119260.52976373416
2026-03-26 07:15:00,119260.52976373416
2026-03-26 07:30:00,119260.52976373416
2026-03-26 07:45:00,119260.52976373416
2026-03-26 08:00:00,119260.52976373416
2026-03-26 08:15:00,119260.52976373416
2026-03-26 08:30:00,119260.52976373416
2026-03-26 08:45:00,119260.52976373416
2026-03-26 09:00:00,119260.52976373416
2026-03-26 09:15:00,119260.52976373416
2026-03-26 09:30:00,119260.52976373416
2026-03-26 09:45:00,119260.52976373416
2026-03-26 10:00:00,119260.52976373416
2026-03-26 10:15:00,119260.52976373416
2026-03-26 10:30:00,119260.52976373416
2026-03-26 10:45:00,119260.52976373416
2026-03-26 11:00:00,119260.52976373416
2026-03-26 11:15:00,119260.52976373416
2026-03-26 11:30:00,119260.52976373416
2026-03-26 11:45:00,119260.52976373416
2026-03-26 12:00:00,119260.52976373416
2026-03-26 12:15:00,119260.52976373416
2026-03-26 12:30:00,119260.52976373416
2026-03-26 12:45:00,119260.52976373416
2026-03-26 13:00:00,119260.52976373416
2026-03-26 13:15:00,119260.52976373416
2026-03-26 13:30:00,119260.52976373416
2026-03-26 13:45:00,119260.52976373416
2026-03-26 14:00:00,119260.52976373416
2026-03-26 14:15:00,119260.52976373416
2026-03-26 14:30:00,119260.52976373416
2026-03-26 14:45:00,119260.52976373416
2026-03-26 15:00:00,119260.52976373416
2026-03-26 15:15:00,119260.52976373416
2026-03-26 15:30:00,119260.52976373416
2026-03-26 15:45:00,119260.52976373416
2026-03-26 16:00:00,119260.52976373416
2026-03-26 16:15:00,119260.52976373416
2026-03-26 16:30:00,119260.52976373416
2026-03-26 16:45:00,119260.52976373416
2026-03-26 17:00:00,119260.52976373416
2026-03-26 17:15:00,119260.52976373416
2026-03-26 17:30:00,119260.52976373416
2026-03-26 17:45:00,119260.52976373416
2026-03-26 18:00:00,119260.52976373416
2026-03-26 18:15:00,119260.52976373416
2026-03-26 18:30:00,119260.52976373416
2026-03-26 18:45:00,119260.52976373416
2026-03-26 19:00:00,119260.52976373416
2026-03-26 19:15:00,119260.52976373416
2026-03-26 19:30:00,119260.52976373416
2026-03-26 19:45:00,119260.52976373416
2026-03-26 20:00:00,119260.52976373416
2026-03-26 20:15:00,119260.52976373416
2026-03-26 20:30:00,119260.52976373416
2026-03-26 20:45:00,119260.52976373416
2026-03-26 21:00:00,119260.52976373416
2026-03-26 21:15:00,119260.52976373416
2026-03-26 21:30:00,119260.52976373416
2026-03-26 21:45:00,119260.52976373416
2026-03-26 22:00:00,119260.52976373416
2026-03-26 22:15:00,119260.52976373416
2026-03-26 22:30:00,119260.52976373416
2026-03-26 22:45:00,119260.52976373416
2026-03-26 23:00:00,119260.52976373416
2026-03-26 23:15:00,119260.52976373416
2026-03-26 23:30:00,119260.52976373416
2026-03-26 23:45:00,119260.52976373416
2026-03-27 01:00:00,119260.52976373416
2026-03-27 01:15:00,119260.52976373416
2026-03-27 01:30:00,119260.52976373416
2026-03-27 01:45:00,119260.52976373416
2026-03-27 02:00:00,119260.52976373416
2026-03-27 02:15:00,119260.52976373416
2026-03-27 02:30:00,119260.52976373416
2026-03-27 02:45:00,119260.52976373416
2026-03-27 03:00:00,119260.52976373416
2026-03-27 03:15:00,119260.52976373416
2026-03-27 03:30:00,119260.52976373416
2026-03-27 03:45:00,119260.52976373416
2026-03-27 04:00:00,119260.52976373416
2026-03-27 04:15:00,119260.52976373416
2026-03-27 04:30:00,119260.52976373416
2026-03-27 04:45:00,119260.52976373416
2026-03-27 05:00:00,119260.52976373416
2026-03-27 05:15:00,119260.52976373416
2026-03-27 05:30:00,119260.52976373416
2026-03-27 05:45:00,119260.52976373416
2026-03-27 06:00:00,119260.52976373416
2026-03-27 06:15:00,119260.52976373416
2026-03-27 06:30:00,119260.52976373416
2026-03-27 06:45:00,119260.52976373416
2026-03-27 07:00:00,119260.52976373416
2026-03-27 07:15:00,119260.52976373416
2026-03-27 07:30:00,119260.52976373416
2026-03-27 07:45:00,119260.52976373416
2026-03-27 08:00:00,119260.52976373416
2026-03-27 08:15:00,119260.52976373416
2026-03-27 08:30:00,119260.52976373416
2026-03-27 08:45:00,119260.52976373416
2026-03-27 09:00:00,119260.52976373416
2026-03-27 09:15:00,119260.52976373416
2026-03-27 09:30:00,119260.52976373416
2026-03-27 09:45:00,119260.52976373416
2026-03-27 10:00:00,119260.52976373416
2026-03-27 10:15:00,119260.52976373416
2026-03-27 10:30:00,119260.52976373416
2026-03-27 10:45:00,119260.52976373416
2026-03-27 11:00:00,119260.52976373416
2026-03-27 11:15:00,119260.52976373416
2026-03-27 11:30:00,119260.52976373416
2026-03-27 11:45:00,119260.52976373416
2026-03-27 12:00:00,119260.52976373416
2026-03-27 12:15:00,119260.52976373416
2026-03-27 12:30:00,119260.52976373416
2026-03-27 12:45:00,119260.52976373416
2026-03-27 13:00:00,119260.52976373416
2026-03-27 13:15:00,119260.52976373416
2026-03-27 13:30:00,119260.52976373416
2026-03-27 13:45:00,119260.52976373416
2026-03-27 14:00:00,119260.52976373416
2026-03-27 14:15:00,119260.52976373416
2026-03-27 14:30:00,119260.52976373416
2026-03-27 14:45:00,119260.52976373416
2026-03-27 15:00:00,119260.52976373416
2026-03-27 15:15:00,119260.52976373416
2026-03-27 15:30:00,119260.52976373416
2026-03-27 15:45:00,119260.52976373416
2026-03-27 16:00:00,119260.52976373416
2026-03-27 16:15:00,119260.52976373416
2026-03-27 16:30:00,119260.52976373416
2026-03-27 16:45:00,119260.52976373416
2026-03-27 17:00:00,119260.52976373416
2026-03-27 17:15:00,119260.52976373416
2026-03-27 17:30:00,119260.52976373416
2026-03-27 17:45:00,119260.52976373416
2026-03-27 18:00:00,119260.52976373416
2026-03-27 18:15:00,119260.52976373416
2026-03-27 18:30:00,119260.52976373416
2026-03-27 18:45:00,119260.52976373416
2026-03-27 19:00:00,119260.52976373416
2026-03-27 19:15:00,119260.52976373416
2026-03-27 19:30:00,119260.52976373416
2026-03-27 19:45:00,119260.52976373416
2026-03-27 20:00:00,119260.52976373416
2026-03-27 20:15:00,119260.52976373416
2026-03-27 20:30:00,119260.52976373416
2026-03-27 20:45:00,119260.52976373416
2026-03-27 21:00:00,119260.52976373416
2026-03-27 21:15:00,119260.52976373416
2026-03-27 21:30:00,119260.52976373416
2026-03-27 21:45:00,119260.52976373416
2026-03-27 22:00:00,119260.52976373416
2026-03-27 22:15:00,119260.52976373416
2026-03-27 22:30:00,119260.52976373416
2026-03-27 22:45:00,119260.52976373416
2026-03-27 23:00:00,119260.52976373416
2026-03-27 23:15:00,119260.52976373416
2026-03-27 23:30:00,119260.52976373416
2026-03-27 23:45:00,119260.52976373416
2026-03-30 01:00:00,119260.52976373416
2026-03-30 01:15:00,119260.52976373416
2026-03-30 01:30:00,119260.52976373416
2026-03-30 01:45:00,119260.52976373416
2026-03-30 02:00:00,119260.52976373416
2026-03-30 02:15:00,119260.52976373416
2026-03-30 02:30:00,119260.52976373416
2026-03-30 02:45:00,119260.52976373416
2026-03-30 03:00:00,119260.52976373416
2026-03-30 03:15:00,119260.52976373416
2026-03-30 03:30:00,119260.52976373416
2026-03-30 03:45:00,119260.52976373416
2026-03-30 04:00:00,119260.52976373416
2026-03-30 04:15:00,119260.52976373416
2026-03-30 04:30:00,119260.52976373416
2026-03-30 04:45:00,119260.52976373416
2026-03-30 05:00:00,119260.52976373416
2026-03-30 05:15:00,119260.52976373416
2026-03-30 05:30:00,119260.52976373416
2026-03-30 05:45:00,119260.52976373416
2026-03-30 06:00:00,119260.52976373416
2026-03-30 06:15:00,119260.52976373416
2026-03-30 06:30:00,119260.52976373416
2026-03-30 06:45:00,119260.52976373416
2026-03-30 07:00:00,119260.52976373416
2026-03-30 07:15:00,119260.52976373416
2026-03-30 07:30:00,119260.52976373416
2026-03-30 07:45:00,119260.52976373416
2026-03-30 08:00:00,119260.52976373416
2026-03-30 08:15:00,119260.52976373416
2026-03-30 08:30:00,119260.52976373416
2026-03-30 08:45:00,119260.52976373416
2026-03-30 09:00:00,119260.52976373416
2026-03-30 09:15:00,119260.52976373416
2026-03-30 09:30:00,119260.52976373416
2026-03-30 09:45:00,119260.52976373416
2026-03-30 10:00:00,119260.52976373416
2026-03-30 10:15:00,119260.52976373416
2026-03-30 10:30:00,119260.52976373416
2026-03-30 10:45:00,119260.52976373416
2026-03-30 11:00:00,119260.52976373416
2026-03-30 11:15:00,119260.52976373416
2026-03-30 11:30:00,119260.52976373416
2026-03-30 11:45:00,119260.52976373416
2026-03-30 12:00:00,119260.52976373416
2026-03-30 12:15:00,119260.52976373416
2026-03-30 12:30:00,119260.52976373416
2026-03-30 12:45:00,119260.52976373416
2026-03-30 13:00:00,119260.52976373416
2026-03-30 13:15:00,119260.52976373416
2026-03-30 13:30:00,119260.52976373416
2026-03-30 13:45:00,119260.52976373416
2026-03-30 14:00:00,119260.52976373416
2026-03-30 14:15:00,119260.52976373416
2026-03-30 14:30:00,119260.52976373416
2026-03-30 14:45:00,119260.52976373416
2026-03-30 15:00:00,119260.52976373416
2026-03-30 15:15:00,119260.52976373416
2026-03-30 15:30:00,119260.52976373416
2026-03-30 15:45:00,119260.52976373416
2026-03-30 16:00:00,119260.52976373416
2026-03-30 16:15:00,119260.52976373416
2026-03-30 16:30:00,119260.52976373416
2026-03-30 16:45:00,119260.52976373416
2026-03-30 17:00:00,119260.52976373416
2026-03-30 17:15:00,119260.52976373416
2026-03-30 17:30:00,119260.52976373416
2026-03-30 17:45:00,119260.52976373416
2026-03-30 18:00:00,119260.52976373416
2026-03-30 18:15:00,119260.52976373416
2026-03-30 18:30:00,119260.52976373416
2026-03-30 18:45:00,119260.52976373416
2026-03-30 19:00:00,119260.52976373416
2026-03-30 19:15:00,119260.52976373416
2026-03-30 19:30:00,119260.52976373416
2026-03-30 19:45:00,119260.52976373416
2026-03-30 20:00:00,119260.52976373416
2026-03-30 20:15:00,119260.52976373416
2026-03-30 20:30:00,119260.52976373416
2026-03-30 20:45:00,119260.52976373416
2026-03-30 21:00:00,119260.52976373416
2026-03-30 21:15:00,119260.52976373416
2026-03-30 21:30:00,119260.52976373416
2026-03-30 21:45:00,119260.52976373416
2026-03-30 22:00:00,119260.52976373416
2026-03-30 22:15:00,119260.52976373416
2026-03-30 22:30:00,119260.52976373416
2026-03-30 22:45:00,119260.52976373416
2026-03-30 23:00:00,119260.52976373416
2026-03-30 23:15:00,119260.52976373416
2026-03-30 23:30:00,119260.52976373416
2026-03-30 23:45:00,119260.52976373416
2026-03-31 01:00:00,119260.52976373416
2026-03-31 01:15:00,119260.52976373416
2026-03-31 01:30:00,119260.52976373416
2026-03-31 01:45:00,119260.52976373416
2026-03-31 02:00:00,119260.52976373416
2026-03-31 02:15:00,119260.52976373416
2026-03-31 02:30:00,119260.52976373416
2026-03-31 02:45:00,119260.52976373416
2026-03-31 03:00:00,119260.52976373416
2026-03-31 03:15:00,119260.52976373416
2026-03-31 03:30:00,119260.52976373416
2026-03-31 03:45:00,119260.52976373416
2026-03-31 04:00:00,119260.52976373416
2026-03-31 04:15:00,119260.52976373416
2026-03-31 04:30:00,119260.52976373416
2026-03-31 04:45:00,119260.52976373416
2026-03-31 05:00:00,119260.52976373416
2026-03-31 05:15:00,119260.52976373416
2026-03-31 05:30:00,119260.52976373416
2026-03-31 05:45:00,119260.52976373416
2026-03-31 06:00:00,119260.52976373416
2026-03-31 06:15:00,119260.52976373416
2026-03-31 06:30:00,119260.52976373416
2026-03-31 06:45:00,119260.52976373416
2026-03-31 07:00:00,119260.52976373416
2026-03-31 07:15:00,119260.52976373416
2026-03-31 07:30:00,119260.52976373416
2026-03-31 07:45:00,119260.52976373416
2026-03-31 08:00:00,119260.52976373416
2026-03-31 08:15:00,119260.52976373416
2026-03-31 08:30:00,119260.52976373416
2026-03-31 08:45:00,119260.52976373416
2026-03-31 09:00:00,119260.52976373416
2026-03-31 09:15:00,119260.52976373416
2026-03-31 09:30:00,119260.52976373416
2026-03-31 09:45:00,119260.52976373416
2026-03-31 10:00:00,119260.52976373416
2026-03-31 10:15:00,119260.52976373416
2026-03-31 10:30:00,119260.52976373416
2026-03-31 10:45:00,119260.52976373416
2026-03-31 11:00:00,119260.52976373416
2026-03-31 11:15:00,119260.52976373416
2026-03-31 11:30:00,119260.52976373416
2026-03-31 11:45:00,119260.52976373416
2026-03-31 12:00:00,119260.52976373416
2026-03-31 12:15:00,119260.52976373416
2026-03-31 12:30:00,119260.52976373416
2026-03-31 12:45:00,119260.52976373416
2026-03-31 13:00:00,119260.52976373416
2026-03-31 13:15:00,119260.52976373416
2026-03-31 13:30:00,119260.52976373416
2026-03-31 13:45:00,119260.52976373416
2026-03-31 14:00:00,119260.52976373416
2026-03-31 14:15:00,119260.52976373416
2026-03-31 14:30:00,119260.52976373416
2026-03-31 14:45:00,119260.52976373416
2026-03-31 15:00:00,119260.52976373416
2026-03-31 15:15:00,119260.52976373416
2026-03-31 15:30:00,119260.52976373416
2026-03-31 15:45:00,119260.52976373416
2026-03-31 16:00:00,119260.52976373416
2026-03-31 16:15:00,119260.52976373416
2026-03-31 16:30:00,119260.52976373416
2026-03-31 16:45:00,119260.52976373416
2026-03-31 17:00:00,119260.52976373416
2026-03-31 17:15:00,119260.52976373416
2026-03-31 17:30:00,119260.52976373416
2026-03-31 17:45:00,119260.52976373416
2026-03-31 18:00:00,119260.52976373416
2026-03-31 18:15:00,119260.52976373416
2026-03-31 18:30:00,119260.52976373416
2026-03-31 18:45:00,119260.52976373416
2026-03-31 19:00:00,119260.52976373416
2026-03-31 19:15:00,119260.52976373416
2026-03-31 19:30:00,119260.52976373416
2026-03-31 19:45:00,119260.52976373416
2026-03-31 20:00:00,119260.52976373416
2026-03-31 20:15:00,119260.52976373416
2026-03-31 20:30:00,119260.52976373416
2026-03-31 20:45:00,119260.52976373416
2026-03-31 21:00:00,119260.52976373416
2026-03-31 21:15:00,119260.52976373416
2026-03-31 21:30:00,119260.52976373416
2026-03-31 21:45:00,119260.52976373416
2026-03-31 22:00:00,119260.52976373416
2026-03-31 22:15:00,119260.52976373416
2026-03-31 22:30:00,119260.52976373416
2026-03-31 22:45:00,119260.52976373416
2026-03-31 23:00:00,119260.52976373416
2026-03-31 23:15:00,119260.52976373416
2026-03-31 23:30:00,119260.52976373416
2026-03-31 23:45:00,119260.52976373416
2026-04-01 01:00:00,119260.52976373416
2026-04-01 01:15:00,119260.52976373416
2026-04-01 01:30:00,119260.52976373416
2026-04-01 01:45:00,119260.52976373416
2026-04-01 02:00:00,119260.52976373416
2026-04-01 02:15:00,119260.52976373416
2026-04-01 02:30:00,119260.52976373416
2026-04-01 02:45:00,119260.52976373416
2026-04-01 03:00:00,119260.52976373416
2026-04-01 03:15:00,119260.52976373416
2026-04-01 03:30:00,119260.52976373416
2026-04-01 03:45:00,119260.52976373416
2026-04-01 04:00:00,119260.52976373416
2026-04-01 04:15:00,119260.52976373416
2026-04-01 04:30:00,119260.52976373416
2026-04-01 04:45:00,119260.52976373416
2026-04-01 05:00:00,119260.52976373416
2026-04-01 05:15:00,119260.52976373416
2026-04-01 05:30:00,119260.52976373416
2026-04-01 05:45:00,119260.52976373416
2026-04-01 06:00:00,119260.52976373416
2026-04-01 06:15:00,119260.52976373416
2026-04-01 06:30:00,119260.52976373416
2026-04-01 06:45:00,119260.52976373416
2026-04-01 07:00:00,119260.52976373416
2026-04-01 07:15:00,119260.52976373416
2026-04-01 07:30:00,119260.52976373416
2026-04-01 07:45:00,119260.52976373416
2026-04-01 08:00:00,119260.52976373416
2026-04-01 08:15:00,119260.52976373416
2026-04-01 08:30:00,119260.52976373416
2026-04-01 08:45:00,119260.52976373416
2026-04-01 09:00:00,119260.52976373416
2026-04-01 09:15:00,119260.52976373416
2026-04-01 09:30:00,119260.52976373416
2026-04-01 09:45:00,119260.52976373416
2026-04-01 10:00:00,119260.52976373416
2026-04-01 10:15:00,119260.52976373416
2026-04-01 10:30:00,119260.52976373416
2026-04-01 10:45:00,119260.52976373416
2026-04-01 11:00:00,119260.52976373416
2026-04-01 11:15:00,119260.52976373416
2026-04-01 11:30:00,119260.52976373416
2026-04-01 11:45:00,119260.52976373416
2026-04-01 12:00:00,119260.52976373416
2026-04-01 12:15:00,119260.52976373416
2026-04-01 12:30:00,119260.52976373416
2026-04-01 12:45:00,119260.52976373416
2026-04-01 13:00:00,119260.52976373416
2026-04-01 13:15:00,119260.52976373416
2026-04-01 13:30:00,119260.52976373416
2026-04-01 13:45:00,119260.52976373416
2026-04-01 14:00:00,119260.52976373416
2026-04-01 14:15:00,119260.52976373416
2026-04-01 14:30:00,119260.52976373416
2026-04-01 14:45:00,119260.52976373416
2026-04-01 15:00:00,119260.52976373416
2026-04-01 15:15:00,119260.52976373416
2026-04-01 15:30:00,119260.52976373416
2026-04-01 15:45:00,119260.52976373416
2026-04-01 16:00:00,119260.52976373416
2026-04-01 16:15:00,119260.52976373416
2026-04-01 16:30:00,119260.52976373416
2026-04-01 16:45:00,119260.52976373416
2026-04-01 17:00:00,119260.52976373416
2026-04-01 17:15:00,119260.52976373416
2026-04-01 17:30:00,119260.52976373416
2026-04-01 17:45:00,119260.52976373416
2026-04-01 18:00:00,119260.52976373416
2026-04-01 18:15:00,119260.52976373416
2026-04-01 18:30:00,119260.52976373416
2026-04-01 18:45:00,119260.52976373416
2026-04-01 19:00:00,119260.52976373416
2026-04-01 19:15:00,119260.52976373416
2026-04-01 19:30:00,119260.52976373416
2026-04-01 19:45:00,119260.52976373416
2026-04-01 20:00:00,119260.52976373416
2026-04-01 20:15:00,119260.52976373416
2026-04-01 20:30:00,119260.52976373416
2026-04-01 20:45:00,119260.52976373416
2026-04-01 21:00:00,119260.52976373416
2026-04-01 21:15:00,119260.52976373416
2026-04-01 21:30:00,119260.52976373416
2026-04-01 21:45:00,119260.52976373416
2026-04-01 22:00:00,119260.52976373416
2026-04-01 22:15:00,119260.52976373416
2026-04-01 22:30:00,119260.52976373416
2026-04-01 22:45:00,119260.52976373416
2026-04-01 23:00:00,119260.52976373416
2026-04-01 23:15:00,119260.52976373416
2026-04-01 23:30:00,119260.52976373416
2026-04-01 23:45:00,119260.52976373416
2026-04-02 01:00:00,119260.52976373416
2026-04-02 01:15:00,119260.52976373416
2026-04-02 01:30:00,119260.52976373416
2026-04-02 01:45:00,119260.52976373416
2026-04-02 02:00:00,119260.52976373416
2026-04-02 02:15:00,119260.52976373416
2026-04-02 02:30:00,119260.52976373416
2026-04-02 02:45:00,119260.52976373416
2026-04-02 03:00:00,119260.52976373416
2026-04-02 03:15:00,119260.52976373416
2026-04-02 03:30:00,119260.52976373416
2026-04-02 03:45:00,119260.52976373416
2026-04-02 04:00:00,119260.52976373416
2026-04-02 04:15:00,119260.52976373416
2026-04-02 04:30:00,119260.52976373416
2026-04-02 04:45:00,119260.52976373416
2026-04-02 05:00:00,119260.52976373416
2026-04-02 05:15:00,119260.52976373416
2026-04-02 05:30:00,119260.52976373416
2026-04-02 05:45:00,119260.52976373416
2026-04-02 06:00:00,119260.52976373416
2026-04-02 06:15:00,119260.52976373416
2026-04-02 06:30:00,119260.52976373416
2026-04-02 06:45:00,119260.52976373416
2026-04-02 07:00:00,119260.52976373416
2026-04-02 07:15:00,119260.52976373416
2026-04-02 07:30:00,119260.52976373416
2026-04-02 07:45:00,119260.52976373416
2026-04-02 08:00:00,119260.52976373416
2026-04-02 08:15:00,119260.52976373416
2026-04-02 08:30:00,119260.52976373416
2026-04-02 08:45:00,119260.52976373416
2026-04-02 09:00:00,119260.52976373416
2026-04-02 09:15:00,119260.52976373416
2026-04-02 09:30:00,119260.52976373416
2026-04-02 09:45:00,119260.52976373416
2026-04-02 10:00:00,119260.52976373416
2026-04-02 10:15:00,119260.52976373416
2026-04-02 10:30:00,119260.52976373416
2026-04-02 10:45:00,119260.52976373416
2026-04-02 11:00:00,119260.52976373416
2026-04-02 11:15:00,119260.52976373416
2026-04-02 11:30:00,119260.52976373416
2026-04-02 11:45:00,119260.52976373416
2026-04-02 12:00:00,119260.52976373416
2026-04-02 12:15:00,119260.52976373416
2026-04-02 12:30:00,119260.52976373416
2026-04-02 12:45:00,119260.52976373416
2026-04-02 13:00:00,119260.52976373416
2026-04-02 13:15:00,119260.52976373416
2026-04-02 13:30:00,119260.52976373416
2026-04-02 13:45:00,119260.52976373416
2026-04-02 14:00:00,119260.52976373416
2026-04-02 14:15:00,119260.52976373416
2026-04-02 14:30:00,119260.52976373416
2026-04-02 14:45:00,119260.52976373416
2026-04-02 15:00:00,119260.52976373416
2026-04-02 15:15:00,119260.52976373416
2026-04-02 15:30:00,119260.52976373416
2026-04-02 15:45:00,119260.52976373416
2026-04-02 16:00:00,119260.52976373416
2026-04-02 16:15:00,119260.52976373416
2026-04-02 16:30:00,119260.52976373416
2026-04-02 16:45:00,119260.52976373416
2026-04-02 17:00:00,119260.52976373416
2026-04-02 17:15:00,119260.52976373416
2026-04-02 17:30:00,119260.52976373416
2026-04-02 17:45:00,119260.52976373416
2026-04-02 18:00:00,119260.52976373416
2026-04-02 18:15:00,119260.52976373416
2026-04-02 18:30:00,119260.52976373416
2026-04-02 18:45:00,119260.52976373416
2026-04-02 19:00:00,119260.52976373416
2026-04-02 19:15:00,119260.52976373416
2026-04-02 19:30:00,119260.52976373416
2026-04-02 19:45:00,119260.52976373416
2026-04-02 20:00:00,119260.52976373416
2026-04-02 20:15:00,119260.52976373416
2026-04-02 20:30:00,119260.52976373416
2026-04-02 20:45:00,119260.52976373416
2026-04-02 21:00:00,119260.52976373416
2026-04-02 21:15:00,119260.52976373416
2026-04-02 21:30:00,119260.52976373416
2026-04-02 21:45:00,119260.52976373416
2026-04-02 22:00:00,119260.52976373416
2026-04-02 22:15:00,119260.52976373416
2026-04-02 22:30:00,119260.52976373416
2026-04-02 22:45:00,119260.52976373416
2026-04-02 23:00:00,119260.52976373416
2026-04-02 23:15:00,119260.52976373416
2026-04-02 23:30:00,119260.52976373416
2026-04-02 23:45:00,119260.52976373416
2026-04-03 01:00:00,119260.52976373416
2026-04-03 01:15:00,119260.52976373416
2026-04-03 01:30:00,119260.52976373416
2026-04-03 01:45:00,119260.52976373416
2026-04-03 02:00:00,119260.52976373416
2026-04-03 02:15:00,119260.52976373416
2026-04-03 02:30:00,119260.52976373416
2026-04-03 02:45:00,119260.52976373416
2026-04-03 03:00:00,119260.52976373416
2026-04-03 03:15:00,119260.52976373416
2026-04-03 03:30:00,119260.52976373416
2026-04-03 03:45:00,119260.52976373416
2026-04-03 04:00:00,119260.52976373416
2026-04-03 04:15:00,119260.52976373416
2026-04-03 04:30:00,119260.52976373416
2026-04-03 04:45:00,119260.52976373416
2026-04-03 05:00:00,119260.52976373416
2026-04-03 05:15:00,119260.52976373416
2026-04-03 05:30:00,119260.52976373416
2026-04-03 05:45:00,119260.52976373416
2026-04-03 06:00:00,119260.52976373416
2026-04-03 06:15:00,119260.52976373416
2026-04-03 06:30:00,119260.52976373416
2026-04-03 06:45:00,119260.52976373416
2026-04-03 07:00:00,119260.52976373416
2026-04-03 07:15:00,119260.52976373416
2026-04-03 07:30:00,119260.52976373416
2026-04-03 07:45:00,119260.52976373416
2026-04-03 08:00:00,119260.52976373416
2026-04-03 08:15:00,119260.52976373416
2026-04-03 08:30:00,119260.52976373416
2026-04-03 08:45:00,119260.52976373416
2026-04-03 09:00:00,119260.52976373416
2026-04-03 09:15:00,119260.52976373416
2026-04-03 09:30:00,119260.52976373416
2026-04-03 09:45:00,119260.52976373416
2026-04-03 10:00:00,119260.52976373416
2026-04-03 10:15:00,119260.52976373416
2026-04-03 10:30:00,119260.52976373416
2026-04-03 10:45:00,119260.52976373416
2026-04-03 11:00:00,119260.52976373416
2026-04-03 11:15:00,119260.52976373416
2026-04-03 11:30:00,119260.52976373416
2026-04-03 11:45:00,119260.52976373416
2026-04-03 12:00:00,119260.52976373416
2026-04-03 12:15:00,119260.52976373416
2026-04-03 12:30:00,119260.52976373416
2026-04-03 12:45:00,119260.52976373416
2026-04-03 13:00:00,119260.52976373416
2026-04-03 13:15:00,119260.52976373416
2026-04-03 13:30:00,119260.52976373416
2026-04-03 13:45:00,119260.52976373416
2026-04-03 14:00:00,119260.52976373416
2026-04-03 14:15:00,119260.52976373416
2026-04-03 14:30:00,119260.52976373416
2026-04-03 14:45:00,119260.52976373416
2026-04-03 15:00:00,119260.52976373416
2026-04-03 15:15:00,119260.52976373416
2026-04-03 15:30:00,119260.52976373416
2026-04-03 15:45:00,119260.52976373416
2026-04-03 16:00:00,119260.52976373416
2026-04-03 16:15:00,119260.52976373416
2026-04-06 01:00:00,119260.52976373416
2026-04-06 01:15:00,119260.52976373416
2026-04-06 01:30:00,119260.52976373416
2026-04-06 01:45:00,119260.52976373416
2026-04-06 02:00:00,119260.52976373416
2026-04-06 02:15:00,119260.52976373416
2026-04-06 02:30:00,119260.52976373416
2026-04-06 02:45:00,119260.52976373416
2026-04-06 03:00:00,119260.52976373416
2026-04-06 03:15:00,119260.52976373416
2026-04-06 03:30:00,119260.52976373416
2026-04-06 03:45:00,119260.52976373416
2026-04-06 04:00:00,119260.52976373416
2026-04-06 04:15:00,119260.52976373416
2026-04-06 04:30:00,119260.52976373416
2026-04-06 04:45:00,119260.52976373416
2026-04-06 05:00:00,119260.52976373416
2026-04-06 05:15:00,119260.52976373416
2026-04-06 05:30:00,119260.52976373416
2026-04-06 05:45:00,119260.52976373416
2026-04-06 06:00:00,119260.52976373416
2026-04-06 06:15:00,119260.52976373416
2026-04-06 06:30:00,119260.52976373416
2026-04-06 06:45:00,119260.52976373416
2026-04-06 07:00:00,119260.52976373416
2026-04-06 07:15:00,119260.52976373416
2026-04-06 07:30:00,119260.52976373416
2026-04-06 07:45:00,119260.52976373416
2026-04-06 08:00:00,119260.52976373416
2026-04-06 08:15:00,119260.52976373416
2026-04-06 08:30:00,119260.52976373416
2026-04-06 08:45:00,119260.52976373416
2026-04-06 09:00:00,119260.52976373416
2026-04-06 09:15:00,119260.52976373416
2026-04-06 09:30:00,119260.52976373416
2026-04-06 09:45:00,119260.52976373416
2026-04-06 10:00:00,119260.52976373416
2026-04-06 10:15:00,119260.52976373416
2026-04-06 10:30:00,119260.52976373416
2026-04-06 10:45:00,119260.52976373416
2026-04-06 11:00:00,119260.52976373416
2026-04-06 11:15:00,119260.52976373416
2026-04-06 11:30:00,119260.52976373416
2026-04-06 11:45:00,119260.52976373416
2026-04-06 12:00:00,119260.52976373416
2026-04-06 12:15:00,119260.52976373416
2026-04-06 12:30:00,119260.52976373416
2026-04-06 12:45:00,119260.52976373416
2026-04-06 13:00:00,119260.52976373416
2026-04-06 13:15:00,119260.52976373416
2026-04-06 13:30:00,119260.52976373416
2026-04-06 13:45:00,119260.52976373416
2026-04-06 14:00:00,119260.52976373416
2026-04-06 14:15:00,119260.52976373416
2026-04-06 14:30:00,119260.52976373416
2026-04-06 14:45:00,119260.52976373416
2026-04-06 15:00:00,119260.52976373416
2026-04-06 15:15:00,119260.52976373416
2026-04-06 15:30:00,119260.52976373416
2026-04-06 15:45:00,119260.52976373416
2026-04-06 16:00:00,119260.52976373416
2026-04-06 16:15:00,119260.52976373416
2026-04-06 16:30:00,119260.52976373416
2026-04-06 16:45:00,119260.52976373416
2026-04-06 17:00:00,119260.52976373416
2026-04-06 17:15:00,119260.52976373416
2026-04-06 17:30:00,119260.52976373416
2026-04-06 17:45:00,119260.52976373416
2026-04-06 18:00:00,119260.52976373416
2026-04-06 18:15:00,119260.52976373416
2026-04-06 18:30:00,119260.52976373416
2026-04-06 18:45:00,119260.52976373416
2026-04-06 19:00:00,119260.52976373416
2026-04-06 19:15:00,119260.52976373416
2026-04-06 19:30:00,119260.52976373416
2026-04-06 19:45:00,119260.52976373416
2026-04-06 20:00:00,119260.52976373416
2026-04-06 20:15:00,119260.52976373416
2026-04-06 20:30:00,119260.52976373416
2026-04-06 20:45:00,119260.52976373416
2026-04-06 21:00:00,119260.52976373416
2026-04-06 21:15:00,119260.52976373416
2026-04-06 21:30:00,119260.52976373416
2026-04-06 21:45:00,119260.52976373416
2026-04-06 22:00:00,119260.52976373416
2026-04-06 22:15:00,119260.52976373416
2026-04-06 22:30:00,119260.52976373416
2026-04-06 22:45:00,119260.52976373416
2026-04-06 23:00:00,119260.52976373416
2026-04-06 23:15:00,119260.52976373416
2026-04-06 23:30:00,119260.52976373416
2026-04-06 23:45:00,119260.52976373416
2026-04-07 01:00:00,119260.52976373416
2026-04-07 01:15:00,119260.52976373416
2026-04-07 01:30:00,119260.52976373416
2026-04-07 01:45:00,119260.52976373416
2026-04-07 02:00:00,119260.52976373416
2026-04-07 02:15:00,119260.52976373416
2026-04-07 03:00:00,119260.52976373416
2026-04-07 03:15:00,119260.52976373416
2026-04-07 03:30:00,119260.52976373416
2026-04-07 03:45:00,119260.52976373416
2026-04-07 04:00:00,119260.52976373416
2026-04-07 04:15:00,119260.52976373416
2026-04-07 04:30:00,119260.52976373416
2026-04-07 04:45:00,119260.52976373416
2026-04-07 05:00:00,119260.52976373416
2026-04-07 05:15:00,119260.52976373416
2026-04-07 05:30:00,119260.52976373416
2026-04-07 05:45:00,119260.52976373416
2026-04-07 06:00:00,119260.52976373416
2026-04-07 06:15:00,119260.52976373416
2026-04-07 06:30:00,119260.52976373416
2026-04-07 06:45:00,119260.52976373416
2026-04-07 07:00:00,119260.52976373416
2026-04-07 07:15:00,119260.52976373416
2026-04-07 07:30:00,119260.52976373416
2026-04-07 07:45:00,119260.52976373416
2026-04-07 08:00:00,119260.52976373416
2026-04-07 08:15:00,119260.52976373416
2026-04-07 08:30:00,119260.52976373416
2026-04-07 08:45:00,119260.52976373416
2026-04-07 09:00:00,119260.52976373416
2026-04-07 09:15:00,119260.52976373416
2026-04-07 09:30:00,119260.52976373416
2026-04-07 09:45:00,119260.52976373416
2026-04-07 10:00:00,119260.52976373416
2026-04-07 10:15:00,119260.52976373416
2026-04-07 10:30:00,119260.52976373416
2026-04-07 10:45:00,119260.52976373416
2026-04-07 11:00:00,119260.52976373416
2026-04-07 11:15:00,119260.52976373416
2026-04-07 11:30:00,119260.52976373416
2026-04-07 11:45:00,119260.52976373416
2026-04-07 12:00:00,119260.52976373416
2026-04-07 12:15:00,119260.52976373416
2026-04-07 12:30:00,119260.52976373416
2026-04-07 12:45:00,119260.52976373416
2026-04-07 13:00:00,119260.52976373416
2026-04-07 13:15:00,119260.52976373416
2026-04-07 13:30:00,119260.52976373416
2026-04-07 13:45:00,119260.52976373416
2026-04-07 14:00:00,119260.52976373416
2026-04-07 14:15:00,119260.52976373416
2026-04-07 14:30:00,119260.52976373416
2026-04-07 14:45:00,119260.52976373416
2026-04-07 15:00:00,119260.52976373416
2026-04-07 15:15:00,119260.52976373416
2026-04-07 15:30:00,119260.52976373416
2026-04-07 15:45:00,119260.52976373416
2026-04-07 16:00:00,119260.52976373416
2026-04-07 16:15:00,119260.52976373416
2026-04-07 16:30:00,119260.52976373416
2026-04-07 16:45:00,119260.52976373416
2026-04-07 17:00:00,119260.52976373416
2026-04-07 17:15:00,119260.52976373416
2026-04-07 17:30:00,119260.52976373416
2026-04-07 17:45:00,119260.52976373416
2026-04-07 18:00:00,119260.52976373416
2026-04-07 18:15:00,119260.52976373416
2026-04-07 18:30:00,119260.52976373416
2026-04-07 18:45:00,119260.52976373416
2026-04-07 19:00:00,119260.52976373416
2026-04-07 19:15:00,119260.52976373416
2026-04-07 19:30:00,119260.52976373416
2026-04-07 19:45:00,119260.52976373416
2026-04-07 20:00:00,119260.52976373416
2026-04-07 20:15:00,119260.52976373416
2026-04-07 20:30:00,119260.52976373416
2026-04-07 20:45:00,119260.52976373416
2026-04-07 21:00:00,119260.52976373416
2026-04-07 21:15:00,119260.52976373416
2026-04-07 21:30:00,119260.52976373416
2026-04-07 21:45:00,119260.52976373416
2026-04-07 22:00:00,119260.52976373416
2026-04-07 22:15:00,119260.52976373416
2026-04-07 22:30:00,119260.52976373416
2026-04-07 22:45:00,119260.52976373416
2026-04-07 23:00:00,119260.52976373416
2026-04-07 23:15:00,119260.52976373416
2026-04-07 23:30:00,119260.52976373416
2026-04-07 23:45:00,119260.52976373416
2026-04-08 01:00:00,119260.52976373416
2026-04-08 01:15:00,119260.52976373416
2026-04-08 01:30:00,119260.52976373416
2026-04-08 01:45:00,119260.52976373416
2026-04-08 02:00:00,119260.52976373416
2026-04-08 02:15:00,119260.52976373416
2026-04-08 02:30:00,119260.52976373416
2026-04-08 02:45:00,119260.52976373416
2026-04-08 03:00:00,119260.52976373416
2026-04-08 03:15:00,119260.52976373416
2026-04-08 03:30:00,119260.52976373416
2026-04-08 03:45:00,119260.52976373416
2026-04-08 04:00:00,119260.52976373416
2026-04-08 04:15:00,119260.52976373416
2026-04-08 04:30:00,119260.52976373416
2026-04-08 04:45:00,119260.52976373416
2026-04-08 05:00:00,119260.52976373416
2026-04-08 05:15:00,119260.52976373416
2026-04-08 05:30:00,119260.52976373416
2026-04-08 05:45:00,119260.52976373416
2026-04-08 06:00:00,119260.52976373416
2026-04-08 06:15:00,119260.52976373416
2026-04-08 06:30:00,119260.52976373416
2026-04-08 06:45:00,119260.52976373416
2026-04-08 07:00:00,119260.52976373416
2026-04-08 07:15:00,119260.52976373416
2026-04-08 07:30:00,119260.52976373416
2026-04-08 07:45:00,119260.52976373416
2026-04-08 08:00:00,119260.52976373416
2026-04-08 08:15:00,119260.52976373416
2026-04-08 08:30:00,119260.52976373416
2026-04-08 08:45:00,119260.52976373416
2026-04-08 09:00:00,119260.52976373416
2026-04-08 09:15:00,119260.52976373416
2026-04-08 09:30:00,119260.52976373416
2026-04-08 09:45:00,119260.52976373416
2026-04-08 10:00:00,119260.52976373416
2026-04-08 10:15:00,119260.52976373416
2026-04-08 10:30:00,119260.52976373416
2026-04-08 10:45:00,119260.52976373416
2026-04-08 11:00:00,119260.52976373416
2026-04-08 11:15:00,119260.52976373416
2026-04-08 11:30:00,119260.52976373416
2026-04-08 11:45:00,119260.52976373416
2026-04-08 12:00:00,119260.52976373416
2026-04-08 12:15:00,119260.52976373416
2026-04-08 12:30:00,119260.52976373416
2026-04-08 12:45:00,119260.52976373416
2026-04-08 13:00:00,119260.52976373416
2026-04-08 13:15:00,119260.52976373416
2026-04-08 13:30:00,119260.52976373416
2026-04-08 13:45:00,119260.52976373416
2026-04-08 14:00:00,119260.52976373416
2026-04-08 14:15:00,119260.52976373416
2026-04-08 14:30:00,119260.52976373416
2026-04-08 14:45:00,119260.52976373416
2026-04-08 15:00:00,119260.52976373416
2026-04-08 15:15:00,119260.52976373416
2026-04-08 15:30:00,119260.52976373416
2026-04-08 15:45:00,119260.52976373416
2026-04-08 16:00:00,119260.52976373416
2026-04-08 16:15:00,119260.52976373416
2026-04-08 16:30:00,119260.52976373416
2026-04-08 16:45:00,119260.52976373416
2026-04-08 17:00:00,119260.52976373416
2026-04-08 17:15:00,119260.52976373416
2026-04-08 17:30:00,119260.52976373416
2026-04-08 17:45:00,119260.52976373416
2026-04-08 18:00:00,119260.52976373416
2026-04-08 18:15:00,119260.52976373416
2026-04-08 18:30:00,119260.52976373416
2026-04-08 18:45:00,119260.52976373416
2026-04-08 19:00:00,119260.52976373416
2026-04-08 19:15:00,119260.52976373416
2026-04-08 19:30:00,119260.52976373416
2026-04-08 19:45:00,119260.52976373416
2026-04-08 20:00:00,119260.52976373416
2026-04-08 20:15:00,119260.52976373416
2026-04-08 20:30:00,119260.52976373416
2026-04-08 20:45:00,119260.52976373416
2026-04-08 21:00:00,119260.52976373416
2026-04-08 21:15:00,119260.52976373416
2026-04-08 21:30:00,119260.52976373416
2026-04-08 21:45:00,119260.52976373416
2026-04-08 22:00:00,119260.52976373416
2026-04-08 22:15:00,119260.52976373416
2026-04-08 22:30:00,119260.52976373416
2026-04-08 22:45:00,119260.52976373416
2026-04-08 23:00:00,119260.52976373416
2026-04-08 23:15:00,119260.52976373416
2026-04-08 23:30:00,119260.52976373416
2026-04-08 23:45:00,119260.52976373416
2026-04-09 01:00:00,119260.52976373416
2026-04-09 01:15:00,119260.52976373416
2026-04-09 01:30:00,119260.52976373416
2026-04-09 01:45:00,119260.52976373416
2026-04-09 02:00:00,119260.52976373416
2026-04-09 02:15:00,119260.52976373416
2026-04-09 02:30:00,119260.52976373416
2026-04-09 02:45:00,119260.52976373416
2026-04-09 03:00:00,119260.52976373416
2026-04-09 03:15:00,119260.52976373416
2026-04-09 03:30:00,119260.52976373416
2026-04-09 03:45:00,119260.52976373416
2026-04-09 04:00:00,119260.52976373416
2026-04-09 04:15:00,119260.52976373416
2026-04-09 04:30:00,119260.52976373416
2026-04-09 04:45:00,119260.52976373416
2026-04-09 05:00:00,119260.52976373416
2026-04-09 05:15:00,119260.52976373416
2026-04-09 05:30:00,119260.52976373416
2026-04-09 05:45:00,119260.52976373416
2026-04-09 06:00:00,119260.52976373416
2026-04-09 06:15:00,119260.52976373416
2026-04-09 06:30:00,119260.52976373416
2026-04-09 06:45:00,119260.52976373416
2026-04-09 07:00:00,119260.52976373416
2026-04-09 07:15:00,119260.52976373416
2026-04-09 07:30:00,119260.52976373416
2026-04-09 07:45:00,119260.52976373416
2026-04-09 08:00:00,119260.52976373416
2026-04-09 08:15:00,119260.52976373416
2026-04-09 08:30:00,119260.52976373416
2026-04-09 08:45:00,119260.52976373416
2026-04-09 09:00:00,119260.52976373416
2026-04-09 09:15:00,119260.52976373416
2026-04-09 09:30:00,119260.52976373416
2026-04-09 09:45:00,119260.52976373416
2026-04-09 10:00:00,119260.52976373416
2026-04-09 10:15:00,119260.52976373416
2026-04-09 10:30:00,119260.52976373416
2026-04-09 10:45:00,119260.52976373416
2026-04-09 11:00:00,119260.52976373416
2026-04-09 11:15:00,119260.52976373416
2026-04-09 11:30:00,119260.52976373416
2026-04-09 11:45:00,119260.52976373416
2026-04-09 12:00:00,119260.52976373416
2026-04-09 12:15:00,119260.52976373416
2026-04-09 12:30:00,119260.52976373416
2026-04-09 12:45:00,119260.52976373416
2026-04-09 13:00:00,119260.52976373416
2026-04-09 13:15:00,119260.52976373416
2026-04-09 13:30:00,119260.52976373416
2026-04-09 13:45:00,119260.52976373416
2026-04-09 14:00:00,119260.52976373416
2026-04-09 14:15:00,119260.52976373416
2026-04-09 14:30:00,119260.52976373416
2026-04-09 14:45:00,119260.52976373416
2026-04-09 15:00:00,119260.52976373416
2026-04-09 15:15:00,119260.52976373416
2026-04-09 15:30:00,119260.52976373416
2026-04-09 15:45:00,119260.52976373416
2026-04-09 16:00:00,119260.52976373416
2026-04-09 16:15:00,119260.52976373416
2026-04-09 16:30:00,119260.52976373416
2026-04-09 16:45:00,119260.52976373416
2026-04-09 17:00:00,119260.52976373416
2026-04-09 17:15:00,119260.52976373416
2026-04-09 17:30:00,119260.52976373416
2026-04-09 17:45:00,119260.52976373416
2026-04-09 18:00:00,119260.52976373416
2026-04-09 18:15:00,119260.52976373416
2026-04-09 18:30:00,119260.52976373416
2026-04-09 18:45:00,119260.52976373416
2026-04-09 19:00:00,119260.52976373416
2026-04-09 19:15:00,119260.52976373416
2026-04-09 19:30:00,119260.52976373416
2026-04-09 19:45:00,119260.52976373416
2026-04-09 20:00:00,119260.52976373416
2026-04-09 20:15:00,119260.52976373416
2026-04-09 20:30:00,119260.52976373416
2026-04-09 20:45:00,119260.52976373416
2026-04-09 21:00:00,119260.52976373416
2026-04-09 21:15:00,119260.52976373416
2026-04-09 21:30:00,119260.52976373416
2026-04-09 21:45:00,119260.52976373416
2026-04-09 22:00:00,119260.52976373416
2026-04-09 22:15:00,119260.52976373416
2026-04-09 22:30:00,119260.52976373416
2026-04-09 22:45:00,119260.52976373416
2026-04-09 23:00:00,119260.52976373416
2026-04-09 23:15:00,119260.52976373416
2026-04-09 23:30:00,119260.52976373416
2026-04-09 23:45:00,119260.52976373416
2026-04-10 01:00:00,119260.52976373416
2026-04-10 01:15:00,119260.52976373416
2026-04-10 01:30:00,119260.52976373416
2026-04-10 01:45:00,119260.52976373416
2026-04-10 02:00:00,119260.52976373416
2026-04-10 02:15:00,119260.52976373416
2026-04-10 02:30:00,119260.52976373416
2026-04-10 02:45:00,119260.52976373416
2026-04-10 03:00:00,119260.52976373416
2026-04-10 03:15:00,119260.52976373416
2026-04-10 03:30:00,119260.52976373416
2026-04-10 03:45:00,119260.52976373416
2026-04-10 04:00:00,119260.52976373416
2026-04-10 04:15:00,119260.52976373416
2026-04-10 04:30:00,119260.52976373416
2026-04-10 04:45:00,119260.52976373416
2026-04-10 05:00:00,119260.52976373416
2026-04-10 05:15:00,119260.52976373416
2026-04-10 05:30:00,119260.52976373416
2026-04-10 05:45:00,119260.52976373416
2026-04-10 06:00:00,119260.52976373416
2026-04-10 06:15:00,119260.52976373416
2026-04-10 06:30:00,119260.52976373416
2026-04-10 06:45:00,119260.52976373416
2026-04-10 07:00:00,119260.52976373416
2026-04-10 07:15:00,119260.52976373416
2026-04-10 07:30:00,119260.52976373416
2026-04-10 07:45:00,119260.52976373416
2026-04-10 08:00:00,119260.52976373416
2026-04-10 08:15:00,119260.52976373416
2026-04-10 08:30:00,119260.52976373416
2026-04-10 08:45:00,119260.52976373416
2026-04-10 09:00:00,119260.52976373416
2026-04-10 09:15:00,119260.52976373416
2026-04-10 09:30:00,119260.52976373416
2026-04-10 09:45:00,119260.52976373416
2026-04-10 10:00:00,119260.52976373416
2026-04-10 10:15:00,119260.52976373416
2026-04-10 10:30:00,119260.52976373416
2026-04-10 10:45:00,119260.52976373416
2026-04-10 11:00:00,119260.52976373416
2026-04-10 11:15:00,119260.52976373416
2026-04-10 11:30:00,119260.52976373416
2026-04-10 11:45:00,119260.52976373416
2026-04-10 12:00:00,119260.52976373416
2026-04-10 12:15:00,119260.52976373416
2026-04-10 12:30:00,119260.52976373416
2026-04-10 12:45:00,119260.52976373416
2026-04-10 13:00:00,119260.52976373416
2026-04-10 13:15:00,119260.52976373416
2026-04-10 13:30:00,119260.52976373416
2026-04-10 13:45:00,119260.52976373416
2026-04-10 14:00:00,119260.52976373416
2026-04-10 14:15:00,119260.52976373416
2026-04-10 14:30:00,119260.52976373416
2026-04-10 14:45:00,119260.52976373416
2026-04-10 15:00:00,119260.52976373416
2026-04-10 15:15:00,119260.52976373416
2026-04-10 15:30:00,119260.52976373416
2026-04-10 15:45:00,119260.52976373416
2026-04-10 16:00:00,119260.52976373416
2026-04-10 16:15:00,119260.52976373416
2026-04-10 16:30:00,119260.52976373416
2026-04-10 16:45:00,119260.52976373416
2026-04-10 17:00:00,119260.52976373416
2026-04-10 17:15:00,119260.52976373416
2026-04-10 17:30:00,119260.52976373416
2026-04-10 17:45:00,119260.52976373416
2026-04-10 18:00:00,119260.52976373416
2026-04-10 18:15:00,119260.52976373416
2026-04-10 18:30:00,119260.52976373416
2026-04-10 18:45:00,119260.52976373416
2026-04-10 19:00:00,119260.52976373416
2026-04-10 19:15:00,119260.52976373416
2026-04-10 19:30:00,119260.52976373416
2026-04-10 19:45:00,119260.52976373416
2026-04-10 20:00:00,119260.52976373416
2026-04-10 20:15:00,119260.52976373416
2026-04-10 20:30:00,119260.52976373416
2026-04-10 20:45:00,119260.52976373416
2026-04-10 21:00:00,119260.52976373416
2026-04-10 21:15:00,119260.52976373416
2026-04-10 21:30:00,119260.52976373416
2026-04-10 21:45:00,119260.52976373416
2026-04-10 22:00:00,119260.52976373416
2026-04-10 22:15:00,119260.52976373416
2026-04-10 22:30:00,119260.52976373416
2026-04-10 22:45:00,119260.52976373416
2026-04-10 23:00:00,119260.52976373416
2026-04-10 23:15:00,119260.52976373416
2026-04-10 23:30:00,119260.52976373416
2026-04-10 23:45:00,119260.52976373416
2026-04-13 01:00:00,119260.52976373416
2026-04-13 01:15:00,119260.52976373416
2026-04-13 01:30:00,119260.52976373416
2026-04-13 01:45:00,119260.52976373416
2026-04-13 02:00:00,119260.52976373416
2026-04-13 02:15:00,119260.52976373416
2026-04-13 02:30:00,119260.52976373416
2026-04-13 02:45:00,119260.52976373416
2026-04-13 03:00:00,119260.52976373416
2026-04-13 03:15:00,119260.52976373416
2026-04-13 03:30:00,119260.52976373416
2026-04-13 03:45:00,119260.52976373416
2026-04-13 04:00:00,119260.52976373416
2026-04-13 04:15:00,119260.52976373416
2026-04-13 04:30:00,119260.52976373416
2026-04-13 04:45:00,119260.52976373416
2026-04-13 05:00:00,119260.52976373416
2026-04-13 05:15:00,119260.52976373416
2026-04-13 05:30:00,119260.52976373416
2026-04-13 05:45:00,119260.52976373416
2026-04-13 06:00:00,119260.52976373416
2026-04-13 06:15:00,119260.52976373416
2026-04-13 06:30:00,119260.52976373416
2026-04-13 06:45:00,119260.52976373416
2026-04-13 07:00:00,119260.52976373416
2026-04-13 07:15:00,119260.52976373416
2026-04-13 07:30:00,119260.52976373416
2026-04-13 07:45:00,119260.52976373416
2026-04-13 08:00:00,119260.52976373416
2026-04-13 08:15:00,119260.52976373416
2026-04-13 08:30:00,119260.52976373416
2026-04-13 08:45:00,119260.52976373416
2026-04-13 09:00:00,119260.52976373416
2026-04-13 09:15:00,119260.52976373416
2026-04-13 09:30:00,119260.52976373416
2026-04-13 09:45:00,119260.52976373416
2026-04-13 10:00:00,119260.52976373416
2026-04-13 10:15:00,119260.52976373416
2026-04-13 10:30:00,119260.52976373416
2026-04-13 10:45:00,119260.52976373416
2026-04-13 11:00:00,119260.52976373416
2026-04-13 11:15:00,119260.52976373416
2026-04-13 11:30:00,119260.52976373416
2026-04-13 11:45:00,119260.52976373416
2026-04-13 12:00:00,119260.52976373416
2026-04-13 12:15:00,119260.52976373416
2026-04-13 12:30:00,119260.52976373416
2026-04-13 12:45:00,119260.52976373416
2026-04-13 13:00:00,119260.52976373416
2026-04-13 13:15:00,119260.52976373416
2026-04-13 13:30:00,119260.52976373416
2026-04-13 13:45:00,119260.52976373416
2026-04-13 14:00:00,119260.52976373416
2026-04-13 14:15:00,119260.52976373416
2026-04-13 14:30:00,119260.52976373416
2026-04-13 14:45:00,119260.52976373416
2026-04-13 15:00:00,119260.52976373416
2026-04-13 15:15:00,119260.52976373416
2026-04-13 15:30:00,119260.52976373416
2026-04-13 15:45:00,119260.52976373416
2026-04-13 16:00:00,119260.52976373416
2026-04-13 16:15:00,119260.52976373416
2026-04-13 16:30:00,119260.52976373416
2026-04-13 16:45:00,119260.52976373416
2026-04-13 17:00:00,119260.52976373416
2026-04-13 17:15:00,119260.52976373416
2026-04-13 17:30:00,119260.52976373416
2026-04-13 17:45:00,119260.52976373416
2026-04-13 18:00:00,119260.52976373416
2026-04-13 18:15:00,119260.52976373416
2026-04-13 18:30:00,119260.52976373416
2026-04-13 18:45:00,119260.52976373416
2026-04-13 19:00:00,119260.52976373416
2026-04-13 19:15:00,119260.52976373416
2026-04-13 19:30:00,119260.52976373416
2026-04-13 19:45:00,119260.52976373416
2026-04-13 20:00:00,119260.52976373416
2026-04-13 20:15:00,119260.52976373416
2026-04-13 20:30:00,119260.52976373416
2026-04-13 20:45:00,119260.52976373416
2026-04-13 21:00:00,119260.52976373416
2026-04-13 21:15:00,119260.52976373416
2026-04-13 21:30:00,119260.52976373416
2026-04-13 21:45:00,119260.52976373416
2026-04-13 22:00:00,119260.52976373416
2026-04-13 22:15:00,119260.52976373416
2026-04-13 22:30:00,119260.52976373416
2026-04-13 22:45:00,119260.52976373416
2026-04-13 23:00:00,119260.52976373416
2026-04-13 23:15:00,119260.52976373416
2026-04-13 23:30:00,119260.52976373416
2026-04-13 23:45:00,119260.52976373416
2026-04-14 01:00:00,119260.52976373416
2026-04-14 01:15:00,119260.52976373416
2026-04-14 01:30:00,119260.52976373416
2026-04-14 01:45:00,119260.52976373416
2026-04-14 02:00:00,119260.52976373416
2026-04-14 02:15:00,119260.52976373416
2026-04-14 02:30:00,119260.52976373416
2026-04-14 02:45:00,119260.52976373416
2026-04-14 03:00:00,119260.52976373416
2026-04-14 03:15:00,119260.52976373416
2026-04-14 03:30:00,119260.52976373416
2026-04-14 03:45:00,119260.52976373416
2026-04-14 04:00:00,119260.52976373416
2026-04-14 04:15:00,119260.52976373416
2026-04-14 04:30:00,119260.52976373416
2026-04-14 04:45:00,119260.52976373416
2026-04-14 05:00:00,119260.52976373416
2026-04-14 05:15:00,119260.52976373416
2026-04-14 05:30:00,119260.52976373416
2026-04-14 05:45:00,119260.52976373416
2026-04-14 06:00:00,119260.52976373416
2026-04-14 06:15:00,119260.52976373416
2026-04-14 06:30:00,119260.52976373416
2026-04-14 06:45:00,119260.52976373416
2026-04-14 07:00:00,119260.52976373416
2026-04-14 07:15:00,119260.52976373416
2026-04-14 07:30:00,119260.52976373416
2026-04-14 07:45:00,119260.52976373416
2026-04-14 08:00:00,119260.52976373416
2026-04-14 08:15:00,119260.52976373416
2026-04-14 08:30:00,119260.52976373416
2026-04-14 08:45:00,119260.52976373416
2026-04-14 09:00:00,119260.52976373416
2026-04-14 09:15:00,119260.52976373416
2026-04-14 09:30:00,119260.52976373416
2026-04-14 09:45:00,119260.52976373416
2026-04-14 10:00:00,119260.52976373416
2026-04-14 10:15:00,119260.52976373416
2026-04-14 10:30:00,119260.52976373416
2026-04-14 10:45:00,119260.52976373416
2026-04-14 11:00:00,119260.52976373416
2026-04-14 11:15:00,119260.52976373416
2026-04-14 11:30:00,119260.52976373416
2026-04-14 11:45:00,119260.52976373416
2026-04-14 12:00:00,119260.52976373416
2026-04-14 12:15:00,119260.52976373416
2026-04-14 12:30:00,119260.52976373416
2026-04-14 12:45:00,119260.52976373416
2026-04-14 13:00:00,119260.52976373416
2026-04-14 13:15:00,119260.52976373416
2026-04-14 13:30:00,119260.52976373416
2026-04-14 13:45:00,119260.52976373416
2026-04-14 14:00:00,119260.52976373416
2026-04-14 14:15:00,119260.52976373416
2026-04-14 14:30:00,119260.52976373416
2026-04-14 14:45:00,119260.52976373416
2026-04-14 15:00:00,119260.52976373416
2026-04-14 15:15:00,119260.52976373416
2026-04-14 15:30:00,119260.52976373416
2026-04-14 15:45:00,119260.52976373416
2026-04-14 16:00:00,119260.52976373416
2026-04-14 16:15:00,119260.52976373416
2026-04-14 16:30:00,119260.52976373416
2026-04-14 16:45:00,119260.52976373416
2026-04-14 17:00:00,119260.52976373416
2026-04-14 17:15:00,119260.52976373416
2026-04-14 17:30:00,119260.52976373416
2026-04-14 17:45:00,119260.52976373416
2026-04-14 18:00:00,119260.52976373416
2026-04-14 18:15:00,119260.52976373416
2026-04-14 18:30:00,119260.52976373416
2026-04-14 18:45:00,119260.52976373416
2026-04-14 19:00:00,119260.52976373416
2026-04-14 19:15:00,119260.52976373416
2026-04-14 19:30:00,119260.52976373416
2026-04-14 19:45:00,119260.52976373416
2026-04-14 20:00:00,119260.52976373416
2026-04-14 20:15:00,119260.52976373416
2026-04-14 20:30:00,119260.52976373416
2026-04-14 20:45:00,119260.52976373416
2026-04-14 21:00:00,119260.52976373416
2026-04-14 21:15:00,119260.52976373416
2026-04-14 21:30:00,119260.52976373416
2026-04-14 21:45:00,119260.52976373416
2026-04-14 22:00:00,119260.52976373416
2026-04-14 22:15:00,119260.52976373416
2026-04-14 22:30:00,119260.52976373416
2026-04-14 22:45:00,119260.52976373416
2026-04-14 23:00:00,119260.52976373416
2026-04-14 23:15:00,119260.52976373416
2026-04-14 23:30:00,119260.52976373416
2026-04-14 23:45:00,119260.52976373416
2026-04-15 01:00:00,119260.52976373416
2026-04-15 01:15:00,119260.52976373416
2026-04-15 01:30:00,119260.52976373416
2026-04-15 01:45:00,119260.52976373416
2026-04-15 02:00:00,119260.52976373416
2026-04-15 02:15:00,119260.52976373416
2026-04-15 02:30:00,119260.52976373416
2026-04-15 02:45:00,119260.52976373416
2026-04-15 03:00:00,119260.52976373416
2026-04-15 03:15:00,119260.52976373416
2026-04-15 03:30:00,119260.52976373416
2026-04-15 03:45:00,119260.52976373416
2026-04-15 04:00:00,119260.52976373416
2026-04-15 04:15:00,119260.52976373416
2026-04-15 04:30:00,119260.52976373416
2026-04-15 04:45:00,119260.52976373416
2026-04-15 05:00:00,119260.52976373416
2026-04-15 05:15:00,119260.52976373416
2026-04-15 05:30:00,119260.52976373416
2026-04-15 05:45:00,119260.52976373416
2026-04-15 06:00:00,119260.52976373416
2026-04-15 06:15:00,119260.52976373416
2026-04-15 06:30:00,119260.52976373416
2026-04-15 06:45:00,119260.52976373416
2026-04-15 07:00:00,119260.52976373416
2026-04-15 07:15:00,119260.52976373416
2026-04-15 07:30:00,119260.52976373416
2026-04-15 07:45:00,119260.52976373416
2026-04-15 08:00:00,119260.52976373416
2026-04-15 08:15:00,119260.52976373416
2026-04-15 08:30:00,119260.52976373416
2026-04-15 08:45:00,119260.52976373416
2026-04-15 09:00:00,119260.52976373416
2026-04-15 09:15:00,119260.52976373416
2026-04-15 09:30:00,119260.52976373416
2026-04-15 09:45:00,119260.52976373416
2026-04-15 10:00:00,119260.52976373416
2026-04-15 10:15:00,119260.52976373416
2026-04-15 10:30:00,119260.52976373416
2026-04-15 10:45:00,119260.52976373416
2026-04-15 11:00:00,119260.52976373416
2026-04-15 11:15:00,119260.52976373416
2026-04-15 11:30:00,119260.52976373416
2026-04-15 11:45:00,119260.52976373416
2026-04-15 12:00:00,119260.52976373416
2026-04-15 12:15:00,119260.52976373416
2026-04-15 12:30:00,119260.52976373416
2026-04-15 12:45:00,119260.52976373416
2026-04-15 13:00:00,119260.52976373416
2026-04-15 13:15:00,119260.52976373416
2026-04-15 13:30:00,119260.52976373416
2026-04-15 13:45:00,119260.52976373416
2026-04-15 14:00:00,119260.52976373416
2026-04-15 14:15:00,119260.52976373416
2026-04-15 14:30:00,119260.52976373416
2026-04-15 14:45:00,119260.52976373416
2026-04-15 15:00:00,119260.52976373416
2026-04-15 15:15:00,119260.52976373416
2026-04-15 15:30:00,119260.52976373416
2026-04-15 15:45:00,119260.52976373416
2026-04-15 16:00:00,119260.52976373416
2026-04-15 16:15:00,119260.52976373416
2026-04-15 16:30:00,119260.52976373416
2026-04-15 16:45:00,119260.52976373416
2026-04-15 17:00:00,119260.52976373416
2026-04-15 17:15:00,119260.52976373416
2026-04-15 17:30:00,119260.52976373416
2026-04-15 17:45:00,119260.52976373416
2026-04-15 18:00:00,119260.52976373416
2026-04-15 18:15:00,119260.52976373416
2026-04-15 18:30:00,119260.52976373416
2026-04-15 18:45:00,119260.52976373416
2026-04-15 19:00:00,119260.52976373416
2026-04-15 19:15:00,119260.52976373416
2026-04-15 19:30:00,119260.52976373416
2026-04-15 19:45:00,119260.52976373416
2026-04-15 20:00:00,119260.52976373416
2026-04-15 20:15:00,119260.52976373416
2026-04-15 20:30:00,119260.52976373416
2026-04-15 20:45:00,119260.52976373416
2026-04-15 21:00:00,119260.52976373416
2026-04-15 21:15:00,119260.52976373416
2026-04-15 21:30:00,119260.52976373416
2026-04-15 21:45:00,119260.52976373416
2026-04-15 22:00:00,119260.52976373416
2026-04-15 22:15:00,119260.52976373416
2026-04-15 22:30:00,119260.52976373416
2026-04-15 22:45:00,119260.52976373416
2026-04-15 23:00:00,119260.52976373416
2026-04-15 23:15:00,119260.52976373416
2026-04-15 23:30:00,119260.52976373416
2026-04-15 23:45:00,119260.52976373416
2026-04-16 01:00:00,119260.52976373416
2026-04-16 01:15:00,119260.52976373416
2026-04-16 01:30:00,119260.52976373416
2026-04-16 01:45:00,119260.52976373416
2026-04-16 02:00:00,119260.52976373416
2026-04-16 02:15:00,119260.52976373416
2026-04-16 02:30:00,119260.52976373416
2026-04-16 02:45:00,119260.52976373416
2026-04-16 03:00:00,119260.52976373416
2026-04-16 03:15:00,119260.52976373416
2026-04-16 03:30:00,119260.52976373416
2026-04-16 03:45:00,119260.52976373416
2026-04-16 04:00:00,119260.52976373416
2026-04-16 04:15:00,119260.52976373416
2026-04-16 04:30:00,119260.52976373416
2026-04-16 04:45:00,119260.52976373416
2026-04-16 05:00:00,119260.52976373416
2026-04-16 05:15:00,119260.52976373416
2026-04-16 05:30:00,119260.52976373416
2026-04-16 05:45:00,119260.52976373416
2026-04-16 06:00:00,119260.52976373416
2026-04-16 06:15:00,119260.52976373416
2026-04-16 06:30:00,119260.52976373416
2026-04-16 06:45:00,119260.52976373416
2026-04-16 07:00:00,119260.52976373416
2026-04-16 07:15:00,119260.52976373416
2026-04-16 07:30:00,119260.52976373416
2026-04-16 07:45:00,119260.52976373416
2026-04-16 08:00:00,119260.52976373416
2026-04-16 08:15:00,119260.52976373416
2026-04-16 08:30:00,119260.52976373416
2026-04-16 08:45:00,119260.52976373416
2026-04-16 09:00:00,119260.52976373416
2026-04-16 09:15:00,119260.52976373416
2026-04-16 09:30:00,119260.52976373416
2026-04-16 09:45:00,119260.52976373416
2026-04-16 10:00:00,119260.52976373416
2026-04-16 10:15:00,119260.52976373416
2026-04-16 10:30:00,119260.52976373416
2026-04-16 10:45:00,119260.52976373416
2026-04-16 11:00:00,119260.52976373416
2026-04-16 11:15:00,119260.52976373416
2026-04-16 11:30:00,119260.52976373416
2026-04-16 11:45:00,119260.52976373416
2026-04-16 12:00:00,119260.52976373416
2026-04-16 12:15:00,119260.52976373416
2026-04-16 12:30:00,119260.52976373416
2026-04-16 12:45:00,119260.52976373416
2026-04-16 13:00:00,119260.52976373416
2026-04-16 13:15:00,119260.52976373416
2026-04-16 13:30:00,119260.52976373416
2026-04-16 13:45:00,119260.52976373416
2026-04-16 14:00:00,119260.52976373416
2026-04-16 14:15:00,119260.52976373416
2026-04-16 14:30:00,119260.52976373416
2026-04-16 14:45:00,119260.52976373416
2026-04-16 15:00:00,119260.52976373416
2026-04-16 15:15:00,119260.52976373416
2026-04-16 15:30:00,119260.52976373416
2026-04-16 15:45:00,119260.52976373416
2026-04-16 16:00:00,119260.52976373416
2026-04-16 16:15:00,119260.52976373416
2026-04-16 16:30:00,119260.52976373416
2026-04-16 16:45:00,119260.52976373416
2026-04-16 17:00:00,119260.52976373416
2026-04-16 17:15:00,119260.52976373416
2026-04-16 17:30:00,119260.52976373416
2026-04-16 17:45:00,119260.52976373416
2026-04-16 18:00:00,119260.52976373416
2026-04-16 18:15:00,119260.52976373416
2026-04-16 18:30:00,119260.52976373416
2026-04-16 18:45:00,119260.52976373416
2026-04-16 19:00:00,119260.52976373416
2026-04-16 19:15:00,119260.52976373416
2026-04-16 19:30:00,119260.52976373416
2026-04-16 19:45:00,119260.52976373416
2026-04-16 20:00:00,119260.52976373416
2026-04-16 20:15:00,119260.52976373416
2026-04-16 20:30:00,119260.52976373416
2026-04-16 20:45:00,119260.52976373416
2026-04-16 21:00:00,119260.52976373416
2026-04-16 21:15:00,119260.52976373416
2026-04-16 21:30:00,119260.52976373416
2026-04-16 21:45:00,119260.52976373416
2026-04-16 22:00:00,119260.52976373416
2026-04-16 22:15:00,119260.52976373416
2026-04-16 22:30:00,119260.52976373416
2026-04-16 22:45:00,119260.52976373416
2026-04-16 23:00:00,119260.52976373416
2026-04-16 23:15:00,119260.52976373416
2026-04-16 23:30:00,119260.52976373416
2026-04-16 23:45:00,119260.52976373416
2026-04-17 01:00:00,119260.52976373416
2026-04-17 01:15:00,119260.52976373416
2026-04-17 01:30:00,119260.52976373416
2026-04-17 01:45:00,119260.52976373416
2026-04-17 02:00:00,119260.52976373416
2026-04-17 02:15:00,119260.52976373416
2026-04-17 02:30:00,119260.52976373416
2026-04-17 02:45:00,119260.52976373416
2026-04-17 03:00:00,119260.52976373416
2026-04-17 03:15:00,119260.52976373416
2026-04-17 03:30:00,119260.52976373416
2026-04-17 03:45:00,119260.52976373416
2026-04-17 04:00:00,119260.52976373416
2026-04-17 04:15:00,119260.52976373416
2026-04-17 04:30:00,119260.52976373416
2026-04-17 04:45:00,119260.52976373416
2026-04-17 05:00:00,119260.52976373416
2026-04-17 05:15:00,119260.52976373416
2026-04-17 05:30:00,119260.52976373416
2026-04-17 05:45:00,119260.52976373416
2026-04-17 06:00:00,119260.52976373416
2026-04-17 06:15:00,119260.52976373416
2026-04-17 06:30:00,119260.52976373416
2026-04-17 06:45:00,119260.52976373416
2026-04-17 07:00:00,119260.52976373416
2026-04-17 07:15:00,119260.52976373416
2026-04-17 07:30:00,119260.52976373416
2026-04-17 07:45:00,119260.52976373416
2026-04-17 08:00:00,119260.52976373416
2026-04-17 08:15:00,119260.52976373416
2026-04-17 08:30:00,119260.52976373416
2026-04-17 08:45:00,119260.52976373416
2026-04-17 09:00:00,119260.52976373416
2026-04-17 09:15:00,119260.52976373416
2026-04-17 09:30:00,119260.52976373416
2026-04-17 09:45:00,119260.52976373416
2026-04-17 10:00:00,119260.52976373416
2026-04-17 10:15:00,119260.52976373416
2026-04-17 10:30:00,119260.52976373416
2026-04-17 10:45:00,119260.52976373416
2026-04-17 11:00:00,119260.52976373416
2026-04-17 11:15:00,119260.52976373416
2026-04-17 11:30:00,119260.52976373416
2026-04-17 11:45:00,119260.52976373416
2026-04-17 12:00:00,119260.52976373416
2026-04-17 12:15:00,119260.52976373416
2026-04-17 12:30:00,119260.52976373416
2026-04-17 12:45:00,119260.52976373416
2026-04-17 13:00:00,119260.52976373416
2026-04-17 13:15:00,119260.52976373416
2026-04-17 13:30:00,119260.52976373416
2026-04-17 13:45:00,119260.52976373416
2026-04-17 14:00:00,119260.52976373416
2026-04-17 14:15:00,119260.52976373416
2026-04-17 14:30:00,119260.52976373416
2026-04-17 14:45:00,119260.52976373416
2026-04-17 15:00:00,119260.52976373416
2026-04-17 15:15:00,119260.52976373416
2026-04-17 15:30:00,119260.52976373416
2026-04-17 15:45:00,119260.52976373416
2026-04-17 16:00:00,119260.52976373416
2026-04-17 16:15:00,119260.52976373416
2026-04-17 16:30:00,119260.52976373416
2026-04-17 16:45:00,119260.52976373416
2026-04-17 17:00:00,119260.52976373416
2026-04-17 17:15:00,119260.52976373416
2026-04-17 17:30:00,119260.52976373416
2026-04-17 17:45:00,119260.52976373416
2026-04-17 18:00:00,119260.52976373416
2026-04-17 18:15:00,119260.52976373416
2026-04-17 18:30:00,119260.52976373416
2026-04-17 18:45:00,119260.52976373416
2026-04-17 19:00:00,119260.52976373416
2026-04-17 19:15:00,119260.52976373416
2026-04-17 19:30:00,119260.52976373416
2026-04-17 19:45:00,119260.52976373416
2026-04-17 20:00:00,119260.52976373416
2026-04-17 20:15:00,119260.52976373416
2026-04-17 20:30:00,119260.52976373416
2026-04-17 20:45:00,119260.52976373416
2026-04-17 21:00:00,119260.52976373416
2026-04-17 21:15:00,119260.52976373416
2026-04-17 21:30:00,119260.52976373416
2026-04-17 21:45:00,119260.52976373416
2026-04-17 22:00:00,119260.52976373416
2026-04-17 22:15:00,119260.52976373416
2026-04-17 22:30:00,119260.52976373416
2026-04-17 22:45:00,119260.52976373416
2026-04-17 23:00:00,119260.52976373416
2026-04-17 23:15:00,119260.52976373416
2026-04-17 23:30:00,119260.52976373416
2026-04-17 23:45:00,119260.52976373416
2026-04-20 01:00:00,119260.52976373416
2026-04-20 01:15:00,119260.52976373416
2026-04-20 01:30:00,119260.52976373416
2026-04-20 01:45:00,119260.52976373416
2026-04-20 02:00:00,119260.52976373416
2026-04-20 02:15:00,119260.52976373416
2026-04-20 02:30:00,119260.52976373416
2026-04-20 02:45:00,119260.52976373416
2026-04-20 03:00:00,119260.52976373416
2026-04-20 03:15:00,119260.52976373416
2026-04-20 03:30:00,119260.52976373416
2026-04-20 03:45:00,119260.52976373416
2026-04-20 04:00:00,119260.52976373416
2026-04-20 04:15:00,119260.52976373416
2026-04-20 04:30:00,119260.52976373416
2026-04-20 04:45:00,119260.52976373416
2026-04-20 05:00:00,119260.52976373416
2026-04-20 05:15:00,119260.52976373416
2026-04-20 05:30:00,119260.52976373416
2026-04-20 05:45:00,119260.52976373416
2026-04-20 06:00:00,119260.52976373416
2026-04-20 06:15:00,119260.52976373416
2026-04-20 06:30:00,119260.52976373416
2026-04-20 06:45:00,119260.52976373416
2026-04-20 07:00:00,119260.52976373416
2026-04-20 07:15:00,119260.52976373416
2026-04-20 07:30:00,119260.52976373416
2026-04-20 07:45:00,119260.52976373416
2026-04-20 08:00:00,119260.52976373416
2026-04-20 08:15:00,119260.52976373416
2026-04-20 08:30:00,119260.52976373416
2026-04-20 08:45:00,119260.52976373416
2026-04-20 09:00:00,119260.52976373416
2026-04-20 09:15:00,119260.52976373416
2026-04-20 09:30:00,119260.52976373416
2026-04-20 09:45:00,119260.52976373416
2026-04-20 10:00:00,119260.52976373416
2026-04-20 10:15:00,119260.52976373416
2026-04-20 10:30:00,119260.52976373416
2026-04-20 10:45:00,119260.52976373416
2026-04-20 11:00:00,119260.52976373416
2026-04-20 11:15:00,119260.52976373416
2026-04-20 11:30:00,119260.52976373416
2026-04-20 11:45:00,119260.52976373416
2026-04-20 12:00:00,119260.52976373416
2026-04-20 12:15:00,119260.52976373416
2026-04-20 12:30:00,119260.52976373416
2026-04-20 12:45:00,119260.52976373416
2026-04-20 13:00:00,119260.52976373416
2026-04-20 13:15:00,119260.52976373416
2026-04-20 13:30:00,119260.52976373416
2026-04-20 13:45:00,119260.52976373416
2026-04-20 14:00:00,119260.52976373416
2026-04-20 14:15:00,119260.52976373416
2026-04-20 14:30:00,119260.52976373416
2026-04-20 14:45:00,119260.52976373416
2026-04-20 15:00:00,119260.52976373416
2026-04-20 15:15:00,119260.52976373416
2026-04-20 15:30:00,119260.52976373416
2026-04-20 15:45:00,119260.52976373416
2026-04-20 16:00:00,119260.52976373416
2026-04-20 16:15:00,119260.52976373416
2026-04-20 16:30:00,119260.52976373416
2026-04-20 16:45:00,119260.52976373416
2026-04-20 17:00:00,119260.52976373416
2026-04-20 17:15:00,119260.52976373416
2026-04-20 17:30:00,119260.52976373416
2026-04-20 17:45:00,119260.52976373416
2026-04-20 18:00:00,119260.52976373416
2026-04-20 18:15:00,119260.52976373416
2026-04-20 18:30:00,119260.52976373416
2026-04-20 18:45:00,119260.52976373416
2026-04-20 19:00:00,119260.52976373416
2026-04-20 19:15:00,119260.52976373416
2026-04-20 19:30:00,119260.52976373416
2026-04-20 19:45:00,119260.52976373416
2026-04-20 20:00:00,119260.52976373416
2026-04-20 20:15:00,119260.52976373416
2026-04-20 20:30:00,119260.52976373416
2026-04-20 20:45:00,119260.52976373416
2026-04-20 21:00:00,119260.52976373416
2026-04-20 21:15:00,119260.52976373416
2026-04-20 21:30:00,119260.52976373416
2026-04-20 21:45:00,119260.52976373416
2026-04-20 22:00:00,119260.52976373416
2026-04-20 22:15:00,119260.52976373416
2026-04-20 22:30:00,119260.52976373416
2026-04-20 22:45:00,119260.52976373416
2026-04-20 23:00:00,119260.52976373416
2026-04-20 23:15:00,119260.52976373416
2026-04-20 23:30:00,119260.52976373416
2026-04-20 23:45:00,119260.52976373416
2026-04-21 01:00:00,119260.52976373416
2026-04-21 01:15:00,119260.52976373416
2026-04-21 01:30:00,119260.52976373416
2026-04-21 01:45:00,119260.52976373416
2026-04-21 02:00:00,119260.52976373416
2026-04-21 02:15:00,119260.52976373416
2026-04-21 02:30:00,119260.52976373416
2026-04-21 02:45:00,119260.52976373416
2026-04-21 03:00:00,119260.52976373416
2026-04-21 03:15:00,119260.52976373416
2026-04-21 03:30:00,119260.52976373416
2026-04-21 03:45:00,119260.52976373416
2026-04-21 04:00:00,119260.52976373416
2026-04-21 04:15:00,119260.52976373416
2026-04-21 04:30:00,119260.52976373416
2026-04-21 04:45:00,119260.52976373416
2026-04-21 05:00:00,119260.52976373416
2026-04-21 05:15:00,119260.52976373416
2026-04-21 05:30:00,119260.52976373416
2026-04-21 05:45:00,119260.52976373416
2026-04-21 06:00:00,119260.52976373416
2026-04-21 06:15:00,119260.52976373416
2026-04-21 06:30:00,119260.52976373416
2026-04-21 06:45:00,119260.52976373416
2026-04-21 07:00:00,119260.52976373416
2026-04-21 07:15:00,119260.52976373416
2026-04-21 07:30:00,119260.52976373416
2026-04-21 07:45:00,119260.52976373416
2026-04-21 08:00:00,119260.52976373416
2026-04-21 08:15:00,119260.52976373416
2026-04-21 08:30:00,119260.52976373416
2026-04-21 08:45:00,119260.52976373416
2026-04-21 09:00:00,119260.52976373416
2026-04-21 09:15:00,119260.52976373416
2026-04-21 09:30:00,119260.52976373416
2026-04-21 09:45:00,119260.52976373416
2026-04-21 10:00:00,119260.52976373416
2026-04-21 10:15:00,119260.52976373416
2026-04-21 10:30:00,119260.52976373416
2026-04-21 10:45:00,119260.52976373416
2026-04-21 11:00:00,119260.52976373416
2026-04-21 11:15:00,119260.52976373416
2026-04-21 11:30:00,119260.52976373416
2026-04-21 11:45:00,119260.52976373416
2026-04-21 12:00:00,119260.52976373416
2026-04-21 12:15:00,119260.52976373416
2026-04-21 12:30:00,119260.52976373416
2026-04-21 12:45:00,119260.52976373416
2026-04-21 13:00:00,119260.52976373416
2026-04-21 13:15:00,119260.52976373416
2026-04-21 13:30:00,119260.52976373416
2026-04-21 13:45:00,119260.52976373416
2026-04-21 14:00:00,119260.52976373416
2026-04-21 14:15:00,119260.52976373416
2026-04-21 14:30:00,119260.52976373416
2026-04-21 14:45:00,119260.52976373416
2026-04-21 15:00:00,119260.52976373416
2026-04-21 15:15:00,119260.52976373416
2026-04-21 15:30:00,119260.52976373416
2026-04-21 15:45:00,119260.52976373416
2026-04-21 16:00:00,119260.52976373416
2026-04-21 16:15:00,119260.52976373416
2026-04-21 16:30:00,119260.52976373416
2026-04-21 16:45:00,119260.52976373416
2026-04-21 17:00:00,119260.52976373416
2026-04-21 17:15:00,119260.52976373416
2026-04-21 17:30:00,119260.52976373416
2026-04-21 17:45:00,119260.52976373416
2026-04-21 18:00:00,119260.52976373416
2026-04-21 18:15:00,119260.52976373416
2026-04-21 18:30:00,119260.52976373416
2026-04-21 18:45:00,119260.52976373416
2026-04-21 19:00:00,119260.52976373416
2026-04-21 19:15:00,119260.52976373416
2026-04-21 19:30:00,119260.52976373416
2026-04-21 19:45:00,119260.52976373416
2026-04-21 20:00:00,119260.52976373416
2026-04-21 20:15:00,119260.52976373416
2026-04-21 20:30:00,119260.52976373416
2026-04-21 20:45:00,119260.52976373416
2026-04-21 21:00:00,119260.52976373416
2026-04-21 21:15:00,119260.52976373416
2026-04-21 21:30:00,119260.52976373416
2026-04-21 21:45:00,119260.52976373416
2026-04-21 22:00:00,119260.52976373416
2026-04-21 22:15:00,119260.52976373416
2026-04-21 22:30:00,119260.52976373416
2026-04-21 22:45:00,119260.52976373416
2026-04-21 23:00:00,119260.52976373416
2026-04-21 23:15:00,119260.52976373416
2026-04-21 23:30:00,119260.52976373416
2026-04-21 23:45:00,119260.52976373416
2026-04-22 01:00:00,119260.52976373416
2026-04-22 01:15:00,119260.52976373416
2026-04-22 01:30:00,119260.52976373416
2026-04-22 01:45:00,119260.52976373416
2026-04-22 02:00:00,119260.52976373416
2026-04-22 02:15:00,119260.52976373416
2026-04-22 02:30:00,119260.52976373416
2026-04-22 02:45:00,119260.52976373416
2026-04-22 03:00:00,119260.52976373416
2026-04-22 03:15:00,119260.52976373416
2026-04-22 03:30:00,119260.52976373416
2026-04-22 03:45:00,119260.52976373416
2026-04-22 04:00:00,119260.52976373416
2026-04-22 04:15:00,119260.52976373416
2026-04-22 04:30:00,119260.52976373416
2026-04-22 04:45:00,119260.52976373416
2026-04-22 05:00:00,119260.52976373416
2026-04-22 05:15:00,119260.52976373416
2026-04-22 05:30:00,119260.52976373416
2026-04-22 05:45:00,119260.52976373416
2026-04-22 06:00:00,119260.52976373416
2026-04-22 06:15:00,119260.52976373416
2026-04-22 06:30:00,119260.52976373416
2026-04-22 06:45:00,119260.52976373416
2026-04-22 07:00:00,119260.52976373416
2026-04-22 07:15:00,119260.52976373416
2026-04-22 07:30:00,119260.52976373416
2026-04-22 07:45:00,119260.52976373416
2026-04-22 08:00:00,119260.52976373416
2026-04-22 08:15:00,119260.52976373416
2026-04-22 08:30:00,119260.52976373416
2026-04-22 08:45:00,119260.52976373416
2026-04-22 09:00:00,119260.52976373416
2026-04-22 09:15:00,119260.52976373416
2026-04-22 09:30:00,119260.52976373416
2026-04-22 09:45:00,119260.52976373416
2026-04-22 10:00:00,119260.52976373416
2026-04-22 10:15:00,119260.52976373416
2026-04-22 10:30:00,119260.52976373416
2026-04-22 10:45:00,119260.52976373416
2026-04-22 11:00:00,119260.52976373416
2026-04-22 11:15:00,119260.52976373416
2026-04-22 11:30:00,119260.52976373416
2026-04-22 11:45:00,119260.52976373416
2026-04-22 12:00:00,119260.52976373416
2026-04-22 12:15:00,119260.52976373416
2026-04-22 12:30:00,119260.52976373416
2026-04-22 12:45:00,119260.52976373416
2026-04-22 13:00:00,119260.52976373416
2026-04-22 13:15:00,119260.52976373416
2026-04-22 13:30:00,119260.52976373416
2026-04-22 13:45:00,119260.52976373416
2026-04-22 14:00:00,119260.52976373416
2026-04-22 14:15:00,119260.52976373416
2026-04-22 14:30:00,119260.52976373416
2026-04-22 14:45:00,119260.52976373416
2026-04-22 15:00:00,119260.52976373416
2026-04-22 15:15:00,119260.52976373416
2026-04-22 15:30:00,119260.52976373416
2026-04-22 15:45:00,119260.52976373416
2026-04-22 16:00:00,119260.52976373416
2026-04-22 16:15:00,119260.52976373416
2026-04-22 16:30:00,119260.52976373416
2026-04-22 16:45:00,119260.52976373416
2026-04-22 17:00:00,119260.52976373416
2026-04-22 17:15:00,119260.52976373416
2026-04-22 17:30:00,119260.52976373416
2026-04-22 17:45:00,119260.52976373416
2026-04-22 18:00:00,119260.52976373416
2026-04-22 18:15:00,119260.52976373416
2026-04-22 18:30:00,119260.52976373416
2026-04-22 18:45:00,119260.52976373416
2026-04-22 19:00:00,119260.52976373416
2026-04-22 19:15:00,119260.52976373416
2026-04-22 19:30:00,119260.52976373416
2026-04-22 19:45:00,119260.52976373416
2026-04-22 20:00:00,119260.52976373416
2026-04-22 20:15:00,119260.52976373416
2026-04-22 20:30:00,119260.52976373416
2026-04-22 20:45:00,119260.52976373416
2026-04-22 21:00:00,119260.52976373416
2026-04-22 21:15:00,119260.52976373416
2026-04-22 21:30:00,119260.52976373416
2026-04-22 21:45:00,119260.52976373416
2026-04-22 22:00:00,119260.52976373416
2026-04-22 22:15:00,119260.52976373416
2026-04-22 22:30:00,119260.52976373416
2026-04-22 22:45:00,119260.52976373416
2026-04-22 23:00:00,119260.52976373416
2026-04-22 23:15:00,119260.52976373416
2026-04-22 23:30:00,119260.52976373416
2026-04-22 23:45:00,119260.52976373416
2026-04-23 01:00:00,119260.52976373416
2026-04-23 01:15:00,119260.52976373416
2026-04-23 01:30:00,119260.52976373416
2026-04-23 01:45:00,119260.52976373416
2026-04-23 02:00:00,119260.52976373416
2026-04-23 02:15:00,119260.52976373416
2026-04-23 02:30:00,119260.52976373416
2026-04-23 02:45:00,119260.52976373416
2026-04-23 03:00:00,119260.52976373416
2026-04-23 03:15:00,119260.52976373416
2026-04-23 03:30:00,119260.52976373416
2026-04-23 03:45:00,119260.52976373416
2026-04-23 04:00:00,119260.52976373416
2026-04-23 04:15:00,119260.52976373416
2026-04-23 04:30:00,119260.52976373416
2026-04-23 04:45:00,119260.52976373416
2026-04-23 05:00:00,119260.52976373416
2026-04-23 05:15:00,119260.52976373416
2026-04-23 05:30:00,119260.52976373416
2026-04-23 05:45:00,119260.52976373416
2026-04-23 06:00:00,119260.52976373416
2026-04-23 06:15:00,119260.52976373416
2026-04-23 06:30:00,119260.52976373416
2026-04-23 06:45:00,119260.52976373416
2026-04-23 07:00:00,119260.52976373416
2026-04-23 07:15:00,119260.52976373416
2026-04-23 07:30:00,119260.52976373416
2026-04-23 07:45:00,119260.52976373416
2026-04-23 08:00:00,119260.52976373416
2026-04-23 08:15:00,119260.52976373416
2026-04-23 08:30:00,119260.52976373416
2026-04-23 08:45:00,119260.52976373416
2026-04-23 09:00:00,119260.52976373416
2026-04-23 09:15:00,119260.52976373416
2026-04-23 09:30:00,119260.52976373416
2026-04-23 09:45:00,119260.52976373416
2026-04-23 10:00:00,119260.52976373416
2026-04-23 10:15:00,119260.52976373416
2026-04-23 10:30:00,119260.52976373416
2026-04-23 10:45:00,119260.52976373416
2026-04-23 11:00:00,119260.52976373416
2026-04-23 11:15:00,119260.52976373416
2026-04-23 11:30:00,119260.52976373416
2026-04-23 11:45:00,119260.52976373416
2026-04-23 12:00:00,119260.52976373416
2026-04-23 12:15:00,119260.52976373416
2026-04-23 12:30:00,119260.52976373416
2026-04-23 12:45:00,119260.52976373416
2026-04-23 13:00:00,119260.52976373416
2026-04-23 13:15:00,119260.52976373416
2026-04-23 13:30:00,119260.52976373416
2026-04-23 13:45:00,119260.52976373416
2026-04-23 14:00:00,119260.52976373416
2026-04-23 14:15:00,119260.52976373416
2026-04-23 14:30:00,119260.52976373416
2026-04-23 14:45:00,119260.52976373416
2026-04-23 15:00:00,119260.52976373416
2026-04-23 15:15:00,119260.52976373416
2026-04-23 15:30:00,119260.52976373416
2026-04-23 15:45:00,119260.52976373416
2026-04-23 16:00:00,119260.52976373416
2026-04-23 16:15:00,119260.52976373416
2026-04-23 16:30:00,119260.52976373416
2026-04-23 16:45:00,119260.52976373416
2026-04-23 17:00:00,119260.52976373416
2026-04-23 17:15:00,119260.52976373416
2026-04-23 17:30:00,119260.52976373416
2026-04-23 17:45:00,119260.52976373416
2026-04-23 18:00:00,119260.52976373416
2026-04-23 18:15:00,119260.52976373416
2026-04-23 18:30:00,119260.52976373416
2026-04-23 18:45:00,119260.52976373416
2026-04-23 19:00:00,119260.52976373416
2026-04-23 19:15:00,119260.52976373416
2026-04-23 19:30:00,119260.52976373416
2026-04-23 19:45:00,119260.52976373416
2026-04-23 20:00:00,119260.52976373416
2026-04-23 20:15:00,119260.52976373416
2026-04-23 20:30:00,119260.52976373416
2026-04-23 20:45:00,119260.52976373416
2026-04-23 21:00:00,119260.52976373416
2026-04-23 21:15:00,119260.52976373416
2026-04-23 21:30:00,119260.52976373416
2026-04-23 21:45:00,119260.52976373416
2026-04-23 22:00:00,119260.52976373416
2026-04-23 22:15:00,119260.52976373416
2026-04-23 22:30:00,119260.52976373416
2026-04-23 22:45:00,119260.52976373416
2026-04-23 23:00:00,119260.52976373416
2026-04-23 23:15:00,119260.52976373416
2026-04-23 23:30:00,119260.52976373416
2026-04-23 23:45:00,119260.52976373416
2026-04-24 01:00:00,119260.52976373416
2026-04-24 01:15:00,119260.52976373416
2026-04-24 01:30:00,119260.52976373416
2026-04-24 01:45:00,119260.52976373416
2026-04-24 02:00:00,119260.52976373416
2026-04-24 02:15:00,119260.52976373416
2026-04-24 02:30:00,119260.52976373416
2026-04-24 02:45:00,119260.52976373416
2026-04-24 03:00:00,119260.52976373416
2026-04-24 03:15:00,119260.52976373416
2026-04-24 03:30:00,119260.52976373416
2026-04-24 03:45:00,119260.52976373416
2026-04-24 04:00:00,119260.52976373416
2026-04-24 04:15:00,119260.52976373416
2026-04-24 04:30:00,119260.52976373416
2026-04-24 04:45:00,119260.52976373416
2026-04-24 05:00:00,119260.52976373416
2026-04-24 05:15:00,119260.52976373416
2026-04-24 05:30:00,119260.52976373416
2026-04-24 05:45:00,119260.52976373416
2026-04-24 06:00:00,119260.52976373416
2026-04-24 06:15:00,119260.52976373416
2026-04-24 06:30:00,119260.52976373416
2026-04-24 06:45:00,119260.52976373416
2026-04-24 07:00:00,119260.52976373416
2026-04-24 07:15:00,119260.52976373416
2026-04-24 07:30:00,119260.52976373416
2026-04-24 07:45:00,119260.52976373416
2026-04-24 08:00:00,119260.52976373416
2026-04-24 08:15:00,119260.52976373416
2026-04-24 08:30:00,119260.52976373416
2026-04-24 08:45:00,119260.52976373416
2026-04-24 09:00:00,119260.52976373416
2026-04-24 09:15:00,119260.52976373416
2026-04-24 09:30:00,119260.52976373416
2026-04-24 09:45:00,119260.52976373416
2026-04-24 10:00:00,119260.52976373416
2026-04-24 10:15:00,119260.52976373416
2026-04-24 10:30:00,119260.52976373416
2026-04-24 10:45:00,119260.52976373416
2026-04-24 11:00:00,119260.52976373416
2026-04-24 11:15:00,119260.52976373416
2026-04-24 11:30:00,119260.52976373416
2026-04-24 11:45:00,119260.52976373416
2026-04-24 12:00:00,119260.52976373416
2026-04-24 12:15:00,119260.52976373416
2026-04-24 12:30:00,119260.52976373416
2026-04-24 12:45:00,119260.52976373416
2026-04-24 13:00:00,119260.52976373416
2026-04-24 13:15:00,119260.52976373416
2026-04-24 13:30:00,119260.52976373416
2026-04-24 13:45:00,119260.52976373416
2026-04-24 14:00:00,119260.52976373416
2026-04-24 14:15:00,119260.52976373416
2026-04-24 14:30:00,119260.52976373416
2026-04-24 14:45:00,119260.52976373416
2026-04-24 15:00:00,119260.52976373416
2026-04-24 15:15:00,119260.52976373416
2026-04-24 15:30:00,119260.52976373416
2026-04-24 15:45:00,119260.52976373416
2026-04-24 16:00:00,119260.52976373416
2026-04-24 16:15:00,119260.52976373416
2026-04-24 16:30:00,119260.52976373416
2026-04-24 16:45:00,119260.52976373416
2026-04-24 17:00:00,119260.52976373416
2026-04-24 17:15:00,119260.52976373416
2026-04-24 17:30:00,119260.52976373416
2026-04-24 17:45:00,119260.52976373416
2026-04-24 18:00:00,119260.52976373416
2026-04-24 18:15:00,119260.52976373416
2026-04-24 18:30:00,119260.52976373416
2026-04-24 18:45:00,119260.52976373416
2026-04-24 19:00:00,119260.52976373416
2026-04-24 19:15:00,119260.52976373416
2026-04-24 19:30:00,119260.52976373416
2026-04-24 19:45:00,119260.52976373416
2026-04-24 20:00:00,119260.52976373416
2026-04-24 20:15:00,119260.52976373416
2026-04-24 20:30:00,119260.52976373416
2026-04-24 20:45:00,119260.52976373416
2026-04-24 21:00:00,119260.52976373416
2026-04-24 21:15:00,119260.52976373416
2026-04-24 21:30:00,119260.52976373416
2026-04-24 21:45:00,119260.52976373416
2026-04-24 22:00:00,119260.52976373416
2026-04-24 22:15:00,119260.52976373416
2026-04-24 22:30:00,119260.52976373416
2026-04-24 22:45:00,119260.52976373416
2026-04-24 23:00:00,119260.52976373416
2026-04-24 23:15:00,119260.52976373416
2026-04-24 23:30:00,119260.52976373416
2026-04-24 23:45:00,119260.52976373416
2026-04-27 01:00:00,119260.52976373416
2026-04-27 01:15:00,119260.52976373416
2026-04-27 01:30:00,119260.52976373416
2026-04-27 01:45:00,119260.52976373416
2026-04-27 02:00:00,119260.52976373416
2026-04-27 02:15:00,119260.52976373416
2026-04-27 02:30:00,119260.52976373416
2026-04-27 02:45:00,119260.52976373416
2026-04-27 03:00:00,119260.52976373416
2026-04-27 03:15:00,119260.52976373416
2026-04-27 03:30:00,119260.52976373416
2026-04-27 03:45:00,119260.52976373416
2026-04-27 04:00:00,119260.52976373416
2026-04-27 04:15:00,119260.52976373416
2026-04-27 04:30:00,119260.52976373416
2026-04-27 04:45:00,119260.52976373416
2026-04-27 05:00:00,119260.52976373416
2026-04-27 05:15:00,119260.52976373416
2026-04-27 05:30:00,119260.52976373416
2026-04-27 05:45:00,119260.52976373416
2026-04-27 06:00:00,119260.52976373416
2026-04-27 06:15:00,119260.52976373416
2026-04-27 06:30:00,119260.52976373416
2026-04-27 06:45:00,119260.52976373416
2026-04-27 07:00:00,119260.52976373416
2026-04-27 07:15:00,119260.52976373416
2026-04-27 07:30:00,119260.52976373416
2026-04-27 07:45:00,119260.52976373416
2026-04-27 08:00:00,119260.52976373416
2026-04-27 08:15:00,119260.52976373416
2026-04-27 08:30:00,119260.52976373416
2026-04-27 08:45:00,119260.52976373416
2026-04-27 09:00:00,119260.52976373416
2026-04-27 09:15:00,119260.52976373416
2026-04-27 09:30:00,119260.52976373416
2026-04-27 09:45:00,119260.52976373416
2026-04-27 10:00:00,119260.52976373416
2026-04-27 10:15:00,119260.52976373416
2026-04-27 10:30:00,119260.52976373416
2026-04-27 10:45:00,119260.52976373416
2026-04-27 11:00:00,119260.52976373416
2026-04-27 11:15:00,119260.52976373416
2026-04-27 11:30:00,119260.52976373416
2026-04-27 11:45:00,119260.52976373416
2026-04-27 12:00:00,119260.52976373416
2026-04-27 12:15:00,119260.52976373416
2026-04-27 12:30:00,119260.52976373416
2026-04-27 12:45:00,119260.52976373416
2026-04-27 13:00:00,119260.52976373416
2026-04-27 13:15:00,119260.52976373416
2026-04-27 13:30:00,119260.52976373416
2026-04-27 13:45:00,119260.52976373416
2026-04-27 14:00:00,119260.52976373416
2026-04-27 14:15:00,119260.52976373416
2026-04-27 14:30:00,119260.52976373416
2026-04-27 14:45:00,119260.52976373416
2026-04-27 15:00:00,119260.52976373416
2026-04-27 15:15:00,119260.52976373416
2026-04-27 15:30:00,119260.52976373416
2026-04-27 15:45:00,119260.52976373416
2026-04-27 16:00:00,119260.52976373416
2026-04-27 16:15:00,119260.52976373416
2026-04-27 16:30:00,119260.52976373416
2026-04-27 16:45:00,119260.52976373416
2026-04-27 17:00:00,119260.52976373416
2026-04-27 17:15:00,119260.52976373416
2026-04-27 17:30:00,119260.52976373416
2026-04-27 17:45:00,119260.52976373416
2026-04-27 18:00:00,119260.52976373416
2026-04-27 18:15:00,119260.52976373416
2026-04-27 18:30:00,119260.52976373416
2026-04-27 18:45:00,119260.52976373416
2026-04-27 19:00:00,119260.52976373416
2026-04-27 19:15:00,119260.52976373416
2026-04-27 19:30:00,119260.52976373416
2026-04-27 19:45:00,119260.52976373416
2026-04-27 20:00:00,119260.52976373416
2026-04-27 20:15:00,119260.52976373416
2026-04-27 20:30:00,119260.52976373416
2026-04-27 20:45:00,119260.52976373416
2026-04-27 21:00:00,119260.52976373416
2026-04-27 21:15:00,119260.52976373416
2026-04-27 21:30:00,119260.52976373416
2026-04-27 21:45:00,119260.52976373416
2026-04-27 22:00:00,119260.52976373416
2026-04-27 22:15:00,119260.52976373416
2026-04-27 22:30:00,119260.52976373416
2026-04-27 22:45:00,119260.52976373416
2026-04-27 23:00:00,119260.52976373416
2026-04-27 23:15:00,119260.52976373416
2026-04-27 23:30:00,119260.52976373416
2026-04-27 23:45:00,119260.52976373416
2026-04-28 01:00:00,119260.52976373416
2026-04-28 01:15:00,119260.52976373416
2026-04-28 01:30:00,119260.52976373416
2026-04-28 01:45:00,119260.52976373416
2026-04-28 02:00:00,119260.52976373416
2026-04-28 02:15:00,119260.52976373416
2026-04-28 02:30:00,119260.52976373416
2026-04-28 02:45:00,119260.52976373416
2026-04-28 03:00:00,119260.52976373416
2026-04-28 03:15:00,119260.52976373416
2026-04-28 03:30:00,119260.52976373416
2026-04-28 03:45:00,119260.52976373416
2026-04-28 04:00:00,119260.52976373416
2026-04-28 04:15:00,119260.52976373416
2026-04-28 04:30:00,119260.52976373416
2026-04-28 04:45:00,119260.52976373416
2026-04-28 05:00:00,119260.52976373416
2026-04-28 05:15:00,119260.52976373416
2026-04-28 05:30:00,119260.52976373416
2026-04-28 05:45:00,119260.52976373416
2026-04-28 06:00:00,119260.52976373416
2026-04-28 06:15:00,119260.52976373416
2026-04-28 06:30:00,119260.52976373416
2026-04-28 06:45:00,119260.52976373416
2026-04-28 07:00:00,119260.52976373416
2026-04-28 07:15:00,119260.52976373416
2026-04-28 07:30:00,119260.52976373416
2026-04-28 07:45:00,119260.52976373416
2026-04-28 08:00:00,119260.52976373416
2026-04-28 08:15:00,119260.52976373416
2026-04-28 08:30:00,119260.52976373416
2026-04-28 08:45:00,119260.52976373416
2026-04-28 09:00:00,119260.52976373416
2026-04-28 09:15:00,119260.52976373416
2026-04-28 09:30:00,119260.52976373416
2026-04-28 09:45:00,119260.52976373416
2026-04-28 10:00:00,119260.52976373416
2026-04-28 10:15:00,119260.52976373416
2026-04-28 10:30:00,119260.52976373416
2026-04-28 10:45:00,119260.52976373416
2026-04-28 11:00:00,119260.52976373416
2026-04-28 11:15:00,119260.52976373416
2026-04-28 11:30:00,119260.52976373416
2026-04-28 11:45:00,119260.52976373416
2026-04-28 12:00:00,119260.52976373416
2026-04-28 12:15:00,119260.52976373416
2026-04-28 12:30:00,119260.52976373416
2026-04-28 12:45:00,119260.52976373416
2026-04-28 13:00:00,119260.52976373416
2026-04-28 13:15:00,119260.52976373416
2026-04-28 13:30:00,119260.52976373416
2026-04-28 13:45:00,119260.52976373416
2026-04-28 14:00:00,119260.52976373416
2026-04-28 14:15:00,119260.52976373416
2026-04-28 14:30:00,119260.52976373416
2026-04-28 14:45:00,119260.52976373416
2026-04-28 15:00:00,119260.52976373416
2026-04-28 15:15:00,119260.52976373416
2026-04-28 15:30:00,119260.52976373416
2026-04-28 15:45:00,119260.52976373416
2026-04-28 16:00:00,119260.52976373416
2026-04-28 16:15:00,119260.52976373416
2026-04-28 16:30:00,119260.52976373416
2026-04-28 16:45:00,119260.52976373416
2026-04-28 17:00:00,119260.52976373416
2026-04-28 17:15:00,119260.52976373416
2026-04-28 17:30:00,119260.52976373416
2026-04-28 17:45:00,119260.52976373416
2026-04-28 18:00:00,119260.52976373416
2026-04-28 18:15:00,119260.52976373416
2026-04-28 18:30:00,119260.52976373416
2026-04-28 18:45:00,119260.52976373416
2026-04-28 19:00:00,119260.52976373416
2026-04-28 19:15:00,119260.52976373416
2026-04-28 19:30:00,119260.52976373416
2026-04-28 19:45:00,119260.52976373416
2026-04-28 20:00:00,119260.52976373416
2026-04-28 20:15:00,119260.52976373416
2026-04-28 20:30:00,119260.52976373416
2026-04-28 20:45:00,119260.52976373416
2026-04-28 21:00:00,119260.52976373416
2026-04-28 21:15:00,119260.52976373416
2026-04-28 21:30:00,119260.52976373416
2026-04-28 21:45:00,119260.52976373416
2026-04-28 22:00:00,119260.52976373416
2026-04-28 22:15:00,119260.52976373416
2026-04-28 22:30:00,119260.52976373416
2026-04-28 22:45:00,119260.52976373416
2026-04-28 23:00:00,119260.52976373416
2026-04-28 23:15:00,119260.52976373416
2026-04-28 23:30:00,119260.52976373416
2026-04-28 23:45:00,119260.52976373416
2026-04-29 01:00:00,119260.52976373416
2026-04-29 01:15:00,119260.52976373416
2026-04-29 01:30:00,119260.52976373416
2026-04-29 01:45:00,119260.52976373416
2026-04-29 02:00:00,119260.52976373416
2026-04-29 02:15:00,119260.52976373416
2026-04-29 02:30:00,119260.52976373416
2026-04-29 02:45:00,119260.52976373416
2026-04-29 03:00:00,119260.52976373416
2026-04-29 03:15:00,119260.52976373416
2026-04-29 03:30:00,119260.52976373416
2026-04-29 03:45:00,119260.52976373416
2026-04-29 04:00:00,119260.52976373416
2026-04-29 04:15:00,119260.52976373416
2026-04-29 04:30:00,119260.52976373416
2026-04-29 04:45:00,119260.52976373416
2026-04-29 05:00:00,119260.52976373416
2026-04-29 05:15:00,119260.52976373416
2026-04-29 05:30:00,119260.52976373416
2026-04-29 05:45:00,119260.52976373416
2026-04-29 06:00:00,119260.52976373416
2026-04-29 06:15:00,119260.52976373416
2026-04-29 06:30:00,119260.52976373416
2026-04-29 06:45:00,119260.52976373416
2026-04-29 07:00:00,119260.52976373416
2026-04-29 07:15:00,119260.52976373416
2026-04-29 07:30:00,119260.52976373416
2026-04-29 07:45:00,119260.52976373416
2026-04-29 08:00:00,119260.52976373416
2026-04-29 08:15:00,119260.52976373416
2026-04-29 08:30:00,119260.52976373416
2026-04-29 08:45:00,119260.52976373416
2026-04-29 09:00:00,119260.52976373416
2026-04-29 09:15:00,119260.52976373416
2026-04-29 09:30:00,119260.52976373416
2026-04-29 09:45:00,119260.52976373416
2026-04-29 10:00:00,119260.52976373416
2026-04-29 10:15:00,119260.52976373416
2026-04-29 10:30:00,119260.52976373416
2026-04-29 10:45:00,119260.52976373416
2026-04-29 11:00:00,119260.52976373416
2026-04-29 11:15:00,119260.52976373416
2026-04-29 11:30:00,119260.52976373416
2026-04-29 11:45:00,119260.52976373416
2026-04-29 12:00:00,119260.52976373416
2026-04-29 12:15:00,119260.52976373416
2026-04-29 12:30:00,119260.52976373416
2026-04-29 12:45:00,119260.52976373416
2026-04-29 13:00:00,119260.52976373416
2026-04-29 13:15:00,119260.52976373416
2026-04-29 13:30:00,119260.52976373416
2026-04-29 13:45:00,119260.52976373416
2026-04-29 14:00:00,119260.52976373416
2026-04-29 14:15:00,119260.52976373416
2026-04-29 14:30:00,119260.52976373416
2026-04-29 14:45:00,119260.52976373416
2026-04-29 15:00:00,119260.52976373416
2026-04-29 15:15:00,119260.52976373416
2026-04-29 15:30:00,119260.52976373416
2026-04-29 15:45:00,119260.52976373416
2026-04-29 16:00:00,119260.52976373416
2026-04-29 16:15:00,119260.52976373416
2026-04-29 16:30:00,119260.52976373416
2026-04-29 16:45:00,119260.52976373416
2026-04-29 17:00:00,119260.52976373416
2026-04-29 17:15:00,119260.52976373416
2026-04-29 17:30:00,119260.52976373416
2026-04-29 17:45:00,119260.52976373416
2026-04-29 18:00:00,119260.52976373416
2026-04-29 18:15:00,119260.52976373416
2026-04-29 18:30:00,119260.52976373416
2026-04-29 18:45:00,119260.52976373416
2026-04-29 19:00:00,119260.52976373416
2026-04-29 19:15:00,119260.52976373416
2026-04-29 19:30:00,119260.52976373416
2026-04-29 19:45:00,119260.52976373416
2026-04-29 20:00:00,119260.52976373416
2026-04-29 20:15:00,119260.52976373416
2026-04-29 20:30:00,119260.52976373416
2026-04-29 20:45:00,119260.52976373416
2026-04-29 21:00:00,119260.52976373416
2026-04-29 21:15:00,119260.52976373416
2026-04-29 21:30:00,119260.52976373416
2026-04-29 21:45:00,119260.52976373416
2026-04-29 22:00:00,119260.52976373416
2026-04-29 22:15:00,119260.52976373416
2026-04-29 22:30:00,119260.52976373416
2026-04-29 22:45:00,119260.52976373416
2026-04-29 23:00:00,119260.52976373416
2026-04-29 23:15:00,119260.52976373416
2026-04-29 23:30:00,119260.52976373416
2026-04-29 23:45:00,119260.52976373416
2026-04-30 01:00:00,119260.52976373416
2026-04-30 01:15:00,119260.52976373416
2026-04-30 01:30:00,119260.52976373416
2026-04-30 01:45:00,119260.52976373416
2026-04-30 02:00:00,119260.52976373416
2026-04-30 02:15:00,119260.52976373416
2026-04-30 02:30:00,119260.52976373416
2026-04-30 02:45:00,119260.52976373416
2026-04-30 03:00:00,119260.52976373416
2026-04-30 03:15:00,119260.52976373416
2026-04-30 03:30:00,119260.52976373416
2026-04-30 03:45:00,119260.52976373416
2026-04-30 04:00:00,119260.52976373416
2026-04-30 04:15:00,119260.52976373416
2026-04-30 04:30:00,119260.52976373416
2026-04-30 04:45:00,119260.52976373416
2026-04-30 05:00:00,119260.52976373416
2026-04-30 05:15:00,119260.52976373416
2026-04-30 05:30:00,119260.52976373416
2026-04-30 05:45:00,119260.52976373416
2026-04-30 06:00:00,119260.52976373416
2026-04-30 06:15:00,119260.52976373416
2026-04-30 06:30:00,119260.52976373416
2026-04-30 06:45:00,119260.52976373416
2026-04-30 07:00:00,119260.52976373416
2026-04-30 07:15:00,119260.52976373416
2026-04-30 07:30:00,119260.52976373416
2026-04-30 07:45:00,119260.52976373416
2026-04-30 08:00:00,119260.52976373416
2026-04-30 08:15:00,119260.52976373416
2026-04-30 08:30:00,119260.52976373416
2026-04-30 08:45:00,119260.52976373416
2026-04-30 09:00:00,119260.52976373416
2026-04-30 09:15:00,119260.52976373416
2026-04-30 09:30:00,119260.52976373416
2026-04-30 09:45:00,119260.52976373416
2026-04-30 10:00:00,119260.52976373416
2026-04-30 10:15:00,119260.52976373416
2026-04-30 10:30:00,119260.52976373416
2026-04-30 10:45:00,119260.52976373416
2026-04-30 11:00:00,119260.52976373416
2026-04-30 11:15:00,119260.52976373416
2026-04-30 11:30:00,119260.52976373416
2026-04-30 11:45:00,119260.52976373416
2026-04-30 12:00:00,119260.52976373416
2026-04-30 12:15:00,119260.52976373416
2026-04-30 12:30:00,119260.52976373416
2026-04-30 12:45:00,119260.52976373416
2026-04-30 13:00:00,119260.52976373416
2026-04-30 13:15:00,119260.52976373416
2026-04-30 13:30:00,119260.52976373416
2026-04-30 13:45:00,119260.52976373416
2026-04-30 14:00:00,119260.52976373416
2026-04-30 14:15:00,119260.52976373416
2026-04-30 14:30:00,119260.52976373416
2026-04-30 14:45:00,119260.52976373416
2026-04-30 15:00:00,119260.52976373416
2026-04-30 15:15:00,119260.52976373416
2026-04-30 15:30:00,119260.52976373416
2026-04-30 15:45:00,119260.52976373416
2026-04-30 16:00:00,119260.52976373416
2026-04-30 16:15:00,119260.52976373416
2026-04-30 16:30:00,119260.52976373416
2026-04-30 16:45:00,119260.52976373416
2026-04-30 17:00:00,119260.52976373416
2026-04-30 17:15:00,119260.52976373416
2026-04-30 17:30:00,119260.52976373416
2026-04-30 17:45:00,119260.52976373416
2026-04-30 18:00:00,119260.52976373416
2026-04-30 18:15:00,119260.52976373416
2026-04-30 18:30:00,119260.52976373416
2026-04-30 18:45:00,119260.52976373416
2026-04-30 19:00:00,119260.52976373416
2026-04-30 19:15:00,119260.52976373416
2026-04-30 19:30:00,119260.52976373416
2026-04-30 19:45:00,119260.52976373416
2026-04-30 20:00:00,119260.52976373416
2026-04-30 20:15:00,119260.52976373416
2026-04-30 20:30:00,119260.52976373416
2026-04-30 20:45:00,119260.52976373416
2026-04-30 21:00:00,119260.52976373416
2026-04-30 21:15:00,119260.52976373416
2026-04-30 21:30:00,119260.52976373416
2026-04-30 21:45:00,119260.52976373416
2026-04-30 22:00:00,119260.52976373416
2026-04-30 22:15:00,119260.52976373416
2026-04-30 22:30:00,119260.52976373416
2026-04-30 22:45:00,119260.52976373416
2026-04-30 23:00:00,119260.52976373416
2026-04-30 23:15:00,119260.52976373416
2026-04-30 23:30:00,119260.52976373416
2026-04-30 23:45:00,119260.52976373416
2026-05-01 01:00:00,119260.52976373416
2026-05-01 01:15:00,119260.52976373416
2026-05-01 01:30:00,119260.52976373416
2026-05-01 01:45:00,119260.52976373416
2026-05-01 02:00:00,119260.52976373416
2026-05-01 02:15:00,119260.52976373416
2026-05-01 02:30:00,119260.52976373416
2026-05-01 02:45:00,119260.52976373416
2026-05-01 03:00:00,119260.52976373416
2026-05-01 03:15:00,119260.52976373416
2026-05-01 03:30:00,119260.52976373416
2026-05-01 03:45:00,119260.52976373416
2026-05-01 04:00:00,119260.52976373416
2026-05-01 04:15:00,119260.52976373416
2026-05-01 04:30:00,119260.52976373416
2026-05-01 04:45:00,119260.52976373416
2026-05-01 05:00:00,119260.52976373416
2026-05-01 05:15:00,119260.52976373416
2026-05-01 05:30:00,119260.52976373416
2026-05-01 05:45:00,119260.52976373416
2026-05-01 06:00:00,119260.52976373416
2026-05-01 06:15:00,119260.52976373416
2026-05-01 06:30:00,119260.52976373416
2026-05-01 06:45:00,119260.52976373416
2026-05-01 07:00:00,119260.52976373416
2026-05-01 07:15:00,119260.52976373416
2026-05-01 07:30:00,119260.52976373416
2026-05-01 07:45:00,119260.52976373416
2026-05-01 08:00:00,119260.52976373416
2026-05-01 08:15:00,119260.52976373416
2026-05-01 08:30:00,119260.52976373416
2026-05-01 08:45:00,119260.52976373416
2026-05-01 09:00:00,119260.52976373416
2026-05-01 09:15:00,119260.52976373416
2026-05-01 09:30:00,119260.52976373416
2026-05-01 09:45:00,119260.52976373416
2026-05-01 10:00:00,119260.52976373416
2026-05-01 10:15:00,119260.52976373416
2026-05-01 10:30:00,119260.52976373416
2026-05-01 10:45:00,119260.52976373416
2026-05-01 11:00:00,119260.52976373416
2026-05-01 11:15:00,119260.52976373416
2026-05-01 11:30:00,119260.52976373416
2026-05-01 11:45:00,119260.52976373416
2026-05-01 12:00:00,119260.52976373416
2026-05-01 12:15:00,119260.52976373416
2026-05-01 12:30:00,119260.52976373416
2026-05-01 12:45:00,119260.52976373416
2026-05-01 13:00:00,119260.52976373416
2026-05-01 13:15:00,119260.52976373416
2026-05-01 13:30:00,119260.52976373416
2026-05-01 13:45:00,119260.52976373416
2026-05-01 14:00:00,119260.52976373416
2026-05-01 14:15:00,119260.52976373416
2026-05-01 14:30:00,119260.52976373416
2026-05-01 14:45:00,119260.52976373416
2026-05-01 15:00:00,119260.52976373416
2026-05-01 15:15:00,119260.52976373416
2026-05-01 15:30:00,119260.52976373416
2026-05-01 15:45:00,119260.52976373416
2026-05-01 16:00:00,119260.52976373416
2026-05-01 16:15:00,119260.52976373416
2026-05-01 16:30:00,119260.52976373416
2026-05-01 16:45:00,119260.52976373416
2026-05-01 17:00:00,119260.52976373416
2026-05-01 17:15:00,119260.52976373416
2026-05-01 17:30:00,119260.52976373416
2026-05-01 17:45:00,119260.52976373416
2026-05-01 18:00:00,119260.52976373416
2026-05-01 18:15:00,119260.52976373416
2026-05-01 18:30:00,119260.52976373416
2026-05-01 18:45:00,119260.52976373416
2026-05-01 19:00:00,119260.52976373416
2026-05-01 19:15:00,119260.52976373416
2026-05-01 19:30:00,119260.52976373416
2026-05-01 19:45:00,119260.52976373416
2026-05-01 20:00:00,119260.52976373416
2026-05-01 20:15:00,119260.52976373416
2026-05-01 20:30:00,119260.52976373416
2026-05-01 20:45:00,119260.52976373416
2026-05-01 21:00:00,119260.52976373416
2026-05-01 21:15:00,119260.52976373416
2026-05-01 21:30:00,119260.52976373416
2026-05-01 21:45:00,119260.52976373416
2026-05-01 22:00:00,119260.52976373416
2026-05-01 22:15:00,119260.52976373416
2026-05-01 22:30:00,119260.52976373416
2026-05-01 22:45:00,119260.52976373416
2026-05-01 23:00:00,119260.52976373416
2026-05-01 23:15:00,119260.52976373416
2026-05-01 23:30:00,119260.52976373416
2026-05-01 23:45:00,119260.52976373416
2026-05-04 01:00:00,119260.52976373416
2026-05-04 01:15:00,119260.52976373416
2026-05-04 01:30:00,119260.52976373416
2026-05-04 01:45:00,119260.52976373416
2026-05-04 02:00:00,119260.52976373416
2026-05-04 02:15:00,119260.52976373416
2026-05-04 02:30:00,119260.52976373416
2026-05-04 02:45:00,119260.52976373416
2026-05-04 03:00:00,119260.52976373416
2026-05-04 03:15:00,119260.52976373416
2026-05-04 03:30:00,119260.52976373416
2026-05-04 03:45:00,119260.52976373416
2026-05-04 04:00:00,119260.52976373416
2026-05-04 04:15:00,119260.52976373416
2026-05-04 04:30:00,119260.52976373416
2026-05-04 04:45:00,119260.52976373416
2026-05-04 05:00:00,119260.52976373416
2026-05-04 05:15:00,119260.52976373416
2026-05-04 05:30:00,119260.52976373416
2026-05-04 05:45:00,119260.52976373416
2026-05-04 06:00:00,119260.52976373416
2026-05-04 06:15:00,119260.52976373416
2026-05-04 06:30:00,119260.52976373416
2026-05-04 06:45:00,119260.52976373416
2026-05-04 07:00:00,119260.52976373416
2026-05-04 07:15:00,119260.52976373416
2026-05-04 07:30:00,119260.52976373416
2026-05-04 07:45:00,119260.52976373416
2026-05-04 08:00:00,119260.52976373416
2026-05-04 08:15:00,119260.52976373416
2026-05-04 08:30:00,119260.52976373416
2026-05-04 08:45:00,119260.52976373416
2026-05-04 09:00:00,119260.52976373416
2026-05-04 09:15:00,119260.52976373416
2026-05-04 09:30:00,119260.52976373416
2026-05-04 09:45:00,119260.52976373416
2026-05-04 10:00:00,119260.52976373416
2026-05-04 10:15:00,119260.52976373416
2026-05-04 10:30:00,119260.52976373416
2026-05-04 10:45:00,119260.52976373416
2026-05-04 11:00:00,119260.52976373416
2026-05-04 11:15:00,119260.52976373416
2026-05-04 11:30:00,119260.52976373416
2026-05-04 11:45:00,119260.52976373416
2026-05-04 12:00:00,119260.52976373416
2026-05-04 12:15:00,119260.52976373416
2026-05-04 12:30:00,119260.52976373416
2026-05-04 12:45:00,119260.52976373416
2026-05-04 13:00:00,119260.52976373416
2026-05-04 13:15:00,119260.52976373416
2026-05-04 13:30:00,119260.52976373416
2026-05-04 13:45:00,119260.52976373416
2026-05-04 14:00:00,119260.52976373416
2026-05-04 14:15:00,119260.52976373416
2026-05-04 14:30:00,119260.52976373416
2026-05-04 14:45:00,119260.52976373416
2026-05-04 15:00:00,119260.52976373416
2026-05-04 15:15:00,119260.52976373416
2026-05-04 15:30:00,119260.52976373416
2026-05-04 15:45:00,119260.52976373416
2026-05-04 16:00:00,119260.52976373416
2026-05-04 16:15:00,119260.52976373416
2026-05-04 16:30:00,119260.52976373416
2026-05-04 16:45:00,119260.52976373416
2026-05-04 17:00:00,119260.52976373416
2026-05-04 17:15:00,119260.52976373416
2026-05-04 17:30:00,119260.52976373416
2026-05-04 17:45:00,119260.52976373416
2026-05-04 18:00:00,119260.52976373416
2026-05-04 18:15:00,119260.52976373416
2026-05-04 18:30:00,119260.52976373416
2026-05-04 18:45:00,119260.52976373416
2026-05-04 19:00:00,119260.52976373416
2026-05-04 19:15:00,119260.52976373416
2026-05-04 19:30:00,119260.52976373416
2026-05-04 19:45:00,119260.52976373416
2026-05-04 20:00:00,119260.52976373416
2026-05-04 20:15:00,119260.52976373416
2026-05-04 20:30:00,119260.52976373416
2026-05-04 20:45:00,119260.52976373416
2026-05-04 21:00:00,119260.52976373416
2026-05-04 21:15:00,119260.52976373416
2026-05-04 21:30:00,119260.52976373416
2026-05-04 21:45:00,119260.52976373416
2026-05-04 22:00:00,119260.52976373416
2026-05-04 22:15:00,119260.52976373416
2026-05-04 22:30:00,119260.52976373416
2026-05-04 22:45:00,119260.52976373416
2026-05-04 23:00:00,119260.52976373416
2026-05-04 23:15:00,119260.52976373416
2026-05-04 23:30:00,119260.52976373416
2026-05-04 23:45:00,119260.52976373416
2026-05-05 01:00:00,119260.52976373416
2026-05-05 01:15:00,119260.52976373416
2026-05-05 01:30:00,119260.52976373416
2026-05-05 01:45:00,119260.52976373416
2026-05-05 02:00:00,119260.52976373416
2026-05-05 02:15:00,119260.52976373416
2026-05-05 02:30:00,119260.52976373416
2026-05-05 02:45:00,119260.52976373416
2026-05-05 03:00:00,119260.52976373416
2026-05-05 03:15:00,119260.52976373416
2026-05-05 03:30:00,119260.52976373416
2026-05-05 03:45:00,119260.52976373416
2026-05-05 04:00:00,119260.52976373416
2026-05-05 04:15:00,119260.52976373416
2026-05-05 04:30:00,119260.52976373416
2026-05-05 04:45:00,119260.52976373416
2026-05-05 05:00:00,119260.52976373416
2026-05-05 05:15:00,119260.52976373416
2026-05-05 05:30:00,119260.52976373416
2026-05-05 05:45:00,119260.52976373416
2026-05-05 06:00:00,119260.52976373416
2026-05-05 06:15:00,119260.52976373416
2026-05-05 06:30:00,119260.52976373416
2026-05-05 06:45:00,119260.52976373416
2026-05-05 07:00:00,119260.52976373416
2026-05-05 07:15:00,119260.52976373416
2026-05-05 07:30:00,119260.52976373416
2026-05-05 07:45:00,119260.52976373416
2026-05-05 08:00:00,119260.52976373416
2026-05-05 08:15:00,119260.52976373416
2026-05-05 08:30:00,119260.52976373416
2026-05-05 08:45:00,119260.52976373416
2026-05-05 09:00:00,119260.52976373416
2026-05-05 09:15:00,119260.52976373416
2026-05-05 09:30:00,119260.52976373416
2026-05-05 09:45:00,119260.52976373416
2026-05-05 10:00:00,119260.52976373416
2026-05-05 10:15:00,119260.52976373416
2026-05-05 10:30:00,119260.52976373416
2026-05-05 10:45:00,119260.52976373416
2026-05-05 11:00:00,119260.52976373416
2026-05-05 11:15:00,119260.52976373416
2026-05-05 11:30:00,119260.52976373416
2026-05-05 11:45:00,119260.52976373416
2026-05-05 12:00:00,119260.52976373416
2026-05-05 12:15:00,119260.52976373416
2026-05-05 12:30:00,119260.52976373416
2026-05-05 12:45:00,119260.52976373416
2026-05-05 13:00:00,119260.52976373416
2026-05-05 13:15:00,119260.52976373416
2026-05-05 13:30:00,119260.52976373416
2026-05-05 13:45:00,119260.52976373416
2026-05-05 14:00:00,119260.52976373416
2026-05-05 14:15:00,119260.52976373416
2026-05-05 14:30:00,119260.52976373416
2026-05-05 14:45:00,119260.52976373416
2026-05-05 15:00:00,119260.52976373416
2026-05-05 15:15:00,119260.52976373416
2026-05-05 15:30:00,119260.52976373416
2026-05-05 15:45:00,119260.52976373416
2026-05-05 16:00:00,119260.52976373416
2026-05-05 16:15:00,119260.52976373416
2026-05-05 16:30:00,119260.52976373416
2026-05-05 16:45:00,119260.52976373416
2026-05-05 17:00:00,119260.52976373416
2026-05-05 17:15:00,119260.52976373416
2026-05-05 17:30:00,119260.52976373416
2026-05-05 17:45:00,119260.52976373416
2026-05-05 18:00:00,119260.52976373416
2026-05-05 18:15:00,119260.52976373416
2026-05-05 18:30:00,119260.52976373416
2026-05-05 18:45:00,119260.52976373416
2026-05-05 19:00:00,119260.52976373416
2026-05-05 19:15:00,119260.52976373416
2026-05-05 19:30:00,119260.52976373416
2026-05-05 19:45:00,119260.52976373416
2026-05-05 20:00:00,119260.52976373416
2026-05-05 20:15:00,119260.52976373416
2026-05-05 20:30:00,119260.52976373416
2026-05-05 20:45:00,119260.52976373416
2026-05-05 21:00:00,119260.52976373416
2026-05-05 21:15:00,119260.52976373416
2026-05-05 21:30:00,119260.52976373416
2026-05-05 21:45:00,119260.52976373416
2026-05-05 22:00:00,119260.52976373416
2026-05-05 22:15:00,119260.52976373416
2026-05-05 22:30:00,119260.52976373416
2026-05-05 22:45:00,119260.52976373416
2026-05-05 23:00:00,119260.52976373416
2026-05-05 23:15:00,119260.52976373416
2026-05-05 23:30:00,119260.52976373416
2026-05-05 23:45:00,119260.52976373416
2026-05-06 01:00:00,119260.52976373416
2026-05-06 01:15:00,119260.52976373416
2026-05-06 01:30:00,119260.52976373416
2026-05-06 01:45:00,119260.52976373416
2026-05-06 02:00:00,119260.52976373416
2026-05-06 02:15:00,119260.52976373416
2026-05-06 02:30:00,119260.52976373416
2026-05-06 02:45:00,119260.52976373416
2026-05-06 03:00:00,119260.52976373416
2026-05-06 03:15:00,119260.52976373416
2026-05-06 03:30:00,119260.52976373416
2026-05-06 03:45:00,119260.52976373416
2026-05-06 04:00:00,119260.52976373416
2026-05-06 04:15:00,119260.52976373416
2026-05-06 04:30:00,119260.52976373416
2026-05-06 04:45:00,119260.52976373416
2026-05-06 05:00:00,119260.52976373416
2026-05-06 05:15:00,119260.52976373416
2026-05-06 05:30:00,119260.52976373416
2026-05-06 05:45:00,119260.52976373416
2026-05-06 06:00:00,119260.52976373416
2026-05-06 06:15:00,119260.52976373416
2026-05-06 06:30:00,119260.52976373416
2026-05-06 06:45:00,119260.52976373416
2026-05-06 07:00:00,119260.52976373416
2026-05-06 07:15:00,119260.52976373416
2026-05-06 07:30:00,119260.52976373416
2026-05-06 07:45:00,119260.52976373416
2026-05-06 08:00:00,119260.52976373416
2026-05-06 08:15:00,119260.52976373416
2026-05-06 08:30:00,119260.52976373416
2026-05-06 08:45:00,119260.52976373416
2026-05-06 09:00:00,119260.52976373416
2026-05-06 09:15:00,119260.52976373416
2026-05-06 09:30:00,119260.52976373416
2026-05-06 09:45:00,119260.52976373416
2026-05-06 10:00:00,119260.52976373416
2026-05-06 10:15:00,119260.52976373416
2026-05-06 10:30:00,119260.52976373416
2026-05-06 10:45:00,119260.52976373416
2026-05-06 11:00:00,119260.52976373416
2026-05-06 11:15:00,119260.52976373416
2026-05-06 11:30:00,119260.52976373416
2026-05-06 11:45:00,119260.52976373416
2026-05-06 12:00:00,119260.52976373416
2026-05-06 12:15:00,119260.52976373416
2026-05-06 12:30:00,119260.52976373416
2026-05-06 12:45:00,119260.52976373416
2026-05-06 13:00:00,119260.52976373416
2026-05-06 13:15:00,119260.52976373416
2026-05-06 13:30:00,119260.52976373416
2026-05-06 13:45:00,119260.52976373416
2026-05-06 14:00:00,119260.52976373416
2026-05-06 14:15:00,119260.52976373416
2026-05-06 14:30:00,119260.52976373416
2026-05-06 14:45:00,119260.52976373416
2026-05-06 15:00:00,119260.52976373416
2026-05-06 15:15:00,119260.52976373416
2026-05-06 15:30:00,119260.52976373416
2026-05-06 15:45:00,119260.52976373416
2026-05-06 16:00:00,119260.52976373416
2026-05-06 16:15:00,119260.52976373416
2026-05-06 16:30:00,119260.52976373416
2026-05-06 16:45:00,119260.52976373416
2026-05-06 17:00:00,119260.52976373416
2026-05-06 17:15:00,119260.52976373416
2026-05-06 17:30:00,119260.52976373416
2026-05-06 17:45:00,119260.52976373416
2026-05-06 18:00:00,119260.52976373416
2026-05-06 18:15:00,119260.52976373416
2026-05-06 18:30:00,119260.52976373416
2026-05-06 18:45:00,119260.52976373416
2026-05-06 19:00:00,119260.52976373416
2026-05-06 19:15:00,119260.52976373416
2026-05-06 19:30:00,119260.52976373416
2026-05-06 19:45:00,119260.52976373416
2026-05-06 20:00:00,119260.52976373416
2026-05-06 20:15:00,119260.52976373416
2026-05-06 20:30:00,119260.52976373416
2026-05-06 20:45:00,119260.52976373416
2026-05-06 21:00:00,119260.52976373416
2026-05-06 21:15:00,119260.52976373416
2026-05-06 21:30:00,119260.52976373416
2026-05-06 21:45:00,119260.52976373416
2026-05-06 22:00:00,119260.52976373416
2026-05-06 22:15:00,119260.52976373416
2026-05-06 22:30:00,119260.52976373416
2026-05-06 22:45:00,119260.52976373416
2026-05-06 23:00:00,119260.52976373416
2026-05-06 23:15:00,119260.52976373416
2026-05-06 23:30:00,119260.52976373416
2026-05-06 23:45:00,119260.52976373416
2026-05-07 01:00:00,119260.52976373416
2026-05-07 01:15:00,119260.52976373416
2026-05-07 01:30:00,119260.52976373416
2026-05-07 01:45:00,119260.52976373416
2026-05-07 02:00:00,119260.52976373416
2026-05-07 02:15:00,119260.52976373416
2026-05-07 02:30:00,119260.52976373416
2026-05-07 02:45:00,119260.52976373416
2026-05-07 03:00:00,119260.52976373416
2026-05-07 03:15:00,119260.52976373416
2026-05-07 03:30:00,119260.52976373416
2026-05-07 03:45:00,119260.52976373416
2026-05-07 04:00:00,119260.52976373416
2026-05-07 04:15:00,119260.52976373416
2026-05-07 04:30:00,119260.52976373416
2026-05-07 04:45:00,119260.52976373416
2026-05-07 05:00:00,119260.52976373416
2026-05-07 05:15:00,119260.52976373416
2026-05-07 05:30:00,119260.52976373416
2026-05-07 05:45:00,119260.52976373416
2026-05-07 06:00:00,119260.52976373416
2026-05-07 06:15:00,119260.52976373416
2026-05-07 06:30:00,119260.52976373416
2026-05-07 06:45:00,119260.52976373416
2026-05-07 07:00:00,119260.52976373416
2026-05-07 07:15:00,119260.52976373416
2026-05-07 07:30:00,119260.52976373416
2026-05-07 07:45:00,119260.52976373416
2026-05-07 08:00:00,119260.52976373416
2026-05-07 08:15:00,119260.52976373416
2026-05-07 08:30:00,119260.52976373416
2026-05-07 08:45:00,119260.52976373416
2026-05-07 09:00:00,119260.52976373416
2026-05-07 09:15:00,119260.52976373416
2026-05-07 09:30:00,119260.52976373416
2026-05-07 09:45:00,119260.52976373416
2026-05-07 10:00:00,119260.52976373416
2026-05-07 10:15:00,119260.52976373416
2026-05-07 10:30:00,119260.52976373416
2026-05-07 10:45:00,119260.52976373416
2026-05-07 11:00:00,119260.52976373416
2026-05-07 11:15:00,119260.52976373416
2026-05-07 11:30:00,119260.52976373416
2026-05-07 11:45:00,119260.52976373416
2026-05-07 12:00:00,119260.52976373416
2026-05-07 12:15:00,119260.52976373416
2026-05-07 12:30:00,119260.52976373416
2026-05-07 12:45:00,119260.52976373416
2026-05-07 13:00:00,119260.52976373416
2026-05-07 13:15:00,119260.52976373416
2026-05-07 13:30:00,119260.52976373416
2026-05-07 13:45:00,119260.52976373416
2026-05-07 14:00:00,119260.52976373416
2026-05-07 14:15:00,119260.52976373416
2026-05-07 14:30:00,119260.52976373416
2026-05-07 14:45:00,119260.52976373416
2026-05-07 15:00:00,119260.52976373416
2026-05-07 15:15:00,119260.52976373416
2026-05-07 15:30:00,119260.52976373416
2026-05-07 15:45:00,119260.52976373416
2026-05-07 16:00:00,119260.52976373416
2026-05-07 16:15:00,119260.52976373416
2026-05-07 16:30:00,119260.52976373416
2026-05-07 16:45:00,119260.52976373416
2026-05-07 17:00:00,119260.52976373416
2026-05-07 17:15:00,119260.52976373416
2026-05-07 17:30:00,119260.52976373416
2026-05-07 17:45:00,119260.52976373416
2026-05-07 18:00:00,119260.52976373416
2026-05-07 18:15:00,119260.52976373416
2026-05-07 18:30:00,119260.52976373416
2026-05-07 18:45:00,119260.52976373416
2026-05-07 19:00:00,119260.52976373416
2026-05-07 19:15:00,119260.52976373416
2026-05-07 19:30:00,119260.52976373416
2026-05-07 19:45:00,119260.52976373416
2026-05-07 20:00:00,119260.52976373416
2026-05-07 20:15:00,119260.52976373416
2026-05-07 20:30:00,119260.52976373416
2026-05-07 20:45:00,119260.52976373416
2026-05-07 21:00:00,119260.52976373416
2026-05-07 21:15:00,119260.52976373416
2026-05-07 21:30:00,119260.52976373416
2026-05-07 21:45:00,119260.52976373416
2026-05-07 22:00:00,119260.52976373416
2026-05-07 22:15:00,119260.52976373416
2026-05-07 22:30:00,119260.52976373416
2026-05-07 22:45:00,119260.52976373416
2026-05-07 23:00:00,119260.52976373416
2026-05-07 23:15:00,119260.52976373416
2026-05-07 23:30:00,119260.52976373416
2026-05-07 23:45:00,119260.52976373416
2026-05-08 01:00:00,119260.52976373416
2026-05-08 01:15:00,119260.52976373416
2026-05-08 01:30:00,119260.52976373416
2026-05-08 01:45:00,119260.52976373416
2026-05-08 02:00:00,119260.52976373416
2026-05-08 02:15:00,119260.52976373416
2026-05-08 02:30:00,119260.52976373416
2026-05-08 02:45:00,119260.52976373416
2026-05-08 03:00:00,119260.52976373416
2026-05-08 03:15:00,119260.52976373416
2026-05-08 03:30:00,119260.52976373416
2026-05-08 03:45:00,119260.52976373416
2026-05-08 04:00:00,119260.52976373416
2026-05-08 04:15:00,119260.52976373416
2026-05-08 04:30:00,119260.52976373416
2026-05-08 04:45:00,119260.52976373416
2026-05-08 05:00:00,119260.52976373416
2026-05-08 05:15:00,119260.52976373416
2026-05-08 05:30:00,119260.52976373416
2026-05-08 05:45:00,119260.52976373416
2026-05-08 06:00:00,119260.52976373416
2026-05-08 06:15:00,119260.52976373416
2026-05-08 06:30:00,119260.52976373416
2026-05-08 06:45:00,119260.52976373416
2026-05-08 07:00:00,119260.52976373416
2026-05-08 07:15:00,119260.52976373416
2026-05-08 07:30:00,119260.52976373416
2026-05-08 07:45:00,119260.52976373416
2026-05-08 08:00:00,119260.52976373416
2026-05-08 08:15:00,119260.52976373416
2026-05-08 08:30:00,119260.52976373416
2026-05-08 08:45:00,119260.52976373416
2026-05-08 09:00:00,119260.52976373416
2026-05-08 09:15:00,119260.52976373416
2026-05-08 09:30:00,119260.52976373416
2026-05-08 09:45:00,119260.52976373416
2026-05-08 10:00:00,119260.52976373416
2026-05-08 10:15:00,119260.52976373416
2026-05-08 10:30:00,119260.52976373416
2026-05-08 10:45:00,119260.52976373416
2026-05-08 11:00:00,119260.52976373416
2026-05-08 11:15:00,119260.52976373416
2026-05-08 11:30:00,119260.52976373416
2026-05-08 11:45:00,119260.52976373416
2026-05-08 12:00:00,119260.52976373416
2026-05-08 12:15:00,119260.52976373416
2026-05-08 12:30:00,119260.52976373416
2026-05-08 12:45:00,119260.52976373416
2026-05-08 13:00:00,119260.52976373416
2026-05-08 13:15:00,119260.52976373416
2026-05-08 13:30:00,119260.52976373416
2026-05-08 13:45:00,119260.52976373416
2026-05-08 14:00:00,119260.52976373416
2026-05-08 14:15:00,119260.52976373416
2026-05-08 14:30:00,119260.52976373416
2026-05-08 14:45:00,119260.52976373416
2026-05-08 15:00:00,119260.52976373416
2026-05-08 15:15:00,119260.52976373416
2026-05-08 15:30:00,119260.52976373416
2026-05-08 15:45:00,119260.52976373416
2026-05-08 16:00:00,119260.52976373416
2026-05-08 16:15:00,119260.52976373416
2026-05-08 16:30:00,119260.52976373416
2026-05-08 16:45:00,119260.52976373416
2026-05-08 17:00:00,119260.52976373416
2026-05-08 17:15:00,119260.52976373416
2026-05-08 17:30:00,119260.52976373416
2026-05-08 17:45:00,119260.52976373416
2026-05-08 18:00:00,119260.52976373416
2026-05-08 18:15:00,119260.52976373416
2026-05-08 18:30:00,119260.52976373416
2026-05-08 18:45:00,119260.52976373416
2026-05-08 19:00:00,119260.52976373416
2026-05-08 19:15:00,119260.52976373416
2026-05-08 19:30:00,119260.52976373416
2026-05-08 19:45:00,119260.52976373416
2026-05-08 20:00:00,119260.52976373416
2026-05-08 20:15:00,119260.52976373416
2026-05-08 20:30:00,119260.52976373416
2026-05-08 20:45:00,119260.52976373416
2026-05-08 21:00:00,119260.52976373416
2026-05-08 21:15:00,119260.52976373416
2026-05-08 21:30:00,119260.52976373416
2026-05-08 21:45:00,119260.52976373416
2026-05-08 22:00:00,119260.52976373416
2026-05-08 22:15:00,119260.52976373416
2026-05-08 22:30:00,119260.52976373416
2026-05-08 22:45:00,119260.52976373416
2026-05-08 23:00:00,119260.52976373416
2026-05-08 23:15:00,119260.52976373416
2026-05-08 23:30:00,119260.52976373416
2026-05-08 23:45:00,119260.52976373416
2026-05-11 01:00:00,119260.52976373416
2026-05-11 01:15:00,119260.52976373416
2026-05-11 01:30:00,119260.52976373416
2026-05-11 01:45:00,119260.52976373416
2026-05-11 02:00:00,119260.52976373416
2026-05-11 02:15:00,119260.52976373416
2026-05-11 02:30:00,119260.52976373416
2026-05-11 02:45:00,119260.52976373416
2026-05-11 03:00:00,119260.52976373416
2026-05-11 03:15:00,119260.52976373416
2026-05-11 03:30:00,119260.52976373416
2026-05-11 03:45:00,119260.52976373416
2026-05-11 04:00:00,119260.52976373416
2026-05-11 04:15:00,119260.52976373416
2026-05-11 04:30:00,119260.52976373416
2026-05-11 04:45:00,119260.52976373416
2026-05-11 05:00:00,119260.52976373416
2026-05-11 05:15:00,119260.52976373416
2026-05-11 05:30:00,119260.52976373416
2026-05-11 05:45:00,119260.52976373416
2026-05-11 06:00:00,119260.52976373416
2026-05-11 06:15:00,119260.52976373416
2026-05-11 06:30:00,119260.52976373416
2026-05-11 06:45:00,119260.52976373416
2026-05-11 07:00:00,119260.52976373416
2026-05-11 07:15:00,119260.52976373416
2026-05-11 07:30:00,119260.52976373416
2026-05-11 07:45:00,119260.52976373416
2026-05-11 08:00:00,119260.52976373416
2026-05-11 08:15:00,119260.52976373416
2026-05-11 08:30:00,119260.52976373416
2026-05-11 08:45:00,119260.52976373416
2026-05-11 09:00:00,119260.52976373416
2026-05-11 09:15:00,119260.52976373416
2026-05-11 09:30:00,119260.52976373416
2026-05-11 09:45:00,119260.52976373416
2026-05-11 10:00:00,119260.52976373416
2026-05-11 10:15:00,119260.52976373416
2026-05-11 10:30:00,119260.52976373416
2026-05-11 10:45:00,119260.52976373416
2026-05-11 11:00:00,119260.52976373416
2026-05-11 11:15:00,119260.52976373416
2026-05-11 11:30:00,119260.52976373416
2026-05-11 11:45:00,119260.52976373416
2026-05-11 12:00:00,119260.52976373416
2026-05-11 12:15:00,119260.52976373416
2026-05-11 12:30:00,119260.52976373416
2026-05-11 12:45:00,119260.52976373416
2026-05-11 13:00:00,119260.52976373416
2026-05-11 13:15:00,119260.52976373416
2026-05-11 13:30:00,119260.52976373416
2026-05-11 13:45:00,119260.52976373416
2026-05-11 14:00:00,119260.52976373416
2026-05-11 14:15:00,119260.52976373416
2026-05-11 14:30:00,119260.52976373416
2026-05-11 14:45:00,119260.52976373416
2026-05-11 15:00:00,119260.52976373416
2026-05-11 15:15:00,119260.52976373416
2026-05-11 15:30:00,119260.52976373416
2026-05-11 15:45:00,119260.52976373416
2026-05-11 16:00:00,119260.52976373416
2026-05-11 16:15:00,119260.52976373416
2026-05-11 16:30:00,119260.52976373416
2026-05-11 16:45:00,119260.52976373416
2026-05-11 17:00:00,119260.52976373416
2026-05-11 17:15:00,119260.52976373416
2026-05-11 17:30:00,119260.52976373416
2026-05-11 17:45:00,119260.52976373416
2026-05-11 18:00:00,119260.52976373416
2026-05-11 18:15:00,119260.52976373416
2026-05-11 18:30:00,119260.52976373416
2026-05-11 18:45:00,119260.52976373416
2026-05-11 19:00:00,119260.52976373416
2026-05-11 19:15:00,119260.52976373416
2026-05-11 19:30:00,119260.52976373416
2026-05-11 19:45:00,119260.52976373416
2026-05-11 20:00:00,119260.52976373416
2026-05-11 20:15:00,119260.52976373416
2026-05-11 20:30:00,119260.52976373416
2026-05-11 20:45:00,119260.52976373416
2026-05-11 21:00:00,119260.52976373416
2026-05-11 21:15:00,119260.52976373416
2026-05-11 21:30:00,119260.52976373416
2026-05-11 21:45:00,119260.52976373416
2026-05-11 22:00:00,119260.52976373416
2026-05-11 22:15:00,119260.52976373416
2026-05-11 22:30:00,119260.52976373416
2026-05-11 22:45:00,119260.52976373416
2026-05-11 23:00:00,119260.52976373416
2026-05-11 23:15:00,119260.52976373416
2026-05-11 23:30:00,119260.52976373416
2026-05-11 23:45:00,119260.52976373416
2026-05-12 01:00:00,119260.52976373416
2026-05-12 01:15:00,119260.52976373416
2026-05-12 01:30:00,119260.52976373416
2026-05-12 01:45:00,119260.52976373416
2026-05-12 02:00:00,119260.52976373416
2026-05-12 02:15:00,119260.52976373416
2026-05-12 02:30:00,119260.52976373416
2026-05-12 02:45:00,119260.52976373416
2026-05-12 03:00:00,119260.52976373416
2026-05-12 03:15:00,119260.52976373416
2026-05-12 03:30:00,119260.52976373416
2026-05-12 03:45:00,119260.52976373416
2026-05-12 04:00:00,119260.52976373416
2026-05-12 04:15:00,119260.52976373416
2026-05-12 04:30:00,119260.52976373416
2026-05-12 04:45:00,119260.52976373416
2026-05-12 05:00:00,119260.52976373416
2026-05-12 05:15:00,119260.52976373416
2026-05-12 05:30:00,119260.52976373416
2026-05-12 05:45:00,119260.52976373416
2026-05-12 06:00:00,119260.52976373416
2026-05-12 06:15:00,119260.52976373416
2026-05-12 06:30:00,119260.52976373416
2026-05-12 06:45:00,119260.52976373416
2026-05-12 07:00:00,119260.52976373416
2026-05-12 07:15:00,119260.52976373416
2026-05-12 07:30:00,119260.52976373416
2026-05-12 07:45:00,119260.52976373416
2026-05-12 08:00:00,119260.52976373416
2026-05-12 08:15:00,119260.52976373416
2026-05-12 08:30:00,119260.52976373416
2026-05-12 08:45:00,119260.52976373416
2026-05-12 09:00:00,119260.52976373416
2026-05-12 09:15:00,119260.52976373416
2026-05-12 09:30:00,119260.52976373416
2026-05-12 09:45:00,119260.52976373416
2026-05-12 10:00:00,119260.52976373416
2026-05-12 10:15:00,119260.52976373416
2026-05-12 10:30:00,119260.52976373416
2026-05-12 10:45:00,119260.52976373416
2026-05-12 11:00:00,119260.52976373416
2026-05-12 11:15:00,119260.52976373416
2026-05-12 11:30:00,119260.52976373416
2026-05-12 11:45:00,119260.52976373416
2026-05-12 12:00:00,119260.52976373416
2026-05-12 12:15:00,119260.52976373416
2026-05-12 12:30:00,119260.52976373416
2026-05-12 12:45:00,119260.52976373416
2026-05-12 13:00:00,119260.52976373416
2026-05-12 13:15:00,119260.52976373416
2026-05-12 13:30:00,119260.52976373416
2026-05-12 13:45:00,119260.52976373416
2026-05-12 14:00:00,119260.52976373416
2026-05-12 14:15:00,119260.52976373416
2026-05-12 14:30:00,119260.52976373416
2026-05-12 14:45:00,119260.52976373416
2026-05-12 15:00:00,119260.52976373416
2026-05-12 15:15:00,119260.52976373416
2026-05-12 15:30:00,119260.52976373416
2026-05-12 15:45:00,119260.52976373416
2026-05-12 16:00:00,119260.52976373416
2026-05-12 16:15:00,119260.52976373416
2026-05-12 16:30:00,119260.52976373416
2026-05-12 16:45:00,119260.52976373416
2026-05-12 17:00:00,119260.52976373416
2026-05-12 17:15:00,119260.52976373416
2026-05-12 17:30:00,119260.52976373416
2026-05-12 17:45:00,119260.52976373416
2026-05-12 18:00:00,119260.52976373416
2026-05-12 18:15:00,119260.52976373416
2026-05-12 18:30:00,119260.52976373416
2026-05-12 18:45:00,119260.52976373416
2026-05-12 19:00:00,119260.52976373416
2026-05-12 19:15:00,119260.52976373416
2026-05-12 19:30:00,119260.52976373416
2026-05-12 19:45:00,119260.52976373416
2026-05-12 20:00:00,119260.52976373416
2026-05-12 20:15:00,119260.52976373416
2026-05-12 20:30:00,119260.52976373416
2026-05-12 20:45:00,119260.52976373416
2026-05-12 21:00:00,119260.52976373416
2026-05-12 21:15:00,119260.52976373416
2026-05-12 21:30:00,119260.52976373416
2026-05-12 21:45:00,119260.52976373416
2026-05-12 22:00:00,119260.52976373416
2026-05-12 22:15:00,119260.52976373416
2026-05-12 22:30:00,119260.52976373416
2026-05-12 22:45:00,119260.52976373416
2026-05-12 23:00:00,119260.52976373416
2026-05-12 23:15:00,119260.52976373416
2026-05-12 23:30:00,119260.52976373416
2026-05-12 23:45:00,119260.52976373416
2026-05-13 01:00:00,119260.52976373416
2026-05-13 01:15:00,119260.52976373416
2026-05-13 01:30:00,119260.52976373416
2026-05-13 01:45:00,119260.52976373416
2026-05-13 02:00:00,119260.52976373416
2026-05-13 02:15:00,119260.52976373416
2026-05-13 02:30:00,119260.52976373416
2026-05-13 02:45:00,119260.52976373416
2026-05-13 03:00:00,119260.52976373416
2026-05-13 03:15:00,119260.52976373416
2026-05-13 03:30:00,119260.52976373416
2026-05-13 03:45:00,119260.52976373416
2026-05-13 04:00:00,119260.52976373416
2026-05-13 04:15:00,119260.52976373416
2026-05-13 04:30:00,119260.52976373416
2026-05-13 04:45:00,119260.52976373416
2026-05-13 05:00:00,119260.52976373416
2026-05-13 05:15:00,119260.52976373416
2026-05-13 05:30:00,119260.52976373416
2026-05-13 05:45:00,119260.52976373416
2026-05-13 06:00:00,119260.52976373416
2026-05-13 06:15:00,119260.52976373416
2026-05-13 06:30:00,119260.52976373416
2026-05-13 06:45:00,119260.52976373416
2026-05-13 07:00:00,119260.52976373416
2026-05-13 07:15:00,119260.52976373416
2026-05-13 07:30:00,119260.52976373416
2026-05-13 07:45:00,119260.52976373416
2026-05-13 08:00:00,119260.52976373416
2026-05-13 08:15:00,119260.52976373416
2026-05-13 08:30:00,119260.52976373416
2026-05-13 08:45:00,119260.52976373416
2026-05-13 09:00:00,119260.52976373416
2026-05-13 09:15:00,119260.52976373416
2026-05-13 09:30:00,119260.52976373416
2026-05-13 09:45:00,119260.52976373416
2026-05-13 10:00:00,119260.52976373416
2026-05-13 10:15:00,119260.52976373416
2026-05-13 10:30:00,119260.52976373416
2026-05-13 10:45:00,119260.52976373416
2026-05-13 11:00:00,119260.52976373416
2026-05-13 11:15:00,119260.52976373416
2026-05-13 11:30:00,119260.52976373416
2026-05-13 11:45:00,119260.52976373416
2026-05-13 12:00:00,119260.52976373416
2026-05-13 12:15:00,119260.52976373416
2026-05-13 12:30:00,119260.52976373416
2026-05-13 12:45:00,119260.52976373416
2026-05-13 13:00:00,119260.52976373416
2026-05-13 13:15:00,119260.52976373416
2026-05-13 13:30:00,119260.52976373416
2026-05-13 13:45:00,119260.52976373416
2026-05-13 14:00:00,119260.52976373416
2026-05-13 14:15:00,119260.52976373416
2026-05-13 14:30:00,119260.52976373416
2026-05-13 14:45:00,119260.52976373416
2026-05-13 15:00:00,119260.52976373416
2026-05-13 15:15:00,119260.52976373416
2026-05-13 15:30:00,119260.52976373416
2026-05-13 15:45:00,119260.52976373416
2026-05-13 16:00:00,119260.52976373416
2026-05-13 16:15:00,119260.52976373416
2026-05-13 16:30:00,119260.52976373416
2026-05-13 16:45:00,119260.52976373416
2026-05-13 17:00:00,119260.52976373416
2026-05-13 17:15:00,119260.52976373416
2026-05-13 17:30:00,119260.52976373416
2026-05-13 17:45:00,119260.52976373416
2026-05-13 18:00:00,119260.52976373416
2026-05-13 18:15:00,119260.52976373416
2026-05-13 18:30:00,119260.52976373416
2026-05-13 18:45:00,119260.52976373416
2026-05-13 19:00:00,119260.52976373416
2026-05-13 19:15:00,119260.52976373416
2026-05-13 19:30:00,119260.52976373416
2026-05-13 19:45:00,119260.52976373416
2026-05-13 20:00:00,119260.52976373416
2026-05-13 20:15:00,119260.52976373416
2026-05-13 20:30:00,119260.52976373416
2026-05-13 20:45:00,119260.52976373416
2026-05-13 21:00:00,119260.52976373416
2026-05-13 21:15:00,119260.52976373416
2026-05-13 21:30:00,119260.52976373416
2026-05-13 21:45:00,119260.52976373416
2026-05-13 22:00:00,119260.52976373416
2026-05-13 22:15:00,119260.52976373416
2026-05-13 22:30:00,119260.52976373416
2026-05-13 22:45:00,119260.52976373416
2026-05-13 23:00:00,119260.52976373416
2026-05-13 23:15:00,119260.52976373416
2026-05-13 23:30:00,119260.52976373416
2026-05-13 23:45:00,119260.52976373416
2026-05-14 01:00:00,119260.52976373416
2026-05-14 01:15:00,119260.52976373416
2026-05-14 01:30:00,119260.52976373416
2026-05-14 01:45:00,119260.52976373416
2026-05-14 02:00:00,119260.52976373416
2026-05-14 02:15:00,119260.52976373416
2026-05-14 02:30:00,119260.52976373416
2026-05-14 02:45:00,119260.52976373416
2026-05-14 03:00:00,119260.52976373416
2026-05-14 03:15:00,119260.52976373416
2026-05-14 03:30:00,119260.52976373416
2026-05-14 03:45:00,119260.52976373416
2026-05-14 04:00:00,119260.52976373416
2026-05-14 04:15:00,119260.52976373416
2026-05-14 04:30:00,119260.52976373416
2026-05-14 04:45:00,119260.52976373416
2026-05-14 05:00:00,119260.52976373416
2026-05-14 05:15:00,119260.52976373416
2026-05-14 05:30:00,119260.52976373416
2026-05-14 05:45:00,119260.52976373416
2026-05-14 06:00:00,119260.52976373416
2026-05-14 06:15:00,119260.52976373416
2026-05-14 06:30:00,119260.52976373416
2026-05-14 06:45:00,119260.52976373416
2026-05-14 07:00:00,119260.52976373416
2026-05-14 07:15:00,119260.52976373416
2026-05-14 07:30:00,119260.52976373416
2026-05-14 07:45:00,119260.52976373416
2026-05-14 08:00:00,119260.52976373416
2026-05-14 08:15:00,119260.52976373416
2026-05-14 08:30:00,119260.52976373416
2026-05-14 08:45:00,119260.52976373416
2026-05-14 09:00:00,119260.52976373416
2026-05-14 09:15:00,119260.52976373416
2026-05-14 09:30:00,119260.52976373416
2026-05-14 09:45:00,119260.52976373416
2026-05-14 10:00:00,119260.52976373416
2026-05-14 10:15:00,119260.52976373416
2026-05-14 10:30:00,119260.52976373416
2026-05-14 10:45:00,119260.52976373416
2026-05-14 11:00:00,119260.52976373416
2026-05-14 11:15:00,119260.52976373416
2026-05-14 11:30:00,119260.52976373416
2026-05-14 11:45:00,119260.52976373416
2026-05-14 12:00:00,119260.52976373416
2026-05-14 12:15:00,119260.52976373416
2026-05-14 12:30:00,119260.52976373416
2026-05-14 12:45:00,119260.52976373416
2026-05-14 13:00:00,119260.52976373416
2026-05-14 13:15:00,119260.52976373416
2026-05-14 13:30:00,119260.52976373416
2026-05-14 13:45:00,119260.52976373416
2026-05-14 14:00:00,119260.52976373416
2026-05-14 14:15:00,119260.52976373416
2026-05-14 14:30:00,119260.52976373416
2026-05-14 14:45:00,119260.52976373416
2026-05-14 15:00:00,119260.52976373416
2026-05-14 15:15:00,119260.52976373416
2026-05-14 15:30:00,119260.52976373416
2026-05-14 15:45:00,119260.52976373416
2026-05-14 16:00:00,119260.52976373416
2026-05-14 16:15:00,119260.52976373416
2026-05-14 16:30:00,119260.52976373416
2026-05-14 16:45:00,119260.52976373416
2026-05-14 17:00:00,119260.52976373416
2026-05-14 17:15:00,119260.52976373416
2026-05-14 17:30:00,119260.52976373416
2026-05-14 17:45:00,119260.52976373416
2026-05-14 18:00:00,119260.52976373416
2026-05-14 18:15:00,119260.52976373416
2026-05-14 18:30:00,119260.52976373416
2026-05-14 18:45:00,119260.52976373416
2026-05-14 19:00:00,119260.52976373416
2026-05-14 19:15:00,119260.52976373416
2026-05-14 19:30:00,119260.52976373416
2026-05-14 19:45:00,119260.52976373416
2026-05-14 20:00:00,119260.52976373416
2026-05-14 20:15:00,119260.52976373416
2026-05-14 20:30:00,119260.52976373416
2026-05-14 20:45:00,119260.52976373416
2026-05-14 21:00:00,119260.52976373416
2026-05-14 21:15:00,119260.52976373416
2026-05-14 21:30:00,119260.52976373416
2026-05-14 21:45:00,119260.52976373416
2026-05-14 22:00:00,119260.52976373416
2026-05-14 22:15:00,119260.52976373416
2026-05-14 22:30:00,119260.52976373416
2026-05-14 22:45:00,119260.52976373416
2026-05-14 23:00:00,119260.52976373416
2026-05-14 23:15:00,119260.52976373416
2026-05-14 23:30:00,119260.52976373416
2026-05-14 23:45:00,119260.52976373416
2026-05-15 01:00:00,119260.52976373416
2026-05-15 01:15:00,119260.52976373416
2026-05-15 01:30:00,119260.52976373416
2026-05-15 01:45:00,119260.52976373416
2026-05-15 02:00:00,119260.52976373416
2026-05-15 02:15:00,119260.52976373416
2026-05-15 02:30:00,119260.52976373416
2026-05-15 02:45:00,119260.52976373416
2026-05-15 03:00:00,119260.52976373416
2026-05-15 03:15:00,119260.52976373416
2026-05-15 03:30:00,119260.52976373416
2026-05-15 03:45:00,119260.52976373416
2026-05-15 04:00:00,119260.52976373416
2026-05-15 04:15:00,119260.52976373416
2026-05-15 04:30:00,119260.52976373416
2026-05-15 04:45:00,119260.52976373416
2026-05-15 05:00:00,119260.52976373416
2026-05-15 05:15:00,119260.52976373416
2026-05-15 05:30:00,119260.52976373416
2026-05-15 05:45:00,119260.52976373416
2026-05-15 06:00:00,119260.52976373416
2026-05-15 06:15:00,119260.52976373416
2026-05-15 06:30:00,119260.52976373416
2026-05-15 06:45:00,119260.52976373416
2026-05-15 07:00:00,119260.52976373416
2026-05-15 07:15:00,119260.52976373416
2026-05-15 07:30:00,119260.52976373416
2026-05-15 07:45:00,119260.52976373416
2026-05-15 08:00:00,119260.52976373416
2026-05-15 08:15:00,119260.52976373416
2026-05-15 08:30:00,119260.52976373416
2026-05-15 08:45:00,119260.52976373416
2026-05-15 09:00:00,119260.52976373416
2026-05-15 09:15:00,119260.52976373416
2026-05-15 09:30:00,119260.52976373416
2026-05-15 09:45:00,119260.52976373416
2026-05-15 10:00:00,119260.52976373416
2026-05-15 10:15:00,119260.52976373416
2026-05-15 10:30:00,119260.52976373416
2026-05-15 10:45:00,119260.52976373416
2026-05-15 11:00:00,119260.52976373416
2026-05-15 11:15:00,119260.52976373416
2026-05-15 11:30:00,119260.52976373416
2026-05-15 11:45:00,119260.52976373416
2026-05-15 12:00:00,119260.52976373416
2026-05-15 12:15:00,119260.52976373416
2026-05-15 12:30:00,119260.52976373416
2026-05-15 12:45:00,119260.52976373416
2026-05-15 13:00:00,119260.52976373416
2026-05-15 13:15:00,119260.52976373416
2026-05-15 13:30:00,119260.52976373416
2026-05-15 13:45:00,119260.52976373416
2026-05-15 14:00:00,119260.52976373416
2026-05-15 14:15:00,119260.52976373416
2026-05-15 14:30:00,119260.52976373416
2026-05-15 14:45:00,119260.52976373416
2026-05-15 15:00:00,119260.52976373416
2026-05-15 15:15:00,119260.52976373416
2026-05-15 15:30:00,119260.52976373416
2026-05-15 15:45:00,119260.52976373416
2026-05-15 16:00:00,119260.52976373416
2026-05-15 16:15:00,119260.52976373416
2026-05-15 16:30:00,119260.52976373416
2026-05-15 16:45:00,119260.52976373416
2026-05-15 17:00:00,119260.52976373416
2026-05-15 17:15:00,119260.52976373416
2026-05-15 17:30:00,119260.52976373416
2026-05-15 17:45:00,119260.52976373416
2026-05-15 18:00:00,119260.52976373416
2026-05-15 18:15:00,119260.52976373416
2026-05-15 18:30:00,119260.52976373416
2026-05-15 18:45:00,119260.52976373416
2026-05-15 19:00:00,119260.52976373416
2026-05-15 19:15:00,119260.52976373416
2026-05-15 19:30:00,119260.52976373416
2026-05-15 19:45:00,119260.52976373416
2026-05-15 20:00:00,119260.52976373416
2026-05-15 20:15:00,119260.52976373416
2026-05-15 20:30:00,119260.52976373416
2026-05-15 20:45:00,119260.52976373416
2026-05-15 21:00:00,119260.52976373416
2026-05-15 21:15:00,119260.52976373416
2026-05-15 21:30:00,119260.52976373416
2026-05-15 21:45:00,119260.52976373416
2026-05-15 22:00:00,119260.52976373416
2026-05-15 22:15:00,119260.52976373416
2026-05-15 22:30:00,119260.52976373416
2026-05-15 22:45:00,119260.52976373416
2026-05-15 23:00:00,119260.52976373416
2026-05-15 23:15:00,119260.52976373416
2026-05-15 23:30:00,119260.52976373416
2026-05-15 23:45:00,119260.52976373416
2026-05-18 01:00:00,119260.52976373416
2026-05-18 01:15:00,119260.52976373416
2026-05-18 01:30:00,119260.52976373416
2026-05-18 01:45:00,119260.52976373416
2026-05-18 02:00:00,119260.52976373416
2026-05-18 02:15:00,119260.52976373416
2026-05-18 02:30:00,119260.52976373416
2026-05-18 02:45:00,119260.52976373416
2026-05-18 03:00:00,119260.52976373416
2026-05-18 03:15:00,119260.52976373416
2026-05-18 03:30:00,119260.52976373416
2026-05-18 03:45:00,119260.52976373416
2026-05-18 04:00:00,119260.52976373416
2026-05-18 04:15:00,119260.52976373416
2026-05-18 04:30:00,119260.52976373416
2026-05-18 04:45:00,119260.52976373416
2026-05-18 05:00:00,119260.52976373416
2026-05-18 05:15:00,119260.52976373416
2026-05-18 05:30:00,119260.52976373416
2026-05-18 05:45:00,119260.52976373416
2026-05-18 06:00:00,119260.52976373416
2026-05-18 06:15:00,119260.52976373416
2026-05-18 06:30:00,119260.52976373416
2026-05-18 06:45:00,119260.52976373416
2026-05-18 07:00:00,119260.52976373416
2026-05-18 07:15:00,119260.52976373416
2026-05-18 07:30:00,119260.52976373416
2026-05-18 07:45:00,119260.52976373416
2026-05-18 08:00:00,119260.52976373416
2026-05-18 08:15:00,119260.52976373416
2026-05-18 08:30:00,119260.52976373416
2026-05-18 08:45:00,119260.52976373416
2026-05-18 09:00:00,119260.52976373416
2026-05-18 09:15:00,119260.52976373416
2026-05-18 09:30:00,119260.52976373416
2026-05-18 09:45:00,119260.52976373416
2026-05-18 10:00:00,119260.52976373416
2026-05-18 10:15:00,119260.52976373416
2026-05-18 10:30:00,119260.52976373416
2026-05-18 10:45:00,119260.52976373416
2026-05-18 11:00:00,119260.52976373416
2026-05-18 11:15:00,119260.52976373416
2026-05-18 11:30:00,119260.52976373416
2026-05-18 11:45:00,119260.52976373416
2026-05-18 12:00:00,119260.52976373416
2026-05-18 12:15:00,119260.52976373416
2026-05-18 12:30:00,119260.52976373416
2026-05-18 12:45:00,119260.52976373416
2026-05-18 13:00:00,119260.52976373416
2026-05-18 13:15:00,119260.52976373416
2026-05-18 13:30:00,119260.52976373416
2026-05-18 13:45:00,119260.52976373416
2026-05-18 14:00:00,119260.52976373416
2026-05-18 14:15:00,119260.52976373416
2026-05-18 14:30:00,119260.52976373416
2026-05-18 14:45:00,119260.52976373416
2026-05-18 15:00:00,119260.52976373416
2026-05-18 15:15:00,119260.52976373416
2026-05-18 15:30:00,119260.52976373416
2026-05-18 15:45:00,119260.52976373416
2026-05-18 16:00:00,119260.52976373416
2026-05-18 16:15:00,119260.52976373416
2026-05-18 16:30:00,119260.52976373416
2026-05-18 16:45:00,119260.52976373416
2026-05-18 17:00:00,119260.52976373416
2026-05-18 17:15:00,119260.52976373416
2026-05-18 17:30:00,119260.52976373416
2026-05-18 17:45:00,119260.52976373416
2026-05-18 18:00:00,119260.52976373416
2026-05-18 18:15:00,119260.52976373416
2026-05-18 18:30:00,119260.52976373416
2026-05-18 18:45:00,119260.52976373416
2026-05-18 19:00:00,119260.52976373416
2026-05-18 19:15:00,119260.52976373416
2026-05-18 19:30:00,119260.52976373416
2026-05-18 19:45:00,119260.52976373416
2026-05-18 20:00:00,119260.52976373416
2026-05-18 20:15:00,119260.52976373416
2026-05-18 20:30:00,119260.52976373416
2026-05-18 20:45:00,119260.52976373416
2026-05-18 21:00:00,119260.52976373416
2026-05-18 21:15:00,119260.52976373416
2026-05-18 21:30:00,119260.52976373416
2026-05-18 21:45:00,119260.52976373416
2026-05-18 22:00:00,119260.52976373416
2026-05-18 22:15:00,119260.52976373416
2026-05-18 22:30:00,119260.52976373416
2026-05-18 22:45:00,119260.52976373416
2026-05-18 23:00:00,119260.52976373416
2026-05-18 23:15:00,119260.52976373416
2026-05-18 23:30:00,119260.52976373416
2026-05-18 23:45:00,119260.52976373416
2026-05-19 01:00:00,119260.52976373416
2026-05-19 01:15:00,119260.52976373416
2026-05-19 01:30:00,119260.52976373416
2026-05-19 01:45:00,119260.52976373416
2026-05-19 02:00:00,119260.52976373416
2026-05-19 02:15:00,119260.52976373416
2026-05-19 02:30:00,119260.52976373416
2026-05-19 02:45:00,119260.52976373416
2026-05-19 03:00:00,119260.52976373416
2026-05-19 03:15:00,119260.52976373416
2026-05-19 03:30:00,119260.52976373416
2026-05-19 03:45:00,119260.52976373416
2026-05-19 04:00:00,119260.52976373416
2026-05-19 04:15:00,119260.52976373416
2026-05-19 04:30:00,119260.52976373416
2026-05-19 04:45:00,119260.52976373416
2026-05-19 05:00:00,119260.52976373416
2026-05-19 05:15:00,119260.52976373416
2026-05-19 05:30:00,119260.52976373416
2026-05-19 05:45:00,119260.52976373416
2026-05-19 06:00:00,119260.52976373416
2026-05-19 06:15:00,119260.52976373416
2026-05-19 06:30:00,119260.52976373416
2026-05-19 06:45:00,119260.52976373416
2026-05-19 07:00:00,119260.52976373416
2026-05-19 07:15:00,119260.52976373416
2026-05-19 07:30:00,119260.52976373416
2026-05-19 07:45:00,119260.52976373416
2026-05-19 08:00:00,119260.52976373416
2026-05-19 08:15:00,119260.52976373416
2026-05-19 08:30:00,119260.52976373416
2026-05-19 08:45:00,119260.52976373416
2026-05-19 09:00:00,119260.52976373416
2026-05-19 09:15:00,119260.52976373416
2026-05-19 09:30:00,119260.52976373416
2026-05-19 09:45:00,119260.52976373416
2026-05-19 10:00:00,119260.52976373416
2026-05-19 10:15:00,119260.52976373416
2026-05-19 10:30:00,119260.52976373416
2026-05-19 10:45:00,119260.52976373416
2026-05-19 11:00:00,119260.52976373416
2026-05-19 11:15:00,119260.52976373416
2026-05-19 11:30:00,119260.52976373416
2026-05-19 11:45:00,119260.52976373416
2026-05-19 12:00:00,119260.52976373416
2026-05-19 12:15:00,119260.52976373416
2026-05-19 12:30:00,119260.52976373416
2026-05-19 12:45:00,119260.52976373416
2026-05-19 13:00:00,119260.52976373416
2026-05-19 13:15:00,119260.52976373416
2026-05-19 13:30:00,119260.52976373416
2026-05-19 13:45:00,119260.52976373416
2026-05-19 14:00:00,119260.52976373416
2026-05-19 14:15:00,119260.52976373416
2026-05-19 14:30:00,119260.52976373416
2026-05-19 14:45:00,119260.52976373416
2026-05-19 15:00:00,119260.52976373416
2026-05-19 15:15:00,119260.52976373416
2026-05-19 15:30:00,119260.52976373416
2026-05-19 15:45:00,119260.52976373416
2026-05-19 16:00:00,119260.52976373416
2026-05-19 16:15:00,119260.52976373416
2026-05-19 16:30:00,119260.52976373416
2026-05-19 16:45:00,119260.52976373416
2026-05-19 17:00:00,119260.52976373416
2026-05-19 17:15:00,119260.52976373416
2026-05-19 17:30:00,119260.52976373416
2026-05-19 17:45:00,119260.52976373416
2026-05-19 18:00:00,119260.52976373416
2026-05-19 18:15:00,119260.52976373416
2026-05-19 18:30:00,119260.52976373416
2026-05-19 18:45:00,119260.52976373416
2026-05-19 19:00:00,119260.52976373416
2026-05-19 19:15:00,119260.52976373416
2026-05-19 19:30:00,119260.52976373416
2026-05-19 19:45:00,119260.52976373416
2026-05-19 20:00:00,119260.52976373416
2026-05-19 20:15:00,119260.52976373416
2026-05-19 20:30:00,119260.52976373416
2026-05-19 20:45:00,119260.52976373416
2026-05-19 21:00:00,119260.52976373416
2026-05-19 21:15:00,119260.52976373416
2026-05-19 21:30:00,119260.52976373416
2026-05-19 21:45:00,119260.52976373416
2026-05-19 22:00:00,119260.52976373416
2026-05-19 22:15:00,119260.52976373416
2026-05-19 22:30:00,119260.52976373416
2026-05-19 22:45:00,119260.52976373416
2026-05-19 23:00:00,119260.52976373416
2026-05-19 23:15:00,119260.52976373416
2026-05-19 23:30:00,119260.52976373416
2026-05-19 23:45:00,119260.52976373416
2026-05-20 01:00:00,119260.52976373416
2026-05-20 01:15:00,119260.52976373416
2026-05-20 01:30:00,119260.52976373416
2026-05-20 01:45:00,119260.52976373416
2026-05-20 02:00:00,119260.52976373416
2026-05-20 02:15:00,119260.52976373416
2026-05-20 02:30:00,119260.52976373416
2026-05-20 02:45:00,119260.52976373416
2026-05-20 03:00:00,119260.52976373416
2026-05-20 03:15:00,119260.52976373416
2026-05-20 03:30:00,119260.52976373416
2026-05-20 03:45:00,119260.52976373416
2026-05-20 04:00:00,119260.52976373416
2026-05-20 04:15:00,119260.52976373416
2026-05-20 04:30:00,119260.52976373416
2026-05-20 04:45:00,119260.52976373416
2026-05-20 05:00:00,119260.52976373416
2026-05-20 05:15:00,119260.52976373416
2026-05-20 05:30:00,119260.52976373416
2026-05-20 05:45:00,119260.52976373416
2026-05-20 06:00:00,119260.52976373416
2026-05-20 06:15:00,119260.52976373416
2026-05-20 06:30:00,119260.52976373416
2026-05-20 06:45:00,119260.52976373416
2026-05-20 07:00:00,119260.52976373416
2026-05-20 07:15:00,119260.52976373416
2026-05-20 07:30:00,119260.52976373416
2026-05-20 07:45:00,119260.52976373416
2026-05-20 08:00:00,119260.52976373416
2026-05-20 08:15:00,119260.52976373416
2026-05-20 08:30:00,119260.52976373416
2026-05-20 08:45:00,119260.52976373416
2026-05-20 09:00:00,119260.52976373416
2026-05-20 09:15:00,119260.52976373416
2026-05-20 09:30:00,119260.52976373416
2026-05-20 09:45:00,119260.52976373416
2026-05-20 10:00:00,119260.52976373416
2026-05-20 10:15:00,119260.52976373416
2026-05-20 10:30:00,119260.52976373416
2026-05-20 10:45:00,119260.52976373416
2026-05-20 11:00:00,119260.52976373416
2026-05-20 11:15:00,119260.52976373416
2026-05-20 11:30:00,119260.52976373416
2026-05-20 11:45:00,119260.52976373416
2026-05-20 12:00:00,119260.52976373416
2026-05-20 12:15:00,119260.52976373416
2026-05-20 12:30:00,119260.52976373416
2026-05-20 12:45:00,119260.52976373416
2026-05-20 13:00:00,119260.52976373416
2026-05-20 13:15:00,119260.52976373416
2026-05-20 13:30:00,119260.52976373416
2026-05-20 13:45:00,119260.52976373416
2026-05-20 14:00:00,119260.52976373416
2026-05-20 14:15:00,119260.52976373416
2026-05-20 14:30:00,119260.52976373416
2026-05-20 14:45:00,119260.52976373416
2026-05-20 15:00:00,119260.52976373416
2026-05-20 15:15:00,119260.52976373416
2026-05-20 15:30:00,119260.52976373416
2026-05-20 15:45:00,119260.52976373416
2026-05-20 16:00:00,119260.52976373416
2026-05-20 16:15:00,119260.52976373416
2026-05-20 16:30:00,119260.52976373416
2026-05-20 16:45:00,119260.52976373416
2026-05-20 17:00:00,119260.52976373416
2026-05-20 17:15:00,119260.52976373416
2026-05-20 17:30:00,119260.52976373416
2026-05-20 17:45:00,119260.52976373416
2026-05-20 18:00:00,119260.52976373416
2026-05-20 18:15:00,119260.52976373416
2026-05-20 18:30:00,119260.52976373416
2026-05-20 18:45:00,119260.52976373416
2026-05-20 19:00:00,119260.52976373416
2026-05-20 19:15:00,119260.52976373416
2026-05-20 19:30:00,119260.52976373416
2026-05-20 19:45:00,119260.52976373416
2026-05-20 20:00:00,119260.52976373416
2026-05-20 20:15:00,119260.52976373416
2026-05-20 20:30:00,119260.52976373416
2026-05-20 20:45:00,119260.52976373416
2026-05-20 21:00:00,119260.52976373416
2026-05-20 21:15:00,119260.52976373416
2026-05-20 21:30:00,119260.52976373416
2026-05-20 21:45:00,119260.52976373416
2026-05-20 22:00:00,119260.52976373416
2026-05-20 22:15:00,119260.52976373416
2026-05-20 22:30:00,119260.52976373416
2026-05-20 22:45:00,119260.52976373416
2026-05-20 23:00:00,119260.52976373416
2026-05-20 23:15:00,119260.52976373416
2026-05-20 23:30:00,119260.52976373416
2026-05-20 23:45:00,119260.52976373416
2026-05-21 01:00:00,119260.52976373416
2026-05-21 01:15:00,119260.52976373416
2026-05-21 01:30:00,119260.52976373416
2026-05-21 01:45:00,119260.52976373416
2026-05-21 02:00:00,119260.52976373416
2026-05-21 02:15:00,119260.52976373416
2026-05-21 02:30:00,119260.52976373416
2026-05-21 02:45:00,119260.52976373416
2026-05-21 03:00:00,119260.52976373416
2026-05-21 03:15:00,119260.52976373416
2026-05-21 03:30:00,119260.52976373416
2026-05-21 03:45:00,119260.52976373416
2026-05-21 04:00:00,119260.52976373416
2026-05-21 04:15:00,119260.52976373416
2026-05-21 04:30:00,119260.52976373416
2026-05-21 04:45:00,119260.52976373416
2026-05-21 05:00:00,119260.52976373416
2026-05-21 05:15:00,119260.52976373416
2026-05-21 05:30:00,119260.52976373416
2026-05-21 05:45:00,119260.52976373416
2026-05-21 06:00:00,119260.52976373416
2026-05-21 06:15:00,119260.52976373416
2026-05-21 06:30:00,119260.52976373416
2026-05-21 06:45:00,119260.52976373416
2026-05-21 07:00:00,119260.52976373416
2026-05-21 07:15:00,119260.52976373416
2026-05-21 07:30:00,119260.52976373416
2026-05-21 07:45:00,119260.52976373416
2026-05-21 08:00:00,119260.52976373416
2026-05-21 08:15:00,119260.52976373416
2026-05-21 08:30:00,119260.52976373416
2026-05-21 08:45:00,119260.52976373416
2026-05-21 09:00:00,119260.52976373416
2026-05-21 09:15:00,119260.52976373416
2026-05-21 09:30:00,119260.52976373416
2026-05-21 09:45:00,119260.52976373416
2026-05-21 10:00:00,119260.52976373416
2026-05-21 10:15:00,119260.52976373416
2026-05-21 10:30:00,119260.52976373416
2026-05-21 10:45:00,119260.52976373416
2026-05-21 11:00:00,119260.52976373416
2026-05-21 11:15:00,119260.52976373416
2026-05-21 11:30:00,119260.52976373416
2026-05-21 11:45:00,119260.52976373416
2026-05-21 12:00:00,119260.52976373416
2026-05-21 12:15:00,119260.52976373416
2026-05-21 12:30:00,119260.52976373416
2026-05-21 12:45:00,119260.52976373416
2026-05-21 13:00:00,119260.52976373416
2026-05-21 13:15:00,119260.52976373416
2026-05-21 13:30:00,119260.52976373416
2026-05-21 13:45:00,119260.52976373416
2026-05-21 14:00:00,119260.52976373416
2026-05-21 14:15:00,119260.52976373416
2026-05-21 14:30:00,119260.52976373416
2026-05-21 14:45:00,119260.52976373416
2026-05-21 15:00:00,119260.52976373416
2026-05-21 15:15:00,119260.52976373416
2026-05-21 15:30:00,119260.52976373416
2026-05-21 15:45:00,119260.52976373416
2026-05-21 16:00:00,119260.52976373416
2026-05-21 16:15:00,119260.52976373416
2026-05-21 16:30:00,119260.52976373416
2026-05-21 16:45:00,119260.52976373416
2026-05-21 17:00:00,119260.52976373416
2026-05-21 17:15:00,119260.52976373416
2026-05-21 17:30:00,119260.52976373416
2026-05-21 17:45:00,119260.52976373416
2026-05-21 18:00:00,119260.52976373416
2026-05-21 18:15:00,119260.52976373416
2026-05-21 18:30:00,119260.52976373416
2026-05-21 18:45:00,119260.52976373416
2026-05-21 19:00:00,119260.52976373416
2026-05-21 19:15:00,119260.52976373416
2026-05-21 19:30:00,119260.52976373416
2026-05-21 19:45:00,119260.52976373416
2026-05-21 20:00:00,119260.52976373416
2026-05-21 20:15:00,119260.52976373416
2026-05-21 20:30:00,119260.52976373416
2026-05-21 20:45:00,119260.52976373416
2026-05-21 21:00:00,119260.52976373416
2026-05-21 21:15:00,119260.52976373416
2026-05-21 21:30:00,119260.52976373416
2026-05-21 21:45:00,119260.52976373416
2026-05-21 22:00:00,119260.52976373416
2026-05-21 22:15:00,119260.52976373416
2026-05-21 22:30:00,119260.52976373416
2026-05-21 22:45:00,119260.52976373416
2026-05-21 23:00:00,119260.52976373416
2026-05-21 23:15:00,119260.52976373416
2026-05-21 23:30:00,119260.52976373416
2026-05-21 23:45:00,119260.52976373416
2026-05-22 01:00:00,119260.52976373416
2026-05-22 01:15:00,119260.52976373416
2026-05-22 01:30:00,119260.52976373416
2026-05-22 01:45:00,119260.52976373416
2026-05-22 02:00:00,119260.52976373416
2026-05-22 02:15:00,119260.52976373416
2026-05-22 02:30:00,119260.52976373416
2026-05-22 02:45:00,119260.52976373416
2026-05-22 03:00:00,119260.52976373416
2026-05-22 03:15:00,119260.52976373416
2026-05-22 03:30:00,119260.52976373416
2026-05-22 03:45:00,119260.52976373416
2026-05-22 04:00:00,119260.52976373416
2026-05-22 04:15:00,119260.52976373416
2026-05-22 04:30:00,119260.52976373416
2026-05-22 04:45:00,119260.52976373416
2026-05-22 05:00:00,119260.52976373416
2026-05-22 05:15:00,119260.52976373416
2026-05-22 05:30:00,119260.52976373416
2026-05-22 05:45:00,119260.52976373416
2026-05-22 06:00:00,119260.52976373416
2026-05-22 06:15:00,119260.52976373416
2026-05-22 06:30:00,119260.52976373416
2026-05-22 06:45:00,119260.52976373416
2026-05-22 07:00:00,119260.52976373416
2026-05-22 07:15:00,119260.52976373416
2026-05-22 07:30:00,119260.52976373416
2026-05-22 07:45:00,119260.52976373416
2026-05-22 08:00:00,119260.52976373416
2026-05-22 08:15:00,119260.52976373416
2026-05-22 08:30:00,119260.52976373416
2026-05-22 08:45:00,119260.52976373416
2026-05-22 09:00:00,119260.52976373416
2026-05-22 09:15:00,119260.52976373416
2026-05-22 09:30:00,119260.52976373416
2026-05-22 09:45:00,119260.52976373416
2026-05-22 10:00:00,119260.52976373416
2026-05-22 10:15:00,119260.52976373416
2026-05-22 10:30:00,119260.52976373416
2026-05-22 10:45:00,119260.52976373416
2026-05-22 11:00:00,119260.52976373416
2026-05-22 11:15:00,119260.52976373416
2026-05-22 11:30:00,119260.52976373416
2026-05-22 11:45:00,119260.52976373416
2026-05-22 12:00:00,119260.52976373416
2026-05-22 12:15:00,119260.52976373416
2026-05-22 12:30:00,119260.52976373416
2026-05-22 12:45:00,119260.52976373416
2026-05-22 13:00:00,119260.52976373416
2026-05-22 13:15:00,119260.52976373416
2026-05-22 13:30:00,119260.52976373416
2026-05-22 13:45:00,119260.52976373416
2026-05-22 14:00:00,119260.52976373416
2026-05-22 14:15:00,119260.52976373416
2026-05-22 14:30:00,119260.52976373416
2026-05-22 14:45:00,119260.52976373416
2026-05-22 15:00:00,119260.52976373416
2026-05-22 15:15:00,119260.52976373416
2026-05-22 15:30:00,119260.52976373416
2026-05-22 15:45:00,119260.52976373416
2026-05-22 16:00:00,119260.52976373416
2026-05-22 16:15:00,119260.52976373416
2026-05-22 16:30:00,119260.52976373416
2026-05-22 16:45:00,119260.52976373416
2026-05-22 17:00:00,119260.52976373416
2026-05-22 17:15:00,119260.52976373416
2026-05-22 17:30:00,119260.52976373416
2026-05-22 17:45:00,119260.52976373416
2026-05-22 18:00:00,119260.52976373416
2026-05-22 18:15:00,119260.52976373416
2026-05-22 18:30:00,119260.52976373416
2026-05-22 18:45:00,119260.52976373416
2026-05-22 19:00:00,119260.52976373416
2026-05-22 19:15:00,119260.52976373416
2026-05-22 19:30:00,119260.52976373416
2026-05-22 19:45:00,119260.52976373416
2026-05-22 20:00:00,119260.52976373416
2026-05-22 20:15:00,119260.52976373416
2026-05-22 20:30:00,119260.52976373416
2026-05-22 20:45:00,119260.52976373416
2026-05-22 21:00:00,119260.52976373416
2026-05-22 21:15:00,119260.52976373416
2026-05-22 21:30:00,119260.52976373416
2026-05-22 21:45:00,119260.52976373416
2026-05-22 22:00:00,119260.52976373416
2026-05-22 22:15:00,119260.52976373416
2026-05-22 22:30:00,119260.52976373416
2026-05-22 22:45:00,119260.52976373416
2026-05-22 23:00:00,119260.52976373416
2026-05-22 23:15:00,119260.52976373416
2026-05-22 23:30:00,119260.52976373416
2026-05-22 23:45:00,119260.52976373416
2026-05-25 01:00:00,119260.52976373416
2026-05-25 01:15:00,119260.52976373416
2026-05-25 01:30:00,119260.52976373416
2026-05-25 01:45:00,119260.52976373416
2026-05-25 02:00:00,119260.52976373416
2026-05-25 02:15:00,119260.52976373416
2026-05-25 02:30:00,119260.52976373416
2026-05-25 02:45:00,119260.52976373416
2026-05-25 03:00:00,119260.52976373416
2026-05-25 03:15:00,119260.52976373416
2026-05-25 03:30:00,119260.52976373416
2026-05-25 03:45:00,119260.52976373416
2026-05-25 04:00:00,119260.52976373416
2026-05-25 04:15:00,119260.52976373416
2026-05-25 04:30:00,119260.52976373416
2026-05-25 04:45:00,119260.52976373416
2026-05-25 05:00:00,119260.52976373416
2026-05-25 05:15:00,119260.52976373416
2026-05-25 05:30:00,119260.52976373416
2026-05-25 05:45:00,119260.52976373416
2026-05-25 06:00:00,119260.52976373416
2026-05-25 06:15:00,119260.52976373416
2026-05-25 06:30:00,119260.52976373416
2026-05-25 06:45:00,119260.52976373416
2026-05-25 07:00:00,119260.52976373416
2026-05-25 07:15:00,119260.52976373416
2026-05-25 07:30:00,119260.52976373416
2026-05-25 07:45:00,119260.52976373416
2026-05-25 08:00:00,119260.52976373416
2026-05-25 08:15:00,119260.52976373416
2026-05-25 08:30:00,119260.52976373416
2026-05-25 08:45:00,119260.52976373416
2026-05-25 09:00:00,119260.52976373416
2026-05-25 09:15:00,119260.52976373416
2026-05-25 09:30:00,119260.52976373416
2026-05-25 09:45:00,119260.52976373416
2026-05-25 10:00:00,119260.52976373416
2026-05-25 10:15:00,119260.52976373416
2026-05-25 10:30:00,119260.52976373416
2026-05-25 10:45:00,119260.52976373416
2026-05-25 11:00:00,119260.52976373416
2026-05-25 11:15:00,119260.52976373416
2026-05-25 11:30:00,119260.52976373416
2026-05-25 11:45:00,119260.52976373416
2026-05-25 12:00:00,119260.52976373416
2026-05-25 12:15:00,119260.52976373416
2026-05-25 12:30:00,119260.52976373416
2026-05-25 12:45:00,119260.52976373416
2026-05-25 13:00:00,119260.52976373416
2026-05-25 13:15:00,119260.52976373416
2026-05-25 13:30:00,119260.52976373416
2026-05-25 13:45:00,119260.52976373416
2026-05-25 14:00:00,119260.52976373416
2026-05-25 14:15:00,119260.52976373416
2026-05-25 14:30:00,119260.52976373416
2026-05-25 14:45:00,119260.52976373416
2026-05-25 15:00:00,119260.52976373416
2026-05-25 15:15:00,119260.52976373416
2026-05-25 15:30:00,119260.52976373416
2026-05-25 15:45:00,119260.52976373416
2026-05-25 16:00:00,119260.52976373416
2026-05-25 16:15:00,119260.52976373416
2026-05-25 16:30:00,119260.52976373416
2026-05-25 16:45:00,119260.52976373416
2026-05-25 17:00:00,119260.52976373416
2026-05-25 17:15:00,119260.52976373416
2026-05-25 17:30:00,119260.52976373416
2026-05-25 17:45:00,119260.52976373416
2026-05-25 18:00:00,119260.52976373416
2026-05-25 18:15:00,119260.52976373416
2026-05-25 18:30:00,119260.52976373416
2026-05-25 18:45:00,119260.52976373416
2026-05-25 19:00:00,119260.52976373416
2026-05-25 19:15:00,119260.52976373416
2026-05-25 19:30:00,119260.52976373416
2026-05-25 19:45:00,119260.52976373416
2026-05-25 20:00:00,119260.52976373416
2026-05-26 01:00:00,119260.52976373416
2026-05-26 01:15:00,119260.52976373416
2026-05-26 01:30:00,119260.52976373416
2026-05-26 01:45:00,119260.52976373416
2026-05-26 02:00:00,119260.52976373416
2026-05-26 02:15:00,119260.52976373416
2026-05-26 02:30:00,119260.52976373416
2026-05-26 02:45:00,119260.52976373416
2026-05-26 03:00:00,119260.52976373416
2026-05-26 03:15:00,119260.52976373416
2026-05-26 03:30:00,119260.52976373416
2026-05-26 03:45:00,119260.52976373416
2026-05-26 04:00:00,119260.52976373416
2026-05-26 04:15:00,119260.52976373416
2026-05-26 04:30:00,119260.52976373416
2026-05-26 04:45:00,119260.52976373416
2026-05-26 05:00:00,119260.52976373416
2026-05-26 05:15:00,119260.52976373416
2026-05-26 05:30:00,119260.52976373416
2026-05-26 05:45:00,119260.52976373416
2026-05-26 06:00:00,119260.52976373416
2026-05-26 06:15:00,119260.52976373416
2026-05-26 06:30:00,119260.52976373416
2026-05-26 06:45:00,119260.52976373416
2026-05-26 07:00:00,119260.52976373416
2026-05-26 07:15:00,119260.52976373416
2026-05-26 07:30:00,119260.52976373416
2026-05-26 07:45:00,119260.52976373416
2026-05-26 08:00:00,119260.52976373416
2026-05-26 08:15:00,119260.52976373416
2026-05-26 08:30:00,119260.52976373416
2026-05-26 08:45:00,119260.52976373416
2026-05-26 09:00:00,119260.52976373416
2026-05-26 09:15:00,119260.52976373416
2026-05-26 09:30:00,119260.52976373416
2026-05-26 09:45:00,119260.52976373416
2026-05-26 10:00:00,119260.52976373416
2026-05-26 10:15:00,119260.52976373416
2026-05-26 10:30:00,119260.52976373416
2026-05-26 10:45:00,119260.52976373416
2026-05-26 11:00:00,119260.52976373416
2026-05-26 11:15:00,119260.52976373416
2026-05-26 11:30:00,119260.52976373416
2026-05-26 11:45:00,119260.52976373416
2026-05-26 12:00:00,119260.52976373416
2026-05-26 12:15:00,119260.52976373416
2026-05-26 12:30:00,119260.52976373416
2026-05-26 12:45:00,119260.52976373416
2026-05-26 13:00:00,119260.52976373416
2026-05-26 13:15:00,119260.52976373416
2026-05-26 13:30:00,119260.52976373416
2026-05-26 13:45:00,119260.52976373416
2026-05-26 14:00:00,119260.52976373416
2026-05-26 14:15:00,119260.52976373416
2026-05-26 14:30:00,119260.52976373416
2026-05-26 14:45:00,119260.52976373416
2026-05-26 15:00:00,119260.52976373416
2026-05-26 15:15:00,119260.52976373416
2026-05-26 15:30:00,119260.52976373416
2026-05-26 15:45:00,119260.52976373416
2026-05-26 16:00:00,119260.52976373416
2026-05-26 16:15:00,119260.52976373416
2026-05-26 16:30:00,119260.52976373416
2026-05-26 16:45:00,119260.52976373416
2026-05-26 17:00:00,119260.52976373416
2026-05-26 17:15:00,119260.52976373416
2026-05-26 17:30:00,119260.52976373416
2026-05-26 17:45:00,119260.52976373416
2026-05-26 18:00:00,119260.52976373416
2026-05-26 18:15:00,119260.52976373416
2026-05-26 18:30:00,119260.52976373416
2026-05-26 18:45:00,119260.52976373416
2026-05-26 19:00:00,119260.52976373416
2026-05-26 19:15:00,119260.52976373416
2026-05-26 19:30:00,119260.52976373416
2026-05-26 19:45:00,119260.52976373416
2026-05-26 20:00:00,119260.52976373416
2026-05-26 20:15:00,119260.52976373416
2026-05-26 20:30:00,119260.52976373416
2026-05-26 20:45:00,119260.52976373416
2026-05-26 21:00:00,119260.52976373416
2026-05-26 21:15:00,119260.52976373416
2026-05-26 21:30:00,119260.52976373416
2026-05-26 21:45:00,119260.52976373416
2026-05-26 22:00:00,119260.52976373416
2026-05-26 22:15:00,119260.52976373416
2026-05-26 22:30:00,119260.52976373416
2026-05-26 22:45:00,119260.52976373416
2026-05-26 23:00:00,119260.52976373416
2026-05-26 23:15:00,119260.52976373416
2026-05-26 23:30:00,119260.52976373416
2026-05-26 23:45:00,119260.52976373416
2026-05-27 01:00:00,119260.52976373416
2026-05-27 01:15:00,119260.52976373416
2026-05-27 01:30:00,119260.52976373416
2026-05-27 01:45:00,119260.52976373416
2026-05-27 02:00:00,119260.52976373416
2026-05-27 02:15:00,119260.52976373416
2026-05-27 02:30:00,119260.52976373416
2026-05-27 02:45:00,119260.52976373416
2026-05-27 03:00:00,119260.52976373416
2026-05-27 03:15:00,119260.52976373416
2026-05-27 03:30:00,119260.52976373416
2026-05-27 03:45:00,119260.52976373416
2026-05-27 04:00:00,119260.52976373416
2026-05-27 04:15:00,119260.52976373416
2026-05-27 04:30:00,119260.52976373416
2026-05-27 04:45:00,119260.52976373416
2026-05-27 05:00:00,119260.52976373416
2026-05-27 05:15:00,119260.52976373416
2026-05-27 05:30:00,119260.52976373416
2026-05-27 05:45:00,119260.52976373416
2026-05-27 06:00:00,119260.52976373416
2026-05-27 06:15:00,119260.52976373416
