time,equity
2026-01-28 21:00:00,10000.0
2026-01-28 21:15:00,10000.0
2026-01-28 21:30:00,10000.0
2026-01-28 21:45:00,10000.0
2026-01-28 22:00:00,10000.0
2026-01-28 22:15:00,10000.0
2026-01-28 22:30:00,10000.0
2026-01-28 22:45:00,10000.0
2026-01-28 23:00:00,10000.0
2026-01-28 23:15:00,10000.0
2026-01-28 23:30:00,10000.0
2026-01-28 23:45:00,10000.0
2026-01-29 01:00:00,9801.0
2026-01-29 01:15:00,9702.99
2026-01-29 01:30:00,9702.99
2026-01-29 01:45:00,9702.99
2026-01-29 02:00:00,9414.80149401
2026-01-29 02:15:00,9414.80149401
2026-01-29 02:30:00,9414.80149401
2026-01-29 02:45:00,9414.80149401
2026-01-29 03:00:00,9414.80149401
2026-01-29 03:15:00,9227.446944279201
2026-01-29 03:30:00,9227.446944279201
2026-01-29 03:45:00,9227.446944279201
2026-01-29 04:00:00,9227.446944279201
2026-01-29 04:15:00,8953.382542587166
2026-01-29 04:30:00,8953.382542587166
2026-01-29 04:45:00,8953.382542587166
2026-01-29 05:00:00,8863.848717161294
2026-01-29 05:15:00,8863.848717161294
2026-01-29 05:30:00,8863.848717161294
2026-01-29 05:45:00,9135.172474836409
2026-01-29 06:00:00,9043.820750088045
2026-01-29 06:15:00,8775.210229989681
2026-01-29 06:30:00,8775.210229989681
2026-01-29 06:45:00,8775.210229989681
2026-01-29 07:00:00,8775.210229989681
2026-01-29 07:15:00,8775.210229989681
2026-01-29 07:30:00,8775.210229989681
2026-01-29 07:45:00,8775.210229989681
2026-01-29 08:00:00,8775.210229989681
2026-01-29 08:15:00,8775.210229989681
2026-01-29 08:30:00,8775.210229989681
2026-01-29 08:45:00,8775.210229989681
2026-01-29 09:00:00,8775.210229989681
2026-01-29 09:15:00,8775.210229989681
2026-01-29 09:30:00,8775.210229989681
2026-01-29 09:45:00,8775.210229989681
2026-01-29 10:00:00,8775.210229989681
2026-01-29 10:15:00,8775.210229989681
2026-01-29 10:30:00,8775.210229989681
2026-01-29 10:45:00,8775.210229989681
2026-01-29 11:00:00,8775.210229989681
2026-01-29 11:15:00,8775.210229989681
2026-01-29 11:30:00,8775.210229989681
2026-01-29 11:45:00,8775.210229989681
2026-01-29 12:00:00,8775.210229989681
2026-01-29 12:15:00,8775.210229989681
2026-01-29 12:30:00,8775.210229989681
2026-01-29 12:45:00,8775.210229989681
2026-01-29 13:00:00,8775.210229989681
2026-01-29 13:15:00,8775.210229989681
2026-01-29 13:30:00,8775.210229989681
2026-01-29 13:45:00,8775.210229989681
2026-01-29 14:00:00,8600.583546412887
2026-01-29 14:15:00,8600.583546412887
2026-01-29 14:30:00,8600.583546412887
2026-01-29 14:45:00,8600.583546412887
2026-01-29 15:00:00,8600.583546412887
2026-01-29 15:15:00,8600.583546412887
2026-01-29 15:30:00,8600.583546412887
2026-01-29 15:45:00,8600.583546412887
2026-01-29 16:00:00,8600.583546412887
2026-01-29 16:15:00,9038.46653688936
2026-01-29 16:30:00,11018.054214916097
2026-01-29 16:45:00,11018.054214916097
2026-01-29 17:00:00,11018.054214916097
2026-01-29 17:15:00,11018.054214916097
2026-01-29 17:30:00,11018.054214916097
2026-01-29 17:45:00,11018.054214916097
2026-01-29 18:00:00,11018.054214916097
2026-01-29 18:15:00,11018.054214916097
2026-01-29 18:30:00,11018.054214916097
2026-01-29 18:45:00,11018.054214916097
2026-01-29 19:00:00,11018.054214916097
2026-01-29 19:15:00,11018.054214916097
2026-01-29 19:30:00,11018.054214916097
2026-01-29 19:45:00,11018.054214916097
2026-01-29 20:00:00,11018.054214916097
2026-01-29 20:15:00,11018.054214916097
2026-01-29 20:30:00,11018.054214916097
2026-01-29 20:45:00,11018.054214916097
2026-01-29 21:00:00,11018.054214916097
2026-01-29 21:15:00,11018.054214916097
2026-01-29 21:30:00,11018.054214916097
2026-01-29 21:45:00,11018.054214916097
2026-01-29 22:00:00,11018.054214916097
2026-01-29 22:15:00,11018.054214916097
2026-01-29 22:30:00,10907.873672766937
2026-01-29 22:45:00,10065.182559035677
2026-01-29 23:00:00,10065.182559035677
2026-01-29 23:15:00,10065.182559035677
2026-01-29 23:30:00,10065.182559035677
2026-01-29 23:45:00,10065.182559035677
2026-01-30 01:00:00,10065.182559035677
2026-01-30 01:15:00,10065.182559035677
2026-01-30 01:30:00,10065.182559035677
2026-01-30 01:45:00,10065.182559035677
2026-01-30 02:00:00,10065.182559035677
2026-01-30 02:15:00,10065.182559035677
2026-01-30 02:30:00,10065.182559035677
2026-01-30 02:45:00,10065.182559035677
2026-01-30 03:00:00,10065.182559035677
2026-01-30 03:15:00,10065.182559035677
2026-01-30 03:30:00,10065.182559035677
2026-01-30 03:45:00,10065.182559035677
2026-01-30 04:00:00,10065.182559035677
2026-01-30 04:15:00,10065.182559035677
2026-01-30 04:30:00,10065.182559035677
2026-01-30 04:45:00,9964.53073344532
2026-01-30 05:00:00,9864.885426110866
2026-01-30 05:15:00,9864.885426110866
2026-01-30 05:30:00,9864.885426110866
2026-01-30 05:45:00,9864.885426110866
2026-01-30 06:00:00,9864.885426110866
2026-01-30 06:15:00,9864.885426110866
2026-01-30 06:30:00,9864.885426110866
2026-01-30 06:45:00,9864.885426110866
2026-01-30 07:00:00,9864.885426110866
2026-01-30 07:15:00,9864.885426110866
2026-01-30 07:30:00,9864.885426110866
2026-01-30 07:45:00,9864.885426110866
2026-01-30 08:00:00,9864.885426110866
2026-01-30 08:15:00,9864.885426110866
2026-01-30 08:30:00,9864.885426110866
2026-01-30 08:45:00,9864.885426110866
2026-01-30 09:00:00,9864.885426110866
2026-01-30 09:15:00,9766.236571849757
2026-01-30 09:30:00,12132.56477098442
2026-01-30 09:45:00,11103.015456728359
2026-01-30 10:00:00,11436.105920430222
2026-01-30 10:15:00,11321.74486122592
2026-01-30 10:30:00,11321.74486122592
2026-01-30 10:45:00,11096.442138487524
2026-01-30 11:00:00,10985.477717102649
2026-01-30 11:15:00,10985.477717102649
2026-01-30 11:30:00,10985.477717102649
2026-01-30 11:45:00,13001.452490441836
2026-01-30 12:00:00,13001.452490441836
2026-01-30 12:15:00,13001.452490441836
2026-01-30 12:30:00,12489.143386522992
2026-01-30 12:45:00,12364.251952657762
2026-01-30 13:00:00,12742.723585882044
2026-01-30 13:15:00,12615.296350023224
2026-01-30 13:30:00,12615.296350023224
2026-01-30 13:45:00,12489.143386522992
2026-01-30 14:00:00,12489.143386522992
2026-01-30 14:15:00,12489.143386522992
2026-01-30 14:30:00,12489.143386522992
2026-01-30 14:45:00,12489.143386522992
2026-01-30 15:00:00,12489.143386522992
2026-01-30 15:15:00,12489.143386522992
2026-01-30 15:30:00,11758.280581434175
2026-01-30 15:45:00,11758.280581434175
2026-01-30 16:00:00,11758.280581434175
2026-01-30 16:15:00,11758.280581434175
2026-01-30 16:30:00,11758.280581434175
2026-01-30 16:45:00,11758.280581434175
2026-01-30 17:00:00,11640.697775619834
2026-01-30 17:15:00,11524.290797863636
2026-01-30 17:30:00,11877.051092357753
2026-01-30 17:45:00,11877.051092357753
2026-01-30 18:00:00,11758.280581434175
2026-01-30 18:15:00,11758.280581434175
2026-01-30 18:30:00,11758.280581434175
2026-01-30 18:45:00,11640.697775619834
2026-01-30 19:00:00,11524.290797863636
2026-01-30 19:15:00,11524.290797863636
2026-01-30 19:30:00,11524.290797863636
2026-01-30 19:45:00,11524.290797863636
2026-01-30 20:00:00,11524.290797863636
2026-01-30 20:15:00,11524.290797863636
2026-01-30 20:30:00,11524.290797863636
2026-01-30 20:45:00,11524.290797863636
2026-01-30 21:00:00,11524.290797863636
2026-01-30 21:15:00,11524.290797863636
2026-01-30 21:30:00,11524.290797863636
2026-01-30 21:45:00,11524.290797863636
2026-01-30 22:00:00,11524.290797863636
2026-01-30 22:15:00,11524.290797863636
2026-01-30 22:30:00,11524.290797863636
2026-01-30 22:45:00,11524.290797863636
2026-01-30 23:00:00,11524.290797863636
2026-01-30 23:15:00,11524.290797863636
2026-01-30 23:30:00,11524.290797863636
2026-01-30 23:45:00,11524.290797863636
2026-02-02 01:00:00,11524.290797863636
2026-02-02 01:15:00,11524.290797863636
2026-02-02 01:30:00,11524.290797863636
2026-02-02 01:45:00,11524.290797863636
2026-02-02 02:00:00,11524.290797863636
2026-02-02 02:15:00,11524.290797863636
2026-02-02 02:30:00,11524.290797863636
2026-02-02 02:45:00,11524.290797863636
2026-02-02 03:00:00,11524.290797863636
2026-02-02 03:15:00,11524.290797863636
2026-02-02 03:30:00,11524.290797863636
2026-02-02 03:45:00,11524.290797863636
2026-02-02 04:00:00,11524.290797863636
2026-02-02 04:15:00,11524.290797863636
2026-02-02 04:30:00,11524.290797863636
2026-02-02 04:45:00,11524.290797863636
2026-02-02 05:00:00,11524.290797863636
2026-02-02 05:15:00,11524.290797863636
2026-02-02 05:30:00,11524.290797863636
2026-02-02 05:45:00,11524.290797863636
2026-02-02 06:00:00,11524.290797863636
2026-02-02 06:15:00,11524.290797863636
2026-02-02 06:30:00,11524.290797863636
2026-02-02 06:45:00,11524.290797863636
2026-02-02 07:00:00,11524.290797863636
2026-02-02 07:15:00,11524.290797863636
2026-02-02 07:30:00,11524.290797863636
2026-02-02 07:45:00,11524.290797863636
2026-02-02 08:00:00,11524.290797863636
2026-02-02 08:15:00,11524.290797863636
2026-02-02 08:30:00,11870.019521799546
2026-02-02 08:45:00,11870.019521799546
2026-02-02 09:00:00,11633.806133315735
2026-02-02 09:15:00,11633.806133315735
2026-02-02 09:30:00,11633.806133315735
2026-02-02 09:45:00,11633.806133315735
2026-02-02 10:00:00,11517.468071982577
2026-02-02 10:15:00,11751.31932658155
2026-02-02 10:30:00,11751.31932658155
2026-02-02 10:45:00,11751.31932658155
2026-02-02 11:00:00,11751.31932658155
2026-02-02 11:15:00,11633.806133315735
2026-02-02 11:30:00,11633.806133315735
2026-02-02 11:45:00,11633.806133315735
2026-02-02 12:00:00,11633.806133315735
2026-02-02 12:15:00,11633.806133315735
2026-02-02 12:30:00,11288.270457350125
2026-02-02 12:45:00,11402.293391262752
2026-02-02 13:00:00,11402.293391262752
2026-02-02 13:15:00,11402.293391262752
2026-02-02 13:30:00,11402.293391262752
2026-02-02 13:45:00,11402.293391262752
2026-02-02 14:00:00,11402.293391262752
2026-02-02 14:15:00,11409.047889885
2026-02-02 14:30:00,11409.047889885
2026-02-02 14:45:00,12103.858906379019
2026-02-02 15:00:00,12103.858906379019
2026-02-02 15:15:00,12103.858906379019
2026-02-02 15:30:00,12103.858906379019
2026-02-02 15:45:00,12103.858906379019
2026-02-02 16:00:00,12103.858906379019
2026-02-02 16:15:00,12103.858906379019
2026-02-02 16:30:00,14031.68982915032
2026-02-02 16:45:00,14031.68982915032
2026-02-02 17:00:00,14031.68982915032
2026-02-02 17:15:00,14031.68982915032
2026-02-02 17:30:00,14031.68982915032
2026-02-02 17:45:00,14031.68982915032
2026-02-02 18:00:00,14031.68982915032
2026-02-02 18:15:00,14031.68982915032
2026-02-02 18:30:00,14031.68982915032
2026-02-02 18:45:00,14031.68982915032
2026-02-02 19:00:00,14031.68982915032
2026-02-02 19:15:00,14031.68982915032
2026-02-02 19:30:00,14031.68982915032
2026-02-02 19:45:00,14031.68982915032
2026-02-02 20:00:00,14031.68982915032
2026-02-02 20:15:00,14031.68982915032
2026-02-02 20:30:00,14031.68982915032
2026-02-02 20:45:00,14031.68982915032
2026-02-02 21:00:00,14031.68982915032
2026-02-02 21:15:00,14031.68982915032
2026-02-02 21:30:00,13891.372930858817
2026-02-02 21:45:00,13891.372930858817
2026-02-02 22:00:00,13891.372930858817
2026-02-02 22:15:00,13891.372930858817
2026-02-02 22:30:00,13891.372930858817
2026-02-02 22:45:00,13891.372930858817
2026-02-02 23:00:00,13891.372930858817
2026-02-02 23:15:00,13891.372930858817
2026-02-02 23:30:00,13891.372930858817
2026-02-02 23:45:00,13891.372930858817
2026-02-03 01:00:00,13891.372930858817
2026-02-03 01:15:00,13891.372930858817
2026-02-03 01:30:00,13891.372930858817
2026-02-03 01:45:00,13891.372930858817
2026-02-03 02:00:00,13752.45920155023
2026-02-03 02:15:00,13752.45920155023
2026-02-03 02:30:00,13752.45920155023
2026-02-03 02:45:00,13752.45920155023
2026-02-03 03:00:00,13752.45920155023
2026-02-03 03:15:00,13752.45920155023
2026-02-03 03:30:00,13752.45920155023
2026-02-03 03:45:00,13752.45920155023
2026-02-03 04:00:00,13752.45920155023
2026-02-03 04:15:00,13752.45920155023
2026-02-03 04:30:00,13614.934609534726
2026-02-03 04:45:00,13614.934609534726
2026-02-03 05:00:00,13614.934609534726
2026-02-03 05:15:00,13614.934609534726
2026-02-03 05:30:00,13614.934609534726
2026-02-03 05:45:00,13614.934609534726
2026-02-03 06:00:00,13614.934609534726
2026-02-03 06:15:00,13614.934609534726
2026-02-03 06:30:00,13614.934609534726
2026-02-03 06:45:00,13614.934609534726
2026-02-03 07:00:00,13614.934609534726
2026-02-03 07:15:00,13614.934609534726
2026-02-03 07:30:00,13614.934609534726
2026-02-03 07:45:00,13614.934609534726
2026-02-03 08:00:00,13614.934609534726
2026-02-03 08:15:00,13614.934609534726
2026-02-03 08:30:00,13614.934609534726
2026-02-03 08:45:00,13614.934609534726
2026-02-03 09:00:00,13614.934609534726
2026-02-03 09:15:00,13478.785263439378
2026-02-03 09:30:00,13478.785263439378
2026-02-03 09:45:00,13478.785263439378
2026-02-03 10:00:00,13343.997410804985
2026-02-03 10:15:00,13343.997410804985
2026-02-03 10:30:00,13078.451862329965
2026-02-03 10:45:00,13078.451862329965
2026-02-03 11:00:00,13078.451862329965
2026-02-03 11:15:00,12947.667343706666
2026-02-03 11:30:00,12947.667343706666
2026-02-03 11:45:00,12947.667343706666
2026-02-03 12:00:00,12947.667343706666
2026-02-03 12:15:00,12947.667343706666
2026-02-03 12:30:00,12437.477589171922
2026-02-03 12:45:00,12437.477589171922
2026-02-03 13:00:00,12437.477589171922
2026-02-03 13:15:00,12437.477589171922
2026-02-03 13:30:00,12437.477589171922
2026-02-03 13:45:00,12437.477589171922
2026-02-03 14:00:00,12437.477589171922
2026-02-03 14:15:00,12437.477589171922
2026-02-03 14:30:00,12437.477589171922
2026-02-03 14:45:00,12437.477589171922
2026-02-03 15:00:00,12437.477589171922
2026-02-03 15:15:00,12437.477589171922
2026-02-03 15:30:00,12437.477589171922
2026-02-03 15:45:00,12189.9717851474
2026-02-03 16:00:00,12313.102813280202
2026-02-03 16:15:00,12068.072067295925
2026-02-03 16:30:00,13478.785263439378
2026-02-03 16:45:00,13478.785263439378
2026-02-03 17:00:00,13478.785263439378
2026-02-03 17:15:00,13478.785263439378
2026-02-03 17:30:00,13478.785263439378
2026-02-03 17:45:00,13478.785263439378
2026-02-03 18:00:00,13478.785263439378
2026-02-03 18:15:00,13478.785263439378
2026-02-03 18:30:00,13478.785263439378
2026-02-03 18:45:00,13478.785263439378
2026-02-03 19:00:00,13478.785263439378
2026-02-03 19:15:00,13478.785263439378
2026-02-03 19:30:00,13478.785263439378
2026-02-03 19:45:00,13478.785263439378
2026-02-03 20:00:00,13478.785263439378
2026-02-03 20:15:00,13478.785263439378
2026-02-03 20:30:00,13478.785263439378
2026-02-03 20:45:00,13478.785263439378
2026-02-03 21:00:00,14728.632584562336
2026-02-03 21:15:00,14581.346258716712
2026-02-03 21:30:00,14581.346258716712
2026-02-03 21:45:00,14581.346258716712
2026-02-03 22:00:00,14581.346258716712
2026-02-03 22:15:00,14581.346258716712
2026-02-03 22:30:00,14291.17746816825
2026-02-03 22:45:00,14435.532796129544
2026-02-03 23:00:00,14581.346258716712
2026-02-03 23:15:00,14581.346258716712
2026-02-03 23:30:00,14581.346258716712
2026-02-03 23:45:00,14581.346258716712
2026-02-04 01:00:00,14581.346258716712
2026-02-04 01:15:00,14581.346258716712
2026-02-04 01:30:00,14581.346258716712
2026-02-04 01:45:00,14581.346258716712
2026-02-04 02:00:00,14581.346258716712
2026-02-04 02:15:00,14581.346258716712
2026-02-04 02:30:00,14581.346258716712
2026-02-04 02:45:00,14581.346258716712
2026-02-04 03:00:00,14581.346258716712
2026-02-04 03:15:00,14581.346258716712
2026-02-04 03:30:00,14291.17746816825
2026-02-04 03:45:00,14291.17746816825
2026-02-04 04:00:00,14291.17746816825
2026-02-04 04:15:00,14291.17746816825
2026-02-04 04:30:00,14148.265693486566
2026-02-04 04:45:00,14006.7830365517
2026-02-04 05:00:00,14006.7830365517
2026-02-04 05:15:00,14006.7830365517
2026-02-04 05:30:00,14006.7830365517
2026-02-04 05:45:00,14006.7830365517
2026-02-04 06:00:00,14006.7830365517
2026-02-04 06:15:00,14006.7830365517
2026-02-04 06:30:00,14006.7830365517
2026-02-04 06:45:00,14006.7830365517
2026-02-04 07:00:00,14006.7830365517
2026-02-04 07:15:00,14006.7830365517
2026-02-04 07:30:00,13866.715206186183
2026-02-04 07:45:00,13866.715206186183
2026-02-04 08:00:00,13866.715206186183
2026-02-04 08:15:00,13866.715206186183
2026-02-04 08:30:00,14148.265693486566
2026-02-04 08:45:00,14435.532796129544
2026-02-04 09:00:00,14435.532796129544
2026-02-04 09:15:00,14435.532796129544
2026-02-04 09:30:00,15469.350245872542
2026-02-04 09:45:00,15018.786646478233
2026-02-04 10:00:00,15018.786646478233
2026-02-04 10:15:00,15018.786646478233
2026-02-04 10:30:00,14435.532796129544
2026-02-04 10:45:00,14435.532796129544
2026-02-04 11:00:00,14435.532796129544
2026-02-04 11:15:00,14148.265693486566
2026-02-04 11:30:00,14148.265693486566
2026-02-04 11:45:00,14148.265693486566
2026-02-04 12:00:00,14006.7830365517
2026-02-04 12:15:00,13866.715206186183
2026-02-04 12:30:00,13728.048054124321
2026-02-04 12:45:00,13728.048054124321
2026-02-04 13:00:00,13728.048054124321
2026-02-04 13:15:00,13728.048054124321
2026-02-04 13:30:00,13728.048054124321
2026-02-04 13:45:00,13728.048054124321
2026-02-04 14:00:00,13320.311298868775
2026-02-04 14:15:00,13055.237104021287
2026-02-04 14:30:00,13055.237104021287
2026-02-04 14:45:00,13055.237104021287
2026-02-04 15:00:00,12924.684732981075
2026-02-04 15:15:00,12924.684732981075
2026-02-04 15:30:00,12924.684732981075
2026-02-04 15:45:00,12924.684732981075
2026-02-04 16:00:00,12924.684732981075
2026-02-04 16:15:00,12924.684732981075
2026-02-04 16:30:00,13858.505694782665
2026-02-04 16:45:00,13858.505694782665
2026-02-04 17:00:00,13858.505694782665
2026-02-04 17:15:00,13858.505694782665
2026-02-04 17:30:00,13858.505694782665
2026-02-04 17:45:00,13858.505694782665
2026-02-04 18:00:00,13858.505694782665
2026-02-04 18:15:00,13858.505694782665
2026-02-04 18:30:00,13858.505694782665
2026-02-04 18:45:00,13858.505694782665
2026-02-04 19:00:00,13858.505694782665
2026-02-04 19:15:00,13858.505694782665
2026-02-04 19:30:00,13858.505694782665
2026-02-04 19:45:00,13858.505694782665
2026-02-04 20:00:00,13858.505694782665
2026-02-04 20:15:00,13858.505694782665
2026-02-04 20:30:00,13858.505694782665
2026-02-04 20:45:00,13858.505694782665
2026-02-04 21:00:00,13858.505694782665
2026-02-04 21:15:00,13858.505694782665
2026-02-04 21:30:00,13858.505694782665
2026-02-04 21:45:00,13858.505694782665
2026-02-04 22:00:00,13858.505694782665
2026-02-04 22:15:00,13858.505694782665
2026-02-04 22:30:00,13858.505694782665
2026-02-04 22:45:00,13858.505694782665
2026-02-04 23:00:00,13858.505694782665
2026-02-04 23:15:00,13858.505694782665
2026-02-04 23:30:00,13858.505694782665
2026-02-04 23:45:00,13858.505694782665
2026-02-05 01:00:00,13858.505694782665
2026-02-05 01:15:00,13858.505694782665
2026-02-05 01:30:00,13858.505694782665
2026-02-05 01:45:00,13719.920637834839
2026-02-05 02:00:00,13719.920637834839
2026-02-05 02:15:00,13719.920637834839
2026-02-05 02:30:00,13719.920637834839
2026-02-05 02:45:00,13719.920637834839
2026-02-05 03:00:00,13719.920637834839
2026-02-05 03:15:00,13719.920637834839
2026-02-05 03:30:00,13719.920637834839
2026-02-05 03:45:00,13719.920637834839
2026-02-05 04:00:00,13719.920637834839
2026-02-05 04:15:00,13047.508011998592
2026-02-05 04:30:00,13047.508011998592
2026-02-05 04:45:00,13047.508011998592
2026-02-05 05:00:00,13047.508011998592
2026-02-05 05:15:00,12917.032931878606
2026-02-05 05:30:00,12917.032931878606
2026-02-05 05:45:00,12917.032931878606
2026-02-05 06:00:00,12917.032931878606
2026-02-05 06:15:00,12917.032931878606
2026-02-05 06:30:00,12787.86260255982
2026-02-05 06:45:00,12533.38413676888
2026-02-05 07:00:00,12533.38413676888
2026-02-05 07:15:00,12533.38413676888
2026-02-05 07:30:00,12533.38413676888
2026-02-05 07:45:00,12533.38413676888
2026-02-05 08:00:00,12533.38413676888
2026-02-05 08:15:00,12408.050295401192
2026-02-05 08:30:00,12283.96979244718
2026-02-05 08:45:00,12533.38413676888
2026-02-05 09:00:00,12283.96979244718
2026-02-05 09:15:00,12533.38413676888
2026-02-05 09:30:00,12533.38413676888
2026-02-05 09:45:00,12533.38413676888
2026-02-05 10:00:00,12283.96979244718
2026-02-05 10:15:00,12283.96979244718
2026-02-05 10:30:00,12283.96979244718
2026-02-05 10:45:00,12283.96979244718
2026-02-05 11:00:00,12283.96979244718
2026-02-05 11:15:00,12283.96979244718
2026-02-05 11:30:00,12161.130094522709
2026-02-05 11:45:00,12161.130094522709
2026-02-05 12:00:00,12161.130094522709
2026-02-05 12:15:00,12039.518793577481
2026-02-05 12:30:00,12039.518793577481
2026-02-05 12:45:00,12039.518793577481
2026-02-05 13:00:00,12039.518793577481
2026-02-05 13:15:00,12039.518793577481
2026-02-05 13:30:00,12039.518793577481
2026-02-05 13:45:00,12039.518793577481
2026-02-05 14:00:00,12039.518793577481
2026-02-05 14:15:00,12039.518793577481
2026-02-05 14:30:00,12772.725488106358
2026-02-05 14:45:00,12772.725488106358
2026-02-05 15:00:00,12772.725488106358
2026-02-05 15:15:00,12772.725488106358
2026-02-05 15:30:00,12772.725488106358
2026-02-05 15:45:00,12772.725488106358
2026-02-05 16:00:00,12772.725488106358
2026-02-05 16:15:00,12772.725488106358
2026-02-05 16:30:00,12772.725488106358
2026-02-05 16:45:00,12644.998233225295
2026-02-05 17:00:00,13024.348180222049
2026-02-05 17:15:00,13024.348180222049
2026-02-05 17:30:00,12894.104698419827
2026-02-05 17:45:00,12894.104698419827
2026-02-05 18:00:00,12894.104698419827
2026-02-05 18:15:00,12637.512014921273
2026-02-05 18:30:00,12511.13689477206
2026-02-05 18:45:00,12511.13689477206
2026-02-05 19:00:00,12511.13689477206
2026-02-05 19:15:00,12511.13689477206
2026-02-05 19:30:00,12894.104698419827
2026-02-05 19:45:00,12894.104698419827
2026-02-05 20:00:00,12894.104698419827
2026-02-05 20:15:00,12894.104698419827
2026-02-05 20:30:00,12894.104698419827
2026-02-05 20:45:00,12894.104698419827
2026-02-05 21:00:00,12894.104698419827
2026-02-05 21:15:00,12894.104698419827
2026-02-05 21:30:00,12894.104698419827
2026-02-05 21:45:00,12894.104698419827
2026-02-05 22:00:00,12765.163651435629
2026-02-05 22:15:00,12765.163651435629
2026-02-05 22:30:00,12765.163651435629
2026-02-05 22:45:00,12765.163651435629
2026-02-05 23:00:00,12765.163651435629
2026-02-05 23:15:00,12765.163651435629
2026-02-05 23:30:00,13542.56211780806
2026-02-05 23:45:00,14089.736344790199
2026-02-06 01:00:00,14089.736344790199
2026-02-06 01:15:00,14512.428435133896
2026-02-06 01:30:00,14512.428435133905
2026-02-06 01:45:00,15396.235326833581
2026-02-06 02:00:00,15858.122386638588
2026-02-06 02:15:00,15858.122386638588
2026-02-06 02:30:00,15858.122386638588
2026-02-06 02:45:00,15858.122386638588
2026-02-06 03:00:00,15858.122386638588
2026-02-06 03:15:00,15858.122386638588
2026-02-06 03:30:00,15858.122386638588
2026-02-06 03:45:00,15858.122386638588
2026-02-06 04:00:00,15699.541162772202
2026-02-06 04:15:00,15699.541162772202
2026-02-06 04:30:00,15699.541162772202
2026-02-06 04:45:00,15699.541162772202
2026-02-06 05:00:00,15699.541162772202
2026-02-06 05:15:00,15699.541162772202
2026-02-06 05:30:00,15699.541162772202
2026-02-06 05:45:00,15699.541162772202
2026-02-06 06:00:00,15699.541162772202
2026-02-06 06:15:00,15699.541162772202
2026-02-06 06:30:00,14930.10743379184
2026-02-06 06:45:00,14780.806359453922
2026-02-06 07:00:00,14780.806359453922
2026-02-06 07:15:00,14780.806359453922
2026-02-06 07:30:00,14780.806359453922
2026-02-06 07:45:00,14780.806359453922
2026-02-06 08:00:00,14780.806359453922
2026-02-06 08:15:00,14780.806359453922
2026-02-06 08:30:00,14780.806359453922
2026-02-06 08:45:00,14486.668312900789
2026-02-06 09:00:00,14486.668312900789
2026-02-06 09:15:00,14486.668312900789
2026-02-06 09:30:00,14486.668312900789
2026-02-06 09:45:00,14486.668312900789
2026-02-06 10:00:00,14341.80162977178
2026-02-06 10:15:00,14341.80162977178
2026-02-06 10:30:00,14341.80162977178
2026-02-06 10:45:00,14341.80162977178
2026-02-06 11:00:00,14341.80162977178
2026-02-06 11:15:00,17659.510738198725
2026-02-06 11:30:00,18189.2960603447
2026-02-06 11:45:00,18189.2960603447
2026-02-06 12:00:00,18007.403099741252
2026-02-06 12:15:00,18007.403099741252
2026-02-06 12:30:00,18007.403099741252
2026-02-06 12:45:00,18007.403099741252
2026-02-06 13:00:00,18734.97494215505
2026-02-06 13:15:00,18734.97494215505
2026-02-06 13:30:00,18734.97494215505
2026-02-06 13:45:00,18734.97494215505
2026-02-06 14:00:00,18734.97494215505
2026-02-06 14:15:00,18734.97494215505
2026-02-06 14:30:00,18734.97494215505
2026-02-06 14:45:00,18734.97494215505
2026-02-06 15:00:00,18734.97494215505
2026-02-06 15:15:00,18734.97494215505
2026-02-06 15:30:00,18734.97494215505
2026-02-06 15:45:00,18734.97494215505
2026-02-06 16:00:00,18734.97494215505
2026-02-06 16:15:00,18734.97494215505
2026-02-06 16:30:00,20472.212963616275
2026-02-06 16:45:00,20472.212963616275
2026-02-06 17:00:00,20472.212963616275
2026-02-06 17:15:00,20472.212963616275
2026-02-06 17:30:00,20472.212963616275
2026-02-06 17:45:00,20472.212963616275
2026-02-06 18:00:00,20472.212963616275
2026-02-06 18:15:00,20472.212963616275
2026-02-06 18:30:00,20472.212963616275
2026-02-06 18:45:00,20472.212963616275
2026-02-06 19:00:00,20472.212963616275
2026-02-06 19:15:00,20472.212963616275
2026-02-06 19:30:00,20472.212963616275
2026-02-06 19:45:00,20472.212963616275
2026-02-06 20:00:00,20472.212963616275
2026-02-06 20:15:00,20472.212963616275
2026-02-06 20:30:00,20472.212963616275
2026-02-06 20:45:00,20472.212963616275
2026-02-06 21:00:00,20472.212963616275
2026-02-06 21:15:00,20472.212963616275
2026-02-06 21:30:00,20472.212963616275
2026-02-06 21:45:00,20472.212963616275
2026-02-06 22:00:00,20267.49083398011
2026-02-06 22:15:00,20267.49083398011
2026-02-06 22:30:00,20267.49083398011
2026-02-06 22:45:00,21501.781025769484
2026-02-06 23:00:00,21501.781025769484
2026-02-06 23:15:00,21286.76321551179
2026-02-06 23:30:00,21073.895583356672
2026-02-06 23:45:00,21073.895583356672
2026-02-09 01:00:00,24444.892904236778
2026-02-09 01:15:00,25178.239691363902
2026-02-09 01:30:00,21086.379352524742
2026-02-09 01:45:00,21086.379352524742
2026-02-09 02:00:00,21718.97073310051
2026-02-09 02:15:00,21086.379352524775
2026-02-09 02:30:00,21086.379352524775
2026-02-09 02:45:00,20875.515558999527
2026-02-09 03:00:00,20460.092799375434
2026-02-09 03:15:00,20460.092799375434
2026-02-09 03:30:00,20666.76040340953
2026-02-09 03:45:00,20460.092799375434
2026-02-09 04:00:00,20460.092799375434
2026-02-09 04:15:00,20460.092799375434
2026-02-09 04:30:00,20460.092799375434
2026-02-09 04:45:00,20460.092799375434
2026-02-09 05:00:00,20460.092799375434
2026-02-09 05:15:00,20255.49187138168
2026-02-09 05:30:00,20666.76040340953
2026-02-09 05:45:00,20460.092799375434
2026-02-09 06:00:00,20460.092799375434
2026-02-09 06:15:00,20460.092799375434
2026-02-09 06:30:00,20460.092799375434
2026-02-09 06:45:00,19653.883507309776
2026-02-09 07:00:00,19653.883507309776
2026-02-09 07:15:00,19457.34467223668
2026-02-09 07:30:00,19262.771225514312
2026-02-09 07:45:00,19262.771225514312
2026-02-09 08:00:00,20052.936952667864
2026-02-09 08:15:00,20052.936952667864
2026-02-09 08:30:00,20052.936952667864
2026-02-09 08:45:00,20052.936952667864
2026-02-09 09:00:00,20052.936952667864
2026-02-09 09:15:00,20052.936952667864
2026-02-09 09:30:00,20654.5250612479
2026-02-09 09:45:00,20447.97981063542
2026-02-09 10:00:00,20041.06501240378
2026-02-09 10:15:00,19840.65436227974
2026-02-09 10:30:00,19840.65436227974
2026-02-09 10:45:00,19840.65436227974
2026-02-09 11:00:00,19840.65436227974
2026-02-09 11:15:00,19840.65436227974
2026-02-09 11:30:00,19840.65436227974
2026-02-09 11:45:00,20435.873993148132
2026-02-09 12:00:00,23000.756219338145
2026-02-09 12:15:00,23690.778905918312
2026-02-09 12:30:00,21501.78102576948
2026-02-09 12:45:00,21501.78102576948
2026-02-09 13:00:00,21286.763215511786
2026-02-09 13:15:00,21286.763215511786
2026-02-09 13:30:00,21286.763215511786
2026-02-09 13:45:00,21286.763215511786
2026-02-09 14:00:00,20654.52506124787
2026-02-09 14:15:00,20447.979810635392
2026-02-09 14:30:00,21286.763215511786
2026-02-09 14:45:00,21286.763215511786
2026-02-09 15:00:00,20447.979810635392
2026-02-09 15:15:00,20243.50001252904
2026-02-09 15:30:00,20243.50001252904
2026-02-09 15:45:00,20243.50001252904
2026-02-09 16:00:00,20243.50001252904
2026-02-09 16:15:00,20243.50001252904
2026-02-09 16:30:00,21680.41871933082
2026-02-09 16:45:00,21463.61453213751
2026-02-09 17:00:00,21463.61453213751
2026-02-09 17:15:00,21463.61453213751
2026-02-09 17:30:00,21463.61453213751
2026-02-09 17:45:00,21463.61453213751
2026-02-09 18:00:00,21463.61453213751
2026-02-09 18:15:00,21463.61453213751
2026-02-09 18:30:00,21463.61453213751
2026-02-09 18:45:00,21463.61453213751
2026-02-09 19:00:00,21463.61453213751
2026-02-09 19:15:00,21463.61453213751
2026-02-09 19:30:00,21463.61453213751
2026-02-09 19:45:00,21463.61453213751
2026-02-09 20:00:00,21463.61453213751
2026-02-09 20:15:00,21248.978386816136
2026-02-09 20:30:00,21248.978386816136
2026-02-09 20:45:00,21248.978386816136
2026-02-09 21:00:00,21248.978386816136
2026-02-09 21:15:00,21248.978386816136
2026-02-09 21:30:00,21248.978386816136
2026-02-09 21:45:00,21248.978386816136
2026-02-09 22:00:00,21248.978386816136
2026-02-09 22:15:00,21248.978386816136
2026-02-09 22:30:00,21248.978386816136
2026-02-09 22:45:00,21248.978386816136
2026-02-09 23:00:00,21248.978386816136
2026-02-09 23:15:00,21248.978386816136
2026-02-09 23:30:00,21248.978386816136
2026-02-09 23:45:00,21248.978386816136
2026-02-10 01:00:00,21248.978386816136
2026-02-10 01:15:00,21248.978386816136
2026-02-10 01:30:00,21248.978386816136
2026-02-10 01:45:00,21248.978386816136
2026-02-10 02:00:00,20826.123716918493
2026-02-10 02:15:00,20826.123716918493
2026-02-10 02:30:00,20826.123716918493
2026-02-10 02:45:00,20617.862479749307
2026-02-10 03:00:00,20617.862479749307
2026-02-10 03:15:00,20617.862479749307
2026-02-10 03:30:00,20617.862479749307
2026-02-10 03:45:00,20617.862479749307
2026-02-10 04:00:00,20617.862479749307
2026-02-10 04:15:00,20617.862479749307
2026-02-10 04:30:00,20617.862479749307
2026-02-10 04:45:00,20617.862479749307
2026-02-10 05:00:00,20411.683854951814
2026-02-10 05:15:00,20411.683854951814
2026-02-10 05:30:00,20411.683854951814
2026-02-10 05:45:00,20411.683854951814
2026-02-10 06:00:00,20005.491346238272
2026-02-10 06:15:00,19805.43643277589
2026-02-10 06:30:00,19607.38206844813
2026-02-10 06:45:00,19217.19516528601
2026-02-10 07:00:00,19217.19516528601
2026-02-10 07:15:00,19217.19516528601
2026-02-10 07:30:00,19025.02321363315
2026-02-10 07:45:00,19025.02321363315
2026-02-10 08:00:00,19025.02321363315
2026-02-10 08:15:00,18459.96099916503
2026-02-10 08:30:00,18275.361389173377
2026-02-10 08:45:00,18092.60777528164
2026-02-10 09:00:00,18092.60777528164
2026-02-10 09:15:00,18092.60777528164
2026-02-10 09:30:00,18092.60777528164
2026-02-10 09:45:00,18092.60777528164
2026-02-10 10:00:00,18092.60777528164
2026-02-10 10:15:00,18092.60777528164
2026-02-10 10:30:00,17911.681697528824
2026-02-10 10:45:00,17911.681697528824
2026-02-10 11:00:00,18834.77298149682
2026-02-10 11:15:00,18834.77298149682
2026-02-10 11:30:00,18834.77298149682
2026-02-10 11:45:00,18646.42525168185
2026-02-10 12:00:00,18459.96099916503
2026-02-10 12:15:00,18459.96099916503
2026-02-10 12:30:00,18459.96099916503
2026-02-10 12:45:00,18459.96099916503
2026-02-10 13:00:00,17911.681697528824
2026-02-10 13:15:00,17911.681697528824
2026-02-10 13:30:00,17911.681697528824
2026-02-10 13:45:00,17911.681697528824
2026-02-10 14:00:00,17911.681697528824
2026-02-10 14:15:00,19981.810656069923
2026-02-10 14:30:00,20581.264975751994
2026-02-10 14:45:00,20581.264975751994
2026-02-10 15:00:00,18264.541826970122
2026-02-10 15:15:00,18264.541826970122
2026-02-10 15:30:00,18264.541826970122
2026-02-10 15:45:00,18081.89640870042
2026-02-10 16:00:00,17901.077444613416
2026-02-10 16:15:00,17901.077444613416
2026-02-10 16:30:00,18438.10976795182
2026-02-10 16:45:00,18438.10976795182
2026-02-10 17:00:00,18253.728670272303
2026-02-10 17:15:00,18253.728670272303
2026-02-10 17:30:00,18253.728670272303
2026-02-10 17:45:00,18253.728670272303
2026-02-10 18:00:00,18253.728670272303
2026-02-10 18:15:00,18253.728670272303
2026-02-10 18:30:00,18253.728670272303
2026-02-10 18:45:00,18253.728670272303
2026-02-10 19:00:00,18253.728670272303
2026-02-10 19:15:00,18253.728670272303
2026-02-10 19:30:00,18253.728670272303
2026-02-10 19:45:00,17890.479469733884
2026-02-10 20:00:00,17890.479469733884
2026-02-10 20:15:00,17890.479469733884
2026-02-10 20:30:00,17890.479469733884
2026-02-10 20:45:00,17890.479469733884
2026-02-10 21:00:00,17890.479469733884
2026-02-10 21:15:00,17890.479469733884
2026-02-10 21:30:00,17890.479469733884
2026-02-10 21:45:00,17890.479469733884
2026-02-10 22:00:00,17890.479469733884
2026-02-10 22:15:00,17890.479469733884
2026-02-10 22:30:00,17890.479469733884
2026-02-10 22:45:00,17890.479469733884
2026-02-10 23:00:00,17890.479469733884
2026-02-10 23:15:00,17890.479469733884
2026-02-10 23:30:00,17890.479469733884
2026-02-10 23:45:00,17890.479469733884
2026-02-11 01:00:00,17359.114339003318
2026-02-11 01:15:00,17534.458928286178
2026-02-11 01:30:00,17534.458928286178
2026-02-11 01:45:00,17534.458928286178
2026-02-11 02:00:00,17534.458928286178
2026-02-11 02:15:00,17534.458928286178
2026-02-11 02:30:00,17359.114339003318
2026-02-11 02:45:00,17359.114339003318
2026-02-11 03:00:00,16179.828945740344
2026-02-11 03:15:00,16018.030656282941
2026-02-11 03:30:00,16018.030656282941
2026-02-11 03:45:00,17711.574675036543
2026-02-11 04:00:00,17711.574675036543
2026-02-11 04:15:00,17711.574675036543
2026-02-11 04:30:00,17711.574675036543
2026-02-11 04:45:00,17711.574675036543
2026-02-11 05:00:00,17711.574675036543
2026-02-11 05:15:00,17711.574675036543
2026-02-11 05:30:00,17534.458928286178
2026-02-11 05:45:00,17185.523195613285
2026-02-11 06:00:00,17185.523195613285
2026-02-11 06:15:00,17185.523195613285
2026-02-11 06:30:00,17185.523195613285
2026-02-11 06:45:00,17185.523195613285
2026-02-11 07:00:00,17185.523195613285
2026-02-11 07:15:00,17185.523195613285
2026-02-11 07:30:00,17185.523195613285
2026-02-11 07:45:00,17013.667963657153
2026-02-11 08:00:00,17013.667963657153
2026-02-11 08:15:00,17013.667963657153
2026-02-11 08:30:00,17013.667963657153
2026-02-11 08:45:00,17013.667963657153
2026-02-11 09:00:00,17013.667963657153
2026-02-11 09:15:00,17013.667963657153
2026-02-11 09:30:00,17013.667963657153
2026-02-11 09:45:00,17013.667963657153
2026-02-11 10:00:00,17013.667963657153
2026-02-11 10:15:00,17013.667963657153
2026-02-11 10:30:00,17013.667963657153
2026-02-11 10:45:00,17013.667963657153
2026-02-11 11:00:00,17013.667963657153
2026-02-11 11:15:00,17013.667963657153
2026-02-11 11:30:00,17013.667963657153
2026-02-11 11:45:00,17013.667963657153
2026-02-11 12:00:00,22663.124133938185
2026-02-11 12:15:00,22663.124133938185
2026-02-11 12:30:00,22663.124133938185
2026-02-11 12:45:00,22663.124133938185
2026-02-11 13:00:00,22663.124133938185
2026-02-11 13:15:00,22436.492892598802
2026-02-11 13:30:00,22436.492892598802
2026-02-11 13:45:00,22436.492892598802
2026-02-11 14:00:00,22212.127963672814
2026-02-11 14:15:00,21990.006684036085
2026-02-11 14:30:00,21990.006684036085
2026-02-11 14:45:00,21990.006684036085
2026-02-11 15:00:00,21990.006684036085
2026-02-11 15:15:00,21990.006684036085
2026-02-11 15:30:00,21552.405551023767
2026-02-11 15:45:00,22198.977717554455
2026-02-11 16:00:00,22198.977717554455
2026-02-11 16:15:00,22198.977717554455
2026-02-11 16:30:00,22409.934602804376
2026-02-11 16:45:00,22185.835256776332
2026-02-11 17:00:00,21963.976904208568
2026-02-11 17:15:00,21744.337135166483
2026-02-11 17:30:00,21526.893763814816
2026-02-11 17:45:00,21526.893763814816
2026-02-11 18:00:00,21526.893763814816
2026-02-11 18:15:00,21526.893763814816
2026-02-11 18:30:00,21526.893763814816
2026-02-11 18:45:00,21526.893763814816
2026-02-11 19:00:00,21526.893763814816
2026-02-11 19:15:00,21526.893763814816
2026-02-11 19:30:00,21526.893763814816
2026-02-11 19:45:00,21526.893763814816
2026-02-11 20:00:00,21526.893763814816
2026-02-11 20:15:00,21526.893763814816
2026-02-11 20:30:00,21526.893763814816
2026-02-11 20:45:00,21526.893763814816
2026-02-11 21:00:00,21526.893763814816
2026-02-11 21:15:00,21526.893763814816
2026-02-11 21:30:00,21526.893763814816
2026-02-11 21:45:00,21526.893763814816
2026-02-11 22:00:00,21526.893763814816
2026-02-11 22:15:00,21526.893763814816
2026-02-11 22:30:00,21526.893763814816
2026-02-11 22:45:00,21526.893763814816
2026-02-11 23:00:00,21526.893763814816
2026-02-11 23:15:00,21526.893763814816
2026-02-11 23:30:00,21526.893763814816
2026-02-11 23:45:00,21526.893763814816
2026-02-12 01:00:00,21526.893763814816
2026-02-12 01:15:00,21526.893763814816
2026-02-12 01:30:00,21526.893763814816
2026-02-12 01:45:00,21526.893763814816
2026-02-12 02:00:00,21526.893763814816
2026-02-12 02:15:00,21526.893763814816
2026-02-12 02:30:00,21098.5085779149
2026-02-12 02:45:00,20887.52349213575
2026-02-12 03:00:00,21098.5085779149
2026-02-12 03:15:00,21098.5085779149
2026-02-12 03:30:00,20678.648257214394
2026-02-12 03:45:00,20471.86177464225
2026-02-12 04:00:00,20471.86177464225
2026-02-12 04:15:00,20471.86177464225
2026-02-12 04:30:00,20471.86177464225
2026-02-12 04:45:00,20471.86177464225
2026-02-12 05:00:00,20471.86177464225
2026-02-12 05:15:00,20471.86177464225
2026-02-12 05:30:00,20471.86177464225
2026-02-12 05:45:00,20471.86177464225
2026-02-12 06:00:00,20471.86177464225
2026-02-12 06:15:00,20471.86177464225
2026-02-12 06:30:00,20471.86177464225
2026-02-12 06:45:00,20471.86177464225
2026-02-12 07:00:00,20471.86177464225
2026-02-12 07:15:00,20471.86177464225
2026-02-12 07:30:00,20471.86177464225
2026-02-12 07:45:00,20471.86177464225
2026-02-12 08:00:00,20471.86177464225
2026-02-12 08:15:00,20471.86177464225
2026-02-12 08:30:00,20471.86177464225
2026-02-12 08:45:00,20471.86177464225
2026-02-12 09:00:00,20471.86177464225
2026-02-12 09:15:00,20471.86177464225
2026-02-12 09:30:00,20471.86177464225
2026-02-12 09:45:00,20471.86177464225
2026-02-12 10:00:00,20471.86177464225
2026-02-12 10:15:00,20471.86177464225
2026-02-12 10:30:00,20471.86177464225
2026-02-12 10:45:00,20471.86177464225
2026-02-12 11:00:00,20471.86177464225
2026-02-12 11:15:00,20471.86177464225
2026-02-12 11:30:00,20471.86177464225
2026-02-12 11:45:00,20471.86177464225
2026-02-12 12:00:00,20471.86177464225
2026-02-12 12:15:00,20471.86177464225
2026-02-12 12:30:00,20471.86177464225
2026-02-12 12:45:00,20471.86177464225
2026-02-12 13:00:00,20471.86177464225
2026-02-12 13:15:00,20471.86177464225
2026-02-12 13:30:00,20471.86177464225
2026-02-12 13:45:00,20471.86177464225
2026-02-12 14:00:00,20471.86177464225
2026-02-12 14:15:00,20471.86177464225
2026-02-12 14:30:00,20471.86177464225
2026-02-12 14:45:00,20471.86177464225
2026-02-12 15:00:00,20471.86177464225
2026-02-12 15:15:00,20471.86177464225
2026-02-12 15:30:00,20471.86177464225
2026-02-12 15:45:00,20471.86177464225
2026-02-12 16:00:00,20471.86177464225
2026-02-12 16:15:00,20471.86177464225
2026-02-12 16:30:00,20471.86177464225
2026-02-12 16:45:00,20471.86177464225
2026-02-12 17:00:00,21950.973570961967
2026-02-12 17:15:00,21731.463835252347
2026-02-12 17:30:00,22383.407750309932
2026-02-12 17:45:00,23054.90998281923
2026-02-12 18:00:00,23054.90998281923
2026-02-12 18:15:00,23746.55728230379
2026-02-12 18:30:00,24458.954000772905
2026-02-12 18:45:00,24214.364460765177
2026-02-12 19:00:00,24214.364460765177
2026-02-12 19:15:00,24214.364460765177
2026-02-12 19:30:00,24214.364460765177
2026-02-12 19:45:00,24214.364460765177
2026-02-12 20:00:00,24214.364460765177
2026-02-12 20:15:00,24214.364460765177
2026-02-12 20:30:00,24214.364460765177
2026-02-12 20:45:00,24214.364460765177
2026-02-12 21:00:00,24214.364460765177
2026-02-12 21:15:00,24214.364460765177
2026-02-12 21:30:00,24214.364460765177
2026-02-12 21:45:00,24214.364460765177
2026-02-12 22:00:00,24214.364460765177
2026-02-12 22:15:00,24214.364460765177
2026-02-12 22:30:00,24214.364460765177
2026-02-12 22:45:00,24214.364460765177
2026-02-12 23:00:00,24214.364460765177
2026-02-12 23:15:00,24214.364460765177
2026-02-12 23:30:00,24214.364460765177
2026-02-12 23:45:00,24214.364460765177
2026-02-13 01:00:00,24214.364460765177
2026-02-13 01:15:00,24214.364460765177
2026-02-13 01:30:00,24214.364460765177
2026-02-13 01:45:00,24214.364460765177
2026-02-13 02:00:00,24214.364460765177
2026-02-13 02:15:00,24214.364460765177
2026-02-13 02:30:00,24214.364460765177
2026-02-13 02:45:00,25192.722620796103
2026-02-13 03:00:00,25192.722620796103
2026-02-13 03:15:00,25192.722620796103
2026-02-13 03:30:00,25192.722620796103
2026-02-13 03:45:00,25192.722620796103
2026-02-13 04:00:00,25192.722620796103
2026-02-13 04:15:00,25192.722620796103
2026-02-13 04:30:00,25192.722620796103
2026-02-13 04:45:00,25192.722620796103
2026-02-13 05:00:00,25192.722620796103
2026-02-13 05:15:00,25192.722620796103
2026-02-13 05:30:00,25192.722620796103
2026-02-13 05:45:00,25192.722620796103
2026-02-13 06:00:00,25192.722620796103
2026-02-13 06:15:00,24940.79539458814
2026-02-13 06:30:00,24940.79539458814
2026-02-13 06:45:00,24940.79539458814
2026-02-13 07:00:00,24940.79539458814
2026-02-13 07:15:00,24940.79539458814
2026-02-13 07:30:00,24940.79539458814
2026-02-13 07:45:00,24940.79539458814
2026-02-13 08:00:00,24940.79539458814
2026-02-13 08:15:00,24940.79539458814
2026-02-13 08:30:00,30983.87115021512
2026-02-13 08:45:00,30983.87115021512
2026-02-13 09:00:00,30063.61919318258
2026-02-13 09:15:00,30063.61919318258
2026-02-13 09:30:00,30063.61919318258
2026-02-13 09:45:00,30063.61919318258
2026-02-13 10:00:00,30063.61919318258
2026-02-13 10:15:00,30063.61919318258
2026-02-13 10:30:00,30063.61919318258
2026-02-13 10:45:00,30063.61919318258
2026-02-13 11:00:00,30063.61919318258
2026-02-13 11:15:00,30063.61919318258
2026-02-13 11:30:00,30063.61919318258
2026-02-13 11:45:00,30063.61919318258
2026-02-13 12:00:00,30063.61919318258
2026-02-13 12:15:00,30063.61919318258
2026-02-13 12:30:00,30063.61919318258
2026-02-13 12:45:00,28304.300689532305
2026-02-13 13:00:00,29170.699639525865
2026-02-13 13:15:00,28878.992643130605
2026-02-13 13:30:00,26726.959428402584
2026-02-13 13:45:00,26726.959428402584
2026-02-13 14:00:00,26726.959428402584
2026-02-13 14:15:00,26726.959428402584
2026-02-13 14:30:00,26726.959428402584
2026-02-13 14:45:00,26726.959428402584
2026-02-13 15:00:00,26726.959428402584
2026-02-13 15:15:00,26726.959428402584
2026-02-13 15:30:00,26726.959428402584
2026-02-13 15:45:00,26726.959428402584
2026-02-13 16:00:00,26726.959428402584
2026-02-13 16:15:00,26726.959428402584
2026-02-13 16:30:00,26459.689834118562
2026-02-13 16:45:00,26459.689834118562
2026-02-13 17:00:00,26459.689834118562
2026-02-13 17:15:00,26459.689834118562
2026-02-13 17:30:00,26459.689834118562
2026-02-13 17:45:00,26195.092935777375
2026-02-13 18:00:00,26195.092935777375
2026-02-13 18:15:00,26195.092935777375
2026-02-13 18:30:00,26195.092935777375
2026-02-13 18:45:00,26195.092935777375
2026-02-13 19:00:00,26195.092935777375
2026-02-13 19:15:00,28071.084945016362
2026-02-13 19:30:00,28071.084945016362
2026-02-13 19:45:00,28071.084945016362
2026-02-13 20:00:00,28071.084945016362
2026-02-13 20:15:00,28071.084945016362
2026-02-13 20:30:00,28071.084945016362
2026-02-13 20:45:00,28071.084945016362
2026-02-13 21:00:00,28071.084945016362
2026-02-13 21:15:00,28071.084945016362
2026-02-13 21:30:00,28071.084945016362
2026-02-13 21:45:00,27512.470354610537
2026-02-13 22:00:00,26964.972194553786
2026-02-13 22:15:00,27237.345651064432
2026-02-13 22:30:00,27237.345651064432
2026-02-13 22:45:00,27237.345651064432
2026-02-13 23:00:00,27237.345651064432
2026-02-13 23:15:00,27237.345651064432
2026-02-13 23:30:00,27237.345651064432
2026-02-13 23:45:00,27237.345651064432
2026-02-16 01:00:00,26695.322472608248
2026-02-16 01:15:00,26428.369247882165
2026-02-16 01:30:00,26428.369247882165
2026-02-16 01:45:00,26428.369247882165
2026-02-16 02:00:00,26964.972194553786
2026-02-16 02:15:00,26964.972194553786
2026-02-16 02:30:00,26964.972194553786
2026-02-16 02:45:00,26964.972194553786
2026-02-16 03:00:00,26964.972194553786
2026-02-16 03:15:00,26964.972194553786
2026-02-16 03:30:00,26964.972194553786
2026-02-16 03:45:00,26695.322472608248
2026-02-16 04:00:00,26428.369247882165
2026-02-16 04:15:00,26428.369247882165
2026-02-16 04:30:00,26428.369247882165
2026-02-16 04:45:00,26164.085555403344
2026-02-16 05:00:00,26164.085555403344
2026-02-16 05:15:00,25643.420252850818
2026-02-16 05:30:00,25643.420252850818
2026-02-16 05:45:00,25643.420252850818
2026-02-16 06:00:00,25643.420252850818
2026-02-16 06:15:00,25643.420252850818
2026-02-16 06:30:00,25643.420252850818
2026-02-16 06:45:00,25643.420252850818
2026-02-16 07:00:00,25643.420252850818
2026-02-16 07:15:00,25643.420252850818
2026-02-16 07:30:00,25133.116189819088
2026-02-16 07:45:00,25133.116189819088
2026-02-16 08:00:00,25133.116189819088
2026-02-16 08:15:00,25133.116189819088
2026-02-16 08:30:00,25133.116189819088
2026-02-16 08:45:00,25133.116189819088
2026-02-16 09:00:00,25133.116189819088
2026-02-16 09:15:00,25133.116189819088
2026-02-16 09:30:00,25133.116189819088
2026-02-16 09:45:00,25133.116189819088
2026-02-16 10:00:00,24881.785027920898
2026-02-16 10:15:00,24881.785027920898
2026-02-16 10:30:00,24881.785027920898
2026-02-16 10:45:00,24881.785027920898
2026-02-16 11:00:00,24881.785027920898
2026-02-16 11:15:00,27463.634654752546
2026-02-16 11:30:00,27463.634654752546
2026-02-16 11:45:00,27463.634654752546
2026-02-16 12:00:00,26917.10832512297
2026-02-16 12:15:00,26917.10832512297
2026-02-16 12:30:00,27188.99830820502
2026-02-16 12:45:00,27188.99830820502
2026-02-16 13:00:00,25856.466857850904
2026-02-16 13:15:00,25597.902189272394
2026-02-16 13:30:00,25597.902189272394
2026-02-16 13:45:00,25597.902189272394
2026-02-16 14:00:00,25597.902189272394
2026-02-16 14:15:00,25597.902189272394
2026-02-16 14:30:00,25597.902189272394
2026-02-16 14:45:00,25341.92316737967
2026-02-16 15:00:00,25341.92316737967
2026-02-16 15:15:00,25341.92316737967
2026-02-16 15:30:00,25341.92316737967
2026-02-16 15:45:00,25341.92316737967
2026-02-16 16:00:00,25133.116189819088
2026-02-16 16:15:00,25133.116189819088
2026-02-16 16:30:00,25133.116189819088
2026-02-16 16:45:00,25133.116189819088
2026-02-16 17:00:00,25133.116189819088
2026-02-16 17:15:00,25133.116189819088
2026-02-16 17:30:00,27790.3740955662
2026-02-16 17:45:00,27790.3740955662
2026-02-16 18:00:00,27790.3740955662
2026-02-16 18:15:00,27790.3740955662
2026-02-16 18:30:00,27790.3740955662
2026-02-16 18:45:00,27790.3740955662
2026-02-16 19:00:00,27790.3740955662
2026-02-16 19:15:00,27790.3740955662
2026-02-16 19:30:00,27790.3740955662
2026-02-16 19:45:00,27790.3740955662
2026-02-16 20:00:00,27790.3740955662
2026-02-17 01:00:00,27790.3740955662
2026-02-17 01:15:00,27790.3740955662
2026-02-17 01:30:00,26428.369247882165
2026-02-17 01:45:00,26164.085555403344
2026-02-17 02:00:00,26164.085555403344
2026-02-17 02:15:00,26164.085555403344
2026-02-17 02:30:00,26164.085555403344
2026-02-17 02:45:00,26164.085555403344
2026-02-17 03:00:00,26164.085555403344
2026-02-17 03:15:00,26164.085555403344
2026-02-17 03:30:00,26164.085555403344
2026-02-17 03:45:00,26949.00812206547
2026-02-17 04:00:00,26949.00812206547
2026-02-17 04:15:00,26949.00812206547
2026-02-17 04:30:00,26949.00812206547
2026-02-17 04:45:00,26949.00812206547
2026-02-17 05:00:00,26949.00812206547
2026-02-17 05:15:00,26949.00812206547
2026-02-17 05:30:00,26949.00812206547
2026-02-17 05:45:00,26949.00812206547
2026-02-17 06:00:00,26949.00812206547
2026-02-17 06:15:00,26949.00812206547
2026-02-17 06:30:00,26949.00812206547
2026-02-17 06:45:00,26949.00812206547
2026-02-17 07:00:00,26949.00812206547
2026-02-17 07:15:00,26949.00812206547
2026-02-17 07:30:00,26949.00812206547
2026-02-17 07:45:00,26949.00812206547
2026-02-17 08:00:00,26949.00812206547
2026-02-17 08:15:00,26949.00812206547
2026-02-17 08:30:00,26949.00812206547
2026-02-17 08:45:00,26949.00812206547
2026-02-17 09:00:00,26949.00812206547
2026-02-17 09:15:00,26949.00812206547
2026-02-17 09:30:00,26949.00812206547
2026-02-17 09:45:00,26949.00812206547
2026-02-17 10:00:00,26949.00812206547
2026-02-17 10:15:00,26949.00812206547
2026-02-17 10:30:00,26679.518040844814
2026-02-17 10:45:00,26412.722860436366
2026-02-17 11:00:00,26412.722860436366
2026-02-17 11:15:00,26412.722860436366
2026-02-17 11:30:00,26412.722860436366
2026-02-17 11:45:00,26412.722860436366
2026-02-17 12:00:00,26412.722860436366
2026-02-17 12:15:00,26148.595631832002
2026-02-17 12:30:00,25371.95619297096
2026-02-17 12:45:00,25628.238578758544
2026-02-17 13:00:00,25628.238578758544
2026-02-17 13:15:00,25628.238578758544
2026-02-17 13:30:00,25628.238578758544
2026-02-17 13:45:00,25628.238578758544
2026-02-17 14:00:00,25628.238578758544
2026-02-17 14:15:00,25628.238578758544
2026-02-17 14:30:00,25628.238578758544
2026-02-17 14:45:00,25628.238578758544
2026-02-17 15:00:00,25371.95619297096
2026-02-17 15:15:00,25371.95619297096
2026-02-17 15:30:00,25371.95619297096
2026-02-17 15:45:00,25371.95619297096
2026-02-17 16:00:00,25371.95619297096
2026-02-17 16:15:00,25371.95619297096
2026-02-17 16:30:00,25371.95619297096
2026-02-17 16:45:00,25371.95619297096
2026-02-17 17:00:00,25118.23663104125
2026-02-17 17:15:00,25118.23663104125
2026-02-17 17:30:00,25118.23663104125
2026-02-17 17:45:00,25118.23663104125
2026-02-17 18:00:00,25118.23663104125
2026-02-17 18:15:00,25118.23663104125
2026-02-17 18:30:00,25118.23663104125
2026-02-17 18:45:00,25118.23663104125
2026-02-17 19:00:00,25118.23663104125
2026-02-17 19:15:00,25118.23663104125
2026-02-17 19:30:00,24618.38372208353
2026-02-17 19:45:00,24128.477886014065
2026-02-17 20:00:00,24128.477886014065
2026-02-17 20:15:00,24128.477886014065
2026-02-17 20:30:00,24128.477886014065
2026-02-17 20:45:00,24128.477886014065
2026-02-17 21:00:00,24128.477886014065
2026-02-17 21:15:00,24128.477886014065
2026-02-17 21:30:00,24128.477886014065
2026-02-17 21:45:00,24128.477886014065
2026-02-17 22:00:00,23887.193107153926
2026-02-17 22:15:00,23887.193107153926
2026-02-17 22:30:00,22945.942388831565
2026-02-17 22:45:00,22945.942388831565
2026-02-17 23:00:00,22945.942388831565
2026-02-17 23:15:00,22945.942388831565
2026-02-17 23:30:00,22945.942388831565
2026-02-17 23:45:00,22945.942388831565
2026-02-18 01:00:00,22945.942388831565
2026-02-18 01:15:00,23648.321176082387
2026-02-18 01:30:00,23648.321176082387
2026-02-18 01:45:00,22945.942388831565
2026-02-18 02:00:00,22945.942388831565
2026-02-18 02:15:00,22945.942388831565
2026-02-18 02:30:00,22945.942388831565
2026-02-18 02:45:00,22945.942388831565
2026-02-18 03:00:00,22945.942388831565
2026-02-18 03:15:00,22945.942388831565
2026-02-18 03:30:00,22945.942388831565
2026-02-18 03:45:00,22945.942388831565
2026-02-18 04:00:00,22945.942388831565
2026-02-18 04:15:00,22945.942388831565
2026-02-18 04:30:00,22945.942388831565
2026-02-18 04:45:00,22945.942388831565
2026-02-18 05:00:00,22945.942388831565
2026-02-18 05:15:00,22945.942388831565
2026-02-18 05:30:00,22945.942388831565
2026-02-18 05:45:00,22945.942388831565
2026-02-18 06:00:00,22945.942388831565
2026-02-18 06:15:00,22945.942388831565
2026-02-18 06:30:00,25073.650788720744
2026-02-18 06:45:00,25073.650788720744
2026-02-18 07:00:00,25073.650788720744
2026-02-18 07:15:00,25073.650788720744
2026-02-18 07:30:00,23634.320660496574
2026-02-18 07:45:00,23634.320660496574
2026-02-18 08:00:00,22476.00378427824
2026-02-18 08:15:00,22476.00378427824
2026-02-18 08:30:00,22476.00378427824
2026-02-18 08:45:00,22476.00378427824
2026-02-18 09:00:00,22251.24374643546
2026-02-18 09:15:00,21808.443995881393
2026-02-18 09:30:00,21808.443995881393
2026-02-18 09:45:00,21808.443995881393
2026-02-18 10:00:00,28220.614861568734
2026-02-18 10:15:00,29939.250306638052
2026-02-18 10:30:00,29939.250306638052
2026-02-18 10:45:00,29939.250306638052
2026-02-18 11:00:00,30837.42781583714
2026-02-18 11:15:00,30837.42781583714
2026-02-18 11:30:00,30837.42781583714
2026-02-18 11:45:00,30837.42781583714
2026-02-18 12:00:00,30529.05353767877
2026-02-18 12:15:00,30529.05353767877
2026-02-18 12:30:00,30529.05353767877
2026-02-18 12:45:00,30529.05353767877
2026-02-18 13:00:00,29622.31011855617
2026-02-18 13:15:00,29622.31011855617
2026-02-18 13:30:00,29921.52537227896
2026-02-18 13:45:00,29921.52537227896
2026-02-18 14:00:00,29921.52537227896
2026-02-18 14:15:00,29921.52537227896
2026-02-18 14:30:00,28170.52217779901
2026-02-18 14:45:00,27888.81695602102
2026-02-18 15:00:00,27888.81695602102
2026-02-18 15:15:00,27888.81695602102
2026-02-18 15:30:00,27060.49120361024
2026-02-18 15:45:00,26789.886291574137
2026-02-18 16:00:00,26789.886291574137
2026-02-18 16:15:00,26789.886291574137
2026-02-18 16:30:00,26789.886291574137
2026-02-18 16:45:00,26256.76755437181
2026-02-18 17:00:00,27971.518865576985
2026-02-18 17:15:00,27156.81443259902
2026-02-18 17:30:00,27156.81443259902
2026-02-18 17:45:00,27156.81443259902
2026-02-18 18:00:00,27156.81443259902
2026-02-18 18:15:00,27156.81443259902
2026-02-18 18:30:00,27156.81443259902
2026-02-18 18:45:00,27156.81443259902
2026-02-18 19:00:00,27156.81443259902
2026-02-18 19:15:00,27156.81443259902
2026-02-18 19:30:00,27156.81443259902
2026-02-18 19:45:00,27156.81443259902
2026-02-18 20:00:00,27156.81443259902
2026-02-18 20:15:00,27156.81443259902
2026-02-18 20:30:00,24808.218370891875
2026-02-18 20:45:00,25567.60170925856
2026-02-18 21:00:00,25567.60170925856
2026-02-18 21:15:00,25567.60170925856
2026-02-18 21:30:00,24808.218370891875
2026-02-18 21:45:00,24560.136187182954
2026-02-18 22:00:00,24560.136187182954
2026-02-18 22:15:00,24560.136187182954
2026-02-18 22:30:00,24560.136187182954
2026-02-18 22:45:00,24560.136187182954
2026-02-18 23:00:00,24560.136187182954
2026-02-18 23:15:00,24560.136187182954
2026-02-18 23:30:00,24560.136187182954
2026-02-18 23:45:00,24560.136187182954
2026-02-19 01:00:00,24560.136187182954
2026-02-19 01:15:00,24560.136187182954
2026-02-19 01:30:00,24560.136187182954
2026-02-19 01:45:00,24560.136187182954
2026-02-19 02:00:00,24560.136187182954
2026-02-19 02:15:00,24560.136187182954
2026-02-19 02:30:00,24560.136187182954
2026-02-19 02:45:00,24560.136187182954
2026-02-19 03:00:00,24560.136187182954
2026-02-19 03:15:00,24560.136187182954
2026-02-19 03:30:00,24560.136187182954
2026-02-19 03:45:00,24560.136187182954
2026-02-19 04:00:00,24560.136187182954
2026-02-19 04:15:00,24560.136187182954
2026-02-19 04:30:00,24560.136187182954
2026-02-19 04:45:00,24560.136187182954
2026-02-19 05:00:00,24560.136187182954
2026-02-19 05:15:00,24560.136187182954
2026-02-19 05:30:00,24560.136187182954
2026-02-19 05:45:00,24560.136187182954
2026-02-19 06:00:00,24560.136187182954
2026-02-19 06:15:00,24560.136187182954
2026-02-19 06:30:00,24560.136187182954
2026-02-19 06:45:00,24071.389477058015
2026-02-19 07:00:00,23122.880686817913
2026-02-19 07:15:00,23122.880686817913
2026-02-19 07:30:00,23122.880686817913
2026-02-19 07:45:00,23122.880686817913
2026-02-19 08:00:00,23122.880686817913
2026-02-19 08:15:00,23122.880686817913
2026-02-19 08:30:00,23122.880686817913
2026-02-19 08:45:00,23816.56710742241
2026-02-19 09:00:00,23816.56710742241
2026-02-19 09:15:00,24531.064120644987
2026-02-19 09:30:00,24531.064120644987
2026-02-19 09:45:00,24285.753479438536
2026-02-19 10:00:00,24042.89594464415
2026-02-19 10:15:00,26805.756103360036
2026-02-19 10:30:00,26272.32155690317
2026-02-19 10:45:00,25749.502357920795
2026-02-19 11:00:00,25492.007334341586
2026-02-19 11:15:00,25492.007334341586
2026-02-19 11:30:00,25237.08726099817
2026-02-19 11:45:00,25237.08726099817
2026-02-19 12:00:00,25237.08726099817
2026-02-19 12:15:00,25237.08726099817
2026-02-19 12:30:00,25237.08726099817
2026-02-19 12:45:00,25237.08726099817
2026-02-19 13:00:00,25237.08726099817
2026-02-19 13:15:00,25237.08726099817
2026-02-19 13:30:00,25237.08726099817
2026-02-19 13:45:00,25237.08726099817
2026-02-19 14:00:00,25237.08726099817
2026-02-19 14:15:00,25237.08726099817
2026-02-19 14:30:00,25237.08726099817
2026-02-19 14:45:00,25237.08726099817
2026-02-19 15:00:00,25237.08726099817
2026-02-19 15:15:00,25237.08726099817
2026-02-19 15:30:00,25237.08726099817
2026-02-19 15:45:00,25237.08726099817
2026-02-19 16:00:00,25237.08726099817
2026-02-19 16:15:00,25237.08726099817
2026-02-19 16:30:00,25237.08726099817
2026-02-19 16:45:00,25237.08726099817
2026-02-19 17:00:00,25237.08726099817
2026-02-19 17:15:00,25237.08726099817
2026-02-19 17:30:00,25237.08726099817
2026-02-19 17:45:00,25237.08726099817
2026-02-19 18:00:00,25237.08726099817
2026-02-19 18:15:00,25237.08726099817
2026-02-19 18:30:00,24984.716388388188
2026-02-19 18:45:00,24734.869224504306
2026-02-19 19:00:00,24734.869224504306
2026-02-19 19:15:00,24734.869224504306
2026-02-19 19:30:00,24734.869224504306
2026-02-19 19:45:00,24487.520532259263
2026-02-19 20:00:00,24487.520532259263
2026-02-19 20:15:00,24487.520532259263
2026-02-19 20:30:00,24487.520532259263
2026-02-19 20:45:00,24487.520532259263
2026-02-19 21:00:00,24487.520532259263
2026-02-19 21:15:00,24487.520532259263
2026-02-19 21:30:00,24487.520532259263
2026-02-19 21:45:00,24487.520532259263
2026-02-19 22:00:00,24487.520532259263
2026-02-19 22:15:00,24487.520532259263
2026-02-19 22:30:00,24487.520532259263
2026-02-19 22:45:00,23287.38837290051
2026-02-19 23:00:00,23760.216684930627
2026-02-19 23:15:00,23760.216684930627
2026-02-19 23:30:00,23760.216684930627
2026-02-19 23:45:00,23760.216684930627
2026-02-20 01:00:00,23760.216684930627
2026-02-20 01:15:00,23760.216684930627
2026-02-20 01:30:00,23287.38837290051
2026-02-20 01:45:00,23287.38837290051
2026-02-20 02:00:00,23287.38837290051
2026-02-20 02:15:00,23287.38837290051
2026-02-20 02:30:00,23287.38837290051
2026-02-20 02:45:00,23287.38837290051
2026-02-20 03:00:00,24242.64532693667
2026-02-20 03:15:00,24242.64532693667
2026-02-20 03:30:00,24242.64532693667
2026-02-20 03:45:00,24242.64532693667
2026-02-20 04:00:00,24242.64532693667
2026-02-20 04:15:00,24242.64532693667
2026-02-20 04:30:00,24242.64532693667
2026-02-20 04:45:00,24242.64532693667
2026-02-20 05:00:00,24242.64532693667
2026-02-20 05:15:00,24242.64532693667
2026-02-20 05:30:00,24242.64532693667
2026-02-20 05:45:00,24242.64532693667
2026-02-20 06:00:00,24242.64532693667
2026-02-20 06:15:00,24242.64532693667
2026-02-20 06:30:00,24242.64532693667
2026-02-20 06:45:00,24242.64532693667
2026-02-20 07:00:00,24242.64532693667
2026-02-20 07:15:00,24242.64532693667
2026-02-20 07:30:00,24242.64532693667
2026-02-20 07:45:00,24242.64532693667
2026-02-20 08:00:00,24242.64532693667
2026-02-20 08:15:00,24969.924686744725
2026-02-20 08:30:00,24969.924686744725
2026-02-20 08:45:00,24969.924686744725
2026-02-20 09:00:00,24969.924686744725
2026-02-20 09:15:00,24969.924686744725
2026-02-20 09:30:00,24473.023185478505
2026-02-20 09:45:00,24228.29295362372
2026-02-20 10:00:00,24473.023185478505
2026-02-20 10:15:00,24228.29295362372
2026-02-20 10:30:00,24228.29295362372
2026-02-20 10:45:00,24228.29295362372
2026-02-20 11:00:00,24969.924686744806
2026-02-20 11:15:00,35601.14196585517
2026-02-20 11:30:00,35601.14196585517
2026-02-20 11:45:00,34892.67924073465
2026-02-20 12:00:00,34543.7524483273
2026-02-20 12:15:00,34543.7524483273
2026-02-20 12:30:00,34543.7524483273
2026-02-20 12:45:00,33202.247498877696
2026-02-20 13:00:00,32541.522773650027
2026-02-20 13:15:00,32541.522773650027
2026-02-20 13:30:00,32541.522773650027
2026-02-20 13:45:00,32541.522773650027
2026-02-20 14:00:00,32541.522773650027
2026-02-20 14:15:00,32541.522773650027
2026-02-20 14:30:00,32541.522773650027
2026-02-20 14:45:00,32541.522773650027
2026-02-20 15:00:00,32541.522773650027
2026-02-20 15:15:00,32541.522773650027
2026-02-20 15:30:00,32541.522773650027
2026-02-20 15:45:00,32541.522773650027
2026-02-20 16:00:00,32541.522773650027
2026-02-20 16:15:00,32541.522773650027
2026-02-20 16:30:00,32541.522773650027
2026-02-20 16:45:00,32541.522773650027
2026-02-20 17:00:00,32541.522773650027
2026-02-20 17:15:00,32541.522773650027
2026-02-20 17:30:00,32541.522773650027
2026-02-20 17:45:00,32541.522773650027
2026-02-20 18:00:00,32541.522773650027
2026-02-20 18:15:00,32216.107545913528
2026-02-20 18:30:00,31893.946470454393
2026-02-20 18:45:00,31893.946470454393
2026-02-20 19:00:00,31893.946470454393
2026-02-20 19:15:00,31259.25693569235
2026-02-20 19:30:00,31259.25693569235
2026-02-20 19:45:00,31259.25693569235
2026-02-20 20:00:00,31259.25693569235
2026-02-20 20:15:00,31259.25693569235
2026-02-20 20:30:00,31259.25693569235
2026-02-20 20:45:00,31259.25693569235
2026-02-20 21:00:00,31259.25693569235
2026-02-20 21:15:00,31259.25693569235
2026-02-20 21:30:00,31259.25693569235
2026-02-20 21:45:00,31259.25693569235
2026-02-20 22:00:00,31259.25693569235
2026-02-20 22:15:00,31259.25693569235
2026-02-20 22:30:00,31259.25693569235
2026-02-20 22:45:00,31259.25693569235
2026-02-20 23:00:00,31259.25693569235
2026-02-20 23:15:00,31259.25693569235
2026-02-20 23:30:00,31259.25693569235
2026-02-20 23:45:00,31259.25693569235
2026-02-23 01:00:00,31259.25693569235
2026-02-23 01:15:00,30330.82574544535
2026-02-23 01:30:00,29727.242313110986
2026-02-23 01:45:00,29429.969889979875
2026-02-23 02:00:00,29429.969889979875
2026-02-23 02:15:00,30637.19772267207
2026-02-23 02:30:00,30637.19772267207
2026-02-23 02:45:00,30946.664366335426
2026-02-23 03:00:00,30946.664366335426
2026-02-23 03:15:00,30946.664366335426
2026-02-23 03:30:00,30946.664366335426
2026-02-23 03:45:00,30946.664366335426
2026-02-23 04:00:00,30946.664366335426
2026-02-23 04:15:00,30946.664366335426
2026-02-23 04:30:00,30946.664366335426
2026-02-23 04:45:00,30946.664366335426
2026-02-23 05:00:00,30946.664366335426
2026-02-23 05:15:00,30946.664366335426
2026-02-23 05:30:00,30946.664366335426
2026-02-23 05:45:00,30946.664366335426
2026-02-23 06:00:00,30946.664366335426
2026-02-23 06:15:00,30946.664366335426
2026-02-23 06:30:00,30946.664366335426
2026-02-23 06:45:00,30946.664366335426
2026-02-23 07:00:00,30946.664366335426
2026-02-23 07:15:00,30946.664366335426
2026-02-23 07:30:00,30946.664366335426
2026-02-23 07:45:00,30946.664366335426
2026-02-23 08:00:00,30946.664366335426
2026-02-23 08:15:00,30946.664366335426
2026-02-23 08:30:00,30946.664366335426
2026-02-23 08:45:00,30946.664366335426
2026-02-23 09:00:00,30946.664366335426
2026-02-23 09:15:00,30946.664366335426
2026-02-23 09:30:00,30946.664366335426
2026-02-23 09:45:00,30946.664366335426
2026-02-23 10:00:00,30027.517487990895
2026-02-23 10:15:00,30027.517487990895
2026-02-23 10:30:00,29727.242313110986
2026-02-23 10:45:00,29727.242313110986
2026-02-23 11:00:00,32811.87910209989
2026-02-23 11:15:00,32811.87910209989
2026-02-23 11:30:00,32811.87910209989
2026-02-23 11:45:00,32811.87910209989
2026-02-23 12:00:00,32811.87910209989
2026-02-23 12:15:00,31518.960146079535
2026-02-23 12:30:00,31203.77054461874
2026-02-23 12:45:00,31203.77054461874
2026-02-23 13:00:00,31203.77054461874
2026-02-23 13:15:00,31203.77054461874
2026-02-23 13:30:00,30582.815510780827
2026-02-23 13:45:00,30276.98735567302
2026-02-23 14:00:00,29974.217482116288
2026-02-23 14:15:00,32483.76031107889
2026-02-23 14:30:00,31837.333480888417
2026-02-23 14:45:00,31837.333480888417
2026-02-23 15:00:00,31518.960146079535
2026-02-23 15:15:00,31518.960146079535
2026-02-23 15:30:00,31518.960146079535
2026-02-23 15:45:00,31518.960146079535
2026-02-23 16:00:00,31518.960146079535
2026-02-23 16:15:00,31518.960146079535
2026-02-23 16:30:00,32464.528950461918
2026-02-23 16:45:00,32139.883660957297
2026-02-23 17:00:00,32139.883660957297
2026-02-23 17:15:00,32139.883660957297
2026-02-23 17:30:00,32139.883660957297
2026-02-23 17:45:00,30946.664366335426
2026-02-23 18:00:00,30946.664366335426
2026-02-23 18:15:00,30946.664366335426
2026-02-23 18:30:00,30946.664366335426
2026-02-23 18:45:00,30946.664366335426
2026-02-23 19:00:00,30946.664366335426
2026-02-23 19:15:00,30946.664366335426
2026-02-23 19:30:00,30946.664366335426
2026-02-23 19:45:00,30946.664366335426
2026-02-23 20:00:00,30946.664366335426
2026-02-23 20:15:00,30946.664366335426
2026-02-23 20:30:00,30946.664366335426
2026-02-23 20:45:00,30946.664366335426
2026-02-23 21:00:00,30946.664366335426
2026-02-23 21:15:00,30946.664366335426
2026-02-23 21:30:00,30946.664366335426
2026-02-23 21:45:00,30946.664366335426
2026-02-23 22:00:00,30946.664366335426
2026-02-23 22:15:00,30946.664366335426
2026-02-23 22:30:00,30946.664366335426
2026-02-23 22:45:00,30946.664366335426
2026-02-23 23:00:00,30946.664366335426
2026-02-23 23:15:00,30946.664366335426
2026-02-23 23:30:00,30946.664366335426
2026-02-23 23:45:00,30946.664366335426
2026-02-24 01:00:00,30946.664366335426
2026-02-24 01:15:00,30946.664366335426
2026-02-24 01:30:00,30946.664366335426
2026-02-24 01:45:00,30946.664366335426
2026-02-24 02:00:00,30946.664366335426
2026-02-24 02:15:00,30330.82574544535
2026-02-24 02:30:00,30330.82574544535
2026-02-24 02:45:00,30330.82574544535
2026-02-24 03:00:00,30330.82574544535
2026-02-24 03:15:00,30330.82574544535
2026-02-24 03:30:00,30330.82574544535
2026-02-24 03:45:00,30330.82574544535
2026-02-24 04:00:00,30330.82574544535
2026-02-24 04:15:00,30330.82574544535
2026-02-24 04:30:00,31240.75051780871
2026-02-24 04:45:00,31240.75051780871
2026-02-24 05:00:00,31240.75051780871
2026-02-24 05:15:00,31240.750517808676
2026-02-24 05:30:00,31240.750517808676
2026-02-24 05:45:00,31240.750517808676
2026-02-24 06:00:00,31240.750517808676
2026-02-24 06:15:00,31240.750517808676
2026-02-24 06:30:00,31240.750517808676
2026-02-24 06:45:00,31240.750517808676
2026-02-24 07:00:00,31240.750517808676
2026-02-24 07:15:00,30312.86898667924
2026-02-24 07:30:00,29412.54646490588
2026-02-24 07:45:00,30009.740296812448
2026-02-24 08:00:00,29709.642893844324
2026-02-24 08:15:00,29709.642893844324
2026-02-24 08:30:00,29709.642893844324
2026-02-24 08:45:00,29709.642893844324
2026-02-24 09:00:00,29709.642893844324
2026-02-24 09:15:00,29412.54646490588
2026-02-24 09:30:00,29412.54646490588
2026-02-24 09:45:00,29412.54646490588
2026-02-24 10:00:00,29709.642893844324
2026-02-24 10:15:00,30619.059582504284
2026-02-24 10:30:00,30312.86898667924
2026-02-24 10:45:00,32483.760311078844
2026-02-24 11:00:00,31837.333480888377
2026-02-24 11:15:00,31518.960146079495
2026-02-24 11:30:00,31518.960146079495
2026-02-24 11:45:00,31518.960146079495
2026-02-24 12:00:00,30891.732839172513
2026-02-24 12:15:00,30891.732839172513
2026-02-24 12:30:00,30891.732839172513
2026-02-24 12:45:00,30891.732839172513
2026-02-24 13:00:00,30891.732839172513
2026-02-24 13:15:00,30891.732839172513
2026-02-24 13:30:00,30276.98735567298
2026-02-24 13:45:00,30276.98735567298
2026-02-24 14:00:00,30276.98735567298
2026-02-24 14:15:00,30276.98735567298
2026-02-24 14:30:00,29974.21748211625
2026-02-24 14:45:00,29674.475307295088
2026-02-24 15:00:00,29674.475307295088
2026-02-24 15:15:00,29674.475307295088
2026-02-24 15:30:00,29674.475307295088
2026-02-24 15:45:00,29674.475307295088
2026-02-24 16:00:00,29674.475307295088
2026-02-24 16:15:00,28793.113716193115
2026-02-24 16:30:00,32177.973033342936
2026-02-24 16:45:00,33143.312224343186
2026-02-24 17:00:00,32811.87910209975
2026-02-24 17:15:00,32811.87910209975
2026-02-24 17:30:00,32811.87910209975
2026-02-24 17:45:00,32811.87910209975
2026-02-24 18:00:00,33796.23547516272
2026-02-24 18:15:00,33796.23547516272
2026-02-24 18:30:00,33796.23547516272
2026-02-24 18:45:00,33796.23547516272
2026-02-24 19:00:00,34810.12253941758
2026-02-24 19:15:00,34810.12253941758
2026-02-24 19:30:00,34810.12253941758
2026-02-24 19:45:00,34810.12253941758
2026-02-24 20:00:00,34810.12253941758
2026-02-24 20:15:00,34810.12253941758
2026-02-24 20:30:00,34810.12253941758
2026-02-24 20:45:00,34810.12253941758
2026-02-24 21:00:00,34810.12253941758
2026-02-24 21:15:00,34810.12253941758
2026-02-24 21:30:00,34810.12253941758
2026-02-24 21:45:00,34810.12253941758
2026-02-24 22:00:00,34810.12253941758
2026-02-24 22:15:00,34810.12253941758
2026-02-24 22:30:00,34810.12253941758
2026-02-24 22:45:00,34810.12253941758
2026-02-24 23:00:00,34810.12253941758
2026-02-24 23:15:00,34810.12253941758
2026-02-24 23:30:00,34810.12253941758
2026-02-24 23:45:00,34810.12253941758
2026-02-25 01:00:00,34117.40110088317
2026-02-25 01:15:00,34117.40110088317
2026-02-25 01:30:00,34117.40110088317
2026-02-25 01:45:00,34117.40110088317
2026-02-25 02:00:00,34117.40110088317
2026-02-25 02:15:00,34117.40110088317
2026-02-25 02:30:00,34117.40110088317
2026-02-25 02:45:00,34117.40110088317
2026-02-25 03:00:00,34117.40110088317
2026-02-25 03:15:00,41565.106760647264
2026-02-25 03:30:00,41565.106760647264
2026-02-25 03:45:00,41565.106760647264
2026-02-25 04:00:00,41565.106760647264
2026-02-25 04:15:00,41565.106760647264
2026-02-25 04:30:00,41565.106760647264
2026-02-25 04:45:00,41565.106760647264
2026-02-25 05:00:00,41565.106760647264
2026-02-25 05:15:00,41565.106760647264
2026-02-25 05:30:00,41565.106760647264
2026-02-25 05:45:00,41565.106760647264
2026-02-25 06:00:00,41565.106760647264
2026-02-25 06:15:00,41565.106760647264
2026-02-25 06:30:00,41565.106760647264
2026-02-25 06:45:00,41565.106760647264
2026-02-25 07:00:00,41565.106760647264
2026-02-25 07:15:00,41565.106760647264
2026-02-25 07:30:00,41565.106760647264
2026-02-25 07:45:00,41565.106760647264
2026-02-25 08:00:00,41565.106760647264
2026-02-25 08:15:00,41565.106760647264
2026-02-25 08:30:00,41565.106760647264
2026-02-25 08:45:00,41565.106760647264
2026-02-25 09:00:00,41565.106760647264
2026-02-25 09:15:00,41565.106760647264
2026-02-25 09:30:00,41565.106760647264
2026-02-25 09:45:00,41565.106760647264
2026-02-25 10:00:00,37590.73750015667
2026-02-25 10:15:00,40330.58152474928
2026-02-25 10:30:00,39927.27570950179
2026-02-25 10:45:00,39927.27570950179
2026-02-25 11:00:00,39927.27570950179
2026-02-25 11:15:00,39927.27570950179
2026-02-25 11:30:00,39927.27570950179
2026-02-25 11:45:00,39927.27570950179
2026-02-25 12:00:00,39927.27570950179
2026-02-25 12:15:00,39927.27570950179
2026-02-25 12:30:00,39927.27570950179
2026-02-25 12:45:00,39927.27570950179
2026-02-25 13:00:00,39927.27570950179
2026-02-25 13:15:00,39927.27570950179
2026-02-25 13:30:00,39927.27570950179
2026-02-25 13:45:00,40354.47258315272
2026-02-25 14:00:00,40354.47258315272
2026-02-25 14:15:00,35854.42621560008
2026-02-25 14:30:00,35854.42621560008
2026-02-25 14:45:00,35854.42621560008
2026-02-25 15:00:00,35854.426215600135
2026-02-25 15:15:00,35854.426215600135
2026-02-25 15:30:00,35854.426215600135
2026-02-25 15:45:00,35854.426215600135
2026-02-25 16:00:00,35854.426215600135
2026-02-25 16:15:00,35854.426215600135
2026-02-25 16:30:00,51119.83851851485
2026-02-25 16:45:00,45419.31441524197
2026-02-25 17:00:00,45419.31441524197
2026-02-25 17:15:00,45419.31441524197
2026-02-25 17:30:00,45419.31441524197
2026-02-25 17:45:00,45419.31441524197
2026-02-25 18:00:00,45419.31441524197
2026-02-25 18:15:00,45419.31441524197
2026-02-25 18:30:00,45419.31441524197
2026-02-25 18:45:00,45419.31441524197
2026-02-25 19:00:00,45419.31441524197
2026-02-25 19:15:00,45419.31441524197
2026-02-25 19:30:00,45419.31441524197
2026-02-25 19:45:00,45419.31441524197
2026-02-25 20:00:00,45419.31441524197
2026-02-25 20:15:00,45419.31441524197
2026-02-25 20:30:00,45419.31441524197
2026-02-25 20:45:00,45419.31441524197
2026-02-25 21:00:00,45419.31441524197
2026-02-25 21:15:00,45419.31441524197
2026-02-25 21:30:00,45419.31441524197
2026-02-25 21:45:00,45419.31441524197
2026-02-25 22:00:00,45419.31441524197
2026-02-25 22:15:00,45419.31441524197
2026-02-25 22:30:00,44965.12127108955
2026-02-25 22:45:00,44965.12127108955
2026-02-25 23:00:00,44965.12127108955
2026-02-25 23:15:00,44965.12127108955
2026-02-25 23:30:00,66699.79446063985
2026-02-25 23:45:00,68700.78829445905
2026-02-26 01:00:00,68013.78041151447
2026-02-26 01:15:00,67333.64260739932
2026-02-26 01:30:00,66660.30618132533
2026-02-26 01:45:00,65993.70311951208
2026-02-26 02:00:00,65993.70311951208
2026-02-26 02:15:00,65993.70311951208
2026-02-26 02:30:00,65993.70311951208
2026-02-26 02:45:00,65993.70311951208
2026-02-26 03:00:00,65333.76608831696
2026-02-26 03:15:00,65333.76608831696
2026-02-26 03:30:00,65333.76608831696
2026-02-26 03:45:00,65333.76608831696
2026-02-26 04:00:00,65333.76608831696
2026-02-26 04:15:00,65333.76608831696
2026-02-26 04:30:00,65333.76608831696
2026-02-26 04:45:00,65333.76608831696
2026-02-26 05:00:00,65333.76608831696
2026-02-26 05:15:00,65333.76608831696
2026-02-26 05:30:00,65333.76608831696
2026-02-26 05:45:00,65333.76608831696
2026-02-26 06:00:00,65333.76608831696
2026-02-26 06:15:00,65333.76608831696
2026-02-26 06:30:00,65333.76608831696
2026-02-26 06:45:00,65333.76608831696
2026-02-26 07:00:00,65333.76608831696
2026-02-26 07:15:00,65333.76608831696
2026-02-26 07:30:00,65333.76608831696
2026-02-26 07:45:00,65333.76608831696
2026-02-26 08:00:00,65333.76608831696
2026-02-26 08:15:00,65333.76608831696
2026-02-26 08:30:00,65333.76608831696
2026-02-26 08:45:00,65333.76608831696
2026-02-26 09:00:00,65333.76608831696
2026-02-26 09:15:00,65333.76608831696
2026-02-26 09:30:00,65333.76608831696
2026-02-26 09:45:00,65333.76608831696
2026-02-26 10:00:00,67293.77907096647
2026-02-26 10:15:00,71391.97021638864
2026-02-26 10:30:00,71391.97021638864
2026-02-26 10:45:00,69971.27000908251
2026-02-26 11:00:00,69971.27000908251
2026-02-26 11:15:00,69971.27000908251
2026-02-26 11:30:00,75739.74120256657
2026-02-26 11:45:00,75739.74120256657
2026-02-26 12:00:00,75739.74120256657
2026-02-26 12:15:00,74982.34379054091
2026-02-26 12:30:00,73490.19514910915
2026-02-26 12:45:00,74982.34379054091
2026-02-26 13:00:00,74232.5203526355
2026-02-26 13:15:00,74232.5203526355
2026-02-26 13:30:00,74232.5203526355
2026-02-26 13:45:00,74232.5203526355
2026-02-26 14:00:00,74232.5203526355
2026-02-26 14:15:00,74232.5203526355
2026-02-26 14:30:00,74232.5203526355
2026-02-26 14:45:00,74232.5203526355
2026-02-26 15:00:00,72755.29319761806
2026-02-26 15:15:00,72755.29319761806
2026-02-26 15:30:00,72755.29319761806
2026-02-26 15:45:00,80352.29144180288
2026-02-26 16:00:00,78753.280842111
2026-02-26 16:15:00,70594.3882343556
2026-02-26 16:30:00,70594.3882343556
2026-02-26 16:45:00,69888.44435201204
2026-02-26 17:00:00,69888.44435201204
2026-02-26 17:15:00,69888.44435201204
2026-02-26 17:30:00,69888.44435201204
2026-02-26 17:45:00,69888.44435201204
2026-02-26 18:00:00,69888.44435201204
2026-02-26 18:15:00,69888.44435201204
2026-02-26 18:30:00,69888.44435201204
2026-02-26 18:45:00,69888.44435201204
2026-02-26 19:00:00,69888.44435201204
2026-02-26 19:15:00,69888.44435201204
2026-02-26 19:30:00,69888.44435201204
2026-02-26 19:45:00,69888.44435201204
2026-02-26 20:00:00,69888.44435201204
2026-02-26 20:15:00,69888.44435201204
2026-02-26 20:30:00,69888.44435201204
2026-02-26 20:45:00,69888.44435201204
2026-02-26 21:00:00,67812.68766631294
2026-02-26 21:15:00,69189.55990849192
2026-02-26 21:30:00,69189.55990849192
2026-02-26 21:45:00,69189.55990849192
2026-02-26 22:00:00,69189.55990849192
2026-02-26 22:15:00,69189.55990849192
2026-02-26 22:30:00,69189.55990849192
2026-02-26 22:45:00,69189.55990849192
2026-02-26 23:00:00,69189.55990849192
2026-02-26 23:15:00,69189.55990849192
2026-02-26 23:30:00,69189.55990849192
2026-02-26 23:45:00,69189.55990849192
2026-02-27 01:00:00,69189.55990849192
2026-02-27 01:15:00,69189.55990849192
2026-02-27 01:30:00,69189.55990849192
2026-02-27 01:45:00,69189.55990849192
2026-02-27 02:00:00,69189.55990849192
2026-02-27 02:15:00,69189.55990849192
2026-02-27 02:30:00,69189.55990849192
2026-02-27 02:45:00,69189.55990849192
2026-02-27 03:00:00,69189.55990849192
2026-02-27 03:15:00,69189.55990849192
2026-02-27 03:30:00,69189.55990849192
2026-02-27 03:45:00,69189.55990849192
2026-02-27 04:00:00,69189.55990849192
2026-02-27 04:15:00,69189.55990849192
2026-02-27 04:30:00,69189.55990849192
2026-02-27 04:45:00,67812.68766631294
2026-02-27 05:00:00,67812.68766631294
2026-02-27 05:15:00,67812.68766631294
2026-02-27 05:30:00,67812.68766631294
2026-02-27 05:45:00,67812.68766631294
2026-02-27 06:00:00,67812.68766631294
2026-02-27 06:15:00,67812.68766631294
2026-02-27 06:30:00,67812.68766631294
2026-02-27 06:45:00,67812.68766631294
2026-02-27 07:00:00,66463.21518175332
2026-02-27 07:15:00,66463.21518175332
2026-02-27 07:30:00,66463.21518175332
2026-02-27 07:45:00,66463.21518175332
2026-02-27 08:00:00,66463.21518175332
2026-02-27 08:15:00,65140.59719963642
2026-02-27 08:30:00,65140.59719963642
2026-02-27 08:45:00,65140.59719963642
2026-02-27 09:00:00,65140.59719963642
2026-02-27 09:15:00,65140.59719963642
2026-02-27 09:30:00,65140.59719963642
2026-02-27 09:45:00,65140.59719963642
2026-02-27 10:00:00,63844.299315363656
2026-02-27 10:15:00,63205.85632221002
2026-02-27 10:30:00,63205.85632221002
2026-02-27 10:45:00,63205.85632221002
2026-02-27 11:00:00,63205.85632221002
2026-02-27 11:15:00,63205.85632221002
2026-02-27 11:30:00,60715.29339174822
2026-02-27 11:45:00,63205.85632221002
2026-02-27 12:00:00,63844.299315363656
2026-02-27 12:15:00,63205.85632221002
2026-02-27 12:30:00,63205.85632221002
2026-02-27 12:45:00,63205.85632221002
2026-02-27 13:00:00,63205.85632221002
2026-02-27 13:15:00,63205.85632221002
2026-02-27 13:30:00,63205.85632221002
2026-02-27 13:45:00,63205.85632221002
2026-02-27 14:00:00,63205.85632221002
2026-02-27 14:15:00,63205.85632221002
2026-02-27 14:30:00,63205.85632221002
2026-02-27 14:45:00,63205.85632221002
2026-02-27 15:00:00,63205.85632221002
2026-02-27 15:15:00,63205.85632221002
2026-02-27 15:30:00,74144.65061304961
2026-02-27 15:45:00,74144.65061304961
2026-02-27 16:00:00,74144.65061304961
2026-02-27 16:15:00,74144.65061304961
2026-02-27 16:30:00,74144.65061304961
2026-02-27 16:45:00,74144.65061304961
2026-02-27 17:00:00,74144.65061304961
2026-02-27 17:15:00,74144.65061304961
2026-02-27 17:30:00,74144.65061304961
2026-02-27 17:45:00,74144.65061304961
2026-02-27 18:00:00,74144.65061304961
2026-02-27 18:15:00,74144.65061304961
2026-02-27 18:30:00,74144.65061304961
2026-02-27 18:45:00,74144.65061304961
2026-02-27 19:00:00,74144.65061304961
2026-02-27 19:15:00,74144.65061304961
2026-02-27 19:30:00,74144.65061304961
2026-02-27 19:45:00,74144.65061304961
2026-02-27 20:00:00,74144.65061304961
2026-02-27 20:15:00,74144.65061304961
2026-02-27 20:30:00,74144.65061304961
2026-02-27 20:45:00,74144.65061304961
2026-02-27 21:00:00,74144.65061304961
2026-02-27 21:15:00,74144.65061304961
2026-02-27 21:30:00,74144.65061304961
2026-02-27 21:45:00,74144.65061304961
2026-02-27 22:00:00,74144.65061304961
2026-02-27 22:15:00,74144.65061304961
2026-02-27 22:30:00,74144.65061304961
2026-02-27 22:45:00,74144.65061304961
2026-02-27 23:00:00,74144.65061304961
2026-02-27 23:15:00,74144.65061304961
2026-02-27 23:30:00,74144.65061304961
2026-02-27 23:45:00,74144.65061304961
2026-03-02 01:00:00,74144.65061304961
2026-03-02 01:15:00,74144.65061304961
2026-03-02 01:30:00,74144.65061304961
2026-03-02 01:45:00,74144.65061304961
2026-03-02 02:00:00,74144.65061304961
2026-03-02 02:15:00,74144.65061304961
2026-03-02 02:30:00,74144.65061304961
2026-03-02 02:45:00,74144.65061304961
2026-03-02 03:00:00,74144.65061304961
2026-03-02 03:15:00,74144.65061304961
2026-03-02 03:30:00,74144.65061304961
2026-03-02 03:45:00,74144.65061304961
2026-03-02 04:00:00,74144.65061304961
2026-03-02 04:15:00,74144.65061304961
2026-03-02 04:30:00,74144.65061304961
2026-03-02 04:45:00,74144.65061304961
2026-03-02 05:00:00,74144.65061304961
2026-03-02 05:15:00,74144.65061304961
2026-03-02 05:30:00,74144.65061304961
2026-03-02 05:45:00,74144.65061304961
2026-03-02 06:00:00,74144.65061304961
2026-03-02 06:15:00,74144.65061304961
2026-03-02 06:30:00,74144.65061304961
2026-03-02 06:45:00,74144.65061304961
2026-03-02 07:00:00,74144.65061304961
2026-03-02 07:15:00,74144.65061304961
2026-03-02 07:30:00,74144.65061304961
2026-03-02 07:45:00,74144.65061304961
2026-03-02 08:00:00,74144.65061304961
2026-03-02 08:15:00,74144.65061304961
2026-03-02 08:30:00,74144.65061304961
2026-03-02 08:45:00,74144.65061304961
2026-03-02 09:00:00,74144.65061304961
2026-03-02 09:15:00,74144.65061304961
2026-03-02 09:30:00,74144.65061304961
2026-03-02 09:45:00,74144.65061304961
2026-03-02 10:00:00,74144.65061304961
2026-03-02 10:15:00,74144.65061304961
2026-03-02 10:30:00,74144.65061304961
2026-03-02 10:45:00,74144.65061304961
2026-03-02 11:00:00,74144.65061304961
2026-03-02 11:15:00,74144.65061304961
2026-03-02 11:30:00,74144.65061304961
2026-03-02 11:45:00,74144.65061304961
2026-03-02 12:00:00,74144.65061304961
2026-03-02 12:15:00,74144.65061304961
2026-03-02 12:30:00,74144.65061304961
2026-03-02 12:45:00,74144.65061304961
2026-03-02 13:00:00,74144.65061304961
2026-03-02 13:15:00,74144.65061304961
2026-03-02 13:30:00,74144.65061304961
2026-03-02 13:45:00,74144.65061304961
2026-03-02 14:00:00,74144.65061304961
2026-03-02 14:15:00,74144.65061304961
2026-03-02 14:30:00,74144.65061304961
2026-03-02 14:45:00,74144.65061304961
2026-03-02 15:00:00,74144.65061304961
2026-03-02 15:15:00,74144.65061304961
2026-03-02 15:30:00,74144.65061304961
2026-03-02 15:45:00,74144.65061304961
2026-03-02 16:00:00,74144.65061304961
2026-03-02 16:15:00,74144.65061304961
2026-03-02 16:30:00,74144.65061304961
2026-03-02 16:45:00,74144.65061304961
2026-03-02 17:00:00,74144.65061304961
2026-03-02 17:15:00,74144.65061304961
2026-03-02 17:30:00,74144.65061304961
2026-03-02 17:45:00,74144.65061304961
2026-03-02 18:00:00,74144.65061304961
2026-03-02 18:15:00,74144.65061304961
2026-03-02 18:30:00,74144.65061304961
2026-03-02 18:45:00,74144.65061304961
2026-03-02 19:00:00,74144.65061304961
2026-03-02 19:15:00,74144.65061304961
2026-03-02 19:30:00,74144.65061304961
2026-03-02 19:45:00,74144.65061304961
2026-03-02 20:00:00,74144.65061304961
2026-03-02 20:15:00,74144.65061304961
2026-03-02 20:30:00,74144.65061304961
2026-03-02 20:45:00,74144.65061304961
2026-03-02 21:00:00,74144.65061304961
2026-03-02 21:15:00,74144.65061304961
2026-03-02 21:30:00,74144.65061304961
2026-03-02 21:45:00,74144.65061304961
2026-03-02 22:00:00,74144.65061304961
2026-03-02 22:15:00,74144.65061304961
2026-03-02 22:30:00,74144.65061304961
2026-03-02 22:45:00,74144.65061304961
2026-03-02 23:00:00,74144.65061304961
2026-03-02 23:15:00,74144.65061304961
2026-03-02 23:30:00,74144.65061304961
2026-03-02 23:45:00,74144.65061304961
2026-03-03 01:00:00,74144.65061304961
2026-03-03 01:15:00,74144.65061304961
2026-03-03 01:30:00,74144.65061304961
2026-03-03 01:45:00,74144.65061304961
2026-03-03 02:00:00,74144.65061304961
2026-03-03 02:15:00,74144.65061304961
2026-03-03 02:30:00,74144.65061304961
2026-03-03 02:45:00,74144.65061304961
2026-03-03 03:00:00,74144.65061304961
2026-03-03 03:15:00,74144.65061304961
2026-03-03 03:30:00,74144.65061304961
2026-03-03 03:45:00,74144.65061304961
2026-03-03 04:00:00,74144.65061304961
2026-03-03 04:15:00,74144.65061304961
2026-03-03 04:30:00,74144.65061304961
2026-03-03 04:45:00,74144.65061304961
2026-03-03 05:00:00,74144.65061304961
2026-03-03 05:15:00,74144.65061304961
2026-03-03 05:30:00,74144.65061304961
2026-03-03 05:45:00,74144.65061304961
2026-03-03 06:00:00,74144.65061304961
2026-03-03 06:15:00,74144.65061304961
2026-03-03 06:30:00,74144.65061304961
2026-03-03 06:45:00,74144.65061304961
2026-03-03 07:00:00,74144.65061304961
2026-03-03 07:15:00,74144.65061304961
2026-03-03 07:30:00,74144.65061304961
2026-03-03 07:45:00,74144.65061304961
2026-03-03 08:00:00,74144.65061304961
2026-03-03 08:15:00,74144.65061304961
2026-03-03 08:30:00,74144.65061304961
2026-03-03 08:45:00,74144.65061304961
2026-03-03 09:00:00,74144.65061304961
2026-03-03 09:15:00,74144.65061304961
2026-03-03 09:30:00,74144.65061304961
2026-03-03 09:45:00,74144.65061304961
2026-03-03 10:00:00,74144.65061304961
2026-03-03 10:15:00,74144.65061304961
2026-03-03 10:30:00,74144.65061304961
2026-03-03 10:45:00,74144.65061304961
2026-03-03 11:00:00,74144.65061304961
2026-03-03 11:15:00,74144.65061304961
2026-03-03 11:30:00,74144.65061304961
2026-03-03 11:45:00,74144.65061304961
2026-03-03 12:00:00,74144.65061304961
2026-03-03 12:15:00,74144.65061304961
2026-03-03 12:30:00,74144.65061304961
2026-03-03 12:45:00,74144.65061304961
2026-03-03 13:00:00,74144.65061304961
2026-03-03 13:15:00,74144.65061304961
2026-03-03 13:30:00,74144.65061304961
2026-03-03 13:45:00,74144.65061304961
2026-03-03 14:00:00,74144.65061304961
2026-03-03 14:15:00,74144.65061304961
2026-03-03 14:30:00,74144.65061304961
2026-03-03 14:45:00,74144.65061304961
2026-03-03 15:00:00,74144.65061304961
2026-03-03 15:15:00,74144.65061304961
2026-03-03 15:30:00,74144.65061304961
2026-03-03 15:45:00,74144.65061304961
2026-03-03 16:00:00,74144.65061304961
2026-03-03 16:15:00,74144.65061304961
2026-03-03 16:30:00,74144.65061304961
2026-03-03 16:45:00,74144.65061304961
2026-03-03 17:00:00,74144.65061304961
2026-03-03 17:15:00,74144.65061304961
2026-03-03 17:30:00,74144.65061304961
2026-03-03 17:45:00,74144.65061304961
2026-03-03 18:00:00,74144.65061304961
2026-03-03 18:15:00,74144.65061304961
2026-03-03 18:30:00,74144.65061304961
2026-03-03 18:45:00,74144.65061304961
2026-03-03 19:00:00,74144.65061304961
2026-03-03 19:15:00,74144.65061304961
2026-03-03 19:30:00,74144.65061304961
2026-03-03 19:45:00,74144.65061304961
2026-03-03 20:00:00,74144.65061304961
2026-03-03 20:15:00,74144.65061304961
2026-03-03 20:30:00,74144.65061304961
2026-03-03 20:45:00,74144.65061304961
2026-03-03 21:00:00,74144.65061304961
2026-03-03 21:15:00,74144.65061304961
2026-03-03 21:30:00,74144.65061304961
2026-03-03 21:45:00,74144.65061304961
2026-03-03 22:00:00,74144.65061304961
2026-03-03 22:15:00,74144.65061304961
2026-03-03 22:30:00,74144.65061304961
2026-03-03 22:45:00,74144.65061304961
2026-03-03 23:00:00,74144.65061304961
2026-03-03 23:15:00,74144.65061304961
2026-03-03 23:30:00,74144.65061304961
2026-03-03 23:45:00,74144.65061304961
2026-03-04 01:00:00,74144.65061304961
2026-03-04 01:15:00,74144.65061304961
2026-03-04 01:30:00,74144.65061304961
2026-03-04 01:45:00,74144.65061304961
2026-03-04 02:00:00,74144.65061304961
2026-03-04 02:15:00,74144.65061304961
2026-03-04 02:30:00,74144.65061304961
2026-03-04 02:45:00,74144.65061304961
2026-03-04 03:00:00,74144.65061304961
2026-03-04 03:15:00,74144.65061304961
2026-03-04 03:30:00,74144.65061304961
2026-03-04 03:45:00,74144.65061304961
2026-03-04 04:00:00,74144.65061304961
2026-03-04 04:15:00,74144.65061304961
2026-03-04 04:30:00,74144.65061304961
2026-03-04 04:45:00,74144.65061304961
2026-03-04 05:00:00,74144.65061304961
2026-03-04 05:15:00,74144.65061304961
2026-03-04 05:30:00,74144.65061304961
2026-03-04 05:45:00,74144.65061304961
2026-03-04 06:00:00,74144.65061304961
2026-03-04 06:15:00,74144.65061304961
2026-03-04 06:30:00,74144.65061304961
2026-03-04 06:45:00,74144.65061304961
2026-03-04 07:00:00,74144.65061304961
2026-03-04 07:15:00,74144.65061304961
2026-03-04 07:30:00,74144.65061304961
2026-03-04 07:45:00,74144.65061304961
2026-03-04 08:00:00,74144.65061304961
2026-03-04 08:15:00,74144.65061304961
2026-03-04 08:30:00,74144.65061304961
2026-03-04 08:45:00,74144.65061304961
2026-03-04 09:00:00,74144.65061304961
2026-03-04 09:15:00,74144.65061304961
2026-03-04 09:30:00,74144.65061304961
2026-03-04 09:45:00,74144.65061304961
2026-03-04 10:00:00,74144.65061304961
2026-03-04 10:15:00,74144.65061304961
2026-03-04 10:30:00,74144.65061304961
2026-03-04 10:45:00,74144.65061304961
2026-03-04 11:00:00,74144.65061304961
2026-03-04 11:15:00,74144.65061304961
2026-03-04 11:30:00,74144.65061304961
2026-03-04 11:45:00,74144.65061304961
2026-03-04 12:00:00,74144.65061304961
2026-03-04 12:15:00,74144.65061304961
2026-03-04 12:30:00,74144.65061304961
2026-03-04 12:45:00,74144.65061304961
2026-03-04 13:00:00,74144.65061304961
2026-03-04 13:15:00,74144.65061304961
2026-03-04 13:30:00,74144.65061304961
2026-03-04 13:45:00,74144.65061304961
2026-03-04 14:00:00,74144.65061304961
2026-03-04 14:15:00,74144.65061304961
2026-03-04 14:30:00,74144.65061304961
2026-03-04 14:45:00,74144.65061304961
2026-03-04 15:00:00,74144.65061304961
2026-03-04 15:15:00,74144.65061304961
2026-03-04 15:30:00,74144.65061304961
2026-03-04 15:45:00,74144.65061304961
2026-03-04 16:00:00,74144.65061304961
2026-03-04 16:15:00,74144.65061304961
2026-03-04 16:30:00,74144.65061304961
2026-03-04 16:45:00,74144.65061304961
2026-03-04 17:00:00,74144.65061304961
2026-03-04 17:15:00,74144.65061304961
2026-03-04 17:30:00,74144.65061304961
2026-03-04 17:45:00,74144.65061304961
2026-03-04 18:00:00,74144.65061304961
2026-03-04 18:15:00,74144.65061304961
2026-03-04 18:30:00,74144.65061304961
2026-03-04 18:45:00,74144.65061304961
2026-03-04 19:00:00,74144.65061304961
2026-03-04 19:15:00,74144.65061304961
2026-03-04 19:30:00,74144.65061304961
2026-03-04 19:45:00,74144.65061304961
2026-03-04 20:00:00,74144.65061304961
2026-03-04 20:15:00,74144.65061304961
2026-03-04 20:30:00,74144.65061304961
2026-03-04 20:45:00,74144.65061304961
2026-03-04 21:00:00,74144.65061304961
2026-03-04 21:15:00,74144.65061304961
2026-03-04 21:30:00,74144.65061304961
2026-03-04 21:45:00,74144.65061304961
2026-03-04 22:00:00,74144.65061304961
2026-03-04 22:15:00,74144.65061304961
2026-03-04 22:30:00,74144.65061304961
2026-03-04 22:45:00,74144.65061304961
2026-03-04 23:00:00,74144.65061304961
2026-03-04 23:15:00,74144.65061304961
2026-03-04 23:30:00,74144.65061304961
2026-03-04 23:45:00,74144.65061304961
2026-03-05 01:00:00,74144.65061304961
2026-03-05 01:15:00,74144.65061304961
2026-03-05 01:30:00,74144.65061304961
2026-03-05 01:45:00,74144.65061304961
2026-03-05 02:00:00,74144.65061304961
2026-03-05 02:15:00,74144.65061304961
2026-03-05 02:30:00,74144.65061304961
2026-03-05 02:45:00,74144.65061304961
2026-03-05 03:00:00,74144.65061304961
2026-03-05 03:15:00,74144.65061304961
2026-03-05 03:30:00,74144.65061304961
2026-03-05 03:45:00,74144.65061304961
2026-03-05 04:00:00,74144.65061304961
2026-03-05 04:15:00,74144.65061304961
2026-03-05 04:30:00,74144.65061304961
2026-03-05 04:45:00,74144.65061304961
2026-03-05 05:00:00,74144.65061304961
2026-03-05 05:15:00,74144.65061304961
2026-03-05 05:30:00,74144.65061304961
2026-03-05 05:45:00,74144.65061304961
2026-03-05 06:00:00,74144.65061304961
2026-03-05 06:15:00,74144.65061304961
2026-03-05 06:30:00,74144.65061304961
2026-03-05 06:45:00,74144.65061304961
2026-03-05 07:00:00,74144.65061304961
2026-03-05 07:15:00,74144.65061304961
2026-03-05 07:30:00,74144.65061304961
2026-03-05 07:45:00,74144.65061304961
2026-03-05 08:00:00,74144.65061304961
2026-03-05 08:15:00,74144.65061304961
2026-03-05 08:30:00,74144.65061304961
2026-03-05 08:45:00,74144.65061304961
2026-03-05 09:00:00,74144.65061304961
2026-03-05 09:15:00,74144.65061304961
2026-03-05 09:30:00,74144.65061304961
2026-03-05 09:45:00,74144.65061304961
2026-03-05 10:00:00,74144.65061304961
2026-03-05 10:15:00,74144.65061304961
2026-03-05 10:30:00,74144.65061304961
2026-03-05 10:45:00,74144.65061304961
2026-03-05 11:00:00,74144.65061304961
2026-03-05 11:15:00,74144.65061304961
2026-03-05 11:30:00,74144.65061304961
2026-03-05 11:45:00,74144.65061304961
2026-03-05 12:00:00,74144.65061304961
2026-03-05 12:15:00,74144.65061304961
2026-03-05 12:30:00,74144.65061304961
2026-03-05 12:45:00,74144.65061304961
2026-03-05 13:00:00,74144.65061304961
2026-03-05 13:15:00,74144.65061304961
2026-03-05 13:30:00,74144.65061304961
2026-03-05 13:45:00,74144.65061304961
2026-03-05 14:00:00,74144.65061304961
2026-03-05 14:15:00,74144.65061304961
2026-03-05 14:30:00,74144.65061304961
2026-03-05 14:45:00,74144.65061304961
2026-03-05 15:00:00,74144.65061304961
2026-03-05 15:15:00,74144.65061304961
2026-03-05 15:30:00,74144.65061304961
2026-03-05 15:45:00,74144.65061304961
2026-03-05 16:00:00,74144.65061304961
2026-03-05 16:15:00,74144.65061304961
2026-03-05 16:30:00,74144.65061304961
2026-03-05 16:45:00,74144.65061304961
2026-03-05 17:00:00,74144.65061304961
2026-03-05 17:15:00,74144.65061304961
2026-03-05 17:30:00,74144.65061304961
2026-03-05 17:45:00,74144.65061304961
2026-03-05 18:00:00,74144.65061304961
2026-03-05 18:15:00,74144.65061304961
2026-03-05 18:30:00,74144.65061304961
2026-03-05 18:45:00,74144.65061304961
2026-03-05 19:00:00,74144.65061304961
2026-03-05 19:15:00,74144.65061304961
2026-03-05 19:30:00,74144.65061304961
2026-03-05 19:45:00,74144.65061304961
2026-03-05 20:00:00,74144.65061304961
2026-03-05 20:15:00,74144.65061304961
2026-03-05 20:30:00,74144.65061304961
2026-03-05 20:45:00,74144.65061304961
2026-03-05 21:00:00,74144.65061304961
2026-03-05 21:15:00,74144.65061304961
2026-03-05 21:30:00,74144.65061304961
2026-03-05 21:45:00,74144.65061304961
2026-03-05 22:00:00,74144.65061304961
2026-03-05 22:15:00,74144.65061304961
2026-03-05 22:30:00,74144.65061304961
2026-03-05 22:45:00,74144.65061304961
2026-03-05 23:00:00,74144.65061304961
2026-03-05 23:15:00,74144.65061304961
2026-03-05 23:30:00,74144.65061304961
2026-03-05 23:45:00,74144.65061304961
2026-03-06 01:00:00,74144.65061304961
2026-03-06 01:15:00,74144.65061304961
2026-03-06 01:30:00,74144.65061304961
2026-03-06 01:45:00,74144.65061304961
2026-03-06 02:00:00,74144.65061304961
2026-03-06 02:15:00,74144.65061304961
2026-03-06 02:30:00,74144.65061304961
2026-03-06 02:45:00,74144.65061304961
2026-03-06 03:00:00,74144.65061304961
2026-03-06 03:15:00,74144.65061304961
2026-03-06 03:30:00,74144.65061304961
2026-03-06 03:45:00,74144.65061304961
2026-03-06 04:00:00,74144.65061304961
2026-03-06 04:15:00,74144.65061304961
2026-03-06 04:30:00,74144.65061304961
2026-03-06 04:45:00,74144.65061304961
2026-03-06 05:00:00,74144.65061304961
2026-03-06 05:15:00,74144.65061304961
2026-03-06 05:30:00,74144.65061304961
2026-03-06 05:45:00,74144.65061304961
2026-03-06 06:00:00,74144.65061304961
2026-03-06 06:15:00,74144.65061304961
2026-03-06 06:30:00,74144.65061304961
2026-03-06 06:45:00,74144.65061304961
2026-03-06 07:00:00,74144.65061304961
2026-03-06 07:15:00,74144.65061304961
2026-03-06 07:30:00,74144.65061304961
2026-03-06 07:45:00,74144.65061304961
2026-03-06 08:00:00,74144.65061304961
2026-03-06 08:15:00,74144.65061304961
2026-03-06 08:30:00,74144.65061304961
2026-03-06 08:45:00,74144.65061304961
2026-03-06 09:00:00,74144.65061304961
2026-03-06 09:15:00,74144.65061304961
2026-03-06 09:30:00,74144.65061304961
2026-03-06 09:45:00,74144.65061304961
2026-03-06 10:00:00,74144.65061304961
2026-03-06 10:15:00,74144.65061304961
2026-03-06 10:30:00,74144.65061304961
2026-03-06 10:45:00,74144.65061304961
2026-03-06 11:00:00,74144.65061304961
2026-03-06 11:15:00,74144.65061304961
2026-03-06 11:30:00,74144.65061304961
2026-03-06 11:45:00,74144.65061304961
2026-03-06 12:00:00,74144.65061304961
2026-03-06 12:15:00,74144.65061304961
2026-03-06 12:30:00,74144.65061304961
2026-03-06 12:45:00,74144.65061304961
2026-03-06 13:00:00,74144.65061304961
2026-03-06 13:15:00,74144.65061304961
2026-03-06 13:30:00,74144.65061304961
2026-03-06 13:45:00,74144.65061304961
2026-03-06 14:00:00,74144.65061304961
2026-03-06 14:15:00,74144.65061304961
2026-03-06 14:30:00,74144.65061304961
2026-03-06 14:45:00,74144.65061304961
2026-03-06 15:00:00,74144.65061304961
2026-03-06 15:15:00,74144.65061304961
2026-03-06 15:30:00,74144.65061304961
2026-03-06 15:45:00,74144.65061304961
2026-03-06 16:00:00,74144.65061304961
2026-03-06 16:15:00,74144.65061304961
2026-03-06 16:30:00,74144.65061304961
2026-03-06 16:45:00,74144.65061304961
2026-03-06 17:00:00,74144.65061304961
2026-03-06 17:15:00,74144.65061304961
2026-03-06 17:30:00,74144.65061304961
2026-03-06 17:45:00,74144.65061304961
2026-03-06 18:00:00,74144.65061304961
2026-03-06 18:15:00,74144.65061304961
2026-03-06 18:30:00,74144.65061304961
2026-03-06 18:45:00,74144.65061304961
2026-03-06 19:00:00,74144.65061304961
2026-03-06 19:15:00,74144.65061304961
2026-03-06 19:30:00,74144.65061304961
2026-03-06 19:45:00,74144.65061304961
2026-03-06 20:00:00,74144.65061304961
2026-03-06 20:15:00,74144.65061304961
2026-03-06 20:30:00,74144.65061304961
2026-03-06 20:45:00,74144.65061304961
2026-03-06 21:00:00,74144.65061304961
2026-03-06 21:15:00,74144.65061304961
2026-03-06 21:30:00,74144.65061304961
2026-03-06 21:45:00,74144.65061304961
2026-03-06 22:00:00,74144.65061304961
2026-03-06 22:15:00,74144.65061304961
2026-03-06 22:30:00,74144.65061304961
2026-03-06 22:45:00,74144.65061304961
2026-03-06 23:00:00,74144.65061304961
2026-03-06 23:15:00,74144.65061304961
2026-03-06 23:30:00,74144.65061304961
2026-03-06 23:45:00,74144.65061304961
2026-03-09 01:00:00,74144.65061304961
2026-03-09 01:15:00,74144.65061304961
2026-03-09 01:30:00,74144.65061304961
2026-03-09 01:45:00,74144.65061304961
2026-03-09 02:00:00,74144.65061304961
2026-03-09 02:15:00,74144.65061304961
2026-03-09 02:30:00,74144.65061304961
2026-03-09 02:45:00,74144.65061304961
2026-03-09 03:00:00,74144.65061304961
2026-03-09 03:15:00,74144.65061304961
2026-03-09 03:30:00,74144.65061304961
2026-03-09 03:45:00,74144.65061304961
2026-03-09 04:00:00,74144.65061304961
2026-03-09 04:15:00,74144.65061304961
2026-03-09 04:30:00,74144.65061304961
2026-03-09 04:45:00,74144.65061304961
2026-03-09 05:00:00,74144.65061304961
2026-03-09 05:15:00,74144.65061304961
2026-03-09 05:30:00,74144.65061304961
2026-03-09 05:45:00,74144.65061304961
2026-03-09 06:00:00,74144.65061304961
2026-03-09 06:15:00,74144.65061304961
2026-03-09 06:30:00,74144.65061304961
2026-03-09 06:45:00,74144.65061304961
2026-03-09 07:00:00,74144.65061304961
2026-03-09 07:15:00,74144.65061304961
2026-03-09 07:30:00,74144.65061304961
2026-03-09 07:45:00,74144.65061304961
2026-03-09 08:00:00,74144.65061304961
2026-03-09 08:15:00,74144.65061304961
2026-03-09 08:30:00,74144.65061304961
2026-03-09 08:45:00,74144.65061304961
2026-03-09 09:00:00,74144.65061304961
2026-03-09 09:15:00,74144.65061304961
2026-03-09 09:30:00,74144.65061304961
2026-03-09 09:45:00,74144.65061304961
2026-03-09 10:00:00,74144.65061304961
2026-03-09 10:15:00,74144.65061304961
2026-03-09 10:30:00,74144.65061304961
2026-03-09 10:45:00,74144.65061304961
2026-03-09 11:00:00,74144.65061304961
2026-03-09 11:15:00,74144.65061304961
2026-03-09 11:30:00,74144.65061304961
2026-03-09 11:45:00,74144.65061304961
2026-03-09 12:00:00,74144.65061304961
2026-03-09 12:15:00,74144.65061304961
2026-03-09 12:30:00,74144.65061304961
2026-03-09 12:45:00,74144.65061304961
2026-03-09 13:00:00,74144.65061304961
2026-03-09 13:15:00,74144.65061304961
2026-03-09 13:30:00,74144.65061304961
2026-03-09 13:45:00,74144.65061304961
2026-03-09 14:00:00,74144.65061304961
2026-03-09 14:15:00,74144.65061304961
2026-03-09 14:30:00,74144.65061304961
2026-03-09 14:45:00,74144.65061304961
2026-03-09 15:00:00,74144.65061304961
2026-03-09 15:15:00,74144.65061304961
2026-03-09 15:30:00,74144.65061304961
2026-03-09 15:45:00,74144.65061304961
2026-03-09 16:00:00,74144.65061304961
2026-03-09 16:15:00,74144.65061304961
2026-03-09 16:30:00,74144.65061304961
2026-03-09 16:45:00,74144.65061304961
2026-03-09 17:00:00,74144.65061304961
2026-03-09 17:15:00,74144.65061304961
2026-03-09 17:30:00,74144.65061304961
2026-03-09 17:45:00,74144.65061304961
2026-03-09 18:00:00,74144.65061304961
2026-03-09 18:15:00,74144.65061304961
2026-03-09 18:30:00,74144.65061304961
2026-03-09 18:45:00,74144.65061304961
2026-03-09 19:00:00,74144.65061304961
2026-03-09 19:15:00,74144.65061304961
2026-03-09 19:30:00,74144.65061304961
2026-03-09 19:45:00,74144.65061304961
2026-03-09 20:00:00,74144.65061304961
2026-03-09 20:15:00,74144.65061304961
2026-03-09 20:30:00,74144.65061304961
2026-03-09 20:45:00,74144.65061304961
2026-03-09 21:00:00,74144.65061304961
2026-03-09 21:15:00,74144.65061304961
2026-03-09 21:30:00,74144.65061304961
2026-03-09 21:45:00,74144.65061304961
2026-03-09 22:00:00,74144.65061304961
2026-03-09 22:15:00,74144.65061304961
2026-03-09 22:30:00,74144.65061304961
2026-03-09 22:45:00,74144.65061304961
2026-03-09 23:00:00,74144.65061304961
2026-03-09 23:15:00,74144.65061304961
2026-03-09 23:30:00,74144.65061304961
2026-03-09 23:45:00,74144.65061304961
2026-03-10 01:00:00,74144.65061304961
2026-03-10 01:15:00,74144.65061304961
2026-03-10 01:30:00,74144.65061304961
2026-03-10 01:45:00,74144.65061304961
2026-03-10 02:00:00,74144.65061304961
2026-03-10 02:15:00,74144.65061304961
2026-03-10 02:30:00,74144.65061304961
2026-03-10 02:45:00,74144.65061304961
2026-03-10 03:00:00,74144.65061304961
2026-03-10 03:15:00,74144.65061304961
2026-03-10 03:30:00,74144.65061304961
2026-03-10 03:45:00,74144.65061304961
2026-03-10 04:00:00,74144.65061304961
2026-03-10 04:15:00,74144.65061304961
2026-03-10 04:30:00,74144.65061304961
2026-03-10 04:45:00,74144.65061304961
2026-03-10 05:00:00,74144.65061304961
2026-03-10 05:15:00,74144.65061304961
2026-03-10 05:30:00,74144.65061304961
2026-03-10 05:45:00,74144.65061304961
2026-03-10 06:00:00,74144.65061304961
2026-03-10 06:15:00,74144.65061304961
2026-03-10 06:30:00,74144.65061304961
2026-03-10 06:45:00,74144.65061304961
2026-03-10 07:00:00,74144.65061304961
2026-03-10 07:15:00,74144.65061304961
2026-03-10 07:30:00,74144.65061304961
2026-03-10 07:45:00,74144.65061304961
2026-03-10 08:00:00,74144.65061304961
2026-03-10 08:15:00,74144.65061304961
2026-03-10 08:30:00,74144.65061304961
2026-03-10 08:45:00,74144.65061304961
2026-03-10 09:00:00,74144.65061304961
2026-03-10 09:15:00,74144.65061304961
2026-03-10 09:30:00,74144.65061304961
2026-03-10 09:45:00,74144.65061304961
2026-03-10 10:00:00,74144.65061304961
2026-03-10 10:15:00,74144.65061304961
2026-03-10 10:30:00,74144.65061304961
2026-03-10 10:45:00,74144.65061304961
2026-03-10 11:00:00,74144.65061304961
2026-03-10 11:15:00,74144.65061304961
2026-03-10 11:30:00,74144.65061304961
2026-03-10 11:45:00,74144.65061304961
2026-03-10 12:00:00,74144.65061304961
2026-03-10 12:15:00,74144.65061304961
2026-03-10 12:30:00,74144.65061304961
2026-03-10 12:45:00,74144.65061304961
2026-03-10 13:00:00,74144.65061304961
2026-03-10 13:15:00,74144.65061304961
2026-03-10 13:30:00,74144.65061304961
2026-03-10 13:45:00,74144.65061304961
2026-03-10 14:00:00,74144.65061304961
2026-03-10 14:15:00,74144.65061304961
2026-03-10 14:30:00,74144.65061304961
2026-03-10 14:45:00,74144.65061304961
2026-03-10 15:00:00,74144.65061304961
2026-03-10 15:15:00,74144.65061304961
2026-03-10 15:30:00,74144.65061304961
2026-03-10 15:45:00,74144.65061304961
2026-03-10 16:00:00,74144.65061304961
2026-03-10 16:15:00,74144.65061304961
2026-03-10 16:30:00,74144.65061304961
2026-03-10 16:45:00,74144.65061304961
2026-03-10 17:00:00,74144.65061304961
2026-03-10 17:15:00,74144.65061304961
2026-03-10 17:30:00,74144.65061304961
2026-03-10 17:45:00,74144.65061304961
2026-03-10 18:00:00,74144.65061304961
2026-03-10 18:15:00,74144.65061304961
2026-03-10 18:30:00,74144.65061304961
2026-03-10 18:45:00,74144.65061304961
2026-03-10 19:00:00,74144.65061304961
2026-03-10 19:15:00,74144.65061304961
2026-03-10 19:30:00,74144.65061304961
2026-03-10 19:45:00,74144.65061304961
2026-03-10 20:00:00,74144.65061304961
2026-03-10 20:15:00,74144.65061304961
2026-03-10 20:30:00,74144.65061304961
2026-03-10 20:45:00,74144.65061304961
2026-03-10 21:00:00,74144.65061304961
2026-03-10 21:15:00,74144.65061304961
2026-03-10 21:30:00,74144.65061304961
2026-03-10 21:45:00,74144.65061304961
2026-03-10 22:00:00,74144.65061304961
2026-03-10 22:15:00,74144.65061304961
2026-03-10 22:30:00,74144.65061304961
2026-03-10 22:45:00,74144.65061304961
2026-03-10 23:00:00,74144.65061304961
2026-03-10 23:15:00,74144.65061304961
2026-03-10 23:30:00,74144.65061304961
2026-03-10 23:45:00,74144.65061304961
2026-03-11 01:00:00,74144.65061304961
2026-03-11 01:15:00,74144.65061304961
2026-03-11 01:30:00,74144.65061304961
2026-03-11 01:45:00,74144.65061304961
2026-03-11 02:00:00,74144.65061304961
2026-03-11 02:15:00,74144.65061304961
2026-03-11 02:30:00,74144.65061304961
2026-03-11 02:45:00,74144.65061304961
2026-03-11 03:00:00,74144.65061304961
2026-03-11 03:15:00,74144.65061304961
2026-03-11 03:30:00,74144.65061304961
2026-03-11 03:45:00,74144.65061304961
2026-03-11 04:00:00,74144.65061304961
2026-03-11 04:15:00,74144.65061304961
2026-03-11 04:30:00,74144.65061304961
2026-03-11 04:45:00,74144.65061304961
2026-03-11 05:00:00,74144.65061304961
2026-03-11 05:15:00,74144.65061304961
2026-03-11 05:30:00,74144.65061304961
2026-03-11 05:45:00,74144.65061304961
2026-03-11 06:00:00,74144.65061304961
2026-03-11 06:15:00,74144.65061304961
2026-03-11 06:30:00,74144.65061304961
2026-03-11 06:45:00,74144.65061304961
2026-03-11 07:00:00,74144.65061304961
2026-03-11 07:15:00,74144.65061304961
2026-03-11 07:30:00,74144.65061304961
2026-03-11 07:45:00,74144.65061304961
2026-03-11 08:00:00,74144.65061304961
2026-03-11 08:15:00,74144.65061304961
2026-03-11 08:30:00,74144.65061304961
2026-03-11 08:45:00,74144.65061304961
2026-03-11 09:00:00,74144.65061304961
2026-03-11 09:15:00,74144.65061304961
2026-03-11 09:30:00,74144.65061304961
2026-03-11 09:45:00,74144.65061304961
2026-03-11 10:00:00,74144.65061304961
2026-03-11 10:15:00,74144.65061304961
2026-03-11 10:30:00,74144.65061304961
2026-03-11 10:45:00,74144.65061304961
2026-03-11 11:00:00,74144.65061304961
2026-03-11 11:15:00,74144.65061304961
2026-03-11 11:30:00,74144.65061304961
2026-03-11 11:45:00,74144.65061304961
2026-03-11 12:00:00,74144.65061304961
2026-03-11 12:15:00,74144.65061304961
2026-03-11 12:30:00,74144.65061304961
2026-03-11 12:45:00,74144.65061304961
2026-03-11 13:00:00,74144.65061304961
2026-03-11 13:15:00,74144.65061304961
2026-03-11 13:30:00,74144.65061304961
2026-03-11 13:45:00,74144.65061304961
2026-03-11 14:00:00,74144.65061304961
2026-03-11 14:15:00,74144.65061304961
2026-03-11 14:30:00,74144.65061304961
2026-03-11 14:45:00,74144.65061304961
2026-03-11 15:00:00,74144.65061304961
2026-03-11 15:15:00,74144.65061304961
2026-03-11 15:30:00,74144.65061304961
2026-03-11 15:45:00,74144.65061304961
2026-03-11 16:00:00,74144.65061304961
2026-03-11 16:15:00,74144.65061304961
2026-03-11 16:30:00,74144.65061304961
2026-03-11 16:45:00,74144.65061304961
2026-03-11 17:00:00,74144.65061304961
2026-03-11 17:15:00,74144.65061304961
2026-03-11 17:30:00,74144.65061304961
2026-03-11 17:45:00,74144.65061304961
2026-03-11 18:00:00,74144.65061304961
2026-03-11 18:15:00,74144.65061304961
2026-03-11 18:30:00,74144.65061304961
2026-03-11 18:45:00,74144.65061304961
2026-03-11 19:00:00,74144.65061304961
2026-03-11 19:15:00,74144.65061304961
2026-03-11 19:30:00,74144.65061304961
2026-03-11 19:45:00,74144.65061304961
2026-03-11 20:00:00,74144.65061304961
2026-03-11 20:15:00,74144.65061304961
2026-03-11 20:30:00,74144.65061304961
2026-03-11 20:45:00,74144.65061304961
2026-03-11 21:00:00,74144.65061304961
2026-03-11 21:15:00,74144.65061304961
2026-03-11 21:30:00,74144.65061304961
2026-03-11 21:45:00,74144.65061304961
2026-03-11 22:00:00,74144.65061304961
2026-03-11 22:15:00,74144.65061304961
2026-03-11 22:30:00,74144.65061304961
2026-03-11 22:45:00,74144.65061304961
2026-03-11 23:00:00,74144.65061304961
2026-03-11 23:15:00,74144.65061304961
2026-03-11 23:30:00,74144.65061304961
2026-03-11 23:45:00,74144.65061304961
2026-03-12 01:00:00,74144.65061304961
2026-03-12 01:15:00,74144.65061304961
2026-03-12 01:30:00,74144.65061304961
2026-03-12 01:45:00,74144.65061304961
2026-03-12 02:00:00,74144.65061304961
2026-03-12 02:15:00,74144.65061304961
2026-03-12 02:30:00,74144.65061304961
2026-03-12 02:45:00,74144.65061304961
2026-03-12 03:00:00,74144.65061304961
2026-03-12 03:15:00,74144.65061304961
2026-03-12 03:30:00,74144.65061304961
2026-03-12 03:45:00,74144.65061304961
2026-03-12 04:00:00,74144.65061304961
2026-03-12 04:15:00,74144.65061304961
2026-03-12 04:30:00,74144.65061304961
2026-03-12 04:45:00,74144.65061304961
2026-03-12 05:00:00,74144.65061304961
2026-03-12 05:15:00,74144.65061304961
2026-03-12 05:30:00,74144.65061304961
2026-03-12 05:45:00,74144.65061304961
2026-03-12 06:00:00,74144.65061304961
2026-03-12 06:15:00,74144.65061304961
2026-03-12 06:30:00,74144.65061304961
2026-03-12 06:45:00,74144.65061304961
2026-03-12 07:00:00,74144.65061304961
2026-03-12 07:15:00,74144.65061304961
2026-03-12 07:30:00,74144.65061304961
2026-03-12 07:45:00,74144.65061304961
2026-03-12 08:00:00,74144.65061304961
2026-03-12 08:15:00,74144.65061304961
2026-03-12 08:30:00,74144.65061304961
2026-03-12 08:45:00,74144.65061304961
2026-03-12 09:00:00,74144.65061304961
2026-03-12 09:15:00,74144.65061304961
2026-03-12 09:30:00,74144.65061304961
2026-03-12 09:45:00,74144.65061304961
2026-03-12 10:00:00,74144.65061304961
2026-03-12 10:15:00,74144.65061304961
2026-03-12 10:30:00,74144.65061304961
2026-03-12 10:45:00,74144.65061304961
2026-03-12 11:00:00,74144.65061304961
2026-03-12 11:15:00,74144.65061304961
2026-03-12 11:30:00,74144.65061304961
2026-03-12 11:45:00,74144.65061304961
2026-03-12 12:00:00,74144.65061304961
2026-03-12 12:15:00,74144.65061304961
2026-03-12 12:30:00,74144.65061304961
2026-03-12 12:45:00,74144.65061304961
2026-03-12 13:00:00,74144.65061304961
2026-03-12 13:15:00,74144.65061304961
2026-03-12 13:30:00,74144.65061304961
2026-03-12 13:45:00,74144.65061304961
2026-03-12 14:00:00,74144.65061304961
2026-03-12 14:15:00,74144.65061304961
2026-03-12 14:30:00,74144.65061304961
2026-03-12 14:45:00,74144.65061304961
2026-03-12 15:00:00,74144.65061304961
2026-03-12 15:15:00,74144.65061304961
2026-03-12 15:30:00,74144.65061304961
2026-03-12 15:45:00,74144.65061304961
2026-03-12 16:00:00,74144.65061304961
2026-03-12 16:15:00,74144.65061304961
2026-03-12 16:30:00,74144.65061304961
2026-03-12 16:45:00,74144.65061304961
2026-03-12 17:00:00,74144.65061304961
2026-03-12 17:15:00,74144.65061304961
2026-03-12 17:30:00,74144.65061304961
2026-03-12 17:45:00,74144.65061304961
2026-03-12 18:00:00,74144.65061304961
2026-03-12 18:15:00,74144.65061304961
2026-03-12 18:30:00,74144.65061304961
2026-03-12 18:45:00,74144.65061304961
2026-03-12 19:00:00,74144.65061304961
2026-03-12 19:15:00,74144.65061304961
2026-03-12 19:30:00,74144.65061304961
2026-03-12 19:45:00,74144.65061304961
2026-03-12 20:00:00,74144.65061304961
2026-03-12 20:15:00,74144.65061304961
2026-03-12 20:30:00,74144.65061304961
2026-03-12 20:45:00,74144.65061304961
2026-03-12 21:00:00,74144.65061304961
2026-03-12 21:15:00,74144.65061304961
2026-03-12 21:30:00,74144.65061304961
2026-03-12 21:45:00,74144.65061304961
2026-03-12 22:00:00,74144.65061304961
2026-03-12 22:15:00,74144.65061304961
2026-03-12 22:30:00,74144.65061304961
2026-03-12 22:45:00,74144.65061304961
2026-03-12 23:00:00,74144.65061304961
2026-03-12 23:15:00,74144.65061304961
2026-03-12 23:30:00,74144.65061304961
2026-03-12 23:45:00,74144.65061304961
2026-03-13 01:00:00,74144.65061304961
2026-03-13 01:15:00,74144.65061304961
2026-03-13 01:30:00,74144.65061304961
2026-03-13 01:45:00,74144.65061304961
2026-03-13 02:00:00,74144.65061304961
2026-03-13 02:15:00,74144.65061304961
2026-03-13 02:30:00,74144.65061304961
2026-03-13 02:45:00,74144.65061304961
2026-03-13 03:00:00,74144.65061304961
2026-03-13 03:15:00,74144.65061304961
2026-03-13 03:30:00,74144.65061304961
2026-03-13 03:45:00,74144.65061304961
2026-03-13 04:00:00,74144.65061304961
2026-03-13 04:15:00,74144.65061304961
2026-03-13 04:30:00,74144.65061304961
2026-03-13 04:45:00,74144.65061304961
2026-03-13 05:00:00,74144.65061304961
2026-03-13 05:15:00,74144.65061304961
2026-03-13 05:30:00,74144.65061304961
2026-03-13 05:45:00,74144.65061304961
2026-03-13 06:00:00,74144.65061304961
2026-03-13 06:15:00,74144.65061304961
2026-03-13 06:30:00,74144.65061304961
2026-03-13 06:45:00,74144.65061304961
2026-03-13 07:00:00,74144.65061304961
2026-03-13 07:15:00,74144.65061304961
2026-03-13 07:30:00,74144.65061304961
2026-03-13 07:45:00,74144.65061304961
2026-03-13 08:00:00,74144.65061304961
2026-03-13 08:15:00,74144.65061304961
2026-03-13 08:30:00,74144.65061304961
2026-03-13 08:45:00,74144.65061304961
2026-03-13 09:00:00,74144.65061304961
2026-03-13 09:15:00,74144.65061304961
2026-03-13 09:30:00,74144.65061304961
2026-03-13 09:45:00,74144.65061304961
2026-03-13 10:00:00,74144.65061304961
2026-03-13 10:15:00,74144.65061304961
2026-03-13 10:30:00,74144.65061304961
2026-03-13 10:45:00,74144.65061304961
2026-03-13 11:00:00,74144.65061304961
2026-03-13 11:15:00,74144.65061304961
2026-03-13 11:30:00,74144.65061304961
2026-03-13 11:45:00,74144.65061304961
2026-03-13 12:00:00,74144.65061304961
2026-03-13 12:15:00,74144.65061304961
2026-03-13 12:30:00,74144.65061304961
2026-03-13 12:45:00,74144.65061304961
2026-03-13 13:00:00,74144.65061304961
2026-03-13 13:15:00,74144.65061304961
2026-03-13 13:30:00,74144.65061304961
2026-03-13 13:45:00,74144.65061304961
2026-03-13 14:00:00,74144.65061304961
2026-03-13 14:15:00,74144.65061304961
2026-03-13 14:30:00,74144.65061304961
2026-03-13 14:45:00,74144.65061304961
2026-03-13 15:00:00,74144.65061304961
2026-03-13 15:15:00,74144.65061304961
2026-03-13 15:30:00,74144.65061304961
2026-03-13 15:45:00,74144.65061304961
2026-03-13 16:00:00,74144.65061304961
2026-03-13 16:15:00,74144.65061304961
2026-03-13 16:30:00,74144.65061304961
2026-03-13 16:45:00,74144.65061304961
2026-03-13 17:00:00,74144.65061304961
2026-03-13 17:15:00,74144.65061304961
2026-03-13 17:30:00,74144.65061304961
2026-03-13 17:45:00,74144.65061304961
2026-03-13 18:00:00,74144.65061304961
2026-03-13 18:15:00,74144.65061304961
2026-03-13 18:30:00,74144.65061304961
2026-03-13 18:45:00,74144.65061304961
2026-03-13 19:00:00,74144.65061304961
2026-03-13 19:15:00,74144.65061304961
2026-03-13 19:30:00,74144.65061304961
2026-03-13 19:45:00,74144.65061304961
2026-03-13 20:00:00,74144.65061304961
2026-03-13 20:15:00,74144.65061304961
2026-03-13 20:30:00,74144.65061304961
2026-03-13 20:45:00,74144.65061304961
2026-03-13 21:00:00,74144.65061304961
2026-03-13 21:15:00,74144.65061304961
2026-03-13 21:30:00,74144.65061304961
2026-03-13 21:45:00,74144.65061304961
2026-03-13 22:00:00,74144.65061304961
2026-03-13 22:15:00,74144.65061304961
2026-03-13 22:30:00,74144.65061304961
2026-03-13 22:45:00,74144.65061304961
2026-03-13 23:00:00,74144.65061304961
2026-03-13 23:15:00,74144.65061304961
2026-03-13 23:30:00,74144.65061304961
2026-03-13 23:45:00,74144.65061304961
2026-03-16 01:00:00,74144.65061304961
2026-03-16 01:15:00,74144.65061304961
2026-03-16 01:30:00,74144.65061304961
2026-03-16 01:45:00,74144.65061304961
2026-03-16 02:00:00,74144.65061304961
2026-03-16 02:15:00,74144.65061304961
2026-03-16 02:30:00,74144.65061304961
2026-03-16 02:45:00,74144.65061304961
2026-03-16 03:00:00,74144.65061304961
2026-03-16 03:15:00,74144.65061304961
2026-03-16 03:30:00,74144.65061304961
2026-03-16 03:45:00,74144.65061304961
2026-03-16 04:00:00,74144.65061304961
2026-03-16 04:15:00,74144.65061304961
2026-03-16 04:30:00,74144.65061304961
2026-03-16 04:45:00,74144.65061304961
2026-03-16 05:00:00,74144.65061304961
2026-03-16 05:15:00,74144.65061304961
2026-03-16 05:30:00,74144.65061304961
2026-03-16 05:45:00,74144.65061304961
2026-03-16 06:00:00,74144.65061304961
2026-03-16 06:15:00,74144.65061304961
2026-03-16 06:30:00,74144.65061304961
2026-03-16 06:45:00,74144.65061304961
2026-03-16 07:00:00,74144.65061304961
2026-03-16 07:15:00,74144.65061304961
2026-03-16 07:30:00,74144.65061304961
2026-03-16 07:45:00,74144.65061304961
2026-03-16 08:00:00,74144.65061304961
2026-03-16 08:15:00,74144.65061304961
2026-03-16 08:30:00,74144.65061304961
2026-03-16 08:45:00,74144.65061304961
2026-03-16 09:00:00,74144.65061304961
2026-03-16 09:15:00,74144.65061304961
2026-03-16 09:30:00,74144.65061304961
2026-03-16 09:45:00,74144.65061304961
2026-03-16 10:00:00,74144.65061304961
2026-03-16 10:15:00,74144.65061304961
2026-03-16 10:30:00,74144.65061304961
2026-03-16 10:45:00,74144.65061304961
2026-03-16 11:00:00,74144.65061304961
2026-03-16 11:15:00,74144.65061304961
2026-03-16 11:30:00,74144.65061304961
2026-03-16 11:45:00,74144.65061304961
2026-03-16 12:00:00,74144.65061304961
2026-03-16 12:15:00,74144.65061304961
2026-03-16 12:30:00,74144.65061304961
2026-03-16 12:45:00,74144.65061304961
2026-03-16 13:00:00,74144.65061304961
2026-03-16 13:15:00,74144.65061304961
2026-03-16 13:30:00,74144.65061304961
2026-03-16 13:45:00,74144.65061304961
2026-03-16 14:00:00,74144.65061304961
2026-03-16 14:15:00,74144.65061304961
2026-03-16 14:30:00,74144.65061304961
2026-03-16 14:45:00,74144.65061304961
2026-03-16 15:00:00,74144.65061304961
2026-03-16 15:15:00,74144.65061304961
2026-03-16 15:30:00,74144.65061304961
2026-03-16 15:45:00,74144.65061304961
2026-03-16 16:00:00,74144.65061304961
2026-03-16 16:15:00,74144.65061304961
2026-03-16 16:30:00,74144.65061304961
2026-03-16 16:45:00,74144.65061304961
2026-03-16 17:00:00,74144.65061304961
2026-03-16 17:15:00,74144.65061304961
2026-03-16 17:30:00,74144.65061304961
2026-03-16 17:45:00,74144.65061304961
2026-03-16 18:00:00,74144.65061304961
2026-03-16 18:15:00,74144.65061304961
2026-03-16 18:30:00,74144.65061304961
2026-03-16 18:45:00,74144.65061304961
2026-03-16 19:00:00,74144.65061304961
2026-03-16 19:15:00,74144.65061304961
2026-03-16 19:30:00,74144.65061304961
2026-03-16 19:45:00,74144.65061304961
2026-03-16 20:00:00,74144.65061304961
2026-03-16 20:15:00,74144.65061304961
2026-03-16 20:30:00,74144.65061304961
2026-03-16 20:45:00,74144.65061304961
2026-03-16 21:00:00,74144.65061304961
2026-03-16 21:15:00,74144.65061304961
2026-03-16 21:30:00,74144.65061304961
2026-03-16 21:45:00,74144.65061304961
2026-03-16 22:00:00,74144.65061304961
2026-03-16 22:15:00,74144.65061304961
2026-03-16 22:30:00,74144.65061304961
2026-03-16 22:45:00,74144.65061304961
2026-03-16 23:00:00,74144.65061304961
2026-03-16 23:15:00,74144.65061304961
2026-03-16 23:30:00,74144.65061304961
2026-03-16 23:45:00,74144.65061304961
2026-03-17 01:00:00,74144.65061304961
2026-03-17 01:15:00,74144.65061304961
2026-03-17 01:30:00,74144.65061304961
2026-03-17 01:45:00,74144.65061304961
2026-03-17 02:00:00,74144.65061304961
2026-03-17 02:15:00,74144.65061304961
2026-03-17 02:30:00,74144.65061304961
2026-03-17 02:45:00,74144.65061304961
2026-03-17 03:00:00,74144.65061304961
2026-03-17 03:15:00,74144.65061304961
2026-03-17 03:30:00,74144.65061304961
2026-03-17 03:45:00,74144.65061304961
2026-03-17 04:00:00,74144.65061304961
2026-03-17 04:15:00,74144.65061304961
2026-03-17 04:30:00,74144.65061304961
2026-03-17 04:45:00,74144.65061304961
2026-03-17 05:00:00,74144.65061304961
2026-03-17 05:15:00,74144.65061304961
2026-03-17 05:30:00,74144.65061304961
2026-03-17 05:45:00,74144.65061304961
2026-03-17 06:00:00,74144.65061304961
2026-03-17 06:15:00,74144.65061304961
2026-03-17 06:30:00,74144.65061304961
2026-03-17 06:45:00,74144.65061304961
2026-03-17 07:00:00,74144.65061304961
2026-03-17 07:15:00,74144.65061304961
2026-03-17 07:30:00,74144.65061304961
2026-03-17 07:45:00,74144.65061304961
2026-03-17 08:00:00,74144.65061304961
2026-03-17 08:15:00,74144.65061304961
2026-03-17 08:30:00,74144.65061304961
2026-03-17 08:45:00,74144.65061304961
2026-03-17 09:00:00,74144.65061304961
2026-03-17 09:15:00,74144.65061304961
2026-03-17 09:30:00,74144.65061304961
2026-03-17 09:45:00,74144.65061304961
2026-03-17 10:00:00,74144.65061304961
2026-03-17 10:15:00,74144.65061304961
2026-03-17 10:30:00,74144.65061304961
2026-03-17 10:45:00,74144.65061304961
2026-03-17 11:00:00,74144.65061304961
2026-03-17 11:15:00,74144.65061304961
2026-03-17 11:30:00,74144.65061304961
2026-03-17 11:45:00,74144.65061304961
2026-03-17 12:00:00,74144.65061304961
2026-03-17 12:15:00,74144.65061304961
2026-03-17 12:30:00,74144.65061304961
2026-03-17 12:45:00,74144.65061304961
2026-03-17 13:00:00,74144.65061304961
2026-03-17 13:15:00,74144.65061304961
2026-03-17 13:30:00,74144.65061304961
2026-03-17 13:45:00,74144.65061304961
2026-03-17 14:00:00,74144.65061304961
2026-03-17 14:15:00,74144.65061304961
2026-03-17 14:30:00,74144.65061304961
2026-03-17 14:45:00,74144.65061304961
2026-03-17 15:00:00,74144.65061304961
2026-03-17 15:15:00,74144.65061304961
2026-03-17 15:30:00,74144.65061304961
2026-03-17 15:45:00,74144.65061304961
2026-03-17 16:00:00,74144.65061304961
2026-03-17 16:15:00,74144.65061304961
2026-03-17 16:30:00,74144.65061304961
2026-03-17 16:45:00,74144.65061304961
2026-03-17 17:00:00,74144.65061304961
2026-03-17 17:15:00,74144.65061304961
2026-03-17 17:30:00,74144.65061304961
2026-03-17 17:45:00,74144.65061304961
2026-03-17 18:00:00,74144.65061304961
2026-03-17 18:15:00,74144.65061304961
2026-03-17 18:30:00,74144.65061304961
2026-03-17 18:45:00,74144.65061304961
2026-03-17 19:00:00,74144.65061304961
2026-03-17 19:15:00,74144.65061304961
2026-03-17 19:30:00,74144.65061304961
2026-03-17 19:45:00,74144.65061304961
2026-03-17 20:00:00,74144.65061304961
2026-03-17 20:15:00,74144.65061304961
2026-03-17 20:30:00,74144.65061304961
2026-03-17 20:45:00,74144.65061304961
2026-03-17 21:00:00,74144.65061304961
2026-03-17 21:15:00,74144.65061304961
2026-03-17 21:30:00,74144.65061304961
2026-03-17 21:45:00,74144.65061304961
2026-03-17 22:00:00,74144.65061304961
2026-03-17 22:15:00,74144.65061304961
2026-03-17 22:30:00,74144.65061304961
2026-03-17 22:45:00,74144.65061304961
2026-03-17 23:00:00,74144.65061304961
2026-03-17 23:15:00,74144.65061304961
2026-03-17 23:30:00,74144.65061304961
2026-03-17 23:45:00,74144.65061304961
2026-03-18 01:00:00,74144.65061304961
2026-03-18 01:15:00,74144.65061304961
2026-03-18 01:30:00,74144.65061304961
2026-03-18 01:45:00,74144.65061304961
2026-03-18 02:00:00,74144.65061304961
2026-03-18 02:15:00,74144.65061304961
2026-03-18 02:30:00,74144.65061304961
2026-03-18 02:45:00,74144.65061304961
2026-03-18 03:00:00,74144.65061304961
2026-03-18 03:15:00,74144.65061304961
2026-03-18 03:30:00,74144.65061304961
2026-03-18 03:45:00,74144.65061304961
2026-03-18 04:00:00,74144.65061304961
2026-03-18 04:15:00,74144.65061304961
2026-03-18 04:30:00,74144.65061304961
2026-03-18 04:45:00,74144.65061304961
2026-03-18 05:00:00,74144.65061304961
2026-03-18 05:15:00,74144.65061304961
2026-03-18 05:30:00,74144.65061304961
2026-03-18 05:45:00,74144.65061304961
2026-03-18 06:00:00,74144.65061304961
2026-03-18 06:15:00,74144.65061304961
2026-03-18 06:30:00,74144.65061304961
2026-03-18 06:45:00,74144.65061304961
2026-03-18 07:00:00,74144.65061304961
2026-03-18 07:15:00,74144.65061304961
2026-03-18 07:30:00,74144.65061304961
2026-03-18 07:45:00,74144.65061304961
2026-03-18 08:00:00,74144.65061304961
2026-03-18 08:15:00,74144.65061304961
2026-03-18 08:30:00,74144.65061304961
2026-03-18 08:45:00,74144.65061304961
2026-03-18 09:00:00,74144.65061304961
2026-03-18 09:15:00,74144.65061304961
2026-03-18 09:30:00,74144.65061304961
2026-03-18 09:45:00,74144.65061304961
2026-03-18 10:00:00,74144.65061304961
2026-03-18 10:15:00,74144.65061304961
2026-03-18 10:30:00,74144.65061304961
2026-03-18 10:45:00,74144.65061304961
2026-03-18 11:00:00,74144.65061304961
2026-03-18 11:15:00,74144.65061304961
2026-03-18 11:30:00,74144.65061304961
2026-03-18 11:45:00,74144.65061304961
2026-03-18 12:00:00,74144.65061304961
2026-03-18 12:15:00,74144.65061304961
2026-03-18 12:30:00,74144.65061304961
2026-03-18 12:45:00,74144.65061304961
2026-03-18 13:00:00,74144.65061304961
2026-03-18 13:15:00,74144.65061304961
2026-03-18 13:30:00,74144.65061304961
2026-03-18 13:45:00,74144.65061304961
2026-03-18 14:00:00,74144.65061304961
2026-03-18 14:15:00,74144.65061304961
2026-03-18 14:30:00,74144.65061304961
2026-03-18 14:45:00,74144.65061304961
2026-03-18 15:00:00,74144.65061304961
2026-03-18 15:15:00,74144.65061304961
2026-03-18 15:30:00,74144.65061304961
2026-03-18 15:45:00,74144.65061304961
2026-03-18 16:00:00,74144.65061304961
2026-03-18 16:15:00,74144.65061304961
2026-03-18 16:30:00,74144.65061304961
2026-03-18 16:45:00,74144.65061304961
2026-03-18 17:00:00,74144.65061304961
2026-03-18 17:15:00,74144.65061304961
2026-03-18 17:30:00,74144.65061304961
2026-03-18 17:45:00,74144.65061304961
2026-03-18 18:00:00,74144.65061304961
2026-03-18 18:15:00,74144.65061304961
2026-03-18 18:30:00,74144.65061304961
2026-03-18 18:45:00,74144.65061304961
2026-03-18 19:00:00,74144.65061304961
2026-03-18 19:15:00,74144.65061304961
2026-03-18 19:30:00,74144.65061304961
2026-03-18 19:45:00,74144.65061304961
2026-03-18 20:00:00,74144.65061304961
2026-03-18 20:15:00,74144.65061304961
2026-03-18 20:30:00,74144.65061304961
2026-03-18 20:45:00,74144.65061304961
2026-03-18 21:00:00,74144.65061304961
2026-03-18 21:15:00,74144.65061304961
2026-03-18 21:30:00,74144.65061304961
2026-03-18 21:45:00,74144.65061304961
2026-03-18 22:00:00,74144.65061304961
2026-03-18 22:15:00,74144.65061304961
2026-03-18 22:30:00,74144.65061304961
2026-03-18 22:45:00,74144.65061304961
2026-03-18 23:00:00,74144.65061304961
2026-03-18 23:15:00,74144.65061304961
2026-03-18 23:30:00,74144.65061304961
2026-03-18 23:45:00,74144.65061304961
2026-03-19 01:00:00,74144.65061304961
2026-03-19 01:15:00,74144.65061304961
2026-03-19 01:30:00,74144.65061304961
2026-03-19 01:45:00,74144.65061304961
2026-03-19 02:00:00,74144.65061304961
2026-03-19 02:15:00,74144.65061304961
2026-03-19 02:30:00,74144.65061304961
2026-03-19 02:45:00,74144.65061304961
2026-03-19 03:00:00,74144.65061304961
2026-03-19 03:15:00,74144.65061304961
2026-03-19 03:30:00,74144.65061304961
2026-03-19 03:45:00,74144.65061304961
2026-03-19 04:00:00,74144.65061304961
2026-03-19 04:15:00,74144.65061304961
2026-03-19 04:30:00,74144.65061304961
2026-03-19 04:45:00,74144.65061304961
2026-03-19 05:00:00,74144.65061304961
2026-03-19 05:15:00,74144.65061304961
2026-03-19 05:30:00,74144.65061304961
2026-03-19 05:45:00,74144.65061304961
2026-03-19 06:00:00,74144.65061304961
2026-03-19 06:15:00,74144.65061304961
2026-03-19 06:30:00,74144.65061304961
2026-03-19 06:45:00,74144.65061304961
2026-03-19 07:00:00,74144.65061304961
2026-03-19 07:15:00,74144.65061304961
2026-03-19 07:30:00,74144.65061304961
2026-03-19 07:45:00,74144.65061304961
2026-03-19 08:00:00,74144.65061304961
2026-03-19 08:15:00,74144.65061304961
2026-03-19 08:30:00,74144.65061304961
2026-03-19 08:45:00,74144.65061304961
2026-03-19 09:00:00,74144.65061304961
2026-03-19 09:15:00,74144.65061304961
2026-03-19 09:30:00,74144.65061304961
2026-03-19 09:45:00,74144.65061304961
2026-03-19 10:00:00,74144.65061304961
2026-03-19 10:15:00,74144.65061304961
2026-03-19 10:30:00,74144.65061304961
2026-03-19 10:45:00,74144.65061304961
2026-03-19 11:00:00,74144.65061304961
2026-03-19 11:15:00,74144.65061304961
2026-03-19 11:30:00,74144.65061304961
2026-03-19 11:45:00,74144.65061304961
2026-03-19 12:00:00,74144.65061304961
2026-03-19 12:15:00,74144.65061304961
2026-03-19 12:30:00,74144.65061304961
2026-03-19 12:45:00,74144.65061304961
2026-03-19 13:00:00,74144.65061304961
2026-03-19 13:15:00,74144.65061304961
2026-03-19 13:30:00,74144.65061304961
2026-03-19 13:45:00,74144.65061304961
2026-03-19 14:00:00,74144.65061304961
2026-03-19 14:15:00,74144.65061304961
2026-03-19 14:30:00,74144.65061304961
2026-03-19 14:45:00,74144.65061304961
2026-03-19 15:00:00,74144.65061304961
2026-03-19 15:15:00,74144.65061304961
2026-03-19 15:30:00,74144.65061304961
2026-03-19 15:45:00,74144.65061304961
2026-03-19 16:00:00,74144.65061304961
2026-03-19 16:15:00,74144.65061304961
2026-03-19 16:30:00,74144.65061304961
2026-03-19 16:45:00,74144.65061304961
2026-03-19 17:00:00,74144.65061304961
2026-03-19 17:15:00,74144.65061304961
2026-03-19 17:30:00,74144.65061304961
2026-03-19 17:45:00,74144.65061304961
2026-03-19 18:00:00,74144.65061304961
2026-03-19 18:15:00,74144.65061304961
2026-03-19 18:30:00,74144.65061304961
2026-03-19 18:45:00,74144.65061304961
2026-03-19 19:00:00,74144.65061304961
2026-03-19 19:15:00,74144.65061304961
2026-03-19 19:30:00,74144.65061304961
2026-03-19 19:45:00,74144.65061304961
2026-03-19 20:00:00,74144.65061304961
2026-03-19 20:15:00,74144.65061304961
2026-03-19 20:30:00,74144.65061304961
2026-03-19 20:45:00,74144.65061304961
2026-03-19 21:00:00,74144.65061304961
2026-03-19 21:15:00,74144.65061304961
2026-03-19 21:30:00,74144.65061304961
2026-03-19 21:45:00,74144.65061304961
2026-03-19 22:00:00,74144.65061304961
2026-03-19 22:15:00,74144.65061304961
2026-03-19 22:30:00,74144.65061304961
2026-03-19 22:45:00,74144.65061304961
2026-03-19 23:00:00,74144.65061304961
2026-03-19 23:15:00,74144.65061304961
2026-03-19 23:30:00,74144.65061304961
2026-03-19 23:45:00,74144.65061304961
2026-03-20 01:00:00,74144.65061304961
2026-03-20 01:15:00,74144.65061304961
2026-03-20 01:30:00,74144.65061304961
2026-03-20 01:45:00,74144.65061304961
2026-03-20 02:00:00,74144.65061304961
2026-03-20 02:15:00,74144.65061304961
2026-03-20 02:30:00,74144.65061304961
2026-03-20 02:45:00,74144.65061304961
2026-03-20 03:00:00,74144.65061304961
2026-03-20 03:15:00,74144.65061304961
2026-03-20 03:30:00,74144.65061304961
2026-03-20 03:45:00,74144.65061304961
2026-03-20 04:00:00,74144.65061304961
2026-03-20 04:15:00,74144.65061304961
2026-03-20 04:30:00,74144.65061304961
2026-03-20 04:45:00,74144.65061304961
2026-03-20 05:00:00,74144.65061304961
2026-03-20 05:15:00,74144.65061304961
2026-03-20 05:30:00,74144.65061304961
2026-03-20 05:45:00,74144.65061304961
2026-03-20 06:00:00,74144.65061304961
2026-03-20 06:15:00,74144.65061304961
2026-03-20 06:30:00,74144.65061304961
2026-03-20 06:45:00,74144.65061304961
2026-03-20 07:00:00,74144.65061304961
2026-03-20 07:15:00,74144.65061304961
2026-03-20 07:30:00,74144.65061304961
2026-03-20 07:45:00,74144.65061304961
2026-03-20 08:00:00,74144.65061304961
2026-03-20 08:15:00,74144.65061304961
2026-03-20 08:30:00,74144.65061304961
2026-03-20 08:45:00,74144.65061304961
2026-03-20 09:00:00,74144.65061304961
2026-03-20 09:15:00,74144.65061304961
2026-03-20 09:30:00,74144.65061304961
2026-03-20 09:45:00,74144.65061304961
2026-03-20 10:00:00,74144.65061304961
2026-03-20 10:15:00,74144.65061304961
2026-03-20 10:30:00,74144.65061304961
2026-03-20 10:45:00,74144.65061304961
2026-03-20 11:00:00,74144.65061304961
2026-03-20 11:15:00,74144.65061304961
2026-03-20 11:30:00,74144.65061304961
2026-03-20 11:45:00,74144.65061304961
2026-03-20 12:00:00,74144.65061304961
2026-03-20 12:15:00,74144.65061304961
2026-03-20 12:30:00,74144.65061304961
2026-03-20 12:45:00,74144.65061304961
2026-03-20 13:00:00,74144.65061304961
2026-03-20 13:15:00,74144.65061304961
2026-03-20 13:30:00,74144.65061304961
2026-03-20 13:45:00,74144.65061304961
2026-03-20 14:00:00,74144.65061304961
2026-03-20 14:15:00,74144.65061304961
2026-03-20 14:30:00,74144.65061304961
2026-03-20 14:45:00,74144.65061304961
2026-03-20 15:00:00,74144.65061304961
2026-03-20 15:15:00,74144.65061304961
2026-03-20 15:30:00,74144.65061304961
2026-03-20 15:45:00,74144.65061304961
2026-03-20 16:00:00,74144.65061304961
2026-03-20 16:15:00,74144.65061304961
2026-03-20 16:30:00,74144.65061304961
2026-03-20 16:45:00,74144.65061304961
2026-03-20 17:00:00,74144.65061304961
2026-03-20 17:15:00,74144.65061304961
2026-03-20 17:30:00,74144.65061304961
2026-03-20 17:45:00,74144.65061304961
2026-03-20 18:00:00,74144.65061304961
2026-03-20 18:15:00,74144.65061304961
2026-03-20 18:30:00,74144.65061304961
2026-03-20 18:45:00,74144.65061304961
2026-03-20 19:00:00,74144.65061304961
2026-03-20 19:15:00,74144.65061304961
2026-03-20 19:30:00,74144.65061304961
2026-03-20 19:45:00,74144.65061304961
2026-03-20 20:00:00,74144.65061304961
2026-03-20 20:15:00,74144.65061304961
2026-03-20 20:30:00,74144.65061304961
2026-03-20 20:45:00,74144.65061304961
2026-03-20 21:00:00,74144.65061304961
2026-03-20 21:15:00,74144.65061304961
2026-03-20 21:30:00,74144.65061304961
2026-03-20 21:45:00,74144.65061304961
2026-03-20 22:00:00,74144.65061304961
2026-03-20 22:15:00,74144.65061304961
2026-03-20 22:30:00,74144.65061304961
2026-03-20 22:45:00,74144.65061304961
2026-03-20 23:00:00,74144.65061304961
2026-03-20 23:15:00,74144.65061304961
2026-03-20 23:30:00,74144.65061304961
2026-03-20 23:45:00,74144.65061304961
2026-03-23 01:00:00,74144.65061304961
2026-03-23 01:15:00,74144.65061304961
2026-03-23 01:30:00,74144.65061304961
2026-03-23 01:45:00,74144.65061304961
2026-03-23 02:00:00,74144.65061304961
2026-03-23 02:15:00,74144.65061304961
2026-03-23 02:30:00,74144.65061304961
2026-03-23 02:45:00,74144.65061304961
2026-03-23 03:00:00,74144.65061304961
2026-03-23 03:15:00,74144.65061304961
2026-03-23 03:30:00,74144.65061304961
2026-03-23 03:45:00,74144.65061304961
2026-03-23 04:00:00,74144.65061304961
2026-03-23 04:15:00,74144.65061304961
2026-03-23 04:30:00,74144.65061304961
2026-03-23 04:45:00,74144.65061304961
2026-03-23 05:00:00,74144.65061304961
2026-03-23 05:15:00,74144.65061304961
2026-03-23 05:30:00,74144.65061304961
2026-03-23 05:45:00,74144.65061304961
2026-03-23 06:00:00,74144.65061304961
2026-03-23 06:15:00,74144.65061304961
2026-03-23 06:30:00,74144.65061304961
2026-03-23 06:45:00,74144.65061304961
2026-03-23 07:00:00,74144.65061304961
2026-03-23 07:15:00,74144.65061304961
2026-03-23 07:30:00,74144.65061304961
2026-03-23 07:45:00,74144.65061304961
2026-03-23 08:00:00,74144.65061304961
2026-03-23 08:15:00,74144.65061304961
2026-03-23 08:30:00,74144.65061304961
2026-03-23 08:45:00,74144.65061304961
2026-03-23 09:00:00,74144.65061304961
2026-03-23 09:15:00,74144.65061304961
2026-03-23 09:30:00,74144.65061304961
2026-03-23 09:45:00,74144.65061304961
2026-03-23 10:00:00,74144.65061304961
2026-03-23 10:15:00,74144.65061304961
2026-03-23 10:30:00,74144.65061304961
2026-03-23 10:45:00,74144.65061304961
2026-03-23 11:00:00,74144.65061304961
2026-03-23 11:15:00,74144.65061304961
2026-03-23 11:30:00,74144.65061304961
2026-03-23 11:45:00,74144.65061304961
2026-03-23 12:00:00,74144.65061304961
2026-03-23 12:15:00,74144.65061304961
2026-03-23 12:30:00,74144.65061304961
2026-03-23 12:45:00,74144.65061304961
2026-03-23 13:00:00,74144.65061304961
2026-03-23 13:15:00,74144.65061304961
2026-03-23 13:30:00,74144.65061304961
2026-03-23 13:45:00,74144.65061304961
2026-03-23 14:00:00,74144.65061304961
2026-03-23 14:15:00,74144.65061304961
2026-03-23 14:30:00,74144.65061304961
2026-03-23 14:45:00,74144.65061304961
2026-03-23 15:00:00,74144.65061304961
2026-03-23 15:15:00,74144.65061304961
2026-03-23 15:30:00,74144.65061304961
2026-03-23 15:45:00,74144.65061304961
2026-03-23 16:00:00,74144.65061304961
2026-03-23 16:15:00,74144.65061304961
2026-03-23 16:30:00,74144.65061304961
2026-03-23 16:45:00,74144.65061304961
2026-03-23 17:00:00,74144.65061304961
2026-03-23 17:15:00,74144.65061304961
2026-03-23 17:30:00,74144.65061304961
2026-03-23 17:45:00,74144.65061304961
2026-03-23 18:00:00,74144.65061304961
2026-03-23 18:15:00,74144.65061304961
2026-03-23 18:30:00,74144.65061304961
2026-03-23 18:45:00,74144.65061304961
2026-03-23 19:00:00,74144.65061304961
2026-03-23 19:15:00,74144.65061304961
2026-03-23 19:30:00,74144.65061304961
2026-03-23 19:45:00,74144.65061304961
2026-03-23 20:00:00,74144.65061304961
2026-03-23 20:15:00,74144.65061304961
2026-03-23 20:30:00,74144.65061304961
2026-03-23 20:45:00,74144.65061304961
2026-03-23 21:00:00,74144.65061304961
2026-03-23 21:15:00,74144.65061304961
2026-03-23 21:30:00,74144.65061304961
2026-03-23 21:45:00,74144.65061304961
2026-03-23 22:00:00,74144.65061304961
2026-03-23 22:15:00,74144.65061304961
2026-03-23 22:30:00,74144.65061304961
2026-03-23 22:45:00,74144.65061304961
2026-03-23 23:00:00,74144.65061304961
2026-03-23 23:15:00,74144.65061304961
2026-03-23 23:30:00,74144.65061304961
2026-03-23 23:45:00,74144.65061304961
2026-03-24 01:00:00,74144.65061304961
2026-03-24 01:15:00,74144.65061304961
2026-03-24 01:30:00,74144.65061304961
2026-03-24 01:45:00,74144.65061304961
2026-03-24 02:00:00,74144.65061304961
2026-03-24 02:15:00,74144.65061304961
2026-03-24 02:30:00,74144.65061304961
2026-03-24 02:45:00,74144.65061304961
2026-03-24 03:00:00,74144.65061304961
2026-03-24 03:15:00,74144.65061304961
2026-03-24 03:30:00,74144.65061304961
2026-03-24 03:45:00,74144.65061304961
2026-03-24 04:00:00,74144.65061304961
2026-03-24 04:15:00,74144.65061304961
2026-03-24 04:30:00,74144.65061304961
2026-03-24 04:45:00,74144.65061304961
2026-03-24 05:00:00,74144.65061304961
2026-03-24 05:15:00,74144.65061304961
2026-03-24 05:30:00,74144.65061304961
2026-03-24 05:45:00,74144.65061304961
2026-03-24 06:00:00,74144.65061304961
2026-03-24 06:15:00,74144.65061304961
2026-03-24 06:30:00,74144.65061304961
2026-03-24 06:45:00,74144.65061304961
2026-03-24 07:00:00,74144.65061304961
2026-03-24 07:15:00,74144.65061304961
2026-03-24 07:30:00,74144.65061304961
2026-03-24 07:45:00,74144.65061304961
2026-03-24 08:00:00,74144.65061304961
2026-03-24 08:15:00,74144.65061304961
2026-03-24 08:30:00,74144.65061304961
2026-03-24 08:45:00,74144.65061304961
2026-03-24 09:00:00,74144.65061304961
2026-03-24 09:15:00,74144.65061304961
2026-03-24 09:30:00,74144.65061304961
2026-03-24 09:45:00,74144.65061304961
2026-03-24 10:00:00,74144.65061304961
2026-03-24 10:15:00,74144.65061304961
2026-03-24 10:30:00,74144.65061304961
2026-03-24 10:45:00,74144.65061304961
2026-03-24 11:00:00,74144.65061304961
2026-03-24 11:15:00,74144.65061304961
2026-03-24 11:30:00,74144.65061304961
2026-03-24 11:45:00,74144.65061304961
2026-03-24 12:00:00,74144.65061304961
2026-03-24 12:15:00,74144.65061304961
2026-03-24 12:30:00,74144.65061304961
2026-03-24 12:45:00,74144.65061304961
2026-03-24 13:00:00,74144.65061304961
2026-03-24 13:15:00,74144.65061304961
2026-03-24 13:30:00,74144.65061304961
2026-03-24 13:45:00,74144.65061304961
2026-03-24 14:00:00,74144.65061304961
2026-03-24 14:15:00,74144.65061304961
2026-03-24 14:30:00,74144.65061304961
2026-03-24 14:45:00,74144.65061304961
2026-03-24 15:00:00,74144.65061304961
2026-03-24 15:15:00,74144.65061304961
2026-03-24 15:30:00,74144.65061304961
2026-03-24 15:45:00,74144.65061304961
2026-03-24 16:00:00,74144.65061304961
2026-03-24 16:15:00,74144.65061304961
2026-03-24 16:30:00,74144.65061304961
2026-03-24 16:45:00,74144.65061304961
2026-03-24 17:00:00,74144.65061304961
2026-03-24 17:15:00,74144.65061304961
2026-03-24 17:30:00,74144.65061304961
2026-03-24 17:45:00,74144.65061304961
2026-03-24 18:00:00,74144.65061304961
2026-03-24 18:15:00,74144.65061304961
2026-03-24 18:30:00,74144.65061304961
2026-03-24 18:45:00,74144.65061304961
2026-03-24 19:00:00,74144.65061304961
2026-03-24 19:15:00,74144.65061304961
2026-03-24 19:30:00,74144.65061304961
2026-03-24 19:45:00,74144.65061304961
2026-03-24 20:00:00,74144.65061304961
2026-03-24 20:15:00,74144.65061304961
2026-03-24 20:30:00,74144.65061304961
2026-03-24 20:45:00,74144.65061304961
2026-03-24 21:00:00,74144.65061304961
2026-03-24 21:15:00,74144.65061304961
2026-03-24 21:30:00,74144.65061304961
2026-03-24 21:45:00,74144.65061304961
2026-03-24 22:00:00,74144.65061304961
2026-03-24 22:15:00,74144.65061304961
2026-03-24 22:30:00,74144.65061304961
2026-03-24 22:45:00,74144.65061304961
2026-03-24 23:00:00,74144.65061304961
2026-03-24 23:15:00,74144.65061304961
2026-03-24 23:30:00,74144.65061304961
2026-03-24 23:45:00,74144.65061304961
2026-03-25 01:00:00,74144.65061304961
2026-03-25 01:15:00,74144.65061304961
2026-03-25 01:30:00,74144.65061304961
2026-03-25 01:45:00,74144.65061304961
2026-03-25 02:00:00,74144.65061304961
2026-03-25 02:15:00,74144.65061304961
2026-03-25 02:30:00,74144.65061304961
2026-03-25 02:45:00,74144.65061304961
2026-03-25 03:00:00,74144.65061304961
2026-03-25 03:15:00,74144.65061304961
2026-03-25 03:30:00,74144.65061304961
2026-03-25 03:45:00,74144.65061304961
2026-03-25 04:00:00,74144.65061304961
2026-03-25 04:15:00,74144.65061304961
2026-03-25 04:30:00,74144.65061304961
2026-03-25 04:45:00,74144.65061304961
2026-03-25 05:00:00,74144.65061304961
2026-03-25 05:15:00,74144.65061304961
2026-03-25 05:30:00,74144.65061304961
2026-03-25 05:45:00,74144.65061304961
2026-03-25 06:00:00,74144.65061304961
2026-03-25 06:15:00,74144.65061304961
2026-03-25 06:30:00,74144.65061304961
2026-03-25 06:45:00,74144.65061304961
2026-03-25 07:00:00,74144.65061304961
2026-03-25 07:15:00,74144.65061304961
2026-03-25 07:30:00,74144.65061304961
2026-03-25 07:45:00,74144.65061304961
2026-03-25 08:00:00,74144.65061304961
2026-03-25 08:15:00,74144.65061304961
2026-03-25 08:30:00,74144.65061304961
2026-03-25 08:45:00,74144.65061304961
2026-03-25 09:00:00,74144.65061304961
2026-03-25 09:15:00,74144.65061304961
2026-03-25 09:30:00,74144.65061304961
2026-03-25 09:45:00,74144.65061304961
2026-03-25 10:00:00,74144.65061304961
2026-03-25 10:15:00,74144.65061304961
2026-03-25 10:30:00,74144.65061304961
2026-03-25 10:45:00,74144.65061304961
2026-03-25 11:00:00,74144.65061304961
2026-03-25 11:15:00,74144.65061304961
2026-03-25 11:30:00,74144.65061304961
2026-03-25 11:45:00,74144.65061304961
2026-03-25 12:00:00,74144.65061304961
2026-03-25 12:15:00,74144.65061304961
2026-03-25 12:30:00,74144.65061304961
2026-03-25 12:45:00,74144.65061304961
2026-03-25 13:00:00,74144.65061304961
2026-03-25 13:15:00,74144.65061304961
2026-03-25 13:30:00,74144.65061304961
2026-03-25 13:45:00,74144.65061304961
2026-03-25 14:00:00,74144.65061304961
2026-03-25 14:15:00,74144.65061304961
2026-03-25 14:30:00,74144.65061304961
2026-03-25 14:45:00,74144.65061304961
2026-03-25 15:00:00,74144.65061304961
2026-03-25 15:15:00,74144.65061304961
2026-03-25 15:30:00,74144.65061304961
2026-03-25 15:45:00,74144.65061304961
2026-03-25 16:00:00,74144.65061304961
2026-03-25 16:15:00,74144.65061304961
2026-03-25 16:30:00,74144.65061304961
2026-03-25 16:45:00,74144.65061304961
2026-03-25 17:00:00,74144.65061304961
2026-03-25 17:15:00,74144.65061304961
2026-03-25 17:30:00,74144.65061304961
2026-03-25 17:45:00,74144.65061304961
2026-03-25 18:00:00,74144.65061304961
2026-03-25 18:15:00,74144.65061304961
2026-03-25 18:30:00,74144.65061304961
2026-03-25 18:45:00,74144.65061304961
2026-03-25 19:00:00,74144.65061304961
2026-03-25 19:15:00,74144.65061304961
2026-03-25 19:30:00,74144.65061304961
2026-03-25 19:45:00,74144.65061304961
2026-03-25 20:00:00,74144.65061304961
2026-03-25 20:15:00,74144.65061304961
2026-03-25 20:30:00,74144.65061304961
2026-03-25 20:45:00,74144.65061304961
2026-03-25 21:00:00,74144.65061304961
2026-03-25 21:15:00,74144.65061304961
2026-03-25 21:30:00,74144.65061304961
2026-03-25 21:45:00,74144.65061304961
2026-03-25 22:00:00,74144.65061304961
2026-03-25 22:15:00,74144.65061304961
2026-03-25 22:30:00,74144.65061304961
2026-03-25 22:45:00,74144.65061304961
2026-03-25 23:00:00,74144.65061304961
2026-03-25 23:15:00,74144.65061304961
2026-03-25 23:30:00,74144.65061304961
2026-03-25 23:45:00,74144.65061304961
2026-03-26 01:00:00,74144.65061304961
2026-03-26 01:15:00,74144.65061304961
2026-03-26 01:30:00,74144.65061304961
2026-03-26 01:45:00,74144.65061304961
2026-03-26 02:00:00,74144.65061304961
2026-03-26 02:15:00,74144.65061304961
2026-03-26 02:30:00,74144.65061304961
2026-03-26 02:45:00,74144.65061304961
2026-03-26 03:00:00,74144.65061304961
2026-03-26 03:15:00,74144.65061304961
2026-03-26 03:30:00,74144.65061304961
2026-03-26 03:45:00,74144.65061304961
2026-03-26 04:00:00,74144.65061304961
2026-03-26 04:15:00,74144.65061304961
2026-03-26 04:30:00,74144.65061304961
2026-03-26 04:45:00,74144.65061304961
2026-03-26 05:00:00,74144.65061304961
2026-03-26 05:15:00,74144.65061304961
2026-03-26 05:30:00,74144.65061304961
2026-03-26 05:45:00,74144.65061304961
2026-03-26 06:00:00,74144.65061304961
2026-03-26 06:15:00,74144.65061304961
2026-03-26 06:30:00,74144.65061304961
2026-03-26 06:45:00,74144.65061304961
2026-03-26 07:00:00,74144.65061304961
2026-03-26 07:15:00,74144.65061304961
2026-03-26 07:30:00,74144.65061304961
2026-03-26 07:45:00,74144.65061304961
2026-03-26 08:00:00,74144.65061304961
2026-03-26 08:15:00,74144.65061304961
2026-03-26 08:30:00,74144.65061304961
2026-03-26 08:45:00,74144.65061304961
2026-03-26 09:00:00,74144.65061304961
2026-03-26 09:15:00,74144.65061304961
2026-03-26 09:30:00,74144.65061304961
2026-03-26 09:45:00,74144.65061304961
2026-03-26 10:00:00,74144.65061304961
2026-03-26 10:15:00,74144.65061304961
2026-03-26 10:30:00,74144.65061304961
2026-03-26 10:45:00,74144.65061304961
2026-03-26 11:00:00,74144.65061304961
2026-03-26 11:15:00,74144.65061304961
2026-03-26 11:30:00,74144.65061304961
2026-03-26 11:45:00,74144.65061304961
2026-03-26 12:00:00,74144.65061304961
2026-03-26 12:15:00,74144.65061304961
2026-03-26 12:30:00,74144.65061304961
2026-03-26 12:45:00,74144.65061304961
2026-03-26 13:00:00,74144.65061304961
2026-03-26 13:15:00,74144.65061304961
2026-03-26 13:30:00,74144.65061304961
2026-03-26 13:45:00,74144.65061304961
2026-03-26 14:00:00,74144.65061304961
2026-03-26 14:15:00,74144.65061304961
2026-03-26 14:30:00,74144.65061304961
2026-03-26 14:45:00,74144.65061304961
2026-03-26 15:00:00,74144.65061304961
2026-03-26 15:15:00,74144.65061304961
2026-03-26 15:30:00,74144.65061304961
2026-03-26 15:45:00,74144.65061304961
2026-03-26 16:00:00,74144.65061304961
2026-03-26 16:15:00,74144.65061304961
2026-03-26 16:30:00,74144.65061304961
2026-03-26 16:45:00,74144.65061304961
2026-03-26 17:00:00,74144.65061304961
2026-03-26 17:15:00,74144.65061304961
2026-03-26 17:30:00,74144.65061304961
2026-03-26 17:45:00,74144.65061304961
2026-03-26 18:00:00,74144.65061304961
2026-03-26 18:15:00,74144.65061304961
2026-03-26 18:30:00,74144.65061304961
2026-03-26 18:45:00,74144.65061304961
2026-03-26 19:00:00,74144.65061304961
2026-03-26 19:15:00,74144.65061304961
2026-03-26 19:30:00,74144.65061304961
2026-03-26 19:45:00,74144.65061304961
2026-03-26 20:00:00,74144.65061304961
2026-03-26 20:15:00,74144.65061304961
2026-03-26 20:30:00,74144.65061304961
2026-03-26 20:45:00,74144.65061304961
2026-03-26 21:00:00,74144.65061304961
2026-03-26 21:15:00,74144.65061304961
2026-03-26 21:30:00,74144.65061304961
2026-03-26 21:45:00,74144.65061304961
2026-03-26 22:00:00,74144.65061304961
2026-03-26 22:15:00,74144.65061304961
2026-03-26 22:30:00,74144.65061304961
2026-03-26 22:45:00,74144.65061304961
2026-03-26 23:00:00,74144.65061304961
2026-03-26 23:15:00,74144.65061304961
2026-03-26 23:30:00,74144.65061304961
2026-03-26 23:45:00,74144.65061304961
2026-03-27 01:00:00,74144.65061304961
2026-03-27 01:15:00,74144.65061304961
2026-03-27 01:30:00,74144.65061304961
2026-03-27 01:45:00,74144.65061304961
2026-03-27 02:00:00,74144.65061304961
2026-03-27 02:15:00,74144.65061304961
2026-03-27 02:30:00,74144.65061304961
2026-03-27 02:45:00,74144.65061304961
2026-03-27 03:00:00,74144.65061304961
2026-03-27 03:15:00,74144.65061304961
2026-03-27 03:30:00,74144.65061304961
2026-03-27 03:45:00,74144.65061304961
2026-03-27 04:00:00,74144.65061304961
2026-03-27 04:15:00,74144.65061304961
2026-03-27 04:30:00,74144.65061304961
2026-03-27 04:45:00,74144.65061304961
2026-03-27 05:00:00,74144.65061304961
2026-03-27 05:15:00,74144.65061304961
2026-03-27 05:30:00,74144.65061304961
2026-03-27 05:45:00,74144.65061304961
2026-03-27 06:00:00,74144.65061304961
2026-03-27 06:15:00,74144.65061304961
2026-03-27 06:30:00,74144.65061304961
2026-03-27 06:45:00,74144.65061304961
2026-03-27 07:00:00,74144.65061304961
2026-03-27 07:15:00,74144.65061304961
2026-03-27 07:30:00,74144.65061304961
2026-03-27 07:45:00,74144.65061304961
2026-03-27 08:00:00,74144.65061304961
2026-03-27 08:15:00,74144.65061304961
2026-03-27 08:30:00,74144.65061304961
2026-03-27 08:45:00,74144.65061304961
2026-03-27 09:00:00,74144.65061304961
2026-03-27 09:15:00,74144.65061304961
2026-03-27 09:30:00,74144.65061304961
2026-03-27 09:45:00,74144.65061304961
2026-03-27 10:00:00,74144.65061304961
2026-03-27 10:15:00,74144.65061304961
2026-03-27 10:30:00,74144.65061304961
2026-03-27 10:45:00,74144.65061304961
2026-03-27 11:00:00,74144.65061304961
2026-03-27 11:15:00,74144.65061304961
2026-03-27 11:30:00,74144.65061304961
2026-03-27 11:45:00,74144.65061304961
2026-03-27 12:00:00,74144.65061304961
2026-03-27 12:15:00,74144.65061304961
2026-03-27 12:30:00,74144.65061304961
2026-03-27 12:45:00,74144.65061304961
2026-03-27 13:00:00,74144.65061304961
2026-03-27 13:15:00,74144.65061304961
2026-03-27 13:30:00,74144.65061304961
2026-03-27 13:45:00,74144.65061304961
2026-03-27 14:00:00,74144.65061304961
2026-03-27 14:15:00,74144.65061304961
2026-03-27 14:30:00,74144.65061304961
2026-03-27 14:45:00,74144.65061304961
2026-03-27 15:00:00,74144.65061304961
2026-03-27 15:15:00,74144.65061304961
2026-03-27 15:30:00,74144.65061304961
2026-03-27 15:45:00,74144.65061304961
2026-03-27 16:00:00,74144.65061304961
2026-03-27 16:15:00,74144.65061304961
2026-03-27 16:30:00,74144.65061304961
2026-03-27 16:45:00,74144.65061304961
2026-03-27 17:00:00,74144.65061304961
2026-03-27 17:15:00,74144.65061304961
2026-03-27 17:30:00,74144.65061304961
2026-03-27 17:45:00,74144.65061304961
2026-03-27 18:00:00,74144.65061304961
2026-03-27 18:15:00,74144.65061304961
2026-03-27 18:30:00,74144.65061304961
2026-03-27 18:45:00,74144.65061304961
2026-03-27 19:00:00,74144.65061304961
2026-03-27 19:15:00,74144.65061304961
2026-03-27 19:30:00,74144.65061304961
2026-03-27 19:45:00,74144.65061304961
2026-03-27 20:00:00,74144.65061304961
2026-03-27 20:15:00,74144.65061304961
2026-03-27 20:30:00,74144.65061304961
2026-03-27 20:45:00,74144.65061304961
2026-03-27 21:00:00,74144.65061304961
2026-03-27 21:15:00,74144.65061304961
2026-03-27 21:30:00,74144.65061304961
2026-03-27 21:45:00,74144.65061304961
2026-03-27 22:00:00,74144.65061304961
2026-03-27 22:15:00,74144.65061304961
2026-03-27 22:30:00,74144.65061304961
2026-03-27 22:45:00,74144.65061304961
2026-03-27 23:00:00,74144.65061304961
2026-03-27 23:15:00,74144.65061304961
2026-03-27 23:30:00,74144.65061304961
2026-03-27 23:45:00,74144.65061304961
2026-03-30 01:00:00,74144.65061304961
2026-03-30 01:15:00,74144.65061304961
2026-03-30 01:30:00,74144.65061304961
2026-03-30 01:45:00,74144.65061304961
2026-03-30 02:00:00,74144.65061304961
2026-03-30 02:15:00,74144.65061304961
2026-03-30 02:30:00,74144.65061304961
2026-03-30 02:45:00,74144.65061304961
2026-03-30 03:00:00,74144.65061304961
2026-03-30 03:15:00,74144.65061304961
2026-03-30 03:30:00,74144.65061304961
2026-03-30 03:45:00,74144.65061304961
2026-03-30 04:00:00,74144.65061304961
2026-03-30 04:15:00,74144.65061304961
2026-03-30 04:30:00,74144.65061304961
2026-03-30 04:45:00,74144.65061304961
2026-03-30 05:00:00,74144.65061304961
2026-03-30 05:15:00,74144.65061304961
2026-03-30 05:30:00,74144.65061304961
2026-03-30 05:45:00,74144.65061304961
2026-03-30 06:00:00,74144.65061304961
2026-03-30 06:15:00,74144.65061304961
2026-03-30 06:30:00,74144.65061304961
2026-03-30 06:45:00,74144.65061304961
2026-03-30 07:00:00,74144.65061304961
2026-03-30 07:15:00,74144.65061304961
2026-03-30 07:30:00,74144.65061304961
2026-03-30 07:45:00,74144.65061304961
2026-03-30 08:00:00,74144.65061304961
2026-03-30 08:15:00,74144.65061304961
2026-03-30 08:30:00,74144.65061304961
2026-03-30 08:45:00,74144.65061304961
2026-03-30 09:00:00,74144.65061304961
2026-03-30 09:15:00,74144.65061304961
2026-03-30 09:30:00,74144.65061304961
2026-03-30 09:45:00,74144.65061304961
2026-03-30 10:00:00,74144.65061304961
2026-03-30 10:15:00,74144.65061304961
2026-03-30 10:30:00,74144.65061304961
2026-03-30 10:45:00,74144.65061304961
2026-03-30 11:00:00,74144.65061304961
2026-03-30 11:15:00,74144.65061304961
2026-03-30 11:30:00,74144.65061304961
2026-03-30 11:45:00,74144.65061304961
2026-03-30 12:00:00,74144.65061304961
2026-03-30 12:15:00,74144.65061304961
2026-03-30 12:30:00,74144.65061304961
2026-03-30 12:45:00,74144.65061304961
2026-03-30 13:00:00,74144.65061304961
2026-03-30 13:15:00,74144.65061304961
2026-03-30 13:30:00,74144.65061304961
2026-03-30 13:45:00,74144.65061304961
2026-03-30 14:00:00,74144.65061304961
2026-03-30 14:15:00,74144.65061304961
2026-03-30 14:30:00,74144.65061304961
2026-03-30 14:45:00,74144.65061304961
2026-03-30 15:00:00,74144.65061304961
2026-03-30 15:15:00,74144.65061304961
2026-03-30 15:30:00,74144.65061304961
2026-03-30 15:45:00,74144.65061304961
2026-03-30 16:00:00,74144.65061304961
2026-03-30 16:15:00,74144.65061304961
2026-03-30 16:30:00,74144.65061304961
2026-03-30 16:45:00,74144.65061304961
2026-03-30 17:00:00,74144.65061304961
2026-03-30 17:15:00,74144.65061304961
2026-03-30 17:30:00,74144.65061304961
2026-03-30 17:45:00,74144.65061304961
2026-03-30 18:00:00,74144.65061304961
2026-03-30 18:15:00,74144.65061304961
2026-03-30 18:30:00,74144.65061304961
2026-03-30 18:45:00,74144.65061304961
2026-03-30 19:00:00,74144.65061304961
2026-03-30 19:15:00,74144.65061304961
2026-03-30 19:30:00,74144.65061304961
2026-03-30 19:45:00,74144.65061304961
2026-03-30 20:00:00,74144.65061304961
2026-03-30 20:15:00,74144.65061304961
2026-03-30 20:30:00,74144.65061304961
2026-03-30 20:45:00,74144.65061304961
2026-03-30 21:00:00,74144.65061304961
2026-03-30 21:15:00,74144.65061304961
2026-03-30 21:30:00,74144.65061304961
2026-03-30 21:45:00,74144.65061304961
2026-03-30 22:00:00,74144.65061304961
2026-03-30 22:15:00,74144.65061304961
2026-03-30 22:30:00,74144.65061304961
2026-03-30 22:45:00,74144.65061304961
2026-03-30 23:00:00,74144.65061304961
2026-03-30 23:15:00,74144.65061304961
2026-03-30 23:30:00,74144.65061304961
2026-03-30 23:45:00,74144.65061304961
2026-03-31 01:00:00,74144.65061304961
2026-03-31 01:15:00,74144.65061304961
2026-03-31 01:30:00,74144.65061304961
2026-03-31 01:45:00,74144.65061304961
2026-03-31 02:00:00,74144.65061304961
2026-03-31 02:15:00,74144.65061304961
2026-03-31 02:30:00,74144.65061304961
2026-03-31 02:45:00,74144.65061304961
2026-03-31 03:00:00,74144.65061304961
2026-03-31 03:15:00,74144.65061304961
2026-03-31 03:30:00,74144.65061304961
2026-03-31 03:45:00,74144.65061304961
2026-03-31 04:00:00,74144.65061304961
2026-03-31 04:15:00,74144.65061304961
2026-03-31 04:30:00,74144.65061304961
2026-03-31 04:45:00,74144.65061304961
2026-03-31 05:00:00,74144.65061304961
2026-03-31 05:15:00,74144.65061304961
2026-03-31 05:30:00,74144.65061304961
2026-03-31 05:45:00,74144.65061304961
2026-03-31 06:00:00,74144.65061304961
2026-03-31 06:15:00,74144.65061304961
2026-03-31 06:30:00,74144.65061304961
2026-03-31 06:45:00,74144.65061304961
2026-03-31 07:00:00,74144.65061304961
2026-03-31 07:15:00,74144.65061304961
2026-03-31 07:30:00,74144.65061304961
2026-03-31 07:45:00,74144.65061304961
2026-03-31 08:00:00,74144.65061304961
2026-03-31 08:15:00,74144.65061304961
2026-03-31 08:30:00,74144.65061304961
2026-03-31 08:45:00,74144.65061304961
2026-03-31 09:00:00,74144.65061304961
2026-03-31 09:15:00,74144.65061304961
2026-03-31 09:30:00,74144.65061304961
2026-03-31 09:45:00,74144.65061304961
2026-03-31 10:00:00,74144.65061304961
2026-03-31 10:15:00,74144.65061304961
2026-03-31 10:30:00,74144.65061304961
2026-03-31 10:45:00,74144.65061304961
2026-03-31 11:00:00,74144.65061304961
2026-03-31 11:15:00,74144.65061304961
2026-03-31 11:30:00,74144.65061304961
2026-03-31 11:45:00,74144.65061304961
2026-03-31 12:00:00,74144.65061304961
2026-03-31 12:15:00,74144.65061304961
2026-03-31 12:30:00,74144.65061304961
2026-03-31 12:45:00,74144.65061304961
2026-03-31 13:00:00,74144.65061304961
2026-03-31 13:15:00,74144.65061304961
2026-03-31 13:30:00,74144.65061304961
2026-03-31 13:45:00,74144.65061304961
2026-03-31 14:00:00,74144.65061304961
2026-03-31 14:15:00,74144.65061304961
2026-03-31 14:30:00,74144.65061304961
2026-03-31 14:45:00,74144.65061304961
2026-03-31 15:00:00,74144.65061304961
2026-03-31 15:15:00,74144.65061304961
2026-03-31 15:30:00,74144.65061304961
2026-03-31 15:45:00,74144.65061304961
2026-03-31 16:00:00,74144.65061304961
2026-03-31 16:15:00,74144.65061304961
2026-03-31 16:30:00,74144.65061304961
2026-03-31 16:45:00,74144.65061304961
2026-03-31 17:00:00,74144.65061304961
2026-03-31 17:15:00,74144.65061304961
2026-03-31 17:30:00,74144.65061304961
2026-03-31 17:45:00,74144.65061304961
2026-03-31 18:00:00,74144.65061304961
2026-03-31 18:15:00,74144.65061304961
2026-03-31 18:30:00,74144.65061304961
2026-03-31 18:45:00,74144.65061304961
2026-03-31 19:00:00,74144.65061304961
2026-03-31 19:15:00,74144.65061304961
2026-03-31 19:30:00,74144.65061304961
2026-03-31 19:45:00,74144.65061304961
2026-03-31 20:00:00,74144.65061304961
2026-03-31 20:15:00,74144.65061304961
2026-03-31 20:30:00,74144.65061304961
2026-03-31 20:45:00,74144.65061304961
2026-03-31 21:00:00,74144.65061304961
2026-03-31 21:15:00,74144.65061304961
2026-03-31 21:30:00,74144.65061304961
2026-03-31 21:45:00,74144.65061304961
2026-03-31 22:00:00,74144.65061304961
2026-03-31 22:15:00,74144.65061304961
2026-03-31 22:30:00,74144.65061304961
2026-03-31 22:45:00,74144.65061304961
2026-03-31 23:00:00,74144.65061304961
2026-03-31 23:15:00,74144.65061304961
2026-03-31 23:30:00,74144.65061304961
2026-03-31 23:45:00,74144.65061304961
2026-04-01 01:00:00,74144.65061304961
2026-04-01 01:15:00,74144.65061304961
2026-04-01 01:30:00,74144.65061304961
2026-04-01 01:45:00,74144.65061304961
2026-04-01 02:00:00,74144.65061304961
2026-04-01 02:15:00,74144.65061304961
2026-04-01 02:30:00,74144.65061304961
2026-04-01 02:45:00,74144.65061304961
2026-04-01 03:00:00,74144.65061304961
2026-04-01 03:15:00,74144.65061304961
2026-04-01 03:30:00,74144.65061304961
2026-04-01 03:45:00,74144.65061304961
2026-04-01 04:00:00,74144.65061304961
2026-04-01 04:15:00,74144.65061304961
2026-04-01 04:30:00,74144.65061304961
2026-04-01 04:45:00,74144.65061304961
2026-04-01 05:00:00,74144.65061304961
2026-04-01 05:15:00,74144.65061304961
2026-04-01 05:30:00,74144.65061304961
2026-04-01 05:45:00,74144.65061304961
2026-04-01 06:00:00,74144.65061304961
2026-04-01 06:15:00,74144.65061304961
2026-04-01 06:30:00,74144.65061304961
2026-04-01 06:45:00,74144.65061304961
2026-04-01 07:00:00,74144.65061304961
2026-04-01 07:15:00,74144.65061304961
2026-04-01 07:30:00,74144.65061304961
2026-04-01 07:45:00,74144.65061304961
2026-04-01 08:00:00,74144.65061304961
2026-04-01 08:15:00,74144.65061304961
2026-04-01 08:30:00,74144.65061304961
2026-04-01 08:45:00,74144.65061304961
2026-04-01 09:00:00,74144.65061304961
2026-04-01 09:15:00,74144.65061304961
2026-04-01 09:30:00,74144.65061304961
2026-04-01 09:45:00,74144.65061304961
2026-04-01 10:00:00,74144.65061304961
2026-04-01 10:15:00,74144.65061304961
2026-04-01 10:30:00,74144.65061304961
2026-04-01 10:45:00,74144.65061304961
2026-04-01 11:00:00,74144.65061304961
2026-04-01 11:15:00,74144.65061304961
2026-04-01 11:30:00,74144.65061304961
2026-04-01 11:45:00,74144.65061304961
2026-04-01 12:00:00,74144.65061304961
2026-04-01 12:15:00,74144.65061304961
2026-04-01 12:30:00,74144.65061304961
2026-04-01 12:45:00,74144.65061304961
2026-04-01 13:00:00,74144.65061304961
2026-04-01 13:15:00,74144.65061304961
2026-04-01 13:30:00,74144.65061304961
2026-04-01 13:45:00,74144.65061304961
2026-04-01 14:00:00,74144.65061304961
2026-04-01 14:15:00,74144.65061304961
2026-04-01 14:30:00,74144.65061304961
2026-04-01 14:45:00,74144.65061304961
2026-04-01 15:00:00,74144.65061304961
2026-04-01 15:15:00,74144.65061304961
2026-04-01 15:30:00,74144.65061304961
2026-04-01 15:45:00,74144.65061304961
2026-04-01 16:00:00,74144.65061304961
2026-04-01 16:15:00,74144.65061304961
2026-04-01 16:30:00,74144.65061304961
2026-04-01 16:45:00,74144.65061304961
2026-04-01 17:00:00,74144.65061304961
2026-04-01 17:15:00,74144.65061304961
2026-04-01 17:30:00,74144.65061304961
2026-04-01 17:45:00,74144.65061304961
2026-04-01 18:00:00,74144.65061304961
2026-04-01 18:15:00,74144.65061304961
2026-04-01 18:30:00,74144.65061304961
2026-04-01 18:45:00,74144.65061304961
2026-04-01 19:00:00,74144.65061304961
2026-04-01 19:15:00,74144.65061304961
2026-04-01 19:30:00,74144.65061304961
2026-04-01 19:45:00,74144.65061304961
2026-04-01 20:00:00,74144.65061304961
2026-04-01 20:15:00,74144.65061304961
2026-04-01 20:30:00,74144.65061304961
2026-04-01 20:45:00,74144.65061304961
2026-04-01 21:00:00,74144.65061304961
2026-04-01 21:15:00,74144.65061304961
2026-04-01 21:30:00,74144.65061304961
2026-04-01 21:45:00,74144.65061304961
2026-04-01 22:00:00,74144.65061304961
2026-04-01 22:15:00,74144.65061304961
2026-04-01 22:30:00,74144.65061304961
2026-04-01 22:45:00,74144.65061304961
2026-04-01 23:00:00,74144.65061304961
2026-04-01 23:15:00,74144.65061304961
2026-04-01 23:30:00,74144.65061304961
2026-04-01 23:45:00,74144.65061304961
2026-04-02 01:00:00,74144.65061304961
2026-04-02 01:15:00,74144.65061304961
2026-04-02 01:30:00,74144.65061304961
2026-04-02 01:45:00,74144.65061304961
2026-04-02 02:00:00,74144.65061304961
2026-04-02 02:15:00,74144.65061304961
2026-04-02 02:30:00,74144.65061304961
2026-04-02 02:45:00,74144.65061304961
2026-04-02 03:00:00,74144.65061304961
2026-04-02 03:15:00,74144.65061304961
2026-04-02 03:30:00,74144.65061304961
2026-04-02 03:45:00,74144.65061304961
2026-04-02 04:00:00,74144.65061304961
2026-04-02 04:15:00,74144.65061304961
2026-04-02 04:30:00,74144.65061304961
2026-04-02 04:45:00,74144.65061304961
2026-04-02 05:00:00,74144.65061304961
2026-04-02 05:15:00,74144.65061304961
2026-04-02 05:30:00,74144.65061304961
2026-04-02 05:45:00,74144.65061304961
2026-04-02 06:00:00,74144.65061304961
2026-04-02 06:15:00,74144.65061304961
2026-04-02 06:30:00,74144.65061304961
2026-04-02 06:45:00,74144.65061304961
2026-04-02 07:00:00,74144.65061304961
2026-04-02 07:15:00,74144.65061304961
2026-04-02 07:30:00,74144.65061304961
2026-04-02 07:45:00,74144.65061304961
2026-04-02 08:00:00,74144.65061304961
2026-04-02 08:15:00,74144.65061304961
2026-04-02 08:30:00,74144.65061304961
2026-04-02 08:45:00,74144.65061304961
2026-04-02 09:00:00,74144.65061304961
2026-04-02 09:15:00,74144.65061304961
2026-04-02 09:30:00,74144.65061304961
2026-04-02 09:45:00,74144.65061304961
2026-04-02 10:00:00,74144.65061304961
2026-04-02 10:15:00,74144.65061304961
2026-04-02 10:30:00,74144.65061304961
2026-04-02 10:45:00,74144.65061304961
2026-04-02 11:00:00,74144.65061304961
2026-04-02 11:15:00,74144.65061304961
2026-04-02 11:30:00,74144.65061304961
2026-04-02 11:45:00,74144.65061304961
2026-04-02 12:00:00,74144.65061304961
2026-04-02 12:15:00,74144.65061304961
2026-04-02 12:30:00,74144.65061304961
2026-04-02 12:45:00,74144.65061304961
2026-04-02 13:00:00,74144.65061304961
2026-04-02 13:15:00,74144.65061304961
2026-04-02 13:30:00,74144.65061304961
2026-04-02 13:45:00,74144.65061304961
2026-04-02 14:00:00,74144.65061304961
2026-04-02 14:15:00,74144.65061304961
2026-04-02 14:30:00,74144.65061304961
2026-04-02 14:45:00,74144.65061304961
2026-04-02 15:00:00,74144.65061304961
2026-04-02 15:15:00,74144.65061304961
2026-04-02 15:30:00,74144.65061304961
2026-04-02 15:45:00,74144.65061304961
2026-04-02 16:00:00,74144.65061304961
2026-04-02 16:15:00,74144.65061304961
2026-04-02 16:30:00,74144.65061304961
2026-04-02 16:45:00,74144.65061304961
2026-04-02 17:00:00,74144.65061304961
2026-04-02 17:15:00,74144.65061304961
2026-04-02 17:30:00,74144.65061304961
2026-04-02 17:45:00,74144.65061304961
2026-04-02 18:00:00,74144.65061304961
2026-04-02 18:15:00,74144.65061304961
2026-04-02 18:30:00,74144.65061304961
2026-04-02 18:45:00,74144.65061304961
2026-04-02 19:00:00,74144.65061304961
2026-04-02 19:15:00,74144.65061304961
2026-04-02 19:30:00,74144.65061304961
2026-04-02 19:45:00,74144.65061304961
2026-04-02 20:00:00,74144.65061304961
2026-04-02 20:15:00,74144.65061304961
2026-04-02 20:30:00,74144.65061304961
2026-04-02 20:45:00,74144.65061304961
2026-04-02 21:00:00,74144.65061304961
2026-04-02 21:15:00,74144.65061304961
2026-04-02 21:30:00,74144.65061304961
2026-04-02 21:45:00,74144.65061304961
2026-04-02 22:00:00,74144.65061304961
2026-04-02 22:15:00,74144.65061304961
2026-04-02 22:30:00,74144.65061304961
2026-04-02 22:45:00,74144.65061304961
2026-04-02 23:00:00,74144.65061304961
2026-04-02 23:15:00,74144.65061304961
2026-04-02 23:30:00,74144.65061304961
2026-04-02 23:45:00,74144.65061304961
2026-04-03 01:00:00,74144.65061304961
2026-04-03 01:15:00,74144.65061304961
2026-04-03 01:30:00,74144.65061304961
2026-04-03 01:45:00,74144.65061304961
2026-04-03 02:00:00,74144.65061304961
2026-04-03 02:15:00,74144.65061304961
2026-04-03 02:30:00,74144.65061304961
2026-04-03 02:45:00,74144.65061304961
2026-04-03 03:00:00,74144.65061304961
2026-04-03 03:15:00,74144.65061304961
2026-04-03 03:30:00,74144.65061304961
2026-04-03 03:45:00,74144.65061304961
2026-04-03 04:00:00,74144.65061304961
2026-04-03 04:15:00,74144.65061304961
2026-04-03 04:30:00,74144.65061304961
2026-04-03 04:45:00,74144.65061304961
2026-04-03 05:00:00,74144.65061304961
2026-04-03 05:15:00,74144.65061304961
2026-04-03 05:30:00,74144.65061304961
2026-04-03 05:45:00,74144.65061304961
2026-04-03 06:00:00,74144.65061304961
2026-04-03 06:15:00,74144.65061304961
2026-04-03 06:30:00,74144.65061304961
2026-04-03 06:45:00,74144.65061304961
2026-04-03 07:00:00,74144.65061304961
2026-04-03 07:15:00,74144.65061304961
2026-04-03 07:30:00,74144.65061304961
2026-04-03 07:45:00,74144.65061304961
2026-04-03 08:00:00,74144.65061304961
2026-04-03 08:15:00,74144.65061304961
2026-04-03 08:30:00,74144.65061304961
2026-04-03 08:45:00,74144.65061304961
2026-04-03 09:00:00,74144.65061304961
2026-04-03 09:15:00,74144.65061304961
2026-04-03 09:30:00,74144.65061304961
2026-04-03 09:45:00,74144.65061304961
2026-04-03 10:00:00,74144.65061304961
2026-04-03 10:15:00,74144.65061304961
2026-04-03 10:30:00,74144.65061304961
2026-04-03 10:45:00,74144.65061304961
2026-04-03 11:00:00,74144.65061304961
2026-04-03 11:15:00,74144.65061304961
2026-04-03 11:30:00,74144.65061304961
2026-04-03 11:45:00,74144.65061304961
2026-04-03 12:00:00,74144.65061304961
2026-04-03 12:15:00,74144.65061304961
2026-04-03 12:30:00,74144.65061304961
2026-04-03 12:45:00,74144.65061304961
2026-04-03 13:00:00,74144.65061304961
2026-04-03 13:15:00,74144.65061304961
2026-04-03 13:30:00,74144.65061304961
2026-04-03 13:45:00,74144.65061304961
2026-04-03 14:00:00,74144.65061304961
2026-04-03 14:15:00,74144.65061304961
2026-04-03 14:30:00,74144.65061304961
2026-04-03 14:45:00,74144.65061304961
2026-04-03 15:00:00,74144.65061304961
2026-04-03 15:15:00,74144.65061304961
2026-04-03 15:30:00,74144.65061304961
2026-04-03 15:45:00,74144.65061304961
2026-04-03 16:00:00,74144.65061304961
2026-04-03 16:15:00,74144.65061304961
2026-04-06 01:00:00,74144.65061304961
2026-04-06 01:15:00,74144.65061304961
2026-04-06 01:30:00,74144.65061304961
2026-04-06 01:45:00,74144.65061304961
2026-04-06 02:00:00,74144.65061304961
2026-04-06 02:15:00,74144.65061304961
2026-04-06 02:30:00,74144.65061304961
2026-04-06 02:45:00,74144.65061304961
2026-04-06 03:00:00,74144.65061304961
2026-04-06 03:15:00,74144.65061304961
2026-04-06 03:30:00,74144.65061304961
2026-04-06 03:45:00,74144.65061304961
2026-04-06 04:00:00,74144.65061304961
2026-04-06 04:15:00,74144.65061304961
2026-04-06 04:30:00,74144.65061304961
2026-04-06 04:45:00,74144.65061304961
2026-04-06 05:00:00,74144.65061304961
2026-04-06 05:15:00,74144.65061304961
2026-04-06 05:30:00,74144.65061304961
2026-04-06 05:45:00,74144.65061304961
2026-04-06 06:00:00,74144.65061304961
2026-04-06 06:15:00,74144.65061304961
2026-04-06 06:30:00,74144.65061304961
2026-04-06 06:45:00,74144.65061304961
2026-04-06 07:00:00,74144.65061304961
2026-04-06 07:15:00,74144.65061304961
2026-04-06 07:30:00,74144.65061304961
2026-04-06 07:45:00,74144.65061304961
2026-04-06 08:00:00,74144.65061304961
2026-04-06 08:15:00,74144.65061304961
2026-04-06 08:30:00,74144.65061304961
2026-04-06 08:45:00,74144.65061304961
2026-04-06 09:00:00,74144.65061304961
2026-04-06 09:15:00,74144.65061304961
2026-04-06 09:30:00,74144.65061304961
2026-04-06 09:45:00,74144.65061304961
2026-04-06 10:00:00,74144.65061304961
2026-04-06 10:15:00,74144.65061304961
2026-04-06 10:30:00,74144.65061304961
2026-04-06 10:45:00,74144.65061304961
2026-04-06 11:00:00,74144.65061304961
2026-04-06 11:15:00,74144.65061304961
2026-04-06 11:30:00,74144.65061304961
2026-04-06 11:45:00,74144.65061304961
2026-04-06 12:00:00,74144.65061304961
2026-04-06 12:15:00,74144.65061304961
2026-04-06 12:30:00,74144.65061304961
2026-04-06 12:45:00,74144.65061304961
2026-04-06 13:00:00,74144.65061304961
2026-04-06 13:15:00,74144.65061304961
2026-04-06 13:30:00,74144.65061304961
2026-04-06 13:45:00,74144.65061304961
2026-04-06 14:00:00,74144.65061304961
2026-04-06 14:15:00,74144.65061304961
2026-04-06 14:30:00,74144.65061304961
2026-04-06 14:45:00,74144.65061304961
2026-04-06 15:00:00,74144.65061304961
2026-04-06 15:15:00,74144.65061304961
2026-04-06 15:30:00,74144.65061304961
2026-04-06 15:45:00,74144.65061304961
2026-04-06 16:00:00,74144.65061304961
2026-04-06 16:15:00,74144.65061304961
2026-04-06 16:30:00,74144.65061304961
2026-04-06 16:45:00,74144.65061304961
2026-04-06 17:00:00,74144.65061304961
2026-04-06 17:15:00,74144.65061304961
2026-04-06 17:30:00,74144.65061304961
2026-04-06 17:45:00,74144.65061304961
2026-04-06 18:00:00,74144.65061304961
2026-04-06 18:15:00,74144.65061304961
2026-04-06 18:30:00,74144.65061304961
2026-04-06 18:45:00,74144.65061304961
2026-04-06 19:00:00,74144.65061304961
2026-04-06 19:15:00,74144.65061304961
2026-04-06 19:30:00,74144.65061304961
2026-04-06 19:45:00,74144.65061304961
2026-04-06 20:00:00,74144.65061304961
2026-04-06 20:15:00,74144.65061304961
2026-04-06 20:30:00,74144.65061304961
2026-04-06 20:45:00,74144.65061304961
2026-04-06 21:00:00,74144.65061304961
2026-04-06 21:15:00,74144.65061304961
2026-04-06 21:30:00,74144.65061304961
2026-04-06 21:45:00,74144.65061304961
2026-04-06 22:00:00,74144.65061304961
2026-04-06 22:15:00,74144.65061304961
2026-04-06 22:30:00,74144.65061304961
2026-04-06 22:45:00,74144.65061304961
2026-04-06 23:00:00,74144.65061304961
2026-04-06 23:15:00,74144.65061304961
2026-04-06 23:30:00,74144.65061304961
2026-04-06 23:45:00,74144.65061304961
2026-04-07 01:00:00,74144.65061304961
2026-04-07 01:15:00,74144.65061304961
2026-04-07 01:30:00,74144.65061304961
2026-04-07 01:45:00,74144.65061304961
2026-04-07 02:00:00,74144.65061304961
2026-04-07 02:15:00,74144.65061304961
2026-04-07 03:00:00,74144.65061304961
2026-04-07 03:15:00,74144.65061304961
2026-04-07 03:30:00,74144.65061304961
2026-04-07 03:45:00,74144.65061304961
2026-04-07 04:00:00,74144.65061304961
2026-04-07 04:15:00,74144.65061304961
2026-04-07 04:30:00,74144.65061304961
2026-04-07 04:45:00,74144.65061304961
2026-04-07 05:00:00,74144.65061304961
2026-04-07 05:15:00,74144.65061304961
2026-04-07 05:30:00,74144.65061304961
2026-04-07 05:45:00,74144.65061304961
2026-04-07 06:00:00,74144.65061304961
2026-04-07 06:15:00,74144.65061304961
2026-04-07 06:30:00,74144.65061304961
2026-04-07 06:45:00,74144.65061304961
2026-04-07 07:00:00,74144.65061304961
2026-04-07 07:15:00,74144.65061304961
2026-04-07 07:30:00,74144.65061304961
2026-04-07 07:45:00,74144.65061304961
2026-04-07 08:00:00,74144.65061304961
2026-04-07 08:15:00,74144.65061304961
2026-04-07 08:30:00,74144.65061304961
2026-04-07 08:45:00,74144.65061304961
2026-04-07 09:00:00,74144.65061304961
2026-04-07 09:15:00,74144.65061304961
2026-04-07 09:30:00,74144.65061304961
2026-04-07 09:45:00,74144.65061304961
2026-04-07 10:00:00,74144.65061304961
2026-04-07 10:15:00,74144.65061304961
2026-04-07 10:30:00,74144.65061304961
2026-04-07 10:45:00,74144.65061304961
2026-04-07 11:00:00,74144.65061304961
2026-04-07 11:15:00,74144.65061304961
2026-04-07 11:30:00,74144.65061304961
2026-04-07 11:45:00,74144.65061304961
2026-04-07 12:00:00,74144.65061304961
2026-04-07 12:15:00,74144.65061304961
2026-04-07 12:30:00,74144.65061304961
2026-04-07 12:45:00,74144.65061304961
2026-04-07 13:00:00,74144.65061304961
2026-04-07 13:15:00,74144.65061304961
2026-04-07 13:30:00,74144.65061304961
2026-04-07 13:45:00,74144.65061304961
2026-04-07 14:00:00,74144.65061304961
2026-04-07 14:15:00,74144.65061304961
2026-04-07 14:30:00,74144.65061304961
2026-04-07 14:45:00,74144.65061304961
2026-04-07 15:00:00,74144.65061304961
2026-04-07 15:15:00,74144.65061304961
2026-04-07 15:30:00,74144.65061304961
2026-04-07 15:45:00,74144.65061304961
2026-04-07 16:00:00,74144.65061304961
2026-04-07 16:15:00,74144.65061304961
2026-04-07 16:30:00,74144.65061304961
2026-04-07 16:45:00,74144.65061304961
2026-04-07 17:00:00,74144.65061304961
2026-04-07 17:15:00,74144.65061304961
2026-04-07 17:30:00,74144.65061304961
2026-04-07 17:45:00,74144.65061304961
2026-04-07 18:00:00,74144.65061304961
2026-04-07 18:15:00,74144.65061304961
2026-04-07 18:30:00,74144.65061304961
2026-04-07 18:45:00,74144.65061304961
2026-04-07 19:00:00,74144.65061304961
2026-04-07 19:15:00,74144.65061304961
2026-04-07 19:30:00,74144.65061304961
2026-04-07 19:45:00,74144.65061304961
2026-04-07 20:00:00,74144.65061304961
2026-04-07 20:15:00,74144.65061304961
2026-04-07 20:30:00,74144.65061304961
2026-04-07 20:45:00,74144.65061304961
2026-04-07 21:00:00,74144.65061304961
2026-04-07 21:15:00,74144.65061304961
2026-04-07 21:30:00,74144.65061304961
2026-04-07 21:45:00,74144.65061304961
2026-04-07 22:00:00,74144.65061304961
2026-04-07 22:15:00,74144.65061304961
2026-04-07 22:30:00,74144.65061304961
2026-04-07 22:45:00,74144.65061304961
2026-04-07 23:00:00,74144.65061304961
2026-04-07 23:15:00,74144.65061304961
2026-04-07 23:30:00,74144.65061304961
2026-04-07 23:45:00,74144.65061304961
2026-04-08 01:00:00,74144.65061304961
2026-04-08 01:15:00,74144.65061304961
2026-04-08 01:30:00,74144.65061304961
2026-04-08 01:45:00,74144.65061304961
2026-04-08 02:00:00,74144.65061304961
2026-04-08 02:15:00,74144.65061304961
2026-04-08 02:30:00,74144.65061304961
2026-04-08 02:45:00,74144.65061304961
2026-04-08 03:00:00,74144.65061304961
2026-04-08 03:15:00,74144.65061304961
2026-04-08 03:30:00,74144.65061304961
2026-04-08 03:45:00,74144.65061304961
2026-04-08 04:00:00,74144.65061304961
2026-04-08 04:15:00,74144.65061304961
2026-04-08 04:30:00,74144.65061304961
2026-04-08 04:45:00,74144.65061304961
2026-04-08 05:00:00,74144.65061304961
2026-04-08 05:15:00,74144.65061304961
2026-04-08 05:30:00,74144.65061304961
2026-04-08 05:45:00,74144.65061304961
2026-04-08 06:00:00,74144.65061304961
2026-04-08 06:15:00,74144.65061304961
2026-04-08 06:30:00,74144.65061304961
2026-04-08 06:45:00,74144.65061304961
2026-04-08 07:00:00,74144.65061304961
2026-04-08 07:15:00,74144.65061304961
2026-04-08 07:30:00,74144.65061304961
2026-04-08 07:45:00,74144.65061304961
2026-04-08 08:00:00,74144.65061304961
2026-04-08 08:15:00,74144.65061304961
2026-04-08 08:30:00,74144.65061304961
2026-04-08 08:45:00,74144.65061304961
2026-04-08 09:00:00,74144.65061304961
2026-04-08 09:15:00,74144.65061304961
2026-04-08 09:30:00,74144.65061304961
2026-04-08 09:45:00,74144.65061304961
2026-04-08 10:00:00,74144.65061304961
2026-04-08 10:15:00,74144.65061304961
2026-04-08 10:30:00,74144.65061304961
2026-04-08 10:45:00,74144.65061304961
2026-04-08 11:00:00,74144.65061304961
2026-04-08 11:15:00,74144.65061304961
2026-04-08 11:30:00,74144.65061304961
2026-04-08 11:45:00,74144.65061304961
2026-04-08 12:00:00,74144.65061304961
2026-04-08 12:15:00,74144.65061304961
2026-04-08 12:30:00,74144.65061304961
2026-04-08 12:45:00,74144.65061304961
2026-04-08 13:00:00,74144.65061304961
2026-04-08 13:15:00,74144.65061304961
2026-04-08 13:30:00,74144.65061304961
2026-04-08 13:45:00,74144.65061304961
2026-04-08 14:00:00,74144.65061304961
2026-04-08 14:15:00,74144.65061304961
2026-04-08 14:30:00,74144.65061304961
2026-04-08 14:45:00,74144.65061304961
2026-04-08 15:00:00,74144.65061304961
2026-04-08 15:15:00,74144.65061304961
2026-04-08 15:30:00,74144.65061304961
2026-04-08 15:45:00,74144.65061304961
2026-04-08 16:00:00,74144.65061304961
2026-04-08 16:15:00,74144.65061304961
2026-04-08 16:30:00,74144.65061304961
2026-04-08 16:45:00,74144.65061304961
2026-04-08 17:00:00,74144.65061304961
2026-04-08 17:15:00,74144.65061304961
2026-04-08 17:30:00,74144.65061304961
2026-04-08 17:45:00,74144.65061304961
2026-04-08 18:00:00,74144.65061304961
2026-04-08 18:15:00,74144.65061304961
2026-04-08 18:30:00,74144.65061304961
2026-04-08 18:45:00,74144.65061304961
2026-04-08 19:00:00,74144.65061304961
2026-04-08 19:15:00,74144.65061304961
2026-04-08 19:30:00,74144.65061304961
2026-04-08 19:45:00,74144.65061304961
2026-04-08 20:00:00,74144.65061304961
2026-04-08 20:15:00,74144.65061304961
2026-04-08 20:30:00,74144.65061304961
2026-04-08 20:45:00,74144.65061304961
2026-04-08 21:00:00,74144.65061304961
2026-04-08 21:15:00,74144.65061304961
2026-04-08 21:30:00,74144.65061304961
2026-04-08 21:45:00,74144.65061304961
2026-04-08 22:00:00,74144.65061304961
2026-04-08 22:15:00,74144.65061304961
2026-04-08 22:30:00,74144.65061304961
2026-04-08 22:45:00,74144.65061304961
2026-04-08 23:00:00,74144.65061304961
2026-04-08 23:15:00,74144.65061304961
2026-04-08 23:30:00,74144.65061304961
2026-04-08 23:45:00,74144.65061304961
2026-04-09 01:00:00,74144.65061304961
2026-04-09 01:15:00,74144.65061304961
2026-04-09 01:30:00,74144.65061304961
2026-04-09 01:45:00,74144.65061304961
2026-04-09 02:00:00,74144.65061304961
2026-04-09 02:15:00,74144.65061304961
2026-04-09 02:30:00,74144.65061304961
2026-04-09 02:45:00,74144.65061304961
2026-04-09 03:00:00,74144.65061304961
2026-04-09 03:15:00,74144.65061304961
2026-04-09 03:30:00,74144.65061304961
2026-04-09 03:45:00,74144.65061304961
2026-04-09 04:00:00,74144.65061304961
2026-04-09 04:15:00,74144.65061304961
2026-04-09 04:30:00,74144.65061304961
2026-04-09 04:45:00,74144.65061304961
2026-04-09 05:00:00,74144.65061304961
2026-04-09 05:15:00,74144.65061304961
2026-04-09 05:30:00,74144.65061304961
2026-04-09 05:45:00,74144.65061304961
2026-04-09 06:00:00,74144.65061304961
2026-04-09 06:15:00,74144.65061304961
2026-04-09 06:30:00,74144.65061304961
2026-04-09 06:45:00,74144.65061304961
2026-04-09 07:00:00,74144.65061304961
2026-04-09 07:15:00,74144.65061304961
2026-04-09 07:30:00,74144.65061304961
2026-04-09 07:45:00,74144.65061304961
2026-04-09 08:00:00,74144.65061304961
2026-04-09 08:15:00,74144.65061304961
2026-04-09 08:30:00,74144.65061304961
2026-04-09 08:45:00,74144.65061304961
2026-04-09 09:00:00,74144.65061304961
2026-04-09 09:15:00,74144.65061304961
2026-04-09 09:30:00,74144.65061304961
2026-04-09 09:45:00,74144.65061304961
2026-04-09 10:00:00,74144.65061304961
2026-04-09 10:15:00,74144.65061304961
2026-04-09 10:30:00,74144.65061304961
2026-04-09 10:45:00,74144.65061304961
2026-04-09 11:00:00,74144.65061304961
2026-04-09 11:15:00,74144.65061304961
2026-04-09 11:30:00,74144.65061304961
2026-04-09 11:45:00,74144.65061304961
2026-04-09 12:00:00,74144.65061304961
2026-04-09 12:15:00,74144.65061304961
2026-04-09 12:30:00,74144.65061304961
2026-04-09 12:45:00,74144.65061304961
2026-04-09 13:00:00,74144.65061304961
2026-04-09 13:15:00,74144.65061304961
2026-04-09 13:30:00,74144.65061304961
2026-04-09 13:45:00,74144.65061304961
2026-04-09 14:00:00,74144.65061304961
2026-04-09 14:15:00,74144.65061304961
2026-04-09 14:30:00,74144.65061304961
2026-04-09 14:45:00,74144.65061304961
2026-04-09 15:00:00,74144.65061304961
2026-04-09 15:15:00,74144.65061304961
2026-04-09 15:30:00,74144.65061304961
2026-04-09 15:45:00,74144.65061304961
2026-04-09 16:00:00,74144.65061304961
2026-04-09 16:15:00,74144.65061304961
2026-04-09 16:30:00,74144.65061304961
2026-04-09 16:45:00,74144.65061304961
2026-04-09 17:00:00,74144.65061304961
2026-04-09 17:15:00,74144.65061304961
2026-04-09 17:30:00,74144.65061304961
2026-04-09 17:45:00,74144.65061304961
2026-04-09 18:00:00,74144.65061304961
2026-04-09 18:15:00,74144.65061304961
2026-04-09 18:30:00,74144.65061304961
2026-04-09 18:45:00,74144.65061304961
2026-04-09 19:00:00,74144.65061304961
2026-04-09 19:15:00,74144.65061304961
2026-04-09 19:30:00,74144.65061304961
2026-04-09 19:45:00,74144.65061304961
2026-04-09 20:00:00,74144.65061304961
2026-04-09 20:15:00,74144.65061304961
2026-04-09 20:30:00,74144.65061304961
2026-04-09 20:45:00,74144.65061304961
2026-04-09 21:00:00,74144.65061304961
2026-04-09 21:15:00,74144.65061304961
2026-04-09 21:30:00,74144.65061304961
2026-04-09 21:45:00,74144.65061304961
2026-04-09 22:00:00,74144.65061304961
2026-04-09 22:15:00,74144.65061304961
2026-04-09 22:30:00,74144.65061304961
2026-04-09 22:45:00,74144.65061304961
2026-04-09 23:00:00,74144.65061304961
2026-04-09 23:15:00,74144.65061304961
2026-04-09 23:30:00,74144.65061304961
2026-04-09 23:45:00,74144.65061304961
2026-04-10 01:00:00,74144.65061304961
2026-04-10 01:15:00,74144.65061304961
2026-04-10 01:30:00,74144.65061304961
2026-04-10 01:45:00,74144.65061304961
2026-04-10 02:00:00,74144.65061304961
2026-04-10 02:15:00,74144.65061304961
2026-04-10 02:30:00,74144.65061304961
2026-04-10 02:45:00,74144.65061304961
2026-04-10 03:00:00,74144.65061304961
2026-04-10 03:15:00,74144.65061304961
2026-04-10 03:30:00,74144.65061304961
2026-04-10 03:45:00,74144.65061304961
2026-04-10 04:00:00,74144.65061304961
2026-04-10 04:15:00,74144.65061304961
2026-04-10 04:30:00,74144.65061304961
2026-04-10 04:45:00,74144.65061304961
2026-04-10 05:00:00,74144.65061304961
2026-04-10 05:15:00,74144.65061304961
2026-04-10 05:30:00,74144.65061304961
2026-04-10 05:45:00,74144.65061304961
2026-04-10 06:00:00,74144.65061304961
2026-04-10 06:15:00,74144.65061304961
2026-04-10 06:30:00,74144.65061304961
2026-04-10 06:45:00,74144.65061304961
2026-04-10 07:00:00,74144.65061304961
2026-04-10 07:15:00,74144.65061304961
2026-04-10 07:30:00,74144.65061304961
2026-04-10 07:45:00,74144.65061304961
2026-04-10 08:00:00,74144.65061304961
2026-04-10 08:15:00,74144.65061304961
2026-04-10 08:30:00,74144.65061304961
2026-04-10 08:45:00,74144.65061304961
2026-04-10 09:00:00,74144.65061304961
2026-04-10 09:15:00,74144.65061304961
2026-04-10 09:30:00,74144.65061304961
2026-04-10 09:45:00,74144.65061304961
2026-04-10 10:00:00,74144.65061304961
2026-04-10 10:15:00,74144.65061304961
2026-04-10 10:30:00,74144.65061304961
2026-04-10 10:45:00,74144.65061304961
2026-04-10 11:00:00,74144.65061304961
2026-04-10 11:15:00,74144.65061304961
2026-04-10 11:30:00,74144.65061304961
2026-04-10 11:45:00,74144.65061304961
2026-04-10 12:00:00,74144.65061304961
2026-04-10 12:15:00,74144.65061304961
2026-04-10 12:30:00,74144.65061304961
2026-04-10 12:45:00,74144.65061304961
2026-04-10 13:00:00,74144.65061304961
2026-04-10 13:15:00,74144.65061304961
2026-04-10 13:30:00,74144.65061304961
2026-04-10 13:45:00,74144.65061304961
2026-04-10 14:00:00,74144.65061304961
2026-04-10 14:15:00,74144.65061304961
2026-04-10 14:30:00,74144.65061304961
2026-04-10 14:45:00,74144.65061304961
2026-04-10 15:00:00,74144.65061304961
2026-04-10 15:15:00,74144.65061304961
2026-04-10 15:30:00,74144.65061304961
2026-04-10 15:45:00,74144.65061304961
2026-04-10 16:00:00,74144.65061304961
2026-04-10 16:15:00,74144.65061304961
2026-04-10 16:30:00,74144.65061304961
2026-04-10 16:45:00,74144.65061304961
2026-04-10 17:00:00,74144.65061304961
2026-04-10 17:15:00,74144.65061304961
2026-04-10 17:30:00,74144.65061304961
2026-04-10 17:45:00,74144.65061304961
2026-04-10 18:00:00,74144.65061304961
2026-04-10 18:15:00,74144.65061304961
2026-04-10 18:30:00,74144.65061304961
2026-04-10 18:45:00,74144.65061304961
2026-04-10 19:00:00,74144.65061304961
2026-04-10 19:15:00,74144.65061304961
2026-04-10 19:30:00,74144.65061304961
2026-04-10 19:45:00,74144.65061304961
2026-04-10 20:00:00,74144.65061304961
2026-04-10 20:15:00,74144.65061304961
2026-04-10 20:30:00,74144.65061304961
2026-04-10 20:45:00,74144.65061304961
2026-04-10 21:00:00,74144.65061304961
2026-04-10 21:15:00,74144.65061304961
2026-04-10 21:30:00,74144.65061304961
2026-04-10 21:45:00,74144.65061304961
2026-04-10 22:00:00,74144.65061304961
2026-04-10 22:15:00,74144.65061304961
2026-04-10 22:30:00,74144.65061304961
2026-04-10 22:45:00,74144.65061304961
2026-04-10 23:00:00,74144.65061304961
2026-04-10 23:15:00,74144.65061304961
2026-04-10 23:30:00,74144.65061304961
2026-04-10 23:45:00,74144.65061304961
2026-04-13 01:00:00,74144.65061304961
2026-04-13 01:15:00,74144.65061304961
2026-04-13 01:30:00,74144.65061304961
2026-04-13 01:45:00,74144.65061304961
2026-04-13 02:00:00,74144.65061304961
2026-04-13 02:15:00,74144.65061304961
2026-04-13 02:30:00,74144.65061304961
2026-04-13 02:45:00,74144.65061304961
2026-04-13 03:00:00,74144.65061304961
2026-04-13 03:15:00,74144.65061304961
2026-04-13 03:30:00,74144.65061304961
2026-04-13 03:45:00,74144.65061304961
2026-04-13 04:00:00,74144.65061304961
2026-04-13 04:15:00,74144.65061304961
2026-04-13 04:30:00,74144.65061304961
2026-04-13 04:45:00,74144.65061304961
2026-04-13 05:00:00,74144.65061304961
2026-04-13 05:15:00,74144.65061304961
2026-04-13 05:30:00,74144.65061304961
2026-04-13 05:45:00,74144.65061304961
2026-04-13 06:00:00,74144.65061304961
2026-04-13 06:15:00,74144.65061304961
2026-04-13 06:30:00,74144.65061304961
2026-04-13 06:45:00,74144.65061304961
2026-04-13 07:00:00,74144.65061304961
2026-04-13 07:15:00,74144.65061304961
2026-04-13 07:30:00,74144.65061304961
2026-04-13 07:45:00,74144.65061304961
2026-04-13 08:00:00,74144.65061304961
2026-04-13 08:15:00,74144.65061304961
2026-04-13 08:30:00,74144.65061304961
2026-04-13 08:45:00,74144.65061304961
2026-04-13 09:00:00,74144.65061304961
2026-04-13 09:15:00,74144.65061304961
2026-04-13 09:30:00,74144.65061304961
2026-04-13 09:45:00,74144.65061304961
2026-04-13 10:00:00,74144.65061304961
2026-04-13 10:15:00,74144.65061304961
2026-04-13 10:30:00,74144.65061304961
2026-04-13 10:45:00,74144.65061304961
2026-04-13 11:00:00,74144.65061304961
2026-04-13 11:15:00,74144.65061304961
2026-04-13 11:30:00,74144.65061304961
2026-04-13 11:45:00,74144.65061304961
2026-04-13 12:00:00,74144.65061304961
2026-04-13 12:15:00,74144.65061304961
2026-04-13 12:30:00,74144.65061304961
2026-04-13 12:45:00,74144.65061304961
2026-04-13 13:00:00,74144.65061304961
2026-04-13 13:15:00,74144.65061304961
2026-04-13 13:30:00,74144.65061304961
2026-04-13 13:45:00,74144.65061304961
2026-04-13 14:00:00,74144.65061304961
2026-04-13 14:15:00,74144.65061304961
2026-04-13 14:30:00,74144.65061304961
2026-04-13 14:45:00,74144.65061304961
2026-04-13 15:00:00,74144.65061304961
2026-04-13 15:15:00,74144.65061304961
2026-04-13 15:30:00,74144.65061304961
2026-04-13 15:45:00,74144.65061304961
2026-04-13 16:00:00,74144.65061304961
2026-04-13 16:15:00,74144.65061304961
2026-04-13 16:30:00,74144.65061304961
2026-04-13 16:45:00,74144.65061304961
2026-04-13 17:00:00,74144.65061304961
2026-04-13 17:15:00,74144.65061304961
2026-04-13 17:30:00,74144.65061304961
2026-04-13 17:45:00,74144.65061304961
2026-04-13 18:00:00,74144.65061304961
2026-04-13 18:15:00,74144.65061304961
2026-04-13 18:30:00,74144.65061304961
2026-04-13 18:45:00,74144.65061304961
2026-04-13 19:00:00,74144.65061304961
2026-04-13 19:15:00,74144.65061304961
2026-04-13 19:30:00,74144.65061304961
2026-04-13 19:45:00,74144.65061304961
2026-04-13 20:00:00,74144.65061304961
2026-04-13 20:15:00,74144.65061304961
2026-04-13 20:30:00,74144.65061304961
2026-04-13 20:45:00,74144.65061304961
2026-04-13 21:00:00,74144.65061304961
2026-04-13 21:15:00,74144.65061304961
2026-04-13 21:30:00,74144.65061304961
2026-04-13 21:45:00,74144.65061304961
2026-04-13 22:00:00,74144.65061304961
2026-04-13 22:15:00,74144.65061304961
2026-04-13 22:30:00,74144.65061304961
2026-04-13 22:45:00,74144.65061304961
2026-04-13 23:00:00,74144.65061304961
2026-04-13 23:15:00,74144.65061304961
2026-04-13 23:30:00,74144.65061304961
2026-04-13 23:45:00,74144.65061304961
2026-04-14 01:00:00,74144.65061304961
2026-04-14 01:15:00,74144.65061304961
2026-04-14 01:30:00,74144.65061304961
2026-04-14 01:45:00,74144.65061304961
2026-04-14 02:00:00,74144.65061304961
2026-04-14 02:15:00,74144.65061304961
2026-04-14 02:30:00,74144.65061304961
2026-04-14 02:45:00,74144.65061304961
2026-04-14 03:00:00,74144.65061304961
2026-04-14 03:15:00,74144.65061304961
2026-04-14 03:30:00,74144.65061304961
2026-04-14 03:45:00,74144.65061304961
2026-04-14 04:00:00,74144.65061304961
2026-04-14 04:15:00,74144.65061304961
2026-04-14 04:30:00,74144.65061304961
2026-04-14 04:45:00,74144.65061304961
2026-04-14 05:00:00,74144.65061304961
2026-04-14 05:15:00,74144.65061304961
2026-04-14 05:30:00,74144.65061304961
2026-04-14 05:45:00,74144.65061304961
2026-04-14 06:00:00,74144.65061304961
2026-04-14 06:15:00,74144.65061304961
2026-04-14 06:30:00,74144.65061304961
2026-04-14 06:45:00,74144.65061304961
2026-04-14 07:00:00,74144.65061304961
2026-04-14 07:15:00,74144.65061304961
2026-04-14 07:30:00,74144.65061304961
2026-04-14 07:45:00,74144.65061304961
2026-04-14 08:00:00,74144.65061304961
2026-04-14 08:15:00,74144.65061304961
2026-04-14 08:30:00,74144.65061304961
2026-04-14 08:45:00,74144.65061304961
2026-04-14 09:00:00,74144.65061304961
2026-04-14 09:15:00,74144.65061304961
2026-04-14 09:30:00,74144.65061304961
2026-04-14 09:45:00,74144.65061304961
2026-04-14 10:00:00,74144.65061304961
2026-04-14 10:15:00,74144.65061304961
2026-04-14 10:30:00,74144.65061304961
2026-04-14 10:45:00,74144.65061304961
2026-04-14 11:00:00,74144.65061304961
2026-04-14 11:15:00,74144.65061304961
2026-04-14 11:30:00,74144.65061304961
2026-04-14 11:45:00,74144.65061304961
2026-04-14 12:00:00,74144.65061304961
2026-04-14 12:15:00,74144.65061304961
2026-04-14 12:30:00,74144.65061304961
2026-04-14 12:45:00,74144.65061304961
2026-04-14 13:00:00,74144.65061304961
2026-04-14 13:15:00,74144.65061304961
2026-04-14 13:30:00,74144.65061304961
2026-04-14 13:45:00,74144.65061304961
2026-04-14 14:00:00,74144.65061304961
2026-04-14 14:15:00,74144.65061304961
2026-04-14 14:30:00,74144.65061304961
2026-04-14 14:45:00,74144.65061304961
2026-04-14 15:00:00,74144.65061304961
2026-04-14 15:15:00,74144.65061304961
2026-04-14 15:30:00,74144.65061304961
2026-04-14 15:45:00,74144.65061304961
2026-04-14 16:00:00,74144.65061304961
2026-04-14 16:15:00,74144.65061304961
2026-04-14 16:30:00,74144.65061304961
2026-04-14 16:45:00,74144.65061304961
2026-04-14 17:00:00,74144.65061304961
2026-04-14 17:15:00,74144.65061304961
2026-04-14 17:30:00,74144.65061304961
2026-04-14 17:45:00,74144.65061304961
2026-04-14 18:00:00,74144.65061304961
2026-04-14 18:15:00,74144.65061304961
2026-04-14 18:30:00,74144.65061304961
2026-04-14 18:45:00,74144.65061304961
2026-04-14 19:00:00,74144.65061304961
2026-04-14 19:15:00,74144.65061304961
2026-04-14 19:30:00,74144.65061304961
2026-04-14 19:45:00,74144.65061304961
2026-04-14 20:00:00,74144.65061304961
2026-04-14 20:15:00,74144.65061304961
2026-04-14 20:30:00,74144.65061304961
2026-04-14 20:45:00,74144.65061304961
2026-04-14 21:00:00,74144.65061304961
2026-04-14 21:15:00,74144.65061304961
2026-04-14 21:30:00,74144.65061304961
2026-04-14 21:45:00,74144.65061304961
2026-04-14 22:00:00,74144.65061304961
2026-04-14 22:15:00,74144.65061304961
2026-04-14 22:30:00,74144.65061304961
2026-04-14 22:45:00,74144.65061304961
2026-04-14 23:00:00,74144.65061304961
2026-04-14 23:15:00,74144.65061304961
2026-04-14 23:30:00,74144.65061304961
2026-04-14 23:45:00,74144.65061304961
2026-04-15 01:00:00,74144.65061304961
2026-04-15 01:15:00,74144.65061304961
2026-04-15 01:30:00,74144.65061304961
2026-04-15 01:45:00,74144.65061304961
2026-04-15 02:00:00,74144.65061304961
2026-04-15 02:15:00,74144.65061304961
2026-04-15 02:30:00,74144.65061304961
2026-04-15 02:45:00,74144.65061304961
2026-04-15 03:00:00,74144.65061304961
2026-04-15 03:15:00,74144.65061304961
2026-04-15 03:30:00,74144.65061304961
2026-04-15 03:45:00,74144.65061304961
2026-04-15 04:00:00,74144.65061304961
2026-04-15 04:15:00,74144.65061304961
2026-04-15 04:30:00,74144.65061304961
2026-04-15 04:45:00,74144.65061304961
2026-04-15 05:00:00,74144.65061304961
2026-04-15 05:15:00,74144.65061304961
2026-04-15 05:30:00,74144.65061304961
2026-04-15 05:45:00,74144.65061304961
2026-04-15 06:00:00,74144.65061304961
2026-04-15 06:15:00,74144.65061304961
2026-04-15 06:30:00,74144.65061304961
2026-04-15 06:45:00,74144.65061304961
2026-04-15 07:00:00,74144.65061304961
2026-04-15 07:15:00,74144.65061304961
2026-04-15 07:30:00,74144.65061304961
2026-04-15 07:45:00,74144.65061304961
2026-04-15 08:00:00,74144.65061304961
2026-04-15 08:15:00,74144.65061304961
2026-04-15 08:30:00,74144.65061304961
2026-04-15 08:45:00,74144.65061304961
2026-04-15 09:00:00,74144.65061304961
2026-04-15 09:15:00,74144.65061304961
2026-04-15 09:30:00,74144.65061304961
2026-04-15 09:45:00,74144.65061304961
2026-04-15 10:00:00,74144.65061304961
2026-04-15 10:15:00,74144.65061304961
2026-04-15 10:30:00,74144.65061304961
2026-04-15 10:45:00,74144.65061304961
2026-04-15 11:00:00,74144.65061304961
2026-04-15 11:15:00,74144.65061304961
2026-04-15 11:30:00,74144.65061304961
2026-04-15 11:45:00,74144.65061304961
2026-04-15 12:00:00,74144.65061304961
2026-04-15 12:15:00,74144.65061304961
2026-04-15 12:30:00,74144.65061304961
2026-04-15 12:45:00,74144.65061304961
2026-04-15 13:00:00,74144.65061304961
2026-04-15 13:15:00,74144.65061304961
2026-04-15 13:30:00,74144.65061304961
2026-04-15 13:45:00,74144.65061304961
2026-04-15 14:00:00,74144.65061304961
2026-04-15 14:15:00,74144.65061304961
2026-04-15 14:30:00,74144.65061304961
2026-04-15 14:45:00,74144.65061304961
2026-04-15 15:00:00,74144.65061304961
2026-04-15 15:15:00,74144.65061304961
2026-04-15 15:30:00,74144.65061304961
2026-04-15 15:45:00,74144.65061304961
2026-04-15 16:00:00,74144.65061304961
2026-04-15 16:15:00,74144.65061304961
2026-04-15 16:30:00,74144.65061304961
2026-04-15 16:45:00,74144.65061304961
2026-04-15 17:00:00,74144.65061304961
2026-04-15 17:15:00,74144.65061304961
2026-04-15 17:30:00,74144.65061304961
2026-04-15 17:45:00,74144.65061304961
2026-04-15 18:00:00,74144.65061304961
2026-04-15 18:15:00,74144.65061304961
2026-04-15 18:30:00,74144.65061304961
2026-04-15 18:45:00,74144.65061304961
2026-04-15 19:00:00,74144.65061304961
2026-04-15 19:15:00,74144.65061304961
2026-04-15 19:30:00,74144.65061304961
2026-04-15 19:45:00,74144.65061304961
2026-04-15 20:00:00,74144.65061304961
2026-04-15 20:15:00,74144.65061304961
2026-04-15 20:30:00,74144.65061304961
2026-04-15 20:45:00,74144.65061304961
2026-04-15 21:00:00,74144.65061304961
2026-04-15 21:15:00,74144.65061304961
2026-04-15 21:30:00,74144.65061304961
2026-04-15 21:45:00,74144.65061304961
2026-04-15 22:00:00,74144.65061304961
2026-04-15 22:15:00,74144.65061304961
2026-04-15 22:30:00,74144.65061304961
2026-04-15 22:45:00,74144.65061304961
2026-04-15 23:00:00,74144.65061304961
2026-04-15 23:15:00,74144.65061304961
2026-04-15 23:30:00,74144.65061304961
2026-04-15 23:45:00,74144.65061304961
2026-04-16 01:00:00,74144.65061304961
2026-04-16 01:15:00,74144.65061304961
2026-04-16 01:30:00,74144.65061304961
2026-04-16 01:45:00,74144.65061304961
2026-04-16 02:00:00,74144.65061304961
2026-04-16 02:15:00,74144.65061304961
2026-04-16 02:30:00,74144.65061304961
2026-04-16 02:45:00,74144.65061304961
2026-04-16 03:00:00,74144.65061304961
2026-04-16 03:15:00,74144.65061304961
2026-04-16 03:30:00,74144.65061304961
2026-04-16 03:45:00,74144.65061304961
2026-04-16 04:00:00,74144.65061304961
2026-04-16 04:15:00,74144.65061304961
2026-04-16 04:30:00,74144.65061304961
2026-04-16 04:45:00,74144.65061304961
2026-04-16 05:00:00,74144.65061304961
2026-04-16 05:15:00,74144.65061304961
2026-04-16 05:30:00,74144.65061304961
2026-04-16 05:45:00,74144.65061304961
2026-04-16 06:00:00,74144.65061304961
2026-04-16 06:15:00,74144.65061304961
2026-04-16 06:30:00,74144.65061304961
2026-04-16 06:45:00,74144.65061304961
2026-04-16 07:00:00,74144.65061304961
2026-04-16 07:15:00,74144.65061304961
2026-04-16 07:30:00,74144.65061304961
2026-04-16 07:45:00,74144.65061304961
2026-04-16 08:00:00,74144.65061304961
2026-04-16 08:15:00,74144.65061304961
2026-04-16 08:30:00,74144.65061304961
2026-04-16 08:45:00,74144.65061304961
2026-04-16 09:00:00,74144.65061304961
2026-04-16 09:15:00,74144.65061304961
2026-04-16 09:30:00,74144.65061304961
2026-04-16 09:45:00,74144.65061304961
2026-04-16 10:00:00,74144.65061304961
2026-04-16 10:15:00,74144.65061304961
2026-04-16 10:30:00,74144.65061304961
2026-04-16 10:45:00,74144.65061304961
2026-04-16 11:00:00,74144.65061304961
2026-04-16 11:15:00,74144.65061304961
2026-04-16 11:30:00,74144.65061304961
2026-04-16 11:45:00,74144.65061304961
2026-04-16 12:00:00,74144.65061304961
2026-04-16 12:15:00,74144.65061304961
2026-04-16 12:30:00,74144.65061304961
2026-04-16 12:45:00,74144.65061304961
2026-04-16 13:00:00,74144.65061304961
2026-04-16 13:15:00,74144.65061304961
2026-04-16 13:30:00,74144.65061304961
2026-04-16 13:45:00,74144.65061304961
2026-04-16 14:00:00,74144.65061304961
2026-04-16 14:15:00,74144.65061304961
2026-04-16 14:30:00,74144.65061304961
2026-04-16 14:45:00,74144.65061304961
2026-04-16 15:00:00,74144.65061304961
2026-04-16 15:15:00,74144.65061304961
2026-04-16 15:30:00,74144.65061304961
2026-04-16 15:45:00,74144.65061304961
2026-04-16 16:00:00,74144.65061304961
2026-04-16 16:15:00,74144.65061304961
2026-04-16 16:30:00,74144.65061304961
2026-04-16 16:45:00,74144.65061304961
2026-04-16 17:00:00,74144.65061304961
2026-04-16 17:15:00,74144.65061304961
2026-04-16 17:30:00,74144.65061304961
2026-04-16 17:45:00,74144.65061304961
2026-04-16 18:00:00,74144.65061304961
2026-04-16 18:15:00,74144.65061304961
2026-04-16 18:30:00,74144.65061304961
2026-04-16 18:45:00,74144.65061304961
2026-04-16 19:00:00,74144.65061304961
2026-04-16 19:15:00,74144.65061304961
2026-04-16 19:30:00,74144.65061304961
2026-04-16 19:45:00,74144.65061304961
2026-04-16 20:00:00,74144.65061304961
2026-04-16 20:15:00,74144.65061304961
2026-04-16 20:30:00,74144.65061304961
2026-04-16 20:45:00,74144.65061304961
2026-04-16 21:00:00,74144.65061304961
2026-04-16 21:15:00,74144.65061304961
2026-04-16 21:30:00,74144.65061304961
2026-04-16 21:45:00,74144.65061304961
2026-04-16 22:00:00,74144.65061304961
2026-04-16 22:15:00,74144.65061304961
2026-04-16 22:30:00,74144.65061304961
2026-04-16 22:45:00,74144.65061304961
2026-04-16 23:00:00,74144.65061304961
2026-04-16 23:15:00,74144.65061304961
2026-04-16 23:30:00,74144.65061304961
2026-04-16 23:45:00,74144.65061304961
2026-04-17 01:00:00,74144.65061304961
2026-04-17 01:15:00,74144.65061304961
2026-04-17 01:30:00,74144.65061304961
2026-04-17 01:45:00,74144.65061304961
2026-04-17 02:00:00,74144.65061304961
2026-04-17 02:15:00,74144.65061304961
2026-04-17 02:30:00,74144.65061304961
2026-04-17 02:45:00,74144.65061304961
2026-04-17 03:00:00,74144.65061304961
2026-04-17 03:15:00,74144.65061304961
2026-04-17 03:30:00,74144.65061304961
2026-04-17 03:45:00,74144.65061304961
2026-04-17 04:00:00,74144.65061304961
2026-04-17 04:15:00,74144.65061304961
2026-04-17 04:30:00,74144.65061304961
2026-04-17 04:45:00,74144.65061304961
2026-04-17 05:00:00,74144.65061304961
2026-04-17 05:15:00,74144.65061304961
2026-04-17 05:30:00,74144.65061304961
2026-04-17 05:45:00,74144.65061304961
2026-04-17 06:00:00,74144.65061304961
2026-04-17 06:15:00,74144.65061304961
2026-04-17 06:30:00,74144.65061304961
2026-04-17 06:45:00,74144.65061304961
2026-04-17 07:00:00,74144.65061304961
2026-04-17 07:15:00,74144.65061304961
2026-04-17 07:30:00,74144.65061304961
2026-04-17 07:45:00,74144.65061304961
2026-04-17 08:00:00,74144.65061304961
2026-04-17 08:15:00,74144.65061304961
2026-04-17 08:30:00,74144.65061304961
2026-04-17 08:45:00,74144.65061304961
2026-04-17 09:00:00,74144.65061304961
2026-04-17 09:15:00,74144.65061304961
2026-04-17 09:30:00,74144.65061304961
2026-04-17 09:45:00,74144.65061304961
2026-04-17 10:00:00,74144.65061304961
2026-04-17 10:15:00,74144.65061304961
2026-04-17 10:30:00,74144.65061304961
2026-04-17 10:45:00,74144.65061304961
2026-04-17 11:00:00,74144.65061304961
2026-04-17 11:15:00,74144.65061304961
2026-04-17 11:30:00,74144.65061304961
2026-04-17 11:45:00,74144.65061304961
2026-04-17 12:00:00,74144.65061304961
2026-04-17 12:15:00,74144.65061304961
2026-04-17 12:30:00,74144.65061304961
2026-04-17 12:45:00,74144.65061304961
2026-04-17 13:00:00,74144.65061304961
2026-04-17 13:15:00,74144.65061304961
2026-04-17 13:30:00,74144.65061304961
2026-04-17 13:45:00,74144.65061304961
2026-04-17 14:00:00,74144.65061304961
2026-04-17 14:15:00,74144.65061304961
2026-04-17 14:30:00,74144.65061304961
2026-04-17 14:45:00,74144.65061304961
2026-04-17 15:00:00,74144.65061304961
2026-04-17 15:15:00,74144.65061304961
2026-04-17 15:30:00,74144.65061304961
2026-04-17 15:45:00,74144.65061304961
2026-04-17 16:00:00,74144.65061304961
2026-04-17 16:15:00,74144.65061304961
2026-04-17 16:30:00,74144.65061304961
2026-04-17 16:45:00,74144.65061304961
2026-04-17 17:00:00,74144.65061304961
2026-04-17 17:15:00,74144.65061304961
2026-04-17 17:30:00,74144.65061304961
2026-04-17 17:45:00,74144.65061304961
2026-04-17 18:00:00,74144.65061304961
2026-04-17 18:15:00,74144.65061304961
2026-04-17 18:30:00,74144.65061304961
2026-04-17 18:45:00,74144.65061304961
2026-04-17 19:00:00,74144.65061304961
2026-04-17 19:15:00,74144.65061304961
2026-04-17 19:30:00,74144.65061304961
2026-04-17 19:45:00,74144.65061304961
2026-04-17 20:00:00,74144.65061304961
2026-04-17 20:15:00,74144.65061304961
2026-04-17 20:30:00,74144.65061304961
2026-04-17 20:45:00,74144.65061304961
2026-04-17 21:00:00,74144.65061304961
2026-04-17 21:15:00,74144.65061304961
2026-04-17 21:30:00,74144.65061304961
2026-04-17 21:45:00,74144.65061304961
2026-04-17 22:00:00,74144.65061304961
2026-04-17 22:15:00,74144.65061304961
2026-04-17 22:30:00,74144.65061304961
2026-04-17 22:45:00,74144.65061304961
2026-04-17 23:00:00,74144.65061304961
2026-04-17 23:15:00,74144.65061304961
2026-04-17 23:30:00,74144.65061304961
2026-04-17 23:45:00,74144.65061304961
2026-04-20 01:00:00,74144.65061304961
2026-04-20 01:15:00,74144.65061304961
2026-04-20 01:30:00,74144.65061304961
2026-04-20 01:45:00,74144.65061304961
2026-04-20 02:00:00,74144.65061304961
2026-04-20 02:15:00,74144.65061304961
2026-04-20 02:30:00,74144.65061304961
2026-04-20 02:45:00,74144.65061304961
2026-04-20 03:00:00,74144.65061304961
2026-04-20 03:15:00,74144.65061304961
2026-04-20 03:30:00,74144.65061304961
2026-04-20 03:45:00,74144.65061304961
2026-04-20 04:00:00,74144.65061304961
2026-04-20 04:15:00,74144.65061304961
2026-04-20 04:30:00,74144.65061304961
2026-04-20 04:45:00,74144.65061304961
2026-04-20 05:00:00,74144.65061304961
2026-04-20 05:15:00,74144.65061304961
2026-04-20 05:30:00,74144.65061304961
2026-04-20 05:45:00,74144.65061304961
2026-04-20 06:00:00,74144.65061304961
2026-04-20 06:15:00,74144.65061304961
2026-04-20 06:30:00,74144.65061304961
2026-04-20 06:45:00,74144.65061304961
2026-04-20 07:00:00,74144.65061304961
2026-04-20 07:15:00,74144.65061304961
2026-04-20 07:30:00,74144.65061304961
2026-04-20 07:45:00,74144.65061304961
2026-04-20 08:00:00,74144.65061304961
2026-04-20 08:15:00,74144.65061304961
2026-04-20 08:30:00,74144.65061304961
2026-04-20 08:45:00,74144.65061304961
2026-04-20 09:00:00,74144.65061304961
2026-04-20 09:15:00,74144.65061304961
2026-04-20 09:30:00,74144.65061304961
2026-04-20 09:45:00,74144.65061304961
2026-04-20 10:00:00,74144.65061304961
2026-04-20 10:15:00,74144.65061304961
2026-04-20 10:30:00,74144.65061304961
2026-04-20 10:45:00,74144.65061304961
2026-04-20 11:00:00,74144.65061304961
2026-04-20 11:15:00,74144.65061304961
2026-04-20 11:30:00,74144.65061304961
2026-04-20 11:45:00,74144.65061304961
2026-04-20 12:00:00,74144.65061304961
2026-04-20 12:15:00,74144.65061304961
2026-04-20 12:30:00,74144.65061304961
2026-04-20 12:45:00,74144.65061304961
2026-04-20 13:00:00,74144.65061304961
2026-04-20 13:15:00,74144.65061304961
2026-04-20 13:30:00,74144.65061304961
2026-04-20 13:45:00,74144.65061304961
2026-04-20 14:00:00,74144.65061304961
2026-04-20 14:15:00,74144.65061304961
2026-04-20 14:30:00,74144.65061304961
2026-04-20 14:45:00,74144.65061304961
2026-04-20 15:00:00,74144.65061304961
2026-04-20 15:15:00,74144.65061304961
2026-04-20 15:30:00,74144.65061304961
2026-04-20 15:45:00,74144.65061304961
2026-04-20 16:00:00,74144.65061304961
2026-04-20 16:15:00,74144.65061304961
2026-04-20 16:30:00,74144.65061304961
2026-04-20 16:45:00,74144.65061304961
2026-04-20 17:00:00,74144.65061304961
2026-04-20 17:15:00,74144.65061304961
2026-04-20 17:30:00,74144.65061304961
2026-04-20 17:45:00,74144.65061304961
2026-04-20 18:00:00,74144.65061304961
2026-04-20 18:15:00,74144.65061304961
2026-04-20 18:30:00,74144.65061304961
2026-04-20 18:45:00,74144.65061304961
2026-04-20 19:00:00,74144.65061304961
2026-04-20 19:15:00,74144.65061304961
2026-04-20 19:30:00,74144.65061304961
2026-04-20 19:45:00,74144.65061304961
2026-04-20 20:00:00,74144.65061304961
2026-04-20 20:15:00,74144.65061304961
2026-04-20 20:30:00,74144.65061304961
2026-04-20 20:45:00,74144.65061304961
2026-04-20 21:00:00,74144.65061304961
2026-04-20 21:15:00,74144.65061304961
2026-04-20 21:30:00,74144.65061304961
2026-04-20 21:45:00,74144.65061304961
2026-04-20 22:00:00,74144.65061304961
2026-04-20 22:15:00,74144.65061304961
2026-04-20 22:30:00,74144.65061304961
2026-04-20 22:45:00,74144.65061304961
2026-04-20 23:00:00,74144.65061304961
2026-04-20 23:15:00,74144.65061304961
2026-04-20 23:30:00,74144.65061304961
2026-04-20 23:45:00,74144.65061304961
2026-04-21 01:00:00,74144.65061304961
2026-04-21 01:15:00,74144.65061304961
2026-04-21 01:30:00,74144.65061304961
2026-04-21 01:45:00,74144.65061304961
2026-04-21 02:00:00,74144.65061304961
2026-04-21 02:15:00,74144.65061304961
2026-04-21 02:30:00,74144.65061304961
2026-04-21 02:45:00,74144.65061304961
2026-04-21 03:00:00,74144.65061304961
2026-04-21 03:15:00,74144.65061304961
2026-04-21 03:30:00,74144.65061304961
2026-04-21 03:45:00,74144.65061304961
2026-04-21 04:00:00,74144.65061304961
2026-04-21 04:15:00,74144.65061304961
2026-04-21 04:30:00,74144.65061304961
2026-04-21 04:45:00,74144.65061304961
2026-04-21 05:00:00,74144.65061304961
2026-04-21 05:15:00,74144.65061304961
2026-04-21 05:30:00,74144.65061304961
2026-04-21 05:45:00,74144.65061304961
2026-04-21 06:00:00,74144.65061304961
2026-04-21 06:15:00,74144.65061304961
2026-04-21 06:30:00,74144.65061304961
2026-04-21 06:45:00,74144.65061304961
2026-04-21 07:00:00,74144.65061304961
2026-04-21 07:15:00,74144.65061304961
2026-04-21 07:30:00,74144.65061304961
2026-04-21 07:45:00,74144.65061304961
2026-04-21 08:00:00,74144.65061304961
2026-04-21 08:15:00,74144.65061304961
2026-04-21 08:30:00,74144.65061304961
2026-04-21 08:45:00,74144.65061304961
2026-04-21 09:00:00,74144.65061304961
2026-04-21 09:15:00,74144.65061304961
2026-04-21 09:30:00,74144.65061304961
2026-04-21 09:45:00,74144.65061304961
2026-04-21 10:00:00,74144.65061304961
2026-04-21 10:15:00,74144.65061304961
2026-04-21 10:30:00,74144.65061304961
2026-04-21 10:45:00,74144.65061304961
2026-04-21 11:00:00,74144.65061304961
2026-04-21 11:15:00,74144.65061304961
2026-04-21 11:30:00,74144.65061304961
2026-04-21 11:45:00,74144.65061304961
2026-04-21 12:00:00,74144.65061304961
2026-04-21 12:15:00,74144.65061304961
2026-04-21 12:30:00,74144.65061304961
2026-04-21 12:45:00,74144.65061304961
2026-04-21 13:00:00,74144.65061304961
2026-04-21 13:15:00,74144.65061304961
2026-04-21 13:30:00,74144.65061304961
2026-04-21 13:45:00,74144.65061304961
2026-04-21 14:00:00,74144.65061304961
2026-04-21 14:15:00,74144.65061304961
2026-04-21 14:30:00,74144.65061304961
2026-04-21 14:45:00,74144.65061304961
2026-04-21 15:00:00,74144.65061304961
2026-04-21 15:15:00,74144.65061304961
2026-04-21 15:30:00,74144.65061304961
2026-04-21 15:45:00,74144.65061304961
2026-04-21 16:00:00,74144.65061304961
2026-04-21 16:15:00,74144.65061304961
2026-04-21 16:30:00,74144.65061304961
2026-04-21 16:45:00,74144.65061304961
2026-04-21 17:00:00,74144.65061304961
2026-04-21 17:15:00,74144.65061304961
2026-04-21 17:30:00,74144.65061304961
2026-04-21 17:45:00,74144.65061304961
2026-04-21 18:00:00,74144.65061304961
2026-04-21 18:15:00,74144.65061304961
2026-04-21 18:30:00,74144.65061304961
2026-04-21 18:45:00,74144.65061304961
2026-04-21 19:00:00,74144.65061304961
2026-04-21 19:15:00,74144.65061304961
2026-04-21 19:30:00,74144.65061304961
2026-04-21 19:45:00,74144.65061304961
2026-04-21 20:00:00,74144.65061304961
2026-04-21 20:15:00,74144.65061304961
2026-04-21 20:30:00,74144.65061304961
2026-04-21 20:45:00,74144.65061304961
2026-04-21 21:00:00,74144.65061304961
2026-04-21 21:15:00,74144.65061304961
2026-04-21 21:30:00,74144.65061304961
2026-04-21 21:45:00,74144.65061304961
2026-04-21 22:00:00,74144.65061304961
2026-04-21 22:15:00,74144.65061304961
2026-04-21 22:30:00,74144.65061304961
2026-04-21 22:45:00,74144.65061304961
2026-04-21 23:00:00,74144.65061304961
2026-04-21 23:15:00,74144.65061304961
2026-04-21 23:30:00,74144.65061304961
2026-04-21 23:45:00,74144.65061304961
2026-04-22 01:00:00,74144.65061304961
2026-04-22 01:15:00,74144.65061304961
2026-04-22 01:30:00,74144.65061304961
2026-04-22 01:45:00,74144.65061304961
2026-04-22 02:00:00,74144.65061304961
2026-04-22 02:15:00,74144.65061304961
2026-04-22 02:30:00,74144.65061304961
2026-04-22 02:45:00,74144.65061304961
2026-04-22 03:00:00,74144.65061304961
2026-04-22 03:15:00,74144.65061304961
2026-04-22 03:30:00,74144.65061304961
2026-04-22 03:45:00,74144.65061304961
2026-04-22 04:00:00,74144.65061304961
2026-04-22 04:15:00,74144.65061304961
2026-04-22 04:30:00,74144.65061304961
2026-04-22 04:45:00,74144.65061304961
2026-04-22 05:00:00,74144.65061304961
2026-04-22 05:15:00,74144.65061304961
2026-04-22 05:30:00,74144.65061304961
2026-04-22 05:45:00,74144.65061304961
2026-04-22 06:00:00,74144.65061304961
2026-04-22 06:15:00,74144.65061304961
2026-04-22 06:30:00,74144.65061304961
2026-04-22 06:45:00,74144.65061304961
2026-04-22 07:00:00,74144.65061304961
2026-04-22 07:15:00,74144.65061304961
2026-04-22 07:30:00,74144.65061304961
2026-04-22 07:45:00,74144.65061304961
2026-04-22 08:00:00,74144.65061304961
2026-04-22 08:15:00,74144.65061304961
2026-04-22 08:30:00,74144.65061304961
2026-04-22 08:45:00,74144.65061304961
2026-04-22 09:00:00,74144.65061304961
2026-04-22 09:15:00,74144.65061304961
2026-04-22 09:30:00,74144.65061304961
2026-04-22 09:45:00,74144.65061304961
2026-04-22 10:00:00,74144.65061304961
2026-04-22 10:15:00,74144.65061304961
2026-04-22 10:30:00,74144.65061304961
2026-04-22 10:45:00,74144.65061304961
2026-04-22 11:00:00,74144.65061304961
2026-04-22 11:15:00,74144.65061304961
2026-04-22 11:30:00,74144.65061304961
2026-04-22 11:45:00,74144.65061304961
2026-04-22 12:00:00,74144.65061304961
2026-04-22 12:15:00,74144.65061304961
2026-04-22 12:30:00,74144.65061304961
2026-04-22 12:45:00,74144.65061304961
2026-04-22 13:00:00,74144.65061304961
2026-04-22 13:15:00,74144.65061304961
2026-04-22 13:30:00,74144.65061304961
2026-04-22 13:45:00,74144.65061304961
2026-04-22 14:00:00,74144.65061304961
2026-04-22 14:15:00,74144.65061304961
2026-04-22 14:30:00,74144.65061304961
2026-04-22 14:45:00,74144.65061304961
2026-04-22 15:00:00,74144.65061304961
2026-04-22 15:15:00,74144.65061304961
2026-04-22 15:30:00,74144.65061304961
2026-04-22 15:45:00,74144.65061304961
2026-04-22 16:00:00,74144.65061304961
2026-04-22 16:15:00,74144.65061304961
2026-04-22 16:30:00,74144.65061304961
2026-04-22 16:45:00,74144.65061304961
2026-04-22 17:00:00,74144.65061304961
2026-04-22 17:15:00,74144.65061304961
2026-04-22 17:30:00,74144.65061304961
2026-04-22 17:45:00,74144.65061304961
2026-04-22 18:00:00,74144.65061304961
2026-04-22 18:15:00,74144.65061304961
2026-04-22 18:30:00,74144.65061304961
2026-04-22 18:45:00,74144.65061304961
2026-04-22 19:00:00,74144.65061304961
2026-04-22 19:15:00,74144.65061304961
2026-04-22 19:30:00,74144.65061304961
2026-04-22 19:45:00,74144.65061304961
2026-04-22 20:00:00,74144.65061304961
2026-04-22 20:15:00,74144.65061304961
2026-04-22 20:30:00,74144.65061304961
2026-04-22 20:45:00,74144.65061304961
2026-04-22 21:00:00,74144.65061304961
2026-04-22 21:15:00,74144.65061304961
2026-04-22 21:30:00,74144.65061304961
2026-04-22 21:45:00,74144.65061304961
2026-04-22 22:00:00,74144.65061304961
2026-04-22 22:15:00,74144.65061304961
2026-04-22 22:30:00,74144.65061304961
2026-04-22 22:45:00,74144.65061304961
2026-04-22 23:00:00,74144.65061304961
2026-04-22 23:15:00,74144.65061304961
2026-04-22 23:30:00,74144.65061304961
2026-04-22 23:45:00,74144.65061304961
2026-04-23 01:00:00,74144.65061304961
2026-04-23 01:15:00,74144.65061304961
2026-04-23 01:30:00,74144.65061304961
2026-04-23 01:45:00,74144.65061304961
2026-04-23 02:00:00,74144.65061304961
2026-04-23 02:15:00,74144.65061304961
2026-04-23 02:30:00,74144.65061304961
2026-04-23 02:45:00,74144.65061304961
2026-04-23 03:00:00,74144.65061304961
2026-04-23 03:15:00,74144.65061304961
2026-04-23 03:30:00,74144.65061304961
2026-04-23 03:45:00,74144.65061304961
2026-04-23 04:00:00,74144.65061304961
2026-04-23 04:15:00,74144.65061304961
2026-04-23 04:30:00,74144.65061304961
2026-04-23 04:45:00,74144.65061304961
2026-04-23 05:00:00,74144.65061304961
2026-04-23 05:15:00,74144.65061304961
2026-04-23 05:30:00,74144.65061304961
2026-04-23 05:45:00,74144.65061304961
2026-04-23 06:00:00,74144.65061304961
2026-04-23 06:15:00,74144.65061304961
2026-04-23 06:30:00,74144.65061304961
2026-04-23 06:45:00,74144.65061304961
2026-04-23 07:00:00,74144.65061304961
2026-04-23 07:15:00,74144.65061304961
2026-04-23 07:30:00,74144.65061304961
2026-04-23 07:45:00,74144.65061304961
2026-04-23 08:00:00,74144.65061304961
2026-04-23 08:15:00,74144.65061304961
2026-04-23 08:30:00,74144.65061304961
2026-04-23 08:45:00,74144.65061304961
2026-04-23 09:00:00,74144.65061304961
2026-04-23 09:15:00,74144.65061304961
2026-04-23 09:30:00,74144.65061304961
2026-04-23 09:45:00,74144.65061304961
2026-04-23 10:00:00,74144.65061304961
2026-04-23 10:15:00,74144.65061304961
2026-04-23 10:30:00,74144.65061304961
2026-04-23 10:45:00,74144.65061304961
2026-04-23 11:00:00,74144.65061304961
2026-04-23 11:15:00,74144.65061304961
2026-04-23 11:30:00,74144.65061304961
2026-04-23 11:45:00,74144.65061304961
2026-04-23 12:00:00,74144.65061304961
2026-04-23 12:15:00,74144.65061304961
2026-04-23 12:30:00,74144.65061304961
2026-04-23 12:45:00,74144.65061304961
2026-04-23 13:00:00,74144.65061304961
2026-04-23 13:15:00,74144.65061304961
2026-04-23 13:30:00,74144.65061304961
2026-04-23 13:45:00,74144.65061304961
2026-04-23 14:00:00,74144.65061304961
2026-04-23 14:15:00,74144.65061304961
2026-04-23 14:30:00,74144.65061304961
2026-04-23 14:45:00,74144.65061304961
2026-04-23 15:00:00,74144.65061304961
2026-04-23 15:15:00,74144.65061304961
2026-04-23 15:30:00,74144.65061304961
2026-04-23 15:45:00,74144.65061304961
2026-04-23 16:00:00,74144.65061304961
2026-04-23 16:15:00,74144.65061304961
2026-04-23 16:30:00,74144.65061304961
2026-04-23 16:45:00,74144.65061304961
2026-04-23 17:00:00,74144.65061304961
2026-04-23 17:15:00,74144.65061304961
2026-04-23 17:30:00,74144.65061304961
2026-04-23 17:45:00,74144.65061304961
2026-04-23 18:00:00,74144.65061304961
2026-04-23 18:15:00,74144.65061304961
2026-04-23 18:30:00,74144.65061304961
2026-04-23 18:45:00,74144.65061304961
2026-04-23 19:00:00,74144.65061304961
2026-04-23 19:15:00,74144.65061304961
2026-04-23 19:30:00,74144.65061304961
2026-04-23 19:45:00,74144.65061304961
2026-04-23 20:00:00,74144.65061304961
2026-04-23 20:15:00,74144.65061304961
2026-04-23 20:30:00,74144.65061304961
2026-04-23 20:45:00,74144.65061304961
2026-04-23 21:00:00,74144.65061304961
2026-04-23 21:15:00,74144.65061304961
2026-04-23 21:30:00,74144.65061304961
2026-04-23 21:45:00,74144.65061304961
2026-04-23 22:00:00,74144.65061304961
2026-04-23 22:15:00,74144.65061304961
2026-04-23 22:30:00,74144.65061304961
2026-04-23 22:45:00,74144.65061304961
2026-04-23 23:00:00,74144.65061304961
2026-04-23 23:15:00,74144.65061304961
2026-04-23 23:30:00,74144.65061304961
2026-04-23 23:45:00,74144.65061304961
2026-04-24 01:00:00,74144.65061304961
2026-04-24 01:15:00,74144.65061304961
2026-04-24 01:30:00,74144.65061304961
2026-04-24 01:45:00,74144.65061304961
2026-04-24 02:00:00,74144.65061304961
2026-04-24 02:15:00,74144.65061304961
2026-04-24 02:30:00,74144.65061304961
2026-04-24 02:45:00,74144.65061304961
2026-04-24 03:00:00,74144.65061304961
2026-04-24 03:15:00,74144.65061304961
2026-04-24 03:30:00,74144.65061304961
2026-04-24 03:45:00,74144.65061304961
2026-04-24 04:00:00,74144.65061304961
2026-04-24 04:15:00,74144.65061304961
2026-04-24 04:30:00,74144.65061304961
2026-04-24 04:45:00,74144.65061304961
2026-04-24 05:00:00,74144.65061304961
2026-04-24 05:15:00,74144.65061304961
2026-04-24 05:30:00,74144.65061304961
2026-04-24 05:45:00,74144.65061304961
2026-04-24 06:00:00,74144.65061304961
2026-04-24 06:15:00,74144.65061304961
2026-04-24 06:30:00,74144.65061304961
2026-04-24 06:45:00,74144.65061304961
2026-04-24 07:00:00,74144.65061304961
2026-04-24 07:15:00,74144.65061304961
2026-04-24 07:30:00,74144.65061304961
2026-04-24 07:45:00,74144.65061304961
2026-04-24 08:00:00,74144.65061304961
2026-04-24 08:15:00,74144.65061304961
2026-04-24 08:30:00,74144.65061304961
2026-04-24 08:45:00,74144.65061304961
2026-04-24 09:00:00,74144.65061304961
2026-04-24 09:15:00,74144.65061304961
2026-04-24 09:30:00,74144.65061304961
2026-04-24 09:45:00,74144.65061304961
2026-04-24 10:00:00,74144.65061304961
2026-04-24 10:15:00,74144.65061304961
2026-04-24 10:30:00,74144.65061304961
2026-04-24 10:45:00,74144.65061304961
2026-04-24 11:00:00,74144.65061304961
2026-04-24 11:15:00,74144.65061304961
2026-04-24 11:30:00,74144.65061304961
2026-04-24 11:45:00,74144.65061304961
2026-04-24 12:00:00,74144.65061304961
2026-04-24 12:15:00,74144.65061304961
2026-04-24 12:30:00,74144.65061304961
2026-04-24 12:45:00,74144.65061304961
2026-04-24 13:00:00,74144.65061304961
2026-04-24 13:15:00,74144.65061304961
2026-04-24 13:30:00,74144.65061304961
2026-04-24 13:45:00,74144.65061304961
2026-04-24 14:00:00,74144.65061304961
2026-04-24 14:15:00,74144.65061304961
2026-04-24 14:30:00,74144.65061304961
2026-04-24 14:45:00,74144.65061304961
2026-04-24 15:00:00,74144.65061304961
2026-04-24 15:15:00,74144.65061304961
2026-04-24 15:30:00,74144.65061304961
2026-04-24 15:45:00,74144.65061304961
2026-04-24 16:00:00,74144.65061304961
2026-04-24 16:15:00,74144.65061304961
2026-04-24 16:30:00,74144.65061304961
2026-04-24 16:45:00,74144.65061304961
2026-04-24 17:00:00,74144.65061304961
2026-04-24 17:15:00,74144.65061304961
2026-04-24 17:30:00,74144.65061304961
2026-04-24 17:45:00,74144.65061304961
2026-04-24 18:00:00,74144.65061304961
2026-04-24 18:15:00,74144.65061304961
2026-04-24 18:30:00,74144.65061304961
2026-04-24 18:45:00,74144.65061304961
2026-04-24 19:00:00,74144.65061304961
2026-04-24 19:15:00,74144.65061304961
2026-04-24 19:30:00,74144.65061304961
2026-04-24 19:45:00,74144.65061304961
2026-04-24 20:00:00,74144.65061304961
2026-04-24 20:15:00,74144.65061304961
2026-04-24 20:30:00,74144.65061304961
2026-04-24 20:45:00,74144.65061304961
2026-04-24 21:00:00,74144.65061304961
2026-04-24 21:15:00,74144.65061304961
2026-04-24 21:30:00,74144.65061304961
2026-04-24 21:45:00,74144.65061304961
2026-04-24 22:00:00,74144.65061304961
2026-04-24 22:15:00,74144.65061304961
2026-04-24 22:30:00,74144.65061304961
2026-04-24 22:45:00,74144.65061304961
2026-04-24 23:00:00,74144.65061304961
2026-04-24 23:15:00,74144.65061304961
2026-04-24 23:30:00,74144.65061304961
2026-04-24 23:45:00,74144.65061304961
2026-04-27 01:00:00,74144.65061304961
2026-04-27 01:15:00,74144.65061304961
2026-04-27 01:30:00,74144.65061304961
2026-04-27 01:45:00,74144.65061304961
2026-04-27 02:00:00,74144.65061304961
2026-04-27 02:15:00,74144.65061304961
2026-04-27 02:30:00,74144.65061304961
2026-04-27 02:45:00,74144.65061304961
2026-04-27 03:00:00,74144.65061304961
2026-04-27 03:15:00,74144.65061304961
2026-04-27 03:30:00,74144.65061304961
2026-04-27 03:45:00,74144.65061304961
2026-04-27 04:00:00,74144.65061304961
2026-04-27 04:15:00,74144.65061304961
2026-04-27 04:30:00,74144.65061304961
2026-04-27 04:45:00,74144.65061304961
2026-04-27 05:00:00,74144.65061304961
2026-04-27 05:15:00,74144.65061304961
2026-04-27 05:30:00,74144.65061304961
2026-04-27 05:45:00,74144.65061304961
2026-04-27 06:00:00,74144.65061304961
2026-04-27 06:15:00,74144.65061304961
2026-04-27 06:30:00,74144.65061304961
2026-04-27 06:45:00,74144.65061304961
2026-04-27 07:00:00,74144.65061304961
2026-04-27 07:15:00,74144.65061304961
2026-04-27 07:30:00,74144.65061304961
2026-04-27 07:45:00,74144.65061304961
2026-04-27 08:00:00,74144.65061304961
2026-04-27 08:15:00,74144.65061304961
2026-04-27 08:30:00,74144.65061304961
2026-04-27 08:45:00,74144.65061304961
2026-04-27 09:00:00,74144.65061304961
2026-04-27 09:15:00,74144.65061304961
2026-04-27 09:30:00,74144.65061304961
2026-04-27 09:45:00,74144.65061304961
2026-04-27 10:00:00,74144.65061304961
2026-04-27 10:15:00,74144.65061304961
2026-04-27 10:30:00,74144.65061304961
2026-04-27 10:45:00,74144.65061304961
2026-04-27 11:00:00,74144.65061304961
2026-04-27 11:15:00,74144.65061304961
2026-04-27 11:30:00,74144.65061304961
2026-04-27 11:45:00,74144.65061304961
2026-04-27 12:00:00,74144.65061304961
2026-04-27 12:15:00,74144.65061304961
2026-04-27 12:30:00,74144.65061304961
2026-04-27 12:45:00,74144.65061304961
2026-04-27 13:00:00,74144.65061304961
2026-04-27 13:15:00,74144.65061304961
2026-04-27 13:30:00,74144.65061304961
2026-04-27 13:45:00,74144.65061304961
2026-04-27 14:00:00,74144.65061304961
2026-04-27 14:15:00,74144.65061304961
2026-04-27 14:30:00,74144.65061304961
2026-04-27 14:45:00,74144.65061304961
2026-04-27 15:00:00,74144.65061304961
2026-04-27 15:15:00,74144.65061304961
2026-04-27 15:30:00,74144.65061304961
2026-04-27 15:45:00,74144.65061304961
2026-04-27 16:00:00,74144.65061304961
2026-04-27 16:15:00,74144.65061304961
2026-04-27 16:30:00,74144.65061304961
2026-04-27 16:45:00,74144.65061304961
2026-04-27 17:00:00,74144.65061304961
2026-04-27 17:15:00,74144.65061304961
2026-04-27 17:30:00,74144.65061304961
2026-04-27 17:45:00,74144.65061304961
2026-04-27 18:00:00,74144.65061304961
2026-04-27 18:15:00,74144.65061304961
2026-04-27 18:30:00,74144.65061304961
2026-04-27 18:45:00,74144.65061304961
2026-04-27 19:00:00,74144.65061304961
2026-04-27 19:15:00,74144.65061304961
2026-04-27 19:30:00,74144.65061304961
2026-04-27 19:45:00,74144.65061304961
2026-04-27 20:00:00,74144.65061304961
2026-04-27 20:15:00,74144.65061304961
2026-04-27 20:30:00,74144.65061304961
2026-04-27 20:45:00,74144.65061304961
2026-04-27 21:00:00,74144.65061304961
2026-04-27 21:15:00,74144.65061304961
2026-04-27 21:30:00,74144.65061304961
2026-04-27 21:45:00,74144.65061304961
2026-04-27 22:00:00,74144.65061304961
2026-04-27 22:15:00,74144.65061304961
2026-04-27 22:30:00,74144.65061304961
2026-04-27 22:45:00,74144.65061304961
2026-04-27 23:00:00,74144.65061304961
2026-04-27 23:15:00,74144.65061304961
2026-04-27 23:30:00,74144.65061304961
2026-04-27 23:45:00,74144.65061304961
2026-04-28 01:00:00,74144.65061304961
2026-04-28 01:15:00,74144.65061304961
2026-04-28 01:30:00,74144.65061304961
2026-04-28 01:45:00,74144.65061304961
2026-04-28 02:00:00,74144.65061304961
2026-04-28 02:15:00,74144.65061304961
2026-04-28 02:30:00,74144.65061304961
2026-04-28 02:45:00,74144.65061304961
2026-04-28 03:00:00,74144.65061304961
2026-04-28 03:15:00,74144.65061304961
2026-04-28 03:30:00,74144.65061304961
2026-04-28 03:45:00,74144.65061304961
2026-04-28 04:00:00,74144.65061304961
2026-04-28 04:15:00,74144.65061304961
2026-04-28 04:30:00,74144.65061304961
2026-04-28 04:45:00,74144.65061304961
2026-04-28 05:00:00,74144.65061304961
2026-04-28 05:15:00,74144.65061304961
2026-04-28 05:30:00,74144.65061304961
2026-04-28 05:45:00,74144.65061304961
2026-04-28 06:00:00,74144.65061304961
2026-04-28 06:15:00,74144.65061304961
2026-04-28 06:30:00,74144.65061304961
2026-04-28 06:45:00,74144.65061304961
2026-04-28 07:00:00,74144.65061304961
2026-04-28 07:15:00,74144.65061304961
2026-04-28 07:30:00,74144.65061304961
2026-04-28 07:45:00,74144.65061304961
2026-04-28 08:00:00,74144.65061304961
2026-04-28 08:15:00,74144.65061304961
2026-04-28 08:30:00,74144.65061304961
2026-04-28 08:45:00,74144.65061304961
2026-04-28 09:00:00,74144.65061304961
2026-04-28 09:15:00,74144.65061304961
2026-04-28 09:30:00,74144.65061304961
2026-04-28 09:45:00,74144.65061304961
2026-04-28 10:00:00,74144.65061304961
2026-04-28 10:15:00,74144.65061304961
2026-04-28 10:30:00,74144.65061304961
2026-04-28 10:45:00,74144.65061304961
2026-04-28 11:00:00,74144.65061304961
2026-04-28 11:15:00,74144.65061304961
2026-04-28 11:30:00,74144.65061304961
2026-04-28 11:45:00,74144.65061304961
2026-04-28 12:00:00,74144.65061304961
2026-04-28 12:15:00,74144.65061304961
2026-04-28 12:30:00,74144.65061304961
2026-04-28 12:45:00,74144.65061304961
2026-04-28 13:00:00,74144.65061304961
2026-04-28 13:15:00,74144.65061304961
2026-04-28 13:30:00,74144.65061304961
2026-04-28 13:45:00,74144.65061304961
2026-04-28 14:00:00,74144.65061304961
2026-04-28 14:15:00,74144.65061304961
2026-04-28 14:30:00,74144.65061304961
2026-04-28 14:45:00,74144.65061304961
2026-04-28 15:00:00,74144.65061304961
2026-04-28 15:15:00,74144.65061304961
2026-04-28 15:30:00,74144.65061304961
2026-04-28 15:45:00,74144.65061304961
2026-04-28 16:00:00,74144.65061304961
2026-04-28 16:15:00,74144.65061304961
2026-04-28 16:30:00,74144.65061304961
2026-04-28 16:45:00,74144.65061304961
2026-04-28 17:00:00,74144.65061304961
2026-04-28 17:15:00,74144.65061304961
2026-04-28 17:30:00,74144.65061304961
2026-04-28 17:45:00,74144.65061304961
2026-04-28 18:00:00,74144.65061304961
2026-04-28 18:15:00,74144.65061304961
2026-04-28 18:30:00,74144.65061304961
2026-04-28 18:45:00,74144.65061304961
2026-04-28 19:00:00,74144.65061304961
2026-04-28 19:15:00,74144.65061304961
2026-04-28 19:30:00,74144.65061304961
2026-04-28 19:45:00,74144.65061304961
2026-04-28 20:00:00,74144.65061304961
2026-04-28 20:15:00,74144.65061304961
2026-04-28 20:30:00,74144.65061304961
2026-04-28 20:45:00,74144.65061304961
2026-04-28 21:00:00,74144.65061304961
2026-04-28 21:15:00,74144.65061304961
2026-04-28 21:30:00,74144.65061304961
2026-04-28 21:45:00,74144.65061304961
2026-04-28 22:00:00,74144.65061304961
2026-04-28 22:15:00,74144.65061304961
2026-04-28 22:30:00,74144.65061304961
2026-04-28 22:45:00,74144.65061304961
2026-04-28 23:00:00,74144.65061304961
2026-04-28 23:15:00,74144.65061304961
2026-04-28 23:30:00,74144.65061304961
2026-04-28 23:45:00,74144.65061304961
2026-04-29 01:00:00,74144.65061304961
2026-04-29 01:15:00,74144.65061304961
2026-04-29 01:30:00,74144.65061304961
2026-04-29 01:45:00,74144.65061304961
2026-04-29 02:00:00,74144.65061304961
2026-04-29 02:15:00,74144.65061304961
2026-04-29 02:30:00,74144.65061304961
2026-04-29 02:45:00,74144.65061304961
2026-04-29 03:00:00,74144.65061304961
2026-04-29 03:15:00,74144.65061304961
2026-04-29 03:30:00,74144.65061304961
2026-04-29 03:45:00,74144.65061304961
2026-04-29 04:00:00,74144.65061304961
2026-04-29 04:15:00,74144.65061304961
2026-04-29 04:30:00,74144.65061304961
2026-04-29 04:45:00,74144.65061304961
2026-04-29 05:00:00,74144.65061304961
2026-04-29 05:15:00,74144.65061304961
2026-04-29 05:30:00,74144.65061304961
2026-04-29 05:45:00,74144.65061304961
2026-04-29 06:00:00,74144.65061304961
2026-04-29 06:15:00,74144.65061304961
2026-04-29 06:30:00,74144.65061304961
2026-04-29 06:45:00,74144.65061304961
2026-04-29 07:00:00,74144.65061304961
2026-04-29 07:15:00,74144.65061304961
2026-04-29 07:30:00,74144.65061304961
2026-04-29 07:45:00,74144.65061304961
2026-04-29 08:00:00,74144.65061304961
2026-04-29 08:15:00,74144.65061304961
2026-04-29 08:30:00,74144.65061304961
2026-04-29 08:45:00,74144.65061304961
2026-04-29 09:00:00,74144.65061304961
2026-04-29 09:15:00,74144.65061304961
2026-04-29 09:30:00,74144.65061304961
2026-04-29 09:45:00,74144.65061304961
2026-04-29 10:00:00,74144.65061304961
2026-04-29 10:15:00,74144.65061304961
2026-04-29 10:30:00,74144.65061304961
2026-04-29 10:45:00,74144.65061304961
2026-04-29 11:00:00,74144.65061304961
2026-04-29 11:15:00,74144.65061304961
2026-04-29 11:30:00,74144.65061304961
2026-04-29 11:45:00,74144.65061304961
2026-04-29 12:00:00,74144.65061304961
2026-04-29 12:15:00,74144.65061304961
2026-04-29 12:30:00,74144.65061304961
2026-04-29 12:45:00,74144.65061304961
2026-04-29 13:00:00,74144.65061304961
2026-04-29 13:15:00,74144.65061304961
2026-04-29 13:30:00,74144.65061304961
2026-04-29 13:45:00,74144.65061304961
2026-04-29 14:00:00,74144.65061304961
2026-04-29 14:15:00,74144.65061304961
2026-04-29 14:30:00,74144.65061304961
2026-04-29 14:45:00,74144.65061304961
2026-04-29 15:00:00,74144.65061304961
2026-04-29 15:15:00,74144.65061304961
2026-04-29 15:30:00,74144.65061304961
2026-04-29 15:45:00,74144.65061304961
2026-04-29 16:00:00,74144.65061304961
2026-04-29 16:15:00,74144.65061304961
2026-04-29 16:30:00,74144.65061304961
2026-04-29 16:45:00,74144.65061304961
2026-04-29 17:00:00,74144.65061304961
2026-04-29 17:15:00,74144.65061304961
2026-04-29 17:30:00,74144.65061304961
2026-04-29 17:45:00,74144.65061304961
2026-04-29 18:00:00,74144.65061304961
2026-04-29 18:15:00,74144.65061304961
2026-04-29 18:30:00,74144.65061304961
2026-04-29 18:45:00,74144.65061304961
2026-04-29 19:00:00,74144.65061304961
2026-04-29 19:15:00,74144.65061304961
2026-04-29 19:30:00,74144.65061304961
2026-04-29 19:45:00,74144.65061304961
2026-04-29 20:00:00,74144.65061304961
2026-04-29 20:15:00,74144.65061304961
2026-04-29 20:30:00,74144.65061304961
2026-04-29 20:45:00,74144.65061304961
2026-04-29 21:00:00,74144.65061304961
2026-04-29 21:15:00,74144.65061304961
2026-04-29 21:30:00,74144.65061304961
2026-04-29 21:45:00,74144.65061304961
2026-04-29 22:00:00,74144.65061304961
2026-04-29 22:15:00,74144.65061304961
2026-04-29 22:30:00,74144.65061304961
2026-04-29 22:45:00,74144.65061304961
2026-04-29 23:00:00,74144.65061304961
2026-04-29 23:15:00,74144.65061304961
2026-04-29 23:30:00,74144.65061304961
2026-04-29 23:45:00,74144.65061304961
2026-04-30 01:00:00,74144.65061304961
2026-04-30 01:15:00,74144.65061304961
2026-04-30 01:30:00,74144.65061304961
2026-04-30 01:45:00,74144.65061304961
2026-04-30 02:00:00,74144.65061304961
2026-04-30 02:15:00,74144.65061304961
2026-04-30 02:30:00,74144.65061304961
2026-04-30 02:45:00,74144.65061304961
2026-04-30 03:00:00,74144.65061304961
2026-04-30 03:15:00,74144.65061304961
2026-04-30 03:30:00,74144.65061304961
2026-04-30 03:45:00,74144.65061304961
2026-04-30 04:00:00,74144.65061304961
2026-04-30 04:15:00,74144.65061304961
2026-04-30 04:30:00,74144.65061304961
2026-04-30 04:45:00,74144.65061304961
2026-04-30 05:00:00,74144.65061304961
2026-04-30 05:15:00,74144.65061304961
2026-04-30 05:30:00,74144.65061304961
2026-04-30 05:45:00,74144.65061304961
2026-04-30 06:00:00,74144.65061304961
2026-04-30 06:15:00,74144.65061304961
2026-04-30 06:30:00,74144.65061304961
2026-04-30 06:45:00,74144.65061304961
2026-04-30 07:00:00,74144.65061304961
2026-04-30 07:15:00,74144.65061304961
2026-04-30 07:30:00,74144.65061304961
2026-04-30 07:45:00,74144.65061304961
2026-04-30 08:00:00,74144.65061304961
2026-04-30 08:15:00,74144.65061304961
2026-04-30 08:30:00,74144.65061304961
2026-04-30 08:45:00,74144.65061304961
2026-04-30 09:00:00,74144.65061304961
2026-04-30 09:15:00,74144.65061304961
2026-04-30 09:30:00,74144.65061304961
2026-04-30 09:45:00,74144.65061304961
2026-04-30 10:00:00,74144.65061304961
2026-04-30 10:15:00,74144.65061304961
2026-04-30 10:30:00,74144.65061304961
2026-04-30 10:45:00,74144.65061304961
2026-04-30 11:00:00,74144.65061304961
2026-04-30 11:15:00,74144.65061304961
2026-04-30 11:30:00,74144.65061304961
2026-04-30 11:45:00,74144.65061304961
2026-04-30 12:00:00,74144.65061304961
2026-04-30 12:15:00,74144.65061304961
2026-04-30 12:30:00,74144.65061304961
2026-04-30 12:45:00,74144.65061304961
2026-04-30 13:00:00,74144.65061304961
2026-04-30 13:15:00,74144.65061304961
2026-04-30 13:30:00,74144.65061304961
2026-04-30 13:45:00,74144.65061304961
2026-04-30 14:00:00,74144.65061304961
2026-04-30 14:15:00,74144.65061304961
2026-04-30 14:30:00,74144.65061304961
2026-04-30 14:45:00,74144.65061304961
2026-04-30 15:00:00,74144.65061304961
2026-04-30 15:15:00,74144.65061304961
2026-04-30 15:30:00,74144.65061304961
2026-04-30 15:45:00,74144.65061304961
2026-04-30 16:00:00,74144.65061304961
2026-04-30 16:15:00,74144.65061304961
2026-04-30 16:30:00,74144.65061304961
2026-04-30 16:45:00,74144.65061304961
2026-04-30 17:00:00,74144.65061304961
2026-04-30 17:15:00,74144.65061304961
2026-04-30 17:30:00,74144.65061304961
2026-04-30 17:45:00,74144.65061304961
2026-04-30 18:00:00,74144.65061304961
2026-04-30 18:15:00,74144.65061304961
2026-04-30 18:30:00,74144.65061304961
2026-04-30 18:45:00,74144.65061304961
2026-04-30 19:00:00,74144.65061304961
2026-04-30 19:15:00,74144.65061304961
2026-04-30 19:30:00,74144.65061304961
2026-04-30 19:45:00,74144.65061304961
2026-04-30 20:00:00,74144.65061304961
2026-04-30 20:15:00,74144.65061304961
2026-04-30 20:30:00,74144.65061304961
2026-04-30 20:45:00,74144.65061304961
2026-04-30 21:00:00,74144.65061304961
2026-04-30 21:15:00,74144.65061304961
2026-04-30 21:30:00,74144.65061304961
2026-04-30 21:45:00,74144.65061304961
2026-04-30 22:00:00,74144.65061304961
2026-04-30 22:15:00,74144.65061304961
2026-04-30 22:30:00,74144.65061304961
2026-04-30 22:45:00,74144.65061304961
2026-04-30 23:00:00,74144.65061304961
2026-04-30 23:15:00,74144.65061304961
2026-04-30 23:30:00,74144.65061304961
2026-04-30 23:45:00,74144.65061304961
2026-05-01 01:00:00,74144.65061304961
2026-05-01 01:15:00,74144.65061304961
2026-05-01 01:30:00,74144.65061304961
2026-05-01 01:45:00,74144.65061304961
2026-05-01 02:00:00,74144.65061304961
2026-05-01 02:15:00,74144.65061304961
2026-05-01 02:30:00,74144.65061304961
2026-05-01 02:45:00,74144.65061304961
2026-05-01 03:00:00,74144.65061304961
2026-05-01 03:15:00,74144.65061304961
2026-05-01 03:30:00,74144.65061304961
2026-05-01 03:45:00,74144.65061304961
2026-05-01 04:00:00,74144.65061304961
2026-05-01 04:15:00,74144.65061304961
2026-05-01 04:30:00,74144.65061304961
2026-05-01 04:45:00,74144.65061304961
2026-05-01 05:00:00,74144.65061304961
2026-05-01 05:15:00,74144.65061304961
2026-05-01 05:30:00,74144.65061304961
2026-05-01 05:45:00,74144.65061304961
2026-05-01 06:00:00,74144.65061304961
2026-05-01 06:15:00,74144.65061304961
2026-05-01 06:30:00,74144.65061304961
2026-05-01 06:45:00,74144.65061304961
2026-05-01 07:00:00,74144.65061304961
2026-05-01 07:15:00,74144.65061304961
2026-05-01 07:30:00,74144.65061304961
2026-05-01 07:45:00,74144.65061304961
2026-05-01 08:00:00,74144.65061304961
2026-05-01 08:15:00,74144.65061304961
2026-05-01 08:30:00,74144.65061304961
2026-05-01 08:45:00,74144.65061304961
2026-05-01 09:00:00,74144.65061304961
2026-05-01 09:15:00,74144.65061304961
2026-05-01 09:30:00,74144.65061304961
2026-05-01 09:45:00,74144.65061304961
2026-05-01 10:00:00,74144.65061304961
2026-05-01 10:15:00,74144.65061304961
2026-05-01 10:30:00,74144.65061304961
2026-05-01 10:45:00,74144.65061304961
2026-05-01 11:00:00,74144.65061304961
2026-05-01 11:15:00,74144.65061304961
2026-05-01 11:30:00,74144.65061304961
2026-05-01 11:45:00,74144.65061304961
2026-05-01 12:00:00,74144.65061304961
2026-05-01 12:15:00,74144.65061304961
2026-05-01 12:30:00,74144.65061304961
2026-05-01 12:45:00,74144.65061304961
2026-05-01 13:00:00,74144.65061304961
2026-05-01 13:15:00,74144.65061304961
2026-05-01 13:30:00,74144.65061304961
2026-05-01 13:45:00,74144.65061304961
2026-05-01 14:00:00,74144.65061304961
2026-05-01 14:15:00,74144.65061304961
2026-05-01 14:30:00,74144.65061304961
2026-05-01 14:45:00,74144.65061304961
2026-05-01 15:00:00,74144.65061304961
2026-05-01 15:15:00,74144.65061304961
2026-05-01 15:30:00,74144.65061304961
2026-05-01 15:45:00,74144.65061304961
2026-05-01 16:00:00,74144.65061304961
2026-05-01 16:15:00,74144.65061304961
2026-05-01 16:30:00,74144.65061304961
2026-05-01 16:45:00,74144.65061304961
2026-05-01 17:00:00,74144.65061304961
2026-05-01 17:15:00,74144.65061304961
2026-05-01 17:30:00,74144.65061304961
2026-05-01 17:45:00,74144.65061304961
2026-05-01 18:00:00,74144.65061304961
2026-05-01 18:15:00,74144.65061304961
2026-05-01 18:30:00,74144.65061304961
2026-05-01 18:45:00,74144.65061304961
2026-05-01 19:00:00,74144.65061304961
2026-05-01 19:15:00,74144.65061304961
2026-05-01 19:30:00,74144.65061304961
2026-05-01 19:45:00,74144.65061304961
2026-05-01 20:00:00,74144.65061304961
2026-05-01 20:15:00,74144.65061304961
2026-05-01 20:30:00,74144.65061304961
2026-05-01 20:45:00,74144.65061304961
2026-05-01 21:00:00,74144.65061304961
2026-05-01 21:15:00,74144.65061304961
2026-05-01 21:30:00,74144.65061304961
2026-05-01 21:45:00,74144.65061304961
2026-05-01 22:00:00,74144.65061304961
2026-05-01 22:15:00,74144.65061304961
2026-05-01 22:30:00,74144.65061304961
2026-05-01 22:45:00,74144.65061304961
2026-05-01 23:00:00,74144.65061304961
2026-05-01 23:15:00,74144.65061304961
2026-05-01 23:30:00,74144.65061304961
2026-05-01 23:45:00,74144.65061304961
2026-05-04 01:00:00,74144.65061304961
2026-05-04 01:15:00,74144.65061304961
2026-05-04 01:30:00,74144.65061304961
2026-05-04 01:45:00,74144.65061304961
2026-05-04 02:00:00,74144.65061304961
2026-05-04 02:15:00,74144.65061304961
2026-05-04 02:30:00,74144.65061304961
2026-05-04 02:45:00,74144.65061304961
2026-05-04 03:00:00,74144.65061304961
2026-05-04 03:15:00,74144.65061304961
2026-05-04 03:30:00,74144.65061304961
2026-05-04 03:45:00,74144.65061304961
2026-05-04 04:00:00,74144.65061304961
2026-05-04 04:15:00,74144.65061304961
2026-05-04 04:30:00,74144.65061304961
2026-05-04 04:45:00,74144.65061304961
2026-05-04 05:00:00,74144.65061304961
2026-05-04 05:15:00,74144.65061304961
2026-05-04 05:30:00,74144.65061304961
2026-05-04 05:45:00,74144.65061304961
2026-05-04 06:00:00,74144.65061304961
2026-05-04 06:15:00,74144.65061304961
2026-05-04 06:30:00,74144.65061304961
2026-05-04 06:45:00,74144.65061304961
2026-05-04 07:00:00,74144.65061304961
2026-05-04 07:15:00,74144.65061304961
2026-05-04 07:30:00,74144.65061304961
2026-05-04 07:45:00,74144.65061304961
2026-05-04 08:00:00,74144.65061304961
2026-05-04 08:15:00,74144.65061304961
2026-05-04 08:30:00,74144.65061304961
2026-05-04 08:45:00,74144.65061304961
2026-05-04 09:00:00,74144.65061304961
2026-05-04 09:15:00,74144.65061304961
2026-05-04 09:30:00,74144.65061304961
2026-05-04 09:45:00,74144.65061304961
2026-05-04 10:00:00,74144.65061304961
2026-05-04 10:15:00,74144.65061304961
2026-05-04 10:30:00,74144.65061304961
2026-05-04 10:45:00,74144.65061304961
2026-05-04 11:00:00,74144.65061304961
2026-05-04 11:15:00,74144.65061304961
2026-05-04 11:30:00,74144.65061304961
2026-05-04 11:45:00,74144.65061304961
2026-05-04 12:00:00,74144.65061304961
2026-05-04 12:15:00,74144.65061304961
2026-05-04 12:30:00,74144.65061304961
2026-05-04 12:45:00,74144.65061304961
2026-05-04 13:00:00,74144.65061304961
2026-05-04 13:15:00,74144.65061304961
2026-05-04 13:30:00,74144.65061304961
2026-05-04 13:45:00,74144.65061304961
2026-05-04 14:00:00,74144.65061304961
2026-05-04 14:15:00,74144.65061304961
2026-05-04 14:30:00,74144.65061304961
2026-05-04 14:45:00,74144.65061304961
2026-05-04 15:00:00,74144.65061304961
2026-05-04 15:15:00,74144.65061304961
2026-05-04 15:30:00,74144.65061304961
2026-05-04 15:45:00,74144.65061304961
2026-05-04 16:00:00,74144.65061304961
2026-05-04 16:15:00,74144.65061304961
2026-05-04 16:30:00,74144.65061304961
2026-05-04 16:45:00,74144.65061304961
2026-05-04 17:00:00,74144.65061304961
2026-05-04 17:15:00,74144.65061304961
2026-05-04 17:30:00,74144.65061304961
2026-05-04 17:45:00,74144.65061304961
2026-05-04 18:00:00,74144.65061304961
2026-05-04 18:15:00,74144.65061304961
2026-05-04 18:30:00,74144.65061304961
2026-05-04 18:45:00,74144.65061304961
2026-05-04 19:00:00,74144.65061304961
2026-05-04 19:15:00,74144.65061304961
2026-05-04 19:30:00,74144.65061304961
2026-05-04 19:45:00,74144.65061304961
2026-05-04 20:00:00,74144.65061304961
2026-05-04 20:15:00,74144.65061304961
2026-05-04 20:30:00,74144.65061304961
2026-05-04 20:45:00,74144.65061304961
2026-05-04 21:00:00,74144.65061304961
2026-05-04 21:15:00,74144.65061304961
2026-05-04 21:30:00,74144.65061304961
2026-05-04 21:45:00,74144.65061304961
2026-05-04 22:00:00,74144.65061304961
2026-05-04 22:15:00,74144.65061304961
2026-05-04 22:30:00,74144.65061304961
2026-05-04 22:45:00,74144.65061304961
2026-05-04 23:00:00,74144.65061304961
2026-05-04 23:15:00,74144.65061304961
2026-05-04 23:30:00,74144.65061304961
2026-05-04 23:45:00,74144.65061304961
2026-05-05 01:00:00,74144.65061304961
2026-05-05 01:15:00,74144.65061304961
2026-05-05 01:30:00,74144.65061304961
2026-05-05 01:45:00,74144.65061304961
2026-05-05 02:00:00,74144.65061304961
2026-05-05 02:15:00,74144.65061304961
2026-05-05 02:30:00,74144.65061304961
2026-05-05 02:45:00,74144.65061304961
2026-05-05 03:00:00,74144.65061304961
2026-05-05 03:15:00,74144.65061304961
2026-05-05 03:30:00,74144.65061304961
2026-05-05 03:45:00,74144.65061304961
2026-05-05 04:00:00,74144.65061304961
2026-05-05 04:15:00,74144.65061304961
2026-05-05 04:30:00,74144.65061304961
2026-05-05 04:45:00,74144.65061304961
2026-05-05 05:00:00,74144.65061304961
2026-05-05 05:15:00,74144.65061304961
2026-05-05 05:30:00,74144.65061304961
2026-05-05 05:45:00,74144.65061304961
2026-05-05 06:00:00,74144.65061304961
2026-05-05 06:15:00,74144.65061304961
2026-05-05 06:30:00,74144.65061304961
2026-05-05 06:45:00,74144.65061304961
2026-05-05 07:00:00,74144.65061304961
2026-05-05 07:15:00,74144.65061304961
2026-05-05 07:30:00,74144.65061304961
2026-05-05 07:45:00,74144.65061304961
2026-05-05 08:00:00,74144.65061304961
2026-05-05 08:15:00,74144.65061304961
2026-05-05 08:30:00,74144.65061304961
2026-05-05 08:45:00,74144.65061304961
2026-05-05 09:00:00,74144.65061304961
2026-05-05 09:15:00,74144.65061304961
2026-05-05 09:30:00,74144.65061304961
2026-05-05 09:45:00,74144.65061304961
2026-05-05 10:00:00,74144.65061304961
2026-05-05 10:15:00,74144.65061304961
2026-05-05 10:30:00,74144.65061304961
2026-05-05 10:45:00,74144.65061304961
2026-05-05 11:00:00,74144.65061304961
2026-05-05 11:15:00,74144.65061304961
2026-05-05 11:30:00,74144.65061304961
2026-05-05 11:45:00,74144.65061304961
2026-05-05 12:00:00,74144.65061304961
2026-05-05 12:15:00,74144.65061304961
2026-05-05 12:30:00,74144.65061304961
2026-05-05 12:45:00,74144.65061304961
2026-05-05 13:00:00,74144.65061304961
2026-05-05 13:15:00,74144.65061304961
2026-05-05 13:30:00,74144.65061304961
2026-05-05 13:45:00,74144.65061304961
2026-05-05 14:00:00,74144.65061304961
2026-05-05 14:15:00,74144.65061304961
2026-05-05 14:30:00,74144.65061304961
2026-05-05 14:45:00,74144.65061304961
2026-05-05 15:00:00,74144.65061304961
2026-05-05 15:15:00,74144.65061304961
2026-05-05 15:30:00,74144.65061304961
2026-05-05 15:45:00,74144.65061304961
2026-05-05 16:00:00,74144.65061304961
2026-05-05 16:15:00,74144.65061304961
2026-05-05 16:30:00,74144.65061304961
2026-05-05 16:45:00,74144.65061304961
2026-05-05 17:00:00,74144.65061304961
2026-05-05 17:15:00,74144.65061304961
2026-05-05 17:30:00,74144.65061304961
2026-05-05 17:45:00,74144.65061304961
2026-05-05 18:00:00,74144.65061304961
2026-05-05 18:15:00,74144.65061304961
2026-05-05 18:30:00,74144.65061304961
2026-05-05 18:45:00,74144.65061304961
2026-05-05 19:00:00,74144.65061304961
2026-05-05 19:15:00,74144.65061304961
2026-05-05 19:30:00,74144.65061304961
2026-05-05 19:45:00,74144.65061304961
2026-05-05 20:00:00,74144.65061304961
2026-05-05 20:15:00,74144.65061304961
2026-05-05 20:30:00,74144.65061304961
2026-05-05 20:45:00,74144.65061304961
2026-05-05 21:00:00,74144.65061304961
2026-05-05 21:15:00,74144.65061304961
2026-05-05 21:30:00,74144.65061304961
2026-05-05 21:45:00,74144.65061304961
2026-05-05 22:00:00,74144.65061304961
2026-05-05 22:15:00,74144.65061304961
2026-05-05 22:30:00,74144.65061304961
2026-05-05 22:45:00,74144.65061304961
2026-05-05 23:00:00,74144.65061304961
2026-05-05 23:15:00,74144.65061304961
2026-05-05 23:30:00,74144.65061304961
2026-05-05 23:45:00,74144.65061304961
2026-05-06 01:00:00,74144.65061304961
2026-05-06 01:15:00,74144.65061304961
2026-05-06 01:30:00,74144.65061304961
2026-05-06 01:45:00,74144.65061304961
2026-05-06 02:00:00,74144.65061304961
2026-05-06 02:15:00,74144.65061304961
2026-05-06 02:30:00,74144.65061304961
2026-05-06 02:45:00,74144.65061304961
2026-05-06 03:00:00,74144.65061304961
2026-05-06 03:15:00,74144.65061304961
2026-05-06 03:30:00,74144.65061304961
2026-05-06 03:45:00,74144.65061304961
2026-05-06 04:00:00,74144.65061304961
2026-05-06 04:15:00,74144.65061304961
2026-05-06 04:30:00,74144.65061304961
2026-05-06 04:45:00,74144.65061304961
2026-05-06 05:00:00,74144.65061304961
2026-05-06 05:15:00,74144.65061304961
2026-05-06 05:30:00,74144.65061304961
2026-05-06 05:45:00,74144.65061304961
2026-05-06 06:00:00,74144.65061304961
2026-05-06 06:15:00,74144.65061304961
2026-05-06 06:30:00,74144.65061304961
2026-05-06 06:45:00,74144.65061304961
2026-05-06 07:00:00,74144.65061304961
2026-05-06 07:15:00,74144.65061304961
2026-05-06 07:30:00,74144.65061304961
2026-05-06 07:45:00,74144.65061304961
2026-05-06 08:00:00,74144.65061304961
2026-05-06 08:15:00,74144.65061304961
2026-05-06 08:30:00,74144.65061304961
2026-05-06 08:45:00,74144.65061304961
2026-05-06 09:00:00,74144.65061304961
2026-05-06 09:15:00,74144.65061304961
2026-05-06 09:30:00,74144.65061304961
2026-05-06 09:45:00,74144.65061304961
2026-05-06 10:00:00,74144.65061304961
2026-05-06 10:15:00,74144.65061304961
2026-05-06 10:30:00,74144.65061304961
2026-05-06 10:45:00,74144.65061304961
2026-05-06 11:00:00,74144.65061304961
2026-05-06 11:15:00,74144.65061304961
2026-05-06 11:30:00,74144.65061304961
2026-05-06 11:45:00,74144.65061304961
2026-05-06 12:00:00,74144.65061304961
2026-05-06 12:15:00,74144.65061304961
2026-05-06 12:30:00,74144.65061304961
2026-05-06 12:45:00,74144.65061304961
2026-05-06 13:00:00,74144.65061304961
2026-05-06 13:15:00,74144.65061304961
2026-05-06 13:30:00,74144.65061304961
2026-05-06 13:45:00,74144.65061304961
2026-05-06 14:00:00,74144.65061304961
2026-05-06 14:15:00,74144.65061304961
2026-05-06 14:30:00,74144.65061304961
2026-05-06 14:45:00,74144.65061304961
2026-05-06 15:00:00,74144.65061304961
2026-05-06 15:15:00,74144.65061304961
2026-05-06 15:30:00,74144.65061304961
2026-05-06 15:45:00,74144.65061304961
2026-05-06 16:00:00,74144.65061304961
2026-05-06 16:15:00,74144.65061304961
2026-05-06 16:30:00,74144.65061304961
2026-05-06 16:45:00,74144.65061304961
2026-05-06 17:00:00,74144.65061304961
2026-05-06 17:15:00,74144.65061304961
2026-05-06 17:30:00,74144.65061304961
2026-05-06 17:45:00,74144.65061304961
2026-05-06 18:00:00,74144.65061304961
2026-05-06 18:15:00,74144.65061304961
2026-05-06 18:30:00,74144.65061304961
2026-05-06 18:45:00,74144.65061304961
2026-05-06 19:00:00,74144.65061304961
2026-05-06 19:15:00,74144.65061304961
2026-05-06 19:30:00,74144.65061304961
2026-05-06 19:45:00,74144.65061304961
2026-05-06 20:00:00,74144.65061304961
2026-05-06 20:15:00,74144.65061304961
2026-05-06 20:30:00,74144.65061304961
2026-05-06 20:45:00,74144.65061304961
2026-05-06 21:00:00,74144.65061304961
2026-05-06 21:15:00,74144.65061304961
2026-05-06 21:30:00,74144.65061304961
2026-05-06 21:45:00,74144.65061304961
2026-05-06 22:00:00,74144.65061304961
2026-05-06 22:15:00,74144.65061304961
2026-05-06 22:30:00,74144.65061304961
2026-05-06 22:45:00,74144.65061304961
2026-05-06 23:00:00,74144.65061304961
2026-05-06 23:15:00,74144.65061304961
2026-05-06 23:30:00,74144.65061304961
2026-05-06 23:45:00,74144.65061304961
2026-05-07 01:00:00,74144.65061304961
2026-05-07 01:15:00,74144.65061304961
2026-05-07 01:30:00,74144.65061304961
2026-05-07 01:45:00,74144.65061304961
2026-05-07 02:00:00,74144.65061304961
2026-05-07 02:15:00,74144.65061304961
2026-05-07 02:30:00,74144.65061304961
2026-05-07 02:45:00,74144.65061304961
2026-05-07 03:00:00,74144.65061304961
2026-05-07 03:15:00,74144.65061304961
2026-05-07 03:30:00,74144.65061304961
2026-05-07 03:45:00,74144.65061304961
2026-05-07 04:00:00,74144.65061304961
2026-05-07 04:15:00,74144.65061304961
2026-05-07 04:30:00,74144.65061304961
2026-05-07 04:45:00,74144.65061304961
2026-05-07 05:00:00,74144.65061304961
2026-05-07 05:15:00,74144.65061304961
2026-05-07 05:30:00,74144.65061304961
2026-05-07 05:45:00,74144.65061304961
2026-05-07 06:00:00,74144.65061304961
2026-05-07 06:15:00,74144.65061304961
2026-05-07 06:30:00,74144.65061304961
2026-05-07 06:45:00,74144.65061304961
2026-05-07 07:00:00,74144.65061304961
2026-05-07 07:15:00,74144.65061304961
2026-05-07 07:30:00,74144.65061304961
2026-05-07 07:45:00,74144.65061304961
2026-05-07 08:00:00,74144.65061304961
2026-05-07 08:15:00,74144.65061304961
2026-05-07 08:30:00,74144.65061304961
2026-05-07 08:45:00,74144.65061304961
2026-05-07 09:00:00,74144.65061304961
2026-05-07 09:15:00,74144.65061304961
2026-05-07 09:30:00,74144.65061304961
2026-05-07 09:45:00,74144.65061304961
2026-05-07 10:00:00,74144.65061304961
2026-05-07 10:15:00,74144.65061304961
2026-05-07 10:30:00,74144.65061304961
2026-05-07 10:45:00,74144.65061304961
2026-05-07 11:00:00,74144.65061304961
2026-05-07 11:15:00,74144.65061304961
2026-05-07 11:30:00,74144.65061304961
2026-05-07 11:45:00,74144.65061304961
2026-05-07 12:00:00,74144.65061304961
2026-05-07 12:15:00,74144.65061304961
2026-05-07 12:30:00,74144.65061304961
2026-05-07 12:45:00,74144.65061304961
2026-05-07 13:00:00,74144.65061304961
2026-05-07 13:15:00,74144.65061304961
2026-05-07 13:30:00,74144.65061304961
2026-05-07 13:45:00,74144.65061304961
2026-05-07 14:00:00,74144.65061304961
2026-05-07 14:15:00,74144.65061304961
2026-05-07 14:30:00,74144.65061304961
2026-05-07 14:45:00,74144.65061304961
2026-05-07 15:00:00,74144.65061304961
2026-05-07 15:15:00,74144.65061304961
2026-05-07 15:30:00,74144.65061304961
2026-05-07 15:45:00,74144.65061304961
2026-05-07 16:00:00,74144.65061304961
2026-05-07 16:15:00,74144.65061304961
2026-05-07 16:30:00,74144.65061304961
2026-05-07 16:45:00,74144.65061304961
2026-05-07 17:00:00,74144.65061304961
2026-05-07 17:15:00,74144.65061304961
2026-05-07 17:30:00,74144.65061304961
2026-05-07 17:45:00,74144.65061304961
2026-05-07 18:00:00,74144.65061304961
2026-05-07 18:15:00,74144.65061304961
2026-05-07 18:30:00,74144.65061304961
2026-05-07 18:45:00,74144.65061304961
2026-05-07 19:00:00,74144.65061304961
2026-05-07 19:15:00,74144.65061304961
2026-05-07 19:30:00,74144.65061304961
2026-05-07 19:45:00,74144.65061304961
2026-05-07 20:00:00,74144.65061304961
2026-05-07 20:15:00,74144.65061304961
2026-05-07 20:30:00,74144.65061304961
2026-05-07 20:45:00,74144.65061304961
2026-05-07 21:00:00,74144.65061304961
2026-05-07 21:15:00,74144.65061304961
2026-05-07 21:30:00,74144.65061304961
2026-05-07 21:45:00,74144.65061304961
2026-05-07 22:00:00,74144.65061304961
2026-05-07 22:15:00,74144.65061304961
2026-05-07 22:30:00,74144.65061304961
2026-05-07 22:45:00,74144.65061304961
2026-05-07 23:00:00,74144.65061304961
2026-05-07 23:15:00,74144.65061304961
2026-05-07 23:30:00,74144.65061304961
2026-05-07 23:45:00,74144.65061304961
2026-05-08 01:00:00,74144.65061304961
2026-05-08 01:15:00,74144.65061304961
2026-05-08 01:30:00,74144.65061304961
2026-05-08 01:45:00,74144.65061304961
2026-05-08 02:00:00,74144.65061304961
2026-05-08 02:15:00,74144.65061304961
2026-05-08 02:30:00,74144.65061304961
2026-05-08 02:45:00,74144.65061304961
2026-05-08 03:00:00,74144.65061304961
2026-05-08 03:15:00,74144.65061304961
2026-05-08 03:30:00,74144.65061304961
2026-05-08 03:45:00,74144.65061304961
2026-05-08 04:00:00,74144.65061304961
2026-05-08 04:15:00,74144.65061304961
2026-05-08 04:30:00,74144.65061304961
2026-05-08 04:45:00,74144.65061304961
2026-05-08 05:00:00,74144.65061304961
2026-05-08 05:15:00,74144.65061304961
2026-05-08 05:30:00,74144.65061304961
2026-05-08 05:45:00,74144.65061304961
2026-05-08 06:00:00,74144.65061304961
2026-05-08 06:15:00,74144.65061304961
2026-05-08 06:30:00,74144.65061304961
2026-05-08 06:45:00,74144.65061304961
2026-05-08 07:00:00,74144.65061304961
2026-05-08 07:15:00,74144.65061304961
2026-05-08 07:30:00,74144.65061304961
2026-05-08 07:45:00,74144.65061304961
2026-05-08 08:00:00,74144.65061304961
2026-05-08 08:15:00,74144.65061304961
2026-05-08 08:30:00,74144.65061304961
2026-05-08 08:45:00,74144.65061304961
2026-05-08 09:00:00,74144.65061304961
2026-05-08 09:15:00,74144.65061304961
2026-05-08 09:30:00,74144.65061304961
2026-05-08 09:45:00,74144.65061304961
2026-05-08 10:00:00,74144.65061304961
2026-05-08 10:15:00,74144.65061304961
2026-05-08 10:30:00,74144.65061304961
2026-05-08 10:45:00,74144.65061304961
2026-05-08 11:00:00,74144.65061304961
2026-05-08 11:15:00,74144.65061304961
2026-05-08 11:30:00,74144.65061304961
2026-05-08 11:45:00,74144.65061304961
2026-05-08 12:00:00,74144.65061304961
2026-05-08 12:15:00,74144.65061304961
2026-05-08 12:30:00,74144.65061304961
2026-05-08 12:45:00,74144.65061304961
2026-05-08 13:00:00,74144.65061304961
2026-05-08 13:15:00,74144.65061304961
2026-05-08 13:30:00,74144.65061304961
2026-05-08 13:45:00,74144.65061304961
2026-05-08 14:00:00,74144.65061304961
2026-05-08 14:15:00,74144.65061304961
2026-05-08 14:30:00,74144.65061304961
2026-05-08 14:45:00,74144.65061304961
2026-05-08 15:00:00,74144.65061304961
2026-05-08 15:15:00,74144.65061304961
2026-05-08 15:30:00,74144.65061304961
2026-05-08 15:45:00,74144.65061304961
2026-05-08 16:00:00,74144.65061304961
2026-05-08 16:15:00,74144.65061304961
2026-05-08 16:30:00,74144.65061304961
2026-05-08 16:45:00,74144.65061304961
2026-05-08 17:00:00,74144.65061304961
2026-05-08 17:15:00,74144.65061304961
2026-05-08 17:30:00,74144.65061304961
2026-05-08 17:45:00,74144.65061304961
2026-05-08 18:00:00,74144.65061304961
2026-05-08 18:15:00,74144.65061304961
2026-05-08 18:30:00,74144.65061304961
2026-05-08 18:45:00,74144.65061304961
2026-05-08 19:00:00,74144.65061304961
2026-05-08 19:15:00,74144.65061304961
2026-05-08 19:30:00,74144.65061304961
2026-05-08 19:45:00,74144.65061304961
2026-05-08 20:00:00,74144.65061304961
2026-05-08 20:15:00,74144.65061304961
2026-05-08 20:30:00,74144.65061304961
2026-05-08 20:45:00,74144.65061304961
2026-05-08 21:00:00,74144.65061304961
2026-05-08 21:15:00,74144.65061304961
2026-05-08 21:30:00,74144.65061304961
2026-05-08 21:45:00,74144.65061304961
2026-05-08 22:00:00,74144.65061304961
2026-05-08 22:15:00,74144.65061304961
2026-05-08 22:30:00,74144.65061304961
2026-05-08 22:45:00,74144.65061304961
2026-05-08 23:00:00,74144.65061304961
2026-05-08 23:15:00,74144.65061304961
2026-05-08 23:30:00,74144.65061304961
2026-05-08 23:45:00,74144.65061304961
2026-05-11 01:00:00,74144.65061304961
2026-05-11 01:15:00,74144.65061304961
2026-05-11 01:30:00,74144.65061304961
2026-05-11 01:45:00,74144.65061304961
2026-05-11 02:00:00,74144.65061304961
2026-05-11 02:15:00,74144.65061304961
2026-05-11 02:30:00,74144.65061304961
2026-05-11 02:45:00,74144.65061304961
2026-05-11 03:00:00,74144.65061304961
2026-05-11 03:15:00,74144.65061304961
2026-05-11 03:30:00,74144.65061304961
2026-05-11 03:45:00,74144.65061304961
2026-05-11 04:00:00,74144.65061304961
2026-05-11 04:15:00,74144.65061304961
2026-05-11 04:30:00,74144.65061304961
2026-05-11 04:45:00,74144.65061304961
2026-05-11 05:00:00,74144.65061304961
2026-05-11 05:15:00,74144.65061304961
2026-05-11 05:30:00,74144.65061304961
2026-05-11 05:45:00,74144.65061304961
2026-05-11 06:00:00,74144.65061304961
2026-05-11 06:15:00,74144.65061304961
2026-05-11 06:30:00,74144.65061304961
2026-05-11 06:45:00,74144.65061304961
2026-05-11 07:00:00,74144.65061304961
2026-05-11 07:15:00,74144.65061304961
2026-05-11 07:30:00,74144.65061304961
2026-05-11 07:45:00,74144.65061304961
2026-05-11 08:00:00,74144.65061304961
2026-05-11 08:15:00,74144.65061304961
2026-05-11 08:30:00,74144.65061304961
2026-05-11 08:45:00,74144.65061304961
2026-05-11 09:00:00,74144.65061304961
2026-05-11 09:15:00,74144.65061304961
2026-05-11 09:30:00,74144.65061304961
2026-05-11 09:45:00,74144.65061304961
2026-05-11 10:00:00,74144.65061304961
2026-05-11 10:15:00,74144.65061304961
2026-05-11 10:30:00,74144.65061304961
2026-05-11 10:45:00,74144.65061304961
2026-05-11 11:00:00,74144.65061304961
2026-05-11 11:15:00,74144.65061304961
2026-05-11 11:30:00,74144.65061304961
2026-05-11 11:45:00,74144.65061304961
2026-05-11 12:00:00,74144.65061304961
2026-05-11 12:15:00,74144.65061304961
2026-05-11 12:30:00,74144.65061304961
2026-05-11 12:45:00,74144.65061304961
2026-05-11 13:00:00,74144.65061304961
2026-05-11 13:15:00,74144.65061304961
2026-05-11 13:30:00,74144.65061304961
2026-05-11 13:45:00,74144.65061304961
2026-05-11 14:00:00,74144.65061304961
2026-05-11 14:15:00,74144.65061304961
2026-05-11 14:30:00,74144.65061304961
2026-05-11 14:45:00,74144.65061304961
2026-05-11 15:00:00,74144.65061304961
2026-05-11 15:15:00,74144.65061304961
2026-05-11 15:30:00,74144.65061304961
2026-05-11 15:45:00,74144.65061304961
2026-05-11 16:00:00,74144.65061304961
2026-05-11 16:15:00,74144.65061304961
2026-05-11 16:30:00,74144.65061304961
2026-05-11 16:45:00,74144.65061304961
2026-05-11 17:00:00,74144.65061304961
2026-05-11 17:15:00,74144.65061304961
2026-05-11 17:30:00,74144.65061304961
2026-05-11 17:45:00,74144.65061304961
2026-05-11 18:00:00,74144.65061304961
2026-05-11 18:15:00,74144.65061304961
2026-05-11 18:30:00,74144.65061304961
2026-05-11 18:45:00,74144.65061304961
2026-05-11 19:00:00,74144.65061304961
2026-05-11 19:15:00,74144.65061304961
2026-05-11 19:30:00,74144.65061304961
2026-05-11 19:45:00,74144.65061304961
2026-05-11 20:00:00,74144.65061304961
2026-05-11 20:15:00,74144.65061304961
2026-05-11 20:30:00,74144.65061304961
2026-05-11 20:45:00,74144.65061304961
2026-05-11 21:00:00,74144.65061304961
2026-05-11 21:15:00,74144.65061304961
2026-05-11 21:30:00,74144.65061304961
2026-05-11 21:45:00,74144.65061304961
2026-05-11 22:00:00,74144.65061304961
2026-05-11 22:15:00,74144.65061304961
2026-05-11 22:30:00,74144.65061304961
2026-05-11 22:45:00,74144.65061304961
2026-05-11 23:00:00,74144.65061304961
2026-05-11 23:15:00,74144.65061304961
2026-05-11 23:30:00,74144.65061304961
2026-05-11 23:45:00,74144.65061304961
2026-05-12 01:00:00,74144.65061304961
2026-05-12 01:15:00,74144.65061304961
2026-05-12 01:30:00,74144.65061304961
2026-05-12 01:45:00,74144.65061304961
2026-05-12 02:00:00,74144.65061304961
2026-05-12 02:15:00,74144.65061304961
2026-05-12 02:30:00,74144.65061304961
2026-05-12 02:45:00,74144.65061304961
2026-05-12 03:00:00,74144.65061304961
2026-05-12 03:15:00,74144.65061304961
2026-05-12 03:30:00,74144.65061304961
2026-05-12 03:45:00,74144.65061304961
2026-05-12 04:00:00,74144.65061304961
2026-05-12 04:15:00,74144.65061304961
2026-05-12 04:30:00,74144.65061304961
2026-05-12 04:45:00,74144.65061304961
2026-05-12 05:00:00,74144.65061304961
2026-05-12 05:15:00,74144.65061304961
2026-05-12 05:30:00,74144.65061304961
2026-05-12 05:45:00,74144.65061304961
2026-05-12 06:00:00,74144.65061304961
2026-05-12 06:15:00,74144.65061304961
2026-05-12 06:30:00,74144.65061304961
2026-05-12 06:45:00,74144.65061304961
2026-05-12 07:00:00,74144.65061304961
2026-05-12 07:15:00,74144.65061304961
2026-05-12 07:30:00,74144.65061304961
2026-05-12 07:45:00,74144.65061304961
2026-05-12 08:00:00,74144.65061304961
2026-05-12 08:15:00,74144.65061304961
2026-05-12 08:30:00,74144.65061304961
2026-05-12 08:45:00,74144.65061304961
2026-05-12 09:00:00,74144.65061304961
2026-05-12 09:15:00,74144.65061304961
2026-05-12 09:30:00,74144.65061304961
2026-05-12 09:45:00,74144.65061304961
2026-05-12 10:00:00,74144.65061304961
2026-05-12 10:15:00,74144.65061304961
2026-05-12 10:30:00,74144.65061304961
2026-05-12 10:45:00,74144.65061304961
2026-05-12 11:00:00,74144.65061304961
2026-05-12 11:15:00,74144.65061304961
2026-05-12 11:30:00,74144.65061304961
2026-05-12 11:45:00,74144.65061304961
2026-05-12 12:00:00,74144.65061304961
2026-05-12 12:15:00,74144.65061304961
2026-05-12 12:30:00,74144.65061304961
2026-05-12 12:45:00,74144.65061304961
2026-05-12 13:00:00,74144.65061304961
2026-05-12 13:15:00,74144.65061304961
2026-05-12 13:30:00,74144.65061304961
2026-05-12 13:45:00,74144.65061304961
2026-05-12 14:00:00,74144.65061304961
2026-05-12 14:15:00,74144.65061304961
2026-05-12 14:30:00,74144.65061304961
2026-05-12 14:45:00,74144.65061304961
2026-05-12 15:00:00,74144.65061304961
2026-05-12 15:15:00,74144.65061304961
2026-05-12 15:30:00,74144.65061304961
2026-05-12 15:45:00,74144.65061304961
2026-05-12 16:00:00,74144.65061304961
2026-05-12 16:15:00,74144.65061304961
2026-05-12 16:30:00,74144.65061304961
2026-05-12 16:45:00,74144.65061304961
2026-05-12 17:00:00,74144.65061304961
2026-05-12 17:15:00,74144.65061304961
2026-05-12 17:30:00,74144.65061304961
2026-05-12 17:45:00,74144.65061304961
2026-05-12 18:00:00,74144.65061304961
2026-05-12 18:15:00,74144.65061304961
2026-05-12 18:30:00,74144.65061304961
2026-05-12 18:45:00,74144.65061304961
2026-05-12 19:00:00,74144.65061304961
2026-05-12 19:15:00,74144.65061304961
2026-05-12 19:30:00,74144.65061304961
2026-05-12 19:45:00,74144.65061304961
2026-05-12 20:00:00,74144.65061304961
2026-05-12 20:15:00,74144.65061304961
2026-05-12 20:30:00,74144.65061304961
2026-05-12 20:45:00,74144.65061304961
2026-05-12 21:00:00,74144.65061304961
2026-05-12 21:15:00,74144.65061304961
2026-05-12 21:30:00,74144.65061304961
2026-05-12 21:45:00,74144.65061304961
2026-05-12 22:00:00,74144.65061304961
2026-05-12 22:15:00,74144.65061304961
2026-05-12 22:30:00,74144.65061304961
2026-05-12 22:45:00,74144.65061304961
2026-05-12 23:00:00,74144.65061304961
2026-05-12 23:15:00,74144.65061304961
2026-05-12 23:30:00,74144.65061304961
2026-05-12 23:45:00,74144.65061304961
2026-05-13 01:00:00,74144.65061304961
2026-05-13 01:15:00,74144.65061304961
2026-05-13 01:30:00,74144.65061304961
2026-05-13 01:45:00,74144.65061304961
2026-05-13 02:00:00,74144.65061304961
2026-05-13 02:15:00,74144.65061304961
2026-05-13 02:30:00,74144.65061304961
2026-05-13 02:45:00,74144.65061304961
2026-05-13 03:00:00,74144.65061304961
2026-05-13 03:15:00,74144.65061304961
2026-05-13 03:30:00,74144.65061304961
2026-05-13 03:45:00,74144.65061304961
2026-05-13 04:00:00,74144.65061304961
2026-05-13 04:15:00,74144.65061304961
2026-05-13 04:30:00,74144.65061304961
2026-05-13 04:45:00,74144.65061304961
2026-05-13 05:00:00,74144.65061304961
2026-05-13 05:15:00,74144.65061304961
2026-05-13 05:30:00,74144.65061304961
2026-05-13 05:45:00,74144.65061304961
2026-05-13 06:00:00,74144.65061304961
2026-05-13 06:15:00,74144.65061304961
2026-05-13 06:30:00,74144.65061304961
2026-05-13 06:45:00,74144.65061304961
2026-05-13 07:00:00,74144.65061304961
2026-05-13 07:15:00,74144.65061304961
2026-05-13 07:30:00,74144.65061304961
2026-05-13 07:45:00,74144.65061304961
2026-05-13 08:00:00,74144.65061304961
2026-05-13 08:15:00,74144.65061304961
2026-05-13 08:30:00,74144.65061304961
2026-05-13 08:45:00,74144.65061304961
2026-05-13 09:00:00,74144.65061304961
2026-05-13 09:15:00,74144.65061304961
2026-05-13 09:30:00,74144.65061304961
2026-05-13 09:45:00,74144.65061304961
2026-05-13 10:00:00,74144.65061304961
2026-05-13 10:15:00,74144.65061304961
2026-05-13 10:30:00,74144.65061304961
2026-05-13 10:45:00,74144.65061304961
2026-05-13 11:00:00,74144.65061304961
2026-05-13 11:15:00,74144.65061304961
2026-05-13 11:30:00,74144.65061304961
2026-05-13 11:45:00,74144.65061304961
2026-05-13 12:00:00,74144.65061304961
2026-05-13 12:15:00,74144.65061304961
2026-05-13 12:30:00,74144.65061304961
2026-05-13 12:45:00,74144.65061304961
2026-05-13 13:00:00,74144.65061304961
2026-05-13 13:15:00,74144.65061304961
2026-05-13 13:30:00,74144.65061304961
2026-05-13 13:45:00,74144.65061304961
2026-05-13 14:00:00,74144.65061304961
2026-05-13 14:15:00,74144.65061304961
2026-05-13 14:30:00,74144.65061304961
2026-05-13 14:45:00,74144.65061304961
2026-05-13 15:00:00,74144.65061304961
2026-05-13 15:15:00,74144.65061304961
2026-05-13 15:30:00,74144.65061304961
2026-05-13 15:45:00,74144.65061304961
2026-05-13 16:00:00,74144.65061304961
2026-05-13 16:15:00,74144.65061304961
2026-05-13 16:30:00,74144.65061304961
2026-05-13 16:45:00,74144.65061304961
2026-05-13 17:00:00,74144.65061304961
2026-05-13 17:15:00,74144.65061304961
2026-05-13 17:30:00,74144.65061304961
2026-05-13 17:45:00,74144.65061304961
2026-05-13 18:00:00,74144.65061304961
2026-05-13 18:15:00,74144.65061304961
2026-05-13 18:30:00,74144.65061304961
2026-05-13 18:45:00,74144.65061304961
2026-05-13 19:00:00,74144.65061304961
2026-05-13 19:15:00,74144.65061304961
2026-05-13 19:30:00,74144.65061304961
2026-05-13 19:45:00,74144.65061304961
2026-05-13 20:00:00,74144.65061304961
2026-05-13 20:15:00,74144.65061304961
2026-05-13 20:30:00,74144.65061304961
2026-05-13 20:45:00,74144.65061304961
2026-05-13 21:00:00,74144.65061304961
2026-05-13 21:15:00,74144.65061304961
2026-05-13 21:30:00,74144.65061304961
2026-05-13 21:45:00,74144.65061304961
2026-05-13 22:00:00,74144.65061304961
2026-05-13 22:15:00,74144.65061304961
2026-05-13 22:30:00,74144.65061304961
2026-05-13 22:45:00,74144.65061304961
2026-05-13 23:00:00,74144.65061304961
2026-05-13 23:15:00,74144.65061304961
2026-05-13 23:30:00,74144.65061304961
2026-05-13 23:45:00,74144.65061304961
2026-05-14 01:00:00,74144.65061304961
2026-05-14 01:15:00,74144.65061304961
2026-05-14 01:30:00,74144.65061304961
2026-05-14 01:45:00,74144.65061304961
2026-05-14 02:00:00,74144.65061304961
2026-05-14 02:15:00,74144.65061304961
2026-05-14 02:30:00,74144.65061304961
2026-05-14 02:45:00,74144.65061304961
2026-05-14 03:00:00,74144.65061304961
2026-05-14 03:15:00,74144.65061304961
2026-05-14 03:30:00,74144.65061304961
2026-05-14 03:45:00,74144.65061304961
2026-05-14 04:00:00,74144.65061304961
2026-05-14 04:15:00,74144.65061304961
2026-05-14 04:30:00,74144.65061304961
2026-05-14 04:45:00,74144.65061304961
2026-05-14 05:00:00,74144.65061304961
2026-05-14 05:15:00,74144.65061304961
2026-05-14 05:30:00,74144.65061304961
2026-05-14 05:45:00,74144.65061304961
2026-05-14 06:00:00,74144.65061304961
2026-05-14 06:15:00,74144.65061304961
2026-05-14 06:30:00,74144.65061304961
2026-05-14 06:45:00,74144.65061304961
2026-05-14 07:00:00,74144.65061304961
2026-05-14 07:15:00,74144.65061304961
2026-05-14 07:30:00,74144.65061304961
2026-05-14 07:45:00,74144.65061304961
2026-05-14 08:00:00,74144.65061304961
2026-05-14 08:15:00,74144.65061304961
2026-05-14 08:30:00,74144.65061304961
2026-05-14 08:45:00,74144.65061304961
2026-05-14 09:00:00,74144.65061304961
2026-05-14 09:15:00,74144.65061304961
2026-05-14 09:30:00,74144.65061304961
2026-05-14 09:45:00,74144.65061304961
2026-05-14 10:00:00,74144.65061304961
2026-05-14 10:15:00,74144.65061304961
2026-05-14 10:30:00,74144.65061304961
2026-05-14 10:45:00,74144.65061304961
2026-05-14 11:00:00,74144.65061304961
2026-05-14 11:15:00,74144.65061304961
2026-05-14 11:30:00,74144.65061304961
2026-05-14 11:45:00,74144.65061304961
2026-05-14 12:00:00,74144.65061304961
2026-05-14 12:15:00,74144.65061304961
2026-05-14 12:30:00,74144.65061304961
2026-05-14 12:45:00,74144.65061304961
2026-05-14 13:00:00,74144.65061304961
2026-05-14 13:15:00,74144.65061304961
2026-05-14 13:30:00,74144.65061304961
2026-05-14 13:45:00,74144.65061304961
2026-05-14 14:00:00,74144.65061304961
2026-05-14 14:15:00,74144.65061304961
2026-05-14 14:30:00,74144.65061304961
2026-05-14 14:45:00,74144.65061304961
2026-05-14 15:00:00,74144.65061304961
2026-05-14 15:15:00,74144.65061304961
2026-05-14 15:30:00,74144.65061304961
2026-05-14 15:45:00,74144.65061304961
2026-05-14 16:00:00,74144.65061304961
2026-05-14 16:15:00,74144.65061304961
2026-05-14 16:30:00,74144.65061304961
2026-05-14 16:45:00,74144.65061304961
2026-05-14 17:00:00,74144.65061304961
2026-05-14 17:15:00,74144.65061304961
2026-05-14 17:30:00,74144.65061304961
2026-05-14 17:45:00,74144.65061304961
2026-05-14 18:00:00,74144.65061304961
2026-05-14 18:15:00,74144.65061304961
2026-05-14 18:30:00,74144.65061304961
2026-05-14 18:45:00,74144.65061304961
2026-05-14 19:00:00,74144.65061304961
2026-05-14 19:15:00,74144.65061304961
2026-05-14 19:30:00,74144.65061304961
2026-05-14 19:45:00,74144.65061304961
2026-05-14 20:00:00,74144.65061304961
2026-05-14 20:15:00,74144.65061304961
2026-05-14 20:30:00,74144.65061304961
2026-05-14 20:45:00,74144.65061304961
2026-05-14 21:00:00,74144.65061304961
2026-05-14 21:15:00,74144.65061304961
2026-05-14 21:30:00,74144.65061304961
2026-05-14 21:45:00,74144.65061304961
2026-05-14 22:00:00,74144.65061304961
2026-05-14 22:15:00,74144.65061304961
2026-05-14 22:30:00,74144.65061304961
2026-05-14 22:45:00,74144.65061304961
2026-05-14 23:00:00,74144.65061304961
2026-05-14 23:15:00,74144.65061304961
2026-05-14 23:30:00,74144.65061304961
2026-05-14 23:45:00,74144.65061304961
2026-05-15 01:00:00,74144.65061304961
2026-05-15 01:15:00,74144.65061304961
2026-05-15 01:30:00,74144.65061304961
2026-05-15 01:45:00,74144.65061304961
2026-05-15 02:00:00,74144.65061304961
2026-05-15 02:15:00,74144.65061304961
2026-05-15 02:30:00,74144.65061304961
2026-05-15 02:45:00,74144.65061304961
2026-05-15 03:00:00,74144.65061304961
2026-05-15 03:15:00,74144.65061304961
2026-05-15 03:30:00,74144.65061304961
2026-05-15 03:45:00,74144.65061304961
2026-05-15 04:00:00,74144.65061304961
2026-05-15 04:15:00,74144.65061304961
2026-05-15 04:30:00,74144.65061304961
2026-05-15 04:45:00,74144.65061304961
2026-05-15 05:00:00,74144.65061304961
2026-05-15 05:15:00,74144.65061304961
2026-05-15 05:30:00,74144.65061304961
2026-05-15 05:45:00,74144.65061304961
2026-05-15 06:00:00,74144.65061304961
2026-05-15 06:15:00,74144.65061304961
2026-05-15 06:30:00,74144.65061304961
2026-05-15 06:45:00,74144.65061304961
2026-05-15 07:00:00,74144.65061304961
2026-05-15 07:15:00,74144.65061304961
2026-05-15 07:30:00,74144.65061304961
2026-05-15 07:45:00,74144.65061304961
2026-05-15 08:00:00,74144.65061304961
2026-05-15 08:15:00,74144.65061304961
2026-05-15 08:30:00,74144.65061304961
2026-05-15 08:45:00,74144.65061304961
2026-05-15 09:00:00,74144.65061304961
2026-05-15 09:15:00,74144.65061304961
2026-05-15 09:30:00,74144.65061304961
2026-05-15 09:45:00,74144.65061304961
2026-05-15 10:00:00,74144.65061304961
2026-05-15 10:15:00,74144.65061304961
2026-05-15 10:30:00,74144.65061304961
2026-05-15 10:45:00,74144.65061304961
2026-05-15 11:00:00,74144.65061304961
2026-05-15 11:15:00,74144.65061304961
2026-05-15 11:30:00,74144.65061304961
2026-05-15 11:45:00,74144.65061304961
2026-05-15 12:00:00,74144.65061304961
2026-05-15 12:15:00,74144.65061304961
2026-05-15 12:30:00,74144.65061304961
2026-05-15 12:45:00,74144.65061304961
2026-05-15 13:00:00,74144.65061304961
2026-05-15 13:15:00,74144.65061304961
2026-05-15 13:30:00,74144.65061304961
2026-05-15 13:45:00,74144.65061304961
2026-05-15 14:00:00,74144.65061304961
2026-05-15 14:15:00,74144.65061304961
2026-05-15 14:30:00,74144.65061304961
2026-05-15 14:45:00,74144.65061304961
2026-05-15 15:00:00,74144.65061304961
2026-05-15 15:15:00,74144.65061304961
2026-05-15 15:30:00,74144.65061304961
2026-05-15 15:45:00,74144.65061304961
2026-05-15 16:00:00,74144.65061304961
2026-05-15 16:15:00,74144.65061304961
2026-05-15 16:30:00,74144.65061304961
2026-05-15 16:45:00,74144.65061304961
2026-05-15 17:00:00,74144.65061304961
2026-05-15 17:15:00,74144.65061304961
2026-05-15 17:30:00,74144.65061304961
2026-05-15 17:45:00,74144.65061304961
2026-05-15 18:00:00,74144.65061304961
2026-05-15 18:15:00,74144.65061304961
2026-05-15 18:30:00,74144.65061304961
2026-05-15 18:45:00,74144.65061304961
2026-05-15 19:00:00,74144.65061304961
2026-05-15 19:15:00,74144.65061304961
2026-05-15 19:30:00,74144.65061304961
2026-05-15 19:45:00,74144.65061304961
2026-05-15 20:00:00,74144.65061304961
2026-05-15 20:15:00,74144.65061304961
2026-05-15 20:30:00,74144.65061304961
2026-05-15 20:45:00,74144.65061304961
2026-05-15 21:00:00,74144.65061304961
2026-05-15 21:15:00,74144.65061304961
2026-05-15 21:30:00,74144.65061304961
2026-05-15 21:45:00,74144.65061304961
2026-05-15 22:00:00,74144.65061304961
2026-05-15 22:15:00,74144.65061304961
2026-05-15 22:30:00,74144.65061304961
2026-05-15 22:45:00,74144.65061304961
2026-05-15 23:00:00,74144.65061304961
2026-05-15 23:15:00,74144.65061304961
2026-05-15 23:30:00,74144.65061304961
2026-05-15 23:45:00,74144.65061304961
2026-05-18 01:00:00,74144.65061304961
2026-05-18 01:15:00,74144.65061304961
2026-05-18 01:30:00,74144.65061304961
2026-05-18 01:45:00,74144.65061304961
2026-05-18 02:00:00,74144.65061304961
2026-05-18 02:15:00,74144.65061304961
2026-05-18 02:30:00,74144.65061304961
2026-05-18 02:45:00,74144.65061304961
2026-05-18 03:00:00,74144.65061304961
2026-05-18 03:15:00,74144.65061304961
2026-05-18 03:30:00,74144.65061304961
2026-05-18 03:45:00,74144.65061304961
2026-05-18 04:00:00,74144.65061304961
2026-05-18 04:15:00,74144.65061304961
2026-05-18 04:30:00,74144.65061304961
2026-05-18 04:45:00,74144.65061304961
2026-05-18 05:00:00,74144.65061304961
2026-05-18 05:15:00,74144.65061304961
2026-05-18 05:30:00,74144.65061304961
2026-05-18 05:45:00,74144.65061304961
2026-05-18 06:00:00,74144.65061304961
2026-05-18 06:15:00,74144.65061304961
2026-05-18 06:30:00,74144.65061304961
2026-05-18 06:45:00,74144.65061304961
2026-05-18 07:00:00,74144.65061304961
2026-05-18 07:15:00,74144.65061304961
2026-05-18 07:30:00,74144.65061304961
2026-05-18 07:45:00,74144.65061304961
2026-05-18 08:00:00,74144.65061304961
2026-05-18 08:15:00,74144.65061304961
2026-05-18 08:30:00,74144.65061304961
2026-05-18 08:45:00,74144.65061304961
2026-05-18 09:00:00,74144.65061304961
2026-05-18 09:15:00,74144.65061304961
2026-05-18 09:30:00,74144.65061304961
2026-05-18 09:45:00,74144.65061304961
2026-05-18 10:00:00,74144.65061304961
2026-05-18 10:15:00,74144.65061304961
2026-05-18 10:30:00,74144.65061304961
2026-05-18 10:45:00,74144.65061304961
2026-05-18 11:00:00,74144.65061304961
2026-05-18 11:15:00,74144.65061304961
2026-05-18 11:30:00,74144.65061304961
2026-05-18 11:45:00,74144.65061304961
2026-05-18 12:00:00,74144.65061304961
2026-05-18 12:15:00,74144.65061304961
2026-05-18 12:30:00,74144.65061304961
2026-05-18 12:45:00,74144.65061304961
2026-05-18 13:00:00,74144.65061304961
2026-05-18 13:15:00,74144.65061304961
2026-05-18 13:30:00,74144.65061304961
2026-05-18 13:45:00,74144.65061304961
2026-05-18 14:00:00,74144.65061304961
2026-05-18 14:15:00,74144.65061304961
2026-05-18 14:30:00,74144.65061304961
2026-05-18 14:45:00,74144.65061304961
2026-05-18 15:00:00,74144.65061304961
2026-05-18 15:15:00,74144.65061304961
2026-05-18 15:30:00,74144.65061304961
2026-05-18 15:45:00,74144.65061304961
2026-05-18 16:00:00,74144.65061304961
2026-05-18 16:15:00,74144.65061304961
2026-05-18 16:30:00,74144.65061304961
2026-05-18 16:45:00,74144.65061304961
2026-05-18 17:00:00,74144.65061304961
2026-05-18 17:15:00,74144.65061304961
2026-05-18 17:30:00,74144.65061304961
2026-05-18 17:45:00,74144.65061304961
2026-05-18 18:00:00,74144.65061304961
2026-05-18 18:15:00,74144.65061304961
2026-05-18 18:30:00,74144.65061304961
2026-05-18 18:45:00,74144.65061304961
2026-05-18 19:00:00,74144.65061304961
2026-05-18 19:15:00,74144.65061304961
2026-05-18 19:30:00,74144.65061304961
2026-05-18 19:45:00,74144.65061304961
2026-05-18 20:00:00,74144.65061304961
2026-05-18 20:15:00,74144.65061304961
2026-05-18 20:30:00,74144.65061304961
2026-05-18 20:45:00,74144.65061304961
2026-05-18 21:00:00,74144.65061304961
2026-05-18 21:15:00,74144.65061304961
2026-05-18 21:30:00,74144.65061304961
2026-05-18 21:45:00,74144.65061304961
2026-05-18 22:00:00,74144.65061304961
2026-05-18 22:15:00,74144.65061304961
2026-05-18 22:30:00,74144.65061304961
2026-05-18 22:45:00,74144.65061304961
2026-05-18 23:00:00,74144.65061304961
2026-05-18 23:15:00,74144.65061304961
2026-05-18 23:30:00,74144.65061304961
2026-05-18 23:45:00,74144.65061304961
2026-05-19 01:00:00,74144.65061304961
2026-05-19 01:15:00,74144.65061304961
2026-05-19 01:30:00,74144.65061304961
2026-05-19 01:45:00,74144.65061304961
2026-05-19 02:00:00,74144.65061304961
2026-05-19 02:15:00,74144.65061304961
2026-05-19 02:30:00,74144.65061304961
2026-05-19 02:45:00,74144.65061304961
2026-05-19 03:00:00,74144.65061304961
2026-05-19 03:15:00,74144.65061304961
2026-05-19 03:30:00,74144.65061304961
2026-05-19 03:45:00,74144.65061304961
2026-05-19 04:00:00,74144.65061304961
2026-05-19 04:15:00,74144.65061304961
2026-05-19 04:30:00,74144.65061304961
2026-05-19 04:45:00,74144.65061304961
2026-05-19 05:00:00,74144.65061304961
2026-05-19 05:15:00,74144.65061304961
2026-05-19 05:30:00,74144.65061304961
2026-05-19 05:45:00,74144.65061304961
2026-05-19 06:00:00,74144.65061304961
2026-05-19 06:15:00,74144.65061304961
2026-05-19 06:30:00,74144.65061304961
2026-05-19 06:45:00,74144.65061304961
2026-05-19 07:00:00,74144.65061304961
2026-05-19 07:15:00,74144.65061304961
2026-05-19 07:30:00,74144.65061304961
2026-05-19 07:45:00,74144.65061304961
2026-05-19 08:00:00,74144.65061304961
2026-05-19 08:15:00,74144.65061304961
2026-05-19 08:30:00,74144.65061304961
2026-05-19 08:45:00,74144.65061304961
2026-05-19 09:00:00,74144.65061304961
2026-05-19 09:15:00,74144.65061304961
2026-05-19 09:30:00,74144.65061304961
2026-05-19 09:45:00,74144.65061304961
2026-05-19 10:00:00,74144.65061304961
2026-05-19 10:15:00,74144.65061304961
2026-05-19 10:30:00,74144.65061304961
2026-05-19 10:45:00,74144.65061304961
2026-05-19 11:00:00,74144.65061304961
2026-05-19 11:15:00,74144.65061304961
2026-05-19 11:30:00,74144.65061304961
2026-05-19 11:45:00,74144.65061304961
2026-05-19 12:00:00,74144.65061304961
2026-05-19 12:15:00,74144.65061304961
2026-05-19 12:30:00,74144.65061304961
2026-05-19 12:45:00,74144.65061304961
2026-05-19 13:00:00,74144.65061304961
2026-05-19 13:15:00,74144.65061304961
2026-05-19 13:30:00,74144.65061304961
2026-05-19 13:45:00,74144.65061304961
2026-05-19 14:00:00,74144.65061304961
2026-05-19 14:15:00,74144.65061304961
2026-05-19 14:30:00,74144.65061304961
2026-05-19 14:45:00,74144.65061304961
2026-05-19 15:00:00,74144.65061304961
2026-05-19 15:15:00,74144.65061304961
2026-05-19 15:30:00,74144.65061304961
2026-05-19 15:45:00,74144.65061304961
2026-05-19 16:00:00,74144.65061304961
2026-05-19 16:15:00,74144.65061304961
2026-05-19 16:30:00,74144.65061304961
2026-05-19 16:45:00,74144.65061304961
2026-05-19 17:00:00,74144.65061304961
2026-05-19 17:15:00,74144.65061304961
2026-05-19 17:30:00,74144.65061304961
2026-05-19 17:45:00,74144.65061304961
2026-05-19 18:00:00,74144.65061304961
2026-05-19 18:15:00,74144.65061304961
2026-05-19 18:30:00,74144.65061304961
2026-05-19 18:45:00,74144.65061304961
2026-05-19 19:00:00,74144.65061304961
2026-05-19 19:15:00,74144.65061304961
2026-05-19 19:30:00,74144.65061304961
2026-05-19 19:45:00,74144.65061304961
2026-05-19 20:00:00,74144.65061304961
2026-05-19 20:15:00,74144.65061304961
2026-05-19 20:30:00,74144.65061304961
2026-05-19 20:45:00,74144.65061304961
2026-05-19 21:00:00,74144.65061304961
2026-05-19 21:15:00,74144.65061304961
2026-05-19 21:30:00,74144.65061304961
2026-05-19 21:45:00,74144.65061304961
2026-05-19 22:00:00,74144.65061304961
2026-05-19 22:15:00,74144.65061304961
2026-05-19 22:30:00,74144.65061304961
2026-05-19 22:45:00,74144.65061304961
2026-05-19 23:00:00,74144.65061304961
2026-05-19 23:15:00,74144.65061304961
2026-05-19 23:30:00,74144.65061304961
2026-05-19 23:45:00,74144.65061304961
2026-05-20 01:00:00,74144.65061304961
2026-05-20 01:15:00,74144.65061304961
2026-05-20 01:30:00,74144.65061304961
2026-05-20 01:45:00,74144.65061304961
2026-05-20 02:00:00,74144.65061304961
2026-05-20 02:15:00,74144.65061304961
2026-05-20 02:30:00,74144.65061304961
2026-05-20 02:45:00,74144.65061304961
2026-05-20 03:00:00,74144.65061304961
2026-05-20 03:15:00,74144.65061304961
2026-05-20 03:30:00,74144.65061304961
2026-05-20 03:45:00,74144.65061304961
2026-05-20 04:00:00,74144.65061304961
2026-05-20 04:15:00,74144.65061304961
2026-05-20 04:30:00,74144.65061304961
2026-05-20 04:45:00,74144.65061304961
2026-05-20 05:00:00,74144.65061304961
2026-05-20 05:15:00,74144.65061304961
2026-05-20 05:30:00,74144.65061304961
2026-05-20 05:45:00,74144.65061304961
2026-05-20 06:00:00,74144.65061304961
2026-05-20 06:15:00,74144.65061304961
2026-05-20 06:30:00,74144.65061304961
2026-05-20 06:45:00,74144.65061304961
2026-05-20 07:00:00,74144.65061304961
2026-05-20 07:15:00,74144.65061304961
2026-05-20 07:30:00,74144.65061304961
2026-05-20 07:45:00,74144.65061304961
2026-05-20 08:00:00,74144.65061304961
2026-05-20 08:15:00,74144.65061304961
2026-05-20 08:30:00,74144.65061304961
2026-05-20 08:45:00,74144.65061304961
2026-05-20 09:00:00,74144.65061304961
2026-05-20 09:15:00,74144.65061304961
2026-05-20 09:30:00,74144.65061304961
2026-05-20 09:45:00,74144.65061304961
2026-05-20 10:00:00,74144.65061304961
2026-05-20 10:15:00,74144.65061304961
2026-05-20 10:30:00,74144.65061304961
2026-05-20 10:45:00,74144.65061304961
2026-05-20 11:00:00,74144.65061304961
2026-05-20 11:15:00,74144.65061304961
2026-05-20 11:30:00,74144.65061304961
2026-05-20 11:45:00,74144.65061304961
2026-05-20 12:00:00,74144.65061304961
2026-05-20 12:15:00,74144.65061304961
2026-05-20 12:30:00,74144.65061304961
2026-05-20 12:45:00,74144.65061304961
2026-05-20 13:00:00,74144.65061304961
2026-05-20 13:15:00,74144.65061304961
2026-05-20 13:30:00,74144.65061304961
2026-05-20 13:45:00,74144.65061304961
2026-05-20 14:00:00,74144.65061304961
2026-05-20 14:15:00,74144.65061304961
2026-05-20 14:30:00,74144.65061304961
2026-05-20 14:45:00,74144.65061304961
2026-05-20 15:00:00,74144.65061304961
2026-05-20 15:15:00,74144.65061304961
2026-05-20 15:30:00,74144.65061304961
2026-05-20 15:45:00,74144.65061304961
2026-05-20 16:00:00,74144.65061304961
2026-05-20 16:15:00,74144.65061304961
2026-05-20 16:30:00,74144.65061304961
2026-05-20 16:45:00,74144.65061304961
2026-05-20 17:00:00,74144.65061304961
2026-05-20 17:15:00,74144.65061304961
2026-05-20 17:30:00,74144.65061304961
2026-05-20 17:45:00,74144.65061304961
2026-05-20 18:00:00,74144.65061304961
2026-05-20 18:15:00,74144.65061304961
2026-05-20 18:30:00,74144.65061304961
2026-05-20 18:45:00,74144.65061304961
2026-05-20 19:00:00,74144.65061304961
2026-05-20 19:15:00,74144.65061304961
2026-05-20 19:30:00,74144.65061304961
2026-05-20 19:45:00,74144.65061304961
2026-05-20 20:00:00,74144.65061304961
2026-05-20 20:15:00,74144.65061304961
2026-05-20 20:30:00,74144.65061304961
2026-05-20 20:45:00,74144.65061304961
2026-05-20 21:00:00,74144.65061304961
2026-05-20 21:15:00,74144.65061304961
2026-05-20 21:30:00,74144.65061304961
2026-05-20 21:45:00,74144.65061304961
2026-05-20 22:00:00,74144.65061304961
2026-05-20 22:15:00,74144.65061304961
2026-05-20 22:30:00,74144.65061304961
2026-05-20 22:45:00,74144.65061304961
2026-05-20 23:00:00,74144.65061304961
2026-05-20 23:15:00,74144.65061304961
2026-05-20 23:30:00,74144.65061304961
2026-05-20 23:45:00,74144.65061304961
2026-05-21 01:00:00,74144.65061304961
2026-05-21 01:15:00,74144.65061304961
2026-05-21 01:30:00,74144.65061304961
2026-05-21 01:45:00,74144.65061304961
2026-05-21 02:00:00,74144.65061304961
2026-05-21 02:15:00,74144.65061304961
2026-05-21 02:30:00,74144.65061304961
2026-05-21 02:45:00,74144.65061304961
2026-05-21 03:00:00,74144.65061304961
2026-05-21 03:15:00,74144.65061304961
2026-05-21 03:30:00,74144.65061304961
2026-05-21 03:45:00,74144.65061304961
2026-05-21 04:00:00,74144.65061304961
2026-05-21 04:15:00,74144.65061304961
2026-05-21 04:30:00,74144.65061304961
2026-05-21 04:45:00,74144.65061304961
2026-05-21 05:00:00,74144.65061304961
2026-05-21 05:15:00,74144.65061304961
2026-05-21 05:30:00,74144.65061304961
2026-05-21 05:45:00,74144.65061304961
2026-05-21 06:00:00,74144.65061304961
2026-05-21 06:15:00,74144.65061304961
2026-05-21 06:30:00,74144.65061304961
2026-05-21 06:45:00,74144.65061304961
2026-05-21 07:00:00,74144.65061304961
2026-05-21 07:15:00,74144.65061304961
2026-05-21 07:30:00,74144.65061304961
2026-05-21 07:45:00,74144.65061304961
2026-05-21 08:00:00,74144.65061304961
2026-05-21 08:15:00,74144.65061304961
2026-05-21 08:30:00,74144.65061304961
2026-05-21 08:45:00,74144.65061304961
2026-05-21 09:00:00,74144.65061304961
2026-05-21 09:15:00,74144.65061304961
2026-05-21 09:30:00,74144.65061304961
2026-05-21 09:45:00,74144.65061304961
2026-05-21 10:00:00,74144.65061304961
2026-05-21 10:15:00,74144.65061304961
2026-05-21 10:30:00,74144.65061304961
2026-05-21 10:45:00,74144.65061304961
2026-05-21 11:00:00,74144.65061304961
2026-05-21 11:15:00,74144.65061304961
2026-05-21 11:30:00,74144.65061304961
2026-05-21 11:45:00,74144.65061304961
2026-05-21 12:00:00,74144.65061304961
2026-05-21 12:15:00,74144.65061304961
2026-05-21 12:30:00,74144.65061304961
2026-05-21 12:45:00,74144.65061304961
2026-05-21 13:00:00,74144.65061304961
2026-05-21 13:15:00,74144.65061304961
2026-05-21 13:30:00,74144.65061304961
2026-05-21 13:45:00,74144.65061304961
2026-05-21 14:00:00,74144.65061304961
2026-05-21 14:15:00,74144.65061304961
2026-05-21 14:30:00,74144.65061304961
2026-05-21 14:45:00,74144.65061304961
2026-05-21 15:00:00,74144.65061304961
2026-05-21 15:15:00,74144.65061304961
2026-05-21 15:30:00,74144.65061304961
2026-05-21 15:45:00,74144.65061304961
2026-05-21 16:00:00,74144.65061304961
2026-05-21 16:15:00,74144.65061304961
2026-05-21 16:30:00,74144.65061304961
2026-05-21 16:45:00,74144.65061304961
2026-05-21 17:00:00,74144.65061304961
2026-05-21 17:15:00,74144.65061304961
2026-05-21 17:30:00,74144.65061304961
2026-05-21 17:45:00,74144.65061304961
2026-05-21 18:00:00,74144.65061304961
2026-05-21 18:15:00,74144.65061304961
2026-05-21 18:30:00,74144.65061304961
2026-05-21 18:45:00,74144.65061304961
2026-05-21 19:00:00,74144.65061304961
2026-05-21 19:15:00,74144.65061304961
2026-05-21 19:30:00,74144.65061304961
2026-05-21 19:45:00,74144.65061304961
2026-05-21 20:00:00,74144.65061304961
2026-05-21 20:15:00,74144.65061304961
2026-05-21 20:30:00,74144.65061304961
2026-05-21 20:45:00,74144.65061304961
2026-05-21 21:00:00,74144.65061304961
2026-05-21 21:15:00,74144.65061304961
2026-05-21 21:30:00,74144.65061304961
2026-05-21 21:45:00,74144.65061304961
2026-05-21 22:00:00,74144.65061304961
2026-05-21 22:15:00,74144.65061304961
2026-05-21 22:30:00,74144.65061304961
2026-05-21 22:45:00,74144.65061304961
2026-05-21 23:00:00,74144.65061304961
2026-05-21 23:15:00,74144.65061304961
2026-05-21 23:30:00,74144.65061304961
2026-05-21 23:45:00,74144.65061304961
2026-05-22 01:00:00,74144.65061304961
2026-05-22 01:15:00,74144.65061304961
2026-05-22 01:30:00,74144.65061304961
2026-05-22 01:45:00,74144.65061304961
2026-05-22 02:00:00,74144.65061304961
2026-05-22 02:15:00,74144.65061304961
2026-05-22 02:30:00,74144.65061304961
2026-05-22 02:45:00,74144.65061304961
2026-05-22 03:00:00,74144.65061304961
2026-05-22 03:15:00,74144.65061304961
2026-05-22 03:30:00,74144.65061304961
2026-05-22 03:45:00,74144.65061304961
2026-05-22 04:00:00,74144.65061304961
2026-05-22 04:15:00,74144.65061304961
2026-05-22 04:30:00,74144.65061304961
2026-05-22 04:45:00,74144.65061304961
2026-05-22 05:00:00,74144.65061304961
2026-05-22 05:15:00,74144.65061304961
2026-05-22 05:30:00,74144.65061304961
2026-05-22 05:45:00,74144.65061304961
2026-05-22 06:00:00,74144.65061304961
2026-05-22 06:15:00,74144.65061304961
2026-05-22 06:30:00,74144.65061304961
2026-05-22 06:45:00,74144.65061304961
2026-05-22 07:00:00,74144.65061304961
2026-05-22 07:15:00,74144.65061304961
2026-05-22 07:30:00,74144.65061304961
2026-05-22 07:45:00,74144.65061304961
2026-05-22 08:00:00,74144.65061304961
2026-05-22 08:15:00,74144.65061304961
2026-05-22 08:30:00,74144.65061304961
2026-05-22 08:45:00,74144.65061304961
2026-05-22 09:00:00,74144.65061304961
2026-05-22 09:15:00,74144.65061304961
2026-05-22 09:30:00,74144.65061304961
2026-05-22 09:45:00,74144.65061304961
2026-05-22 10:00:00,74144.65061304961
2026-05-22 10:15:00,74144.65061304961
2026-05-22 10:30:00,74144.65061304961
2026-05-22 10:45:00,74144.65061304961
2026-05-22 11:00:00,74144.65061304961
2026-05-22 11:15:00,74144.65061304961
2026-05-22 11:30:00,74144.65061304961
2026-05-22 11:45:00,74144.65061304961
2026-05-22 12:00:00,74144.65061304961
2026-05-22 12:15:00,74144.65061304961
2026-05-22 12:30:00,74144.65061304961
2026-05-22 12:45:00,74144.65061304961
2026-05-22 13:00:00,74144.65061304961
2026-05-22 13:15:00,74144.65061304961
2026-05-22 13:30:00,74144.65061304961
2026-05-22 13:45:00,74144.65061304961
2026-05-22 14:00:00,74144.65061304961
2026-05-22 14:15:00,74144.65061304961
2026-05-22 14:30:00,74144.65061304961
2026-05-22 14:45:00,74144.65061304961
2026-05-22 15:00:00,74144.65061304961
2026-05-22 15:15:00,74144.65061304961
2026-05-22 15:30:00,74144.65061304961
2026-05-22 15:45:00,74144.65061304961
2026-05-22 16:00:00,74144.65061304961
2026-05-22 16:15:00,74144.65061304961
2026-05-22 16:30:00,74144.65061304961
2026-05-22 16:45:00,74144.65061304961
2026-05-22 17:00:00,74144.65061304961
2026-05-22 17:15:00,74144.65061304961
2026-05-22 17:30:00,74144.65061304961
2026-05-22 17:45:00,74144.65061304961
2026-05-22 18:00:00,74144.65061304961
2026-05-22 18:15:00,74144.65061304961
2026-05-22 18:30:00,74144.65061304961
2026-05-22 18:45:00,74144.65061304961
2026-05-22 19:00:00,74144.65061304961
2026-05-22 19:15:00,74144.65061304961
2026-05-22 19:30:00,74144.65061304961
2026-05-22 19:45:00,74144.65061304961
2026-05-22 20:00:00,74144.65061304961
2026-05-22 20:15:00,74144.65061304961
2026-05-22 20:30:00,74144.65061304961
2026-05-22 20:45:00,74144.65061304961
2026-05-22 21:00:00,74144.65061304961
2026-05-22 21:15:00,74144.65061304961
2026-05-22 21:30:00,74144.65061304961
2026-05-22 21:45:00,74144.65061304961
2026-05-22 22:00:00,74144.65061304961
2026-05-22 22:15:00,74144.65061304961
2026-05-22 22:30:00,74144.65061304961
2026-05-22 22:45:00,74144.65061304961
2026-05-22 23:00:00,74144.65061304961
2026-05-22 23:15:00,74144.65061304961
2026-05-22 23:30:00,74144.65061304961
2026-05-22 23:45:00,74144.65061304961
2026-05-25 01:00:00,74144.65061304961
2026-05-25 01:15:00,74144.65061304961
2026-05-25 01:30:00,74144.65061304961
2026-05-25 01:45:00,74144.65061304961
2026-05-25 02:00:00,74144.65061304961
2026-05-25 02:15:00,74144.65061304961
2026-05-25 02:30:00,74144.65061304961
2026-05-25 02:45:00,74144.65061304961
2026-05-25 03:00:00,74144.65061304961
2026-05-25 03:15:00,74144.65061304961
2026-05-25 03:30:00,74144.65061304961
2026-05-25 03:45:00,74144.65061304961
2026-05-25 04:00:00,74144.65061304961
2026-05-25 04:15:00,74144.65061304961
2026-05-25 04:30:00,74144.65061304961
2026-05-25 04:45:00,74144.65061304961
2026-05-25 05:00:00,74144.65061304961
2026-05-25 05:15:00,74144.65061304961
2026-05-25 05:30:00,74144.65061304961
2026-05-25 05:45:00,74144.65061304961
2026-05-25 06:00:00,74144.65061304961
2026-05-25 06:15:00,74144.65061304961
2026-05-25 06:30:00,74144.65061304961
2026-05-25 06:45:00,74144.65061304961
2026-05-25 07:00:00,74144.65061304961
2026-05-25 07:15:00,74144.65061304961
2026-05-25 07:30:00,74144.65061304961
2026-05-25 07:45:00,74144.65061304961
2026-05-25 08:00:00,74144.65061304961
2026-05-25 08:15:00,74144.65061304961
2026-05-25 08:30:00,74144.65061304961
2026-05-25 08:45:00,74144.65061304961
2026-05-25 09:00:00,74144.65061304961
2026-05-25 09:15:00,74144.65061304961
2026-05-25 09:30:00,74144.65061304961
2026-05-25 09:45:00,74144.65061304961
2026-05-25 10:00:00,74144.65061304961
2026-05-25 10:15:00,74144.65061304961
2026-05-25 10:30:00,74144.65061304961
2026-05-25 10:45:00,74144.65061304961
2026-05-25 11:00:00,74144.65061304961
2026-05-25 11:15:00,74144.65061304961
2026-05-25 11:30:00,74144.65061304961
2026-05-25 11:45:00,74144.65061304961
2026-05-25 12:00:00,74144.65061304961
2026-05-25 12:15:00,74144.65061304961
2026-05-25 12:30:00,74144.65061304961
2026-05-25 12:45:00,74144.65061304961
2026-05-25 13:00:00,74144.65061304961
2026-05-25 13:15:00,74144.65061304961
2026-05-25 13:30:00,74144.65061304961
2026-05-25 13:45:00,74144.65061304961
2026-05-25 14:00:00,74144.65061304961
2026-05-25 14:15:00,74144.65061304961
2026-05-25 14:30:00,74144.65061304961
2026-05-25 14:45:00,74144.65061304961
2026-05-25 15:00:00,74144.65061304961
2026-05-25 15:15:00,74144.65061304961
2026-05-25 15:30:00,74144.65061304961
2026-05-25 15:45:00,74144.65061304961
2026-05-25 16:00:00,74144.65061304961
2026-05-25 16:15:00,74144.65061304961
2026-05-25 16:30:00,74144.65061304961
2026-05-25 16:45:00,74144.65061304961
2026-05-25 17:00:00,74144.65061304961
2026-05-25 17:15:00,74144.65061304961
2026-05-25 17:30:00,74144.65061304961
2026-05-25 17:45:00,74144.65061304961
2026-05-25 18:00:00,74144.65061304961
2026-05-25 18:15:00,74144.65061304961
2026-05-25 18:30:00,74144.65061304961
2026-05-25 18:45:00,74144.65061304961
2026-05-25 19:00:00,74144.65061304961
2026-05-25 19:15:00,74144.65061304961
2026-05-25 19:30:00,74144.65061304961
2026-05-25 19:45:00,74144.65061304961
2026-05-25 20:00:00,74144.65061304961
2026-05-26 01:00:00,74144.65061304961
2026-05-26 01:15:00,74144.65061304961
2026-05-26 01:30:00,74144.65061304961
2026-05-26 01:45:00,74144.65061304961
2026-05-26 02:00:00,74144.65061304961
2026-05-26 02:15:00,74144.65061304961
2026-05-26 02:30:00,74144.65061304961
2026-05-26 02:45:00,74144.65061304961
2026-05-26 03:00:00,74144.65061304961
2026-05-26 03:15:00,74144.65061304961
2026-05-26 03:30:00,74144.65061304961
2026-05-26 03:45:00,74144.65061304961
2026-05-26 04:00:00,74144.65061304961
2026-05-26 04:15:00,74144.65061304961
2026-05-26 04:30:00,74144.65061304961
2026-05-26 04:45:00,74144.65061304961
2026-05-26 05:00:00,74144.65061304961
2026-05-26 05:15:00,74144.65061304961
2026-05-26 05:30:00,74144.65061304961
2026-05-26 05:45:00,74144.65061304961
2026-05-26 06:00:00,74144.65061304961
2026-05-26 06:15:00,74144.65061304961
2026-05-26 06:30:00,74144.65061304961
2026-05-26 06:45:00,74144.65061304961
2026-05-26 07:00:00,74144.65061304961
2026-05-26 07:15:00,74144.65061304961
2026-05-26 07:30:00,74144.65061304961
2026-05-26 07:45:00,74144.65061304961
2026-05-26 08:00:00,74144.65061304961
2026-05-26 08:15:00,74144.65061304961
2026-05-26 08:30:00,74144.65061304961
2026-05-26 08:45:00,74144.65061304961
2026-05-26 09:00:00,74144.65061304961
2026-05-26 09:15:00,74144.65061304961
2026-05-26 09:30:00,74144.65061304961
2026-05-26 09:45:00,74144.65061304961
2026-05-26 10:00:00,74144.65061304961
2026-05-26 10:15:00,74144.65061304961
2026-05-26 10:30:00,74144.65061304961
2026-05-26 10:45:00,74144.65061304961
2026-05-26 11:00:00,74144.65061304961
2026-05-26 11:15:00,74144.65061304961
2026-05-26 11:30:00,74144.65061304961
2026-05-26 11:45:00,74144.65061304961
2026-05-26 12:00:00,74144.65061304961
2026-05-26 12:15:00,74144.65061304961
2026-05-26 12:30:00,74144.65061304961
2026-05-26 12:45:00,74144.65061304961
2026-05-26 13:00:00,74144.65061304961
2026-05-26 13:15:00,74144.65061304961
2026-05-26 13:30:00,74144.65061304961
2026-05-26 13:45:00,74144.65061304961
2026-05-26 14:00:00,74144.65061304961
2026-05-26 14:15:00,74144.65061304961
2026-05-26 14:30:00,74144.65061304961
2026-05-26 14:45:00,74144.65061304961
2026-05-26 15:00:00,74144.65061304961
2026-05-26 15:15:00,74144.65061304961
2026-05-26 15:30:00,74144.65061304961
2026-05-26 15:45:00,74144.65061304961
2026-05-26 16:00:00,74144.65061304961
2026-05-26 16:15:00,74144.65061304961
2026-05-26 16:30:00,74144.65061304961
2026-05-26 16:45:00,74144.65061304961
2026-05-26 17:00:00,74144.65061304961
2026-05-26 17:15:00,74144.65061304961
2026-05-26 17:30:00,74144.65061304961
2026-05-26 17:45:00,74144.65061304961
2026-05-26 18:00:00,74144.65061304961
2026-05-26 18:15:00,74144.65061304961
2026-05-26 18:30:00,74144.65061304961
2026-05-26 18:45:00,74144.65061304961
2026-05-26 19:00:00,74144.65061304961
2026-05-26 19:15:00,74144.65061304961
2026-05-26 19:30:00,74144.65061304961
2026-05-26 19:45:00,74144.65061304961
2026-05-26 20:00:00,74144.65061304961
2026-05-26 20:15:00,74144.65061304961
2026-05-26 20:30:00,74144.65061304961
2026-05-26 20:45:00,74144.65061304961
2026-05-26 21:00:00,74144.65061304961
2026-05-26 21:15:00,74144.65061304961
2026-05-26 21:30:00,74144.65061304961
2026-05-26 21:45:00,74144.65061304961
2026-05-26 22:00:00,74144.65061304961
2026-05-26 22:15:00,74144.65061304961
2026-05-26 22:30:00,74144.65061304961
2026-05-26 22:45:00,74144.65061304961
2026-05-26 23:00:00,74144.65061304961
2026-05-26 23:15:00,74144.65061304961
2026-05-26 23:30:00,74144.65061304961
2026-05-26 23:45:00,74144.65061304961
2026-05-27 01:00:00,74144.65061304961
2026-05-27 01:15:00,74144.65061304961
2026-05-27 01:30:00,74144.65061304961
2026-05-27 01:45:00,74144.65061304961
2026-05-27 02:00:00,74144.65061304961
2026-05-27 02:15:00,74144.65061304961
2026-05-27 02:30:00,74144.65061304961
2026-05-27 02:45:00,74144.65061304961
2026-05-27 03:00:00,74144.65061304961
2026-05-27 03:15:00,74144.65061304961
2026-05-27 03:30:00,74144.65061304961
2026-05-27 03:45:00,74144.65061304961
2026-05-27 04:00:00,74144.65061304961
2026-05-27 04:15:00,74144.65061304961
2026-05-27 04:30:00,74144.65061304961
2026-05-27 04:45:00,74144.65061304961
2026-05-27 05:00:00,74144.65061304961
2026-05-27 05:15:00,74144.65061304961
2026-05-27 05:30:00,74144.65061304961
2026-05-27 05:45:00,74144.65061304961
2026-05-27 06:00:00,74144.65061304961
2026-05-27 06:15:00,74144.65061304961
2026-05-27 06:30:00,74144.65061304961
2026-05-27 06:45:00,74144.65061304961
2026-05-27 07:00:00,74144.65061304961
2026-05-27 07:15:00,74144.65061304961
2026-05-27 07:30:00,74144.65061304961
2026-05-27 07:45:00,74144.65061304961
2026-05-27 08:00:00,74144.65061304961
2026-05-27 08:15:00,74144.65061304961
2026-05-27 08:30:00,74144.65061304961
2026-05-27 08:45:00,74144.65061304961
2026-05-27 09:00:00,74144.65061304961
2026-05-27 09:15:00,74144.65061304961
2026-05-27 09:30:00,74144.65061304961
2026-05-27 09:45:00,74144.65061304961
2026-05-27 10:00:00,74144.65061304961
2026-05-27 10:15:00,74144.65061304961
2026-05-27 10:30:00,74144.65061304961
2026-05-27 10:45:00,74144.65061304961
2026-05-27 11:00:00,74144.65061304961
2026-05-27 11:15:00,74144.65061304961
2026-05-27 11:30:00,74144.65061304961
2026-05-27 11:45:00,74144.65061304961
2026-05-27 12:00:00,74144.65061304961
2026-05-27 12:15:00,74144.65061304961
2026-05-27 12:30:00,74144.65061304961
2026-05-27 12:45:00,74144.65061304961
2026-05-27 13:00:00,74144.65061304961
2026-05-27 13:15:00,74144.65061304961
2026-05-27 13:30:00,74144.65061304961
2026-05-27 13:45:00,74144.65061304961
2026-05-27 14:00:00,74144.65061304961
2026-05-27 14:15:00,74144.65061304961
2026-05-27 14:30:00,74144.65061304961
2026-05-27 14:45:00,74144.65061304961
2026-05-27 15:00:00,74144.65061304961
2026-05-27 15:15:00,74144.65061304961
2026-05-27 15:30:00,74144.65061304961
2026-05-27 15:45:00,74144.65061304961
2026-05-27 16:00:00,74144.65061304961
2026-05-27 16:15:00,74144.65061304961
2026-05-27 16:30:00,74144.65061304961
2026-05-27 16:45:00,74144.65061304961
2026-05-27 17:00:00,74144.65061304961
2026-05-27 17:15:00,74144.65061304961
2026-05-27 17:30:00,74144.65061304961
2026-05-27 17:45:00,74144.65061304961
2026-05-27 18:00:00,74144.65061304961
2026-05-27 18:15:00,74144.65061304961
2026-05-27 18:30:00,74144.65061304961
2026-05-27 18:45:00,74144.65061304961
2026-05-27 19:00:00,74144.65061304961
2026-05-27 19:15:00,74144.65061304961
2026-05-27 19:30:00,74144.65061304961
2026-05-27 19:45:00,74144.65061304961
2026-05-27 20:00:00,74144.65061304961
2026-05-27 20:15:00,74144.65061304961
2026-05-27 20:30:00,74144.65061304961
2026-05-27 20:45:00,74144.65061304961
2026-05-27 21:00:00,74144.65061304961
2026-05-27 21:15:00,74144.65061304961
2026-05-27 21:30:00,74144.65061304961
2026-05-27 21:45:00,74144.65061304961
2026-05-27 22:00:00,74144.65061304961
2026-05-27 22:15:00,74144.65061304961
2026-05-27 22:30:00,74144.65061304961
2026-05-27 22:45:00,74144.65061304961
2026-05-27 23:00:00,74144.65061304961
2026-05-27 23:15:00,74144.65061304961
2026-05-27 23:30:00,74144.65061304961
2026-05-27 23:45:00,74144.65061304961
2026-05-28 01:00:00,74144.65061304961
2026-05-28 01:15:00,74144.65061304961
2026-05-28 01:30:00,74144.65061304961
2026-05-28 01:45:00,74144.65061304961
2026-05-28 02:00:00,74144.65061304961
2026-05-28 02:15:00,74144.65061304961
2026-05-28 02:30:00,74144.65061304961
2026-05-28 02:45:00,74144.65061304961
2026-05-28 03:00:00,74144.65061304961
2026-05-28 03:15:00,74144.65061304961
2026-05-28 03:30:00,74144.65061304961
2026-05-28 03:45:00,74144.65061304961
2026-05-28 04:00:00,74144.65061304961
2026-05-28 04:15:00,74144.65061304961
2026-05-28 04:30:00,74144.65061304961
2026-05-28 04:45:00,74144.65061304961
2026-05-28 05:00:00,74144.65061304961
2026-05-28 05:15:00,74144.65061304961
2026-05-28 05:30:00,74144.65061304961
2026-05-28 05:45:00,74144.65061304961
2026-05-28 06:00:00,74144.65061304961
2026-05-28 06:15:00,74144.65061304961
2026-05-28 06:30:00,74144.65061304961
2026-05-28 06:45:00,74144.65061304961
2026-05-28 07:00:00,74144.65061304961
2026-05-28 07:15:00,74144.65061304961
2026-05-28 07:30:00,74144.65061304961
2026-05-28 07:45:00,74144.65061304961
2026-05-28 08:00:00,74144.65061304961
2026-05-28 08:15:00,74144.65061304961
2026-05-28 08:30:00,74144.65061304961
2026-05-28 08:45:00,74144.65061304961
2026-05-28 09:00:00,74144.65061304961
2026-05-28 09:15:00,74144.65061304961
2026-05-28 09:30:00,74144.65061304961
2026-05-28 09:45:00,74144.65061304961
2026-05-28 10:00:00,74144.65061304961
2026-05-28 10:15:00,74144.65061304961
2026-05-28 10:30:00,74144.65061304961
2026-05-28 10:45:00,74144.65061304961
2026-05-28 11:00:00,74144.65061304961
2026-05-28 11:15:00,74144.65061304961
2026-05-28 11:30:00,74144.65061304961
2026-05-28 11:45:00,74144.65061304961
2026-05-28 12:00:00,74144.65061304961
2026-05-28 12:15:00,74144.65061304961
2026-05-28 12:30:00,74144.65061304961
2026-05-28 12:45:00,74144.65061304961
2026-05-28 13:00:00,74144.65061304961
2026-05-28 13:15:00,74144.65061304961
2026-05-28 13:30:00,74144.65061304961
2026-05-28 13:45:00,74144.65061304961
2026-05-28 14:00:00,74144.65061304961
2026-05-28 14:15:00,74144.65061304961
2026-05-28 14:30:00,74144.65061304961
2026-05-28 14:45:00,74144.65061304961
2026-05-28 15:00:00,74144.65061304961
2026-05-28 15:15:00,74144.65061304961
2026-05-28 15:30:00,74144.65061304961
2026-05-28 15:45:00,74144.65061304961
2026-05-28 16:00:00,74144.65061304961
2026-05-28 16:15:00,74144.65061304961
2026-05-28 16:30:00,74144.65061304961
2026-05-28 16:45:00,74144.65061304961
2026-05-28 17:00:00,74144.65061304961
2026-05-28 17:15:00,74144.65061304961
2026-05-28 17:30:00,74144.65061304961
2026-05-28 17:45:00,74144.65061304961
2026-05-28 18:00:00,74144.65061304961
2026-05-28 18:15:00,74144.65061304961
2026-05-28 18:30:00,74144.65061304961
2026-05-28 18:45:00,74144.65061304961
2026-05-28 19:00:00,74144.65061304961
2026-05-28 19:15:00,74144.65061304961
2026-05-28 19:30:00,74144.65061304961
2026-05-28 19:45:00,74144.65061304961
2026-05-28 20:00:00,74144.65061304961
2026-05-28 20:15:00,74144.65061304961
2026-05-28 20:30:00,74144.65061304961
2026-05-28 20:45:00,74144.65061304961
2026-05-28 21:00:00,74144.65061304961
2026-05-28 21:15:00,74144.65061304961
2026-05-28 21:30:00,74144.65061304961
2026-05-28 21:45:00,74144.65061304961
2026-05-28 22:00:00,74144.65061304961
2026-05-28 22:15:00,74144.65061304961
2026-05-28 22:30:00,74144.65061304961
2026-05-28 22:45:00,74144.65061304961
2026-05-28 23:00:00,74144.65061304961
2026-05-28 23:15:00,74144.65061304961
2026-05-28 23:30:00,74144.65061304961
2026-05-28 23:45:00,74144.65061304961
2026-05-29 01:00:00,74144.65061304961
2026-05-29 01:15:00,74144.65061304961
2026-05-29 01:30:00,74144.65061304961
2026-05-29 01:45:00,74144.65061304961
2026-05-29 02:00:00,74144.65061304961
2026-05-29 02:15:00,74144.65061304961
2026-05-29 02:30:00,74144.65061304961
2026-05-29 02:45:00,74144.65061304961
2026-05-29 03:00:00,74144.65061304961
2026-05-29 03:15:00,74144.65061304961
2026-05-29 03:30:00,74144.65061304961
2026-05-29 03:45:00,74144.65061304961
2026-05-29 04:00:00,74144.65061304961
2026-05-29 04:15:00,74144.65061304961
2026-05-29 04:30:00,74144.65061304961
2026-05-29 04:45:00,74144.65061304961
2026-05-29 05:00:00,74144.65061304961
2026-05-29 05:15:00,74144.65061304961
2026-05-29 05:30:00,74144.65061304961
2026-05-29 05:45:00,74144.65061304961
2026-05-29 06:00:00,74144.65061304961
2026-05-29 06:15:00,74144.65061304961
2026-05-29 06:30:00,74144.65061304961
2026-05-29 06:45:00,74144.65061304961
2026-05-29 07:00:00,74144.65061304961
2026-05-29 07:15:00,74144.65061304961
2026-05-29 07:30:00,74144.65061304961
2026-05-29 07:45:00,74144.65061304961
2026-05-29 08:00:00,74144.65061304961
2026-05-29 08:15:00,74144.65061304961
2026-05-29 08:30:00,74144.65061304961
2026-05-29 08:45:00,74144.65061304961
2026-05-29 09:00:00,74144.65061304961
2026-05-29 09:15:00,74144.65061304961
2026-05-29 09:30:00,74144.65061304961
2026-05-29 09:45:00,74144.65061304961
2026-05-29 10:00:00,74144.65061304961
2026-05-29 10:15:00,74144.65061304961
2026-05-29 10:30:00,74144.65061304961
2026-05-29 10:45:00,74144.65061304961
2026-05-29 11:00:00,74144.65061304961
2026-05-29 11:15:00,74144.65061304961
2026-05-29 11:30:00,74144.65061304961
2026-05-29 11:45:00,74144.65061304961
2026-05-29 12:00:00,74144.65061304961
2026-05-29 12:15:00,74144.65061304961
2026-05-29 12:30:00,74144.65061304961
2026-05-29 12:45:00,74144.65061304961
2026-05-29 13:00:00,74144.65061304961
2026-05-29 13:15:00,74144.65061304961
2026-05-29 13:30:00,74144.65061304961
2026-05-29 13:45:00,74144.65061304961
2026-05-29 14:00:00,74144.65061304961
2026-05-29 14:15:00,74144.65061304961
2026-05-29 14:30:00,74144.65061304961
2026-05-29 14:45:00,74144.65061304961
2026-05-29 15:00:00,74144.65061304961
2026-05-29 15:15:00,74144.65061304961
2026-05-29 15:30:00,74144.65061304961
2026-05-29 15:45:00,74144.65061304961
2026-05-29 16:00:00,74144.65061304961
2026-05-29 16:15:00,74144.65061304961
2026-05-29 16:30:00,74144.65061304961
2026-05-29 16:45:00,74144.65061304961
2026-05-29 17:00:00,74144.65061304961
2026-05-29 17:15:00,74144.65061304961
2026-05-29 17:30:00,74144.65061304961
2026-05-29 17:45:00,74144.65061304961
2026-05-29 18:00:00,74144.65061304961
2026-05-29 18:15:00,74144.65061304961
2026-05-29 18:30:00,74144.65061304961
2026-05-29 18:45:00,74144.65061304961
2026-05-29 19:00:00,74144.65061304961
2026-05-29 19:15:00,74144.65061304961
2026-05-29 19:30:00,74144.65061304961
2026-05-29 19:45:00,74144.65061304961
2026-05-29 20:00:00,74144.65061304961
2026-05-29 20:15:00,74144.65061304961
2026-05-29 20:30:00,74144.65061304961
2026-05-29 20:45:00,74144.65061304961
2026-05-29 21:00:00,74144.65061304961
2026-05-29 21:15:00,74144.65061304961
2026-05-29 21:30:00,74144.65061304961
2026-05-29 21:45:00,74144.65061304961
2026-05-29 22:00:00,74144.65061304961
2026-05-29 22:15:00,74144.65061304961
2026-05-29 22:30:00,74144.65061304961
2026-05-29 22:45:00,74144.65061304961
