time,portfolio_equity
2026-01-28 02:45:00,100000.0
2026-01-28 03:00:00,100000.0
2026-01-28 03:15:00,100000.0
2026-01-28 03:30:00,100000.0
2026-01-28 03:45:00,100000.0
2026-01-28 04:00:00,100000.0
2026-01-28 04:15:00,100000.0
2026-01-28 04:30:00,100000.0
2026-01-28 04:45:00,100000.0
2026-01-28 05:00:00,100000.0
2026-01-28 05:15:00,100000.0
2026-01-28 05:30:00,99750.0
2026-01-28 05:45:00,99502.5
2026-01-28 06:00:00,99502.5
2026-01-28 06:15:00,99502.5
2026-01-28 06:30:00,99502.5
2026-01-28 06:45:00,99502.5
2026-01-28 07:00:00,100994.70224999991
2026-01-28 07:15:00,100994.70224999991
2026-01-28 07:30:00,100994.70224999991
2026-01-28 07:45:00,100994.70224999991
2026-01-28 08:00:00,100994.70224999991
2026-01-28 08:15:00,100734.7552274999
2026-01-28 08:30:00,100734.7552274999
2026-01-28 08:45:00,100734.7552274999
2026-01-28 09:00:00,100734.7552274999
2026-01-28 09:15:00,101774.54331749992
2026-01-28 09:30:00,101774.54331749992
2026-01-28 09:45:00,103405.1130055356
2026-01-28 10:00:00,106039.03391919995
2026-01-28 10:15:00,106039.03391919995
2026-01-28 10:30:00,107929.31108487926
2026-01-28 10:45:00,107600.01797403046
2026-01-28 11:00:00,107600.01797403046
2026-01-28 11:15:00,106315.44719178195
2026-01-28 11:30:00,106002.29271986414
2026-01-28 11:45:00,106002.29271986414
2026-01-28 12:00:00,106002.29271986414
2026-01-28 12:15:00,106002.29271986414
2026-01-28 12:30:00,106002.29271986414
2026-01-28 12:45:00,106002.29271986414
2026-01-28 13:00:00,104482.871900678
2026-01-28 13:15:00,104482.871900678
2026-01-28 13:30:00,104482.871900678
2026-01-28 13:45:00,104482.871900678
2026-01-28 14:00:00,104482.871900678
2026-01-28 14:15:00,104482.871900678
2026-01-28 14:30:00,104482.871900678
2026-01-28 14:45:00,103037.91782002107
2026-01-28 15:00:00,103896.1627498545
2026-01-28 15:15:00,103896.1627498545
2026-01-28 15:30:00,103896.1627498545
2026-01-28 15:45:00,103896.1627498545
2026-01-28 16:00:00,103896.1627498545
2026-01-28 16:15:00,103896.1627498545
2026-01-28 16:30:00,103037.91782002107
2026-01-28 16:45:00,102757.53864182085
2026-01-28 17:00:00,104465.41715602665
2026-01-28 17:15:00,104465.41715602665
2026-01-28 17:30:00,104170.76298446639
2026-01-28 17:45:00,104170.76298446639
2026-01-28 18:00:00,104170.76298446639
2026-01-28 18:15:00,103879.05535462173
2026-01-28 18:30:00,105401.55535462176
2026-01-28 18:45:00,106197.23035462179
2026-01-28 19:00:00,106197.23035462179
2026-01-28 19:15:00,105924.04860462178
2026-01-28 19:30:00,105924.04860462178
2026-01-28 19:45:00,105924.04860462178
2026-01-28 20:00:00,105924.04860462178
2026-01-28 20:15:00,105924.04860462178
2026-01-28 20:30:00,105924.04860462178
2026-01-28 20:45:00,105924.04860462178
2026-01-28 21:00:00,105653.59867212179
2026-01-28 21:15:00,105653.59867212179
2026-01-28 21:30:00,105653.59867212179
2026-01-28 21:45:00,104858.36796104873
2026-01-28 22:00:00,105385.85323894679
2026-01-28 22:15:00,105120.78526010354
2026-01-28 22:30:00,105120.78526010354
2026-01-28 22:45:00,105120.78526010354
2026-01-28 23:00:00,110231.61486896538
2026-01-28 23:15:00,109918.08927382194
2026-01-28 23:30:00,109607.69893462994
2026-01-28 23:45:00,109607.69893462994
2026-01-29 01:00:00,109607.69893462994
2026-01-29 01:15:00,109607.69893462994
2026-01-29 01:30:00,109607.69893462994
2026-01-29 01:45:00,109607.69893462994
2026-01-29 02:00:00,109607.69893462994
2026-01-29 02:15:00,109607.69893462994
2026-01-29 02:30:00,109607.69893462994
2026-01-29 02:45:00,109607.69893462994
2026-01-29 03:00:00,109607.69893462994
2026-01-29 03:15:00,109607.69893462994
2026-01-29 03:30:00,109607.69893462994
2026-01-29 03:45:00,109607.69893462994
2026-01-29 04:00:00,109607.69893462994
2026-01-29 04:15:00,108695.02749166009
2026-01-29 04:30:00,108695.02749166009
2026-01-29 04:45:00,108695.02749166009
2026-01-29 05:00:00,108396.86777028971
2026-01-29 05:15:00,108396.86777028971
2026-01-29 05:30:00,108396.86777028971
2026-01-29 05:45:00,109300.41249882984
2026-01-29 06:00:00,108996.19892738777
2026-01-29 06:15:00,107809.46330321793
2026-01-29 06:30:00,107809.46330321793
2026-01-29 06:45:00,107809.46330321793
2026-01-29 07:00:00,107809.46330321793
2026-01-29 07:15:00,106951.7264801303
2026-01-29 07:30:00,108138.46210430014
2026-01-29 07:45:00,108138.46210430014
2026-01-29 08:00:00,108138.46210430014
2026-01-29 08:15:00,108138.46210430014
2026-01-29 08:30:00,108138.46210430014
2026-01-29 08:45:00,107580.83786552261
2026-01-29 09:00:00,107306.20092259505
2026-01-29 09:15:00,107306.20092259505
2026-01-29 09:30:00,107034.31034909676
2026-01-29 09:45:00,107034.31034909676
2026-01-29 10:00:00,107306.20092259505
2026-01-29 10:15:00,107034.31034909676
2026-01-29 10:30:00,105715.10134855541
2026-01-29 10:45:00,107243.95282304542
2026-01-29 11:00:00,107243.95282304542
2026-01-29 11:15:00,107243.95282304542
2026-01-29 11:30:00,107243.95282304542
2026-01-29 11:45:00,106092.46443364905
2026-01-29 12:00:00,105811.75297462789
2026-01-29 12:15:00,105811.75297462789
2026-01-29 12:30:00,105811.75297462789
2026-01-29 12:45:00,105811.75297462789
2026-01-29 13:00:00,105533.84863019695
2026-01-29 13:15:00,105253.63544488161
2026-01-29 13:30:00,105253.63544488161
2026-01-29 13:45:00,105253.63544488161
2026-01-29 14:00:00,104701.58744849186
2026-01-29 14:15:00,104701.58744849186
2026-01-29 14:30:00,104701.58744849186
2026-01-29 14:45:00,104701.58744849186
2026-01-29 15:00:00,104429.69687499358
2026-01-29 15:15:00,104160.52520723027
2026-01-29 15:30:00,104160.52520723027
2026-01-29 15:45:00,104160.52520723027
2026-01-29 16:00:00,104160.52520723027
2026-01-29 16:15:00,104160.52520723027
2026-01-29 16:30:00,106711.67958568897
2026-01-29 16:45:00,107613.59012000261
2026-01-29 17:00:00,110484.82766285376
2026-01-29 17:15:00,111342.53560688604
2026-01-29 17:30:00,113182.81167509266
2026-01-29 17:45:00,115183.46191972341
2026-01-29 18:00:00,114579.86682236694
2026-01-29 18:15:00,113589.03285921988
2026-01-29 18:30:00,113589.03285921988
2026-01-29 18:45:00,113589.03285921988
2026-01-29 19:00:00,112574.4914230624
2026-01-29 19:15:00,111083.3712443255
2026-01-29 19:30:00,111083.3712443255
2026-01-29 19:45:00,111083.3712443255
2026-01-29 20:00:00,111083.3712443255
2026-01-29 20:15:00,111083.3712443255
2026-01-29 20:30:00,110755.24611198904
2026-01-29 20:45:00,110755.24611198904
2026-01-29 21:00:00,110755.24611198904
2026-01-29 21:15:00,110755.24611198904
2026-01-29 21:30:00,110755.24611198904
2026-01-29 21:45:00,110755.24611198904
2026-01-29 22:00:00,110755.24611198904
2026-01-29 22:15:00,110755.24611198904
2026-01-29 22:30:00,110147.69365086914
2026-01-29 22:45:00,105700.96695687808
2026-01-29 23:00:00,105700.96695687808
2026-01-29 23:15:00,106241.38873762434
2026-01-29 23:30:00,106241.38873762434
2026-01-29 23:45:00,105969.820003581
2026-01-30 01:00:00,106515.70059019337
2026-01-30 01:15:00,106515.70059019337
2026-01-30 01:30:00,106515.70059019337
2026-01-30 01:45:00,106515.70059019337
2026-01-30 02:00:00,106515.70059019337
2026-01-30 02:15:00,106515.70059019337
2026-01-30 02:30:00,106241.38873762434
2026-01-30 02:45:00,105700.96695687808
2026-01-30 03:00:00,104652.17256326671
2026-01-30 03:15:00,104396.49599096693
2026-01-30 03:30:00,104396.49599096693
2026-01-30 03:45:00,104396.49599096693
2026-01-30 04:00:00,104396.49599096693
2026-01-30 04:15:00,104396.49599096693
2026-01-30 04:30:00,104396.49599096693
2026-01-30 04:45:00,104105.65083763404
2026-01-30 05:00:00,103817.71413583447
2026-01-30 05:15:00,103817.71413583447
2026-01-30 05:30:00,103817.71413583447
2026-01-30 05:45:00,103817.71413583447
2026-01-30 06:00:00,103817.71413583447
2026-01-30 06:15:00,103817.71413583447
2026-01-30 06:30:00,103817.71413583447
2026-01-30 06:45:00,103817.71413583447
2026-01-30 07:00:00,103817.71413583447
2026-01-30 07:15:00,103817.71413583447
2026-01-30 07:30:00,103817.71413583447
2026-01-30 07:45:00,103817.71413583447
2026-01-30 08:00:00,103817.71413583447
2026-01-30 08:15:00,103817.71413583447
2026-01-30 08:30:00,103817.71413583447
2026-01-30 08:45:00,103817.71413583447
2026-01-30 09:00:00,103817.71413583447
2026-01-30 09:15:00,103532.6568010529
2026-01-30 09:30:00,110370.43727722947
2026-01-30 09:45:00,107395.43482285504
2026-01-30 10:00:00,108357.93844781039
2026-01-30 10:15:00,108357.93844781039
2026-01-30 10:30:00,111585.47376448751
2026-01-30 10:45:00,111585.47376448751
2026-01-30 11:00:00,111585.47376448751
2026-01-30 11:15:00,111585.47376448751
2026-01-30 11:30:00,111585.47376448751
2026-01-30 11:45:00,115014.47589166643
2026-01-30 12:00:00,115014.47589166643
2026-01-30 12:15:00,115014.47589166643
2026-01-30 12:30:00,115014.47589166643
2026-01-30 12:45:00,115014.47589166643
2026-01-30 13:00:00,115014.47589166643
2026-01-30 13:15:00,115014.47589166643
2026-01-30 13:30:00,115014.47589166643
2026-01-30 13:45:00,115014.47589166643
2026-01-30 14:00:00,115014.47589166643
2026-01-30 14:15:00,115014.47589166643
2026-01-30 14:30:00,115014.47589166643
2026-01-30 14:45:00,113889.90508960812
2026-01-30 15:00:00,113615.75563788516
2026-01-30 15:15:00,113615.75563788516
2026-01-30 15:30:00,111481.24643291955
2026-01-30 15:45:00,111481.24643291955
2026-01-30 16:00:00,111481.24643291955
2026-01-30 16:15:00,111481.24643291955
2026-01-30 16:30:00,111481.24643291955
2026-01-30 16:45:00,111481.24643291955
2026-01-30 17:00:00,111137.84192579609
2026-01-30 17:15:00,110797.87146374387
2026-01-30 17:30:00,111828.11967243822
2026-01-30 17:45:00,111828.11967243822
2026-01-30 18:00:00,111481.24643291955
2026-01-30 18:15:00,112532.41285338109
2026-01-30 18:30:00,112532.41285338109
2026-01-30 18:45:00,115315.27345867248
2026-01-30 19:00:00,114964.89644905769
2026-01-30 19:15:00,114964.89644905769
2026-01-30 19:30:00,114964.89644905769
2026-01-30 19:45:00,114964.89644905769
2026-01-30 20:00:00,114964.89644905769
2026-01-30 20:15:00,114964.89644905769
2026-01-30 20:30:00,114964.89644905769
2026-01-30 20:45:00,114964.89644905769
2026-01-30 21:00:00,114964.89644905769
2026-01-30 21:15:00,114964.89644905769
2026-01-30 21:30:00,114964.89644905769
2026-01-30 21:45:00,114964.89644905769
2026-01-30 22:00:00,114964.89644905769
2026-01-30 22:15:00,114964.89644905769
2026-01-30 22:30:00,114964.89644905769
2026-01-30 22:45:00,114964.89644905769
2026-01-30 23:00:00,114964.89644905769
2026-01-30 23:15:00,114964.89644905769
2026-01-30 23:30:00,114964.89644905769
2026-01-30 23:45:00,114964.89644905769
2026-02-02 01:00:00,117077.35447772626
2026-02-02 01:15:00,117985.68165264204
2026-02-02 01:30:00,117985.68165264204
2026-02-02 01:45:00,117985.68165264204
2026-02-02 02:00:00,117059.42924648075
2026-02-02 02:15:00,116756.83277382127
2026-02-02 02:30:00,116756.83277382127
2026-02-02 02:45:00,116756.83277382127
2026-02-02 03:00:00,120877.45657153767
2026-02-02 03:15:00,120877.45657153767
2026-02-02 03:30:00,120536.67982562762
2026-02-02 03:45:00,120536.67982562762
2026-02-02 04:00:00,120536.67982562762
2026-02-02 04:15:00,120536.67982562762
2026-02-02 04:30:00,120199.31084717668
2026-02-02 04:45:00,123611.64423088562
2026-02-02 05:00:00,121303.30430659268
2026-02-02 05:15:00,121303.30430659268
2026-02-02 05:30:00,121303.30430659268
2026-02-02 05:45:00,122440.41756979114
2026-02-02 06:00:00,122440.41756979117
2026-02-02 06:15:00,122440.41756979117
2026-02-02 06:30:00,122050.00868275968
2026-02-02 06:45:00,121716.01339409326
2026-02-02 07:00:00,121716.01339409326
2026-02-02 07:15:00,121716.01339409326
2026-02-02 07:30:00,121716.01339409326
2026-02-02 07:45:00,129341.00542187298
2026-02-02 08:00:00,129341.00542187298
2026-02-02 08:15:00,131819.05843126358
2026-02-02 08:30:00,133380.6939793895
2026-02-02 08:45:00,133380.6939793895
2026-02-02 09:00:00,133380.6939793895
2026-02-02 09:15:00,133380.6939793895
2026-02-02 09:30:00,133380.6939793895
2026-02-02 09:45:00,133380.6939793895
2026-02-02 10:00:00,132978.57282574708
2026-02-02 10:15:00,132546.8870395956
2026-02-02 10:30:00,132148.7870974896
2026-02-02 10:45:00,132148.7870974896
2026-02-02 11:00:00,131721.41816919963
2026-02-02 11:15:00,131298.32293019257
2026-02-02 11:30:00,131298.32293019257
2026-02-02 11:45:00,131298.32293019257
2026-02-02 12:00:00,131298.32293019257
2026-02-02 12:15:00,131298.32293019257
2026-02-02 12:30:00,130879.45864357559
2026-02-02 12:45:00,130879.45864357559
2026-02-02 13:00:00,130879.45864357559
2026-02-02 13:15:00,130879.45864357559
2026-02-02 13:30:00,130879.45864357559
2026-02-02 13:45:00,130879.45864357559
2026-02-02 14:00:00,130879.45864357559
2026-02-02 14:15:00,130879.45864357559
2026-02-02 14:30:00,130879.45864357559
2026-02-02 14:45:00,130879.45864357559
2026-02-02 15:00:00,130879.45864357559
2026-02-02 15:15:00,130879.45864357559
2026-02-02 15:30:00,130879.45864357559
2026-02-02 15:45:00,130879.45864357559
2026-02-02 16:00:00,130879.45864357559
2026-02-02 16:15:00,130879.45864357559
2026-02-02 16:30:00,130879.45864357559
2026-02-02 16:45:00,130879.45864357559
2026-02-02 17:00:00,132061.81547163043
2026-02-02 17:15:00,132061.81547163043
2026-02-02 17:30:00,132061.81547163043
2026-02-02 17:45:00,131647.1398278796
2026-02-02 18:00:00,131647.1398278796
2026-02-02 18:15:00,131236.61094056632
2026-02-02 18:30:00,131236.61094056632
2026-02-02 18:45:00,131236.61094056632
2026-02-02 19:00:00,131236.61094056632
2026-02-02 19:15:00,131236.61094056632
2026-02-02 19:30:00,131236.61094056632
2026-02-02 19:45:00,131236.61094056632
2026-02-02 20:00:00,131236.61094056632
2026-02-02 20:15:00,131236.61094056632
2026-02-02 20:30:00,131236.61094056632
2026-02-02 20:45:00,131236.61094056632
2026-02-02 21:00:00,131236.61094056632
2026-02-02 21:15:00,131236.61094056632
2026-02-02 21:30:00,130427.82797967037
2026-02-02 21:45:00,128429.91674657326
2026-02-02 22:00:00,128429.91674657326
2026-02-02 22:15:00,128429.91674657326
2026-02-02 22:30:00,128429.91674657326
2026-02-02 22:45:00,128429.91674657326
2026-02-02 23:00:00,128035.56433543035
2026-02-02 23:15:00,128035.56433543035
2026-02-02 23:30:00,128035.56433543035
2026-02-02 23:45:00,128035.56433543035
2026-02-03 01:00:00,129230.61187786024
2026-02-03 01:15:00,126122.17232822944
2026-02-03 01:30:00,126122.17232822944
2026-02-03 01:45:00,130437.68996522758
2026-02-03 02:00:00,130437.68996522756
2026-02-03 02:15:00,131680.9803952159
2026-02-03 02:30:00,131680.9803952159
2026-02-03 02:45:00,131254.11734758658
2026-02-03 03:00:00,130831.52293043354
2026-02-03 03:15:00,136138.22011046123
2026-02-03 03:30:00,136138.22011046123
2026-02-03 03:45:00,136138.22011046123
2026-02-03 04:00:00,134738.00969591487
2026-02-03 04:15:00,134280.57635527855
2026-02-03 04:30:00,133827.71734804858
2026-02-03 04:45:00,135666.78466567944
2026-02-03 05:00:00,135666.78466567944
2026-02-03 05:15:00,135666.78466567944
2026-02-03 05:30:00,135666.78466567944
2026-02-03 05:45:00,135666.78466567944
2026-02-03 06:00:00,135666.78466567944
2026-02-03 06:15:00,135666.78466567944
2026-02-03 06:30:00,135666.78466567944
2026-02-03 06:45:00,135666.78466567944
2026-02-03 07:00:00,135276.83790935663
2026-02-03 07:15:00,135276.83790935663
2026-02-03 07:30:00,135276.83790935663
2026-02-03 07:45:00,135276.83790935663
2026-02-03 08:00:00,135276.83790935663
2026-02-03 08:15:00,138236.78820564976
2026-02-03 08:30:00,144429.92602310542
2026-02-03 08:45:00,144429.92602310542
2026-02-03 09:00:00,144429.92602310542
2026-02-03 09:15:00,148936.37014171245
2026-02-03 09:30:00,158171.1786487858
2026-02-03 09:45:00,161104.2727515066
2026-02-03 10:00:00,160665.3842418343
2026-02-03 10:15:00,160665.3842418343
2026-02-03 10:30:00,161817.19264245732
2026-02-03 10:45:00,160699.02071603277
2026-02-03 11:00:00,160013.62506009848
2026-02-03 11:15:00,159335.0833607235
2026-02-03 11:30:00,159288.79569373673
2026-02-03 11:45:00,159288.79569373673
2026-02-03 12:00:00,159288.79569373673
2026-02-03 12:15:00,159288.79569373673
2026-02-03 12:30:00,157159.31520184514
2026-02-03 12:45:00,157159.31520184514
2026-02-03 13:00:00,155627.53813761368
2026-02-03 13:15:00,155627.53813761368
2026-02-03 13:30:00,155627.53813761368
2026-02-03 13:45:00,155627.53813761368
2026-02-03 14:00:00,155197.38350928389
2026-02-03 14:15:00,154145.40967419103
2026-02-03 14:30:00,153103.95557744912
2026-02-03 14:45:00,153103.95557744912
2026-02-03 15:00:00,153103.95557744912
2026-02-03 15:15:00,153103.95557744912
2026-02-03 15:30:00,153103.95557744912
2026-02-03 15:45:00,153103.95557744912
2026-02-03 16:00:00,152490.2946273884
2026-02-03 16:15:00,151281.32118967373
2026-02-03 16:30:00,153227.72229228757
2026-02-03 16:45:00,154556.11318069266
2026-02-03 17:00:00,155924.3557957501
2026-02-03 17:15:00,157333.6456892591
2026-02-03 17:30:00,156744.165429138
2026-02-03 17:45:00,156744.165429138
2026-02-03 18:00:00,156744.165429138
2026-02-03 18:15:00,197093.73263122677
2026-02-03 18:30:00,206246.63982111993
2026-02-03 18:45:00,206246.63982111993
2026-02-03 19:00:00,204100.2055202548
2026-02-03 19:15:00,204100.2055202548
2026-02-03 19:30:00,203043.0596618237
2026-02-03 19:45:00,204100.2055202548
2026-02-03 20:00:00,204100.2055202548
2026-02-03 20:15:00,204100.2055202548
2026-02-03 20:30:00,200960.3766061286
2026-02-03 20:45:00,200960.3766061286
2026-02-03 21:00:00,200960.3766061286
2026-02-03 21:15:00,200960.3766061286
2026-02-03 21:30:00,200960.3766061286
2026-02-03 21:45:00,200960.3766061286
2026-02-03 22:00:00,200960.3766061286
2026-02-03 22:15:00,200960.3766061286
2026-02-03 22:30:00,200960.3766061286
2026-02-03 22:45:00,199997.50277455337
2026-02-03 23:00:00,199997.50277455337
2026-02-03 23:15:00,199997.50277455337
2026-02-03 23:30:00,199997.50277455337
2026-02-03 23:45:00,199997.50277455337
2026-02-04 01:00:00,198971.75520526356
2026-02-04 01:15:00,198971.75520526356
2026-02-04 01:30:00,198971.75520526356
2026-02-04 01:45:00,197956.26511166664
2026-02-04 02:00:00,197956.26511166664
2026-02-04 02:15:00,197956.26511166664
2026-02-04 02:30:00,197956.26511166664
2026-02-04 02:45:00,197956.26511166664
2026-02-04 03:00:00,200972.2706896495
2026-02-04 03:15:00,200972.2706896495
2026-02-04 03:30:00,198993.06279888185
2026-02-04 03:45:00,198993.06279888185
2026-02-04 04:00:00,199462.54798275302
2026-02-04 04:15:00,199462.54798275302
2026-02-04 04:30:00,199462.54798275302
2026-02-04 04:45:00,199462.54798275302
2026-02-04 05:00:00,199462.54798275302
2026-02-04 05:15:00,199462.54798275302
2026-02-04 05:30:00,199462.54798275302
2026-02-04 05:45:00,199462.54798275302
2026-02-04 06:00:00,199462.54798275302
2026-02-04 06:15:00,199462.54798275302
2026-02-04 06:30:00,199462.54798275302
2026-02-04 06:45:00,199462.54798275302
2026-02-04 07:00:00,199462.54798275302
2026-02-04 07:15:00,199462.54798275302
2026-02-04 07:30:00,198993.06279888185
2026-02-04 07:45:00,198993.06279888185
2026-02-04 08:00:00,194953.6010018356
2026-02-04 08:15:00,197967.92250292544
2026-02-04 08:30:00,197967.92250292544
2026-02-04 08:45:00,198437.40768679662
2026-02-04 09:00:00,198437.40768679662
2026-02-04 09:15:00,197422.51879379977
2026-02-04 09:30:00,197422.51879379977
2026-02-04 09:45:00,197422.51879379977
2026-02-04 10:00:00,196028.1008491841
2026-02-04 10:15:00,196488.2432778962
2026-02-04 10:30:00,194488.81066980318
2026-02-04 10:45:00,194488.81066980318
2026-02-04 11:00:00,193043.92256310512
2026-02-04 11:15:00,194028.66824109107
2026-02-04 11:30:00,195023.36084511725
2026-02-04 11:45:00,195023.36084511725
2026-02-04 12:00:00,195023.36084511725
2026-02-04 12:15:00,195023.36084511725
2026-02-04 12:30:00,195023.36084511725
2026-02-04 12:45:00,194028.66824109107
2026-02-04 13:00:00,194028.66824109107
2026-02-04 13:15:00,190148.377356301
2026-02-04 13:30:00,190148.377356301
2026-02-04 13:45:00,190148.377356301
2026-02-04 14:00:00,190148.377356301
2026-02-04 14:15:00,189241.85075749527
2026-02-04 14:30:00,189241.85075749527
2026-02-04 14:45:00,189241.85075749527
2026-02-04 15:00:00,188795.37501905835
2026-02-04 15:15:00,188795.37501905835
2026-02-04 15:30:00,188795.37501905835
2026-02-04 15:45:00,188795.37501905835
2026-02-04 16:00:00,188795.37501905835
2026-02-04 16:15:00,188795.37501905835
2026-02-04 16:30:00,216535.74188757752
2026-02-04 16:45:00,216535.74188757752
2026-02-04 17:00:00,216535.74188757752
2026-02-04 17:15:00,220205.78120104712
2026-02-04 17:30:00,227879.4664015808
2026-02-04 17:45:00,227879.4664015808
2026-02-04 18:00:00,227879.4664015808
2026-02-04 18:15:00,227879.4664015808
2026-02-04 18:30:00,227879.4664015808
2026-02-04 18:45:00,227879.4664015808
2026-02-04 19:00:00,227879.4664015808
2026-02-04 19:15:00,227879.4664015808
2026-02-04 19:30:00,227879.4664015808
2026-02-04 19:45:00,227879.4664015808
2026-02-04 20:00:00,227879.4664015808
2026-02-04 20:15:00,227879.4664015808
2026-02-04 20:30:00,227879.4664015808
2026-02-04 20:45:00,227879.4664015808
2026-02-04 21:00:00,227879.4664015808
2026-02-04 21:15:00,227879.4664015808
2026-02-04 21:30:00,226566.64958675663
2026-02-04 21:45:00,226137.76677385232
2026-02-04 22:00:00,226137.76677385232
2026-02-04 22:15:00,226137.76677385232
2026-02-04 22:30:00,226137.76677385232
2026-02-04 22:45:00,226137.76677385232
2026-02-04 23:00:00,226137.76677385232
2026-02-04 23:15:00,226137.76677385232
2026-02-04 23:30:00,223653.049118424
2026-02-04 23:45:00,223253.30231020303
2026-02-05 01:00:00,223253.30231020303
2026-02-05 01:15:00,227263.6533590927
2026-02-05 01:30:00,227263.6533590927
2026-02-05 01:45:00,227263.6533590927
2026-02-05 02:00:00,225886.76616564055
2026-02-05 02:15:00,225886.76616564055
2026-02-05 02:30:00,225886.76616564055
2026-02-05 02:45:00,225886.76616564055
2026-02-05 03:00:00,220515.53609465086
2026-02-05 03:15:00,223174.16070582048
2026-02-05 03:30:00,223174.16070582048
2026-02-05 03:45:00,223174.16070582048
2026-02-05 04:00:00,215430.46416918398
2026-02-05 04:15:00,215430.46416918398
2026-02-05 04:30:00,215430.46416918398
2026-02-05 04:45:00,219206.13007384312
2026-02-05 05:00:00,223095.06595564203
2026-02-05 05:15:00,221364.11529608566
2026-02-05 05:30:00,221364.11529608566
2026-02-05 05:45:00,221364.11529608566
2026-02-05 06:00:00,221364.11529608566
2026-02-05 06:15:00,220042.26598986218
2026-02-05 06:30:00,219650.4741431248
2026-02-05 06:45:00,218878.60502586744
2026-02-05 07:00:00,218878.60502586744
2026-02-05 07:15:00,218878.60502586744
2026-02-05 07:30:00,218878.60502586744
2026-02-05 07:45:00,214991.84064769727
2026-02-05 08:00:00,213722.07747831772
2026-02-05 08:15:00,212084.85670353455
2026-02-05 08:30:00,211708.5030188081
2026-02-05 08:45:00,213722.07747831772
2026-02-05 09:00:00,212965.56855649382
2026-02-05 09:15:00,212465.011940632
2026-02-05 09:30:00,212465.011940632
2026-02-05 09:45:00,212465.011940632
2026-02-05 10:00:00,211708.5030188081
2026-02-05 10:15:00,211708.5030188081
2026-02-05 10:30:00,211708.5030188081
2026-02-05 10:45:00,209882.44056327693
2026-02-05 11:00:00,209528.11103995302
2026-02-05 11:15:00,209528.11103995302
2026-02-05 11:30:00,208283.61615764417
2026-02-05 11:45:00,207932.8299295535
2026-02-05 12:00:00,207932.8299295535
2026-02-05 12:15:00,207585.55156374376
2026-02-05 12:30:00,207585.55156374376
2026-02-05 12:45:00,206353.50163025796
2026-02-05 13:00:00,206353.50163025796
2026-02-05 13:15:00,205133.77219610705
2026-02-05 13:30:00,205133.77219610705
2026-02-05 13:45:00,205133.77219610705
2026-02-05 14:00:00,205133.77219610705
2026-02-05 14:15:00,208756.36861553526
2026-02-05 14:30:00,221861.9113630831
2026-02-05 14:45:00,223323.80713508464
2026-02-05 15:00:00,230899.93228222535
2026-02-05 15:15:00,230899.93228222535
2026-02-05 15:30:00,229901.11636093486
2026-02-05 15:45:00,229901.11636093486
2026-02-05 16:00:00,229901.11636093486
2026-02-05 16:15:00,229901.11636093486
2026-02-05 16:30:00,225838.94415102253
2026-02-05 16:45:00,224557.87330389873
2026-02-05 17:00:00,224557.87330389873
2026-02-05 17:15:00,224557.87330389873
2026-02-05 17:30:00,224080.5547095123
2026-02-05 17:45:00,224080.5547095123
2026-02-05 18:00:00,224080.5547095123
2026-02-05 18:15:00,220616.351670793
2026-02-05 18:30:00,221408.7874532445
2026-02-05 18:45:00,208400.9201266734
2026-02-05 19:00:00,208400.9201266734
2026-02-05 19:15:00,208400.9201266734
2026-02-05 19:30:00,208400.9201266734
2026-02-05 19:45:00,208400.9201266734
2026-02-05 20:00:00,208400.9201266734
2026-02-05 20:15:00,208400.9201266734
2026-02-05 20:30:00,208400.9201266734
2026-02-05 20:45:00,208400.9201266734
2026-02-05 21:00:00,208400.9201266734
2026-02-05 21:15:00,208400.9201266734
2026-02-05 21:30:00,207275.42126267304
2026-02-05 21:45:00,207275.42126267304
2026-02-05 22:00:00,207275.42126267304
2026-02-05 22:15:00,207275.42126267304
2026-02-05 22:30:00,207275.42126267304
2026-02-05 22:45:00,207275.42126267304
2026-02-05 23:00:00,207275.42126267304
2026-02-05 23:15:00,207275.42126267304
2026-02-05 23:30:00,231840.34965271252
2026-02-05 23:45:00,233215.8806645117
2026-02-06 01:00:00,237295.56014229392
2026-02-06 01:15:00,234632.67760666495
2026-02-06 01:30:00,253159.8356716782
2026-02-06 01:45:00,253159.8356716782
2026-02-06 02:00:00,253159.8356716782
2026-02-06 02:15:00,253159.8356716782
2026-02-06 02:30:00,253159.8356716782
2026-02-06 02:45:00,253159.8356716782
2026-02-06 03:00:00,253159.8356716782
2026-02-06 03:15:00,253159.8356716782
2026-02-06 03:30:00,253159.8356716782
2026-02-06 03:45:00,250113.9979261789
2026-02-06 04:00:00,248613.8845722272
2026-02-06 04:15:00,247128.77235181502
2026-02-06 04:30:00,245658.511253607
2026-02-06 04:45:00,245658.511253607
2026-02-06 05:00:00,245658.511253607
2026-02-06 05:15:00,245658.511253607
2026-02-06 05:30:00,245658.511253607
2026-02-06 05:45:00,245658.511253607
2026-02-06 06:00:00,245658.511253607
2026-02-06 06:15:00,245658.511253607
2026-02-06 06:30:00,243684.2664402617
2026-02-06 06:45:00,243202.98226308508
2026-02-06 07:00:00,243202.98226308508
2026-02-06 07:15:00,243202.98226308508
2026-02-06 07:30:00,243202.98226308508
2026-02-06 07:45:00,243202.98226308508
2026-02-06 08:00:00,247569.65772476303
2026-02-06 08:15:00,246070.4324829203
2026-02-06 08:30:00,244586.19949349592
2026-02-06 08:45:00,244586.19949349592
2026-02-06 09:00:00,244109.72815809105
2026-02-06 09:15:00,244109.72815809105
2026-02-06 09:30:00,244109.72815809105
2026-02-06 09:45:00,244109.72815809105
2026-02-06 10:00:00,241185.64074562618
2026-02-06 10:15:00,241185.64074562618
2026-02-06 10:30:00,241185.64074562618
2026-02-06 10:45:00,241185.64074562618
2026-02-06 11:00:00,241189.39210631402
2026-02-06 11:15:00,242647.82900684935
2026-02-06 11:30:00,242647.82900684935
2026-02-06 11:45:00,242647.82900684935
2026-02-06 12:00:00,242647.82900684935
2026-02-06 12:15:00,242647.82900684935
2026-02-06 12:30:00,242647.82900684935
2026-02-06 12:45:00,242647.82900684935
2026-02-06 13:00:00,242647.82900684935
2026-02-06 13:15:00,242647.82900684935
2026-02-06 13:30:00,242647.82900684935
2026-02-06 13:45:00,242647.82900684935
2026-02-06 14:00:00,242647.82900684935
2026-02-06 14:15:00,242647.82900684935
2026-02-06 14:30:00,241222.08071929796
2026-02-06 14:45:00,241222.08071929796
2026-02-06 15:00:00,286211.0127880239
2026-02-06 15:15:00,286211.0127880239
2026-02-06 15:30:00,303471.03227647865
2026-02-06 15:45:00,303471.03227647865
2026-02-06 16:00:00,301437.051956231
2026-02-06 16:15:00,298426.9587341767
2026-02-06 16:30:00,293599.0035752992
2026-02-06 16:45:00,295042.0013028149
2026-02-06 17:00:00,302445.5247830256
2026-02-06 17:15:00,301955.049855443
2026-02-06 17:30:00,301955.049855443
2026-02-06 17:45:00,301955.049855443
2026-02-06 18:00:00,303411.7603903633
2026-02-06 18:15:00,301377.7800701156
2026-02-06 18:30:00,301377.7800701156
2026-02-06 18:45:00,301377.7800701156
2026-02-06 19:00:00,301377.7800701156
2026-02-06 19:15:00,301377.7800701156
2026-02-06 19:30:00,322272.2497059239
2026-02-06 19:45:00,322272.2497059239
2026-02-06 20:00:00,322272.2497059239
2026-02-06 20:15:00,322272.2497059239
2026-02-06 20:30:00,322272.2497059239
2026-02-06 20:45:00,322272.2497059239
2026-02-06 21:00:00,322272.2497059239
2026-02-06 21:15:00,322272.2497059239
2026-02-06 21:30:00,322272.2497059239
2026-02-06 21:45:00,322272.2497059239
2026-02-06 22:00:00,321772.1124222679
2026-02-06 22:15:00,321772.1124222679
2026-02-06 22:30:00,317349.16784759535
2026-02-06 22:45:00,323636.8396513167
2026-02-06 23:00:00,323636.8396513167
2026-02-06 23:15:00,323057.0434647835
2026-02-06 23:30:00,322483.0452401157
2026-02-06 23:45:00,320326.4730301357
2026-02-09 01:00:00,328757.2203827685
2026-02-09 01:15:00,346140.54572313005
2026-02-09 01:30:00,335217.16887696297
2026-02-09 01:45:00,336905.8956338558
2026-02-09 02:00:00,344182.8485752875
2026-02-09 02:15:00,342282.17173272197
2026-02-09 02:30:00,342282.17173272197
2026-02-09 02:45:00,341648.6127852001
2026-02-09 03:00:00,341648.6127852001
2026-02-09 03:15:00,341648.6127852001
2026-02-09 03:30:00,341021.3894271535
2026-02-09 03:45:00,341021.3894271535
2026-02-09 04:00:00,341021.3894271535
2026-02-09 04:15:00,341021.3894271535
2026-02-09 04:30:00,341021.3894271535
2026-02-09 04:45:00,341021.3894271535
2026-02-09 05:00:00,341021.3894271535
2026-02-09 05:15:00,341021.3894271535
2026-02-09 05:30:00,341021.3894271535
2026-02-09 05:45:00,340400.43830268737
2026-02-09 06:00:00,340400.43830268737
2026-02-09 06:15:00,340400.43830268737
2026-02-09 06:30:00,340400.43830268737
2026-02-09 06:45:00,340400.43830268737
2026-02-09 07:00:00,339785.6966894659
2026-02-09 07:15:00,339177.1024923766
2026-02-09 07:30:00,338574.5942372582
2026-02-09 07:45:00,338574.5942372582
2026-02-09 08:00:00,339785.6966894659
2026-02-09 08:15:00,339785.6966894659
2026-02-09 08:30:00,339785.6966894659
2026-02-09 08:45:00,339177.1024923766
2026-02-09 09:00:00,339177.1024923766
2026-02-09 09:15:00,341611.4792807338
2026-02-09 09:30:00,341611.47928073374
2026-02-09 09:45:00,340984.62725773174
2026-02-09 10:00:00,339141.43219614885
2026-02-09 10:15:00,331739.9412913937
2026-02-09 10:30:00,331739.9412913937
2026-02-09 10:45:00,329518.6719151144
2026-02-09 11:00:00,327319.61523259775
2026-02-09 11:15:00,327319.61523259775
2026-02-09 11:30:00,332272.36993834464
2026-02-09 11:45:00,336204.424623029
2026-02-09 12:00:00,344801.5036270249
2026-02-09 12:15:00,347114.3503887614
2026-02-09 12:30:00,332310.61744794494
2026-02-09 12:45:00,332310.61744794494
2026-02-09 13:00:00,331664.5773891569
2026-02-09 13:15:00,325198.47331894183
2026-02-09 13:30:00,323086.0682439525
2026-02-09 13:45:00,323086.0682439525
2026-02-09 14:00:00,321186.4527011323
2026-02-09 14:15:00,320565.86919836036
2026-02-09 14:30:00,320994.7872197131
2026-02-09 14:45:00,320994.7872197131
2026-02-09 15:00:00,323298.8577761216
2026-02-09 15:15:00,322678.27427334967
2026-02-09 15:30:00,320565.86919836036
2026-02-09 15:45:00,320565.86919836036
2026-02-09 16:00:00,318474.588174121
2026-02-09 16:15:00,316404.21996012394
2026-02-09 16:30:00,325806.2658681295
2026-02-09 16:45:00,325160.6082844375
2026-02-09 17:00:00,325160.6082844375
2026-02-09 17:15:00,325160.6082844375
2026-02-09 17:30:00,331497.8235094053
2026-02-09 17:45:00,331497.8235094053
2026-02-09 18:00:00,331497.8235094053
2026-02-09 18:15:00,331497.8235094053
2026-02-09 18:30:00,331497.8235094053
2026-02-09 18:45:00,331497.8235094053
2026-02-09 19:00:00,331497.8235094053
2026-02-09 19:15:00,331497.8235094053
2026-02-09 19:30:00,331497.8235094053
2026-02-09 19:45:00,331497.8235094053
2026-02-09 20:00:00,331497.8235094053
2026-02-09 20:15:00,331497.8235094053
2026-02-09 20:30:00,331497.8235094053
2026-02-09 20:45:00,331497.8235094053
2026-02-09 21:00:00,331497.8235094053
2026-02-09 21:15:00,331497.8235094053
2026-02-09 21:30:00,331497.8235094053
2026-02-09 21:45:00,331497.8235094053
2026-02-09 22:00:00,331497.8235094053
2026-02-09 22:15:00,328979.1164972541
2026-02-09 22:30:00,330225.81350377365
2026-02-09 22:45:00,330225.81350377365
2026-02-09 23:00:00,330225.81350377365
2026-02-09 23:15:00,330225.81350377365
2026-02-09 23:30:00,330225.81350377365
2026-02-09 23:45:00,330225.81350377365
2026-02-10 01:00:00,336753.1451854904
2026-02-10 01:15:00,343476.29681765893
2026-02-10 01:30:00,341168.0147572811
2026-02-10 01:45:00,338256.3346097083
2026-02-10 02:00:00,337022.1045732539
2026-02-10 02:15:00,337022.1045732539
2026-02-10 02:30:00,337022.1045732539
2026-02-10 02:45:00,337022.1045732539
2026-02-10 03:00:00,337022.1045732539
2026-02-10 03:15:00,337022.1045732539
2026-02-10 03:30:00,337022.1045732539
2026-02-10 03:45:00,337022.1045732539
2026-02-10 04:00:00,330302.7070138216
2026-02-10 04:15:00,323782.882281302
2026-02-10 04:30:00,325017.1123177564
2026-02-10 04:45:00,325017.1123177564
2026-02-10 05:00:00,325017.1123177564
2026-02-10 05:15:00,325017.1123177564
2026-02-10 05:30:00,325017.1123177564
2026-02-10 05:45:00,325017.1123177564
2026-02-10 06:00:00,325017.1123177564
2026-02-10 06:15:00,325017.1123177564
2026-02-10 06:30:00,325017.1123177564
2026-02-10 06:45:00,325017.1123177564
2026-02-10 07:00:00,325017.1123177564
2026-02-10 07:15:00,325017.1123177564
2026-02-10 07:30:00,325017.1123177564
2026-02-10 07:45:00,316624.23966934194
2026-02-10 08:00:00,312552.64733637637
2026-02-10 08:15:00,310710.54350156576
2026-02-10 08:30:00,310108.7484411931
2026-02-10 08:45:00,309512.9713314241
2026-02-10 09:00:00,309512.9713314241
2026-02-10 09:15:00,309512.9713314241
2026-02-10 09:30:00,309512.9713314241
2026-02-10 09:45:00,308923.15199275286
2026-02-10 10:00:00,303416.6943049892
2026-02-10 10:15:00,303416.6943049892
2026-02-10 10:30:00,315390.00963288755
2026-02-10 10:45:00,315390.00963288755
2026-02-10 11:00:00,334759.75732587755
2026-02-10 11:15:00,334759.75732587755
2026-02-10 11:30:00,334759.75732587755
2026-02-10 11:45:00,334759.75732587755
2026-02-10 12:00:00,334759.75732587755
2026-02-10 12:15:00,334759.75732587755
2026-02-10 12:30:00,334759.75732587755
2026-02-10 12:45:00,334759.75732587755
2026-02-10 13:00:00,334759.75732587755
2026-02-10 13:15:00,334759.75732587755
2026-02-10 13:30:00,334759.75732587755
2026-02-10 13:45:00,334759.75732587755
2026-02-10 14:00:00,334759.75732587755
2026-02-10 14:15:00,334759.75732587755
2026-02-10 14:30:00,334759.75732587755
2026-02-10 14:45:00,334759.75732587755
2026-02-10 15:00:00,332520.03355097503
2026-02-10 15:15:00,330302.7070138216
2026-02-10 15:30:00,328107.5537420396
2026-02-10 15:45:00,325326.4782046192
2026-02-10 16:00:00,324724.6831442465
2026-02-10 16:15:00,326897.88488331065
2026-02-10 16:30:00,328685.2162126175
2026-02-10 16:45:00,328685.2162126175
2026-02-10 17:00:00,328071.56578955555
2026-02-10 17:15:00,328071.56578955555
2026-02-10 17:30:00,328071.56578955555
2026-02-10 17:45:00,328071.56578955555
2026-02-10 18:00:00,328071.56578955555
2026-02-10 18:15:00,328071.56578955555
2026-02-10 18:30:00,328071.56578955555
2026-02-10 18:45:00,328071.56578955555
2026-02-10 19:00:00,328071.56578955555
2026-02-10 19:15:00,323746.8943288179
2026-02-10 19:30:00,323746.8943288179
2026-02-10 19:45:00,320407.9866058866
2026-02-10 20:00:00,320407.9866058866
2026-02-10 20:15:00,320407.9866058866
2026-02-10 20:30:00,320407.9866058866
2026-02-10 20:45:00,320407.9866058866
2026-02-10 21:00:00,320407.9866058866
2026-02-10 21:15:00,320407.9866058866
2026-02-10 21:30:00,314145.068981929
2026-02-10 21:45:00,314145.068981929
2026-02-10 22:00:00,314145.068981929
2026-02-10 22:15:00,314145.068981929
2026-02-10 22:30:00,310073.4766489634
2026-02-10 22:45:00,310073.4766489634
2026-02-10 23:00:00,308068.16627432045
2026-02-10 23:15:00,308068.16627432045
2026-02-10 23:30:00,308068.16627432045
2026-02-10 23:45:00,308068.16627432045
2026-02-11 01:00:00,306299.69628809666
2026-02-11 01:15:00,323504.516812242
2026-02-11 01:30:00,323504.516812242
2026-02-11 01:45:00,323504.516812242
2026-02-11 02:00:00,323504.516812242
2026-02-11 02:15:00,321353.0470905685
2026-02-11 02:30:00,320769.4716441196
2026-02-11 02:45:00,320769.4716441196
2026-02-11 03:00:00,314714.66212213435
2026-02-11 03:15:00,314714.66212213435
2026-02-11 03:30:00,314714.66212213435
2026-02-11 03:45:00,319812.56221403996
2026-02-11 04:00:00,319812.56221403996
2026-02-11 04:15:00,315616.3378203577
2026-02-11 04:30:00,315616.3378203577
2026-02-11 04:45:00,315616.3378203577
2026-02-11 05:00:00,315616.3378203577
2026-02-11 05:15:00,324387.74335031526
2026-02-11 05:30:00,325549.05848874856
2026-02-11 05:45:00,324387.74335031526
2026-02-11 06:00:00,324387.74335031526
2026-02-11 06:15:00,323249.53838313674
2026-02-11 06:30:00,321584.55899629556
2026-02-11 06:45:00,315133.75384361926
2026-02-11 07:00:00,317262.4478708029
2026-02-11 07:15:00,317262.4478708029
2026-02-11 07:30:00,318366.84701225127
2026-02-11 07:45:00,317811.87256931234
2026-02-11 08:00:00,315683.1785421287
2026-02-11 08:15:00,315683.1785421287
2026-02-11 08:30:00,315683.1785421287
2026-02-11 08:45:00,315683.1785421287
2026-02-11 09:00:00,328649.72911012097
2026-02-11 09:15:00,325863.23181901977
2026-02-11 09:30:00,325319.30136749544
2026-02-11 09:45:00,320912.0446528304
2026-02-11 10:00:00,320912.0446528304
2026-02-11 10:15:00,322527.5180938578
2026-02-11 10:30:00,326380.1289271034
2026-02-11 10:45:00,326380.1289271034
2026-02-11 11:00:00,325831.0295044982
2026-02-11 11:15:00,325831.0295044982
2026-02-11 11:30:00,321585.75920565904
2026-02-11 11:45:00,343800.10259436234
2026-02-11 12:00:00,356054.5072839657
2026-02-11 12:15:00,365547.7485378878
2026-02-11 12:30:00,449618.4384153356
2026-02-11 12:45:00,449618.4384153356
2026-02-11 13:00:00,449618.4384153356
2026-02-11 13:15:00,449618.4384153356
2026-02-11 13:30:00,449618.4384153356
2026-02-11 13:45:00,449618.4384153356
2026-02-11 14:00:00,449618.4384153356
2026-02-11 14:15:00,449618.4384153356
2026-02-11 14:30:00,449618.4384153356
2026-02-11 14:45:00,449618.4384153356
2026-02-11 15:00:00,449618.4384153356
2026-02-11 15:15:00,449618.4384153356
2026-02-11 15:30:00,453948.23269792326
2026-02-11 15:45:00,456211.0301138825
2026-02-11 16:00:00,456211.0301138825
2026-02-11 16:15:00,456211.0301138825
2026-02-11 16:30:00,456949.3122725217
2026-02-11 16:45:00,456949.3122725217
2026-02-11 17:00:00,453664.09575086227
2026-02-11 17:15:00,453664.09575086227
2026-02-11 17:30:00,453664.09575086227
2026-02-11 17:45:00,452879.8191497965
2026-02-11 18:00:00,452103.3853147414
2026-02-11 18:15:00,452103.3853147414
2026-02-11 18:30:00,448851.0209582985
2026-02-11 18:45:00,448851.0209582985
2026-02-11 19:00:00,448851.0209582985
2026-02-11 19:15:00,447321.3686598565
2026-02-11 19:30:00,447321.3686598565
2026-02-11 19:45:00,446567.99568613636
2026-02-11 20:00:00,440160.5126675083
2026-02-11 20:15:00,437004.7467848161
2026-02-11 20:30:00,437004.7467848161
2026-02-11 20:45:00,437004.7467848161
2026-02-11 21:00:00,436258.90754083317
2026-02-11 21:15:00,437004.7467848161
2026-02-11 21:30:00,437004.7467848161
2026-02-11 21:45:00,433880.53856095084
2026-02-11 22:00:00,433880.53856095084
2026-02-11 22:15:00,433880.53856095084
2026-02-11 22:30:00,433880.53856095084
2026-02-11 22:45:00,433880.53856095084
2026-02-11 23:00:00,433880.53856095084
2026-02-11 23:15:00,433880.53856095084
2026-02-11 23:30:00,415780.54690937547
2026-02-11 23:45:00,415780.54690937547
2026-02-12 01:00:00,427725.5359391139
2026-02-12 01:15:00,424694.11982370575
2026-02-12 01:30:00,424694.11982370575
2026-02-12 01:45:00,424694.11982370575
2026-02-12 02:00:00,424694.11982370575
2026-02-12 02:15:00,424694.11982370575
2026-02-12 02:30:00,423209.89972817973
2026-02-12 02:45:00,422478.9026851521
2026-02-12 03:00:00,423209.89972817973
2026-02-12 03:15:00,423209.89972817973
2026-02-12 03:30:00,421755.2156125547
2026-02-12 03:45:00,421038.76541068323
2026-02-12 04:00:00,421038.76541068323
2026-02-12 04:15:00,421038.76541068323
2026-02-12 04:30:00,421038.76541068323
2026-02-12 04:45:00,421038.76541068323
2026-02-12 05:00:00,421038.76541068323
2026-02-12 05:15:00,421038.76541068323
2026-02-12 05:30:00,421038.76541068323
2026-02-12 05:45:00,421038.76541068323
2026-02-12 06:00:00,421038.76541068323
2026-02-12 06:15:00,421038.76541068323
2026-02-12 06:30:00,421038.76541068323
2026-02-12 06:45:00,421038.76541068323
2026-02-12 07:00:00,421038.76541068323
2026-02-12 07:15:00,421038.76541068323
2026-02-12 07:30:00,421038.76541068323
2026-02-12 07:45:00,421038.76541068323
2026-02-12 08:00:00,418037.663456429
2026-02-12 08:15:00,409213.22627124214
2026-02-12 08:30:00,406330.3797083824
2026-02-12 08:45:00,406330.3797083824
2026-02-12 09:00:00,406330.3797083824
2026-02-12 09:15:00,406330.3797083824
2026-02-12 09:30:00,406330.3797083824
2026-02-12 09:45:00,406330.3797083824
2026-02-12 10:00:00,409239.89487742196
2026-02-12 10:15:00,409239.89487742196
2026-02-12 10:30:00,409239.89487742196
2026-02-12 10:45:00,409239.89487742196
2026-02-12 11:00:00,409239.89487742196
2026-02-12 11:15:00,409239.89487742196
2026-02-12 11:30:00,409239.89487742196
2026-02-12 11:45:00,409239.89487742196
2026-02-12 12:00:00,408501.51402587886
2026-02-12 12:15:00,397255.5439695674
2026-02-12 12:30:00,397255.5439695674
2026-02-12 12:45:00,402822.0180123889
2026-02-12 13:00:00,402822.0180123889
2026-02-12 13:15:00,402822.0180123889
2026-02-12 13:30:00,402822.0180123889
2026-02-12 13:45:00,402822.0180123889
2026-02-12 14:00:00,402822.0180123889
2026-02-12 14:15:00,402822.0180123889
2026-02-12 14:30:00,402822.0180123889
2026-02-12 14:45:00,400024.79487529263
2026-02-12 15:00:00,399293.797832265
2026-02-12 15:15:00,398570.1107596676
2026-02-12 15:30:00,399448.5350986504
2026-02-12 15:45:00,398965.75756493787
2026-02-12 16:00:00,398190.24280198984
2026-02-12 16:15:00,397422.4831866713
2026-02-12 16:30:00,396662.4011675059
2026-02-12 16:45:00,407043.4303242805
2026-02-12 17:00:00,407043.4303242805
2026-02-12 17:15:00,401420.7292709254
2026-02-12 17:30:00,401420.7292709254
2026-02-12 17:45:00,401420.7292709254
2026-02-12 18:00:00,418285.4672867921
2026-02-12 18:15:00,418285.4672867921
2026-02-12 18:30:00,418285.4672867921
2026-02-12 18:45:00,415347.5690009082
2026-02-12 19:00:00,415347.5690009082
2026-02-12 19:15:00,415347.5690009082
2026-02-12 19:30:00,415347.5690009082
2026-02-12 19:45:00,415347.5690009082
2026-02-12 20:00:00,415347.5690009082
2026-02-12 20:15:00,415097.5690009082
2026-02-12 20:30:00,415097.5690009082
2026-02-12 20:45:00,415097.5690009082
2026-02-12 21:00:00,415097.5690009082
2026-02-12 21:15:00,415097.5690009082
2026-02-12 21:30:00,415097.5690009082
2026-02-12 21:45:00,415097.5690009082
2026-02-12 22:00:00,415097.5690009082
2026-02-12 22:15:00,415097.5690009082
2026-02-12 22:30:00,415097.5690009082
2026-02-12 22:45:00,415097.5690009082
2026-02-12 23:00:00,415097.5690009082
2026-02-12 23:15:00,415097.5690009082
2026-02-12 23:30:00,415097.5690009082
2026-02-12 23:45:00,415097.5690009082
2026-02-13 00:00:00,415097.5690009082
2026-02-13 00:15:00,415097.5690009082
2026-02-13 00:30:00,415097.5690009082
2026-02-13 00:45:00,415097.5690009082
2026-02-13 01:00:00,415097.5690009082
2026-02-13 01:15:00,415097.5690009082
2026-02-13 01:30:00,415097.5690009082
2026-02-13 01:45:00,415097.5690009082
2026-02-13 02:00:00,405714.0194320093
2026-02-13 02:15:00,402891.8860608034
2026-02-13 02:30:00,402891.8860608034
2026-02-13 02:45:00,402891.8860608034
2026-02-13 03:00:00,404976.5126088952
2026-02-13 03:15:00,395864.3625281934
2026-02-13 03:30:00,395864.3625281934
2026-02-13 03:45:00,407097.0206229071
2026-02-13 04:00:00,407097.0206229071
2026-02-13 04:15:00,407097.0206229071
2026-02-13 04:30:00,407827.1523777901
2026-02-13 04:45:00,407827.1523777901
2026-02-13 05:00:00,407827.1523777901
2026-02-13 05:15:00,407827.1523777901
2026-02-13 05:30:00,407827.1523777901
2026-02-13 05:45:00,407827.1523777901
2026-02-13 06:00:00,407827.1523777901
2026-02-13 06:15:00,404976.5126088952
2026-02-13 06:30:00,404976.5126088952
2026-02-13 06:45:00,404976.5126088952
2026-02-13 07:00:00,404729.0126088952
2026-02-13 07:15:00,399112.96720019536
2026-02-13 07:30:00,393608.68109512865
2026-02-13 07:45:00,390652.72603906033
2026-02-13 08:00:00,387726.3305335528
2026-02-13 08:15:00,387726.3305335528
2026-02-13 08:30:00,400596.12112175056
2026-02-13 08:45:00,400360.75108440034
2026-02-13 09:00:00,401316.5923867256
2026-02-13 09:15:00,401074.01763672556
2026-02-13 09:30:00,401074.01763672556
2026-02-13 09:45:00,401074.01763672556
2026-02-13 10:00:00,401074.01763672556
2026-02-13 10:15:00,401074.01763672556
2026-02-13 10:30:00,401074.01763672556
2026-02-13 10:45:00,401074.01763672556
2026-02-13 11:00:00,403017.60123029083
2026-02-13 11:15:00,395126.09736461693
2026-02-13 11:30:00,397730.20595986524
2026-02-13 11:45:00,397730.20595986524
2026-02-13 12:00:00,397730.20595986524
2026-02-13 12:15:00,397730.20595986524
2026-02-13 12:30:00,397730.20595986524
2026-02-13 12:45:00,382415.1542788038
2026-02-13 13:00:00,384903.9750754282
2026-02-13 13:15:00,384066.01648931176
2026-02-13 13:30:00,382511.5122517693
2026-02-13 13:45:00,382511.5122517693
2026-02-13 14:00:00,372654.6186294986
2026-02-13 14:15:00,370251.69123951904
2026-02-13 14:30:00,370251.69123951904
2026-02-13 14:45:00,370251.69123951904
2026-02-13 15:00:00,370251.69123951904
2026-02-13 15:15:00,370251.69123951904
2026-02-13 15:30:00,360877.88348181674
2026-02-13 15:45:00,360877.88348181674
2026-02-13 16:00:00,360877.88348181674
2026-02-13 16:15:00,408959.17134344514
2026-02-13 16:30:00,408959.17134344514
2026-02-13 16:45:00,410014.8752941628
2026-02-13 17:00:00,410014.8752941628
2026-02-13 17:15:00,409200.84133628296
2026-02-13 17:30:00,409200.84133628296
2026-02-13 17:45:00,400179.7315568469
2026-02-13 18:00:00,397495.9108013393
2026-02-13 18:15:00,397910.7609356891
2026-02-13 18:30:00,397910.7609356891
2026-02-13 18:45:00,397910.7609356891
2026-02-13 19:00:00,397910.7609356891
2026-02-13 19:15:00,397910.7609356891
2026-02-13 19:30:00,397910.7609356891
2026-02-13 19:45:00,397910.7609356891
2026-02-13 20:00:00,397910.7609356891
2026-02-13 20:15:00,397910.7609356891
2026-02-13 20:30:00,397910.7609356891
2026-02-13 20:45:00,397910.7609356891
2026-02-13 21:00:00,405881.70857954654
2026-02-13 21:15:00,405881.70857954654
2026-02-13 21:30:00,405881.70857954654
2026-02-13 21:45:00,399234.8327592899
2026-02-13 22:00:00,401557.3255377405
2026-02-13 22:15:00,400775.3677657966
2026-02-13 22:30:00,401557.3255377405
2026-02-13 22:45:00,401557.3255377405
2026-02-13 23:00:00,401557.3255377405
2026-02-13 23:15:00,401557.3255377405
2026-02-13 23:30:00,401557.3255377405
2026-02-13 23:45:00,401557.3255377405
2026-02-16 00:00:00,401557.3255377405
2026-02-16 00:15:00,401557.3255377405
2026-02-16 00:30:00,401557.3255377405
2026-02-16 00:45:00,401557.3255377405
2026-02-16 01:00:00,383151.61970203085
2026-02-16 01:15:00,380626.35165624076
2026-02-16 01:30:00,380626.35165624076
2026-02-16 01:45:00,378126.33629090857
2026-02-16 02:00:00,388278.93672184745
2026-02-16 02:15:00,388893.1203959384
2026-02-16 02:30:00,388893.1203959384
2026-02-16 02:45:00,388893.1203959384
2026-02-16 03:00:00,388893.1203959384
2026-02-16 03:15:00,378740.5199649995
2026-02-16 03:30:00,378740.5199649995
2026-02-16 03:45:00,378740.5199649995
2026-02-16 04:00:00,378740.5199649995
2026-02-16 04:15:00,378740.5199649995
2026-02-16 04:30:00,378740.5199649995
2026-02-16 04:45:00,409352.31457296375
2026-02-16 05:00:00,409352.31457296375
2026-02-16 05:15:00,407811.7795664571
2026-02-16 05:30:00,407811.7795664571
2026-02-16 05:45:00,413474.48331464734
2026-02-16 06:00:00,413474.48331464734
2026-02-16 06:15:00,413474.48331464734
2026-02-16 06:30:00,413474.48331464734
2026-02-16 06:45:00,413474.48331464734
2026-02-16 07:00:00,422011.2226335269
2026-02-16 07:15:00,410462.12135098194
2026-02-16 07:30:00,408952.2429911047
2026-02-16 07:45:00,408952.2429911047
2026-02-16 08:00:00,408952.2429911047
2026-02-16 08:15:00,406136.78683778155
2026-02-16 08:30:00,414668.7594130139
2026-02-16 08:45:00,414668.7594130139
2026-02-16 09:00:00,415287.0104536237
2026-02-16 09:15:00,415287.0104536237
2026-02-16 09:30:00,415287.0104536237
2026-02-16 09:45:00,415287.0104536237
2026-02-16 10:00:00,414543.3763930631
2026-02-16 10:15:00,411670.7550755208
2026-02-16 10:30:00,411670.7550755208
2026-02-16 10:45:00,411670.7550755208
2026-02-16 11:00:00,411670.7550755208
2026-02-16 11:15:00,419309.8846894421
2026-02-16 11:30:00,419309.8846894421
2026-02-16 11:45:00,419309.8846894421
2026-02-16 12:00:00,417692.83254741464
2026-02-16 12:15:00,412033.48128972464
2026-02-16 12:30:00,412837.9444156579
2026-02-16 12:45:00,412837.9444156579
2026-02-16 13:00:00,406107.9730579399
2026-02-16 13:15:00,405342.9366296659
2026-02-16 13:30:00,405342.9366296659
2026-02-16 13:45:00,405342.9366296659
2026-02-16 14:00:00,405342.9366296659
2026-02-16 14:15:00,399851.6737636805
2026-02-16 14:30:00,399851.6737636805
2026-02-16 14:45:00,398807.6729732559
2026-02-16 15:00:00,398523.92439408693
2026-02-16 15:15:00,398243.0133007096
2026-02-16 15:30:00,397964.91131826607
2026-02-16 15:45:00,397964.91131826607
2026-02-16 16:00:00,406680.3596408359
2026-02-16 16:15:00,410190.43422315945
2026-02-16 16:30:00,415853.5543942258
2026-02-16 16:45:00,418439.7814557488
2026-02-16 17:00:00,416672.7849197475
2026-02-16 17:15:00,416672.7849197475
2026-02-16 17:30:00,408631.6192064761
2026-02-16 17:45:00,408631.6192064761
2026-02-16 18:00:00,407059.80509923527
2026-02-16 18:15:00,406285.6669050108
2026-02-16 18:30:00,411001.18821236654
2026-02-16 18:45:00,411001.18821236654
2026-02-16 19:00:00,411001.18821236654
2026-02-16 19:15:00,408241.75963649456
2026-02-16 19:30:00,408241.75963649456
2026-02-16 19:45:00,408241.75963649456
2026-02-16 20:00:00,408241.75963649456
2026-02-16 20:15:00,402805.4093991689
2026-02-16 20:30:00,402805.4093991689
2026-02-16 20:45:00,402805.4093991689
2026-02-16 21:00:00,402805.4093991689
2026-02-16 21:15:00,402805.4093991689
2026-02-16 21:30:00,402805.4093991689
2026-02-16 21:45:00,402805.4093991689
2026-02-16 22:00:00,402805.4093991689
2026-02-16 22:15:00,402805.4093991689
2026-02-16 22:30:00,402805.4093991689
2026-02-16 22:45:00,402805.4093991689
2026-02-16 23:00:00,402805.4093991689
2026-02-16 23:15:00,402805.4093991689
2026-02-16 23:30:00,402805.4093991689
2026-02-16 23:45:00,402805.4093991689
2026-02-17 00:00:00,402805.4093991689
2026-02-17 00:15:00,402805.4093991689
2026-02-17 00:30:00,402805.4093991689
2026-02-17 00:45:00,402805.4093991689
2026-02-17 01:00:00,391441.554159273
2026-02-17 01:15:00,391441.554159273
2026-02-17 01:30:00,390636.13765417074
2026-02-17 01:45:00,390636.13765417074
2026-02-17 02:00:00,385517.92182053736
2026-02-17 02:15:00,385517.92182053736
2026-02-17 02:30:00,385517.92182053736
2026-02-17 02:45:00,384720.55948048615
2026-02-17 03:00:00,384720.55948048615
2026-02-17 03:15:00,381912.742602332
2026-02-17 03:30:00,377072.601433722
2026-02-17 03:45:00,376306.6583513446
2026-02-17 04:00:00,375548.3746997909
2026-02-17 04:15:00,370631.8369916838
2026-02-17 04:30:00,370631.8369916838
2026-02-17 04:45:00,370631.8369916838
2026-02-17 05:00:00,370066.3566651909
2026-02-17 05:15:00,370066.3566651909
2026-02-17 05:30:00,370066.3566651909
2026-02-17 05:45:00,370066.3566651909
2026-02-17 06:00:00,370066.3566651909
2026-02-17 06:15:00,370066.3566651909
2026-02-17 06:30:00,370066.3566651909
2026-02-17 06:45:00,370066.3566651909
2026-02-17 07:00:00,384813.0272787536
2026-02-17 07:15:00,466492.63979672117
2026-02-17 07:30:00,476649.7980510426
2026-02-17 07:45:00,476649.7980510426
2026-02-17 08:00:00,473162.5070503922
2026-02-17 08:15:00,473162.5070503922
2026-02-17 08:30:00,469710.0889597484
2026-02-17 08:45:00,469710.0889597484
2026-02-17 09:00:00,469710.0889597484
2026-02-17 09:15:00,469710.0889597484
2026-02-17 09:30:00,469710.0889597484
2026-02-17 09:45:00,469710.0889597484
2026-02-17 10:00:00,469710.0889597484
2026-02-17 10:15:00,469710.0889597484
2026-02-17 10:30:00,468959.38814471033
2026-02-17 10:45:00,468216.19433782256
2026-02-17 11:00:00,468216.19433782256
2026-02-17 11:15:00,468216.19433782256
2026-02-17 11:30:00,468216.19433782256
2026-02-17 11:45:00,468216.19433782256
2026-02-17 12:00:00,461414.58545744506
2026-02-17 12:15:00,460678.8235886262
2026-02-17 12:30:00,458515.3901253131
2026-02-17 12:45:00,459229.2991308662
2026-02-17 13:00:00,459229.2991308662
2026-02-17 13:15:00,459229.2991308662
2026-02-17 13:30:00,459229.2991308662
2026-02-17 13:45:00,459229.2991308662
2026-02-17 14:00:00,459229.2991308662
2026-02-17 14:15:00,459229.2991308662
2026-02-17 14:30:00,459229.2991308662
2026-02-17 14:45:00,455879.4213099325
2026-02-17 15:00:00,451849.13326165517
2026-02-17 15:15:00,448565.9180093581
2026-02-17 15:30:00,448565.9180093581
2026-02-17 15:45:00,445315.53490958404
2026-02-17 16:00:00,445315.53490958404
2026-02-17 16:15:00,445315.53490958404
2026-02-17 16:30:00,445315.53490958404
2026-02-17 16:45:00,445315.53490958404
2026-02-17 17:00:00,444608.76499408646
2026-02-17 17:15:00,444608.76499408646
2026-02-17 17:30:00,444608.76499408646
2026-02-17 17:45:00,444608.76499408646
2026-02-17 18:00:00,438205.1852492216
2026-02-17 18:15:00,438205.1852492216
2026-02-17 18:30:00,438205.1852492216
2026-02-17 18:45:00,438205.1852492216
2026-02-17 19:00:00,438205.1852492216
2026-02-17 19:15:00,438205.1852492216
2026-02-17 19:30:00,436812.77783869987
2026-02-17 19:45:00,435448.0793356475
2026-02-17 20:00:00,435448.0793356475
2026-02-17 20:15:00,423020.6776750713
2026-02-17 20:30:00,429171.9308277054
2026-02-17 20:45:00,419991.1082203494
2026-02-17 21:00:00,419991.1082203494
2026-02-17 21:15:00,419991.1082203494
2026-02-17 21:30:00,419991.1082203494
2026-02-17 21:45:00,419991.1082203494
2026-02-17 22:00:00,419318.9770631426
2026-02-17 22:15:00,419318.9770631426
2026-02-17 22:30:00,416696.9967728132
2026-02-17 22:45:00,416696.9967728132
2026-02-17 23:00:00,416696.9967728132
2026-02-17 23:15:00,416696.9967728132
2026-02-17 23:30:00,416696.9967728132
2026-02-17 23:45:00,416696.9967728132
2026-02-18 00:00:00,416696.9967728132
2026-02-18 00:15:00,416696.9967728132
2026-02-18 00:30:00,416696.9967728132
2026-02-18 00:45:00,416696.9967728132
2026-02-18 01:00:00,416696.9967728132
2026-02-18 01:15:00,418653.56721750775
2026-02-18 01:30:00,418653.56721750775
2026-02-18 01:45:00,416696.9967728132
2026-02-18 02:00:00,416696.9967728132
2026-02-18 02:15:00,413697.72301263845
2026-02-18 02:30:00,410728.4419900655
2026-02-18 02:45:00,407788.85377771826
2026-02-18 03:00:00,401997.57104057295
2026-02-18 03:15:00,399145.29153772065
2026-02-18 03:30:00,410728.4419900655
2026-02-18 03:45:00,410728.4419900655
2026-02-18 04:00:00,410728.4419900655
2026-02-18 04:15:00,410728.4419900655
2026-02-18 04:30:00,413697.72301263845
2026-02-18 04:45:00,413697.72301263845
2026-02-18 05:00:00,413697.72301263845
2026-02-18 05:15:00,413697.72301263845
2026-02-18 05:30:00,413697.72301263845
2026-02-18 05:45:00,413697.72301263845
2026-02-18 06:00:00,413697.72301263845
2026-02-18 06:15:00,413697.72301263845
2026-02-18 06:30:00,419624.7405218745
2026-02-18 06:45:00,419624.7405218745
2026-02-18 07:00:00,419624.7405218745
2026-02-18 07:15:00,419624.7405218745
2026-02-18 07:30:00,415615.29314083303
2026-02-18 07:45:00,415615.29314083303
2026-02-18 08:00:00,412388.64591466833
2026-02-18 08:15:00,412388.64591466833
2026-02-18 08:30:00,412388.64591466833
2026-02-18 08:45:00,412388.64591466833
2026-02-18 09:00:00,411762.54664291657
2026-02-18 09:15:00,410529.0684676384
2026-02-18 09:30:00,410529.0684676384
2026-02-18 09:45:00,410529.0684676384
2026-02-18 10:00:00,428391.0315990157
2026-02-18 10:15:00,433178.52145216014
2026-02-18 10:30:00,433178.52145216014
2026-02-18 10:45:00,433178.52145216014
2026-02-18 11:00:00,435680.51553354005
2026-02-18 11:15:00,435680.51553354005
2026-02-18 11:30:00,435680.51553354005
2026-02-18 11:45:00,435680.51553354005
2026-02-18 12:00:00,429771.64629861986
2026-02-18 12:15:00,429771.64629861986
2026-02-18 12:30:00,429771.64629861986
2026-02-18 12:45:00,429771.64629861986
2026-02-18 13:00:00,429771.64629861986
2026-02-18 13:15:00,429771.64629861986
2026-02-18 13:30:00,428062.2005424183
2026-02-18 13:45:00,428062.2005424183
2026-02-18 14:00:00,411031.7985045132
2026-02-18 14:15:00,416594.8815945969
2026-02-18 14:30:00,409673.09953068476
2026-02-18 14:45:00,408872.438649538
2026-02-18 15:00:00,417175.130497552
2026-02-18 15:15:00,417175.130497552
2026-02-18 15:30:00,414820.8680432888
2026-02-18 15:45:00,414051.7563954961
2026-02-18 16:00:00,414051.7563954961
2026-02-18 16:15:00,414051.7563954961
2026-02-18 16:30:00,449829.1831571696
2026-02-18 16:45:00,449829.1831571702
2026-02-18 17:00:00,452392.6073064134
2026-02-18 17:15:00,450100.2147642565
2026-02-18 17:30:00,450100.2147642565
2026-02-18 17:45:00,450100.2147642565
2026-02-18 18:00:00,450100.2147642565
2026-02-18 18:15:00,450100.2147642565
2026-02-18 18:30:00,450100.2147642565
2026-02-18 18:45:00,450100.2147642565
2026-02-18 19:00:00,450100.2147642565
2026-02-18 19:15:00,450100.2147642565
2026-02-18 19:30:00,446891.8496288215
2026-02-18 19:45:00,446891.8496288215
2026-02-18 20:00:00,446891.8496288215
2026-02-18 20:15:00,437457.9759929536
2026-02-18 20:30:00,430849.5620964968
2026-02-18 20:45:00,434446.99556604604
2026-02-18 21:00:00,434446.99556604604
2026-02-18 21:15:00,434446.99556604604
2026-02-18 21:30:00,434446.99556604604
2026-02-18 21:45:00,433712.9745229295
2026-02-18 22:00:00,433712.9745229295
2026-02-18 22:15:00,433712.9745229295
2026-02-18 22:30:00,430631.0317752075
2026-02-18 22:45:00,430631.0317752075
2026-02-18 23:00:00,427579.9084549628
2026-02-18 23:15:00,427579.9084549628
2026-02-18 23:30:00,427579.9084549628
2026-02-18 23:45:00,427579.9084549628
2026-02-19 00:00:00,427579.9084549628
2026-02-19 00:15:00,427579.9084549628
2026-02-19 00:30:00,427579.9084549628
2026-02-19 00:45:00,427579.9084549628
2026-02-19 01:00:00,445975.43606504996
2026-02-19 01:15:00,445248.7552323646
2026-02-19 01:30:00,423832.61553523515
2026-02-19 01:45:00,423832.61553523515
2026-02-19 02:00:00,423832.61553523515
2026-02-19 02:15:00,423832.61553523515
2026-02-19 02:30:00,423832.61553523515
2026-02-19 02:45:00,423832.61553523515
2026-02-19 03:00:00,423832.61553523515
2026-02-19 03:15:00,423832.61553523515
2026-02-19 03:30:00,423832.61553523515
2026-02-19 03:45:00,412049.22285653744
2026-02-19 04:00:00,417881.7076625531
2026-02-19 04:15:00,417881.7076625531
2026-02-19 04:30:00,417881.7076625531
2026-02-19 04:45:00,417881.7076625531
2026-02-19 05:00:00,417881.7076625531
2026-02-19 05:15:00,417881.7076625531
2026-02-19 05:30:00,412049.22285653744
2026-02-19 05:45:00,402797.98261800193
2026-02-19 06:00:00,408457.236792794
2026-02-19 06:15:00,408457.236792794
2026-02-19 06:30:00,420122.7955447047
2026-02-19 06:45:00,418705.477975316
2026-02-19 07:00:00,404289.3366715896
2026-02-19 07:15:00,404289.3366715896
2026-02-19 07:30:00,404289.3366715896
2026-02-19 07:45:00,404289.3366715896
2026-02-19 08:00:00,404289.3366715896
2026-02-19 08:15:00,404289.3366715896
2026-02-19 08:30:00,404289.3366715896
2026-02-19 08:45:00,406300.9593202982
2026-02-19 09:00:00,406300.9593202982
2026-02-19 09:15:00,409860.30996450025
2026-02-19 09:30:00,409860.30996450025
2026-02-19 09:45:00,409134.0593486682
2026-02-19 10:00:00,408415.0712389945
2026-02-19 10:15:00,416594.6140499258
2026-02-19 10:30:00,415015.3626731201
2026-02-19 10:45:00,413467.5383987129
2026-02-19 11:00:00,412705.2154985387
2026-02-19 11:15:00,412705.2154985387
2026-02-19 11:30:00,411950.51582736627
2026-02-19 11:45:00,411950.51582736627
2026-02-19 12:00:00,411950.51582736627
2026-02-19 12:15:00,411950.51582736627
2026-02-19 12:30:00,411950.51582736627
2026-02-19 12:45:00,411950.51582736627
2026-02-19 13:00:00,409106.6695083752
2026-02-19 13:15:00,409106.6695083752
2026-02-19 13:30:00,409106.6695083752
2026-02-19 13:45:00,409106.6695083752
2026-02-19 14:00:00,409106.6695083752
2026-02-19 14:15:00,409106.6695083752
2026-02-19 14:30:00,409106.6695083752
2026-02-19 14:45:00,409106.6695083752
2026-02-19 15:00:00,409106.6695083752
2026-02-19 15:15:00,409106.6695083752
2026-02-19 15:30:00,409106.6695083752
2026-02-19 15:45:00,408359.51683391456
2026-02-19 16:00:00,408359.51683391456
2026-02-19 16:15:00,408359.51683391456
2026-02-19 16:30:00,419734.9021098787
2026-02-19 16:45:00,416109.72849593114
2026-02-19 17:00:00,415406.29908435454
2026-02-19 17:15:00,415406.29908435454
2026-02-19 17:30:00,414020.4728006075
2026-02-19 17:45:00,413337.93594598415
2026-02-19 18:00:00,410408.7742374234
2026-02-19 18:15:00,404638.0327553878
2026-02-19 18:30:00,404638.0327553878
2026-02-19 18:45:00,401795.87007873296
2026-02-19 19:00:00,401795.87007873296
2026-02-19 19:15:00,401795.87007873296
2026-02-19 19:30:00,401795.87007873296
2026-02-19 19:45:00,407508.90414594824
2026-02-19 20:00:00,407508.90414594824
2026-02-19 20:15:00,407508.90414594824
2026-02-19 20:30:00,407508.90414594824
2026-02-19 20:45:00,407508.90414594824
2026-02-19 21:00:00,407508.90414594824
2026-02-19 21:15:00,407508.90414594824
2026-02-19 21:30:00,407508.90414594824
2026-02-19 21:45:00,407508.90414594824
2026-02-19 22:00:00,407508.90414594824
2026-02-19 22:15:00,407508.90414594824
2026-02-19 22:30:00,404638.0327553878
2026-02-19 22:45:00,401975.45989136095
2026-02-19 23:00:00,401326.3741339241
2026-02-19 23:15:00,398484.21145726927
2026-02-19 23:30:00,398484.21145726927
2026-02-19 23:45:00,398484.21145726927
2026-02-20 00:00:00,398484.21145726927
2026-02-20 00:15:00,398484.21145726927
2026-02-20 00:30:00,398484.21145726927
2026-02-20 00:45:00,398484.21145726927
2026-02-20 01:00:00,401326.3741339241
2026-02-20 01:15:00,401326.3741339241
2026-02-20 01:30:00,402631.1020705901
2026-02-20 01:45:00,394189.5947046577
2026-02-20 02:00:00,394189.5947046577
2026-02-20 02:15:00,394189.5947046577
2026-02-20 02:30:00,393533.95252542855
2026-02-20 02:45:00,388046.0347954675
2026-02-20 03:00:00,385343.16636977164
2026-02-20 03:15:00,385343.16636977164
2026-02-20 03:30:00,384694.0806123348
2026-02-20 03:45:00,384694.0806123348
2026-02-20 04:00:00,385343.16636977164
2026-02-20 04:15:00,385343.16636977164
2026-02-20 04:30:00,385343.16636977164
2026-02-20 04:45:00,385343.16636977164
2026-02-20 05:00:00,385343.16636977164
2026-02-20 05:15:00,385343.16636977164
2026-02-20 05:30:00,385343.16636977164
2026-02-20 05:45:00,385343.16636977164
2026-02-20 06:00:00,385343.16636977164
2026-02-20 06:15:00,385343.16636977164
2026-02-20 06:30:00,374799.2901284455
2026-02-20 06:45:00,374799.2901284455
2026-02-20 07:00:00,380018.2452843082
2026-02-20 07:15:00,380018.2452843082
2026-02-20 07:30:00,381965.50255661877
2026-02-20 07:45:00,379342.91202603455
2026-02-20 08:00:00,379342.91202603455
2026-02-20 08:15:00,381348.5870165143
2026-02-20 08:30:00,380659.9719364495
2026-02-20 08:45:00,380659.9719364495
2026-02-20 09:00:00,378063.60731117113
2026-02-20 09:15:00,375493.2063321455
2026-02-20 09:30:00,370923.7062701027
2026-02-20 09:45:00,374136.5657629098
2026-02-20 10:00:00,372266.78043364594
2026-02-20 10:15:00,371591.86879367445
2026-02-20 10:30:00,371591.86879367445
2026-02-20 10:45:00,371591.86879367445
2026-02-20 11:00:00,375702.9696831694
2026-02-20 11:15:00,425596.2169700043
2026-02-20 11:30:00,425596.2169700043
2026-02-20 11:45:00,420672.6370198445
2026-02-20 12:00:00,414525.29988991586
2026-02-20 12:15:00,414525.29988991586
2026-02-20 12:30:00,414525.29988991586
2026-02-20 12:45:00,409972.5966713893
2026-02-20 13:00:00,407730.27651868446
2026-02-20 13:15:00,407730.27651868446
2026-02-20 13:30:00,402865.86926562426
2026-02-20 13:45:00,400470.08758284827
2026-02-20 14:00:00,398098.2637169
2026-02-20 14:15:00,412693.4509427842
2026-02-20 14:30:00,410199.3934432366
2026-02-20 14:45:00,410199.3934432366
2026-02-20 15:00:00,410199.3934432366
2026-02-20 15:15:00,410199.3934432366
2026-02-20 15:30:00,410199.3934432366
2026-02-20 15:45:00,410199.3934432366
2026-02-20 16:00:00,410199.3934432366
2026-02-20 16:15:00,410199.3934432366
2026-02-20 16:30:00,410199.3934432366
2026-02-20 16:45:00,425236.3155137588
2026-02-20 17:00:00,414914.49492647283
2026-02-20 17:15:00,412398.22698708833
2026-02-20 17:30:00,412398.22698708833
2026-02-20 17:45:00,412398.22698708833
2026-02-20 18:00:00,412398.22698708833
2026-02-20 18:15:00,412398.22698708833
2026-02-20 18:30:00,412398.22698708833
2026-02-20 18:45:00,412398.22698708833
2026-02-20 19:00:00,419871.5427670604
2026-02-20 19:15:00,418767.1719220021
2026-02-20 19:30:00,418767.1719220021
2026-02-20 19:45:00,418767.1719220021
2026-02-20 20:00:00,418767.1719220021
2026-02-20 20:15:00,418767.1719220021
2026-02-20 20:30:00,418767.1719220021
2026-02-20 20:45:00,418767.1719220021
2026-02-20 21:00:00,418767.1719220021
2026-02-20 21:15:00,418767.1719220021
2026-02-20 21:30:00,418767.1719220021
2026-02-20 21:45:00,426464.6871753732
2026-02-20 22:00:00,426464.6871753732
2026-02-20 22:15:00,426464.6871753732
2026-02-20 22:30:00,426464.6871753732
2026-02-20 22:45:00,426464.6871753732
2026-02-20 23:00:00,426464.6871753732
2026-02-20 23:15:00,426464.6871753732
2026-02-20 23:30:00,434393.1278863453
2026-02-20 23:45:00,459634.32580169523
2026-02-23 00:00:00,459634.32580169523
2026-02-23 00:15:00,459634.32580169523
2026-02-23 00:30:00,459634.32580169523
2026-02-23 00:45:00,459634.32580169523
2026-02-23 01:00:00,612104.6498242838
2026-02-23 01:15:00,616146.8953972575
2026-02-23 01:30:00,619204.1553457123
2026-02-23 01:45:00,618174.8095497948
2026-02-23 02:00:00,604410.8030404642
2026-02-23 02:15:00,605166.0123759198
2026-02-23 02:30:00,605166.0123759198
2026-02-23 02:45:00,599642.8584169826
2026-02-23 03:00:00,599642.8584169826
2026-02-23 03:15:00,599642.8584169826
2026-02-23 03:30:00,599642.8584169826
2026-02-23 03:45:00,601796.8222088134
2026-02-23 04:00:00,601796.8222088134
2026-02-23 04:15:00,601796.8222088134
2026-02-23 04:30:00,601796.8222088134
2026-02-23 04:45:00,601796.8222088134
2026-02-23 05:00:00,597389.7540167889
2026-02-23 05:15:00,597389.7540167889
2026-02-23 05:30:00,597389.7540167889
2026-02-23 05:45:00,597389.7540167889
2026-02-23 06:00:00,597389.7540167889
2026-02-23 06:15:00,597389.7540167889
2026-02-23 06:30:00,597389.7540167889
2026-02-23 06:45:00,597389.7540167889
2026-02-23 07:00:00,597389.7540167889
2026-02-23 07:15:00,597389.7540167889
2026-02-23 07:30:00,597389.7540167889
2026-02-23 07:45:00,597389.7540167889
2026-02-23 08:00:00,597389.7540167889
2026-02-23 08:15:00,597389.7540167889
2026-02-23 08:30:00,597389.7540167889
2026-02-23 08:45:00,597389.7540167889
2026-02-23 09:00:00,584431.2151120281
2026-02-23 09:15:00,593026.7565066846
2026-02-23 09:30:00,593026.7565066846
2026-02-23 09:45:00,593026.7565066846
2026-02-23 10:00:00,589811.9384875305
2026-02-23 10:15:00,594174.9359976347
2026-02-23 10:30:00,593124.6903125846
2026-02-23 10:45:00,593124.6903125846
2026-02-23 11:00:00,603913.5491613988
2026-02-23 11:15:00,603913.5491613988
2026-02-23 11:30:00,603913.5491613988
2026-02-23 11:45:00,603913.5491613988
2026-02-23 12:00:00,603913.5491613988
2026-02-23 12:15:00,599391.4218985543
2026-02-23 12:30:00,598289.0113544951
2026-02-23 12:45:00,598289.0113544951
2026-02-23 13:00:00,598289.0113544951
2026-02-23 13:15:00,598289.0113544951
2026-02-23 13:30:00,596117.1523416438
2026-02-23 13:45:00,595047.4844931536
2026-02-23 14:00:00,593988.5133231485
2026-02-23 14:15:00,602765.9173447111
2026-02-23 14:30:00,600504.9679026545
2026-02-23 14:45:00,600504.9679026545
2026-02-23 15:00:00,599391.4218985543
2026-02-23 15:15:00,599391.4218985543
2026-02-23 15:30:00,599391.4218985543
2026-02-23 15:45:00,599391.4218985543
2026-02-23 16:00:00,599391.4218985543
2026-02-23 16:15:00,595028.4243884501
2026-02-23 16:30:00,643155.4205426764
2026-02-23 16:45:00,656322.6332229666
2026-02-23 17:00:00,656322.6332229666
2026-02-23 17:15:00,656322.6332229666
2026-02-23 17:30:00,651412.041087336
2026-02-23 17:45:00,647238.6244337738
2026-02-23 18:00:00,642377.1382194996
2026-02-23 18:15:00,642377.1382194996
2026-02-23 18:30:00,642377.1382194996
2026-02-23 18:45:00,642377.1382194996
2026-02-23 19:00:00,642377.1382194996
2026-02-23 19:15:00,642377.1382194996
2026-02-23 19:30:00,642377.1382194996
2026-02-23 19:45:00,642377.1382194996
2026-02-23 20:00:00,642377.1382194996
2026-02-23 20:15:00,642377.1382194996
2026-02-23 20:30:00,642377.1382194996
2026-02-23 20:45:00,642377.1382194996
2026-02-23 21:00:00,642377.1382194996
2026-02-23 21:15:00,642377.1382194996
2026-02-23 21:30:00,642377.1382194996
2026-02-23 21:45:00,642377.1382194996
2026-02-23 22:00:00,642377.1382194996
2026-02-23 22:15:00,642377.1382194996
2026-02-23 22:30:00,642377.1382194996
2026-02-23 22:45:00,642377.1382194996
2026-02-23 23:00:00,642377.1382194996
2026-02-23 23:15:00,642377.1382194996
2026-02-23 23:30:00,642377.1382194996
2026-02-23 23:45:00,642377.1382194996
2026-02-24 00:00:00,642377.1382194996
2026-02-24 00:15:00,642377.1382194996
2026-02-24 00:30:00,642377.1382194996
2026-02-24 00:45:00,642377.1382194996
2026-02-24 01:00:00,642377.1382194996
2026-02-24 01:15:00,642377.1382194996
2026-02-24 01:30:00,642377.1382194996
2026-02-24 01:45:00,637564.2668673682
2026-02-24 02:00:00,632799.5242287581
2026-02-24 02:15:00,625928.4652247032
2026-02-24 02:30:00,625928.4652247032
2026-02-24 02:45:00,625928.4652247032
2026-02-24 03:00:00,625928.4652247032
2026-02-24 03:15:00,625928.4652247032
2026-02-24 03:30:00,625928.4652247032
2026-02-24 03:45:00,625928.4652247032
2026-02-24 04:00:00,621258.5409646014
2026-02-24 04:15:00,621258.5409646014
2026-02-24 04:30:00,624441.1036465715
2026-02-24 04:45:00,615240.8858617451
2026-02-24 05:00:00,610709.6630220925
2026-02-24 05:15:00,610709.6630220924
2026-02-24 05:30:00,610709.6630220924
2026-02-24 05:45:00,610709.6630220924
2026-02-24 06:00:00,610709.6630220924
2026-02-24 06:15:00,610709.6630220924
2026-02-24 06:30:00,610709.6630220924
2026-02-24 06:45:00,610709.6630220924
2026-02-24 07:00:00,610709.6630220924
2026-02-24 07:15:00,610709.6630220924
2026-02-24 07:30:00,610709.6630220924
2026-02-24 07:45:00,588724.2375010209
2026-02-24 08:00:00,584458.1811449756
2026-02-24 08:15:00,584458.1811449756
2026-02-24 08:30:00,584458.1811449756
2026-02-24 08:45:00,584458.1811449756
2026-02-24 09:00:00,584458.1811449756
2026-02-24 09:15:00,576053.6235179309
2026-02-24 09:30:00,570821.5934475735
2026-02-24 09:45:00,569739.8403919719
2026-02-24 10:00:00,567608.6786971312
2026-02-24 10:15:00,569739.8403919719
2026-02-24 10:30:00,565641.8836779197
2026-02-24 10:45:00,565641.8836779197
2026-02-24 11:00:00,565641.8836779197
2026-02-24 11:15:00,565641.8836779197
2026-02-24 11:30:00,565641.8836779197
2026-02-24 11:45:00,565641.8836779197
2026-02-24 12:00:00,565641.8836779197
2026-02-24 12:15:00,549655.7749852061
2026-02-24 12:30:00,549655.7749852061
2026-02-24 12:45:00,549655.7749852061
2026-02-24 13:00:00,549655.7749852061
2026-02-24 13:15:00,549655.7749852061
2026-02-24 13:30:00,547524.6132903653
2026-02-24 13:45:00,547524.6132903653
2026-02-24 14:00:00,547524.6132903653
2026-02-24 14:15:00,662108.5518086462
2026-02-24 14:30:00,661058.927900549
2026-02-24 14:45:00,651156.5204689938
2026-02-24 15:00:00,651156.5204689938
2026-02-24 15:15:00,651156.5204689938
2026-02-24 15:30:00,783323.0260595232
2026-02-24 15:45:00,783323.0260595228
2026-02-24 16:00:00,802150.9891698644
2026-02-24 16:15:00,799095.5392110168
2026-02-24 16:30:00,798959.4829182363
2026-02-24 16:45:00,802335.863667538
2026-02-24 17:00:00,801176.6396102777
2026-02-24 17:15:00,801176.6396102777
2026-02-24 17:30:00,801176.6396102777
2026-02-24 17:45:00,801176.6396102777
2026-02-24 18:00:00,804619.5350603409
2026-02-24 18:15:00,804619.5350603409
2026-02-24 18:30:00,804619.5350603409
2026-02-24 18:45:00,804619.5350603409
2026-02-24 19:00:00,801830.0889593128
2026-02-24 19:15:00,789348.2674197229
2026-02-24 19:30:00,789348.2674197229
2026-02-24 19:45:00,789348.2674197229
2026-02-24 20:00:00,777114.8341287709
2026-02-24 20:15:00,777114.8341287709
2026-02-24 20:30:00,777114.8341287709
2026-02-24 20:45:00,777114.8341287709
2026-02-24 21:00:00,777114.8341287709
2026-02-24 21:15:00,777114.8341287709
2026-02-24 21:30:00,777114.8341287709
2026-02-24 21:45:00,777114.8341287709
2026-02-24 22:00:00,777114.8341287709
2026-02-24 22:15:00,777114.8341287709
2026-02-24 22:30:00,771089.714546629
2026-02-24 22:45:00,771089.714546629
2026-02-24 23:00:00,771089.714546629
2026-02-24 23:15:00,771089.714546629
2026-02-24 23:30:00,771089.714546629
2026-02-24 23:45:00,771089.714546629
2026-02-25 00:00:00,771089.714546629
2026-02-25 00:15:00,771089.714546629
2026-02-25 00:30:00,771089.714546629
2026-02-25 00:45:00,771089.714546629
2026-02-25 01:00:00,771089.714546629
2026-02-25 01:15:00,771089.714546629
2026-02-25 01:30:00,765124.8461603087
2026-02-25 01:45:00,759219.6264578516
2026-02-25 02:00:00,759219.6264578516
2026-02-25 02:15:00,759219.6264578516
2026-02-25 02:30:00,759219.6264578516
2026-02-25 02:45:00,753373.4589524189
2026-02-25 03:00:00,747585.7531220407
2026-02-25 03:15:00,741855.9243499662
2026-02-25 03:30:00,741855.9243499662
2026-02-25 03:45:00,741855.9243499662
2026-02-25 04:00:00,741855.9243499662
2026-02-25 04:15:00,741855.9243499662
2026-02-25 04:30:00,741855.9243499662
2026-02-25 04:45:00,725007.9415583872
2026-02-25 05:00:00,725007.9415583872
2026-02-25 05:15:00,725007.9415583872
2026-02-25 05:30:00,725007.9415583872
2026-02-25 05:45:00,725007.9415583872
2026-02-25 06:00:00,708660.3607037009
2026-02-25 06:15:00,708660.3607037009
2026-02-25 06:30:00,708660.3607037009
2026-02-25 06:45:00,708660.3607037009
2026-02-25 07:00:00,708660.3607037009
2026-02-25 07:15:00,708660.3607037009
2026-02-25 07:30:00,708660.3607037009
2026-02-25 07:45:00,708660.3607037009
2026-02-25 08:00:00,703319.7858558098
2026-02-25 08:15:00,703319.7858558098
2026-02-25 08:30:00,703319.7858558098
2026-02-25 08:45:00,703319.7858558098
2026-02-25 09:00:00,703319.7858558098
2026-02-25 09:15:00,703319.7858558098
2026-02-25 09:30:00,703319.7858558098
2026-02-25 09:45:00,698032.6167563978
2026-02-25 10:00:00,686390.9183464819
2026-02-25 10:15:00,694416.4528989961
2026-02-25 10:30:00,693235.0919432461
2026-02-25 10:45:00,688000.7945348279
2026-02-25 11:00:00,688000.7945348279
2026-02-25 11:15:00,688000.7945348279
2026-02-25 11:30:00,688000.7945348279
2026-02-25 11:45:00,688000.7945348279
2026-02-25 12:00:00,688000.7945348279
2026-02-25 12:15:00,688000.7945348279
2026-02-25 12:30:00,693235.0919432461
2026-02-25 12:45:00,693235.0919432461
2026-02-25 13:00:00,703862.8358905492
2026-02-25 13:15:00,748233.2845909914
2026-02-25 13:30:00,748233.2845909914
2026-02-25 13:45:00,742449.0052560959
2026-02-25 14:00:00,736722.5687145494
2026-02-25 14:15:00,731053.3965384184
2026-02-25 14:30:00,731053.3965384184
2026-02-25 14:45:00,731053.3965384184
2026-02-25 15:00:00,731053.3965384184
2026-02-25 15:15:00,719884.5604342226
2026-02-25 15:30:00,719884.5604342226
2026-02-25 15:45:00,719884.5604342226
2026-02-25 16:00:00,719884.5604342226
2026-02-25 16:15:00,719884.5604342226
2026-02-25 16:30:00,781590.2503169887
2026-02-25 16:45:00,761053.8893950036
2026-02-25 17:00:00,755608.1052226091
2026-02-25 17:15:00,748580.5303352049
2026-02-25 17:30:00,743243.117267841
2026-02-25 17:45:00,740019.5439862201
2026-02-25 18:00:00,740019.5439862201
2026-02-25 18:15:00,766922.2623762663
2026-02-25 18:30:00,766922.2623762663
2026-02-25 18:45:00,783581.4607380389
2026-02-25 19:00:00,783581.4607380389
2026-02-25 19:15:00,783581.4607380389
2026-02-25 19:30:00,783581.4607380389
2026-02-25 19:45:00,783581.4607380389
2026-02-25 20:00:00,783581.4607380389
2026-02-25 20:15:00,783581.4607380389
2026-02-25 20:30:00,783581.4607380389
2026-02-25 20:45:00,777861.8026338306
2026-02-25 21:00:00,749162.6347857496
2026-02-25 21:15:00,743884.8506161496
2026-02-25 21:30:00,738659.8442882457
2026-02-25 21:45:00,738659.8442882457
2026-02-25 22:00:00,733487.0880236208
2026-02-25 22:15:00,776362.0717112846
2026-02-25 22:30:00,774676.735697849
2026-02-25 22:45:00,791326.0713144143
2026-02-25 23:00:00,808474.8869994779
2026-02-25 23:15:00,802587.1269476062
2026-02-25 23:30:00,952837.787208108
2026-02-25 23:45:00,962525.6214493674
2026-02-26 00:00:00,962525.6214493674
2026-02-26 00:15:00,962525.6214493674
2026-02-26 00:30:00,962525.6214493674
2026-02-26 00:45:00,962525.6214493674
2026-02-26 01:00:00,947715.9837091247
2026-02-26 01:15:00,938767.3300368554
2026-02-26 01:30:00,935507.3641268373
2026-02-26 01:45:00,932279.9978759196
2026-02-26 02:00:00,932279.9978759196
2026-02-26 02:15:00,915649.8103159771
2026-02-26 02:30:00,910216.9109660479
2026-02-26 02:45:00,910216.9109660479
2026-02-26 03:00:00,907021.8183776392
2026-02-26 03:15:00,907021.8183776392
2026-02-26 03:30:00,907021.8183776392
2026-02-26 03:45:00,907021.8183776392
2026-02-26 04:00:00,907021.8183776392
2026-02-26 04:15:00,907021.8183776392
2026-02-26 04:30:00,907021.8183776392
2026-02-26 04:45:00,907021.8183776392
2026-02-26 05:00:00,907021.8183776392
2026-02-26 05:15:00,907021.8183776392
2026-02-26 05:30:00,907021.8183776392
2026-02-26 05:45:00,907021.8183776392
2026-02-26 06:00:00,907021.8183776392
2026-02-26 06:15:00,907021.8183776392
2026-02-26 06:30:00,907021.8183776392
2026-02-26 06:45:00,907021.8183776392
2026-02-26 07:00:00,907021.8183776392
2026-02-26 07:15:00,896318.4633683437
2026-02-26 07:30:00,896318.4633683437
2026-02-26 07:45:00,896318.4633683437
2026-02-26 08:00:00,896318.4633683437
2026-02-26 08:15:00,896318.4633683437
2026-02-26 08:30:00,896318.4633683437
2026-02-26 08:45:00,896318.4633683437
2026-02-26 09:00:00,896318.4633683437
2026-02-26 09:15:00,896318.4633683437
2026-02-26 09:30:00,896318.4633683437
2026-02-26 09:45:00,896318.4633683437
2026-02-26 10:00:00,905807.8883559174
2026-02-26 10:15:00,925649.3270624367
2026-02-26 10:30:00,925649.3270624367
2026-02-26 10:45:00,918770.9909665005
2026-02-26 11:00:00,918770.9909665005
2026-02-26 11:15:00,918770.9909665005
2026-02-26 11:30:00,941427.5725798437
2026-02-26 11:45:00,936208.7511415703
2026-02-26 12:00:00,936208.7511415703
2026-02-26 12:15:00,932541.8030188673
2026-02-26 12:30:00,925317.5485223302
2026-02-26 12:45:00,958846.7716824892
2026-02-26 13:00:00,955216.4930410134
2026-02-26 13:15:00,955216.4930410134
2026-02-26 13:30:00,955216.4930410134
2026-02-26 13:45:00,988283.261966121
2026-02-26 14:00:00,1023363.7971187703
2026-02-26 14:15:00,1017252.6411674656
2026-02-26 14:30:00,993413.0522960945
2026-02-26 14:45:00,993413.0522960945
2026-02-26 15:00:00,993413.0522960945
2026-02-26 15:15:00,987601.4037930166
2026-02-26 15:30:00,987601.4037930166
2026-02-26 15:45:00,1017230.3446244563
2026-02-26 16:00:00,1009488.7167503389
2026-02-26 16:15:00,980449.3918414449
2026-02-26 16:30:00,1046419.0379969089
2026-02-26 16:45:00,1042966.6791305009
2026-02-26 17:00:00,1042966.6791305009
2026-02-26 17:15:00,1042966.6791305009
2026-02-26 17:30:00,1042966.6791305009
2026-02-26 17:45:00,1042966.6791305009
2026-02-26 18:00:00,1042966.6791305009
2026-02-26 18:15:00,1042966.6791305009
2026-02-26 18:30:00,1042966.6791305009
2026-02-26 18:45:00,1042966.6791305009
2026-02-26 19:00:00,1042966.6791305009
2026-02-26 19:15:00,1042966.6791305009
2026-02-26 19:30:00,1042966.6791305009
2026-02-26 19:45:00,1042966.6791305009
2026-02-26 20:00:00,1042966.6791305009
2026-02-26 20:15:00,1042966.6791305009
2026-02-26 20:30:00,1042966.6791305009
2026-02-26 20:45:00,1042966.6791305009
2026-02-26 21:00:00,1042966.6791305009
2026-02-26 21:15:00,1042966.6791305009
2026-02-26 21:30:00,1042966.6791305009
2026-02-26 21:45:00,1042966.6791305009
2026-02-26 22:00:00,1042966.6791305009
2026-02-26 22:15:00,1042966.6791305009
2026-02-26 22:30:00,1042966.6791305009
2026-02-26 22:45:00,1039548.8438527568
2026-02-26 23:00:00,1039548.8438527568
2026-02-26 23:15:00,1039548.8438527568
2026-02-26 23:30:00,1039548.8438527568
2026-02-26 23:45:00,1039548.8438527568
2026-02-27 00:00:00,1039548.8438527568
2026-02-27 00:15:00,1039548.8438527568
2026-02-27 00:30:00,1039548.8438527568
2026-02-27 00:45:00,1039548.8438527568
2026-02-27 01:00:00,1039548.8438527568
2026-02-27 01:15:00,1039548.8438527568
2026-02-27 01:30:00,1039548.8438527568
2026-02-27 01:45:00,1039548.8438527568
2026-02-27 02:00:00,1039548.8438527568
2026-02-27 02:15:00,1039548.8438527568
2026-02-27 02:30:00,1039548.8438527568
2026-02-27 02:45:00,1039548.8438527568
2026-02-27 03:00:00,1036165.1869277903
2026-02-27 03:15:00,1036165.1869277903
2026-02-27 03:30:00,1036165.1869277903
2026-02-27 03:45:00,1036165.1869277903
2026-02-27 04:00:00,1032815.3665720734
2026-02-27 04:15:00,1032815.3665720734
2026-02-27 04:30:00,1032815.3665720734
2026-02-27 04:45:00,1019747.7340800255
2026-02-27 05:00:00,1019747.7340800255
2026-02-27 05:15:00,1019747.7340800255
2026-02-27 05:30:00,1019747.7340800255
2026-02-27 05:45:00,1019747.7340800255
2026-02-27 06:00:00,1019747.7340800255
2026-02-27 06:15:00,1019747.7340800255
2026-02-27 06:30:00,1019747.7340800255
2026-02-27 06:45:00,1019747.7340800255
2026-02-27 07:00:00,1026215.8854892756
2026-02-27 07:15:00,1026215.8854892756
2026-02-27 07:30:00,1026215.8854892756
2026-02-27 07:45:00,1026215.8854892756
2026-02-27 08:00:00,1019747.7340800255
2026-02-27 08:15:00,1007195.0184480178
2026-02-27 08:30:00,1007195.0184480178
2026-02-27 08:45:00,1007195.0184480178
2026-02-27 09:00:00,1007195.0184480178
2026-02-27 09:15:00,1007195.0184480178
2026-02-27 09:30:00,1007195.0184480178
2026-02-27 09:45:00,1007195.0184480178
2026-02-27 10:00:00,1007195.0184480178
2026-02-27 10:15:00,1007195.0184480178
2026-02-27 10:30:00,1007195.0184480178
2026-02-27 10:45:00,1007195.0184480178
2026-02-27 11:00:00,1007195.0184480178
2026-02-27 11:15:00,1007195.0184480178
2026-02-27 11:30:00,1007195.0184480178
2026-02-27 11:45:00,1007195.0184480178
2026-02-27 12:00:00,1016562.0882527862
2026-02-27 12:15:00,1016562.0882527862
2026-02-27 12:30:00,1016562.0882527862
2026-02-27 12:45:00,1016562.0882527862
2026-02-27 13:00:00,1016562.0882527862
2026-02-27 13:15:00,1016562.0882527862
2026-02-27 13:30:00,1016562.0882527862
2026-02-27 13:45:00,1016562.0882527862
2026-02-27 14:00:00,1016562.0882527862
2026-02-27 14:15:00,1016562.0882527862
2026-02-27 14:30:00,1016562.0882527862
2026-02-27 14:45:00,1070924.4794208943
2026-02-27 15:00:00,1070924.4794208943
2026-02-27 15:15:00,1070924.4794208943
2026-02-27 15:30:00,1070924.4794208943
2026-02-27 15:45:00,1070924.4794208943
2026-02-27 16:00:00,1070924.4794208943
2026-02-27 16:15:00,1070924.4794208943
2026-02-27 16:30:00,1070924.4794208943
2026-02-27 16:45:00,1070924.4794208943
2026-02-27 17:00:00,1070924.4794208943
2026-02-27 17:15:00,1070924.4794208943
2026-02-27 17:30:00,1070924.4794208943
2026-02-27 17:45:00,1070924.4794208943
2026-02-27 18:00:00,1070924.4794208943
2026-02-27 18:15:00,1070924.4794208943
2026-02-27 18:30:00,1070924.4794208943
2026-02-27 18:45:00,1070924.4794208943
2026-02-27 19:00:00,1070924.4794208943
2026-02-27 19:15:00,1070924.4794208943
2026-02-27 19:30:00,1070924.4794208943
2026-02-27 19:45:00,1070924.4794208943
2026-02-27 20:00:00,1070924.4794208943
2026-02-27 20:15:00,1070924.4794208943
2026-02-27 20:30:00,1070924.4794208943
2026-02-27 20:45:00,1070924.4794208943
2026-02-27 21:00:00,1070924.4794208943
2026-02-27 21:15:00,1070924.4794208943
2026-02-27 21:30:00,1070924.4794208943
2026-02-27 21:45:00,1070924.4794208943
2026-02-27 22:00:00,1070924.4794208943
2026-02-27 22:15:00,1070924.4794208943
2026-02-27 22:30:00,1070924.4794208943
2026-02-27 22:45:00,1070924.4794208943
2026-02-27 23:00:00,1070924.4794208943
2026-02-27 23:15:00,1070924.4794208943
2026-02-27 23:30:00,1070924.4794208943
2026-02-27 23:45:00,1070924.4794208943
2026-03-02 01:00:00,1070924.4794208943
2026-03-02 01:15:00,1070924.4794208943
2026-03-02 01:30:00,1070924.4794208943
2026-03-02 01:45:00,1070924.4794208943
2026-03-02 02:00:00,1070924.4794208943
2026-03-02 02:15:00,1070924.4794208943
2026-03-02 02:30:00,1070924.4794208943
2026-03-02 02:45:00,1070924.4794208943
2026-03-02 03:00:00,1070924.4794208943
2026-03-02 03:15:00,1070924.4794208943
2026-03-02 03:30:00,1070924.4794208943
2026-03-02 03:45:00,1070924.4794208943
2026-03-02 04:00:00,1070924.4794208943
2026-03-02 04:15:00,1070924.4794208943
2026-03-02 04:30:00,1070924.4794208943
2026-03-02 04:45:00,1070924.4794208943
2026-03-02 05:00:00,1070924.4794208943
2026-03-02 05:15:00,1070924.4794208943
2026-03-02 05:30:00,1070924.4794208943
2026-03-02 05:45:00,1070924.4794208943
2026-03-02 06:00:00,1070924.4794208943
2026-03-02 06:15:00,1070924.4794208943
2026-03-02 06:30:00,1070924.4794208943
2026-03-02 06:45:00,1070924.4794208943
2026-03-02 07:00:00,1070924.4794208943
2026-03-02 07:15:00,1070924.4794208943
2026-03-02 07:30:00,1070924.4794208943
2026-03-02 07:45:00,1070924.4794208943
2026-03-02 08:00:00,1070924.4794208943
2026-03-02 08:15:00,1070924.4794208943
2026-03-02 08:30:00,1070924.4794208943
2026-03-02 08:45:00,1070924.4794208943
2026-03-02 09:00:00,1070924.4794208943
2026-03-02 09:15:00,1070924.4794208943
2026-03-02 09:30:00,1070924.4794208943
2026-03-02 09:45:00,1070924.4794208943
2026-03-02 10:00:00,1070924.4794208943
2026-03-02 10:15:00,1070924.4794208943
2026-03-02 10:30:00,1070924.4794208943
2026-03-02 10:45:00,1070924.4794208943
2026-03-02 11:00:00,1070924.4794208943
2026-03-02 11:15:00,1070924.4794208943
2026-03-02 11:30:00,1070924.4794208943
2026-03-02 11:45:00,1070924.4794208943
2026-03-02 12:00:00,1070924.4794208943
2026-03-02 12:15:00,1070924.4794208943
2026-03-02 12:30:00,1070924.4794208943
2026-03-02 12:45:00,1070924.4794208943
2026-03-02 13:00:00,1070924.4794208943
2026-03-02 13:15:00,1070924.4794208943
2026-03-02 13:30:00,1070924.4794208943
2026-03-02 13:45:00,1070924.4794208943
2026-03-02 14:00:00,1070924.4794208943
2026-03-02 14:15:00,1070924.4794208943
2026-03-02 14:30:00,1070924.4794208943
2026-03-02 14:45:00,1070924.4794208943
2026-03-02 15:00:00,1070924.4794208943
2026-03-02 15:15:00,1070924.4794208943
2026-03-02 15:30:00,1070924.4794208943
2026-03-02 15:45:00,1070924.4794208943
2026-03-02 16:00:00,1070924.4794208943
2026-03-02 16:15:00,1070924.4794208943
2026-03-02 16:30:00,1070924.4794208943
2026-03-02 16:45:00,1070924.4794208943
2026-03-02 17:00:00,1070924.4794208943
2026-03-02 17:15:00,1070924.4794208943
2026-03-02 17:30:00,1070924.4794208943
2026-03-02 17:45:00,1070924.4794208943
2026-03-02 18:00:00,1070924.4794208943
2026-03-02 18:15:00,1070924.4794208943
2026-03-02 18:30:00,1070924.4794208943
2026-03-02 18:45:00,1070924.4794208943
2026-03-02 19:00:00,1070924.4794208943
2026-03-02 19:15:00,1070924.4794208943
2026-03-02 19:30:00,1070924.4794208943
2026-03-02 19:45:00,1070924.4794208943
2026-03-02 20:00:00,1070924.4794208943
2026-03-02 20:15:00,1070924.4794208943
2026-03-02 20:30:00,1070924.4794208943
2026-03-02 20:45:00,1070924.4794208943
2026-03-02 21:00:00,1070924.4794208943
2026-03-02 21:15:00,1070924.4794208943
2026-03-02 21:30:00,1070924.4794208943
2026-03-02 21:45:00,1070924.4794208943
2026-03-02 22:00:00,1070924.4794208943
2026-03-02 22:15:00,1070924.4794208943
2026-03-02 22:30:00,1070924.4794208943
2026-03-02 22:45:00,1070924.4794208943
2026-03-02 23:00:00,1070924.4794208943
2026-03-02 23:15:00,1070924.4794208943
2026-03-02 23:30:00,1070924.4794208943
2026-03-02 23:45:00,1070924.4794208943
2026-03-03 01:00:00,1070924.4794208943
2026-03-03 01:15:00,1070924.4794208943
2026-03-03 01:30:00,1070924.4794208943
2026-03-03 01:45:00,1070924.4794208943
2026-03-03 02:00:00,1070924.4794208943
2026-03-03 02:15:00,1070924.4794208943
2026-03-03 02:30:00,1070924.4794208943
2026-03-03 02:45:00,1070924.4794208943
2026-03-03 03:00:00,1070924.4794208943
2026-03-03 03:15:00,1070924.4794208943
2026-03-03 03:30:00,1070924.4794208943
2026-03-03 03:45:00,1070924.4794208943
2026-03-03 04:00:00,1070924.4794208943
2026-03-03 04:15:00,1070924.4794208943
2026-03-03 04:30:00,1070924.4794208943
2026-03-03 04:45:00,1070924.4794208943
2026-03-03 05:00:00,1070924.4794208943
2026-03-03 05:15:00,1070924.4794208943
2026-03-03 05:30:00,1070924.4794208943
2026-03-03 05:45:00,1070924.4794208943
2026-03-03 06:00:00,1070924.4794208943
2026-03-03 06:15:00,1070924.4794208943
2026-03-03 06:30:00,1070924.4794208943
2026-03-03 06:45:00,1070924.4794208943
2026-03-03 07:00:00,1070924.4794208943
2026-03-03 07:15:00,1070924.4794208943
2026-03-03 07:30:00,1070924.4794208943
2026-03-03 07:45:00,1070924.4794208943
2026-03-03 08:00:00,1070924.4794208943
2026-03-03 08:15:00,1070924.4794208943
2026-03-03 08:30:00,1070924.4794208943
2026-03-03 08:45:00,1070924.4794208943
2026-03-03 09:00:00,1070924.4794208943
2026-03-03 09:15:00,1070924.4794208943
2026-03-03 09:30:00,1070924.4794208943
2026-03-03 09:45:00,1070924.4794208943
2026-03-03 10:00:00,1070924.4794208943
2026-03-03 10:15:00,1070924.4794208943
2026-03-03 10:30:00,1070924.4794208943
2026-03-03 10:45:00,1070924.4794208943
2026-03-03 11:00:00,1070924.4794208943
2026-03-03 11:15:00,1070924.4794208943
2026-03-03 11:30:00,1070924.4794208943
2026-03-03 11:45:00,1070924.4794208943
2026-03-03 12:00:00,1070924.4794208943
2026-03-03 12:15:00,1070924.4794208943
2026-03-03 12:30:00,1070924.4794208943
2026-03-03 12:45:00,1070924.4794208943
2026-03-03 13:00:00,1070924.4794208943
2026-03-03 13:15:00,1070924.4794208943
2026-03-03 13:30:00,1070924.4794208943
2026-03-03 13:45:00,1070924.4794208943
2026-03-03 14:00:00,1070924.4794208943
2026-03-03 14:15:00,1070924.4794208943
2026-03-03 14:30:00,1070924.4794208943
2026-03-03 14:45:00,1070924.4794208943
2026-03-03 15:00:00,1070924.4794208943
2026-03-03 15:15:00,1070924.4794208943
2026-03-03 15:30:00,1070924.4794208943
2026-03-03 15:45:00,1070924.4794208943
2026-03-03 16:00:00,1070924.4794208943
2026-03-03 16:15:00,1070924.4794208943
2026-03-03 16:30:00,1070924.4794208943
2026-03-03 16:45:00,1070924.4794208943
2026-03-03 17:00:00,1070924.4794208943
2026-03-03 17:15:00,1070924.4794208943
2026-03-03 17:30:00,1070924.4794208943
2026-03-03 17:45:00,1070924.4794208943
2026-03-03 18:00:00,1070924.4794208943
2026-03-03 18:15:00,1070924.4794208943
2026-03-03 18:30:00,1070924.4794208943
2026-03-03 18:45:00,1070924.4794208943
2026-03-03 19:00:00,1070924.4794208943
2026-03-03 19:15:00,1070924.4794208943
2026-03-03 19:30:00,1070924.4794208943
2026-03-03 19:45:00,1070924.4794208943
2026-03-03 20:00:00,1070924.4794208943
2026-03-03 20:15:00,1070924.4794208943
2026-03-03 20:30:00,1070924.4794208943
2026-03-03 20:45:00,1070924.4794208943
2026-03-03 21:00:00,1070924.4794208943
2026-03-03 21:15:00,1070924.4794208943
2026-03-03 21:30:00,1070924.4794208943
2026-03-03 21:45:00,1070924.4794208943
2026-03-03 22:00:00,1070924.4794208943
2026-03-03 22:15:00,1070924.4794208943
2026-03-03 22:30:00,1070924.4794208943
2026-03-03 22:45:00,1070924.4794208943
2026-03-03 23:00:00,1070924.4794208943
2026-03-03 23:15:00,1070924.4794208943
2026-03-03 23:30:00,1070924.4794208943
2026-03-03 23:45:00,1070924.4794208943
2026-03-04 01:00:00,1070924.4794208943
2026-03-04 01:15:00,1070924.4794208943
2026-03-04 01:30:00,1070924.4794208943
2026-03-04 01:45:00,1070924.4794208943
2026-03-04 02:00:00,1070924.4794208943
2026-03-04 02:15:00,1070924.4794208943
2026-03-04 02:30:00,1070924.4794208943
2026-03-04 02:45:00,1070924.4794208943
2026-03-04 03:00:00,1070924.4794208943
2026-03-04 03:15:00,1070924.4794208943
2026-03-04 03:30:00,1070924.4794208943
2026-03-04 03:45:00,1070924.4794208943
2026-03-04 04:00:00,1070924.4794208943
2026-03-04 04:15:00,1070924.4794208943
2026-03-04 04:30:00,1070924.4794208943
2026-03-04 04:45:00,1070924.4794208943
2026-03-04 05:00:00,1070924.4794208943
2026-03-04 05:15:00,1070924.4794208943
2026-03-04 05:30:00,1070924.4794208943
2026-03-04 05:45:00,1070924.4794208943
2026-03-04 06:00:00,1070924.4794208943
2026-03-04 06:15:00,1070924.4794208943
2026-03-04 06:30:00,1070924.4794208943
2026-03-04 06:45:00,1070924.4794208943
2026-03-04 07:00:00,1070924.4794208943
2026-03-04 07:15:00,1070924.4794208943
2026-03-04 07:30:00,1070924.4794208943
2026-03-04 07:45:00,1070924.4794208943
2026-03-04 08:00:00,1070924.4794208943
2026-03-04 08:15:00,1070924.4794208943
2026-03-04 08:30:00,1070924.4794208943
2026-03-04 08:45:00,1070924.4794208943
2026-03-04 09:00:00,1070924.4794208943
2026-03-04 09:15:00,1070924.4794208943
2026-03-04 09:30:00,1070924.4794208943
2026-03-04 09:45:00,1070924.4794208943
2026-03-04 10:00:00,1070924.4794208943
2026-03-04 10:15:00,1070924.4794208943
2026-03-04 10:30:00,1070924.4794208943
2026-03-04 10:45:00,1070924.4794208943
2026-03-04 11:00:00,1070924.4794208943
2026-03-04 11:15:00,1070924.4794208943
2026-03-04 11:30:00,1070924.4794208943
2026-03-04 11:45:00,1070924.4794208943
2026-03-04 12:00:00,1070924.4794208943
2026-03-04 12:15:00,1070924.4794208943
2026-03-04 12:30:00,1070924.4794208943
2026-03-04 12:45:00,1070924.4794208943
2026-03-04 13:00:00,1070924.4794208943
2026-03-04 13:15:00,1070924.4794208943
2026-03-04 13:30:00,1070924.4794208943
2026-03-04 13:45:00,1070924.4794208943
2026-03-04 14:00:00,1070924.4794208943
2026-03-04 14:15:00,1070924.4794208943
2026-03-04 14:30:00,1070924.4794208943
2026-03-04 14:45:00,1070924.4794208943
2026-03-04 15:00:00,1070924.4794208943
2026-03-04 15:15:00,1070924.4794208943
2026-03-04 15:30:00,1070924.4794208943
2026-03-04 15:45:00,1070924.4794208943
2026-03-04 16:00:00,1070924.4794208943
2026-03-04 16:15:00,1070924.4794208943
2026-03-04 16:30:00,1070924.4794208943
2026-03-04 16:45:00,1070924.4794208943
2026-03-04 17:00:00,1070924.4794208943
2026-03-04 17:15:00,1070924.4794208943
2026-03-04 17:30:00,1070924.4794208943
2026-03-04 17:45:00,1070924.4794208943
2026-03-04 18:00:00,1070924.4794208943
2026-03-04 18:15:00,1070924.4794208943
2026-03-04 18:30:00,1070924.4794208943
2026-03-04 18:45:00,1070924.4794208943
2026-03-04 19:00:00,1070924.4794208943
2026-03-04 19:15:00,1070924.4794208943
2026-03-04 19:30:00,1070924.4794208943
2026-03-04 19:45:00,1070924.4794208943
2026-03-04 20:00:00,1070924.4794208943
2026-03-04 20:15:00,1070924.4794208943
2026-03-04 20:30:00,1070924.4794208943
2026-03-04 20:45:00,1070924.4794208943
2026-03-04 21:00:00,1070924.4794208943
2026-03-04 21:15:00,1070924.4794208943
2026-03-04 21:30:00,1070924.4794208943
2026-03-04 21:45:00,1070924.4794208943
2026-03-04 22:00:00,1070924.4794208943
2026-03-04 22:15:00,1070924.4794208943
2026-03-04 22:30:00,1070924.4794208943
2026-03-04 22:45:00,1070924.4794208943
2026-03-04 23:00:00,1070924.4794208943
2026-03-04 23:15:00,1070924.4794208943
2026-03-04 23:30:00,1070924.4794208943
2026-03-04 23:45:00,1070924.4794208943
2026-03-05 01:00:00,1070924.4794208943
2026-03-05 01:15:00,1070924.4794208943
2026-03-05 01:30:00,1070924.4794208943
2026-03-05 01:45:00,1070924.4794208943
2026-03-05 02:00:00,1070924.4794208943
2026-03-05 02:15:00,1070924.4794208943
2026-03-05 02:30:00,1070924.4794208943
2026-03-05 02:45:00,1070924.4794208943
2026-03-05 03:00:00,1070924.4794208943
2026-03-05 03:15:00,1070924.4794208943
2026-03-05 03:30:00,1070924.4794208943
2026-03-05 03:45:00,1070924.4794208943
2026-03-05 04:00:00,1070924.4794208943
2026-03-05 04:15:00,1070924.4794208943
2026-03-05 04:30:00,1070924.4794208943
2026-03-05 04:45:00,1070924.4794208943
2026-03-05 05:00:00,1070924.4794208943
2026-03-05 05:15:00,1070924.4794208943
2026-03-05 05:30:00,1070924.4794208943
2026-03-05 05:45:00,1070924.4794208943
2026-03-05 06:00:00,1070924.4794208943
2026-03-05 06:15:00,1070924.4794208943
2026-03-05 06:30:00,1070924.4794208943
2026-03-05 06:45:00,1070924.4794208943
2026-03-05 07:00:00,1070924.4794208943
2026-03-05 07:15:00,1070924.4794208943
2026-03-05 07:30:00,1070924.4794208943
2026-03-05 07:45:00,1070924.4794208943
2026-03-05 08:00:00,1070924.4794208943
2026-03-05 08:15:00,1070924.4794208943
2026-03-05 08:30:00,1070924.4794208943
2026-03-05 08:45:00,1070924.4794208943
2026-03-05 09:00:00,1070924.4794208943
2026-03-05 09:15:00,1070924.4794208943
2026-03-05 09:30:00,1070924.4794208943
2026-03-05 09:45:00,1070924.4794208943
2026-03-05 10:00:00,1070924.4794208943
2026-03-05 10:15:00,1070924.4794208943
2026-03-05 10:30:00,1070924.4794208943
2026-03-05 10:45:00,1070924.4794208943
2026-03-05 11:00:00,1070924.4794208943
2026-03-05 11:15:00,1070924.4794208943
2026-03-05 11:30:00,1070924.4794208943
2026-03-05 11:45:00,1070924.4794208943
2026-03-05 12:00:00,1070924.4794208943
2026-03-05 12:15:00,1070924.4794208943
2026-03-05 12:30:00,1070924.4794208943
2026-03-05 12:45:00,1070924.4794208943
2026-03-05 13:00:00,1070924.4794208943
2026-03-05 13:15:00,1070924.4794208943
2026-03-05 13:30:00,1070924.4794208943
2026-03-05 13:45:00,1070924.4794208943
2026-03-05 14:00:00,1070924.4794208943
2026-03-05 14:15:00,1070924.4794208943
2026-03-05 14:30:00,1070924.4794208943
2026-03-05 14:45:00,1070924.4794208943
2026-03-05 15:00:00,1070924.4794208943
2026-03-05 15:15:00,1070924.4794208943
2026-03-05 15:30:00,1070924.4794208943
2026-03-05 15:45:00,1070924.4794208943
2026-03-05 16:00:00,1070924.4794208943
2026-03-05 16:15:00,1070924.4794208943
2026-03-05 16:30:00,1070924.4794208943
2026-03-05 16:45:00,1070924.4794208943
2026-03-05 17:00:00,1070924.4794208943
2026-03-05 17:15:00,1070924.4794208943
2026-03-05 17:30:00,1070924.4794208943
2026-03-05 17:45:00,1070924.4794208943
2026-03-05 18:00:00,1070924.4794208943
2026-03-05 18:15:00,1070924.4794208943
2026-03-05 18:30:00,1070924.4794208943
2026-03-05 18:45:00,1070924.4794208943
2026-03-05 19:00:00,1070924.4794208943
2026-03-05 19:15:00,1070924.4794208943
2026-03-05 19:30:00,1070924.4794208943
2026-03-05 19:45:00,1070924.4794208943
2026-03-05 20:00:00,1070924.4794208943
2026-03-05 20:15:00,1070924.4794208943
2026-03-05 20:30:00,1070924.4794208943
2026-03-05 20:45:00,1070924.4794208943
2026-03-05 21:00:00,1070924.4794208943
2026-03-05 21:15:00,1070924.4794208943
2026-03-05 21:30:00,1070924.4794208943
2026-03-05 21:45:00,1070924.4794208943
2026-03-05 22:00:00,1070924.4794208943
2026-03-05 22:15:00,1070924.4794208943
2026-03-05 22:30:00,1070924.4794208943
2026-03-05 22:45:00,1070924.4794208943
2026-03-05 23:00:00,1070924.4794208943
2026-03-05 23:15:00,1070924.4794208943
2026-03-05 23:30:00,1070924.4794208943
2026-03-05 23:45:00,1070924.4794208943
2026-03-06 01:00:00,1070924.4794208943
2026-03-06 01:15:00,1070924.4794208943
2026-03-06 01:30:00,1070924.4794208943
2026-03-06 01:45:00,1070924.4794208943
2026-03-06 02:00:00,1070924.4794208943
2026-03-06 02:15:00,1070924.4794208943
2026-03-06 02:30:00,1070924.4794208943
2026-03-06 02:45:00,1070924.4794208943
2026-03-06 03:00:00,1070924.4794208943
2026-03-06 03:15:00,1070924.4794208943
2026-03-06 03:30:00,1070924.4794208943
2026-03-06 03:45:00,1070924.4794208943
2026-03-06 04:00:00,1070924.4794208943
2026-03-06 04:15:00,1070924.4794208943
2026-03-06 04:30:00,1070924.4794208943
2026-03-06 04:45:00,1070924.4794208943
2026-03-06 05:00:00,1070924.4794208943
2026-03-06 05:15:00,1070924.4794208943
2026-03-06 05:30:00,1070924.4794208943
2026-03-06 05:45:00,1070924.4794208943
2026-03-06 06:00:00,1070924.4794208943
2026-03-06 06:15:00,1070924.4794208943
2026-03-06 06:30:00,1070924.4794208943
2026-03-06 06:45:00,1070924.4794208943
2026-03-06 07:00:00,1070924.4794208943
2026-03-06 07:15:00,1070924.4794208943
2026-03-06 07:30:00,1070924.4794208943
2026-03-06 07:45:00,1070924.4794208943
2026-03-06 08:00:00,1070924.4794208943
2026-03-06 08:15:00,1070924.4794208943
2026-03-06 08:30:00,1070924.4794208943
2026-03-06 08:45:00,1070924.4794208943
2026-03-06 09:00:00,1070924.4794208943
2026-03-06 09:15:00,1070924.4794208943
2026-03-06 09:30:00,1070924.4794208943
2026-03-06 09:45:00,1070924.4794208943
2026-03-06 10:00:00,1070924.4794208943
2026-03-06 10:15:00,1070924.4794208943
2026-03-06 10:30:00,1070924.4794208943
2026-03-06 10:45:00,1070924.4794208943
2026-03-06 11:00:00,1070924.4794208943
2026-03-06 11:15:00,1070924.4794208943
2026-03-06 11:30:00,1070924.4794208943
2026-03-06 11:45:00,1070924.4794208943
2026-03-06 12:00:00,1070924.4794208943
2026-03-06 12:15:00,1070924.4794208943
2026-03-06 12:30:00,1070924.4794208943
2026-03-06 12:45:00,1070924.4794208943
2026-03-06 13:00:00,1070924.4794208943
2026-03-06 13:15:00,1070924.4794208943
2026-03-06 13:30:00,1070924.4794208943
2026-03-06 13:45:00,1070924.4794208943
2026-03-06 14:00:00,1070924.4794208943
2026-03-06 14:15:00,1070924.4794208943
2026-03-06 14:30:00,1070924.4794208943
2026-03-06 14:45:00,1070924.4794208943
2026-03-06 15:00:00,1070924.4794208943
2026-03-06 15:15:00,1070924.4794208943
2026-03-06 15:30:00,1070924.4794208943
2026-03-06 15:45:00,1070924.4794208943
2026-03-06 16:00:00,1070924.4794208943
2026-03-06 16:15:00,1070924.4794208943
2026-03-06 16:30:00,1070924.4794208943
2026-03-06 16:45:00,1070924.4794208943
2026-03-06 17:00:00,1070924.4794208943
2026-03-06 17:15:00,1070924.4794208943
2026-03-06 17:30:00,1070924.4794208943
2026-03-06 17:45:00,1070924.4794208943
2026-03-06 18:00:00,1070924.4794208943
2026-03-06 18:15:00,1070924.4794208943
2026-03-06 18:30:00,1070924.4794208943
2026-03-06 18:45:00,1070924.4794208943
2026-03-06 19:00:00,1070924.4794208943
2026-03-06 19:15:00,1070924.4794208943
2026-03-06 19:30:00,1070924.4794208943
2026-03-06 19:45:00,1070924.4794208943
2026-03-06 20:00:00,1070924.4794208943
2026-03-06 20:15:00,1070924.4794208943
2026-03-06 20:30:00,1070924.4794208943
2026-03-06 20:45:00,1070924.4794208943
2026-03-06 21:00:00,1070924.4794208943
2026-03-06 21:15:00,1070924.4794208943
2026-03-06 21:30:00,1070924.4794208943
2026-03-06 21:45:00,1070924.4794208943
2026-03-06 22:00:00,1070924.4794208943
2026-03-06 22:15:00,1070924.4794208943
2026-03-06 22:30:00,1070924.4794208943
2026-03-06 22:45:00,1070924.4794208943
2026-03-06 23:00:00,1070924.4794208943
2026-03-06 23:15:00,1070924.4794208943
2026-03-06 23:30:00,1070924.4794208943
2026-03-06 23:45:00,1070924.4794208943
2026-03-09 01:00:00,1070924.4794208943
2026-03-09 01:15:00,1070924.4794208943
2026-03-09 01:30:00,1070924.4794208943
2026-03-09 01:45:00,1070924.4794208943
2026-03-09 02:00:00,1070924.4794208943
2026-03-09 02:15:00,1070924.4794208943
2026-03-09 02:30:00,1070924.4794208943
2026-03-09 02:45:00,1070924.4794208943
2026-03-09 03:00:00,1070924.4794208943
2026-03-09 03:15:00,1070924.4794208943
2026-03-09 03:30:00,1070924.4794208943
2026-03-09 03:45:00,1070924.4794208943
2026-03-09 04:00:00,1070924.4794208943
2026-03-09 04:15:00,1070924.4794208943
2026-03-09 04:30:00,1070924.4794208943
2026-03-09 04:45:00,1070924.4794208943
2026-03-09 05:00:00,1070924.4794208943
2026-03-09 05:15:00,1070924.4794208943
2026-03-09 05:30:00,1070924.4794208943
2026-03-09 05:45:00,1070924.4794208943
2026-03-09 06:00:00,1070924.4794208943
2026-03-09 06:15:00,1070924.4794208943
2026-03-09 06:30:00,1070924.4794208943
2026-03-09 06:45:00,1070924.4794208943
2026-03-09 07:00:00,1070924.4794208943
2026-03-09 07:15:00,1070924.4794208943
2026-03-09 07:30:00,1070924.4794208943
2026-03-09 07:45:00,1070924.4794208943
2026-03-09 08:00:00,1070924.4794208943
2026-03-09 08:15:00,1070924.4794208943
2026-03-09 08:30:00,1070924.4794208943
2026-03-09 08:45:00,1070924.4794208943
2026-03-09 09:00:00,1070924.4794208943
2026-03-09 09:15:00,1070924.4794208943
2026-03-09 09:30:00,1070924.4794208943
2026-03-09 09:45:00,1070924.4794208943
2026-03-09 10:00:00,1070924.4794208943
2026-03-09 10:15:00,1070924.4794208943
2026-03-09 10:30:00,1070924.4794208943
2026-03-09 10:45:00,1070924.4794208943
2026-03-09 11:00:00,1070924.4794208943
2026-03-09 11:15:00,1070924.4794208943
2026-03-09 11:30:00,1070924.4794208943
2026-03-09 11:45:00,1070924.4794208943
2026-03-09 12:00:00,1070674.4794208943
2026-03-09 12:15:00,1071911.9794208943
2026-03-09 12:30:00,1071911.9794208943
2026-03-09 12:45:00,1071911.9794208943
2026-03-09 13:00:00,1071652.1044208943
2026-03-09 13:15:00,1071394.8281708942
2026-03-09 13:30:00,1071394.8281708942
2026-03-09 13:45:00,1071140.1246833943
2026-03-09 14:00:00,1071140.1246833943
2026-03-09 14:15:00,1070638.3333426705
2026-03-09 14:30:00,1070638.3333426705
2026-03-09 14:45:00,1070638.3333426705
2026-03-09 15:00:00,1070638.3333426705
2026-03-09 15:15:00,1070638.3333426705
2026-03-09 15:30:00,1070638.3333426705
2026-03-09 15:45:00,1070638.3333426705
2026-03-09 16:00:00,1070638.3333426705
2026-03-09 16:15:00,1070638.3333426705
2026-03-09 16:30:00,1075964.3233244002
2026-03-09 16:45:00,1075964.3233244002
2026-03-09 17:00:00,1075663.9248853652
2026-03-09 17:15:00,1075663.9248853652
2026-03-09 17:30:00,1077466.3155195757
2026-03-09 17:45:00,1077466.3155195757
2026-03-09 18:00:00,1077150.897158589
2026-03-09 18:15:00,1077150.897158589
2026-03-09 18:30:00,1076223.4413253616
2026-03-09 18:45:00,1075920.451706317
2026-03-09 19:00:00,1075920.451706317
2026-03-09 19:15:00,1075920.451706317
2026-03-09 19:30:00,1076529.4914456087
2026-03-09 19:45:00,1076529.4914456087
2026-03-09 20:00:00,1076529.4914456087
2026-03-09 20:15:00,1075620.4919834626
2026-03-09 20:30:00,1076223.4413253616
2026-03-09 20:45:00,1075920.451706317
2026-03-09 21:00:00,1075920.451706317
2026-03-09 21:15:00,1075920.451706317
2026-03-09 21:30:00,1075620.4919834626
2026-03-09 21:45:00,1075620.4919834626
2026-03-09 22:00:00,1075620.4919834626
2026-03-09 22:15:00,1074738.4907143419
2026-03-09 22:30:00,1074450.3506014075
2026-03-09 22:45:00,1074450.3506014075
2026-03-09 23:00:00,1074450.3506014075
2026-03-09 23:15:00,1074450.3506014075
2026-03-09 23:30:00,1074450.3506014075
2026-03-09 23:45:00,1073882.685764915
2026-03-10 00:00:00,1073882.685764915
2026-03-10 00:15:00,1073603.1037014748
2026-03-10 00:30:00,1073326.3174586692
2026-03-10 00:45:00,1073326.3174586692
2026-03-10 01:00:00,1073052.2990782915
2026-03-10 01:15:00,1072781.0208817173
2026-03-10 01:30:00,1072781.0208817173
2026-03-10 01:45:00,1072512.455467109
2026-03-10 02:00:00,1072512.455467109
2026-03-10 02:15:00,1072512.455467109
2026-03-10 02:30:00,1072512.455467109
2026-03-10 02:45:00,1072512.455467109
2026-03-10 03:00:00,1072512.455467109
2026-03-10 03:15:00,1071464.7831248639
2026-03-10 03:30:00,1071209.3800878243
2026-03-10 03:45:00,1070956.531081155
2026-03-10 04:00:00,1070956.531081155
2026-03-10 04:15:00,1070956.531081155
2026-03-10 04:30:00,1070706.2105645523
2026-03-10 04:45:00,1070706.2105645523
2026-03-10 05:00:00,1070706.2105645523
2026-03-10 05:15:00,1070706.2105645523
2026-03-10 05:30:00,1076046.8285118304
2026-03-10 05:45:00,1077552.9459663772
2026-03-10 06:00:00,1077236.6613009223
2026-03-10 06:15:00,1077236.6613009223
2026-03-10 06:30:00,1076613.5488815098
2026-03-10 06:45:00,1076306.6581869037
2026-03-10 07:00:00,1076002.8363992434
2026-03-10 07:15:00,1076002.8363992434
2026-03-10 07:30:00,1076002.8363992434
2026-03-10 07:45:00,1076002.8363992434
2026-03-10 08:00:00,1076002.8363992434
2026-03-10 08:15:00,1076002.8363992434
2026-03-10 08:30:00,1075404.2770953744
2026-03-10 08:45:00,1075404.2770953744
2026-03-10 09:00:00,1075404.2770953744
2026-03-10 09:15:00,1075109.4791186296
2026-03-10 09:30:00,1075109.4791186296
2026-03-10 09:45:00,1074817.629121652
2026-03-10 10:00:00,1074817.629121652
2026-03-10 10:15:00,1074817.629121652
2026-03-10 10:30:00,1074817.629121652
2026-03-10 10:45:00,1074817.629121652
2026-03-10 11:00:00,1086232.3544847427
2026-03-10 11:15:00,1086232.3544847427
2026-03-10 11:30:00,1084312.9318626546
2026-03-10 11:45:00,1083549.0016590636
2026-03-10 12:00:00,1083172.756436682
2026-03-10 12:15:00,1088247.7482379351
2026-03-10 12:30:00,1090363.911678787
2026-03-10 12:45:00,1090363.911678787
2026-03-10 13:00:00,1090363.911678787
2026-03-10 13:15:00,1090363.911678787
2026-03-10 13:30:00,1090363.911678787
2026-03-10 13:45:00,1090363.911678787
2026-03-10 14:00:00,1089919.517356208
2026-03-10 14:15:00,1089919.517356208
2026-03-10 14:30:00,1089919.517356208
2026-03-10 14:45:00,1089919.517356208
2026-03-10 15:00:00,1089919.517356208
2026-03-10 15:15:00,1089919.517356208
2026-03-10 15:30:00,1089919.517356208
2026-03-10 15:45:00,1089479.566976855
2026-03-10 16:00:00,1088612.8207344913
2026-03-10 16:15:00,1088185.9373213553
2026-03-10 16:30:00,1090299.0102163784
2026-03-10 16:45:00,1090299.0102163784
2026-03-10 17:00:00,1089855.2649084236
2026-03-10 17:15:00,1089855.2649084236
2026-03-10 17:30:00,1088981.0422772218
2026-03-10 17:45:00,1088550.4766486585
2026-03-10 18:00:00,1088124.2166763807
2026-03-10 18:15:00,1088124.2166763807
2026-03-10 18:30:00,1088124.2166763807
2026-03-10 18:45:00,1088124.2166763807
2026-03-10 19:00:00,1088124.2166763807
2026-03-10 19:15:00,1088124.2166763807
2026-03-10 19:30:00,1088124.2166763807
2026-03-10 19:45:00,1088124.2166763807
2026-03-10 20:00:00,1088124.2166763807
2026-03-10 20:15:00,1087284.4419049965
2026-03-10 20:30:00,1086870.8422801555
2026-03-10 20:45:00,1086461.378651563
2026-03-10 21:00:00,1086056.0096592563
2026-03-10 21:15:00,1085654.6943568727
2026-03-10 21:30:00,1085654.6943568727
2026-03-10 21:45:00,1085654.6943568727
2026-03-10 22:00:00,1085654.6943568727
2026-03-10 22:15:00,1085654.6943568727
2026-03-10 22:30:00,1085654.6943568727
2026-03-10 22:45:00,1085654.6943568727
2026-03-10 23:00:00,1085654.6943568727
2026-03-10 23:15:00,1085654.6943568727
2026-03-10 23:30:00,1085654.6943568727
2026-03-10 23:45:00,1085654.6943568727
2026-03-11 00:00:00,1085654.6943568727
2026-03-11 00:15:00,1085654.6943568727
2026-03-11 00:30:00,1085654.6943568727
2026-03-11 00:45:00,1085654.6943568727
2026-03-11 01:00:00,1085654.6943568727
2026-03-11 01:15:00,1085654.6943568727
2026-03-11 01:30:00,1085654.6943568727
2026-03-11 01:45:00,1085654.6943568727
2026-03-11 02:00:00,1085654.6943568727
2026-03-11 02:15:00,1085654.6943568727
2026-03-11 02:30:00,1085654.6943568727
2026-03-11 02:45:00,1085654.6943568727
2026-03-11 03:00:00,1085654.6943568727
2026-03-11 03:15:00,1085654.6943568727
2026-03-11 03:30:00,1085654.6943568727
2026-03-11 03:45:00,1085257.3922075129
2026-03-11 04:00:00,1085257.3922075129
2026-03-11 04:15:00,1085257.3922075129
2026-03-11 04:30:00,1084474.6672430593
2026-03-11 04:45:00,1084089.1653648375
2026-03-11 05:00:00,1084089.1653648375
2026-03-11 05:15:00,1083707.5185053982
2026-03-11 05:30:00,1083329.688114553
2026-03-11 05:45:00,1082955.6360276164
2026-03-11 06:00:00,1082955.6360276164
2026-03-11 06:15:00,1082955.6360276164
2026-03-11 06:30:00,1082955.6360276164
2026-03-11 06:45:00,1082955.6360276164
2026-03-11 07:00:00,1082955.6360276164
2026-03-11 07:15:00,1082955.6360276164
2026-03-11 07:30:00,1082955.6360276164
2026-03-11 07:45:00,1082955.6360276164
2026-03-11 08:00:00,1082955.6360276164
2026-03-11 08:15:00,1082585.3244615493
2026-03-11 08:30:00,1082218.7160111428
2026-03-11 08:45:00,1081855.7736452403
2026-03-11 09:00:00,1081855.7736452403
2026-03-11 09:15:00,1081855.7736452403
2026-03-11 09:30:00,1081855.7736452403
2026-03-11 09:45:00,1081855.7736452403
2026-03-11 10:00:00,1081855.7736452403
2026-03-11 10:15:00,1081496.4607029967
2026-03-11 10:30:00,1081140.7408901758
2026-03-11 10:45:00,1080788.5782754829
2026-03-11 11:00:00,1080439.9372869371
2026-03-11 11:15:00,1080439.9372869371
2026-03-11 11:30:00,1080439.9372869371
2026-03-11 11:45:00,1080439.9372869371
2026-03-11 12:00:00,1080439.9372869371
2026-03-11 12:15:00,1080439.9372869371
2026-03-11 12:30:00,1080439.9372869371
2026-03-11 12:45:00,1080439.9372869371
2026-03-11 13:00:00,1080439.9372869371
2026-03-11 13:15:00,1080439.9372869371
2026-03-11 13:30:00,1080439.9372869371
2026-03-11 13:45:00,1080439.9372869371
2026-03-11 14:00:00,1080439.9372869371
2026-03-11 14:15:00,1080439.9372869371
2026-03-11 14:30:00,1080439.9372869371
2026-03-11 14:45:00,1080439.9372869371
2026-03-11 15:00:00,1082165.7101802393
2026-03-11 15:15:00,1082165.7101802393
2026-03-11 15:30:00,1081803.2978726458
2026-03-11 15:45:00,1081803.2978726458
2026-03-11 16:00:00,1081089.309385456
2026-03-11 16:15:00,1080737.6610858103
2026-03-11 16:30:00,1080389.5292691612
2026-03-11 16:45:00,1080389.5292691612
2026-03-11 17:00:00,1080389.5292691612
2026-03-11 17:15:00,1080389.5292691612
2026-03-11 17:30:00,1080389.5292691612
2026-03-11 17:45:00,1080389.5292691612
2026-03-11 18:00:00,1080389.5292691612
2026-03-11 18:15:00,1080389.5292691612
2026-03-11 18:30:00,1080389.5292691612
2026-03-11 18:45:00,1080389.5292691612
2026-03-11 19:00:00,1080389.5292691612
2026-03-11 19:15:00,1080389.5292691612
2026-03-11 19:30:00,1080389.5292691612
2026-03-11 19:45:00,1080389.5292691612
2026-03-11 20:00:00,1080389.5292691612
2026-03-11 20:15:00,1080389.5292691612
2026-03-11 20:30:00,1080389.5292691612
2026-03-11 20:45:00,1080389.5292691612
2026-03-11 21:00:00,1080389.5292691612
2026-03-11 21:15:00,1080389.5292691612
2026-03-11 21:30:00,1080389.5292691612
2026-03-11 21:45:00,1080389.5292691612
2026-03-11 22:00:00,1080389.5292691612
2026-03-11 22:15:00,1080389.5292691612
2026-03-11 22:30:00,1080389.5292691612
2026-03-11 22:45:00,1080389.5292691612
2026-03-11 23:00:00,1080389.5292691612
2026-03-11 23:15:00,1080389.5292691612
2026-03-11 23:30:00,1080389.5292691612
2026-03-11 23:45:00,1079703.6747771807
2026-03-12 00:00:00,1079703.6747771807
2026-03-12 00:15:00,1079703.6747771807
2026-03-12 00:30:00,1079703.6747771807
2026-03-12 00:45:00,1078700.3988959035
2026-03-12 01:00:00,1078700.3988959035
2026-03-12 01:15:00,1078700.3988959035
2026-03-12 01:30:00,1078700.3988959035
2026-03-12 01:45:00,1078700.3988959035
2026-03-12 02:00:00,1078372.6397011534
2026-03-12 02:15:00,1078372.6397011534
2026-03-12 02:30:00,1078372.6397011534
2026-03-12 02:45:00,1078372.6397011534
2026-03-12 03:00:00,1078372.6397011534
2026-03-12 03:15:00,1078048.158098351
2026-03-12 03:30:00,1078048.158098351
2026-03-12 03:45:00,1078048.158098351
2026-03-12 04:00:00,1078048.158098351
2026-03-12 04:15:00,1078048.158098351
2026-03-12 04:30:00,1078048.158098351
2026-03-12 04:45:00,1079995.0477151664
2026-03-12 05:00:00,1079995.0477151664
2026-03-12 05:15:00,1085365.4210425508
2026-03-12 05:30:00,1085365.4210425508
2026-03-12 05:45:00,1087337.4681236336
2026-03-12 06:00:00,1087337.4681236336
2026-03-12 06:15:00,1086923.3382366062
2026-03-12 06:30:00,1086513.349648449
2026-03-12 06:45:00,1086107.4609461736
2026-03-12 07:00:00,1086107.4609461736
2026-03-12 07:15:00,1085705.6311309207
2026-03-12 07:30:00,1085705.6311309207
2026-03-12 07:45:00,1085705.6311309207
2026-03-12 08:00:00,1085705.6311309207
2026-03-12 08:15:00,1087337.4681236336
2026-03-12 08:30:00,1087337.4681236336
2026-03-12 08:45:00,1087337.4681236336
2026-03-12 09:00:00,1087337.4681236336
2026-03-12 09:15:00,1087337.4681236336
2026-03-12 09:30:00,1087337.4681236336
2026-03-12 09:45:00,1087337.4681236336
2026-03-12 10:00:00,1087337.4681236336
2026-03-12 10:15:00,1087337.4681236336
2026-03-12 10:30:00,1086513.349648449
2026-03-12 10:45:00,1086513.349648449
2026-03-12 11:00:00,1086513.349648449
2026-03-12 11:15:00,1083811.2905733006
2026-03-12 11:30:00,1083811.2905733006
2026-03-12 11:45:00,1083811.2905733006
2026-03-12 12:00:00,1083811.2905733006
2026-03-12 12:15:00,1083432.4224617765
2026-03-12 12:30:00,1088116.6100224375
2026-03-12 12:45:00,1088116.6100224375
2026-03-12 13:00:00,1088116.6100224375
2026-03-12 13:15:00,1088116.6100224375
2026-03-12 13:30:00,1088116.6100224375
2026-03-12 13:45:00,1088116.6100224375
2026-03-12 14:00:00,1088116.6100224375
2026-03-12 14:15:00,1088116.6100224375
2026-03-12 14:30:00,1088116.6100224375
2026-03-12 14:45:00,1088116.6100224375
2026-03-12 15:00:00,1088116.6100224375
2026-03-12 15:15:00,1088116.6100224375
2026-03-12 15:30:00,1088116.6100224375
2026-03-12 15:45:00,1088116.6100224375
2026-03-12 16:00:00,1088116.6100224375
2026-03-12 16:15:00,1088116.6100224375
2026-03-12 16:30:00,1088116.6100224375
2026-03-12 16:45:00,1088116.6100224375
2026-03-12 17:00:00,1088116.6100224375
2026-03-12 17:15:00,1087694.688716422
2026-03-12 17:30:00,1089783.1991811986
2026-03-12 17:45:00,1089783.1991811986
2026-03-12 18:00:00,1089783.1991811986
2026-03-12 18:15:00,1088480.5513455977
2026-03-12 18:30:00,1088054.9906263507
2026-03-12 18:45:00,1088054.9906263507
2026-03-12 19:00:00,1088054.9906263507
2026-03-12 19:15:00,1087633.6855142962
2026-03-12 19:30:00,1087633.6855142962
2026-03-12 19:45:00,1087633.6855142962
2026-03-12 20:00:00,1087633.6855142962
2026-03-12 20:15:00,1087633.6855142962
2026-03-12 20:30:00,1087633.6855142962
2026-03-12 20:45:00,1087633.6855142962
2026-03-12 21:00:00,1087633.6855142962
2026-03-12 21:15:00,1087633.6855142962
2026-03-12 21:30:00,1087633.6855142962
2026-03-12 21:45:00,1087633.6855142962
2026-03-12 22:00:00,1087633.6855142962
2026-03-12 22:15:00,1087216.5934533621
2026-03-12 22:30:00,1087216.5934533621
2026-03-12 22:45:00,1087216.5934533621
2026-03-12 23:00:00,1087216.5934533621
2026-03-12 23:15:00,1086803.6723130376
2026-03-12 23:30:00,1086394.880384116
2026-03-12 23:45:00,1085990.1763744839
2026-03-13 00:00:00,1085990.1763744839
2026-03-13 00:15:00,1085990.1763744839
2026-03-13 00:30:00,1085589.519404948
2026-03-13 00:45:00,1085589.519404948
2026-03-13 01:00:00,1084800.1851092654
2026-03-13 01:15:00,1084411.4280523816
2026-03-13 01:30:00,1085192.8690051073
2026-03-13 01:45:00,1084800.1851092654
2026-03-13 02:00:00,1084800.1851092654
2026-03-13 02:15:00,1087216.5934533621
2026-03-13 02:30:00,1087216.5934533621
2026-03-13 02:45:00,1087216.5934533621
2026-03-13 03:00:00,1090543.0964828464
2026-03-13 03:15:00,1092774.027335944
2026-03-13 03:30:00,1095116.5047316966
2026-03-13 03:45:00,1094624.5844785885
2026-03-13 04:00:00,1094624.5844785885
2026-03-13 04:15:00,1094624.5844785885
2026-03-13 04:30:00,1093178.14265827
2026-03-13 04:45:00,1093178.14265827
2026-03-13 05:00:00,1093178.14265827
2026-03-13 05:15:00,1092705.6060258963
2026-03-13 05:30:00,1092705.6060258963
2026-03-13 05:45:00,1092705.6060258963
2026-03-13 06:00:00,1092705.6060258963
2026-03-13 06:15:00,1092705.6060258963
2026-03-13 06:30:00,1092705.6060258963
2026-03-13 06:45:00,1092705.6060258963
2026-03-13 07:00:00,1092705.6060258963
2026-03-13 07:15:00,1092237.794759846
2026-03-13 07:30:00,1092237.794759846
2026-03-13 07:45:00,1092237.794759846
2026-03-13 08:00:00,1091774.6616064566
2026-03-13 08:15:00,1091774.6616064566
2026-03-13 08:30:00,1091774.6616064566
2026-03-13 08:45:00,1091774.6616064566
2026-03-13 09:00:00,1091316.159784601
2026-03-13 09:15:00,1090412.8653453633
2026-03-13 09:30:00,1090862.242980964
2026-03-13 09:45:00,1090862.242980964
2026-03-13 10:00:00,1090862.242980964
2026-03-13 10:15:00,1090862.242980964
2026-03-13 10:30:00,1090862.242980964
2026-03-13 10:45:00,1090862.242980964
2026-03-13 11:00:00,1089967.9814861186
2026-03-13 11:15:00,1089527.5464654663
2026-03-13 11:30:00,1106753.6723969409
2026-03-13 11:45:00,1106753.6723969409
2026-03-13 12:00:00,1106145.3804671804
2026-03-13 12:15:00,1105543.1714567174
2026-03-13 12:30:00,1105543.1714567174
2026-03-13 12:45:00,1105543.1714567174
2026-03-13 13:00:00,1109795.1320457433
2026-03-13 13:15:00,1112988.6646769857
2026-03-13 13:30:00,1116341.87393979
2026-03-13 13:45:00,1116341.87393979
2026-03-13 14:00:00,1115637.6999946013
2026-03-13 14:15:00,1114940.567788864
2026-03-13 14:30:00,1114940.567788864
2026-03-13 14:45:00,1115637.6999946013
2026-03-13 15:00:00,1115637.6999946013
2026-03-13 15:15:00,1115637.6999946013
2026-03-13 15:30:00,1115637.6999946013
2026-03-13 15:45:00,1123559.6568779768
2026-03-13 16:00:00,1123559.6568779768
2026-03-13 16:15:00,1131517.2625673278
2026-03-13 16:30:00,1131517.2625673278
2026-03-13 16:45:00,1131517.2625673278
2026-03-13 17:00:00,1131517.2625673278
2026-03-13 17:15:00,1131517.2625673278
2026-03-13 17:30:00,1131517.2625673278
2026-03-13 17:45:00,1131517.2625673278
2026-03-13 18:00:00,1131517.2625673278
2026-03-13 18:15:00,1131517.2625673278
2026-03-13 18:30:00,1131517.2625673278
2026-03-13 18:45:00,1131517.2625673278
2026-03-13 19:00:00,1131517.2625673278
2026-03-13 19:15:00,1131517.2625673278
2026-03-13 19:30:00,1131517.2625673278
2026-03-13 19:45:00,1129813.9661827136
2026-03-13 20:00:00,1129813.9661827136
2026-03-13 20:15:00,1128975.0713150955
2026-03-13 20:30:00,1128975.0713150955
2026-03-13 20:45:00,1128975.0713150955
2026-03-13 21:00:00,1128975.0713150955
2026-03-13 21:15:00,1128975.0713150955
2026-03-13 21:30:00,1128975.0713150955
2026-03-13 21:45:00,1128975.0713150955
2026-03-13 22:00:00,1128975.0713150955
2026-03-13 22:15:00,1128975.0713150955
2026-03-13 22:30:00,1128975.0713150955
2026-03-13 22:45:00,1128975.0713150955
2026-03-13 23:00:00,1127322.364536401
2026-03-13 23:15:00,1125702.5466226023
2026-03-13 23:30:00,1125702.5466226023
2026-03-13 23:45:00,1125702.5466226023
2026-03-14 01:00:00,1125702.5466226023
2026-03-14 01:15:00,1125702.5466226023
2026-03-14 01:30:00,1125702.5466226023
2026-03-14 01:45:00,1125702.5466226023
2026-03-14 02:00:00,1125702.5466226023
2026-03-14 02:15:00,1123333.0582486445
2026-03-14 02:30:00,1122558.9724603668
2026-03-14 02:45:00,1122558.9724603668
2026-03-14 03:00:00,1122558.9724603668
2026-03-14 03:15:00,1122558.9724603668
2026-03-14 03:30:00,1122558.9724603668
2026-03-14 03:45:00,1122558.9724603668
2026-03-14 04:00:00,1121792.6275299722
2026-03-14 04:15:00,1121033.9460488814
2026-03-14 04:30:00,1133127.6009098056
2026-03-14 04:45:00,1131392.2587921761
2026-03-14 05:00:00,1131392.2587921761
2026-03-14 05:15:00,1131392.2587921761
2026-03-14 05:30:00,1131392.2587921761
2026-03-14 05:45:00,1131392.2587921761
2026-03-14 06:00:00,1127203.487190032
2026-03-14 06:15:00,1127203.487190032
2026-03-14 06:30:00,1126390.6971123405
2026-03-14 06:45:00,1126390.6971123405
2026-03-14 07:00:00,1126390.6971123405
2026-03-14 07:15:00,1126390.6971123405
2026-03-14 07:30:00,1126390.6971123405
2026-03-14 07:45:00,1126390.6971123405
2026-03-14 08:00:00,1125586.034935426
2026-03-14 08:15:00,1125586.034935426
2026-03-14 08:30:00,1125586.034935426
2026-03-14 08:45:00,1125586.034935426
2026-03-14 09:00:00,1125586.034935426
2026-03-14 09:15:00,1125586.034935426
2026-03-14 09:30:00,1145008.8250107844
2026-03-14 09:45:00,1145008.8250107844
2026-03-14 10:00:00,1144017.9815548856
2026-03-14 10:15:00,1144017.9815548856
2026-03-14 10:30:00,1144017.9815548856
2026-03-14 10:45:00,1144017.9815548856
2026-03-14 11:00:00,1143037.0465335457
2026-03-14 11:15:00,1143037.0465335457
2026-03-14 11:30:00,1143037.0465335457
2026-03-14 11:45:00,1143037.0465335457
2026-03-14 12:00:00,1142065.920862419
2026-03-14 12:15:00,1141104.506448004
2026-03-14 12:30:00,1141104.506448004
2026-03-14 12:45:00,1141104.506448004
2026-03-14 13:00:00,1141104.506448004
2026-03-14 13:15:00,1141104.506448004
2026-03-14 13:30:00,1141104.506448004
2026-03-14 13:45:00,1140152.7061777327
2026-03-14 14:00:00,1138277.5644652718
2026-03-14 14:15:00,1137354.0336148278
2026-03-14 14:30:00,1137354.0336148278
2026-03-14 14:45:00,1140152.7061777327
2026-03-14 15:00:00,1138277.5644652718
2026-03-14 15:15:00,1138277.5644652718
2026-03-14 15:30:00,1136439.7380728885
2026-03-14 15:45:00,1135534.5854863685
2026-03-14 16:00:00,1135534.5854863685
2026-03-14 16:15:00,1135534.5854863685
2026-03-14 16:30:00,1135534.5854863685
2026-03-14 16:45:00,1134638.4844257138
2026-03-14 17:00:00,1133751.3443756658
2026-03-14 17:15:00,1132873.075726118
2026-03-14 17:30:00,1132003.5897630658
2026-03-14 17:45:00,1133751.3443756658
2026-03-14 18:00:00,1133751.3443756658
2026-03-14 18:15:00,1133751.3443756658
2026-03-14 18:30:00,1132873.075726118
2026-03-14 18:45:00,1132873.075726118
2026-03-14 19:00:00,1132003.5897630658
2026-03-14 19:15:00,1132003.5897630658
2026-03-14 19:30:00,1130290.6154672564
2026-03-14 19:45:00,1130290.6154672564
2026-03-14 20:00:00,1130290.6154672564
2026-03-14 20:15:00,1130290.6154672564
2026-03-14 20:30:00,1130290.6154672564
2026-03-14 20:45:00,1129446.9541067928
2026-03-14 21:00:00,1128611.7293599339
2026-03-14 21:15:00,1128611.7293599339
2026-03-14 21:30:00,1128611.7293599339
2026-03-14 21:45:00,1128611.7293599339
2026-03-14 22:00:00,1128611.7293599339
2026-03-14 22:15:00,1128611.7293599339
2026-03-14 22:30:00,1128611.7293599339
2026-03-14 22:45:00,1128611.7293599339
2026-03-14 23:00:00,1128611.7293599339
2026-03-14 23:15:00,1130290.6154672564
2026-03-14 23:30:00,1129446.9541067928
2026-03-14 23:45:00,1129446.9541067928
2026-03-15 00:00:00,1129446.9541067928
2026-03-15 00:15:00,1128611.7293599339
2026-03-15 00:30:00,1128611.7293599339
2026-03-15 00:45:00,1128611.7293599339
2026-03-15 01:00:00,1127784.8568605436
2026-03-15 01:15:00,1126966.253086147
2026-03-15 01:30:00,1126966.253086147
2026-03-15 01:45:00,1126155.8353494946
2026-03-15 02:00:00,1141645.3071315757
2026-03-15 02:15:00,1146431.3485171099
2026-03-15 02:30:00,1146431.34851711
2026-03-15 02:45:00,1146431.34851711
2026-03-15 03:00:00,1145426.279826148
2026-03-15 03:15:00,1144431.2618220954
2026-03-15 03:30:00,1144431.2618220954
2026-03-15 03:45:00,1144431.2618220954
2026-03-15 04:00:00,1143446.1939980835
2026-03-15 04:15:00,1142470.9768523115
2026-03-15 04:30:00,1141505.5118779973
2026-03-15 04:45:00,1141505.5118779973
2026-03-15 05:00:00,1141505.5118779973
2026-03-15 05:15:00,1141505.5118779973
2026-03-15 05:30:00,1140549.7015534262
2026-03-15 05:45:00,1156571.472119048
2026-03-15 06:00:00,1156571.472119048
2026-03-15 06:15:00,1154369.5969643546
2026-03-15 06:30:00,1153285.14578892
2026-03-15 06:45:00,1153285.14578892
2026-03-15 07:00:00,1153285.14578892
2026-03-15 07:15:00,1153285.14578892
2026-03-15 07:30:00,1152211.53912524
2026-03-15 07:45:00,1152211.53912524
2026-03-15 08:00:00,1151148.6685281964
2026-03-15 08:15:00,1151148.6685281964
2026-03-15 08:30:00,1151148.6685281964
2026-03-15 08:45:00,1150096.4266371233
2026-03-15 09:00:00,1150096.4266371233
2026-03-15 09:15:00,1150096.4266371233
2026-03-15 09:30:00,1151148.6685281964
2026-03-15 09:45:00,1151148.6685281964
2026-03-15 10:00:00,1151148.6685281964
2026-03-15 10:15:00,1151148.6685281964
2026-03-15 10:30:00,1151148.6685281964
2026-03-15 10:45:00,1151148.6685281964
2026-03-15 11:00:00,1151148.6685281964
2026-03-15 11:15:00,1151148.6685281964
2026-03-15 11:30:00,1151148.6685281964
2026-03-15 11:45:00,1151148.6685281964
2026-03-15 12:00:00,1162103.8217539557
2026-03-15 12:15:00,1180416.5905892043
2026-03-15 12:30:00,1180416.5905892043
2026-03-15 12:45:00,1180416.5905892043
2026-03-15 13:00:00,1180416.5905892043
2026-03-15 13:15:00,1180416.5905892043
2026-03-15 13:30:00,1180416.5905892043
2026-03-15 13:45:00,1180416.5905892043
2026-03-15 14:00:00,1180416.5905892043
2026-03-15 14:15:00,1180416.5905892043
2026-03-15 14:30:00,1180416.5905892043
2026-03-15 14:45:00,1180416.5905892043
2026-03-15 15:00:00,1180416.5905892043
2026-03-15 15:15:00,1180416.5905892043
2026-03-15 15:30:00,1180416.5905892043
2026-03-15 15:45:00,1180416.5905892043
2026-03-15 16:00:00,1179071.6694775212
2026-03-15 16:15:00,1179071.6694775212
2026-03-15 16:30:00,1177740.197576955
2026-03-15 16:45:00,1177740.197576955
2026-03-15 17:00:00,1176422.0403953942
2026-03-15 17:15:00,1176422.0403953942
2026-03-15 17:30:00,1176422.0403953942
2026-03-15 17:45:00,1175117.0647856493
2026-03-15 18:00:00,1173825.1389320018
2026-03-15 18:15:00,1173825.1389320018
2026-03-15 18:30:00,1173825.1389320018
2026-03-15 18:45:00,1173825.1389320018
2026-03-15 19:00:00,1173825.1389320018
2026-03-15 19:15:00,1173825.1389320018
2026-03-15 19:30:00,1173825.1389320018
2026-03-15 19:45:00,1173825.1389320018
2026-03-15 20:00:00,1173825.1389320018
2026-03-15 20:15:00,1172546.1323368906
2026-03-15 20:30:00,1171279.9158077308
2026-03-15 20:45:00,1162763.9378488234
2026-03-15 21:00:00,1161595.543264544
2026-03-15 21:15:00,1161595.543264544
2026-03-15 21:30:00,1161595.543264544
2026-03-15 21:45:00,1159293.6890940554
2026-03-15 22:00:00,1158159.9969973238
2026-03-15 22:15:00,1158159.9969973238
2026-03-15 22:30:00,1158159.9969973238
2026-03-15 22:45:00,1158159.9969973238
2026-03-15 23:00:00,1158159.9969973238
2026-03-15 23:15:00,1158159.9969973238
2026-03-15 23:30:00,1158159.9969973238
2026-03-15 23:45:00,1158159.9969973238
2026-03-16 00:00:00,1157037.6418215598
2026-03-16 00:15:00,1157037.6418215598
2026-03-16 00:30:00,1163771.772876145
2026-03-16 00:45:00,1163771.772876145
2026-03-16 01:00:00,1162593.2999415926
2026-03-16 01:15:00,1161426.6117363856
2026-03-16 01:30:00,1182347.4525070286
2026-03-16 01:45:00,1196330.8072483568
2026-03-16 02:00:00,1196330.8072483568
2026-03-16 02:15:00,1194826.7439700821
2026-03-16 02:30:00,1193337.7213245903
2026-03-16 02:45:00,1193337.7213245903
2026-03-16 03:00:00,1193337.7213245903
2026-03-16 03:15:00,1193337.7213245903
2026-03-16 03:30:00,1193337.7213245903
2026-03-16 03:45:00,1193337.7213245903
2026-03-16 04:00:00,1191863.5889055533
2026-03-16 04:15:00,1191863.5889055533
2026-03-16 04:30:00,1191863.5889055533
2026-03-16 04:45:00,1191863.5889055533
2026-03-16 05:00:00,1191863.5889055533
2026-03-16 05:15:00,1191863.5889055533
2026-03-16 05:30:00,1191863.5889055533
2026-03-16 05:45:00,1191863.5889055533
2026-03-16 06:00:00,1191863.5889055533
2026-03-16 06:15:00,1191863.5889055533
2026-03-16 06:30:00,1228744.3109347238
2026-03-16 06:45:00,1237885.3025104152
2026-03-16 07:00:00,1235965.69427952
2026-03-16 07:15:00,1235965.69427952
2026-03-16 07:30:00,1235965.69427952
2026-03-16 07:45:00,1235965.69427952
2026-03-16 08:00:00,1235965.69427952
2026-03-16 08:15:00,1235965.69427952
2026-03-16 08:30:00,1235965.69427952
2026-03-16 08:45:00,1235965.69427952
2026-03-16 09:00:00,1228477.3121496427
2026-03-16 09:15:00,1226651.7838223553
2026-03-16 09:30:00,1226651.7838223553
2026-03-16 09:45:00,1226651.7838223553
2026-03-16 10:00:00,1226651.7838223553
2026-03-16 10:15:00,1226651.7838223553
2026-03-16 10:30:00,1224844.5107783407
2026-03-16 10:45:00,1228477.3121496427
2026-03-16 11:00:00,1228477.3121496427
2026-03-16 11:15:00,1234065.2821309338
2026-03-16 11:30:00,1230321.280157004
2026-03-16 11:45:00,1230321.280157004
2026-03-16 12:00:00,1230321.280157004
2026-03-16 12:15:00,1230321.280157004
2026-03-16 12:30:00,1230321.280157004
2026-03-16 12:45:00,1230321.280157004
2026-03-16 13:00:00,1230321.280157004
2026-03-16 13:15:00,1230321.280157004
2026-03-16 13:30:00,1230321.280157004
2026-03-16 13:45:00,1230321.280157004
2026-03-16 14:00:00,1230321.280157004
2026-03-16 14:15:00,1230321.280157004
2026-03-16 14:30:00,1230321.280157004
2026-03-16 14:45:00,1230321.280157004
2026-03-16 15:00:00,1230321.280157004
2026-03-16 15:15:00,1230321.280157004
2026-03-16 15:30:00,1230321.280157004
2026-03-16 15:45:00,1230321.280157004
2026-03-16 16:00:00,1230321.280157004
2026-03-16 16:15:00,1230321.280157004
2026-03-16 16:30:00,1230321.280157004
2026-03-16 16:45:00,1230321.280157004
2026-03-16 17:00:00,1230321.280157004
2026-03-16 17:15:00,1230321.280157004
2026-03-16 17:30:00,1230321.280157004
2026-03-16 17:45:00,1230321.280157004
2026-03-16 18:00:00,1228477.3121496427
2026-03-16 18:15:00,1226651.7838223553
2026-03-16 18:30:00,1224844.5107783407
2026-03-16 18:45:00,1224844.5107783407
2026-03-16 19:00:00,1224844.5107783407
2026-03-16 19:15:00,1224844.5107783407
2026-03-16 19:30:00,1224844.5107783407
2026-03-16 19:45:00,1224844.5107783407
2026-03-16 20:00:00,1224844.5107783407
2026-03-16 20:15:00,1224844.5107783407
2026-03-16 20:30:00,1224844.5107783407
2026-03-16 20:45:00,1224844.5107783407
2026-03-16 21:00:00,1223055.3104647663
2026-03-16 21:15:00,1223055.3104647663
2026-03-16 21:30:00,1223055.3104647663
2026-03-16 21:45:00,1219530.4069269933
2026-03-16 22:00:00,1217794.3476519322
2026-03-16 22:15:00,1217794.3476519322
2026-03-16 22:30:00,1217794.3476519322
2026-03-16 22:45:00,1214374.1372741344
2026-03-16 23:00:00,1212689.6406956022
2026-03-16 23:15:00,1212689.6406956022
2026-03-16 23:30:00,1212689.6406956022
2026-03-16 23:45:00,1212689.6406956022
2026-03-17 00:00:00,1212689.6406956022
2026-03-17 00:15:00,1212689.6406956022
2026-03-17 00:30:00,1212689.6406956022
2026-03-17 00:45:00,1212689.6406956022
2026-03-17 01:00:00,1221027.8987593376
2026-03-17 01:15:00,1221027.8987593376
2026-03-17 01:30:00,1219276.8645659531
2026-03-17 01:45:00,1219276.8645659531
2026-03-17 02:00:00,1215827.1521015665
2026-03-17 02:15:00,1214128.1253747598
2026-03-17 02:30:00,1214128.1253747598
2026-03-17 02:45:00,1214128.1253747598
2026-03-17 03:00:00,1376591.0130614056
2026-03-17 03:15:00,1376591.0130614056
2026-03-17 03:30:00,1373284.3477250007
2026-03-17 03:45:00,1373284.3477250007
2026-03-17 04:00:00,1414166.7555205547
2026-03-17 04:15:00,1414166.7555205547
2026-03-17 04:30:00,1410484.3327595582
2026-03-17 04:45:00,1406838.7342261714
2026-03-17 05:00:00,1403229.5916781188
2026-03-17 05:15:00,1399656.5405555465
2026-03-17 05:30:00,1399656.5405555465
2026-03-17 05:45:00,1399656.5405555465
2026-03-17 06:00:00,1403229.5916781188
2026-03-17 06:15:00,1399656.5405555465
2026-03-17 06:30:00,1396119.2199442
2026-03-17 06:45:00,1396119.2199442
2026-03-17 07:00:00,1396119.2199442
2026-03-17 07:15:00,1396119.2199442
2026-03-17 07:30:00,1396119.2199442
2026-03-17 07:45:00,1396119.2199442
2026-03-17 08:00:00,1396119.2199442
2026-03-17 08:15:00,1396119.2199442
2026-03-17 08:30:00,1396119.2199442
2026-03-17 08:45:00,1396119.2199442
2026-03-17 09:00:00,1396119.2199442
2026-03-17 09:15:00,1396119.2199442
2026-03-17 09:30:00,1396119.2199442
2026-03-17 09:45:00,1396119.2199442
2026-03-17 10:00:00,1396119.2199442
2026-03-17 10:15:00,1396119.2199442
2026-03-17 10:30:00,1396119.2199442
2026-03-17 10:45:00,1396119.2199442
2026-03-17 11:00:00,1396119.2199442
2026-03-17 11:15:00,1396119.2199442
2026-03-17 11:30:00,1396119.2199442
2026-03-17 11:45:00,1396119.2199442
2026-03-17 12:00:00,1396119.2199442
2026-03-17 12:15:00,1396119.2199442
2026-03-17 12:30:00,1396119.2199442
2026-03-17 12:45:00,1396119.2199442
2026-03-17 13:00:00,1396119.2199442
2026-03-17 13:15:00,1396119.2199442
2026-03-17 13:30:00,1396119.2199442
2026-03-17 13:45:00,1396119.2199442
2026-03-17 14:00:00,1396119.2199442
2026-03-17 14:15:00,1396119.2199442
2026-03-17 14:30:00,1396119.2199442
2026-03-17 14:45:00,1396119.2199442
2026-03-17 15:00:00,1396119.2199442
2026-03-17 15:15:00,1396119.2199442
2026-03-17 15:30:00,1396119.2199442
2026-03-17 15:45:00,1396119.2199442
2026-03-17 16:00:00,1396119.2199442
2026-03-17 16:15:00,1396119.2199442
2026-03-17 16:30:00,1396119.2199442
2026-03-17 16:45:00,1396119.2199442
2026-03-17 17:00:00,1396119.2199442
2026-03-17 17:15:00,1396119.2199442
2026-03-17 17:30:00,1396119.2199442
2026-03-17 17:45:00,1396119.2199442
2026-03-17 18:00:00,1396119.2199442
2026-03-17 18:15:00,1389150.3446077863
2026-03-17 18:30:00,1385718.0859559174
2026-03-17 18:45:00,1382320.1498905672
2026-03-17 19:00:00,1382320.1498905672
2026-03-17 19:15:00,1382320.1498905672
2026-03-17 19:30:00,1382320.1498905672
2026-03-17 19:45:00,1382320.1498905672
2026-03-17 20:00:00,1382320.1498905672
2026-03-17 20:15:00,1382320.1498905672
2026-03-17 20:30:00,1382320.1498905672
2026-03-17 20:45:00,1382320.1498905672
2026-03-17 21:00:00,1382320.1498905672
2026-03-17 21:15:00,1382320.1498905672
2026-03-17 21:30:00,1382320.1498905672
2026-03-17 21:45:00,1382320.1498905672
2026-03-17 22:00:00,1382320.1498905672
2026-03-17 22:15:00,1382320.1498905672
2026-03-17 22:30:00,1382320.1498905672
2026-03-17 22:45:00,1382320.1498905672
2026-03-17 23:00:00,1382320.1498905672
2026-03-17 23:15:00,1382320.1498905672
2026-03-17 23:30:00,1382320.1498905672
2026-03-17 23:45:00,1382320.1498905672
2026-03-18 00:00:00,1382320.1498905672
2026-03-18 00:15:00,1382320.1498905672
2026-03-18 00:30:00,1382320.1498905672
2026-03-18 00:45:00,1382320.1498905672
2026-03-18 01:00:00,1382320.1498905672
2026-03-18 01:15:00,1382320.1498905672
2026-03-18 01:30:00,1378956.1931858703
2026-03-18 01:45:00,1378956.1931858703
2026-03-18 02:00:00,1375625.8760482206
2026-03-18 02:15:00,1375625.8760482206
2026-03-18 02:30:00,1375625.8760482206
2026-03-18 02:45:00,1375625.8760482206
2026-03-18 03:00:00,1375625.8760482206
2026-03-18 03:15:00,1372328.8620819473
2026-03-18 03:30:00,1388649.0812150002
2026-03-18 03:45:00,1388649.0812150002
2026-03-18 04:00:00,1381828.8616392976
2026-03-18 04:15:00,1378469.8178171134
2026-03-18 04:30:00,1375144.3644331512
2026-03-18 04:45:00,1371852.1655830287
2026-03-18 05:00:00,1371852.1655830287
2026-03-18 05:15:00,1368592.8887214074
2026-03-18 05:30:00,1385221.8351970592
2026-03-18 05:45:00,1369064.8182553367
2026-03-18 06:00:00,1365833.4148669923
2026-03-18 06:15:00,1365833.4148669923
2026-03-18 06:30:00,1365833.4148669923
2026-03-18 06:45:00,1365833.4148669923
2026-03-18 07:00:00,1365833.4148669923
2026-03-18 07:15:00,1356331.7995753076
2026-03-18 07:30:00,1359467.2270516148
2026-03-18 07:45:00,1356331.7995753076
2026-03-18 08:00:00,1356331.7995753076
2026-03-18 08:15:00,1359467.2270516148
2026-03-18 08:30:00,1356331.7995753076
2026-03-18 08:45:00,1356331.7995753076
2026-03-18 09:00:00,1356331.7995753076
2026-03-18 09:15:00,1356331.7995753076
2026-03-18 09:30:00,1356331.7995753076
2026-03-18 09:45:00,1356331.7995753076
2026-03-18 10:00:00,1356331.7995753076
2026-03-18 10:15:00,1356331.7995753076
2026-03-18 10:30:00,1356331.7995753076
2026-03-18 10:45:00,1356331.7995753076
2026-03-18 11:00:00,1356331.7995753076
2026-03-18 11:15:00,1356331.7995753076
2026-03-18 11:30:00,1356331.7995753076
2026-03-18 11:45:00,1356331.7995753076
2026-03-18 12:00:00,1356331.7995753076
2026-03-18 12:15:00,1356331.7995753076
2026-03-18 12:30:00,1356331.7995753076
2026-03-18 12:45:00,1356331.7995753076
2026-03-18 13:00:00,1353227.7263737638
2026-03-18 13:15:00,1353227.7263737638
2026-03-18 13:30:00,1344100.5126360164
2026-03-18 13:45:00,1341118.7523038653
2026-03-18 14:00:00,1338166.8095750355
2026-03-18 14:15:00,1338166.8095750355
2026-03-18 14:30:00,1338166.8095750355
2026-03-18 14:45:00,1338166.8095750355
2026-03-18 15:00:00,1338166.8095750355
2026-03-18 15:15:00,1338166.8095750355
2026-03-18 15:30:00,1338166.8095750355
2026-03-18 15:45:00,1338166.8095750355
2026-03-18 16:00:00,1338166.8095750355
2026-03-18 16:15:00,1338166.8095750355
2026-03-18 16:30:00,1338166.8095750355
2026-03-18 16:45:00,1338166.8095750355
2026-03-18 17:00:00,1368121.6484158356
2026-03-18 17:15:00,1368121.6484158356
2026-03-18 17:30:00,1384231.506865583
2026-03-18 17:45:00,1401146.8582378167
2026-03-18 18:00:00,1401146.8582378167
2026-03-18 18:15:00,1401146.8582378167
2026-03-18 18:30:00,1401146.8582378167
2026-03-18 18:45:00,1401146.8582378167
2026-03-18 19:00:00,1401146.8582378167
2026-03-18 19:15:00,1401146.8582378167
2026-03-18 19:30:00,1401146.8582378167
2026-03-18 19:45:00,1401146.8582378167
2026-03-18 20:00:00,1401146.8582378167
2026-03-18 20:15:00,1401146.8582378167
2026-03-18 20:30:00,1401146.8582378167
2026-03-18 20:45:00,1397594.6344496475
2026-03-18 21:00:00,1397594.6344496475
2026-03-18 21:15:00,1397594.6344496475
2026-03-18 21:30:00,1397594.6344496475
2026-03-18 21:45:00,1397594.6344496475
2026-03-18 22:00:00,1394077.93289936
2026-03-18 22:15:00,1394077.93289936
2026-03-18 22:30:00,1394077.93289936
2026-03-18 22:45:00,1394077.93289936
2026-03-18 23:00:00,1394077.93289936
2026-03-18 23:15:00,1394077.93289936
2026-03-18 23:30:00,1383737.427177596
2026-03-18 23:45:00,1380359.2977000289
2026-03-19 00:00:00,1377014.9495172375
2026-03-19 00:15:00,1377014.9495172375
2026-03-19 00:30:00,1377014.9495172375
2026-03-19 00:45:00,1377014.9495172375
2026-03-19 01:00:00,1377014.9495172375
2026-03-19 01:15:00,1377014.9495172375
2026-03-19 01:30:00,1377014.9495172375
2026-03-19 01:45:00,1377014.9495172375
2026-03-19 02:00:00,1377014.9495172375
2026-03-19 02:15:00,1377014.9495172375
2026-03-19 02:30:00,1377014.9495172375
2026-03-19 02:45:00,1377014.9495172375
2026-03-19 03:00:00,1377014.9495172375
2026-03-19 03:15:00,1373704.0448162742
2026-03-19 03:30:00,1370426.2491623203
2026-03-19 03:45:00,1367181.2314649061
2026-03-19 04:00:00,1367181.2314649061
2026-03-19 04:15:00,1367181.2314649061
2026-03-19 04:30:00,1367181.2314649061
2026-03-19 04:45:00,1367181.2314649061
2026-03-19 05:00:00,1367181.2314649061
2026-03-19 05:15:00,1367181.2314649061
2026-03-19 05:30:00,1367181.2314649061
2026-03-19 05:45:00,1363968.663944466
2026-03-19 06:00:00,1360788.2220992302
2026-03-19 06:15:00,1360788.2220992302
2026-03-19 06:30:00,1360788.2220992302
2026-03-19 06:45:00,1357639.5846724468
2026-03-19 07:00:00,1354522.4336199313
2026-03-19 07:15:00,1351436.454077941
2026-03-19 07:30:00,1351436.454077941
2026-03-19 07:45:00,1351436.454077941
2026-03-19 08:00:00,1351436.454077941
2026-03-19 08:15:00,1351436.454077941
2026-03-19 08:30:00,1351436.454077941
2026-03-19 08:45:00,1351436.454077941
2026-03-19 09:00:00,1351436.454077941
2026-03-19 09:15:00,1351436.454077941
2026-03-19 09:30:00,1351436.454077941
2026-03-19 09:45:00,1351436.454077941
2026-03-19 10:00:00,1351436.454077941
2026-03-19 10:15:00,1366712.0528107928
2026-03-19 10:30:00,1363504.1770768939
2026-03-19 10:45:00,1360328.380100334
2026-03-19 11:00:00,1357184.3410935395
2026-03-19 11:15:00,1357184.3410935395
2026-03-19 11:30:00,1357184.3410935395
2026-03-19 11:45:00,1357184.3410935395
2026-03-19 12:00:00,1357184.3410935395
2026-03-19 12:15:00,1341929.5108048304
2026-03-19 12:30:00,1338969.460490991
2026-03-19 12:45:00,1336039.01068029
2026-03-19 13:00:00,1336039.01068029
2026-03-19 13:15:00,1336039.01068029
2026-03-19 13:30:00,1336039.01068029
2026-03-19 13:45:00,1336039.01068029
2026-03-19 14:00:00,1336039.01068029
2026-03-19 14:15:00,1336039.01068029
2026-03-19 14:30:00,1336039.01068029
2026-03-19 14:45:00,1336039.01068029
2026-03-19 15:00:00,1336039.01068029
2026-03-19 15:15:00,1336039.01068029
2026-03-19 15:30:00,1336039.01068029
2026-03-19 15:45:00,1518490.4805393803
2026-03-19 16:00:00,1518490.4805393803
2026-03-19 16:15:00,1513764.8205281955
2026-03-19 16:30:00,1504454.7977401603
2026-03-19 16:45:00,1499869.4945569676
2026-03-19 17:00:00,1499869.4945569676
2026-03-19 17:15:00,1499869.4945569676
2026-03-19 17:30:00,1499869.4945569676
2026-03-19 17:45:00,1495330.0444056068
2026-03-19 18:00:00,1490835.9887557596
2026-03-19 18:15:00,1486386.873662411
2026-03-19 18:30:00,1486386.873662411
2026-03-19 18:45:00,1481982.2497199958
2026-03-19 19:00:00,1477621.6720170048
2026-03-19 19:15:00,1477621.6720170048
2026-03-19 19:30:00,1477621.6720170048
2026-03-19 19:45:00,1477621.6720170048
2026-03-19 20:00:00,1477621.6720170048
2026-03-19 20:15:00,1469030.8978843421
2026-03-19 20:30:00,1460611.0801569195
2026-03-19 20:45:00,1460611.0801569195
2026-03-19 21:00:00,1460611.0801569195
2026-03-19 21:15:00,1460611.0801569195
2026-03-19 21:30:00,1460611.0801569195
2026-03-19 21:45:00,1460611.0801569195
2026-03-19 22:00:00,1477621.6720170048
2026-03-19 22:15:00,1477621.6720170048
2026-03-19 22:30:00,1477621.6720170048
2026-03-19 22:45:00,1477621.6720170048
2026-03-19 23:00:00,1473304.7000910435
2026-03-19 23:15:00,1473304.7000910435
2026-03-19 23:30:00,1473304.7000910435
2026-03-19 23:45:00,1473304.7000910435
2026-03-20 00:00:00,1473304.7000910435
2026-03-20 00:15:00,1473304.7000910435
2026-03-20 00:30:00,1469030.8978843421
2026-03-20 00:45:00,1464799.8336997076
2026-03-20 01:00:00,1469030.8978843421
2026-03-20 01:15:00,1469030.8978843421
2026-03-20 01:30:00,1440287.3105477085
2026-03-20 01:45:00,1436343.6822364402
2026-03-20 02:00:00,1436343.6822364402
2026-03-20 02:15:00,1432439.490208285
2026-03-20 02:30:00,1428574.3401004109
2026-03-20 02:45:00,1428574.3401004109
2026-03-20 03:00:00,1428574.3401004109
2026-03-20 03:15:00,1428574.3401004109
2026-03-20 03:30:00,1428574.3401004109
2026-03-20 03:45:00,1428574.3401004109
2026-03-20 04:00:00,1428574.3401004109
2026-03-20 04:15:00,1428574.3401004109
2026-03-20 04:30:00,1428574.3401004109
2026-03-20 04:45:00,1428574.3401004109
2026-03-20 05:00:00,1424747.8414936159
2026-03-20 05:15:00,1417209.2565883687
2026-03-20 05:30:00,1417209.2565883687
2026-03-20 05:45:00,1417209.2565883687
2026-03-20 06:00:00,1417209.2565883687
2026-03-20 06:15:00,1417209.2565883687
2026-03-20 06:30:00,1417209.2565883687
2026-03-20 06:45:00,1417209.2565883687
2026-03-20 07:00:00,1417209.2565883687
2026-03-20 07:15:00,1417209.2565883687
2026-03-20 07:30:00,1409820.689522736
2026-03-20 07:45:00,1406181.7274217175
2026-03-20 08:00:00,1406181.7274217175
2026-03-20 08:15:00,1402579.1549417092
2026-03-20 08:30:00,1399012.608186501
2026-03-20 08:45:00,1399012.608186501
2026-03-20 09:00:00,1391986.1544240655
2026-03-20 09:15:00,1399012.608186501
2026-03-20 09:30:00,1395481.726898845
2026-03-20 09:45:00,1395481.726898845
2026-03-20 10:00:00,1391986.1544240655
2026-03-20 10:15:00,1391986.1544240655
2026-03-20 10:30:00,1391986.1544240655
2026-03-20 10:45:00,1391986.1544240655
2026-03-20 11:00:00,1391986.1544240655
2026-03-20 11:15:00,1391986.1544240655
2026-03-20 11:30:00,1388525.5376740338
2026-03-20 11:45:00,1385099.5270915024
2026-03-20 12:00:00,1381707.7766147964
2026-03-20 12:15:00,1381707.7766147964
2026-03-20 12:30:00,1378349.9436428575
2026-03-20 12:45:00,1378349.9436428575
2026-03-20 13:00:00,1371734.6769048404
2026-03-20 13:15:00,1371734.6769048404
2026-03-20 13:30:00,1371734.6769048404
2026-03-20 13:45:00,1371734.6769048404
2026-03-20 14:00:00,1371734.6769048404
2026-03-20 14:15:00,1371734.6769048404
2026-03-20 14:30:00,1371734.6769048404
2026-03-20 14:45:00,1371734.6769048404
2026-03-20 15:00:00,1371734.6769048404
2026-03-20 15:15:00,1371734.6769048404
2026-03-20 15:30:00,1371734.6769048404
2026-03-20 15:45:00,1371734.6769048404
2026-03-20 16:00:00,1371734.6769048404
2026-03-20 16:15:00,1365251.0539749097
2026-03-20 16:30:00,1362057.7882293696
2026-03-20 16:45:00,1362057.7882293696
2026-03-20 17:00:00,1377864.453669794
2026-03-20 17:15:00,1377864.453669794
2026-03-20 17:30:00,1377864.453669794
2026-03-20 17:45:00,1377864.453669794
2026-03-20 18:00:00,1377864.453669794
2026-03-20 18:15:00,1374545.053927305
2026-03-20 18:30:00,1371258.848182241
2026-03-20 18:45:00,1371258.848182241
2026-03-20 19:00:00,1368005.5044946275
2026-03-20 19:15:00,1368005.5044946275
2026-03-20 19:30:00,1368005.5044946275
2026-03-20 19:45:00,1368005.5044946275
2026-03-20 20:00:00,1368005.5044946275
2026-03-20 20:15:00,1368005.5044946275
2026-03-20 20:30:00,1394461.4523822386
2026-03-20 20:45:00,1390976.0826526252
2026-03-20 21:00:00,1387525.566620308
2026-03-20 21:15:00,1387525.566620308
2026-03-20 21:30:00,1387525.566620308
2026-03-20 21:45:00,1384109.5557483137
2026-03-20 22:00:00,1380727.7049850395
2026-03-20 22:15:00,1377379.6727293981
2026-03-20 22:30:00,1377379.6727293981
2026-03-20 22:45:00,1384109.5557483137
2026-03-20 23:00:00,1384109.5557483137
2026-03-20 23:15:00,1380727.7049850395
2026-03-20 23:30:00,1377379.6727293981
2026-03-20 23:45:00,1377379.6727293981
2026-03-21 01:00:00,1377379.6727293981
2026-03-21 01:15:00,1377379.6727293981
2026-03-21 01:30:00,1377379.6727293981
2026-03-21 01:45:00,1377379.6727293981
2026-03-21 02:00:00,1377379.6727293981
2026-03-21 02:15:00,1377379.6727293981
2026-03-21 02:30:00,1377379.6727293981
2026-03-21 02:45:00,1377379.6727293981
2026-03-21 03:00:00,1377379.6727293981
2026-03-21 03:15:00,1377379.6727293981
2026-03-21 03:30:00,1377379.6727293981
2026-03-21 03:45:00,1377379.6727293981
2026-03-21 04:00:00,1377379.6727293981
2026-03-21 04:15:00,1377379.6727293981
2026-03-21 04:30:00,1377379.6727293981
2026-03-21 04:45:00,1377379.6727293981
2026-03-21 05:00:00,1377379.6727293981
2026-03-21 05:15:00,1377379.6727293981
2026-03-21 05:30:00,1377379.6727293981
2026-03-21 05:45:00,1377379.6727293981
2026-03-21 06:00:00,1377379.6727293981
2026-03-21 06:15:00,1377379.6727293981
2026-03-21 06:30:00,1377379.6727293981
2026-03-21 06:45:00,1377379.6727293981
2026-03-21 07:00:00,1377379.6727293981
2026-03-21 07:15:00,1377379.6727293981
2026-03-21 07:30:00,1377379.6727293981
2026-03-21 07:45:00,1377379.6727293981
2026-03-21 08:00:00,1377379.6727293981
2026-03-21 08:15:00,1377379.6727293981
2026-03-21 08:30:00,1377379.6727293981
2026-03-21 08:45:00,1377379.6727293981
2026-03-21 09:00:00,1377379.6727293981
2026-03-21 09:15:00,1377379.6727293981
2026-03-21 09:30:00,1377379.6727293981
2026-03-21 09:45:00,1377379.6727293981
2026-03-21 10:00:00,1374065.120796313
2026-03-21 10:15:00,1374065.120796313
2026-03-21 10:30:00,1374065.120796313
2026-03-21 10:45:00,1361135.0702449623
2026-03-21 11:00:00,1357982.9643367217
2026-03-21 11:15:00,1370783.7143825588
2026-03-21 11:30:00,1367535.1220329423
2026-03-21 11:45:00,1367535.1220329423
2026-03-21 12:00:00,1367535.1220329423
2026-03-21 12:15:00,1367535.1220329423
2026-03-21 12:30:00,1367535.1220329423
2026-03-21 12:45:00,1367535.1220329423
2026-03-21 13:00:00,1367535.1220329423
2026-03-21 13:15:00,1367535.1220329423
2026-03-21 13:30:00,1367535.1220329423
2026-03-21 13:45:00,1367535.1220329423
2026-03-21 14:00:00,1367535.1220329423
2026-03-21 14:15:00,1367535.1220329423
2026-03-21 14:30:00,1367535.1220329423
2026-03-21 14:45:00,1367535.1220329423
2026-03-21 15:00:00,1367535.1220329423
2026-03-21 15:15:00,1367535.1220329423
2026-03-21 15:30:00,1367535.1220329423
2026-03-21 15:45:00,1364319.0156068217
2026-03-21 16:00:00,1364319.0156068217
2026-03-21 16:15:00,1364319.0156068217
2026-03-21 16:30:00,1364319.0156068217
2026-03-21 16:45:00,1364319.0156068217
2026-03-21 17:00:00,1383615.6541635445
2026-03-21 17:15:00,1383615.6541635445
2026-03-21 17:30:00,1383615.6541635445
2026-03-21 17:45:00,1383615.6541635445
2026-03-21 18:00:00,1383615.6541635445
2026-03-21 18:15:00,1383615.6541635445
2026-03-21 18:30:00,1383615.6541635445
2026-03-21 18:45:00,1383615.6541635445
2026-03-21 19:00:00,1383615.6541635445
2026-03-21 19:15:00,1383615.6541635445
2026-03-21 19:30:00,1383615.6541635445
2026-03-21 19:45:00,1383615.6541635445
2026-03-21 20:00:00,1418228.9995746652
2026-03-21 20:15:00,1418228.9995746652
2026-03-21 20:30:00,1410820.1396236052
2026-03-21 20:45:00,1410820.1396236052
2026-03-21 21:00:00,1410820.1396236052
2026-03-21 21:15:00,1407171.183021578
2026-03-21 21:30:00,1399982.3736199243
2026-03-21 21:45:00,1399982.3736199243
2026-03-21 22:00:00,1399982.3736199243
2026-03-21 22:15:00,1399982.3736199243
2026-03-21 22:30:00,1399982.3736199243
2026-03-21 22:45:00,1399982.3736199243
2026-03-21 23:00:00,1396441.7946779341
2026-03-21 23:15:00,1392936.6215253638
2026-03-21 23:30:00,1389466.500104319
2026-03-21 23:45:00,1392936.6215253638
2026-03-22 00:00:00,1396441.7946779341
2026-03-22 00:15:00,1396441.7946779341
2026-03-22 00:30:00,1396441.7946779341
2026-03-22 00:45:00,1396441.7946779341
2026-03-22 01:00:00,1396441.7946779341
2026-03-22 01:15:00,1396441.7946779341
2026-03-22 01:30:00,1396441.7946779341
2026-03-22 01:45:00,1396441.7946779341
2026-03-22 02:00:00,1498462.9505710541
2026-03-22 02:15:00,1498462.9505710541
2026-03-22 02:30:00,1498462.9505710541
2026-03-22 02:45:00,1747960.178531913
2026-03-22 03:00:00,1783061.9634874668
2026-03-22 03:15:00,1783061.9634874668
2026-03-22 03:30:00,1783061.9634874668
2026-03-22 03:45:00,1783061.9634874668
2026-03-22 04:00:00,1783061.9634874668
2026-03-22 04:15:00,1783061.9634874668
2026-03-22 04:30:00,1783061.9634874668
2026-03-22 04:45:00,1783061.9634874668
2026-03-22 05:00:00,1783061.9634874668
2026-03-22 05:15:00,1783061.9634874668
2026-03-22 05:30:00,1783061.9634874668
2026-03-22 05:45:00,1783061.9634874668
2026-03-22 06:00:00,1783061.9634874668
2026-03-22 06:15:00,1768392.9275545422
2026-03-22 06:30:00,1761168.243073206
2026-03-22 06:45:00,1761168.243073206
2026-03-22 07:00:00,1761168.243073206
2026-03-22 07:15:00,1746934.8921765247
2026-03-22 07:30:00,1746934.8921765247
2026-03-22 07:45:00,1746934.8921765247
2026-03-22 08:00:00,1746934.8921765247
2026-03-22 08:15:00,1746934.8921765247
2026-03-22 08:30:00,1746934.8921765247
2026-03-22 08:45:00,1746934.8921765247
2026-03-22 09:00:00,1746934.8921765247
2026-03-22 09:15:00,1746934.8921765247
2026-03-22 09:30:00,1746934.8921765247
2026-03-22 09:45:00,1746934.8921765247
2026-03-22 10:00:00,1739924.7880489687
2026-03-22 10:15:00,1739924.7880489687
2026-03-22 10:30:00,1739924.7880489687
2026-03-22 10:45:00,1739924.7880489687
2026-03-22 11:00:00,1774624.8034803732
2026-03-22 11:15:00,2032316.5274957716
2026-03-22 11:30:00,2032316.5274957716
2026-03-22 11:45:00,2032316.5274957716
2026-03-22 12:00:00,2032316.5274957716
2026-03-22 12:15:00,2032316.5274957716
2026-03-22 12:30:00,2032316.5274957716
2026-03-22 12:45:00,2032316.5274957716
2026-03-22 13:00:00,2032316.5274957716
2026-03-22 13:15:00,2032316.5274957716
2026-03-22 13:30:00,2032316.5274957716
2026-03-22 13:45:00,2032316.5274957716
2026-03-22 14:00:00,2032316.5274957716
2026-03-22 14:15:00,1958776.9076634445
2026-03-22 14:30:00,1958776.9076634445
2026-03-22 14:45:00,1958776.9076634445
2026-03-22 15:00:00,1958776.9076634445
2026-03-22 15:15:00,1958776.9076634445
2026-03-22 15:30:00,1958776.9076634445
2026-03-22 15:45:00,1958776.9076634445
2026-03-22 16:00:00,1958776.9076634445
2026-03-22 16:15:00,1958776.9076634445
2026-03-22 16:30:00,1958776.9076634445
2026-03-22 16:45:00,1949648.383381019
2026-03-22 17:00:00,1949648.383381019
2026-03-22 17:15:00,1949648.383381019
2026-03-22 17:30:00,1949648.383381019
2026-03-22 17:45:00,1940611.1443414178
2026-03-22 18:00:00,1940611.1443414178
2026-03-22 18:15:00,1940611.1443414178
2026-03-22 18:30:00,1922806.8797094994
2026-03-22 18:45:00,1914038.0557066132
2026-03-22 19:00:00,1914038.0557066132
2026-03-22 19:15:00,1905356.9199437562
2026-03-22 19:30:00,1905356.9199437562
2026-03-22 19:45:00,1905356.9199437562
2026-03-22 20:00:00,1905356.9199437562
2026-03-22 20:15:00,1905356.9199437562
2026-03-22 20:30:00,1888254.214377351
2026-03-22 20:45:00,1879830.9170277864
2026-03-22 21:00:00,1905356.9199437562
2026-03-22 21:15:00,1905356.9199437562
2026-03-22 21:30:00,1922806.8797094994
2026-03-22 21:45:00,1922806.8797094994
2026-03-22 22:00:00,1922806.8797094994
2026-03-22 22:15:00,1922806.8797094994
2026-03-22 22:30:00,1922806.8797094994
2026-03-22 22:45:00,1922806.8797094994
2026-03-22 23:00:00,1922806.8797094994
2026-03-22 23:15:00,1922806.8797094994
2026-03-22 23:30:00,1922806.8797094994
2026-03-22 23:45:00,1922806.8797094994
2026-03-23 00:00:00,1922806.8797094994
2026-03-23 00:15:00,1922806.8797094994
2026-03-23 00:30:00,1922806.8797094994
2026-03-23 00:45:00,1922806.8797094994
2026-03-23 01:00:00,1922806.8797094994
2026-03-23 01:15:00,1922806.8797094994
2026-03-23 01:30:00,1922806.8797094994
2026-03-23 01:45:00,1922806.8797094994
2026-03-23 02:00:00,1922806.8797094994
2026-03-23 02:15:00,1922806.8797094994
2026-03-23 02:30:00,1922806.8797094994
2026-03-23 02:45:00,1922806.8797094994
2026-03-23 03:00:00,1922806.8797094994
2026-03-23 03:15:00,1914038.0557066132
2026-03-23 03:30:00,1914038.0557066132
2026-03-23 03:45:00,1914038.0557066132
2026-03-23 04:00:00,1914038.0557066132
2026-03-23 04:15:00,1914038.0557066132
2026-03-23 04:30:00,1914038.0557066132
2026-03-23 04:45:00,1914038.0557066132
2026-03-23 05:00:00,1914038.0557066132
2026-03-23 05:15:00,1914038.0557066132
2026-03-23 05:30:00,1914038.0557066132
2026-03-23 05:45:00,1914038.0557066132
2026-03-23 06:00:00,1914038.0557066132
2026-03-23 06:15:00,1914038.0557066132
2026-03-23 06:30:00,1905356.9199437562
2026-03-23 06:45:00,1888254.214377351
2026-03-23 07:00:00,1879830.9170277864
2026-03-23 07:15:00,1879830.9170277864
2026-03-23 07:30:00,1879830.9170277864
2026-03-23 07:45:00,1879830.9170277864
2026-03-23 08:00:00,1879830.9170277864
2026-03-23 08:15:00,1879830.9170277864
2026-03-23 08:30:00,1871491.8526517176
2026-03-23 08:45:00,1871491.8526517176
2026-03-23 09:00:00,1871491.8526517176
2026-03-23 09:15:00,1855063.0619244243
2026-03-23 09:30:00,1823179.7733108408
2026-03-23 09:45:00,1815407.2203719416
2026-03-23 10:00:00,1807712.392962431
2026-03-23 10:15:00,1807712.392962431
2026-03-23 10:30:00,1807712.392962431
2026-03-23 10:45:00,1807712.392962431
2026-03-23 11:00:00,1807712.392962431
2026-03-23 11:15:00,1800094.5138270156
2026-03-23 11:30:00,1792552.8134829542
2026-03-23 11:45:00,1792552.8134829542
2026-03-23 12:00:00,1777694.9096351194
2026-03-23 12:15:00,1770377.2053329772
2026-03-23 12:30:00,1763132.6780738563
2026-03-23 12:45:00,1763132.6780738563
2026-03-23 13:00:00,1763132.6780738563
2026-03-23 13:15:00,1763132.6780738563
2026-03-23 13:30:00,1755960.5960873268
2026-03-23 13:45:00,1755960.5960873268
2026-03-23 14:00:00,1876182.620386531
2026-03-23 14:15:00,1917695.5274348129
2026-03-23 14:30:00,1908977.816954674
2026-03-23 14:45:00,1900347.283579336
2026-03-23 15:00:00,1891803.0555377514
2026-03-23 15:15:00,1891803.0555377514
2026-03-23 15:30:00,1891803.0555377514
2026-03-23 15:45:00,1891803.0555377514
2026-03-23 16:00:00,1891803.0555377514
2026-03-23 16:15:00,1891803.0555377514
2026-03-23 16:30:00,1891803.0555377514
2026-03-23 16:45:00,1891803.0555377514
2026-03-23 17:00:00,1891803.0555377514
2026-03-23 17:15:00,1891803.0555377514
2026-03-23 17:30:00,1891803.0555377514
2026-03-23 17:45:00,1883344.269776583
2026-03-23 18:00:00,1883344.269776583
2026-03-23 18:15:00,1858472.0645832284
2026-03-23 18:30:00,1874970.071873026
2026-03-23 18:45:00,1850346.5887316053
2026-03-23 19:00:00,1842302.367638498
2026-03-23 19:15:00,1842302.367638498
2026-03-23 19:30:00,1842302.367638498
2026-03-23 19:45:00,1842302.367638498
2026-03-23 20:00:00,1842302.367638498
2026-03-23 20:15:00,1842302.367638498
2026-03-23 20:30:00,1842302.367638498
2026-03-23 20:45:00,1842302.367638498
2026-03-23 21:00:00,1842302.367638498
2026-03-23 21:15:00,1834338.5887563224
2026-03-23 21:30:00,1834338.5887563224
2026-03-23 21:45:00,1834338.5887563224
2026-03-23 22:00:00,1826454.447662968
2026-03-23 22:15:00,1818649.147980547
2026-03-23 22:30:00,1818649.147980547
2026-03-23 22:45:00,1803271.9270762103
2026-03-23 23:00:00,1795698.452599657
2026-03-23 23:15:00,1795698.452599657
2026-03-23 23:30:00,1795698.452599657
2026-03-23 23:45:00,1795698.452599657
2026-03-24 00:00:00,1795698.452599657
2026-03-24 00:15:00,1795698.452599657
2026-03-24 00:30:00,1795698.452599657
2026-03-24 00:45:00,1795698.452599657
2026-03-24 01:00:00,1751821.791706217
2026-03-24 01:15:00,1744762.818583364
2026-03-24 01:30:00,1744762.818583364
2026-03-24 01:45:00,1744762.818583364
2026-03-24 02:00:00,1744762.818583364
2026-03-24 02:15:00,1788200.7128678695
2026-03-24 02:30:00,1780777.9505333998
2026-03-24 02:45:00,1766154.366458261
2026-03-24 03:00:00,1758952.0675878872
2026-03-24 03:15:00,1758952.0675878872
2026-03-24 03:30:00,1758952.0675878872
2026-03-24 03:45:00,1758952.0675878872
2026-03-24 04:00:00,1758952.0675878872
2026-03-24 04:15:00,1744762.818583364
2026-03-24 04:30:00,1737774.4351917394
2026-03-24 04:45:00,1737774.4351917394
2026-03-24 05:00:00,1730855.935634031
2026-03-24 05:15:00,1730855.935634031
2026-03-24 05:30:00,1730855.935634031
2026-03-24 05:45:00,1730855.935634031
2026-03-24 06:00:00,1730855.935634031
2026-03-24 06:15:00,1730855.935634031
2026-03-24 06:30:00,1730855.935634031
2026-03-24 06:45:00,1730855.935634031
2026-03-24 07:00:00,1677941.3466883553
2026-03-24 07:15:00,1677941.3466883553
2026-03-24 07:30:00,1677941.3466883553
2026-03-24 07:45:00,1677941.3466883553
2026-03-24 08:00:00,1794603.446996236
2026-03-24 08:15:00,1794603.446996236
2026-03-24 08:30:00,1787116.6573204827
2026-03-24 08:45:00,1779704.7355414866
2026-03-24 09:00:00,1779704.7355414866
2026-03-24 09:15:00,1765102.508444687
2026-03-24 09:30:00,1779704.7355414866
2026-03-24 09:45:00,1772366.9329802808
2026-03-24 10:00:00,1757910.7281544488
2026-03-24 10:15:00,1772366.9329802808
2026-03-24 10:30:00,1772366.9329802808
2026-03-24 10:45:00,1772366.9329802808
2026-03-24 11:00:00,1772366.9329802808
2026-03-24 11:15:00,1772366.9329802808
2026-03-24 11:30:00,1772366.9329802808
2026-03-24 11:45:00,1772366.9329802808
2026-03-24 12:00:00,1772366.9329802808
2026-03-24 12:15:00,1772366.9329802808
2026-03-24 12:30:00,1772366.9329802808
2026-03-24 12:45:00,1772366.9329802808
2026-03-24 13:00:00,1772366.9329802808
2026-03-24 13:15:00,1765102.508444687
2026-03-24 13:30:00,1757910.7281544488
2026-03-24 13:45:00,1757910.7281544488
2026-03-24 14:00:00,1743742.2018046514
2026-03-24 14:15:00,1736764.024580814
2026-03-24 14:30:00,1736764.024580814
2026-03-24 14:45:00,1736764.024580814
2026-03-24 15:00:00,1729855.6291292147
2026-03-24 15:15:00,1723016.3176321313
2026-03-24 15:30:00,1716245.3992500189
2026-03-24 15:45:00,1709542.1900517275
2026-03-24 16:00:00,1709542.1900517275
2026-03-24 16:15:00,1709542.1900517275
2026-03-24 16:30:00,1709542.1900517275
2026-03-24 16:45:00,1709542.1900517275
2026-03-24 17:00:00,1834338.5887563224
2026-03-24 17:15:00,1834338.5887563224
2026-03-24 17:30:00,1834338.5887563224
2026-03-24 17:45:00,1834338.5887563224
2026-03-24 18:00:00,1834338.5887563224
2026-03-24 18:15:00,1834338.5887563224
2026-03-24 18:30:00,1834338.5887563224
2026-03-24 18:45:00,1834338.5887563224
2026-03-24 19:00:00,1834338.5887563224
2026-03-24 19:15:00,1834338.5887563224
2026-03-24 19:30:00,1834338.5887563224
2026-03-24 19:45:00,1834338.5887563224
2026-03-24 20:00:00,1834338.5887563224
2026-03-24 20:15:00,1834338.5887563224
2026-03-24 20:30:00,1834338.5887563224
2026-03-24 20:45:00,1834338.5887563224
2026-03-24 21:00:00,1834338.5887563224
2026-03-24 21:15:00,1834338.5887563224
2026-03-24 21:30:00,1834338.5887563224
2026-03-24 21:45:00,1834338.5887563224
2026-03-24 22:00:00,1834338.5887563224
2026-03-24 22:15:00,1834338.5887563224
2026-03-24 22:30:00,1834338.5887563224
2026-03-24 22:45:00,1834338.5887563224
2026-03-24 23:00:00,1834338.5887563224
2026-03-24 23:15:00,1834338.5887563224
2026-03-24 23:30:00,1834338.5887563224
2026-03-24 23:45:00,1834338.5887563224
2026-03-25 00:00:00,1834338.5887563224
2026-03-25 00:15:00,1818649.147980547
2026-03-25 00:30:00,1818649.147980547
2026-03-25 00:45:00,1818649.147980547
2026-03-25 01:00:00,1818649.147980547
2026-03-25 01:15:00,1818649.147980547
2026-03-25 01:30:00,1803271.9270762103
2026-03-25 01:45:00,1803271.9270762103
2026-03-25 02:00:00,1803271.9270762103
2026-03-25 02:15:00,1803271.9270762103
2026-03-25 02:30:00,1803271.9270762103
2026-03-25 02:45:00,1795698.452599657
2026-03-25 03:00:00,1795698.452599657
2026-03-25 03:15:00,1795698.452599657
2026-03-25 03:30:00,1958612.3627403197
2026-03-25 03:45:00,1958612.3627403197
2026-03-25 04:00:00,1958612.3627403197
2026-03-25 04:15:00,1958612.3627403197
2026-03-25 04:30:00,1958612.3627403197
2026-03-25 04:45:00,1958612.3627403197
2026-03-25 05:00:00,1940449.873862263
2026-03-25 05:15:00,1931504.6199178495
2026-03-25 05:30:00,1931504.6199178495
2026-03-25 05:45:00,1913881.5751219601
2026-03-25 06:00:00,1905202.0041649493
2026-03-25 06:15:00,1896609.2289175086
2026-03-25 06:30:00,1896609.2289175086
2026-03-25 06:45:00,1896609.2289175086
2026-03-25 07:00:00,1896609.2289175086
2026-03-25 07:15:00,1896609.2289175086
2026-03-25 07:30:00,1896609.2289175086
2026-03-25 07:45:00,1888102.3814225425
2026-03-25 08:00:00,2210771.1972186314
2026-03-25 08:15:00,2210771.1972186314
2026-03-25 08:30:00,2210771.1972186314
2026-03-25 08:45:00,2210771.1972186314
2026-03-25 09:00:00,2210771.1972186314
2026-03-25 09:15:00,2210771.1972186314
2026-03-25 09:30:00,2210771.1972186314
2026-03-25 09:45:00,2210771.1972186314
2026-03-25 10:00:00,2210771.1972186314
2026-03-25 10:15:00,2210771.1972186314
2026-03-25 10:30:00,2210771.1972186314
2026-03-25 10:45:00,2210771.1972186314
2026-03-25 11:00:00,2199122.730040654
2026-03-25 11:15:00,2199122.730040654
2026-03-25 11:30:00,2317325.5507291807
2026-03-25 11:45:00,2317325.5507291807
2026-03-25 12:00:00,2317325.5507291807
2026-03-25 12:15:00,2317325.5507291807
2026-03-25 12:30:00,2317325.5507291807
2026-03-25 12:45:00,2317325.5507291807
2026-03-25 13:00:00,2317325.5507291807
2026-03-25 13:15:00,2317325.5507291807
2026-03-25 13:30:00,2317325.5507291807
2026-03-25 13:45:00,2330167.9857928944
2026-03-25 14:00:00,2330167.9857928944
2026-03-25 14:15:00,2330167.9857928944
2026-03-25 14:30:00,2330167.9857928944
2026-03-25 14:45:00,2317325.550729174
2026-03-25 15:00:00,2317325.550729174
2026-03-25 15:15:00,2292024.6694101393
2026-03-25 15:30:00,2279563.667510247
2026-03-25 15:45:00,2279563.667510247
2026-03-25 16:00:00,2279563.667510247
2026-03-25 16:15:00,2279563.667510247
2026-03-25 16:30:00,2279563.667510247
2026-03-25 16:45:00,2267227.2756293537
2026-03-25 17:00:00,2267227.2756293537
2026-03-25 17:15:00,2267227.2756293537
2026-03-25 17:30:00,2267227.2756293537
2026-03-25 17:45:00,2267227.2756293537
2026-03-25 18:00:00,2255014.247667269
2026-03-25 18:15:00,2255014.247667269
2026-03-25 18:30:00,2242923.349984805
2026-03-25 18:45:00,2242923.349984805
2026-03-25 19:00:00,2242923.349984805
2026-03-25 19:15:00,2184258.495068711
2026-03-25 19:30:00,2172875.1549122334
2026-03-25 19:45:00,2172875.1549122334
2026-03-25 20:00:00,2172875.1549122334
2026-03-25 20:15:00,2172875.1549122334
2026-03-25 20:30:00,2172875.1549122334
2026-03-25 20:45:00,2172875.1549122334
2026-03-25 21:00:00,2172875.1549122334
2026-03-25 21:15:00,2150448.8364699557
2026-03-25 21:30:00,2150448.8364699557
2026-03-25 21:45:00,2150448.8364699557
2026-03-25 22:00:00,2150448.8364699557
2026-03-25 22:15:00,2150448.8364699557
2026-03-25 22:30:00,2117643.358541241
2026-03-25 22:45:00,2117643.358541241
2026-03-25 23:00:00,2117643.358541241
2026-03-25 23:15:00,2117643.358541241
2026-03-25 23:30:00,2117643.358541241
2026-03-25 23:45:00,2117643.358541241
2026-03-26 00:00:00,2117643.358541241
2026-03-26 00:15:00,2117643.358541241
2026-03-26 00:30:00,2106926.1697500376
2026-03-26 00:45:00,2106926.1697500376
2026-03-26 01:00:00,2106926.1697500376
2026-03-26 01:15:00,2106926.1697500376
2026-03-26 01:30:00,2128468.801764679
2026-03-26 01:45:00,2128468.801764679
2026-03-26 02:00:00,2128468.801764679
2026-03-26 02:15:00,2106926.1697500376
2026-03-26 02:30:00,2096316.1528467464
2026-03-26 02:45:00,2085812.236112488
2026-03-26 03:00:00,2085812.236112488
2026-03-26 03:15:00,2085812.236112488
2026-03-26 03:30:00,2085812.236112488
2026-03-26 03:45:00,2075413.358545572
2026-03-26 04:00:00,2075413.358545572
2026-03-26 04:15:00,2075413.358545572
2026-03-26 04:30:00,2075413.358545572
2026-03-26 04:45:00,2075413.358545572
2026-03-26 05:00:00,2075413.358545572
2026-03-26 05:15:00,2085812.236112488
2026-03-26 05:30:00,2117643.358541241
2026-03-26 05:45:00,2117643.358541241
2026-03-26 06:00:00,2117643.358541241
2026-03-26 06:15:00,2117643.358541241
2026-03-26 06:30:00,2117643.358541241
2026-03-26 06:45:00,2106926.1697500376
2026-03-26 07:00:00,2106926.1697500376
2026-03-26 07:15:00,2106926.1697500376
2026-03-26 07:30:00,2096316.1528467464
2026-03-26 07:45:00,2096316.1528467464
2026-03-26 08:00:00,2171229.302497256
2026-03-26 08:15:00,2171229.302497256
2026-03-26 08:30:00,2415740.068922339
2026-03-26 08:45:00,3069765.9791169306
2026-03-26 09:00:00,3069765.9791169306
2026-03-26 09:15:00,3069765.9791169306
2026-03-26 09:30:00,3069765.9791169306
2026-03-26 09:45:00,3049527.5641199695
2026-03-26 10:00:00,3029491.533272979
2026-03-26 10:15:00,3029491.533272979
2026-03-26 10:30:00,3029491.533272979
2026-03-26 10:45:00,3009655.8627344584
2026-03-26 11:00:00,3009655.8627344584
2026-03-26 11:15:00,3009655.8627344584
2026-03-26 11:30:00,3009655.8627344584
2026-03-26 11:45:00,2990018.5489013223
2026-03-26 12:00:00,2970577.608206518
2026-03-26 12:15:00,2970577.608206518
2026-03-26 12:30:00,3170958.05410173
2026-03-26 12:45:00,3170958.05410173
2026-03-26 13:00:00,3170958.05410173
2026-03-26 13:15:00,3128669.885965581
2026-03-26 13:30:00,3128669.885965581
2026-03-26 13:45:00,3128669.885965581
2026-03-26 14:00:00,3128669.885965581
2026-03-26 14:15:00,4342549.0237249555
2026-03-26 14:30:00,4342549.0237249555
2026-03-26 14:45:00,4342549.0237249555
2026-03-26 15:00:00,4342549.0237249555
2026-03-26 15:15:00,4309582.778281915
2026-03-26 15:30:00,4309582.778281915
2026-03-26 15:45:00,4309582.778281915
2026-03-26 16:00:00,4244635.978134581
2026-03-26 16:15:00,4244635.978134581
2026-03-26 16:30:00,4276946.195293305
2026-03-26 16:45:00,4057447.859120552
2026-03-26 17:00:00,4027332.6253235554
2026-03-26 17:15:00,4027332.6253235554
2026-03-26 17:30:00,3997518.543864528
2026-03-26 17:45:00,3997518.543864528
2026-03-26 18:00:00,3997518.543864528
2026-03-26 18:15:00,4145098.2470867103
2026-03-26 18:30:00,4145098.2470867103
2026-03-26 18:45:00,4083424.689110161
2026-03-26 19:00:00,4083424.689110161
2026-03-26 19:15:00,4083424.689110161
2026-03-26 19:30:00,4083424.689110161
2026-03-26 19:45:00,4083424.689110161
2026-03-26 20:00:00,4083424.689110161
2026-03-26 20:15:00,4053049.6870132685
2026-03-26 20:30:00,3963735.061222567
2026-03-26 20:45:00,3963735.061222567
2026-03-26 21:00:00,3963735.061222567
2026-03-26 21:15:00,4394768.460603317
2026-03-26 21:30:00,4394768.460603317
2026-03-26 21:45:00,4361280.020791493
2026-03-26 22:00:00,4328126.465377788
2026-03-26 22:15:00,4328126.465377788
2026-03-26 22:30:00,4262810.645857247
2026-03-26 22:45:00,4230641.7841928825
2026-03-26 23:00:00,3963735.061222567
2026-03-26 23:15:00,3934556.9554045503
2026-03-26 23:30:00,3934556.9554045503
2026-03-26 23:45:00,3934556.9554045503
2026-03-27 00:00:00,3934556.9554045503
2026-03-27 00:15:00,3934556.9554045503
2026-03-27 00:30:00,3934556.9554045503
2026-03-27 00:45:00,3934556.9554045503
2026-03-27 01:00:00,3934556.9554045503
2026-03-27 01:15:00,3934556.9554045503
2026-03-27 01:30:00,3934556.9554045503
2026-03-27 01:45:00,3934556.9554045503
2026-03-27 02:00:00,3934556.9554045503
2026-03-27 02:15:00,3934556.9554045503
2026-03-27 02:30:00,3934556.9554045503
2026-03-27 02:45:00,3934556.9554045503
2026-03-27 03:00:00,3877073.1691324753
2026-03-27 03:15:00,3848761.6822353597
2026-03-27 03:30:00,3848761.6822353597
2026-03-27 03:45:00,3848761.6822353597
2026-03-27 04:00:00,3792985.2218993516
2026-03-27 04:15:00,3765514.614474567
2026-03-27 04:30:00,3765514.614474567
2026-03-27 04:45:00,3848761.6822353597
2026-03-27 05:00:00,3848761.6822353597
2026-03-27 05:15:00,3848761.6822353597
2026-03-27 05:30:00,3848761.6822353597
2026-03-27 05:45:00,3848761.6822353597
2026-03-27 06:00:00,3848761.6822353597
2026-03-27 06:15:00,3848761.6822353597
2026-03-27 06:30:00,3848761.6822353597
2026-03-27 06:45:00,3848761.6822353597
2026-03-27 07:00:00,3988903.542376083
2026-03-27 07:15:00,3988903.542376083
2026-03-27 07:30:00,3959473.751746531
2026-03-27 07:45:00,3959473.751746531
2026-03-27 08:00:00,3901494.121227251
2026-03-27 08:15:00,3872938.4248091867
2026-03-27 08:30:00,3872938.4248091867
2026-03-27 08:45:00,3872938.4248091867
2026-03-27 09:00:00,3844668.285355304
2026-03-27 09:15:00,3844668.285355304
2026-03-27 09:30:00,3844668.285355304
2026-03-27 09:45:00,3844668.285355304
2026-03-27 10:00:00,3959473.751746531
2026-03-27 10:15:00,3792985.2218993516
2026-03-27 10:30:00,3765514.614474567
2026-03-27 10:45:00,3738318.7131240303
2026-03-27 11:00:00,3711394.770786999
2026-03-27 11:15:00,4078988.579203733
2026-03-27 11:30:00,4078988.579203733
2026-03-27 11:45:00,4078988.579203733
2026-03-27 12:00:00,4078988.579203733
2026-03-27 12:15:00,4078988.579203733
2026-03-27 12:30:00,4078988.579203733
2026-03-27 12:45:00,4078988.579203733
2026-03-27 13:00:00,4078988.579203733
2026-03-27 13:15:00,4078988.579203733
2026-03-27 13:30:00,4078988.579203733
2026-03-27 13:45:00,4078988.579203733
2026-03-27 14:00:00,4078988.579203733
2026-03-27 14:15:00,4078988.579203733
2026-03-27 14:30:00,4078988.579203733
2026-03-27 14:45:00,4078988.579203733
2026-03-27 15:00:00,4078988.579203733
2026-03-27 15:15:00,4078988.579203733
2026-03-27 15:30:00,4078988.579203733
2026-03-27 15:45:00,4078988.579203733
2026-03-27 16:00:00,4078988.579203733
2026-03-27 16:15:00,4078988.579203733
2026-03-27 16:30:00,4048657.9382059043
2026-03-27 16:45:00,4048657.9382059043
2026-03-27 17:00:00,4048657.9382059043
2026-03-27 17:15:00,4389877.649431485
2026-03-27 17:30:00,4389877.649431485
2026-03-27 17:45:00,4356438.117731378
2026-03-27 18:00:00,4323332.981348273
2026-03-27 18:15:00,4356438.117731378
2026-03-27 18:30:00,4323332.981348273
2026-03-27 18:45:00,4323332.981348273
2026-03-27 19:00:00,4323332.981348273
2026-03-27 19:15:00,4323332.981348273
2026-03-27 19:30:00,4323332.981348273
2026-03-27 19:45:00,4323332.981348273
2026-03-27 20:00:00,4323332.981348273
2026-03-27 20:15:00,4323332.981348273
2026-03-27 20:30:00,4323332.981348273
2026-03-27 20:45:00,4323332.981348273
2026-03-27 21:00:00,4323332.981348273
2026-03-27 21:15:00,4290558.896329001
2026-03-27 21:30:00,4258112.5521599185
2026-03-27 21:45:00,4225990.671432529
2026-03-27 22:00:00,4225990.671432529
2026-03-27 22:15:00,4225990.671432529
2026-03-27 22:30:00,4131539.525463591
2026-03-27 22:45:00,4100683.3750031637
2026-03-27 23:00:00,4070135.7860473404
2026-03-27 23:15:00,4070135.7860473404
2026-03-27 23:30:00,4070135.7860473404
2026-03-27 23:45:00,4039893.672981076
2026-03-28 01:00:00,4009953.9810454743
2026-03-28 01:15:00,4009953.9810454743
2026-03-28 01:30:00,4009953.9810454743
2026-03-28 01:45:00,4009953.9810454743
2026-03-28 02:00:00,4009953.9810454743
2026-03-28 02:15:00,4009953.9810454743
2026-03-28 02:30:00,4009953.9810454743
2026-03-28 02:45:00,4009953.9810454743
2026-03-28 03:00:00,4009953.9810454743
2026-03-28 03:15:00,4009953.9810454743
2026-03-28 03:30:00,4009953.9810454743
2026-03-28 03:45:00,4009953.9810454743
2026-03-28 04:00:00,4009953.9810454743
2026-03-28 04:15:00,4009953.9810454743
2026-03-28 04:30:00,4009953.9810454743
2026-03-28 04:45:00,4009953.9810454743
2026-03-28 05:00:00,4009953.9810454743
2026-03-28 05:15:00,4009953.9810454743
2026-03-28 05:30:00,4009953.9810454743
2026-03-28 05:45:00,4009953.9810454743
2026-03-28 06:00:00,3950969.793963145
2026-03-28 06:15:00,3921919.3408177225
2026-03-28 06:30:00,3893159.392203754
2026-03-28 06:45:00,3893159.392203754
2026-03-28 07:00:00,3893159.392203754
2026-03-28 07:15:00,3836499.417439375
2026-03-28 07:30:00,3836499.417439375
2026-03-28 07:45:00,3836499.417439375
2026-03-28 08:00:00,3808593.6680591907
2026-03-28 08:15:00,3836499.417439375
2026-03-28 08:30:00,3836499.417439375
2026-03-28 08:45:00,3836499.417439375
2026-03-28 09:00:00,3836499.417439375
2026-03-28 09:15:00,3836499.417439375
2026-03-28 09:30:00,3836499.417439375
2026-03-28 09:45:00,3808593.6680591907
2026-03-28 10:00:00,3808593.6680591907
2026-03-28 10:15:00,3808593.6680591907
2026-03-28 10:30:00,3808593.6680591907
2026-03-28 10:45:00,3808593.6680591907
2026-03-28 11:00:00,3808593.6680591907
2026-03-28 11:15:00,3780966.9761728076
2026-03-28 11:30:00,3753616.5512052886
2026-03-28 11:45:00,3673195.38898122
2026-03-28 12:00:00,3753616.5512052886
2026-03-28 12:15:00,3726539.6304874443
2026-03-28 12:30:00,3699733.4789767787
2026-03-28 12:45:00,3673195.38898122
2026-03-28 13:00:00,3673195.38898122
2026-03-28 13:15:00,3753616.5512052886
2026-03-28 13:30:00,3753616.5512052886
2026-03-28 13:45:00,3753616.5512052886
2026-03-28 14:00:00,3753616.5512052886
2026-03-28 14:15:00,3753616.5512052886
2026-03-28 14:30:00,3753616.5512052886
2026-03-28 14:45:00,3753616.5512052886
2026-03-28 15:00:00,3726539.6304874443
2026-03-28 15:15:00,3726539.6304874443
2026-03-28 15:30:00,3726539.6304874443
2026-03-28 15:45:00,3699733.4789767787
2026-03-28 16:00:00,3699733.4789767787
2026-03-28 16:15:00,3699733.4789767787
2026-03-28 16:30:00,4878257.829970075
2026-03-28 16:45:00,5069874.497497542
2026-03-28 17:00:00,5029634.997316776
2026-03-28 17:15:00,4989797.892137817
2026-03-28 17:30:00,4989797.892137817
2026-03-28 17:45:00,4911314.81122475
2026-03-28 18:00:00,4872660.907906711
2026-03-28 18:15:00,4872660.907906711
2026-03-28 18:30:00,4872660.907906711
2026-03-28 18:45:00,4872660.907906711
2026-03-28 19:00:00,4834393.543621853
2026-03-28 19:15:00,4834393.543621853
2026-03-28 19:30:00,4759003.009244255
2026-03-28 19:45:00,4721872.223946022
2026-03-28 20:00:00,4721872.223946022
2026-03-28 20:15:00,4796508.8529798435
2026-03-28 20:30:00,4796508.8529798435
2026-03-28 20:45:00,4796508.8529798435
2026-03-28 21:00:00,4796508.8529798435
2026-03-28 21:15:00,4796508.8529798435
2026-03-28 21:30:00,4796508.8529798435
2026-03-28 21:45:00,4796508.8529798435
2026-03-28 22:00:00,4796508.8529798435
2026-03-28 22:15:00,4796508.8529798435
2026-03-28 22:30:00,4796508.8529798435
2026-03-28 22:45:00,4796508.8529798435
2026-03-28 23:00:00,4759003.009244255
2026-03-28 23:15:00,4759003.009244255
2026-03-28 23:30:00,4721872.223946022
2026-03-28 23:45:00,4721872.223946022
2026-03-29 00:00:00,4685112.74650077
2026-03-29 00:15:00,4685112.74650077
2026-03-29 00:30:00,4685112.74650077
2026-03-29 00:45:00,4834393.543621853
2026-03-29 01:00:00,4834393.543621853
2026-03-29 01:15:00,4796508.8529798435
2026-03-29 01:30:00,4759003.009244255
2026-03-29 01:45:00,4759003.009244255
2026-03-29 02:00:00,5650832.304888831
2026-03-29 02:15:00,5881077.696162229
2026-03-29 02:30:00,5881077.696162229
2026-03-29 02:45:00,5881077.696162229
2026-03-29 03:00:00,5881077.696162229
2026-03-29 03:15:00,5832726.163994815
2026-03-29 03:30:00,5832726.163994815
2026-03-29 03:45:00,5644107.078283882
2026-03-29 04:00:00,5598125.252295252
2026-03-29 04:15:00,5552603.244566508
2026-03-29 04:30:00,5552603.244566508
2026-03-29 04:45:00,5552603.244566508
2026-03-29 05:00:00,5507536.456915053
2026-03-29 05:15:00,5418750.37856292
2026-03-29 05:30:00,5375022.1195714995
2026-03-29 05:45:00,5375022.1195714995
2026-03-29 06:00:00,5375022.1195714995
2026-03-29 06:15:00,5375022.1195714995
2026-03-29 06:30:00,5375022.1195714995
2026-03-29 06:45:00,5375022.1195714995
2026-03-29 07:00:00,5375022.1195714995
2026-03-29 07:15:00,5375022.1195714995
2026-03-29 07:30:00,5375022.1195714995
2026-03-29 07:45:00,5375022.1195714995
2026-03-29 08:00:00,5375022.1195714995
2026-03-29 08:15:00,5375022.1195714995
2026-03-29 08:30:00,5375022.1195714995
2026-03-29 08:45:00,5375022.1195714995
2026-03-29 09:00:00,5331731.143169992
2026-03-29 09:15:00,5288873.076532502
2026-03-29 09:30:00,5288873.076532502
2026-03-29 09:45:00,5288873.076532502
2026-03-29 10:00:00,5288873.076532502
2026-03-29 10:15:00,5288873.076532502
2026-03-29 10:30:00,5246443.590561386
2026-03-29 10:45:00,5246443.590561386
2026-03-29 11:00:00,5162853.260249689
2026-03-29 11:15:00,5162853.260249689
2026-03-29 11:30:00,5080926.377511196
2026-03-29 11:45:00,5080926.377511196
2026-03-29 12:00:00,5040576.358530292
2026-03-29 12:15:00,5040576.358530292
2026-03-29 12:30:00,5040576.358530292
2026-03-29 12:45:00,5040576.358530292
2026-03-29 13:00:00,5040576.358530292
2026-03-29 13:15:00,5040576.358530292
2026-03-29 13:30:00,5040576.358530292
2026-03-29 13:45:00,5000629.839739199
2026-03-29 14:00:00,4883171.135832384
2026-03-29 14:15:00,4844798.66926827
2026-03-29 14:30:00,4806809.927369796
2026-03-29 14:45:00,4806809.927369796
2026-03-29 15:00:00,4806809.927369796
2026-03-29 15:15:00,4806809.927369796
2026-03-29 15:30:00,4806809.927369796
2026-03-29 15:45:00,4806809.927369796
2026-03-29 16:00:00,4806809.927369796
2026-03-29 16:15:00,4806809.927369796
2026-03-29 16:30:00,4806809.927369796
2026-03-29 16:45:00,4806809.927369796
2026-03-29 17:00:00,4731968.306955613
2026-03-29 17:15:00,4695107.868680265
2026-03-29 17:30:00,4695107.868680265
2026-03-29 17:45:00,4695107.868680265
2026-03-29 18:00:00,4622489.119234004
2026-03-29 18:15:00,4622489.119234004
2026-03-29 18:30:00,4622489.119234004
2026-03-29 18:45:00,4622489.119234004
2026-03-29 19:00:00,4622489.119234004
2026-03-29 19:15:00,4586723.472835873
2026-03-29 19:30:00,4551315.482901723
2026-03-29 19:45:00,4551315.482901723
2026-03-29 20:00:00,4551315.482901723
2026-03-29 20:15:00,4551315.482901723
2026-03-29 20:30:00,4551315.482901723
2026-03-29 20:45:00,4516261.572866915
2026-03-29 21:00:00,4516261.572866915
2026-03-29 21:15:00,4516261.572866915
2026-03-29 21:30:00,4413189.090854475
2026-03-29 21:45:00,4413189.090854475
2026-03-29 22:00:00,4413189.090854475
2026-03-29 22:15:00,4413189.090854475
2026-03-29 22:30:00,4413189.090854475
2026-03-29 22:45:00,4413189.090854475
2026-03-29 23:00:00,4313177.964630285
2026-03-29 23:15:00,4447201.86470734
2026-03-29 23:30:00,4447201.86470734
2026-03-29 23:45:00,4413189.090854475
2026-03-30 00:00:00,4379516.444740139
2026-03-30 00:15:00,4346180.525086947
2026-03-30 00:30:00,4346180.525086947
2026-03-30 00:45:00,4346180.525086947
2026-03-30 01:00:00,4248159.620274619
2026-03-30 01:15:00,4216137.268866081
2026-03-30 01:30:00,4184435.14097163
2026-03-30 01:45:00,4184435.14097163
2026-03-30 02:00:00,4184435.14097163
2026-03-30 02:15:00,4184435.14097163
2026-03-30 02:30:00,4184435.14097163
2026-03-30 02:45:00,4184435.14097163
2026-03-30 03:00:00,4184435.14097163
2026-03-30 03:15:00,4184435.14097163
2026-03-30 03:30:00,4184435.14097163
2026-03-30 03:45:00,4184435.14097163
2026-03-30 04:00:00,4184435.14097163
2026-03-30 04:15:00,4184435.14097163
2026-03-30 04:30:00,4184435.14097163
2026-03-30 04:45:00,4184435.14097163
2026-03-30 05:00:00,4184435.14097163
2026-03-30 05:15:00,4184435.14097163
2026-03-30 05:30:00,4184435.14097163
2026-03-30 05:45:00,4184435.14097163
2026-03-30 06:00:00,4184435.14097163
2026-03-30 06:15:00,4184435.14097163
2026-03-30 06:30:00,4184435.14097163
2026-03-30 06:45:00,4184435.14097163
2026-03-30 07:00:00,4184435.14097163
2026-03-30 07:15:00,4184435.14097163
2026-03-30 07:30:00,4184435.14097163
2026-03-30 07:45:00,4184435.14097163
2026-03-30 08:00:00,4184435.14097163
2026-03-30 08:15:00,4184435.14097163
2026-03-30 08:30:00,4184435.14097163
2026-03-30 08:45:00,4184435.14097163
2026-03-30 09:00:00,4184435.14097163
2026-03-30 09:15:00,4184435.14097163
2026-03-30 09:30:00,4184435.14097163
2026-03-30 09:45:00,4184435.14097163
2026-03-30 10:00:00,4184435.14097163
2026-03-30 10:15:00,4184435.14097163
2026-03-30 10:30:00,4184435.14097163
2026-03-30 10:45:00,4184435.14097163
2026-03-30 11:00:00,4184435.14097163
2026-03-30 11:15:00,4184435.14097163
2026-03-30 11:30:00,4184435.14097163
2026-03-30 11:45:00,4184435.14097163
2026-03-30 12:00:00,4184435.14097163
2026-03-30 12:15:00,4184435.14097163
2026-03-30 12:30:00,4184435.14097163
2026-03-30 12:45:00,4184435.14097163
2026-03-30 13:00:00,4184435.14097163
2026-03-30 13:15:00,4184435.14097163
2026-03-30 13:30:00,4184435.14097163
2026-03-30 13:45:00,4184435.14097163
2026-03-30 14:00:00,4184435.14097163
2026-03-30 14:15:00,4184435.14097163
2026-03-30 14:30:00,4184435.14097163
2026-03-30 14:45:00,4184435.14097163
2026-03-30 15:00:00,4184435.14097163
2026-03-30 15:15:00,4184435.14097163
2026-03-30 15:30:00,4184435.14097163
2026-03-30 15:45:00,4184435.14097163
2026-03-30 16:00:00,4184435.14097163
2026-03-30 16:15:00,4184435.14097163
2026-03-30 16:30:00,4184435.14097163
2026-03-30 16:45:00,4184435.14097163
2026-03-30 17:00:00,4184435.14097163
2026-03-30 17:15:00,4184435.14097163
2026-03-30 17:30:00,4184435.14097163
2026-03-30 17:45:00,4184435.14097163
2026-03-30 18:00:00,4184435.14097163
2026-03-30 18:15:00,4184435.14097163
2026-03-30 18:30:00,4184435.14097163
2026-03-30 18:45:00,4184435.14097163
2026-03-30 19:00:00,4184435.14097163
2026-03-30 19:15:00,4184435.14097163
2026-03-30 19:30:00,4184435.14097163
2026-03-30 19:45:00,4184435.14097163
2026-03-30 20:00:00,4184435.14097163
2026-03-30 20:15:00,4184435.14097163
2026-03-30 20:30:00,4184435.14097163
2026-03-30 20:45:00,4184435.14097163
2026-03-30 21:00:00,4184435.14097163
2026-03-30 21:15:00,4184435.14097163
2026-03-30 21:30:00,4184435.14097163
2026-03-30 21:45:00,4184435.14097163
2026-03-30 22:00:00,4184435.14097163
2026-03-30 22:15:00,4184435.14097163
2026-03-30 22:30:00,4184435.14097163
2026-03-30 22:45:00,4184435.14097163
2026-03-30 23:00:00,4184435.14097163
2026-03-30 23:15:00,4184435.14097163
2026-03-30 23:30:00,4184435.14097163
2026-03-30 23:45:00,4184435.14097163
2026-03-31 00:00:00,4184435.14097163
2026-03-31 00:15:00,4184435.14097163
2026-03-31 00:30:00,4184435.14097163
2026-03-31 00:45:00,4184435.14097163
2026-03-31 01:00:00,4184435.14097163
2026-03-31 01:15:00,4184435.14097163
2026-03-31 01:30:00,4184435.14097163
2026-03-31 01:45:00,4184435.14097163
2026-03-31 02:00:00,4184435.14097163
2026-03-31 02:15:00,4184435.14097163
2026-03-31 02:30:00,4184435.14097163
2026-03-31 02:45:00,4184435.14097163
2026-03-31 03:00:00,4184435.14097163
2026-03-31 03:15:00,4184435.14097163
2026-03-31 03:30:00,4184435.14097163
2026-03-31 03:45:00,4184435.14097163
2026-03-31 04:00:00,4184435.14097163
2026-03-31 04:15:00,4184435.14097163
2026-03-31 04:30:00,4184435.14097163
2026-03-31 04:45:00,4184435.14097163
2026-03-31 05:00:00,4184435.14097163
2026-03-31 05:15:00,4184435.14097163
2026-03-31 05:30:00,4184435.14097163
2026-03-31 05:45:00,4184435.14097163
2026-03-31 06:00:00,4184435.14097163
2026-03-31 06:15:00,4184435.14097163
2026-03-31 06:30:00,4184435.14097163
2026-03-31 06:45:00,4184435.14097163
2026-03-31 07:00:00,4184435.14097163
2026-03-31 07:15:00,4184435.14097163
2026-03-31 07:30:00,4184435.14097163
2026-03-31 07:45:00,4184435.14097163
2026-03-31 08:00:00,4184435.14097163
2026-03-31 08:15:00,4184435.14097163
2026-03-31 08:30:00,4184435.14097163
2026-03-31 08:45:00,4184435.14097163
2026-03-31 09:00:00,4184435.14097163
2026-03-31 09:15:00,4184435.14097163
2026-03-31 09:30:00,4184435.14097163
2026-03-31 09:45:00,4184435.14097163
2026-03-31 10:00:00,4184435.14097163
2026-03-31 10:15:00,4184435.14097163
2026-03-31 10:30:00,4184435.14097163
2026-03-31 10:45:00,4184435.14097163
2026-03-31 11:00:00,4184435.14097163
2026-03-31 11:15:00,4184435.14097163
2026-03-31 11:30:00,4184435.14097163
2026-03-31 11:45:00,4184435.14097163
2026-03-31 12:00:00,4184435.14097163
2026-03-31 12:15:00,4184435.14097163
2026-03-31 12:30:00,4184435.14097163
2026-03-31 12:45:00,4184435.14097163
2026-03-31 13:00:00,4184435.14097163
2026-03-31 13:15:00,4184435.14097163
2026-03-31 13:30:00,4184435.14097163
2026-03-31 13:45:00,4184435.14097163
2026-03-31 14:00:00,4184435.14097163
2026-03-31 14:15:00,4184435.14097163
2026-03-31 14:30:00,4184435.14097163
2026-03-31 14:45:00,4184435.14097163
2026-03-31 15:00:00,4184435.14097163
2026-03-31 15:15:00,4184435.14097163
2026-03-31 15:30:00,4184435.14097163
2026-03-31 15:45:00,4184435.14097163
2026-03-31 16:00:00,4184435.14097163
2026-03-31 16:15:00,4184435.14097163
2026-03-31 16:30:00,4184435.14097163
2026-03-31 16:45:00,4184435.14097163
2026-03-31 17:00:00,4184435.14097163
2026-03-31 17:15:00,4184435.14097163
2026-03-31 17:30:00,4184435.14097163
2026-03-31 17:45:00,4184435.14097163
2026-03-31 18:00:00,4184435.14097163
2026-03-31 18:15:00,4184435.14097163
2026-03-31 18:30:00,4184435.14097163
2026-03-31 18:45:00,4184435.14097163
2026-03-31 19:00:00,4184435.14097163
2026-03-31 19:15:00,4184435.14097163
2026-03-31 19:30:00,4184435.14097163
2026-03-31 19:45:00,4184435.14097163
2026-03-31 20:00:00,4184435.14097163
2026-03-31 20:15:00,4184435.14097163
2026-03-31 20:30:00,4184435.14097163
2026-03-31 20:45:00,4184435.14097163
2026-03-31 21:00:00,4184435.14097163
2026-03-31 21:15:00,4184435.14097163
2026-03-31 21:30:00,4184435.14097163
2026-03-31 21:45:00,4184435.14097163
2026-03-31 22:00:00,4184435.14097163
2026-03-31 22:15:00,4184435.14097163
2026-03-31 22:30:00,4184435.14097163
2026-03-31 22:45:00,4184435.14097163
2026-03-31 23:00:00,4184435.14097163
2026-03-31 23:15:00,4184435.14097163
2026-03-31 23:30:00,4184435.14097163
2026-03-31 23:45:00,4184435.14097163
2026-04-01 00:00:00,4184435.14097163
2026-04-01 00:15:00,4184435.14097163
2026-04-01 00:30:00,4184435.14097163
2026-04-01 00:45:00,4184435.14097163
2026-04-01 01:00:00,4184435.14097163
2026-04-01 01:15:00,4184435.14097163
2026-04-01 01:30:00,4184435.14097163
2026-04-01 01:45:00,4184435.14097163
2026-04-01 02:00:00,4184435.14097163
2026-04-01 02:15:00,4184435.14097163
2026-04-01 02:30:00,4184435.14097163
2026-04-01 02:45:00,4184435.14097163
2026-04-01 03:00:00,4184435.14097163
2026-04-01 03:15:00,4184435.14097163
2026-04-01 03:30:00,4184435.14097163
2026-04-01 03:45:00,4184435.14097163
2026-04-01 04:00:00,4184435.14097163
2026-04-01 04:15:00,4184435.14097163
2026-04-01 04:30:00,4184435.14097163
2026-04-01 04:45:00,4184435.14097163
2026-04-01 05:00:00,4184435.14097163
2026-04-01 05:15:00,4184435.14097163
2026-04-01 05:30:00,4184435.14097163
2026-04-01 05:45:00,4184435.14097163
2026-04-01 06:00:00,4184435.14097163
2026-04-01 06:15:00,4184435.14097163
2026-04-01 06:30:00,4184435.14097163
2026-04-01 06:45:00,4184435.14097163
2026-04-01 07:00:00,4184435.14097163
2026-04-01 07:15:00,4184435.14097163
2026-04-01 07:30:00,4184435.14097163
2026-04-01 07:45:00,4184435.14097163
2026-04-01 08:00:00,4184435.14097163
2026-04-01 08:15:00,4184435.14097163
2026-04-01 08:30:00,4184435.14097163
2026-04-01 08:45:00,4184435.14097163
2026-04-01 09:00:00,4184435.14097163
2026-04-01 09:15:00,4184435.14097163
2026-04-01 09:30:00,4184435.14097163
2026-04-01 09:45:00,4184435.14097163
2026-04-01 10:00:00,4184435.14097163
2026-04-01 10:15:00,4184435.14097163
2026-04-01 10:30:00,4184435.14097163
2026-04-01 10:45:00,4184435.14097163
2026-04-01 11:00:00,4184435.14097163
2026-04-01 11:15:00,4184435.14097163
2026-04-01 11:30:00,4184435.14097163
2026-04-01 11:45:00,4184435.14097163
2026-04-01 12:00:00,4184435.14097163
2026-04-01 12:15:00,4184435.14097163
2026-04-01 12:30:00,4184435.14097163
2026-04-01 12:45:00,4184435.14097163
2026-04-01 13:00:00,4184435.14097163
2026-04-01 13:15:00,4184435.14097163
2026-04-01 13:30:00,4184435.14097163
2026-04-01 13:45:00,4184435.14097163
2026-04-01 14:00:00,4184435.14097163
2026-04-01 14:15:00,4184435.14097163
2026-04-01 14:30:00,4184435.14097163
2026-04-01 14:45:00,4184435.14097163
2026-04-01 15:00:00,4184435.14097163
2026-04-01 15:15:00,4184435.14097163
2026-04-01 15:30:00,4184435.14097163
2026-04-01 15:45:00,4184435.14097163
2026-04-01 16:00:00,4184435.14097163
2026-04-01 16:15:00,4184435.14097163
2026-04-01 16:30:00,4184435.14097163
2026-04-01 16:45:00,4184435.14097163
2026-04-01 17:00:00,4184435.14097163
2026-04-01 17:15:00,4184435.14097163
2026-04-01 17:30:00,4184435.14097163
2026-04-01 17:45:00,4184435.14097163
2026-04-01 18:00:00,4184435.14097163
2026-04-01 18:15:00,4184435.14097163
2026-04-01 18:30:00,4184435.14097163
2026-04-01 18:45:00,4184435.14097163
2026-04-01 19:00:00,4184435.14097163
2026-04-01 19:15:00,4184435.14097163
2026-04-01 19:30:00,4184435.14097163
2026-04-01 19:45:00,4184435.14097163
2026-04-01 20:00:00,4184435.14097163
2026-04-01 20:15:00,4184435.14097163
2026-04-01 20:30:00,4184435.14097163
2026-04-01 20:45:00,4184435.14097163
2026-04-01 21:00:00,4184435.14097163
2026-04-01 21:15:00,4184435.14097163
2026-04-01 21:30:00,4184435.14097163
2026-04-01 21:45:00,4184435.14097163
2026-04-01 22:00:00,4184435.14097163
2026-04-01 22:15:00,4184435.14097163
2026-04-01 22:30:00,4184435.14097163
2026-04-01 22:45:00,4184435.14097163
2026-04-01 23:00:00,4184435.14097163
2026-04-01 23:15:00,4184435.14097163
2026-04-01 23:30:00,4184435.14097163
2026-04-01 23:45:00,4184435.14097163
2026-04-02 00:00:00,4184435.14097163
2026-04-02 00:15:00,4184435.14097163
2026-04-02 00:30:00,4184435.14097163
2026-04-02 00:45:00,4184435.14097163
2026-04-02 01:00:00,4184435.14097163
2026-04-02 01:15:00,4184435.14097163
2026-04-02 01:30:00,4184435.14097163
2026-04-02 01:45:00,4184435.14097163
2026-04-02 02:00:00,4184435.14097163
2026-04-02 02:15:00,4184435.14097163
2026-04-02 02:30:00,4184435.14097163
2026-04-02 02:45:00,4184435.14097163
2026-04-02 03:00:00,4184435.14097163
2026-04-02 03:15:00,4184435.14097163
2026-04-02 03:30:00,4184435.14097163
2026-04-02 03:45:00,4184435.14097163
2026-04-02 04:00:00,4184435.14097163
2026-04-02 04:15:00,4184435.14097163
2026-04-02 04:30:00,4184435.14097163
2026-04-02 04:45:00,4184435.14097163
2026-04-02 05:00:00,4184435.14097163
2026-04-02 05:15:00,4184435.14097163
2026-04-02 05:30:00,4184435.14097163
2026-04-02 05:45:00,4184435.14097163
2026-04-02 06:00:00,4184435.14097163
2026-04-02 06:15:00,4184435.14097163
2026-04-02 06:30:00,4184435.14097163
2026-04-02 06:45:00,4184435.14097163
2026-04-02 07:00:00,4184435.14097163
2026-04-02 07:15:00,4184435.14097163
2026-04-02 07:30:00,4184435.14097163
2026-04-02 07:45:00,4184435.14097163
2026-04-02 08:00:00,4184435.14097163
2026-04-02 08:15:00,4184435.14097163
2026-04-02 08:30:00,4184435.14097163
2026-04-02 08:45:00,4184435.14097163
2026-04-02 09:00:00,4184435.14097163
2026-04-02 09:15:00,4184435.14097163
2026-04-02 09:30:00,4184435.14097163
2026-04-02 09:45:00,4184435.14097163
2026-04-02 10:00:00,4184435.14097163
2026-04-02 10:15:00,4184435.14097163
2026-04-02 10:30:00,4184435.14097163
2026-04-02 10:45:00,4184435.14097163
2026-04-02 11:00:00,4184435.14097163
2026-04-02 11:15:00,4184435.14097163
2026-04-02 11:30:00,4184435.14097163
2026-04-02 11:45:00,4184435.14097163
2026-04-02 12:00:00,4184435.14097163
2026-04-02 12:15:00,4184435.14097163
2026-04-02 12:30:00,4184435.14097163
2026-04-02 12:45:00,4184435.14097163
2026-04-02 13:00:00,4184435.14097163
2026-04-02 13:15:00,4184435.14097163
2026-04-02 13:30:00,4184435.14097163
2026-04-02 13:45:00,4184435.14097163
2026-04-02 14:00:00,4184435.14097163
2026-04-02 14:15:00,4184435.14097163
2026-04-02 14:30:00,4184435.14097163
2026-04-02 14:45:00,4184435.14097163
2026-04-02 15:00:00,4184435.14097163
2026-04-02 15:15:00,4184435.14097163
2026-04-02 15:30:00,4184435.14097163
2026-04-02 15:45:00,4184435.14097163
2026-04-02 16:00:00,4184435.14097163
2026-04-02 16:15:00,4184435.14097163
2026-04-02 16:30:00,4184435.14097163
2026-04-02 16:45:00,4184435.14097163
2026-04-02 17:00:00,4184435.14097163
2026-04-02 17:15:00,4184435.14097163
2026-04-02 17:30:00,4184435.14097163
2026-04-02 17:45:00,4184435.14097163
2026-04-02 18:00:00,4184435.14097163
2026-04-02 18:15:00,4184435.14097163
2026-04-02 18:30:00,4184435.14097163
2026-04-02 18:45:00,4184435.14097163
2026-04-02 19:00:00,4184435.14097163
2026-04-02 19:15:00,4184435.14097163
2026-04-02 19:30:00,4184435.14097163
2026-04-02 19:45:00,4184435.14097163
2026-04-02 20:00:00,4184435.14097163
2026-04-02 20:15:00,4184435.14097163
2026-04-02 20:30:00,4184435.14097163
2026-04-02 20:45:00,4184435.14097163
2026-04-02 21:00:00,4184435.14097163
2026-04-02 21:15:00,4184435.14097163
2026-04-02 21:30:00,4184435.14097163
2026-04-02 21:45:00,4184435.14097163
2026-04-02 22:00:00,4184435.14097163
2026-04-02 22:15:00,4184435.14097163
2026-04-02 22:30:00,4184435.14097163
2026-04-02 22:45:00,4184435.14097163
2026-04-02 23:00:00,4184435.14097163
2026-04-02 23:15:00,4184435.14097163
2026-04-02 23:30:00,4184435.14097163
2026-04-02 23:45:00,4184435.14097163
2026-04-03 00:00:00,4184435.14097163
2026-04-03 00:15:00,4184435.14097163
2026-04-03 00:30:00,4184435.14097163
2026-04-03 00:45:00,4184435.14097163
2026-04-03 01:00:00,4184435.14097163
2026-04-03 01:15:00,4184435.14097163
2026-04-03 01:30:00,4184435.14097163
2026-04-03 01:45:00,4184435.14097163
2026-04-03 02:00:00,4184435.14097163
2026-04-03 02:15:00,4184435.14097163
2026-04-03 02:30:00,4184435.14097163
2026-04-03 02:45:00,4184435.14097163
2026-04-03 03:00:00,4184435.14097163
2026-04-03 03:15:00,4184435.14097163
2026-04-03 03:30:00,4184435.14097163
2026-04-03 03:45:00,4184435.14097163
2026-04-03 04:00:00,4184435.14097163
2026-04-03 04:15:00,4184435.14097163
2026-04-03 04:30:00,4184435.14097163
2026-04-03 04:45:00,4184435.14097163
2026-04-03 05:00:00,4184435.14097163
2026-04-03 05:15:00,4184435.14097163
2026-04-03 05:30:00,4184435.14097163
2026-04-03 05:45:00,4184435.14097163
2026-04-03 06:00:00,4184435.14097163
2026-04-03 06:15:00,4184435.14097163
2026-04-03 06:30:00,4184435.14097163
2026-04-03 06:45:00,4184435.14097163
2026-04-03 07:00:00,4184435.14097163
2026-04-03 07:15:00,4184435.14097163
2026-04-03 07:30:00,4184435.14097163
2026-04-03 07:45:00,4184435.14097163
2026-04-03 08:00:00,4184435.14097163
2026-04-03 08:15:00,4184435.14097163
2026-04-03 08:30:00,4184435.14097163
2026-04-03 08:45:00,4184435.14097163
2026-04-03 09:00:00,4184435.14097163
2026-04-03 09:15:00,4184435.14097163
2026-04-03 09:30:00,4184435.14097163
2026-04-03 09:45:00,4184435.14097163
2026-04-03 10:00:00,4184435.14097163
2026-04-03 10:15:00,4184435.14097163
2026-04-03 10:30:00,4184435.14097163
2026-04-03 10:45:00,4184435.14097163
2026-04-03 11:00:00,4184435.14097163
2026-04-03 11:15:00,4184435.14097163
2026-04-03 11:30:00,4184435.14097163
2026-04-03 11:45:00,4184435.14097163
2026-04-03 12:00:00,4184435.14097163
2026-04-03 12:15:00,4184435.14097163
2026-04-03 12:30:00,4184435.14097163
2026-04-03 12:45:00,4184435.14097163
2026-04-03 13:00:00,4184435.14097163
2026-04-03 13:15:00,4184435.14097163
2026-04-03 13:30:00,4184435.14097163
2026-04-03 13:45:00,4184435.14097163
2026-04-03 14:00:00,4184435.14097163
2026-04-03 14:15:00,4184435.14097163
2026-04-03 14:30:00,4184435.14097163
2026-04-03 14:45:00,4184435.14097163
2026-04-03 15:00:00,4184435.14097163
2026-04-03 15:15:00,4184435.14097163
2026-04-03 15:30:00,4184435.14097163
2026-04-03 15:45:00,4184435.14097163
2026-04-03 16:00:00,4184435.14097163
2026-04-03 16:15:00,4184435.14097163
2026-04-03 16:30:00,4184435.14097163
2026-04-03 16:45:00,4184435.14097163
2026-04-03 17:00:00,4184435.14097163
2026-04-03 17:15:00,4184435.14097163
2026-04-03 17:30:00,4184435.14097163
2026-04-03 17:45:00,4184435.14097163
2026-04-03 18:00:00,4184435.14097163
2026-04-03 18:15:00,4184435.14097163
2026-04-03 18:30:00,4184435.14097163
2026-04-03 18:45:00,4184435.14097163
2026-04-03 19:00:00,4184435.14097163
2026-04-03 19:15:00,4184435.14097163
2026-04-03 19:30:00,4184435.14097163
2026-04-03 19:45:00,4184435.14097163
2026-04-03 20:00:00,4184435.14097163
2026-04-03 20:15:00,4184435.14097163
2026-04-03 20:30:00,4184435.14097163
2026-04-03 20:45:00,4184435.14097163
2026-04-03 21:00:00,4184435.14097163
2026-04-03 21:15:00,4184435.14097163
2026-04-03 21:30:00,4184435.14097163
2026-04-03 21:45:00,4184435.14097163
2026-04-03 22:00:00,4184435.14097163
2026-04-03 22:15:00,4184435.14097163
2026-04-03 22:30:00,4184435.14097163
2026-04-03 22:45:00,4184435.14097163
2026-04-03 23:00:00,4184435.14097163
2026-04-03 23:15:00,4184435.14097163
2026-04-03 23:30:00,4184435.14097163
2026-04-03 23:45:00,4184435.14097163
2026-04-04 01:00:00,4184435.14097163
2026-04-04 01:15:00,4184435.14097163
2026-04-04 01:30:00,4184435.14097163
2026-04-04 01:45:00,4184435.14097163
2026-04-04 02:00:00,4184435.14097163
2026-04-04 02:15:00,4184435.14097163
2026-04-04 02:30:00,4184435.14097163
2026-04-04 02:45:00,4184435.14097163
2026-04-04 03:00:00,4184435.14097163
2026-04-04 03:15:00,4184435.14097163
2026-04-04 03:30:00,4184435.14097163
2026-04-04 03:45:00,4184435.14097163
2026-04-04 04:00:00,4184435.14097163
2026-04-04 04:15:00,4184435.14097163
2026-04-04 04:30:00,4184435.14097163
2026-04-04 04:45:00,4184435.14097163
2026-04-04 05:00:00,4184435.14097163
2026-04-04 05:15:00,4184435.14097163
2026-04-04 05:30:00,4184435.14097163
2026-04-04 05:45:00,4184435.14097163
2026-04-04 06:00:00,4184435.14097163
2026-04-04 06:15:00,4184435.14097163
2026-04-04 06:30:00,4184435.14097163
2026-04-04 06:45:00,4184435.14097163
2026-04-04 07:00:00,4184435.14097163
2026-04-04 07:15:00,4184435.14097163
2026-04-04 07:30:00,4184435.14097163
2026-04-04 07:45:00,4184435.14097163
2026-04-04 08:00:00,4184435.14097163
2026-04-04 08:15:00,4184435.14097163
2026-04-04 08:30:00,4184435.14097163
2026-04-04 08:45:00,4184435.14097163
2026-04-04 09:00:00,4184435.14097163
2026-04-04 09:15:00,4184435.14097163
2026-04-04 09:30:00,4184435.14097163
2026-04-04 09:45:00,4184435.14097163
2026-04-04 10:00:00,4184435.14097163
2026-04-04 10:15:00,4184435.14097163
2026-04-04 10:30:00,4184435.14097163
2026-04-04 10:45:00,4184435.14097163
2026-04-04 11:00:00,4184435.14097163
2026-04-04 11:15:00,4184435.14097163
2026-04-04 11:30:00,4184435.14097163
2026-04-04 11:45:00,4184435.14097163
2026-04-04 12:00:00,4184435.14097163
2026-04-04 12:15:00,4184435.14097163
2026-04-04 12:30:00,4184435.14097163
2026-04-04 12:45:00,4184435.14097163
2026-04-04 13:00:00,4184435.14097163
2026-04-04 13:15:00,4184435.14097163
2026-04-04 13:30:00,4184435.14097163
2026-04-04 13:45:00,4184435.14097163
2026-04-04 14:00:00,4184435.14097163
2026-04-04 14:15:00,4184435.14097163
2026-04-04 14:30:00,4184435.14097163
2026-04-04 14:45:00,4184435.14097163
2026-04-04 15:00:00,4184435.14097163
2026-04-04 15:15:00,4184435.14097163
2026-04-04 15:30:00,4184435.14097163
2026-04-04 15:45:00,4184435.14097163
2026-04-04 16:00:00,4184435.14097163
2026-04-04 16:15:00,4184435.14097163
2026-04-04 16:30:00,4184435.14097163
2026-04-04 16:45:00,4184435.14097163
2026-04-04 17:00:00,4184435.14097163
2026-04-04 17:15:00,4184435.14097163
2026-04-04 17:30:00,4184435.14097163
2026-04-04 17:45:00,4184435.14097163
2026-04-04 18:00:00,4184435.14097163
2026-04-04 18:15:00,4184435.14097163
2026-04-04 18:30:00,4184435.14097163
2026-04-04 18:45:00,4184435.14097163
2026-04-04 19:00:00,4184435.14097163
2026-04-04 19:15:00,4184435.14097163
2026-04-04 19:30:00,4184435.14097163
2026-04-04 19:45:00,4184435.14097163
2026-04-04 20:00:00,4184435.14097163
2026-04-04 20:15:00,4184435.14097163
2026-04-04 20:30:00,4184435.14097163
2026-04-04 20:45:00,4184435.14097163
2026-04-04 21:00:00,4184435.14097163
2026-04-04 21:15:00,4184435.14097163
2026-04-04 21:30:00,4184435.14097163
2026-04-04 21:45:00,4184435.14097163
2026-04-04 22:00:00,4184435.14097163
2026-04-04 22:15:00,4184435.14097163
2026-04-04 22:30:00,4184435.14097163
2026-04-04 22:45:00,4184435.14097163
2026-04-04 23:00:00,4184435.14097163
2026-04-04 23:15:00,4184435.14097163
2026-04-04 23:30:00,4184435.14097163
2026-04-04 23:45:00,4184435.14097163
2026-04-05 00:00:00,4184435.14097163
2026-04-05 00:15:00,4184435.14097163
2026-04-05 00:30:00,4184435.14097163
2026-04-05 00:45:00,4184435.14097163
2026-04-05 01:00:00,4184435.14097163
2026-04-05 01:15:00,4184435.14097163
2026-04-05 01:30:00,4184435.14097163
2026-04-05 01:45:00,4184435.14097163
2026-04-05 02:00:00,4184435.14097163
2026-04-05 02:15:00,4184435.14097163
2026-04-05 02:30:00,4184435.14097163
2026-04-05 02:45:00,4184435.14097163
2026-04-05 03:00:00,4184435.14097163
2026-04-05 03:15:00,4184435.14097163
2026-04-05 03:30:00,4184435.14097163
2026-04-05 03:45:00,4184435.14097163
2026-04-05 04:00:00,4184435.14097163
2026-04-05 04:15:00,4184435.14097163
2026-04-05 04:30:00,4184435.14097163
2026-04-05 04:45:00,4184435.14097163
2026-04-05 05:00:00,4184435.14097163
2026-04-05 05:15:00,4184435.14097163
2026-04-05 05:30:00,4184435.14097163
2026-04-05 05:45:00,4184435.14097163
2026-04-05 06:00:00,4184435.14097163
2026-04-05 06:15:00,4184435.14097163
2026-04-05 06:30:00,4184435.14097163
2026-04-05 06:45:00,4184435.14097163
2026-04-05 07:00:00,4184435.14097163
2026-04-05 07:15:00,4184435.14097163
2026-04-05 07:30:00,4184435.14097163
2026-04-05 07:45:00,4184435.14097163
2026-04-05 08:00:00,4184435.14097163
2026-04-05 08:15:00,4184435.14097163
2026-04-05 08:30:00,4184435.14097163
2026-04-05 08:45:00,4184435.14097163
2026-04-05 09:00:00,4184435.14097163
2026-04-05 09:15:00,4184435.14097163
2026-04-05 09:30:00,4184435.14097163
2026-04-05 09:45:00,4184435.14097163
2026-04-05 10:00:00,4184435.14097163
2026-04-05 10:15:00,4184435.14097163
2026-04-05 10:30:00,4184435.14097163
2026-04-05 10:45:00,4184435.14097163
2026-04-05 11:00:00,4184435.14097163
2026-04-05 11:15:00,4184435.14097163
2026-04-05 11:30:00,4184435.14097163
2026-04-05 11:45:00,4184435.14097163
2026-04-05 12:00:00,4184435.14097163
2026-04-05 12:15:00,4184435.14097163
2026-04-05 12:30:00,4184435.14097163
2026-04-05 12:45:00,4184435.14097163
2026-04-05 13:00:00,4184435.14097163
2026-04-05 13:15:00,4184435.14097163
2026-04-05 13:30:00,4184435.14097163
2026-04-05 13:45:00,4184435.14097163
2026-04-05 14:00:00,4184435.14097163
2026-04-05 14:15:00,4184435.14097163
2026-04-05 14:30:00,4184435.14097163
2026-04-05 14:45:00,4184435.14097163
2026-04-05 15:00:00,4184435.14097163
2026-04-05 15:15:00,4184435.14097163
2026-04-05 15:30:00,4184435.14097163
2026-04-05 15:45:00,4184435.14097163
2026-04-05 16:00:00,4184435.14097163
2026-04-05 16:15:00,4184435.14097163
2026-04-05 16:30:00,4184435.14097163
2026-04-05 16:45:00,4184435.14097163
2026-04-05 17:00:00,4184435.14097163
2026-04-05 17:15:00,4184435.14097163
2026-04-05 17:30:00,4184435.14097163
2026-04-05 17:45:00,4184435.14097163
2026-04-05 18:00:00,4184435.14097163
2026-04-05 18:15:00,4184435.14097163
2026-04-05 18:30:00,4184435.14097163
2026-04-05 18:45:00,4184435.14097163
2026-04-05 19:00:00,4184435.14097163
2026-04-05 19:15:00,4184435.14097163
2026-04-05 19:30:00,4184435.14097163
2026-04-05 19:45:00,4184435.14097163
2026-04-05 20:00:00,4184435.14097163
2026-04-05 20:15:00,4184435.14097163
2026-04-05 20:30:00,4184435.14097163
2026-04-05 20:45:00,4184435.14097163
2026-04-05 21:00:00,4184435.14097163
2026-04-05 21:15:00,4184435.14097163
2026-04-05 21:30:00,4184435.14097163
2026-04-05 21:45:00,4184435.14097163
2026-04-05 22:00:00,4184435.14097163
2026-04-05 22:15:00,4184435.14097163
2026-04-05 22:30:00,4184435.14097163
2026-04-05 22:45:00,4184435.14097163
2026-04-05 23:00:00,4184435.14097163
2026-04-05 23:15:00,4184435.14097163
2026-04-05 23:30:00,4184435.14097163
2026-04-05 23:45:00,4184435.14097163
2026-04-06 00:00:00,4184435.14097163
2026-04-06 00:15:00,4184435.14097163
2026-04-06 00:30:00,4184435.14097163
2026-04-06 00:45:00,4184435.14097163
2026-04-06 01:00:00,4184435.14097163
2026-04-06 01:15:00,4184435.14097163
2026-04-06 01:30:00,4184435.14097163
2026-04-06 01:45:00,4184435.14097163
2026-04-06 02:00:00,4184435.14097163
2026-04-06 02:15:00,4184435.14097163
2026-04-06 02:30:00,4184435.14097163
2026-04-06 02:45:00,4184435.14097163
2026-04-06 03:00:00,4184435.14097163
2026-04-06 03:15:00,4184435.14097163
2026-04-06 03:30:00,4184435.14097163
2026-04-06 03:45:00,4184435.14097163
2026-04-06 04:00:00,4184435.14097163
2026-04-06 04:15:00,4184435.14097163
2026-04-06 04:30:00,4184435.14097163
2026-04-06 04:45:00,4184435.14097163
2026-04-06 05:00:00,4184435.14097163
2026-04-06 05:15:00,4184435.14097163
2026-04-06 05:30:00,4184435.14097163
2026-04-06 05:45:00,4184435.14097163
2026-04-06 06:00:00,4184435.14097163
2026-04-06 06:15:00,4184435.14097163
2026-04-06 06:30:00,4184435.14097163
2026-04-06 06:45:00,4184435.14097163
2026-04-06 07:00:00,4184435.14097163
2026-04-06 07:15:00,4184435.14097163
2026-04-06 07:30:00,4184435.14097163
2026-04-06 07:45:00,4184435.14097163
2026-04-06 08:00:00,4184435.14097163
2026-04-06 08:15:00,4184435.14097163
2026-04-06 08:30:00,4184435.14097163
2026-04-06 08:45:00,4184435.14097163
2026-04-06 09:00:00,4184435.14097163
2026-04-06 09:15:00,4184435.14097163
2026-04-06 09:30:00,4184435.14097163
2026-04-06 09:45:00,4184435.14097163
2026-04-06 10:00:00,4184435.14097163
2026-04-06 10:15:00,4184435.14097163
2026-04-06 10:30:00,4184435.14097163
2026-04-06 10:45:00,4184435.14097163
2026-04-06 11:00:00,4184435.14097163
2026-04-06 11:15:00,4184435.14097163
2026-04-06 11:30:00,4184435.14097163
2026-04-06 11:45:00,4184435.14097163
2026-04-06 12:00:00,4184435.14097163
2026-04-06 12:15:00,4184435.14097163
2026-04-06 12:30:00,4184435.14097163
2026-04-06 12:45:00,4184435.14097163
2026-04-06 13:00:00,4184435.14097163
2026-04-06 13:15:00,4184435.14097163
2026-04-06 13:30:00,4184435.14097163
2026-04-06 13:45:00,4184435.14097163
2026-04-06 14:00:00,4184435.14097163
2026-04-06 14:15:00,4184435.14097163
2026-04-06 14:30:00,4184435.14097163
2026-04-06 14:45:00,4184435.14097163
2026-04-06 15:00:00,4184435.14097163
2026-04-06 15:15:00,4184435.14097163
2026-04-06 15:30:00,4184435.14097163
2026-04-06 15:45:00,4184435.14097163
2026-04-06 16:00:00,4184435.14097163
2026-04-06 16:15:00,4184435.14097163
2026-04-06 16:30:00,4184435.14097163
2026-04-06 16:45:00,4184435.14097163
2026-04-06 17:00:00,4184435.14097163
2026-04-06 17:15:00,4184435.14097163
2026-04-06 17:30:00,4184435.14097163
2026-04-06 17:45:00,4184435.14097163
2026-04-06 18:00:00,4184435.14097163
2026-04-06 18:15:00,4184435.14097163
2026-04-06 18:30:00,4184435.14097163
2026-04-06 18:45:00,4184435.14097163
2026-04-06 19:00:00,4184435.14097163
2026-04-06 19:15:00,4184435.14097163
2026-04-06 19:30:00,4184435.14097163
2026-04-06 19:45:00,4184435.14097163
2026-04-06 20:00:00,4184435.14097163
2026-04-06 20:15:00,4184435.14097163
2026-04-06 20:30:00,4184435.14097163
2026-04-06 20:45:00,4184435.14097163
2026-04-06 21:00:00,4184435.14097163
2026-04-06 21:15:00,4184435.14097163
2026-04-06 21:30:00,4184435.14097163
2026-04-06 21:45:00,4184435.14097163
2026-04-06 22:00:00,4184435.14097163
2026-04-06 22:15:00,4184435.14097163
2026-04-06 22:30:00,4184435.14097163
2026-04-06 22:45:00,4184435.14097163
2026-04-06 23:00:00,4184435.14097163
2026-04-06 23:15:00,4184435.14097163
2026-04-06 23:30:00,4184435.14097163
2026-04-06 23:45:00,4184435.14097163
2026-04-07 00:00:00,4184435.14097163
2026-04-07 00:15:00,4184435.14097163
2026-04-07 00:30:00,4184435.14097163
2026-04-07 00:45:00,4184435.14097163
2026-04-07 01:00:00,4184435.14097163
2026-04-07 01:15:00,4184435.14097163
2026-04-07 01:30:00,4184435.14097163
2026-04-07 01:45:00,4184435.14097163
2026-04-07 02:00:00,4184435.14097163
2026-04-07 02:15:00,4184435.14097163
2026-04-07 02:30:00,4184435.14097163
2026-04-07 02:45:00,4184435.14097163
2026-04-07 03:00:00,4184435.14097163
2026-04-07 03:15:00,4184435.14097163
2026-04-07 03:30:00,4184435.14097163
2026-04-07 03:45:00,4184435.14097163
2026-04-07 04:00:00,4184435.14097163
2026-04-07 04:15:00,4184435.14097163
2026-04-07 04:30:00,4184435.14097163
2026-04-07 04:45:00,4184435.14097163
2026-04-07 05:00:00,4184435.14097163
2026-04-07 05:15:00,4184435.14097163
2026-04-07 05:30:00,4184435.14097163
2026-04-07 05:45:00,4184435.14097163
2026-04-07 06:00:00,4184435.14097163
2026-04-07 06:15:00,4184435.14097163
2026-04-07 06:30:00,4184435.14097163
2026-04-07 06:45:00,4184435.14097163
2026-04-07 07:00:00,4184435.14097163
2026-04-07 07:15:00,4184435.14097163
2026-04-07 07:30:00,4184435.14097163
2026-04-07 07:45:00,4184435.14097163
2026-04-07 08:00:00,4184435.14097163
2026-04-07 08:15:00,4184435.14097163
2026-04-07 08:30:00,4184435.14097163
2026-04-07 08:45:00,4184435.14097163
2026-04-07 09:00:00,4184435.14097163
2026-04-07 09:15:00,4184435.14097163
2026-04-07 09:30:00,4184435.14097163
2026-04-07 09:45:00,4184435.14097163
2026-04-07 10:00:00,4184435.14097163
2026-04-07 10:15:00,4184435.14097163
2026-04-07 10:30:00,4184435.14097163
2026-04-07 10:45:00,4184435.14097163
2026-04-07 11:00:00,4184435.14097163
2026-04-07 11:15:00,4184435.14097163
2026-04-07 11:30:00,4184435.14097163
2026-04-07 11:45:00,4184435.14097163
2026-04-07 12:00:00,4184435.14097163
2026-04-07 12:15:00,4184435.14097163
2026-04-07 12:30:00,4184435.14097163
2026-04-07 12:45:00,4184435.14097163
2026-04-07 13:00:00,4184435.14097163
2026-04-07 13:15:00,4184435.14097163
2026-04-07 13:30:00,4184435.14097163
2026-04-07 13:45:00,4184435.14097163
2026-04-07 14:00:00,4184435.14097163
2026-04-07 14:15:00,4184435.14097163
2026-04-07 14:30:00,4184435.14097163
2026-04-07 14:45:00,4184435.14097163
2026-04-07 15:00:00,4184435.14097163
2026-04-07 15:15:00,4184435.14097163
2026-04-07 15:30:00,4184435.14097163
2026-04-07 15:45:00,4184435.14097163
2026-04-07 16:00:00,4184435.14097163
2026-04-07 16:15:00,4184435.14097163
2026-04-07 16:30:00,4184435.14097163
2026-04-07 16:45:00,4184435.14097163
2026-04-07 17:00:00,4184435.14097163
2026-04-07 17:15:00,4184435.14097163
2026-04-07 17:30:00,4184435.14097163
2026-04-07 17:45:00,4184435.14097163
2026-04-07 18:00:00,4184435.14097163
2026-04-07 18:15:00,4184435.14097163
2026-04-07 18:30:00,4184435.14097163
2026-04-07 18:45:00,4184435.14097163
2026-04-07 19:00:00,4184435.14097163
2026-04-07 19:15:00,4184435.14097163
2026-04-07 19:30:00,4184435.14097163
2026-04-07 19:45:00,4184435.14097163
2026-04-07 20:00:00,4184435.14097163
2026-04-07 20:15:00,4184435.14097163
2026-04-07 20:30:00,4184435.14097163
2026-04-07 20:45:00,4184435.14097163
2026-04-07 21:00:00,4184435.14097163
2026-04-07 21:15:00,4184435.14097163
2026-04-07 21:30:00,4184435.14097163
2026-04-07 21:45:00,4184435.14097163
2026-04-07 22:00:00,4184435.14097163
2026-04-07 22:15:00,4184435.14097163
2026-04-07 22:30:00,4184435.14097163
2026-04-07 22:45:00,4184435.14097163
2026-04-07 23:00:00,4184435.14097163
2026-04-07 23:15:00,4184435.14097163
2026-04-07 23:30:00,4184435.14097163
2026-04-07 23:45:00,4184435.14097163
2026-04-08 00:00:00,4184435.14097163
2026-04-08 00:15:00,4184435.14097163
2026-04-08 00:30:00,4184435.14097163
2026-04-08 00:45:00,4184435.14097163
2026-04-08 01:00:00,4184435.14097163
2026-04-08 01:15:00,4184435.14097163
2026-04-08 01:30:00,4184435.14097163
2026-04-08 01:45:00,4184435.14097163
2026-04-08 02:00:00,4184435.14097163
2026-04-08 02:15:00,4184435.14097163
2026-04-08 02:30:00,4184435.14097163
2026-04-08 02:45:00,4184435.14097163
2026-04-08 03:00:00,4184435.14097163
2026-04-08 03:15:00,4184435.14097163
2026-04-08 03:30:00,4184435.14097163
2026-04-08 03:45:00,4184435.14097163
2026-04-08 04:00:00,4184435.14097163
2026-04-08 04:15:00,4184435.14097163
2026-04-08 04:30:00,4184435.14097163
2026-04-08 04:45:00,4184435.14097163
2026-04-08 05:00:00,4184435.14097163
2026-04-08 05:15:00,4184435.14097163
2026-04-08 05:30:00,4184435.14097163
2026-04-08 05:45:00,4184435.14097163
2026-04-08 06:00:00,4184435.14097163
2026-04-08 06:15:00,4184435.14097163
2026-04-08 06:30:00,4184435.14097163
2026-04-08 06:45:00,4184435.14097163
2026-04-08 07:00:00,4184435.14097163
2026-04-08 07:15:00,4184435.14097163
2026-04-08 07:30:00,4184435.14097163
2026-04-08 07:45:00,4184435.14097163
2026-04-08 08:00:00,4184435.14097163
2026-04-08 08:15:00,4184435.14097163
2026-04-08 08:30:00,4184435.14097163
2026-04-08 08:45:00,4184435.14097163
2026-04-08 09:00:00,4184435.14097163
2026-04-08 09:15:00,4184435.14097163
2026-04-08 09:30:00,4184435.14097163
2026-04-08 09:45:00,4184435.14097163
2026-04-08 10:00:00,4184435.14097163
2026-04-08 10:15:00,4184435.14097163
2026-04-08 10:30:00,4184435.14097163
2026-04-08 10:45:00,4184435.14097163
2026-04-08 11:00:00,4184435.14097163
2026-04-08 11:15:00,4184435.14097163
2026-04-08 11:30:00,4184435.14097163
2026-04-08 11:45:00,4184435.14097163
2026-04-08 12:00:00,4184435.14097163
2026-04-08 12:15:00,4184435.14097163
2026-04-08 12:30:00,4184435.14097163
2026-04-08 12:45:00,4184435.14097163
2026-04-08 13:00:00,4184435.14097163
2026-04-08 13:15:00,4184435.14097163
2026-04-08 13:30:00,4184435.14097163
2026-04-08 13:45:00,4184435.14097163
2026-04-08 14:00:00,4184435.14097163
2026-04-08 14:15:00,4184435.14097163
2026-04-08 14:30:00,4184435.14097163
2026-04-08 14:45:00,4184435.14097163
2026-04-08 15:00:00,4184435.14097163
2026-04-08 15:15:00,4184435.14097163
2026-04-08 15:30:00,4184435.14097163
2026-04-08 15:45:00,4184435.14097163
2026-04-08 16:00:00,4184435.14097163
2026-04-08 16:15:00,4184435.14097163
2026-04-08 16:30:00,4184435.14097163
2026-04-08 16:45:00,4184435.14097163
2026-04-08 17:00:00,4184435.14097163
2026-04-08 17:15:00,4184435.14097163
2026-04-08 17:30:00,4184435.14097163
2026-04-08 17:45:00,4184435.14097163
2026-04-08 18:00:00,4184435.14097163
2026-04-08 18:15:00,4184435.14097163
2026-04-08 18:30:00,4184435.14097163
2026-04-08 18:45:00,4184435.14097163
2026-04-08 19:00:00,4184435.14097163
2026-04-08 19:15:00,4184435.14097163
2026-04-08 19:30:00,4184435.14097163
2026-04-08 19:45:00,4184435.14097163
2026-04-08 20:00:00,4184435.14097163
2026-04-08 20:15:00,4184435.14097163
2026-04-08 20:30:00,4184435.14097163
2026-04-08 20:45:00,4184435.14097163
2026-04-08 21:00:00,4184435.14097163
2026-04-08 21:15:00,4184435.14097163
2026-04-08 21:30:00,4184435.14097163
2026-04-08 21:45:00,4184435.14097163
2026-04-08 22:00:00,4184435.14097163
2026-04-08 22:15:00,4184435.14097163
2026-04-08 22:30:00,4184435.14097163
2026-04-08 22:45:00,4184435.14097163
2026-04-08 23:00:00,4184435.14097163
2026-04-08 23:15:00,4184435.14097163
2026-04-08 23:30:00,4184435.14097163
2026-04-08 23:45:00,4184435.14097163
2026-04-09 00:00:00,4184435.14097163
2026-04-09 00:15:00,4184435.14097163
2026-04-09 00:30:00,4184435.14097163
2026-04-09 00:45:00,4184435.14097163
2026-04-09 01:00:00,4184435.14097163
2026-04-09 01:15:00,4184435.14097163
2026-04-09 01:30:00,4184435.14097163
2026-04-09 01:45:00,4184435.14097163
2026-04-09 02:00:00,4184435.14097163
2026-04-09 02:15:00,4184435.14097163
2026-04-09 02:30:00,4184435.14097163
2026-04-09 02:45:00,4184435.14097163
2026-04-09 03:00:00,4184435.14097163
2026-04-09 03:15:00,4184435.14097163
2026-04-09 03:30:00,4184435.14097163
2026-04-09 03:45:00,4184435.14097163
2026-04-09 04:00:00,4184435.14097163
2026-04-09 04:15:00,4184435.14097163
2026-04-09 04:30:00,4184435.14097163
2026-04-09 04:45:00,4184435.14097163
2026-04-09 05:00:00,4184435.14097163
2026-04-09 05:15:00,4184435.14097163
2026-04-09 05:30:00,4184435.14097163
2026-04-09 05:45:00,4184435.14097163
2026-04-09 06:00:00,4184435.14097163
2026-04-09 06:15:00,4184435.14097163
2026-04-09 06:30:00,4184435.14097163
2026-04-09 06:45:00,4184435.14097163
2026-04-09 07:00:00,4184435.14097163
2026-04-09 07:15:00,4184435.14097163
2026-04-09 07:30:00,4184435.14097163
2026-04-09 07:45:00,4184435.14097163
2026-04-09 08:00:00,4184435.14097163
2026-04-09 08:15:00,4184435.14097163
2026-04-09 08:30:00,4184435.14097163
2026-04-09 08:45:00,4184435.14097163
2026-04-09 09:00:00,4184435.14097163
2026-04-09 09:15:00,4184435.14097163
2026-04-09 09:30:00,4184435.14097163
2026-04-09 09:45:00,4184435.14097163
2026-04-09 10:00:00,4184435.14097163
2026-04-09 10:15:00,4184435.14097163
2026-04-09 10:30:00,4184435.14097163
2026-04-09 10:45:00,4184435.14097163
2026-04-09 11:00:00,4184435.14097163
2026-04-09 11:15:00,4184435.14097163
2026-04-09 11:30:00,4184435.14097163
2026-04-09 11:45:00,4184435.14097163
2026-04-09 12:00:00,4184435.14097163
2026-04-09 12:15:00,4184435.14097163
2026-04-09 12:30:00,4184435.14097163
2026-04-09 12:45:00,4184435.14097163
2026-04-09 13:00:00,4184435.14097163
2026-04-09 13:15:00,4184435.14097163
2026-04-09 13:30:00,4184435.14097163
2026-04-09 13:45:00,4184435.14097163
2026-04-09 14:00:00,4184435.14097163
2026-04-09 14:15:00,4184435.14097163
2026-04-09 14:30:00,4184435.14097163
2026-04-09 14:45:00,4184435.14097163
2026-04-09 15:00:00,4184435.14097163
2026-04-09 15:15:00,4184435.14097163
2026-04-09 15:30:00,4184435.14097163
2026-04-09 15:45:00,4184435.14097163
2026-04-09 16:00:00,4184435.14097163
2026-04-09 16:15:00,4184435.14097163
2026-04-09 16:30:00,4184435.14097163
2026-04-09 16:45:00,4184435.14097163
2026-04-09 17:00:00,4184435.14097163
2026-04-09 17:15:00,4184435.14097163
2026-04-09 17:30:00,4184435.14097163
2026-04-09 17:45:00,4184435.14097163
2026-04-09 18:00:00,4184435.14097163
2026-04-09 18:15:00,4184435.14097163
2026-04-09 18:30:00,4184435.14097163
2026-04-09 18:45:00,4184435.14097163
2026-04-09 19:00:00,4184435.14097163
2026-04-09 19:15:00,4184435.14097163
2026-04-09 19:30:00,4184435.14097163
2026-04-09 19:45:00,4184435.14097163
2026-04-09 20:00:00,4184435.14097163
2026-04-09 20:15:00,4184435.14097163
2026-04-09 20:30:00,4184435.14097163
2026-04-09 20:45:00,4184435.14097163
2026-04-09 21:00:00,4184435.14097163
2026-04-09 21:15:00,4184435.14097163
2026-04-09 21:30:00,4184435.14097163
2026-04-09 21:45:00,4184435.14097163
2026-04-09 22:00:00,4184435.14097163
2026-04-09 22:15:00,4184435.14097163
2026-04-09 22:30:00,4184435.14097163
2026-04-09 22:45:00,4184435.14097163
2026-04-09 23:00:00,4184435.14097163
2026-04-09 23:15:00,4184435.14097163
2026-04-09 23:30:00,4184435.14097163
2026-04-09 23:45:00,4184435.14097163
2026-04-10 00:00:00,4184435.14097163
2026-04-10 00:15:00,4184435.14097163
2026-04-10 00:30:00,4184435.14097163
2026-04-10 00:45:00,4184435.14097163
2026-04-10 01:00:00,4184435.14097163
2026-04-10 01:15:00,4184435.14097163
2026-04-10 01:30:00,4184435.14097163
2026-04-10 01:45:00,4184435.14097163
2026-04-10 02:00:00,4184435.14097163
2026-04-10 02:15:00,4184435.14097163
2026-04-10 02:30:00,4184435.14097163
2026-04-10 02:45:00,4184435.14097163
2026-04-10 03:00:00,4184435.14097163
2026-04-10 03:15:00,4184435.14097163
2026-04-10 03:30:00,4184435.14097163
2026-04-10 03:45:00,4184435.14097163
2026-04-10 04:00:00,4184435.14097163
2026-04-10 04:15:00,4184435.14097163
2026-04-10 04:30:00,4184435.14097163
2026-04-10 04:45:00,4184435.14097163
2026-04-10 05:00:00,4184435.14097163
2026-04-10 05:15:00,4184435.14097163
2026-04-10 05:30:00,4184435.14097163
2026-04-10 05:45:00,4184435.14097163
2026-04-10 06:00:00,4184435.14097163
2026-04-10 06:15:00,4184435.14097163
2026-04-10 06:30:00,4184435.14097163
2026-04-10 06:45:00,4184435.14097163
2026-04-10 07:00:00,4184435.14097163
2026-04-10 07:15:00,4184435.14097163
2026-04-10 07:30:00,4184435.14097163
2026-04-10 07:45:00,4184435.14097163
2026-04-10 08:00:00,4184435.14097163
2026-04-10 08:15:00,4184435.14097163
2026-04-10 08:30:00,4184435.14097163
2026-04-10 08:45:00,4184435.14097163
2026-04-10 09:00:00,4184435.14097163
2026-04-10 09:15:00,4184435.14097163
2026-04-10 09:30:00,4184435.14097163
2026-04-10 09:45:00,4184435.14097163
2026-04-10 10:00:00,4184435.14097163
2026-04-10 10:15:00,4184435.14097163
2026-04-10 10:30:00,4184435.14097163
2026-04-10 10:45:00,4184435.14097163
2026-04-10 11:00:00,4184435.14097163
2026-04-10 11:15:00,4184435.14097163
2026-04-10 11:30:00,4184435.14097163
2026-04-10 11:45:00,4184435.14097163
2026-04-10 12:00:00,4184435.14097163
2026-04-10 12:15:00,4184435.14097163
2026-04-10 12:30:00,4184435.14097163
2026-04-10 12:45:00,4184435.14097163
2026-04-10 13:00:00,4184435.14097163
2026-04-10 13:15:00,4184435.14097163
2026-04-10 13:30:00,4184435.14097163
2026-04-10 13:45:00,4184435.14097163
2026-04-10 14:00:00,4184435.14097163
2026-04-10 14:15:00,4184435.14097163
2026-04-10 14:30:00,4184435.14097163
2026-04-10 14:45:00,4184435.14097163
2026-04-10 15:00:00,4184435.14097163
2026-04-10 15:15:00,4184435.14097163
2026-04-10 15:30:00,4184435.14097163
2026-04-10 15:45:00,4184435.14097163
2026-04-10 16:00:00,4184435.14097163
2026-04-10 16:15:00,4184435.14097163
2026-04-10 16:30:00,4184435.14097163
2026-04-10 16:45:00,4184435.14097163
2026-04-10 17:00:00,4184435.14097163
2026-04-10 17:15:00,4184435.14097163
2026-04-10 17:30:00,4184435.14097163
2026-04-10 17:45:00,4184435.14097163
2026-04-10 18:00:00,4184435.14097163
2026-04-10 18:15:00,4184435.14097163
2026-04-10 18:30:00,4184435.14097163
2026-04-10 18:45:00,4184435.14097163
2026-04-10 19:00:00,4184435.14097163
2026-04-10 19:15:00,4184435.14097163
2026-04-10 19:30:00,4184435.14097163
2026-04-10 19:45:00,4184435.14097163
2026-04-10 20:00:00,4184435.14097163
2026-04-10 20:15:00,4184435.14097163
2026-04-10 20:30:00,4184435.14097163
2026-04-10 20:45:00,4184435.14097163
2026-04-10 21:00:00,4184435.14097163
2026-04-10 21:15:00,4184435.14097163
2026-04-10 21:30:00,4184435.14097163
2026-04-10 21:45:00,4184435.14097163
2026-04-10 22:00:00,4184435.14097163
2026-04-10 22:15:00,4184435.14097163
2026-04-10 22:30:00,4184435.14097163
2026-04-10 22:45:00,4184435.14097163
2026-04-10 23:00:00,4184435.14097163
2026-04-10 23:15:00,4184435.14097163
2026-04-10 23:30:00,4184435.14097163
2026-04-10 23:45:00,4184435.14097163
2026-04-11 01:00:00,4184435.14097163
2026-04-11 01:15:00,4184435.14097163
2026-04-11 01:30:00,4184435.14097163
2026-04-11 01:45:00,4184435.14097163
2026-04-11 02:00:00,4184435.14097163
2026-04-11 02:15:00,4184435.14097163
2026-04-11 02:30:00,4184435.14097163
2026-04-11 02:45:00,4184435.14097163
2026-04-11 03:00:00,4184435.14097163
2026-04-11 03:15:00,4184435.14097163
2026-04-11 03:30:00,4184435.14097163
2026-04-11 03:45:00,4184435.14097163
2026-04-11 04:00:00,4184435.14097163
2026-04-11 04:15:00,4184435.14097163
2026-04-11 04:30:00,4184435.14097163
2026-04-11 04:45:00,4184435.14097163
2026-04-11 05:00:00,4184435.14097163
2026-04-11 05:15:00,4184435.14097163
2026-04-11 05:30:00,4184435.14097163
2026-04-11 05:45:00,4184435.14097163
2026-04-11 06:00:00,4184435.14097163
2026-04-11 06:15:00,4184435.14097163
2026-04-11 06:30:00,4184435.14097163
2026-04-11 06:45:00,4184435.14097163
2026-04-11 07:00:00,4184435.14097163
2026-04-11 07:15:00,4184435.14097163
2026-04-11 07:30:00,4184435.14097163
2026-04-11 07:45:00,4184435.14097163
2026-04-11 08:00:00,4184435.14097163
2026-04-11 08:15:00,4184435.14097163
2026-04-11 08:30:00,4184435.14097163
2026-04-11 08:45:00,4184435.14097163
2026-04-11 09:00:00,4184435.14097163
2026-04-11 09:15:00,4184435.14097163
2026-04-11 09:30:00,4184435.14097163
2026-04-11 09:45:00,4184435.14097163
2026-04-11 10:00:00,4184435.14097163
2026-04-11 10:15:00,4184435.14097163
2026-04-11 10:30:00,4184435.14097163
2026-04-11 10:45:00,4184435.14097163
2026-04-11 11:00:00,4184435.14097163
2026-04-11 11:15:00,4184435.14097163
2026-04-11 11:30:00,4184435.14097163
2026-04-11 11:45:00,4184435.14097163
2026-04-11 12:00:00,4184435.14097163
2026-04-11 12:15:00,4184435.14097163
2026-04-11 12:30:00,4184435.14097163
2026-04-11 12:45:00,4184435.14097163
2026-04-11 13:00:00,4184435.14097163
2026-04-11 13:15:00,4184435.14097163
2026-04-11 13:30:00,4184435.14097163
2026-04-11 13:45:00,4184435.14097163
2026-04-11 14:00:00,4184435.14097163
2026-04-11 14:15:00,4184435.14097163
2026-04-11 14:30:00,4184435.14097163
2026-04-11 14:45:00,4184435.14097163
2026-04-11 15:00:00,4184435.14097163
2026-04-11 15:15:00,4184435.14097163
2026-04-11 15:30:00,4184435.14097163
2026-04-11 15:45:00,4184435.14097163
2026-04-11 16:00:00,4184435.14097163
2026-04-11 16:15:00,4184435.14097163
2026-04-11 16:30:00,4184435.14097163
2026-04-11 16:45:00,4184435.14097163
2026-04-11 17:00:00,4184435.14097163
2026-04-11 17:15:00,4184435.14097163
2026-04-11 17:30:00,4184435.14097163
2026-04-11 17:45:00,4184435.14097163
2026-04-11 18:00:00,4184435.14097163
2026-04-11 18:15:00,4184435.14097163
2026-04-11 18:30:00,4184435.14097163
2026-04-11 18:45:00,4184435.14097163
2026-04-11 19:00:00,4184435.14097163
2026-04-11 19:15:00,4184435.14097163
2026-04-11 19:30:00,4184435.14097163
2026-04-11 19:45:00,4184435.14097163
2026-04-11 20:00:00,4184435.14097163
2026-04-11 20:15:00,4184435.14097163
2026-04-11 20:30:00,4184435.14097163
2026-04-11 20:45:00,4184435.14097163
2026-04-11 21:00:00,4184435.14097163
2026-04-11 21:15:00,4184435.14097163
2026-04-11 21:30:00,4184435.14097163
2026-04-11 21:45:00,4184435.14097163
2026-04-11 22:00:00,4184435.14097163
2026-04-11 22:15:00,4184435.14097163
2026-04-11 22:30:00,4184435.14097163
2026-04-11 22:45:00,4184435.14097163
2026-04-11 23:00:00,4184435.14097163
2026-04-11 23:15:00,4184435.14097163
2026-04-11 23:30:00,4184435.14097163
2026-04-11 23:45:00,4184435.14097163
2026-04-12 00:00:00,4184435.14097163
2026-04-12 00:15:00,4184435.14097163
2026-04-12 00:30:00,4184435.14097163
2026-04-12 00:45:00,4184435.14097163
2026-04-12 01:00:00,4184435.14097163
2026-04-12 01:15:00,4184435.14097163
2026-04-12 01:30:00,4184435.14097163
2026-04-12 01:45:00,4184435.14097163
2026-04-12 02:00:00,4184435.14097163
2026-04-12 02:15:00,4184435.14097163
2026-04-12 02:30:00,4184435.14097163
2026-04-12 02:45:00,4184435.14097163
2026-04-12 03:00:00,4184435.14097163
2026-04-12 03:15:00,4184435.14097163
2026-04-12 03:30:00,4184435.14097163
2026-04-12 03:45:00,4184435.14097163
2026-04-12 04:00:00,4184435.14097163
2026-04-12 04:15:00,4184435.14097163
2026-04-12 04:30:00,4184435.14097163
2026-04-12 04:45:00,4184435.14097163
2026-04-12 05:00:00,4184435.14097163
2026-04-12 05:15:00,4184435.14097163
2026-04-12 05:30:00,4184435.14097163
2026-04-12 05:45:00,4184435.14097163
2026-04-12 06:00:00,4184435.14097163
2026-04-12 06:15:00,4184435.14097163
2026-04-12 06:30:00,4184435.14097163
2026-04-12 06:45:00,4184435.14097163
2026-04-12 07:00:00,4184435.14097163
2026-04-12 07:15:00,4184435.14097163
2026-04-12 07:30:00,4184435.14097163
2026-04-12 07:45:00,4184435.14097163
2026-04-12 08:00:00,4184435.14097163
2026-04-12 08:15:00,4184435.14097163
2026-04-12 08:30:00,4184435.14097163
2026-04-12 08:45:00,4184435.14097163
2026-04-12 09:00:00,4184435.14097163
2026-04-12 09:15:00,4184435.14097163
2026-04-12 09:30:00,4184435.14097163
2026-04-12 09:45:00,4184435.14097163
2026-04-12 10:00:00,4184435.14097163
2026-04-12 10:15:00,4184435.14097163
2026-04-12 10:30:00,4184435.14097163
2026-04-12 10:45:00,4184435.14097163
2026-04-12 11:00:00,4184435.14097163
2026-04-12 11:15:00,4184435.14097163
2026-04-12 11:30:00,4184435.14097163
2026-04-12 11:45:00,4184435.14097163
2026-04-12 12:00:00,4184435.14097163
2026-04-12 12:15:00,4184435.14097163
2026-04-12 12:30:00,4184435.14097163
2026-04-12 12:45:00,4184435.14097163
2026-04-12 13:00:00,4184435.14097163
2026-04-12 13:15:00,4184435.14097163
2026-04-12 13:30:00,4184435.14097163
2026-04-12 13:45:00,4184435.14097163
2026-04-12 14:00:00,4184435.14097163
2026-04-12 14:15:00,4184435.14097163
2026-04-12 14:30:00,4184435.14097163
2026-04-12 14:45:00,4184435.14097163
2026-04-12 15:00:00,4184435.14097163
2026-04-12 15:15:00,4184435.14097163
2026-04-12 15:30:00,4184435.14097163
2026-04-12 15:45:00,4184435.14097163
2026-04-12 16:00:00,4184435.14097163
2026-04-12 16:15:00,4184435.14097163
2026-04-12 16:30:00,4184435.14097163
2026-04-12 16:45:00,4184435.14097163
2026-04-12 17:00:00,4184435.14097163
2026-04-12 17:15:00,4184435.14097163
2026-04-12 17:30:00,4184435.14097163
2026-04-12 17:45:00,4184435.14097163
2026-04-12 18:00:00,4184435.14097163
2026-04-12 18:15:00,4184435.14097163
2026-04-12 18:30:00,4184435.14097163
2026-04-12 18:45:00,4184435.14097163
2026-04-12 19:00:00,4184435.14097163
2026-04-12 19:15:00,4184435.14097163
2026-04-12 19:30:00,4184435.14097163
2026-04-12 19:45:00,4184435.14097163
2026-04-12 20:00:00,4184435.14097163
2026-04-12 20:15:00,4184435.14097163
2026-04-12 20:30:00,4184435.14097163
2026-04-12 20:45:00,4184435.14097163
2026-04-12 21:00:00,4184435.14097163
2026-04-12 21:15:00,4184435.14097163
2026-04-12 21:30:00,4184435.14097163
2026-04-12 21:45:00,4184435.14097163
2026-04-12 22:00:00,4184435.14097163
2026-04-12 22:15:00,4184435.14097163
2026-04-12 22:30:00,4184435.14097163
2026-04-12 22:45:00,4184435.14097163
2026-04-12 23:00:00,4184435.14097163
2026-04-12 23:15:00,4184435.14097163
2026-04-12 23:30:00,4184435.14097163
2026-04-12 23:45:00,4184435.14097163
2026-04-13 00:00:00,4184435.14097163
2026-04-13 00:15:00,4184435.14097163
2026-04-13 00:30:00,4184435.14097163
2026-04-13 00:45:00,4184435.14097163
2026-04-13 01:00:00,4184435.14097163
2026-04-13 01:15:00,4184435.14097163
2026-04-13 01:30:00,4184435.14097163
2026-04-13 01:45:00,4184435.14097163
2026-04-13 02:00:00,4184435.14097163
2026-04-13 02:15:00,4184435.14097163
2026-04-13 02:30:00,4184435.14097163
2026-04-13 02:45:00,4184435.14097163
2026-04-13 03:00:00,4184435.14097163
2026-04-13 03:15:00,4184435.14097163
2026-04-13 03:30:00,4184435.14097163
2026-04-13 03:45:00,4184435.14097163
2026-04-13 04:00:00,4184435.14097163
2026-04-13 04:15:00,4184435.14097163
2026-04-13 04:30:00,4184435.14097163
2026-04-13 04:45:00,4184435.14097163
2026-04-13 05:00:00,4184435.14097163
2026-04-13 05:15:00,4184435.14097163
2026-04-13 05:30:00,4184435.14097163
2026-04-13 05:45:00,4184435.14097163
2026-04-13 06:00:00,4184435.14097163
2026-04-13 06:15:00,4184435.14097163
2026-04-13 06:30:00,4184435.14097163
2026-04-13 06:45:00,4184435.14097163
2026-04-13 07:00:00,4184435.14097163
2026-04-13 07:15:00,4184435.14097163
2026-04-13 07:30:00,4184435.14097163
2026-04-13 07:45:00,4184435.14097163
2026-04-13 08:00:00,4184435.14097163
2026-04-13 08:15:00,4184435.14097163
2026-04-13 08:30:00,4184435.14097163
2026-04-13 08:45:00,4184435.14097163
2026-04-13 09:00:00,4184435.14097163
2026-04-13 09:15:00,4184435.14097163
2026-04-13 09:30:00,4184435.14097163
2026-04-13 09:45:00,4184435.14097163
2026-04-13 10:00:00,4184435.14097163
2026-04-13 10:15:00,4184435.14097163
2026-04-13 10:30:00,4184435.14097163
2026-04-13 10:45:00,4184435.14097163
2026-04-13 11:00:00,4184435.14097163
2026-04-13 11:15:00,4184435.14097163
2026-04-13 11:30:00,4184435.14097163
2026-04-13 11:45:00,4184435.14097163
2026-04-13 12:00:00,4184435.14097163
2026-04-13 12:15:00,4184435.14097163
2026-04-13 12:30:00,4184435.14097163
2026-04-13 12:45:00,4184435.14097163
2026-04-13 13:00:00,4184435.14097163
2026-04-13 13:15:00,4184435.14097163
2026-04-13 13:30:00,4184435.14097163
2026-04-13 13:45:00,4184435.14097163
2026-04-13 14:00:00,4184435.14097163
2026-04-13 14:15:00,4184435.14097163
2026-04-13 14:30:00,4184435.14097163
2026-04-13 14:45:00,4184435.14097163
2026-04-13 15:00:00,4184435.14097163
2026-04-13 15:15:00,4184435.14097163
2026-04-13 15:30:00,4184435.14097163
2026-04-13 15:45:00,4184435.14097163
2026-04-13 16:00:00,4184435.14097163
2026-04-13 16:15:00,4184435.14097163
2026-04-13 16:30:00,4184435.14097163
2026-04-13 16:45:00,4184435.14097163
2026-04-13 17:00:00,4184435.14097163
2026-04-13 17:15:00,4184435.14097163
2026-04-13 17:30:00,4184435.14097163
2026-04-13 17:45:00,4184435.14097163
2026-04-13 18:00:00,4184435.14097163
2026-04-13 18:15:00,4184435.14097163
2026-04-13 18:30:00,4184435.14097163
2026-04-13 18:45:00,4184435.14097163
2026-04-13 19:00:00,4184435.14097163
2026-04-13 19:15:00,4184435.14097163
2026-04-13 19:30:00,4184435.14097163
2026-04-13 19:45:00,4184435.14097163
2026-04-13 20:00:00,4184435.14097163
2026-04-13 20:15:00,4184435.14097163
2026-04-13 20:30:00,4184435.14097163
2026-04-13 20:45:00,4184435.14097163
2026-04-13 21:00:00,4184435.14097163
2026-04-13 21:15:00,4184435.14097163
2026-04-13 21:30:00,4184435.14097163
2026-04-13 21:45:00,4184435.14097163
2026-04-13 22:00:00,4184435.14097163
2026-04-13 22:15:00,4184435.14097163
2026-04-13 22:30:00,4184435.14097163
2026-04-13 22:45:00,4184435.14097163
2026-04-13 23:00:00,4184435.14097163
2026-04-13 23:15:00,4184435.14097163
2026-04-13 23:30:00,4184435.14097163
2026-04-13 23:45:00,4184435.14097163
2026-04-14 00:00:00,4184435.14097163
2026-04-14 00:15:00,4184435.14097163
2026-04-14 00:30:00,4184435.14097163
2026-04-14 00:45:00,4184435.14097163
2026-04-14 01:00:00,4184435.14097163
2026-04-14 01:15:00,4184435.14097163
2026-04-14 01:30:00,4184435.14097163
2026-04-14 01:45:00,4184435.14097163
2026-04-14 02:00:00,4184435.14097163
2026-04-14 02:15:00,4184435.14097163
2026-04-14 02:30:00,4184435.14097163
2026-04-14 02:45:00,4184435.14097163
2026-04-14 03:00:00,4184435.14097163
2026-04-14 03:15:00,4184435.14097163
2026-04-14 03:30:00,4184435.14097163
2026-04-14 03:45:00,4184435.14097163
2026-04-14 04:00:00,4184435.14097163
2026-04-14 04:15:00,4184435.14097163
2026-04-14 04:30:00,4184435.14097163
2026-04-14 04:45:00,4184435.14097163
2026-04-14 05:00:00,4184435.14097163
2026-04-14 05:15:00,4184435.14097163
2026-04-14 05:30:00,4184435.14097163
2026-04-14 05:45:00,4184435.14097163
2026-04-14 06:00:00,4184435.14097163
2026-04-14 06:15:00,4184435.14097163
2026-04-14 06:30:00,4184435.14097163
2026-04-14 06:45:00,4184435.14097163
2026-04-14 07:00:00,4184435.14097163
2026-04-14 07:15:00,4184435.14097163
2026-04-14 07:30:00,4184435.14097163
2026-04-14 07:45:00,4184435.14097163
2026-04-14 08:00:00,4184435.14097163
2026-04-14 08:15:00,4184435.14097163
2026-04-14 08:30:00,4184435.14097163
2026-04-14 08:45:00,4184435.14097163
2026-04-14 09:00:00,4184435.14097163
2026-04-14 09:15:00,4184435.14097163
2026-04-14 09:30:00,4184435.14097163
2026-04-14 09:45:00,4184435.14097163
2026-04-14 10:00:00,4184435.14097163
2026-04-14 10:15:00,4184435.14097163
2026-04-14 10:30:00,4184435.14097163
2026-04-14 10:45:00,4184435.14097163
2026-04-14 11:00:00,4184435.14097163
2026-04-14 11:15:00,4184435.14097163
2026-04-14 11:30:00,4184435.14097163
2026-04-14 11:45:00,4184435.14097163
2026-04-14 12:00:00,4184435.14097163
2026-04-14 12:15:00,4184435.14097163
2026-04-14 12:30:00,4184435.14097163
2026-04-14 12:45:00,4184435.14097163
2026-04-14 13:00:00,4184435.14097163
2026-04-14 13:15:00,4184435.14097163
2026-04-14 13:30:00,4184435.14097163
2026-04-14 13:45:00,4184435.14097163
2026-04-14 14:00:00,4184435.14097163
2026-04-14 14:15:00,4184435.14097163
2026-04-14 14:30:00,4184435.14097163
2026-04-14 14:45:00,4184435.14097163
2026-04-14 15:00:00,4184435.14097163
2026-04-14 15:15:00,4184435.14097163
2026-04-14 15:30:00,4184435.14097163
2026-04-14 15:45:00,4184435.14097163
2026-04-14 16:00:00,4184435.14097163
2026-04-14 16:15:00,4184435.14097163
2026-04-14 16:30:00,4184435.14097163
2026-04-14 16:45:00,4184435.14097163
2026-04-14 17:00:00,4184435.14097163
2026-04-14 17:15:00,4184435.14097163
2026-04-14 17:30:00,4184435.14097163
2026-04-14 17:45:00,4184435.14097163
2026-04-14 18:00:00,4184435.14097163
2026-04-14 18:15:00,4184435.14097163
2026-04-14 18:30:00,4184435.14097163
2026-04-14 18:45:00,4184435.14097163
2026-04-14 19:00:00,4184435.14097163
2026-04-14 19:15:00,4184435.14097163
2026-04-14 19:30:00,4184435.14097163
2026-04-14 19:45:00,4184435.14097163
2026-04-14 20:00:00,4184435.14097163
2026-04-14 20:15:00,4184435.14097163
2026-04-14 20:30:00,4184435.14097163
2026-04-14 20:45:00,4184435.14097163
2026-04-14 21:00:00,4184435.14097163
2026-04-14 21:15:00,4184435.14097163
2026-04-14 21:30:00,4184435.14097163
2026-04-14 21:45:00,4184435.14097163
2026-04-14 22:00:00,4184435.14097163
2026-04-14 22:15:00,4184435.14097163
2026-04-14 22:30:00,4184435.14097163
2026-04-14 22:45:00,4184435.14097163
2026-04-14 23:00:00,4184435.14097163
2026-04-14 23:15:00,4184435.14097163
2026-04-14 23:30:00,4184435.14097163
2026-04-14 23:45:00,4184435.14097163
2026-04-15 00:00:00,4184435.14097163
2026-04-15 00:15:00,4184435.14097163
2026-04-15 00:30:00,4184435.14097163
2026-04-15 00:45:00,4184435.14097163
2026-04-15 01:00:00,4184435.14097163
2026-04-15 01:15:00,4184435.14097163
2026-04-15 01:30:00,4184435.14097163
2026-04-15 01:45:00,4184435.14097163
2026-04-15 02:00:00,4184435.14097163
2026-04-15 02:15:00,4184435.14097163
2026-04-15 02:30:00,4184435.14097163
2026-04-15 02:45:00,4184435.14097163
2026-04-15 03:00:00,4184435.14097163
2026-04-15 03:15:00,4184435.14097163
2026-04-15 03:30:00,4184435.14097163
2026-04-15 03:45:00,4184435.14097163
2026-04-15 04:00:00,4184435.14097163
2026-04-15 04:15:00,4184435.14097163
2026-04-15 04:30:00,4184435.14097163
2026-04-15 04:45:00,4184435.14097163
2026-04-15 05:00:00,4184435.14097163
2026-04-15 05:15:00,4184435.14097163
2026-04-15 05:30:00,4184435.14097163
2026-04-15 05:45:00,4184435.14097163
2026-04-15 06:00:00,4184435.14097163
2026-04-15 06:15:00,4184435.14097163
2026-04-15 06:30:00,4184435.14097163
2026-04-15 06:45:00,4184435.14097163
2026-04-15 07:00:00,4184435.14097163
2026-04-15 07:15:00,4184435.14097163
2026-04-15 07:30:00,4184435.14097163
2026-04-15 07:45:00,4184435.14097163
2026-04-15 08:00:00,4184435.14097163
2026-04-15 08:15:00,4184435.14097163
2026-04-15 08:30:00,4184435.14097163
2026-04-15 08:45:00,4184435.14097163
2026-04-15 09:00:00,4184435.14097163
2026-04-15 09:15:00,4184435.14097163
2026-04-15 09:30:00,4184435.14097163
2026-04-15 09:45:00,4184435.14097163
2026-04-15 10:00:00,4184435.14097163
2026-04-15 10:15:00,4184435.14097163
2026-04-15 10:30:00,4184435.14097163
2026-04-15 10:45:00,4184435.14097163
2026-04-15 11:00:00,4184435.14097163
2026-04-15 11:15:00,4184435.14097163
2026-04-15 11:30:00,4184435.14097163
2026-04-15 11:45:00,4184435.14097163
2026-04-15 12:00:00,4184435.14097163
2026-04-15 12:15:00,4184435.14097163
2026-04-15 12:30:00,4184435.14097163
2026-04-15 12:45:00,4184435.14097163
2026-04-15 13:00:00,4184435.14097163
2026-04-15 13:15:00,4184435.14097163
2026-04-15 13:30:00,4184435.14097163
2026-04-15 13:45:00,4184435.14097163
2026-04-15 14:00:00,4184435.14097163
2026-04-15 14:15:00,4184435.14097163
2026-04-15 14:30:00,4184435.14097163
2026-04-15 14:45:00,4184435.14097163
2026-04-15 15:00:00,4184435.14097163
2026-04-15 15:15:00,4184435.14097163
2026-04-15 15:30:00,4184435.14097163
2026-04-15 15:45:00,4184435.14097163
2026-04-15 16:00:00,4184435.14097163
2026-04-15 16:15:00,4184435.14097163
2026-04-15 16:30:00,4184435.14097163
2026-04-15 16:45:00,4184435.14097163
2026-04-15 17:00:00,4184435.14097163
2026-04-15 17:15:00,4184435.14097163
2026-04-15 17:30:00,4184435.14097163
2026-04-15 17:45:00,4184435.14097163
2026-04-15 18:00:00,4184435.14097163
2026-04-15 18:15:00,4184435.14097163
2026-04-15 18:30:00,4184435.14097163
2026-04-15 18:45:00,4184435.14097163
2026-04-15 19:00:00,4184435.14097163
2026-04-15 19:15:00,4184435.14097163
2026-04-15 19:30:00,4184435.14097163
2026-04-15 19:45:00,4184435.14097163
2026-04-15 20:00:00,4184435.14097163
2026-04-15 20:15:00,4184435.14097163
2026-04-15 20:30:00,4184435.14097163
2026-04-15 20:45:00,4184435.14097163
2026-04-15 21:00:00,4184435.14097163
2026-04-15 21:15:00,4184435.14097163
2026-04-15 21:30:00,4184435.14097163
2026-04-15 21:45:00,4184435.14097163
2026-04-15 22:00:00,4184435.14097163
2026-04-15 22:15:00,4184435.14097163
2026-04-15 22:30:00,4184435.14097163
2026-04-15 22:45:00,4184435.14097163
2026-04-15 23:00:00,4184435.14097163
2026-04-15 23:15:00,4184435.14097163
2026-04-15 23:30:00,4184435.14097163
2026-04-15 23:45:00,4184435.14097163
2026-04-16 00:00:00,4184435.14097163
2026-04-16 00:15:00,4184435.14097163
2026-04-16 00:30:00,4184435.14097163
2026-04-16 00:45:00,4184435.14097163
2026-04-16 01:00:00,4184435.14097163
2026-04-16 01:15:00,4184435.14097163
2026-04-16 01:30:00,4184435.14097163
2026-04-16 01:45:00,4184435.14097163
2026-04-16 02:00:00,4184435.14097163
2026-04-16 02:15:00,4184435.14097163
2026-04-16 02:30:00,4184435.14097163
2026-04-16 02:45:00,4184435.14097163
2026-04-16 03:00:00,4184435.14097163
2026-04-16 03:15:00,4184435.14097163
2026-04-16 03:30:00,4184435.14097163
2026-04-16 03:45:00,4184435.14097163
2026-04-16 04:00:00,4184435.14097163
2026-04-16 04:15:00,4184435.14097163
2026-04-16 04:30:00,4184435.14097163
2026-04-16 04:45:00,4184435.14097163
2026-04-16 05:00:00,4184435.14097163
2026-04-16 05:15:00,4184435.14097163
2026-04-16 05:30:00,4184435.14097163
2026-04-16 05:45:00,4184435.14097163
2026-04-16 06:00:00,4184435.14097163
2026-04-16 06:15:00,4184435.14097163
2026-04-16 06:30:00,4184435.14097163
2026-04-16 06:45:00,4184435.14097163
2026-04-16 07:00:00,4184435.14097163
2026-04-16 07:15:00,4184435.14097163
2026-04-16 07:30:00,4184435.14097163
2026-04-16 07:45:00,4184435.14097163
2026-04-16 08:00:00,4184435.14097163
2026-04-16 08:15:00,4184435.14097163
2026-04-16 08:30:00,4184435.14097163
2026-04-16 08:45:00,4184435.14097163
2026-04-16 09:00:00,4184435.14097163
2026-04-16 09:15:00,4184435.14097163
2026-04-16 09:30:00,4184435.14097163
2026-04-16 09:45:00,4184435.14097163
2026-04-16 10:00:00,4184435.14097163
2026-04-16 10:15:00,4184435.14097163
2026-04-16 10:30:00,4184435.14097163
2026-04-16 10:45:00,4184435.14097163
2026-04-16 11:00:00,4184435.14097163
2026-04-16 11:15:00,4184435.14097163
2026-04-16 11:30:00,4184435.14097163
2026-04-16 11:45:00,4184435.14097163
2026-04-16 12:00:00,4184435.14097163
2026-04-16 12:15:00,4184435.14097163
2026-04-16 12:30:00,4184435.14097163
2026-04-16 12:45:00,4184435.14097163
2026-04-16 13:00:00,4184435.14097163
2026-04-16 13:15:00,4184435.14097163
2026-04-16 13:30:00,4184435.14097163
2026-04-16 13:45:00,4184435.14097163
2026-04-16 14:00:00,4184435.14097163
2026-04-16 14:15:00,4184435.14097163
2026-04-16 14:30:00,4184435.14097163
2026-04-16 14:45:00,4184435.14097163
2026-04-16 15:00:00,4184435.14097163
2026-04-16 15:15:00,4184435.14097163
2026-04-16 15:30:00,4184435.14097163
2026-04-16 15:45:00,4184435.14097163
2026-04-16 16:00:00,4184435.14097163
2026-04-16 16:15:00,4184435.14097163
2026-04-16 16:30:00,4184435.14097163
2026-04-16 16:45:00,4184435.14097163
2026-04-16 17:00:00,4184435.14097163
2026-04-16 17:15:00,4184435.14097163
2026-04-16 17:30:00,4184435.14097163
2026-04-16 17:45:00,4184435.14097163
2026-04-16 18:00:00,4184435.14097163
2026-04-16 18:15:00,4184435.14097163
2026-04-16 18:30:00,4184435.14097163
2026-04-16 18:45:00,4184435.14097163
2026-04-16 19:00:00,4184435.14097163
2026-04-16 19:15:00,4184435.14097163
2026-04-16 19:30:00,4184435.14097163
2026-04-16 19:45:00,4184435.14097163
2026-04-16 20:00:00,4184435.14097163
2026-04-16 20:15:00,4184435.14097163
2026-04-16 20:30:00,4184435.14097163
2026-04-16 20:45:00,4184435.14097163
2026-04-16 21:00:00,4184435.14097163
2026-04-16 21:15:00,4184435.14097163
2026-04-16 21:30:00,4184435.14097163
2026-04-16 21:45:00,4184435.14097163
2026-04-16 22:00:00,4184435.14097163
2026-04-16 22:15:00,4184435.14097163
2026-04-16 22:30:00,4184435.14097163
2026-04-16 22:45:00,4184435.14097163
2026-04-16 23:00:00,4184435.14097163
2026-04-16 23:15:00,4184435.14097163
2026-04-16 23:30:00,4184435.14097163
2026-04-16 23:45:00,4184435.14097163
2026-04-17 00:00:00,4184435.14097163
2026-04-17 00:15:00,4184435.14097163
2026-04-17 00:30:00,4184435.14097163
2026-04-17 00:45:00,4184435.14097163
2026-04-17 01:00:00,4184435.14097163
2026-04-17 01:15:00,4184435.14097163
2026-04-17 01:30:00,4184435.14097163
2026-04-17 01:45:00,4184435.14097163
2026-04-17 02:00:00,4184435.14097163
2026-04-17 02:15:00,4184435.14097163
2026-04-17 02:30:00,4184435.14097163
2026-04-17 02:45:00,4184435.14097163
2026-04-17 03:00:00,4184435.14097163
2026-04-17 03:15:00,4184435.14097163
2026-04-17 03:30:00,4184435.14097163
2026-04-17 03:45:00,4184435.14097163
2026-04-17 04:00:00,4184435.14097163
2026-04-17 04:15:00,4184435.14097163
2026-04-17 04:30:00,4184435.14097163
2026-04-17 04:45:00,4184435.14097163
2026-04-17 05:00:00,4184435.14097163
2026-04-17 05:15:00,4184435.14097163
2026-04-17 05:30:00,4184435.14097163
2026-04-17 05:45:00,4184435.14097163
2026-04-17 06:00:00,4184435.14097163
2026-04-17 06:15:00,4184435.14097163
2026-04-17 06:30:00,4184435.14097163
2026-04-17 06:45:00,4184435.14097163
2026-04-17 07:00:00,4184435.14097163
2026-04-17 07:15:00,4184435.14097163
2026-04-17 07:30:00,4184435.14097163
2026-04-17 07:45:00,4184435.14097163
2026-04-17 08:00:00,4184435.14097163
2026-04-17 08:15:00,4184435.14097163
2026-04-17 08:30:00,4184435.14097163
2026-04-17 08:45:00,4184435.14097163
2026-04-17 09:00:00,4184435.14097163
2026-04-17 09:15:00,4184435.14097163
2026-04-17 09:30:00,4184435.14097163
2026-04-17 09:45:00,4184435.14097163
2026-04-17 10:00:00,4184435.14097163
2026-04-17 10:15:00,4184435.14097163
2026-04-17 10:30:00,4184435.14097163
2026-04-17 10:45:00,4184435.14097163
2026-04-17 11:00:00,4184435.14097163
2026-04-17 11:15:00,4184435.14097163
2026-04-17 11:30:00,4184435.14097163
2026-04-17 11:45:00,4184435.14097163
2026-04-17 12:00:00,4184435.14097163
2026-04-17 12:15:00,4184435.14097163
2026-04-17 12:30:00,4184435.14097163
2026-04-17 12:45:00,4184435.14097163
2026-04-17 13:00:00,4184435.14097163
2026-04-17 13:15:00,4184435.14097163
2026-04-17 13:30:00,4184435.14097163
2026-04-17 13:45:00,4184435.14097163
2026-04-17 14:00:00,4184435.14097163
2026-04-17 14:15:00,4184435.14097163
2026-04-17 14:30:00,4184435.14097163
2026-04-17 14:45:00,4184435.14097163
2026-04-17 15:00:00,4184435.14097163
2026-04-17 15:15:00,4184435.14097163
2026-04-17 15:30:00,4184435.14097163
2026-04-17 15:45:00,4184435.14097163
2026-04-17 16:00:00,4184435.14097163
2026-04-17 16:15:00,4184435.14097163
2026-04-17 16:30:00,4184435.14097163
2026-04-17 16:45:00,4184435.14097163
2026-04-17 17:00:00,4184435.14097163
2026-04-17 17:15:00,4184435.14097163
2026-04-17 17:30:00,4184435.14097163
2026-04-17 17:45:00,4184435.14097163
2026-04-17 18:00:00,4184435.14097163
2026-04-17 18:15:00,4184435.14097163
2026-04-17 18:30:00,4184435.14097163
2026-04-17 18:45:00,4184435.14097163
2026-04-17 19:00:00,4184435.14097163
2026-04-17 19:15:00,4184435.14097163
2026-04-17 19:30:00,4184435.14097163
2026-04-17 19:45:00,4184435.14097163
2026-04-17 20:00:00,4184435.14097163
2026-04-17 20:15:00,4184435.14097163
2026-04-17 20:30:00,4184435.14097163
2026-04-17 20:45:00,4184435.14097163
2026-04-17 21:00:00,4184435.14097163
2026-04-17 21:15:00,4184435.14097163
2026-04-17 21:30:00,4184435.14097163
2026-04-17 21:45:00,4184435.14097163
2026-04-17 22:00:00,4184435.14097163
2026-04-17 22:15:00,4184435.14097163
2026-04-17 22:30:00,4184435.14097163
2026-04-17 22:45:00,4184435.14097163
2026-04-17 23:00:00,4184435.14097163
2026-04-17 23:15:00,4184435.14097163
2026-04-17 23:30:00,4184435.14097163
2026-04-17 23:45:00,4184435.14097163
2026-04-18 01:00:00,4184435.14097163
2026-04-18 01:15:00,4184435.14097163
2026-04-18 01:30:00,4184435.14097163
2026-04-18 01:45:00,4184435.14097163
2026-04-18 02:00:00,4184435.14097163
2026-04-18 02:15:00,4184435.14097163
2026-04-18 02:30:00,4184435.14097163
2026-04-18 02:45:00,4184435.14097163
2026-04-18 03:00:00,4184435.14097163
2026-04-18 03:15:00,4184435.14097163
2026-04-18 03:30:00,4184435.14097163
2026-04-18 03:45:00,4184435.14097163
2026-04-18 04:00:00,4184435.14097163
2026-04-18 04:15:00,4184435.14097163
2026-04-18 04:30:00,4184435.14097163
2026-04-18 04:45:00,4184435.14097163
2026-04-18 05:00:00,4184435.14097163
2026-04-18 05:15:00,4184435.14097163
2026-04-18 05:30:00,4184435.14097163
2026-04-18 05:45:00,4184435.14097163
2026-04-18 06:00:00,4184435.14097163
2026-04-18 06:15:00,4184435.14097163
2026-04-18 06:30:00,4184435.14097163
2026-04-18 06:45:00,4184435.14097163
2026-04-18 07:00:00,4184435.14097163
2026-04-18 07:15:00,4184435.14097163
2026-04-18 07:30:00,4184435.14097163
2026-04-18 07:45:00,4184435.14097163
2026-04-18 08:00:00,4184435.14097163
2026-04-18 08:15:00,4184435.14097163
2026-04-18 08:30:00,4184435.14097163
2026-04-18 08:45:00,4184435.14097163
2026-04-18 09:00:00,4184435.14097163
2026-04-18 09:15:00,4184435.14097163
2026-04-18 09:30:00,4184435.14097163
2026-04-18 09:45:00,4184435.14097163
2026-04-18 10:00:00,4184435.14097163
2026-04-18 10:15:00,4184435.14097163
2026-04-18 10:30:00,4184435.14097163
2026-04-18 10:45:00,4184435.14097163
2026-04-18 11:00:00,4184435.14097163
2026-04-18 11:15:00,4184435.14097163
2026-04-18 11:30:00,4184435.14097163
2026-04-18 11:45:00,4184435.14097163
2026-04-18 12:00:00,4184435.14097163
2026-04-18 12:15:00,4184435.14097163
2026-04-18 12:30:00,4184435.14097163
2026-04-18 12:45:00,4184435.14097163
2026-04-18 13:00:00,4184435.14097163
2026-04-18 13:15:00,4184435.14097163
2026-04-18 13:30:00,4184435.14097163
2026-04-18 13:45:00,4184435.14097163
2026-04-18 14:00:00,4184435.14097163
2026-04-18 14:15:00,4184435.14097163
2026-04-18 14:30:00,4184435.14097163
2026-04-18 14:45:00,4184435.14097163
2026-04-18 15:00:00,4184435.14097163
2026-04-18 15:15:00,4184435.14097163
2026-04-18 15:30:00,4184435.14097163
2026-04-18 15:45:00,4184435.14097163
2026-04-18 16:00:00,4184435.14097163
2026-04-18 16:15:00,4184435.14097163
2026-04-18 16:30:00,4184435.14097163
2026-04-18 16:45:00,4184435.14097163
2026-04-18 17:00:00,4184435.14097163
2026-04-18 17:15:00,4184435.14097163
2026-04-18 17:30:00,4184435.14097163
2026-04-18 17:45:00,4184435.14097163
2026-04-18 18:00:00,4184435.14097163
2026-04-18 18:15:00,4184435.14097163
2026-04-18 18:30:00,4184435.14097163
2026-04-18 18:45:00,4184435.14097163
2026-04-18 19:00:00,4184435.14097163
2026-04-18 19:15:00,4184435.14097163
2026-04-18 19:30:00,4184435.14097163
2026-04-18 19:45:00,4184435.14097163
2026-04-18 20:00:00,4184435.14097163
2026-04-18 20:15:00,4184435.14097163
2026-04-18 20:30:00,4184435.14097163
2026-04-18 20:45:00,4184435.14097163
2026-04-18 21:00:00,4184435.14097163
2026-04-18 21:15:00,4184435.14097163
2026-04-18 21:30:00,4184435.14097163
2026-04-18 21:45:00,4184435.14097163
2026-04-18 22:00:00,4184435.14097163
2026-04-18 22:15:00,4184435.14097163
2026-04-18 22:30:00,4184435.14097163
2026-04-18 22:45:00,4184435.14097163
2026-04-18 23:00:00,4184435.14097163
2026-04-18 23:15:00,4184435.14097163
2026-04-18 23:30:00,4184435.14097163
2026-04-18 23:45:00,4184435.14097163
2026-04-19 00:00:00,4184435.14097163
2026-04-19 00:15:00,4184435.14097163
2026-04-19 00:30:00,4184435.14097163
2026-04-19 00:45:00,4184435.14097163
2026-04-19 01:00:00,4184435.14097163
2026-04-19 01:15:00,4184435.14097163
2026-04-19 01:30:00,4184435.14097163
2026-04-19 01:45:00,4184435.14097163
2026-04-19 02:00:00,4184435.14097163
2026-04-19 02:15:00,4184435.14097163
2026-04-19 02:30:00,4184435.14097163
2026-04-19 02:45:00,4184435.14097163
2026-04-19 03:00:00,4184435.14097163
2026-04-19 03:15:00,4184435.14097163
2026-04-19 03:30:00,4184435.14097163
2026-04-19 03:45:00,4184435.14097163
2026-04-19 04:00:00,4184435.14097163
2026-04-19 04:15:00,4184435.14097163
2026-04-19 04:30:00,4184435.14097163
2026-04-19 04:45:00,4184435.14097163
2026-04-19 05:00:00,4184435.14097163
2026-04-19 05:15:00,4184435.14097163
2026-04-19 05:30:00,4184435.14097163
2026-04-19 05:45:00,4184435.14097163
2026-04-19 06:00:00,4184435.14097163
2026-04-19 06:15:00,4184435.14097163
2026-04-19 06:30:00,4184435.14097163
2026-04-19 06:45:00,4184435.14097163
2026-04-19 07:00:00,4184435.14097163
2026-04-19 07:15:00,4184435.14097163
2026-04-19 07:30:00,4184435.14097163
2026-04-19 07:45:00,4184435.14097163
2026-04-19 08:00:00,4184435.14097163
2026-04-19 08:15:00,4184435.14097163
2026-04-19 08:30:00,4184435.14097163
2026-04-19 08:45:00,4184435.14097163
2026-04-19 09:00:00,4184435.14097163
2026-04-19 09:15:00,4184435.14097163
2026-04-19 09:30:00,4184435.14097163
2026-04-19 09:45:00,4184435.14097163
2026-04-19 10:00:00,4184435.14097163
2026-04-19 10:15:00,4184435.14097163
2026-04-19 10:30:00,4184435.14097163
2026-04-19 10:45:00,4184435.14097163
2026-04-19 11:00:00,4184435.14097163
2026-04-19 11:15:00,4184435.14097163
2026-04-19 11:30:00,4184435.14097163
2026-04-19 11:45:00,4184435.14097163
2026-04-19 12:00:00,4184435.14097163
2026-04-19 12:15:00,4184435.14097163
2026-04-19 12:30:00,4184435.14097163
2026-04-19 12:45:00,4184435.14097163
2026-04-19 13:00:00,4184435.14097163
2026-04-19 13:15:00,4184435.14097163
2026-04-19 13:30:00,4184435.14097163
2026-04-19 13:45:00,4184435.14097163
2026-04-19 14:00:00,4184435.14097163
2026-04-19 14:15:00,4184435.14097163
2026-04-19 14:30:00,4184435.14097163
2026-04-19 14:45:00,4184435.14097163
2026-04-19 15:00:00,4184435.14097163
2026-04-19 15:15:00,4184435.14097163
2026-04-19 15:30:00,4184435.14097163
2026-04-19 15:45:00,4184435.14097163
2026-04-19 16:00:00,4184435.14097163
2026-04-19 16:15:00,4184435.14097163
2026-04-19 16:30:00,4184435.14097163
2026-04-19 16:45:00,4184435.14097163
2026-04-19 17:00:00,4184435.14097163
2026-04-19 17:15:00,4184435.14097163
2026-04-19 17:30:00,4184435.14097163
2026-04-19 17:45:00,4184435.14097163
2026-04-19 18:00:00,4184435.14097163
2026-04-19 18:15:00,4184435.14097163
2026-04-19 18:30:00,4184435.14097163
2026-04-19 18:45:00,4184435.14097163
2026-04-19 19:00:00,4184435.14097163
2026-04-19 19:15:00,4184435.14097163
2026-04-19 19:30:00,4184435.14097163
2026-04-19 19:45:00,4184435.14097163
2026-04-19 20:00:00,4184435.14097163
2026-04-19 20:15:00,4184435.14097163
2026-04-19 20:30:00,4184435.14097163
2026-04-19 20:45:00,4184435.14097163
2026-04-19 21:00:00,4184435.14097163
2026-04-19 21:15:00,4184435.14097163
2026-04-19 21:30:00,4184435.14097163
2026-04-19 21:45:00,4184435.14097163
2026-04-19 22:00:00,4184435.14097163
2026-04-19 22:15:00,4184435.14097163
2026-04-19 22:30:00,4184435.14097163
2026-04-19 22:45:00,4184435.14097163
2026-04-19 23:00:00,4184435.14097163
2026-04-19 23:15:00,4184435.14097163
2026-04-19 23:30:00,4184435.14097163
2026-04-19 23:45:00,4184435.14097163
2026-04-20 00:00:00,4184435.14097163
2026-04-20 00:15:00,4184435.14097163
2026-04-20 00:30:00,4184435.14097163
2026-04-20 00:45:00,4184435.14097163
2026-04-20 01:00:00,4184435.14097163
2026-04-20 01:15:00,4184435.14097163
2026-04-20 01:30:00,4184435.14097163
2026-04-20 01:45:00,4184435.14097163
2026-04-20 02:00:00,4184435.14097163
2026-04-20 02:15:00,4184435.14097163
2026-04-20 02:30:00,4184435.14097163
2026-04-20 02:45:00,4184435.14097163
2026-04-20 03:00:00,4184435.14097163
2026-04-20 03:15:00,4184435.14097163
2026-04-20 03:30:00,4184435.14097163
2026-04-20 03:45:00,4184435.14097163
2026-04-20 04:00:00,4184435.14097163
2026-04-20 04:15:00,4184435.14097163
2026-04-20 04:30:00,4184435.14097163
2026-04-20 04:45:00,4184435.14097163
2026-04-20 05:00:00,4184435.14097163
2026-04-20 05:15:00,4184435.14097163
2026-04-20 05:30:00,4184435.14097163
2026-04-20 05:45:00,4184435.14097163
2026-04-20 06:00:00,4184435.14097163
2026-04-20 06:15:00,4184435.14097163
2026-04-20 06:30:00,4184435.14097163
2026-04-20 06:45:00,4184435.14097163
2026-04-20 07:00:00,4184435.14097163
2026-04-20 07:15:00,4184435.14097163
2026-04-20 07:30:00,4184435.14097163
2026-04-20 07:45:00,4184435.14097163
2026-04-20 08:00:00,4184435.14097163
2026-04-20 08:15:00,4184435.14097163
2026-04-20 08:30:00,4184435.14097163
2026-04-20 08:45:00,4184435.14097163
2026-04-20 09:00:00,4184435.14097163
2026-04-20 09:15:00,4184435.14097163
2026-04-20 09:30:00,4184435.14097163
2026-04-20 09:45:00,4184435.14097163
2026-04-20 10:00:00,4184435.14097163
2026-04-20 10:15:00,4184435.14097163
2026-04-20 10:30:00,4184435.14097163
2026-04-20 10:45:00,4184435.14097163
2026-04-20 11:00:00,4184435.14097163
2026-04-20 11:15:00,4184435.14097163
2026-04-20 11:30:00,4184435.14097163
2026-04-20 11:45:00,4184435.14097163
2026-04-20 12:00:00,4184435.14097163
2026-04-20 12:15:00,4184435.14097163
2026-04-20 12:30:00,4184435.14097163
2026-04-20 12:45:00,4184435.14097163
2026-04-20 13:00:00,4184435.14097163
2026-04-20 13:15:00,4184435.14097163
2026-04-20 13:30:00,4184435.14097163
2026-04-20 13:45:00,4184435.14097163
2026-04-20 14:00:00,4184435.14097163
2026-04-20 14:15:00,4184435.14097163
2026-04-20 14:30:00,4184435.14097163
2026-04-20 14:45:00,4184435.14097163
2026-04-20 15:00:00,4184435.14097163
2026-04-20 15:15:00,4184435.14097163
2026-04-20 15:30:00,4184435.14097163
2026-04-20 15:45:00,4184435.14097163
2026-04-20 16:00:00,4184435.14097163
2026-04-20 16:15:00,4184435.14097163
2026-04-20 16:30:00,4184435.14097163
2026-04-20 16:45:00,4184435.14097163
2026-04-20 17:00:00,4184435.14097163
2026-04-20 17:15:00,4184435.14097163
2026-04-20 17:30:00,4184435.14097163
2026-04-20 17:45:00,4184435.14097163
2026-04-20 18:00:00,4184435.14097163
2026-04-20 18:15:00,4184435.14097163
2026-04-20 18:30:00,4184435.14097163
2026-04-20 18:45:00,4184435.14097163
2026-04-20 19:00:00,4184435.14097163
2026-04-20 19:15:00,4184435.14097163
2026-04-20 19:30:00,4184435.14097163
2026-04-20 19:45:00,4184435.14097163
2026-04-20 20:00:00,4184435.14097163
2026-04-20 20:15:00,4184435.14097163
2026-04-20 20:30:00,4184435.14097163
2026-04-20 20:45:00,4184435.14097163
2026-04-20 21:00:00,4184435.14097163
2026-04-20 21:15:00,4184435.14097163
2026-04-20 21:30:00,4184435.14097163
2026-04-20 21:45:00,4184435.14097163
2026-04-20 22:00:00,4184435.14097163
2026-04-20 22:15:00,4184435.14097163
2026-04-20 22:30:00,4184435.14097163
2026-04-20 22:45:00,4184435.14097163
2026-04-20 23:00:00,4184435.14097163
2026-04-20 23:15:00,4184435.14097163
2026-04-20 23:30:00,4184435.14097163
2026-04-20 23:45:00,4184435.14097163
2026-04-21 00:00:00,4184435.14097163
2026-04-21 00:15:00,4184435.14097163
2026-04-21 00:30:00,4184435.14097163
2026-04-21 00:45:00,4184435.14097163
2026-04-21 01:00:00,4184435.14097163
2026-04-21 01:15:00,4184435.14097163
2026-04-21 01:30:00,4184435.14097163
2026-04-21 01:45:00,4184435.14097163
2026-04-21 02:00:00,4184435.14097163
2026-04-21 02:15:00,4184435.14097163
2026-04-21 02:30:00,4184435.14097163
2026-04-21 02:45:00,4184435.14097163
2026-04-21 03:00:00,4184435.14097163
2026-04-21 03:15:00,4184435.14097163
2026-04-21 03:30:00,4184435.14097163
2026-04-21 03:45:00,4184435.14097163
2026-04-21 04:00:00,4184435.14097163
2026-04-21 04:15:00,4184435.14097163
2026-04-21 04:30:00,4184435.14097163
2026-04-21 04:45:00,4184435.14097163
2026-04-21 05:00:00,4184435.14097163
2026-04-21 05:15:00,4184435.14097163
2026-04-21 05:30:00,4184435.14097163
2026-04-21 05:45:00,4184435.14097163
2026-04-21 06:00:00,4184435.14097163
2026-04-21 06:15:00,4184435.14097163
2026-04-21 06:30:00,4184435.14097163
2026-04-21 06:45:00,4184435.14097163
2026-04-21 07:00:00,4184435.14097163
2026-04-21 07:15:00,4184435.14097163
2026-04-21 07:30:00,4184435.14097163
2026-04-21 07:45:00,4184435.14097163
2026-04-21 08:00:00,4184435.14097163
2026-04-21 08:15:00,4184435.14097163
2026-04-21 08:30:00,4184435.14097163
2026-04-21 08:45:00,4184435.14097163
2026-04-21 09:00:00,4184435.14097163
2026-04-21 09:15:00,4184435.14097163
2026-04-21 09:30:00,4184435.14097163
2026-04-21 09:45:00,4184435.14097163
2026-04-21 10:00:00,4184435.14097163
2026-04-21 10:15:00,4184435.14097163
2026-04-21 10:30:00,4184435.14097163
2026-04-21 10:45:00,4184435.14097163
2026-04-21 11:00:00,4184435.14097163
2026-04-21 11:15:00,4184435.14097163
2026-04-21 11:30:00,4184435.14097163
2026-04-21 11:45:00,4184435.14097163
2026-04-21 12:00:00,4184435.14097163
2026-04-21 12:15:00,4184435.14097163
2026-04-21 12:30:00,4184435.14097163
2026-04-21 12:45:00,4184435.14097163
2026-04-21 13:00:00,4184435.14097163
2026-04-21 13:15:00,4184435.14097163
2026-04-21 13:30:00,4184435.14097163
2026-04-21 13:45:00,4184435.14097163
2026-04-21 14:00:00,4184435.14097163
2026-04-21 14:15:00,4184435.14097163
2026-04-21 14:30:00,4184435.14097163
2026-04-21 14:45:00,4184435.14097163
2026-04-21 15:00:00,4184435.14097163
2026-04-21 15:15:00,4184435.14097163
2026-04-21 15:30:00,4184435.14097163
2026-04-21 15:45:00,4184435.14097163
2026-04-21 16:00:00,4184435.14097163
2026-04-21 16:15:00,4184435.14097163
2026-04-21 16:30:00,4184435.14097163
2026-04-21 16:45:00,4184435.14097163
2026-04-21 17:00:00,4184435.14097163
2026-04-21 17:15:00,4184435.14097163
2026-04-21 17:30:00,4184435.14097163
2026-04-21 17:45:00,4184435.14097163
2026-04-21 18:00:00,4184435.14097163
2026-04-21 18:15:00,4184435.14097163
2026-04-21 18:30:00,4184435.14097163
2026-04-21 18:45:00,4184435.14097163
2026-04-21 19:00:00,4184435.14097163
2026-04-21 19:15:00,4184435.14097163
2026-04-21 19:30:00,4184435.14097163
2026-04-21 19:45:00,4184435.14097163
2026-04-21 20:00:00,4184435.14097163
2026-04-21 20:15:00,4184435.14097163
2026-04-21 20:30:00,4184435.14097163
2026-04-21 20:45:00,4184435.14097163
2026-04-21 21:00:00,4184435.14097163
2026-04-21 21:15:00,4184435.14097163
2026-04-21 21:30:00,4184435.14097163
2026-04-21 21:45:00,4184435.14097163
2026-04-21 22:00:00,4184435.14097163
2026-04-21 22:15:00,4184435.14097163
2026-04-21 22:30:00,4184435.14097163
2026-04-21 22:45:00,4184435.14097163
2026-04-21 23:00:00,4184435.14097163
2026-04-21 23:15:00,4184435.14097163
2026-04-21 23:30:00,4184435.14097163
2026-04-21 23:45:00,4184435.14097163
2026-04-22 00:00:00,4184435.14097163
2026-04-22 00:15:00,4184435.14097163
2026-04-22 00:30:00,4184435.14097163
2026-04-22 00:45:00,4184435.14097163
2026-04-22 01:00:00,4184435.14097163
2026-04-22 01:15:00,4184435.14097163
2026-04-22 01:30:00,4184435.14097163
2026-04-22 01:45:00,4184435.14097163
2026-04-22 02:00:00,4184435.14097163
2026-04-22 02:15:00,4184435.14097163
2026-04-22 02:30:00,4184435.14097163
2026-04-22 02:45:00,4184435.14097163
2026-04-22 03:00:00,4184435.14097163
2026-04-22 03:15:00,4184435.14097163
2026-04-22 03:30:00,4184435.14097163
2026-04-22 03:45:00,4184435.14097163
2026-04-22 04:00:00,4184435.14097163
2026-04-22 04:15:00,4184435.14097163
2026-04-22 04:30:00,4184435.14097163
2026-04-22 04:45:00,4184435.14097163
2026-04-22 05:00:00,4184435.14097163
2026-04-22 05:15:00,4184435.14097163
2026-04-22 05:30:00,4184435.14097163
2026-04-22 05:45:00,4184435.14097163
2026-04-22 06:00:00,4184435.14097163
2026-04-22 06:15:00,4184435.14097163
2026-04-22 06:30:00,4184435.14097163
2026-04-22 06:45:00,4184435.14097163
2026-04-22 07:00:00,4184435.14097163
2026-04-22 07:15:00,4184435.14097163
2026-04-22 07:30:00,4184435.14097163
2026-04-22 07:45:00,4184435.14097163
2026-04-22 08:00:00,4184435.14097163
2026-04-22 08:15:00,4184435.14097163
2026-04-22 08:30:00,4184435.14097163
2026-04-22 08:45:00,4184435.14097163
2026-04-22 09:00:00,4184435.14097163
2026-04-22 09:15:00,4184435.14097163
2026-04-22 09:30:00,4184435.14097163
2026-04-22 09:45:00,4184435.14097163
2026-04-22 10:00:00,4184435.14097163
2026-04-22 10:15:00,4184435.14097163
2026-04-22 10:30:00,4184435.14097163
2026-04-22 10:45:00,4184435.14097163
2026-04-22 11:00:00,4184435.14097163
2026-04-22 11:15:00,4184435.14097163
2026-04-22 11:30:00,4184435.14097163
2026-04-22 11:45:00,4184435.14097163
2026-04-22 12:00:00,4184435.14097163
2026-04-22 12:15:00,4184435.14097163
2026-04-22 12:30:00,4184435.14097163
2026-04-22 12:45:00,4184435.14097163
2026-04-22 13:00:00,4184435.14097163
2026-04-22 13:15:00,4184435.14097163
2026-04-22 13:30:00,4184435.14097163
2026-04-22 13:45:00,4184435.14097163
2026-04-22 14:00:00,4184435.14097163
2026-04-22 14:15:00,4184435.14097163
2026-04-22 14:30:00,4184435.14097163
2026-04-22 14:45:00,4184435.14097163
2026-04-22 15:00:00,4184435.14097163
2026-04-22 15:15:00,4184435.14097163
2026-04-22 15:30:00,4184435.14097163
2026-04-22 15:45:00,4184435.14097163
2026-04-22 16:00:00,4184435.14097163
2026-04-22 16:15:00,4184435.14097163
2026-04-22 16:30:00,4184435.14097163
2026-04-22 16:45:00,4184435.14097163
2026-04-22 17:00:00,4184435.14097163
2026-04-22 17:15:00,4184435.14097163
2026-04-22 17:30:00,4184435.14097163
2026-04-22 17:45:00,4184435.14097163
2026-04-22 18:00:00,4184435.14097163
2026-04-22 18:15:00,4184435.14097163
2026-04-22 18:30:00,4184435.14097163
2026-04-22 18:45:00,4184435.14097163
2026-04-22 19:00:00,4184435.14097163
2026-04-22 19:15:00,4184435.14097163
2026-04-22 19:30:00,4184435.14097163
2026-04-22 19:45:00,4184435.14097163
2026-04-22 20:00:00,4184435.14097163
2026-04-22 20:15:00,4184435.14097163
2026-04-22 20:30:00,4184435.14097163
2026-04-22 20:45:00,4184435.14097163
2026-04-22 21:00:00,4184435.14097163
2026-04-22 21:15:00,4184435.14097163
2026-04-22 21:30:00,4184435.14097163
2026-04-22 21:45:00,4184435.14097163
2026-04-22 22:00:00,4184435.14097163
2026-04-22 22:15:00,4184435.14097163
2026-04-22 22:30:00,4184435.14097163
2026-04-22 22:45:00,4184435.14097163
2026-04-22 23:00:00,4184435.14097163
2026-04-22 23:15:00,4184435.14097163
2026-04-22 23:30:00,4184435.14097163
2026-04-22 23:45:00,4184435.14097163
2026-04-23 00:00:00,4184435.14097163
2026-04-23 00:15:00,4184435.14097163
2026-04-23 00:30:00,4184435.14097163
2026-04-23 00:45:00,4184435.14097163
2026-04-23 01:00:00,4184435.14097163
2026-04-23 01:15:00,4184435.14097163
2026-04-23 01:30:00,4184435.14097163
2026-04-23 01:45:00,4184435.14097163
2026-04-23 02:00:00,4184435.14097163
2026-04-23 02:15:00,4184435.14097163
2026-04-23 02:30:00,4184435.14097163
2026-04-23 02:45:00,4184435.14097163
2026-04-23 03:00:00,4184435.14097163
2026-04-23 03:15:00,4184435.14097163
2026-04-23 03:30:00,4184435.14097163
2026-04-23 03:45:00,4184435.14097163
2026-04-23 04:00:00,4184435.14097163
2026-04-23 04:15:00,4184435.14097163
2026-04-23 04:30:00,4184435.14097163
2026-04-23 04:45:00,4184435.14097163
2026-04-23 05:00:00,4184435.14097163
2026-04-23 05:15:00,4184435.14097163
2026-04-23 05:30:00,4184435.14097163
2026-04-23 05:45:00,4184435.14097163
2026-04-23 06:00:00,4184435.14097163
2026-04-23 06:15:00,4184435.14097163
2026-04-23 06:30:00,4184435.14097163
2026-04-23 06:45:00,4184435.14097163
2026-04-23 07:00:00,4184435.14097163
2026-04-23 07:15:00,4184435.14097163
2026-04-23 07:30:00,4184435.14097163
2026-04-23 07:45:00,4184435.14097163
2026-04-23 08:00:00,4184435.14097163
2026-04-23 08:15:00,4184435.14097163
2026-04-23 08:30:00,4184435.14097163
2026-04-23 08:45:00,4184435.14097163
2026-04-23 09:00:00,4184435.14097163
2026-04-23 09:15:00,4184435.14097163
2026-04-23 09:30:00,4184435.14097163
2026-04-23 09:45:00,4184435.14097163
2026-04-23 10:00:00,4184435.14097163
2026-04-23 10:15:00,4184435.14097163
2026-04-23 10:30:00,4184435.14097163
2026-04-23 10:45:00,4184435.14097163
2026-04-23 11:00:00,4184435.14097163
2026-04-23 11:15:00,4184435.14097163
2026-04-23 11:30:00,4184435.14097163
2026-04-23 11:45:00,4184435.14097163
2026-04-23 12:00:00,4184435.14097163
2026-04-23 12:15:00,4184435.14097163
2026-04-23 12:30:00,4184435.14097163
2026-04-23 12:45:00,4184435.14097163
2026-04-23 13:00:00,4184435.14097163
2026-04-23 13:15:00,4184435.14097163
2026-04-23 13:30:00,4184435.14097163
2026-04-23 13:45:00,4184435.14097163
2026-04-23 14:00:00,4184435.14097163
2026-04-23 14:15:00,4184435.14097163
2026-04-23 14:30:00,4184435.14097163
2026-04-23 14:45:00,4184435.14097163
2026-04-23 15:00:00,4184435.14097163
2026-04-23 15:15:00,4184435.14097163
2026-04-23 15:30:00,4184435.14097163
2026-04-23 15:45:00,4184435.14097163
2026-04-23 16:00:00,4184435.14097163
2026-04-23 16:15:00,4184435.14097163
2026-04-23 16:30:00,4184435.14097163
2026-04-23 16:45:00,4184435.14097163
2026-04-23 17:00:00,4184435.14097163
2026-04-23 17:15:00,4184435.14097163
2026-04-23 17:30:00,4184435.14097163
2026-04-23 17:45:00,4184435.14097163
2026-04-23 18:00:00,4184435.14097163
2026-04-23 18:15:00,4184435.14097163
2026-04-23 18:30:00,4184435.14097163
2026-04-23 18:45:00,4184435.14097163
2026-04-23 19:00:00,4184435.14097163
2026-04-23 19:15:00,4184435.14097163
2026-04-23 19:30:00,4184435.14097163
2026-04-23 19:45:00,4184435.14097163
2026-04-23 20:00:00,4184435.14097163
2026-04-23 20:15:00,4184435.14097163
2026-04-23 20:30:00,4184435.14097163
2026-04-23 20:45:00,4184435.14097163
2026-04-23 21:00:00,4184435.14097163
2026-04-23 21:15:00,4184435.14097163
2026-04-23 21:30:00,4184435.14097163
2026-04-23 21:45:00,4184435.14097163
2026-04-23 22:00:00,4184435.14097163
2026-04-23 22:15:00,4184435.14097163
2026-04-23 22:30:00,4184435.14097163
2026-04-23 22:45:00,4184435.14097163
2026-04-23 23:00:00,4184435.14097163
2026-04-23 23:15:00,4184435.14097163
2026-04-23 23:30:00,4184435.14097163
2026-04-23 23:45:00,4184435.14097163
2026-04-24 00:00:00,4184435.14097163
2026-04-24 00:15:00,4184435.14097163
2026-04-24 00:30:00,4184435.14097163
2026-04-24 00:45:00,4184435.14097163
2026-04-24 01:00:00,4184435.14097163
2026-04-24 01:15:00,4184435.14097163
2026-04-24 01:30:00,4184435.14097163
2026-04-24 01:45:00,4184435.14097163
2026-04-24 02:00:00,4184435.14097163
2026-04-24 02:15:00,4184435.14097163
2026-04-24 02:30:00,4184435.14097163
2026-04-24 02:45:00,4184435.14097163
2026-04-24 03:00:00,4184435.14097163
2026-04-24 03:15:00,4184435.14097163
2026-04-24 03:30:00,4184435.14097163
2026-04-24 03:45:00,4184435.14097163
2026-04-24 04:00:00,4184435.14097163
2026-04-24 04:15:00,4184435.14097163
2026-04-24 04:30:00,4184435.14097163
2026-04-24 04:45:00,4184435.14097163
2026-04-24 05:00:00,4184435.14097163
2026-04-24 05:15:00,4184435.14097163
2026-04-24 05:30:00,4184435.14097163
2026-04-24 05:45:00,4184435.14097163
2026-04-24 06:00:00,4184435.14097163
2026-04-24 06:15:00,4184435.14097163
2026-04-24 06:30:00,4184435.14097163
2026-04-24 06:45:00,4184435.14097163
2026-04-24 07:00:00,4184435.14097163
2026-04-24 07:15:00,4184435.14097163
2026-04-24 07:30:00,4184435.14097163
2026-04-24 07:45:00,4184435.14097163
2026-04-24 08:00:00,4184435.14097163
2026-04-24 08:15:00,4184435.14097163
2026-04-24 08:30:00,4184435.14097163
2026-04-24 08:45:00,4184435.14097163
2026-04-24 09:00:00,4184435.14097163
2026-04-24 09:15:00,4184435.14097163
2026-04-24 09:30:00,4184435.14097163
2026-04-24 09:45:00,4184435.14097163
2026-04-24 10:00:00,4184435.14097163
2026-04-24 10:15:00,4184435.14097163
2026-04-24 10:30:00,4184435.14097163
2026-04-24 10:45:00,4184435.14097163
2026-04-24 11:00:00,4184435.14097163
2026-04-24 11:15:00,4184435.14097163
2026-04-24 11:30:00,4184435.14097163
2026-04-24 11:45:00,4184435.14097163
2026-04-24 12:00:00,4184435.14097163
2026-04-24 12:15:00,4184435.14097163
2026-04-24 12:30:00,4184435.14097163
2026-04-24 12:45:00,4184435.14097163
2026-04-24 13:00:00,4184435.14097163
2026-04-24 13:15:00,4184435.14097163
2026-04-24 13:30:00,4184435.14097163
2026-04-24 13:45:00,4184435.14097163
2026-04-24 14:00:00,4184435.14097163
2026-04-24 14:15:00,4184435.14097163
2026-04-24 14:30:00,4184435.14097163
2026-04-24 14:45:00,4184435.14097163
2026-04-24 15:00:00,4184435.14097163
2026-04-24 15:15:00,4184435.14097163
2026-04-24 15:30:00,4184435.14097163
2026-04-24 15:45:00,4184435.14097163
2026-04-24 16:00:00,4184435.14097163
2026-04-24 16:15:00,4184435.14097163
2026-04-24 16:30:00,4184435.14097163
2026-04-24 16:45:00,4184435.14097163
2026-04-24 17:00:00,4184435.14097163
2026-04-24 17:15:00,4184435.14097163
2026-04-24 17:30:00,4184435.14097163
2026-04-24 17:45:00,4184435.14097163
2026-04-24 18:00:00,4184435.14097163
2026-04-24 18:15:00,4184435.14097163
2026-04-24 18:30:00,4184435.14097163
2026-04-24 18:45:00,4184435.14097163
2026-04-24 19:00:00,4184435.14097163
2026-04-24 19:15:00,4184435.14097163
2026-04-24 19:30:00,4184435.14097163
2026-04-24 19:45:00,4184435.14097163
2026-04-24 20:00:00,4184435.14097163
2026-04-24 20:15:00,4184435.14097163
2026-04-24 20:30:00,4184435.14097163
2026-04-24 20:45:00,4184435.14097163
2026-04-24 21:00:00,4184435.14097163
2026-04-24 21:15:00,4184435.14097163
2026-04-24 21:30:00,4184435.14097163
2026-04-24 21:45:00,4184435.14097163
2026-04-24 22:00:00,4184435.14097163
2026-04-24 22:15:00,4184435.14097163
2026-04-24 22:30:00,4184435.14097163
2026-04-24 22:45:00,4184435.14097163
2026-04-24 23:00:00,4184435.14097163
2026-04-24 23:15:00,4184435.14097163
2026-04-24 23:30:00,4184435.14097163
2026-04-24 23:45:00,4184435.14097163
2026-04-25 01:00:00,4184435.14097163
2026-04-25 01:15:00,4184435.14097163
2026-04-25 01:30:00,4184435.14097163
2026-04-25 01:45:00,4184435.14097163
2026-04-25 02:00:00,4184435.14097163
2026-04-25 02:15:00,4184435.14097163
2026-04-25 02:30:00,4184435.14097163
2026-04-25 02:45:00,4184435.14097163
2026-04-25 03:00:00,4184435.14097163
2026-04-25 03:15:00,4184435.14097163
2026-04-25 03:30:00,4184435.14097163
2026-04-25 03:45:00,4184435.14097163
2026-04-25 04:00:00,4184435.14097163
2026-04-25 04:15:00,4184435.14097163
2026-04-25 04:30:00,4184435.14097163
2026-04-25 04:45:00,4184435.14097163
2026-04-25 05:00:00,4184435.14097163
2026-04-25 05:15:00,4184435.14097163
2026-04-25 05:30:00,4184435.14097163
2026-04-25 05:45:00,4184435.14097163
2026-04-25 06:00:00,4184435.14097163
2026-04-25 06:15:00,4184435.14097163
2026-04-25 06:30:00,4184435.14097163
2026-04-25 06:45:00,4184435.14097163
2026-04-25 07:00:00,4184435.14097163
2026-04-25 07:15:00,4184435.14097163
2026-04-25 07:30:00,4184435.14097163
2026-04-25 07:45:00,4184435.14097163
2026-04-25 08:00:00,4184435.14097163
2026-04-25 08:15:00,4184435.14097163
2026-04-25 08:30:00,4184435.14097163
2026-04-25 08:45:00,4184435.14097163
2026-04-25 09:00:00,4184435.14097163
2026-04-25 09:15:00,4184435.14097163
2026-04-25 09:30:00,4184435.14097163
2026-04-25 09:45:00,4184435.14097163
2026-04-25 10:00:00,4184435.14097163
2026-04-25 10:15:00,4184435.14097163
2026-04-25 10:30:00,4184435.14097163
2026-04-25 10:45:00,4184435.14097163
2026-04-25 11:00:00,4184435.14097163
2026-04-25 11:15:00,4184435.14097163
2026-04-25 11:30:00,4184435.14097163
2026-04-25 11:45:00,4184435.14097163
2026-04-25 12:00:00,4184435.14097163
2026-04-25 12:15:00,4184435.14097163
2026-04-25 12:30:00,4184435.14097163
2026-04-25 12:45:00,4184435.14097163
2026-04-25 13:00:00,4184435.14097163
2026-04-25 13:15:00,4184435.14097163
2026-04-25 13:30:00,4184435.14097163
2026-04-25 13:45:00,4184435.14097163
2026-04-25 14:00:00,4184435.14097163
2026-04-25 14:15:00,4184435.14097163
2026-04-25 14:30:00,4184435.14097163
2026-04-25 14:45:00,4184435.14097163
2026-04-25 15:00:00,4184435.14097163
2026-04-25 15:15:00,4184435.14097163
2026-04-25 15:30:00,4184435.14097163
2026-04-25 15:45:00,4184435.14097163
2026-04-25 16:00:00,4184435.14097163
2026-04-25 16:15:00,4184435.14097163
2026-04-25 16:30:00,4184435.14097163
2026-04-25 16:45:00,4184435.14097163
2026-04-25 17:00:00,4184435.14097163
2026-04-25 17:15:00,4184435.14097163
2026-04-25 17:30:00,4184435.14097163
2026-04-25 17:45:00,4184435.14097163
2026-04-25 18:00:00,4184435.14097163
2026-04-25 18:15:00,4184435.14097163
2026-04-25 18:30:00,4184435.14097163
2026-04-25 18:45:00,4184435.14097163
2026-04-25 19:00:00,4184435.14097163
2026-04-25 19:15:00,4184435.14097163
2026-04-25 19:30:00,4184435.14097163
2026-04-25 19:45:00,4184435.14097163
2026-04-25 20:00:00,4184435.14097163
2026-04-25 20:15:00,4184435.14097163
2026-04-25 20:30:00,4184435.14097163
2026-04-25 20:45:00,4184435.14097163
2026-04-25 21:00:00,4184435.14097163
2026-04-25 21:15:00,4184435.14097163
2026-04-25 21:30:00,4184435.14097163
2026-04-25 21:45:00,4184435.14097163
2026-04-25 22:00:00,4184435.14097163
2026-04-25 22:15:00,4184435.14097163
2026-04-25 22:30:00,4184435.14097163
2026-04-25 22:45:00,4184435.14097163
2026-04-25 23:00:00,4184435.14097163
2026-04-25 23:15:00,4184435.14097163
2026-04-25 23:30:00,4184435.14097163
2026-04-25 23:45:00,4184435.14097163
2026-04-26 00:00:00,4184435.14097163
2026-04-26 00:15:00,4184435.14097163
2026-04-26 00:30:00,4184435.14097163
2026-04-26 00:45:00,4184435.14097163
2026-04-26 01:00:00,4184435.14097163
2026-04-26 01:15:00,4184435.14097163
2026-04-26 01:30:00,4184435.14097163
2026-04-26 01:45:00,4184435.14097163
2026-04-26 02:00:00,4184435.14097163
2026-04-26 02:15:00,4184435.14097163
2026-04-26 02:30:00,4184435.14097163
2026-04-26 02:45:00,4184435.14097163
2026-04-26 03:00:00,4184435.14097163
2026-04-26 03:15:00,4184435.14097163
2026-04-26 03:30:00,4184435.14097163
2026-04-26 03:45:00,4184435.14097163
2026-04-26 04:00:00,4184435.14097163
2026-04-26 04:15:00,4184435.14097163
2026-04-26 04:30:00,4184435.14097163
2026-04-26 04:45:00,4184435.14097163
2026-04-26 05:00:00,4184435.14097163
2026-04-26 05:15:00,4184435.14097163
2026-04-26 05:30:00,4184435.14097163
2026-04-26 05:45:00,4184435.14097163
2026-04-26 06:00:00,4184435.14097163
2026-04-26 06:15:00,4184435.14097163
2026-04-26 06:30:00,4184435.14097163
2026-04-26 06:45:00,4184435.14097163
2026-04-26 07:00:00,4184435.14097163
2026-04-26 07:15:00,4184435.14097163
2026-04-26 07:30:00,4184435.14097163
2026-04-26 07:45:00,4184435.14097163
2026-04-26 08:00:00,4184435.14097163
2026-04-26 08:15:00,4184435.14097163
2026-04-26 08:30:00,4184435.14097163
2026-04-26 08:45:00,4184435.14097163
2026-04-26 09:00:00,4184435.14097163
2026-04-26 09:15:00,4184435.14097163
2026-04-26 09:30:00,4184435.14097163
2026-04-26 09:45:00,4184435.14097163
2026-04-26 10:00:00,4184435.14097163
2026-04-26 10:15:00,4184435.14097163
2026-04-26 10:30:00,4184435.14097163
2026-04-26 10:45:00,4184435.14097163
2026-04-26 11:00:00,4184435.14097163
2026-04-26 11:15:00,4184435.14097163
2026-04-26 11:30:00,4184435.14097163
2026-04-26 11:45:00,4184435.14097163
2026-04-26 12:00:00,4184435.14097163
2026-04-26 12:15:00,4184435.14097163
2026-04-26 12:30:00,4184435.14097163
2026-04-26 12:45:00,4184435.14097163
2026-04-26 13:00:00,4184435.14097163
2026-04-26 13:15:00,4184435.14097163
2026-04-26 13:30:00,4184435.14097163
2026-04-26 13:45:00,4184435.14097163
2026-04-26 14:00:00,4184435.14097163
2026-04-26 14:15:00,4184435.14097163
2026-04-26 14:30:00,4184435.14097163
2026-04-26 14:45:00,4184435.14097163
2026-04-26 15:00:00,4184435.14097163
2026-04-26 15:15:00,4184435.14097163
2026-04-26 15:30:00,4184435.14097163
2026-04-26 15:45:00,4184435.14097163
2026-04-26 16:00:00,4184435.14097163
2026-04-26 16:15:00,4184435.14097163
2026-04-26 16:30:00,4184435.14097163
2026-04-26 16:45:00,4184435.14097163
2026-04-26 17:00:00,4184435.14097163
2026-04-26 17:15:00,4184435.14097163
2026-04-26 17:30:00,4184435.14097163
2026-04-26 17:45:00,4184435.14097163
2026-04-26 18:00:00,4184435.14097163
2026-04-26 18:15:00,4184435.14097163
2026-04-26 18:30:00,4184435.14097163
2026-04-26 18:45:00,4184435.14097163
2026-04-26 19:00:00,4184435.14097163
2026-04-26 19:15:00,4184435.14097163
2026-04-26 19:30:00,4184435.14097163
2026-04-26 19:45:00,4184435.14097163
2026-04-26 20:00:00,4184435.14097163
2026-04-26 20:15:00,4184435.14097163
2026-04-26 20:30:00,4184435.14097163
2026-04-26 20:45:00,4184435.14097163
2026-04-26 21:00:00,4184435.14097163
2026-04-26 21:15:00,4184435.14097163
2026-04-26 21:30:00,4184435.14097163
2026-04-26 21:45:00,4184435.14097163
2026-04-26 22:00:00,4184435.14097163
2026-04-26 22:15:00,4184435.14097163
2026-04-26 22:30:00,4184435.14097163
2026-04-26 22:45:00,4184435.14097163
2026-04-26 23:00:00,4184435.14097163
2026-04-26 23:15:00,4184435.14097163
2026-04-26 23:30:00,4184435.14097163
2026-04-26 23:45:00,4184435.14097163
2026-04-27 00:00:00,4184435.14097163
2026-04-27 00:15:00,4184435.14097163
2026-04-27 00:30:00,4184435.14097163
2026-04-27 00:45:00,4184435.14097163
2026-04-27 01:00:00,4184435.14097163
2026-04-27 01:15:00,4184435.14097163
2026-04-27 01:30:00,4184435.14097163
2026-04-27 01:45:00,4184435.14097163
2026-04-27 02:00:00,4184435.14097163
2026-04-27 02:15:00,4184435.14097163
2026-04-27 02:30:00,4184435.14097163
2026-04-27 02:45:00,4184435.14097163
2026-04-27 03:00:00,4184435.14097163
2026-04-27 03:15:00,4184435.14097163
2026-04-27 03:30:00,4184435.14097163
2026-04-27 03:45:00,4184435.14097163
2026-04-27 04:00:00,4184435.14097163
2026-04-27 04:15:00,4184435.14097163
2026-04-27 04:30:00,4184435.14097163
2026-04-27 04:45:00,4184435.14097163
2026-04-27 05:00:00,4184435.14097163
2026-04-27 05:15:00,4184435.14097163
2026-04-27 05:30:00,4184435.14097163
2026-04-27 05:45:00,4184435.14097163
2026-04-27 06:00:00,4184435.14097163
2026-04-27 06:15:00,4184435.14097163
2026-04-27 06:30:00,4184435.14097163
2026-04-27 06:45:00,4184435.14097163
2026-04-27 07:00:00,4184435.14097163
2026-04-27 07:15:00,4184435.14097163
2026-04-27 07:30:00,4184435.14097163
2026-04-27 07:45:00,4184435.14097163
2026-04-27 08:00:00,4184435.14097163
2026-04-27 08:15:00,4184435.14097163
2026-04-27 08:30:00,4184435.14097163
2026-04-27 08:45:00,4184435.14097163
2026-04-27 09:00:00,4184435.14097163
2026-04-27 09:15:00,4184435.14097163
2026-04-27 09:30:00,4184435.14097163
2026-04-27 09:45:00,4184435.14097163
2026-04-27 10:00:00,4184435.14097163
2026-04-27 10:15:00,4184435.14097163
2026-04-27 10:30:00,4184435.14097163
2026-04-27 10:45:00,4184435.14097163
2026-04-27 11:00:00,4184435.14097163
2026-04-27 11:15:00,4184435.14097163
2026-04-27 11:30:00,4184435.14097163
2026-04-27 11:45:00,4184435.14097163
2026-04-27 12:00:00,4184435.14097163
2026-04-27 12:15:00,4184435.14097163
2026-04-27 12:30:00,4184435.14097163
2026-04-27 12:45:00,4184435.14097163
2026-04-27 13:00:00,4184435.14097163
2026-04-27 13:15:00,4184435.14097163
2026-04-27 13:30:00,4184435.14097163
2026-04-27 13:45:00,4184435.14097163
2026-04-27 14:00:00,4184435.14097163
2026-04-27 14:15:00,4184435.14097163
2026-04-27 14:30:00,4184435.14097163
2026-04-27 14:45:00,4184435.14097163
2026-04-27 15:00:00,4184435.14097163
2026-04-27 15:15:00,4184435.14097163
2026-04-27 15:30:00,4184435.14097163
2026-04-27 15:45:00,4184435.14097163
2026-04-27 16:00:00,4184435.14097163
2026-04-27 16:15:00,4184435.14097163
2026-04-27 16:30:00,4184435.14097163
2026-04-27 16:45:00,4184435.14097163
2026-04-27 17:00:00,4184435.14097163
2026-04-27 17:15:00,4184435.14097163
2026-04-27 17:30:00,4184435.14097163
2026-04-27 17:45:00,4184435.14097163
2026-04-27 18:00:00,4184435.14097163
2026-04-27 18:15:00,4184435.14097163
2026-04-27 18:30:00,4184435.14097163
2026-04-27 18:45:00,4184435.14097163
2026-04-27 19:00:00,4184435.14097163
2026-04-27 19:15:00,4184435.14097163
2026-04-27 19:30:00,4184435.14097163
2026-04-27 19:45:00,4184435.14097163
2026-04-27 20:00:00,4184435.14097163
2026-04-27 20:15:00,4184435.14097163
2026-04-27 20:30:00,4184435.14097163
2026-04-27 20:45:00,4184435.14097163
2026-04-27 21:00:00,4184435.14097163
2026-04-27 21:15:00,4184435.14097163
2026-04-27 21:30:00,4184435.14097163
2026-04-27 21:45:00,4184435.14097163
2026-04-27 22:00:00,4184435.14097163
2026-04-27 22:15:00,4184435.14097163
2026-04-27 22:30:00,4184435.14097163
2026-04-27 22:45:00,4184435.14097163
2026-04-27 23:00:00,4184435.14097163
2026-04-27 23:15:00,4184435.14097163
2026-04-27 23:30:00,4184435.14097163
2026-04-27 23:45:00,4184435.14097163
2026-04-28 00:00:00,4184435.14097163
2026-04-28 00:15:00,4184435.14097163
2026-04-28 00:30:00,4184435.14097163
2026-04-28 00:45:00,4184435.14097163
2026-04-28 01:00:00,4184435.14097163
2026-04-28 01:15:00,4184435.14097163
2026-04-28 01:30:00,4184435.14097163
2026-04-28 01:45:00,4184435.14097163
2026-04-28 02:00:00,4184435.14097163
2026-04-28 02:15:00,4184435.14097163
2026-04-28 02:30:00,4184435.14097163
2026-04-28 02:45:00,4184435.14097163
2026-04-28 03:00:00,4184435.14097163
2026-04-28 03:15:00,4184435.14097163
2026-04-28 03:30:00,4184435.14097163
2026-04-28 03:45:00,4184435.14097163
2026-04-28 04:00:00,4184435.14097163
2026-04-28 04:15:00,4184435.14097163
2026-04-28 04:30:00,4184435.14097163
2026-04-28 04:45:00,4184435.14097163
2026-04-28 05:00:00,4184435.14097163
2026-04-28 05:15:00,4184435.14097163
2026-04-28 05:30:00,4184435.14097163
2026-04-28 05:45:00,4184435.14097163
2026-04-28 06:00:00,4184435.14097163
2026-04-28 06:15:00,4184435.14097163
2026-04-28 06:30:00,4184435.14097163
2026-04-28 06:45:00,4184435.14097163
2026-04-28 07:00:00,4184435.14097163
2026-04-28 07:15:00,4184435.14097163
2026-04-28 07:30:00,4184435.14097163
2026-04-28 07:45:00,4184435.14097163
2026-04-28 08:00:00,4184435.14097163
2026-04-28 08:15:00,4184435.14097163
2026-04-28 08:30:00,4184435.14097163
2026-04-28 08:45:00,4184435.14097163
2026-04-28 09:00:00,4184435.14097163
2026-04-28 09:15:00,4184435.14097163
2026-04-28 09:30:00,4184435.14097163
2026-04-28 09:45:00,4184435.14097163
2026-04-28 10:00:00,4184435.14097163
2026-04-28 10:15:00,4184435.14097163
2026-04-28 10:30:00,4184435.14097163
2026-04-28 10:45:00,4184435.14097163
2026-04-28 11:00:00,4184435.14097163
2026-04-28 11:15:00,4184435.14097163
2026-04-28 11:30:00,4184435.14097163
2026-04-28 11:45:00,4184435.14097163
2026-04-28 12:00:00,4184435.14097163
2026-04-28 12:15:00,4184435.14097163
2026-04-28 12:30:00,4184435.14097163
2026-04-28 12:45:00,4184435.14097163
2026-04-28 13:00:00,4184435.14097163
2026-04-28 13:15:00,4184435.14097163
2026-04-28 13:30:00,4184435.14097163
2026-04-28 13:45:00,4184435.14097163
2026-04-28 14:00:00,4184435.14097163
2026-04-28 14:15:00,4184435.14097163
2026-04-28 14:30:00,4184435.14097163
2026-04-28 14:45:00,4184435.14097163
2026-04-28 15:00:00,4184435.14097163
2026-04-28 15:15:00,4184435.14097163
2026-04-28 15:30:00,4184435.14097163
2026-04-28 15:45:00,4184435.14097163
2026-04-28 16:00:00,4184435.14097163
2026-04-28 16:15:00,4184435.14097163
2026-04-28 16:30:00,4184435.14097163
2026-04-28 16:45:00,4184435.14097163
2026-04-28 17:00:00,4184435.14097163
2026-04-28 17:15:00,4184435.14097163
2026-04-28 17:30:00,4184435.14097163
2026-04-28 17:45:00,4184435.14097163
2026-04-28 18:00:00,4184435.14097163
2026-04-28 18:15:00,4184435.14097163
2026-04-28 18:30:00,4184435.14097163
2026-04-28 18:45:00,4184435.14097163
2026-04-28 19:00:00,4184435.14097163
2026-04-28 19:15:00,4184435.14097163
2026-04-28 19:30:00,4184435.14097163
2026-04-28 19:45:00,4184435.14097163
2026-04-28 20:00:00,4184435.14097163
2026-04-28 20:15:00,4184435.14097163
2026-04-28 20:30:00,4184435.14097163
2026-04-28 20:45:00,4184435.14097163
2026-04-28 21:00:00,4184435.14097163
2026-04-28 21:15:00,4184435.14097163
2026-04-28 21:30:00,4184435.14097163
2026-04-28 21:45:00,4184435.14097163
2026-04-28 22:00:00,4184435.14097163
2026-04-28 22:15:00,4184435.14097163
2026-04-28 22:30:00,4184435.14097163
2026-04-28 22:45:00,4184435.14097163
2026-04-28 23:00:00,4184435.14097163
2026-04-28 23:15:00,4184435.14097163
2026-04-28 23:30:00,4184435.14097163
2026-04-28 23:45:00,4184435.14097163
2026-04-29 00:00:00,4184435.14097163
2026-04-29 00:15:00,4184435.14097163
2026-04-29 00:30:00,4184435.14097163
2026-04-29 00:45:00,4184435.14097163
2026-04-29 01:00:00,4184435.14097163
2026-04-29 01:15:00,4184435.14097163
2026-04-29 01:30:00,4184435.14097163
2026-04-29 01:45:00,4184435.14097163
2026-04-29 02:00:00,4184435.14097163
2026-04-29 02:15:00,4184435.14097163
2026-04-29 02:30:00,4184435.14097163
2026-04-29 02:45:00,4184435.14097163
2026-04-29 03:00:00,4184435.14097163
2026-04-29 03:15:00,4184435.14097163
2026-04-29 03:30:00,4184435.14097163
2026-04-29 03:45:00,4184435.14097163
2026-04-29 04:00:00,4184435.14097163
2026-04-29 04:15:00,4184435.14097163
2026-04-29 04:30:00,4184435.14097163
2026-04-29 04:45:00,4184435.14097163
2026-04-29 05:00:00,4184435.14097163
2026-04-29 05:15:00,4184435.14097163
2026-04-29 05:30:00,4184435.14097163
2026-04-29 05:45:00,4184435.14097163
2026-04-29 06:00:00,4184435.14097163
2026-04-29 06:15:00,4184435.14097163
2026-04-29 06:30:00,4184435.14097163
2026-04-29 06:45:00,4184435.14097163
2026-04-29 07:00:00,4184435.14097163
2026-04-29 07:15:00,4184435.14097163
2026-04-29 07:30:00,4184435.14097163
2026-04-29 07:45:00,4184435.14097163
2026-04-29 08:00:00,4184435.14097163
2026-04-29 08:15:00,4184435.14097163
2026-04-29 08:30:00,4184435.14097163
2026-04-29 08:45:00,4184435.14097163
2026-04-29 09:00:00,4184435.14097163
2026-04-29 09:15:00,4184435.14097163
2026-04-29 09:30:00,4184435.14097163
2026-04-29 09:45:00,4184435.14097163
2026-04-29 10:00:00,4184435.14097163
2026-04-29 10:15:00,4184435.14097163
2026-04-29 10:30:00,4184435.14097163
2026-04-29 10:45:00,4184435.14097163
2026-04-29 11:00:00,4184435.14097163
2026-04-29 11:15:00,4184435.14097163
2026-04-29 11:30:00,4184435.14097163
2026-04-29 11:45:00,4184435.14097163
2026-04-29 12:00:00,4184435.14097163
2026-04-29 12:15:00,4184435.14097163
2026-04-29 12:30:00,4184435.14097163
2026-04-29 12:45:00,4184435.14097163
2026-04-29 13:00:00,4184435.14097163
2026-04-29 13:15:00,4184435.14097163
2026-04-29 13:30:00,4184435.14097163
2026-04-29 13:45:00,4184435.14097163
2026-04-29 14:00:00,4184435.14097163
2026-04-29 14:15:00,4184435.14097163
2026-04-29 14:30:00,4184435.14097163
2026-04-29 14:45:00,4184435.14097163
2026-04-29 15:00:00,4184435.14097163
2026-04-29 15:15:00,4184435.14097163
2026-04-29 15:30:00,4184435.14097163
2026-04-29 15:45:00,4184435.14097163
2026-04-29 16:00:00,4184435.14097163
2026-04-29 16:15:00,4184435.14097163
2026-04-29 16:30:00,4184435.14097163
2026-04-29 16:45:00,4184435.14097163
2026-04-29 17:00:00,4184435.14097163
2026-04-29 17:15:00,4184435.14097163
2026-04-29 17:30:00,4184435.14097163
2026-04-29 17:45:00,4184435.14097163
2026-04-29 18:00:00,4184435.14097163
2026-04-29 18:15:00,4184435.14097163
2026-04-29 18:30:00,4184435.14097163
2026-04-29 18:45:00,4184435.14097163
2026-04-29 19:00:00,4184435.14097163
2026-04-29 19:15:00,4184435.14097163
2026-04-29 19:30:00,4184435.14097163
2026-04-29 19:45:00,4184435.14097163
2026-04-29 20:00:00,4184435.14097163
2026-04-29 20:15:00,4184435.14097163
2026-04-29 20:30:00,4184435.14097163
2026-04-29 20:45:00,4184435.14097163
2026-04-29 21:00:00,4184435.14097163
2026-04-29 21:15:00,4184435.14097163
2026-04-29 21:30:00,4184435.14097163
2026-04-29 21:45:00,4184435.14097163
2026-04-29 22:00:00,4184435.14097163
2026-04-29 22:15:00,4184435.14097163
2026-04-29 22:30:00,4184435.14097163
2026-04-29 22:45:00,4184435.14097163
2026-04-29 23:00:00,4184435.14097163
2026-04-29 23:15:00,4184435.14097163
2026-04-29 23:30:00,4184435.14097163
2026-04-29 23:45:00,4184435.14097163
2026-04-30 00:00:00,4184435.14097163
2026-04-30 00:15:00,4184435.14097163
2026-04-30 00:30:00,4184435.14097163
2026-04-30 00:45:00,4184435.14097163
2026-04-30 01:00:00,4184435.14097163
2026-04-30 01:15:00,4184435.14097163
2026-04-30 01:30:00,4184435.14097163
2026-04-30 01:45:00,4184435.14097163
2026-04-30 02:00:00,4184435.14097163
2026-04-30 02:15:00,4184435.14097163
2026-04-30 02:30:00,4184435.14097163
2026-04-30 02:45:00,4184435.14097163
2026-04-30 03:00:00,4184435.14097163
2026-04-30 03:15:00,4184435.14097163
2026-04-30 03:30:00,4184435.14097163
2026-04-30 03:45:00,4184435.14097163
2026-04-30 04:00:00,4184435.14097163
2026-04-30 04:15:00,4184435.14097163
2026-04-30 04:30:00,4184435.14097163
2026-04-30 04:45:00,4184435.14097163
2026-04-30 05:00:00,4184435.14097163
2026-04-30 05:15:00,4184435.14097163
2026-04-30 05:30:00,4184435.14097163
2026-04-30 05:45:00,4184435.14097163
2026-04-30 06:00:00,4184435.14097163
2026-04-30 06:15:00,4184435.14097163
2026-04-30 06:30:00,4184435.14097163
2026-04-30 06:45:00,4184435.14097163
2026-04-30 07:00:00,4184435.14097163
2026-04-30 07:15:00,4184435.14097163
2026-04-30 07:30:00,4184435.14097163
2026-04-30 07:45:00,4184435.14097163
2026-04-30 08:00:00,4184435.14097163
2026-04-30 08:15:00,4184435.14097163
2026-04-30 08:30:00,4184435.14097163
2026-04-30 08:45:00,4184435.14097163
2026-04-30 09:00:00,4184435.14097163
2026-04-30 09:15:00,4184435.14097163
2026-04-30 09:30:00,4184435.14097163
2026-04-30 09:45:00,4184435.14097163
2026-04-30 10:00:00,4184435.14097163
2026-04-30 10:15:00,4184435.14097163
2026-04-30 10:30:00,4184435.14097163
2026-04-30 10:45:00,4184435.14097163
2026-04-30 11:00:00,4184435.14097163
2026-04-30 11:15:00,4184435.14097163
2026-04-30 11:30:00,4184435.14097163
2026-04-30 11:45:00,4184435.14097163
2026-04-30 12:00:00,4184435.14097163
2026-04-30 12:15:00,4184435.14097163
2026-04-30 12:30:00,4184435.14097163
2026-04-30 12:45:00,4184435.14097163
2026-04-30 13:00:00,4184435.14097163
2026-04-30 13:15:00,4184435.14097163
2026-04-30 13:30:00,4184435.14097163
2026-04-30 13:45:00,4184435.14097163
2026-04-30 14:00:00,4184435.14097163
2026-04-30 14:15:00,4184435.14097163
2026-04-30 14:30:00,4184435.14097163
2026-04-30 14:45:00,4184435.14097163
2026-04-30 15:00:00,4184435.14097163
2026-04-30 15:15:00,4184435.14097163
2026-04-30 15:30:00,4184435.14097163
2026-04-30 15:45:00,4184435.14097163
2026-04-30 16:00:00,4184435.14097163
2026-04-30 16:15:00,4184435.14097163
2026-04-30 16:30:00,4184435.14097163
2026-04-30 16:45:00,4184435.14097163
2026-04-30 17:00:00,4184435.14097163
2026-04-30 17:15:00,4184435.14097163
2026-04-30 17:30:00,4184435.14097163
2026-04-30 17:45:00,4184435.14097163
2026-04-30 18:00:00,4184435.14097163
2026-04-30 18:15:00,4184435.14097163
2026-04-30 18:30:00,4184435.14097163
2026-04-30 18:45:00,4184435.14097163
2026-04-30 19:00:00,4184435.14097163
2026-04-30 19:15:00,4184435.14097163
2026-04-30 19:30:00,4184435.14097163
2026-04-30 19:45:00,4184435.14097163
2026-04-30 20:00:00,4184435.14097163
2026-04-30 20:15:00,4184435.14097163
2026-04-30 20:30:00,4184435.14097163
2026-04-30 20:45:00,4184435.14097163
2026-04-30 21:00:00,4184435.14097163
2026-04-30 21:15:00,4184435.14097163
2026-04-30 21:30:00,4184435.14097163
2026-04-30 21:45:00,4184435.14097163
2026-04-30 22:00:00,4184435.14097163
2026-04-30 22:15:00,4184435.14097163
2026-04-30 22:30:00,4184435.14097163
2026-04-30 22:45:00,4184435.14097163
2026-04-30 23:00:00,4184435.14097163
2026-04-30 23:15:00,4184435.14097163
2026-04-30 23:30:00,4184435.14097163
2026-04-30 23:45:00,4184435.14097163
2026-05-01 00:00:00,4184435.14097163
2026-05-01 00:15:00,4184435.14097163
2026-05-01 00:30:00,4184435.14097163
2026-05-01 00:45:00,4184435.14097163
2026-05-01 01:00:00,4184435.14097163
2026-05-01 01:15:00,4184435.14097163
2026-05-01 01:30:00,4184435.14097163
2026-05-01 01:45:00,4184435.14097163
2026-05-01 02:00:00,4184435.14097163
2026-05-01 02:15:00,4184435.14097163
2026-05-01 02:30:00,4184435.14097163
2026-05-01 02:45:00,4184435.14097163
2026-05-01 03:00:00,4184435.14097163
2026-05-01 03:15:00,4184435.14097163
2026-05-01 03:30:00,4184435.14097163
2026-05-01 03:45:00,4184435.14097163
2026-05-01 04:00:00,4184435.14097163
2026-05-01 04:15:00,4184435.14097163
2026-05-01 04:30:00,4184435.14097163
2026-05-01 04:45:00,4184435.14097163
2026-05-01 05:00:00,4184435.14097163
2026-05-01 05:15:00,4184435.14097163
2026-05-01 05:30:00,4184435.14097163
2026-05-01 05:45:00,4184435.14097163
2026-05-01 06:00:00,4184435.14097163
2026-05-01 06:15:00,4184435.14097163
2026-05-01 06:30:00,4184435.14097163
2026-05-01 06:45:00,4184435.14097163
2026-05-01 07:00:00,4184435.14097163
2026-05-01 07:15:00,4184435.14097163
2026-05-01 07:30:00,4184435.14097163
2026-05-01 07:45:00,4184435.14097163
2026-05-01 08:00:00,4184435.14097163
2026-05-01 08:15:00,4184435.14097163
2026-05-01 08:30:00,4184435.14097163
2026-05-01 08:45:00,4184435.14097163
2026-05-01 09:00:00,4184435.14097163
2026-05-01 09:15:00,4184435.14097163
2026-05-01 09:30:00,4184435.14097163
2026-05-01 09:45:00,4184435.14097163
2026-05-01 10:00:00,4184435.14097163
2026-05-01 10:15:00,4184435.14097163
2026-05-01 10:30:00,4184435.14097163
2026-05-01 10:45:00,4184435.14097163
2026-05-01 11:00:00,4184435.14097163
2026-05-01 11:15:00,4184435.14097163
2026-05-01 11:30:00,4184435.14097163
2026-05-01 11:45:00,4184435.14097163
2026-05-01 12:00:00,4184435.14097163
2026-05-01 12:15:00,4184435.14097163
2026-05-01 12:30:00,4184435.14097163
2026-05-01 12:45:00,4184435.14097163
2026-05-01 13:00:00,4184435.14097163
2026-05-01 13:15:00,4184435.14097163
2026-05-01 13:30:00,4184435.14097163
2026-05-01 13:45:00,4184435.14097163
2026-05-01 14:00:00,4184435.14097163
2026-05-01 14:15:00,4184435.14097163
2026-05-01 14:30:00,4184435.14097163
2026-05-01 14:45:00,4184435.14097163
2026-05-01 15:00:00,4184435.14097163
2026-05-01 15:15:00,4184435.14097163
2026-05-01 15:30:00,4184435.14097163
2026-05-01 15:45:00,4184435.14097163
2026-05-01 16:00:00,4184435.14097163
2026-05-01 16:15:00,4184435.14097163
2026-05-01 16:30:00,4184435.14097163
2026-05-01 16:45:00,4184435.14097163
2026-05-01 17:00:00,4184435.14097163
2026-05-01 17:15:00,4184435.14097163
2026-05-01 17:30:00,4184435.14097163
2026-05-01 17:45:00,4184435.14097163
2026-05-01 18:00:00,4184435.14097163
2026-05-01 18:15:00,4184435.14097163
2026-05-01 18:30:00,4184435.14097163
2026-05-01 18:45:00,4184435.14097163
2026-05-01 19:00:00,4184435.14097163
2026-05-01 19:15:00,4184435.14097163
2026-05-01 19:30:00,4184435.14097163
2026-05-01 19:45:00,4184435.14097163
2026-05-01 20:00:00,4184435.14097163
2026-05-01 20:15:00,4184435.14097163
2026-05-01 20:30:00,4184435.14097163
2026-05-01 20:45:00,4184435.14097163
2026-05-01 21:00:00,4184435.14097163
2026-05-01 21:15:00,4184435.14097163
2026-05-01 21:30:00,4184435.14097163
2026-05-01 21:45:00,4184435.14097163
2026-05-01 22:00:00,4184435.14097163
2026-05-01 22:15:00,4184435.14097163
2026-05-01 22:30:00,4184435.14097163
2026-05-01 22:45:00,4184435.14097163
2026-05-01 23:00:00,4184435.14097163
2026-05-01 23:15:00,4184435.14097163
2026-05-01 23:30:00,4184435.14097163
2026-05-01 23:45:00,4184435.14097163
2026-05-02 01:00:00,4184435.14097163
2026-05-02 01:15:00,4184435.14097163
2026-05-02 01:30:00,4184435.14097163
2026-05-02 01:45:00,4184435.14097163
2026-05-02 02:00:00,4184435.14097163
2026-05-02 02:15:00,4184435.14097163
2026-05-02 02:30:00,4184435.14097163
2026-05-02 02:45:00,4184435.14097163
2026-05-02 03:00:00,4184435.14097163
2026-05-02 03:15:00,4184435.14097163
2026-05-02 03:30:00,4184435.14097163
2026-05-02 03:45:00,4184435.14097163
2026-05-02 04:00:00,4184435.14097163
2026-05-02 04:15:00,4184435.14097163
2026-05-02 04:30:00,4184435.14097163
2026-05-02 04:45:00,4184435.14097163
2026-05-02 05:00:00,4184435.14097163
2026-05-02 05:15:00,4184435.14097163
2026-05-02 05:30:00,4184435.14097163
2026-05-02 05:45:00,4184435.14097163
2026-05-02 06:00:00,4184435.14097163
2026-05-02 06:15:00,4184435.14097163
2026-05-02 06:30:00,4184435.14097163
2026-05-02 06:45:00,4184435.14097163
2026-05-02 07:00:00,4184435.14097163
2026-05-02 07:15:00,4184435.14097163
2026-05-02 07:30:00,4184435.14097163
2026-05-02 07:45:00,4184435.14097163
2026-05-02 08:00:00,4184435.14097163
2026-05-02 08:15:00,4184435.14097163
2026-05-02 08:30:00,4184435.14097163
2026-05-02 08:45:00,4184435.14097163
2026-05-02 09:00:00,4184435.14097163
2026-05-02 09:15:00,4184435.14097163
2026-05-02 09:30:00,4184435.14097163
2026-05-02 09:45:00,4184435.14097163
2026-05-02 10:00:00,4184435.14097163
2026-05-02 10:15:00,4184435.14097163
2026-05-02 10:30:00,4184435.14097163
2026-05-02 10:45:00,4184435.14097163
2026-05-02 11:00:00,4184435.14097163
2026-05-02 11:15:00,4184435.14097163
2026-05-02 11:30:00,4184435.14097163
2026-05-02 11:45:00,4184435.14097163
2026-05-02 12:00:00,4184435.14097163
2026-05-02 12:15:00,4184435.14097163
2026-05-02 12:30:00,4184435.14097163
2026-05-02 12:45:00,4184435.14097163
2026-05-02 13:00:00,4184435.14097163
2026-05-02 13:15:00,4184435.14097163
2026-05-02 13:30:00,4184435.14097163
2026-05-02 13:45:00,4184435.14097163
2026-05-02 14:00:00,4184435.14097163
2026-05-02 14:15:00,4184435.14097163
2026-05-02 14:30:00,4184435.14097163
2026-05-02 14:45:00,4184435.14097163
2026-05-02 15:00:00,4184435.14097163
2026-05-02 15:15:00,4184435.14097163
2026-05-02 15:30:00,4184435.14097163
2026-05-02 15:45:00,4184435.14097163
2026-05-02 16:00:00,4184435.14097163
2026-05-02 16:15:00,4184435.14097163
2026-05-02 16:30:00,4184435.14097163
2026-05-02 16:45:00,4184435.14097163
2026-05-02 17:00:00,4184435.14097163
2026-05-02 17:15:00,4184435.14097163
2026-05-02 17:30:00,4184435.14097163
2026-05-02 17:45:00,4184435.14097163
2026-05-02 18:00:00,4184435.14097163
2026-05-02 18:15:00,4184435.14097163
2026-05-02 18:30:00,4184435.14097163
2026-05-02 18:45:00,4184435.14097163
2026-05-02 19:00:00,4184435.14097163
2026-05-02 19:15:00,4184435.14097163
2026-05-02 19:30:00,4184435.14097163
2026-05-02 19:45:00,4184435.14097163
2026-05-02 20:00:00,4184435.14097163
2026-05-02 20:15:00,4184435.14097163
2026-05-02 20:30:00,4184435.14097163
2026-05-02 20:45:00,4184435.14097163
2026-05-02 21:00:00,4184435.14097163
2026-05-02 21:15:00,4184435.14097163
2026-05-02 21:30:00,4184435.14097163
2026-05-02 21:45:00,4184435.14097163
2026-05-02 22:00:00,4184435.14097163
2026-05-02 22:15:00,4184435.14097163
2026-05-02 22:30:00,4184435.14097163
2026-05-02 22:45:00,4184435.14097163
2026-05-02 23:00:00,4184435.14097163
2026-05-02 23:15:00,4184435.14097163
2026-05-02 23:30:00,4184435.14097163
2026-05-02 23:45:00,4184435.14097163
2026-05-03 00:00:00,4184435.14097163
2026-05-03 00:15:00,4184435.14097163
2026-05-03 00:30:00,4184435.14097163
2026-05-03 00:45:00,4184435.14097163
2026-05-03 01:00:00,4184435.14097163
2026-05-03 01:15:00,4184435.14097163
2026-05-03 01:30:00,4184435.14097163
2026-05-03 01:45:00,4184435.14097163
2026-05-03 02:00:00,4184435.14097163
2026-05-03 02:15:00,4184435.14097163
2026-05-03 02:30:00,4184435.14097163
2026-05-03 02:45:00,4184435.14097163
2026-05-03 03:00:00,4184435.14097163
2026-05-03 03:15:00,4184435.14097163
2026-05-03 03:30:00,4184435.14097163
2026-05-03 03:45:00,4184435.14097163
2026-05-03 04:00:00,4184435.14097163
2026-05-03 04:15:00,4184435.14097163
2026-05-03 04:30:00,4184435.14097163
2026-05-03 04:45:00,4184435.14097163
2026-05-03 05:00:00,4184435.14097163
2026-05-03 05:15:00,4184435.14097163
2026-05-03 05:30:00,4184435.14097163
2026-05-03 05:45:00,4184435.14097163
2026-05-03 06:00:00,4184435.14097163
2026-05-03 06:15:00,4184435.14097163
2026-05-03 06:30:00,4184435.14097163
2026-05-03 06:45:00,4184435.14097163
2026-05-03 07:00:00,4184435.14097163
2026-05-03 07:15:00,4184435.14097163
2026-05-03 07:30:00,4184435.14097163
2026-05-03 07:45:00,4184435.14097163
2026-05-03 08:00:00,4184435.14097163
2026-05-03 08:15:00,4184435.14097163
2026-05-03 08:30:00,4184435.14097163
2026-05-03 08:45:00,4184435.14097163
2026-05-03 09:00:00,4184435.14097163
2026-05-03 09:15:00,4184435.14097163
2026-05-03 09:30:00,4184435.14097163
2026-05-03 09:45:00,4184435.14097163
2026-05-03 10:00:00,4184435.14097163
2026-05-03 10:15:00,4184435.14097163
2026-05-03 10:30:00,4184435.14097163
2026-05-03 10:45:00,4184435.14097163
2026-05-03 11:00:00,4184435.14097163
2026-05-03 11:15:00,4184435.14097163
2026-05-03 11:30:00,4184435.14097163
2026-05-03 11:45:00,4184435.14097163
2026-05-03 12:00:00,4184435.14097163
2026-05-03 12:15:00,4184435.14097163
2026-05-03 12:30:00,4184435.14097163
2026-05-03 12:45:00,4184435.14097163
2026-05-03 13:00:00,4184435.14097163
2026-05-03 13:15:00,4184435.14097163
2026-05-03 13:30:00,4184435.14097163
2026-05-03 13:45:00,4184435.14097163
2026-05-03 14:00:00,4184435.14097163
2026-05-03 14:15:00,4184435.14097163
2026-05-03 14:30:00,4184435.14097163
2026-05-03 14:45:00,4184435.14097163
2026-05-03 15:00:00,4184435.14097163
2026-05-03 15:15:00,4184435.14097163
2026-05-03 15:30:00,4184435.14097163
2026-05-03 15:45:00,4184435.14097163
2026-05-03 16:00:00,4184435.14097163
2026-05-03 16:15:00,4184435.14097163
2026-05-03 16:30:00,4184435.14097163
2026-05-03 16:45:00,4184435.14097163
2026-05-03 17:00:00,4184435.14097163
2026-05-03 17:15:00,4184435.14097163
2026-05-03 17:30:00,4184435.14097163
2026-05-03 17:45:00,4184435.14097163
2026-05-03 18:00:00,4184435.14097163
2026-05-03 18:15:00,4184435.14097163
2026-05-03 18:30:00,4184435.14097163
2026-05-03 18:45:00,4184435.14097163
2026-05-03 19:00:00,4184435.14097163
2026-05-03 19:15:00,4184435.14097163
2026-05-03 19:30:00,4184435.14097163
2026-05-03 19:45:00,4184435.14097163
2026-05-03 20:00:00,4184435.14097163
2026-05-03 20:15:00,4184435.14097163
2026-05-03 20:30:00,4184435.14097163
2026-05-03 20:45:00,4184435.14097163
2026-05-03 21:00:00,4184435.14097163
2026-05-03 21:15:00,4184435.14097163
2026-05-03 21:30:00,4184435.14097163
2026-05-03 21:45:00,4184435.14097163
2026-05-03 22:00:00,4184435.14097163
2026-05-03 22:15:00,4184435.14097163
2026-05-03 22:30:00,4184435.14097163
2026-05-03 22:45:00,4184435.14097163
2026-05-03 23:00:00,4184435.14097163
2026-05-03 23:15:00,4184435.14097163
2026-05-03 23:30:00,4184435.14097163
2026-05-03 23:45:00,4184435.14097163
2026-05-04 00:00:00,4184435.14097163
2026-05-04 00:15:00,4184435.14097163
2026-05-04 00:30:00,4184435.14097163
2026-05-04 00:45:00,4184435.14097163
2026-05-04 01:00:00,4184435.14097163
2026-05-04 01:15:00,4184435.14097163
2026-05-04 01:30:00,4184435.14097163
2026-05-04 01:45:00,4184435.14097163
2026-05-04 02:00:00,4184435.14097163
2026-05-04 02:15:00,4184435.14097163
2026-05-04 02:30:00,4184435.14097163
2026-05-04 02:45:00,4184435.14097163
2026-05-04 03:00:00,4184435.14097163
2026-05-04 03:15:00,4184435.14097163
2026-05-04 03:30:00,4184435.14097163
2026-05-04 03:45:00,4184435.14097163
2026-05-04 04:00:00,4184435.14097163
2026-05-04 04:15:00,4184435.14097163
2026-05-04 04:30:00,4184435.14097163
2026-05-04 04:45:00,4184435.14097163
2026-05-04 05:00:00,4184435.14097163
2026-05-04 05:15:00,4184435.14097163
2026-05-04 05:30:00,4184435.14097163
2026-05-04 05:45:00,4184435.14097163
2026-05-04 06:00:00,4184435.14097163
2026-05-04 06:15:00,4184435.14097163
2026-05-04 06:30:00,4184435.14097163
2026-05-04 06:45:00,4184435.14097163
2026-05-04 07:00:00,4184435.14097163
2026-05-04 07:15:00,4184435.14097163
2026-05-04 07:30:00,4184435.14097163
2026-05-04 07:45:00,4184435.14097163
2026-05-04 08:00:00,4184435.14097163
2026-05-04 08:15:00,4184435.14097163
2026-05-04 08:30:00,4184435.14097163
2026-05-04 08:45:00,4184435.14097163
2026-05-04 09:00:00,4184435.14097163
2026-05-04 09:15:00,4184435.14097163
2026-05-04 09:30:00,4184435.14097163
2026-05-04 09:45:00,4184435.14097163
2026-05-04 10:00:00,4184435.14097163
2026-05-04 10:15:00,4184435.14097163
2026-05-04 10:30:00,4184435.14097163
2026-05-04 10:45:00,4184435.14097163
2026-05-04 11:00:00,4184435.14097163
2026-05-04 11:15:00,4184435.14097163
2026-05-04 11:30:00,4184435.14097163
2026-05-04 11:45:00,4184435.14097163
2026-05-04 12:00:00,4184435.14097163
2026-05-04 12:15:00,4184435.14097163
2026-05-04 12:30:00,4184435.14097163
2026-05-04 12:45:00,4184435.14097163
2026-05-04 13:00:00,4184435.14097163
2026-05-04 13:15:00,4184435.14097163
2026-05-04 13:30:00,4184435.14097163
2026-05-04 13:45:00,4184435.14097163
2026-05-04 14:00:00,4184435.14097163
2026-05-04 14:15:00,4184435.14097163
2026-05-04 14:30:00,4184435.14097163
2026-05-04 14:45:00,4184435.14097163
2026-05-04 15:00:00,4184435.14097163
2026-05-04 15:15:00,4184435.14097163
2026-05-04 15:30:00,4184435.14097163
2026-05-04 15:45:00,4184435.14097163
2026-05-04 16:00:00,4184435.14097163
2026-05-04 16:15:00,4184435.14097163
2026-05-04 16:30:00,4184435.14097163
2026-05-04 16:45:00,4184435.14097163
2026-05-04 17:00:00,4184435.14097163
2026-05-04 17:15:00,4184435.14097163
2026-05-04 17:30:00,4184435.14097163
2026-05-04 17:45:00,4184435.14097163
2026-05-04 18:00:00,4184435.14097163
2026-05-04 18:15:00,4184435.14097163
2026-05-04 18:30:00,4184435.14097163
2026-05-04 18:45:00,4184435.14097163
2026-05-04 19:00:00,4184435.14097163
2026-05-04 19:15:00,4184435.14097163
2026-05-04 19:30:00,4184435.14097163
2026-05-04 19:45:00,4184435.14097163
2026-05-04 20:00:00,4184435.14097163
2026-05-04 20:15:00,4184435.14097163
2026-05-04 20:30:00,4184435.14097163
2026-05-04 20:45:00,4184435.14097163
2026-05-04 21:00:00,4184435.14097163
2026-05-04 21:15:00,4184435.14097163
2026-05-04 21:30:00,4184435.14097163
2026-05-04 21:45:00,4184435.14097163
2026-05-04 22:00:00,4184435.14097163
2026-05-04 22:15:00,4184435.14097163
2026-05-04 22:30:00,4184435.14097163
2026-05-04 22:45:00,4184435.14097163
2026-05-04 23:00:00,4184435.14097163
2026-05-04 23:15:00,4184435.14097163
2026-05-04 23:30:00,4184435.14097163
2026-05-04 23:45:00,4184435.14097163
2026-05-05 00:00:00,4184435.14097163
2026-05-05 00:15:00,4184435.14097163
2026-05-05 00:30:00,4184435.14097163
2026-05-05 00:45:00,4184435.14097163
2026-05-05 01:00:00,4184435.14097163
2026-05-05 01:15:00,4184435.14097163
2026-05-05 01:30:00,4184435.14097163
2026-05-05 01:45:00,4184435.14097163
2026-05-05 02:00:00,4184435.14097163
2026-05-05 02:15:00,4184435.14097163
2026-05-05 02:30:00,4184435.14097163
2026-05-05 02:45:00,4184435.14097163
2026-05-05 03:00:00,4184435.14097163
2026-05-05 03:15:00,4184435.14097163
2026-05-05 03:30:00,4184435.14097163
2026-05-05 03:45:00,4184435.14097163
2026-05-05 04:00:00,4184435.14097163
2026-05-05 04:15:00,4184435.14097163
2026-05-05 04:30:00,4184435.14097163
2026-05-05 04:45:00,4184435.14097163
2026-05-05 05:00:00,4184435.14097163
2026-05-05 05:15:00,4184435.14097163
2026-05-05 05:30:00,4184435.14097163
2026-05-05 05:45:00,4184435.14097163
2026-05-05 06:00:00,4184435.14097163
2026-05-05 06:15:00,4184435.14097163
2026-05-05 06:30:00,4184435.14097163
2026-05-05 06:45:00,4184435.14097163
2026-05-05 07:00:00,4184435.14097163
2026-05-05 07:15:00,4184435.14097163
2026-05-05 07:30:00,4184435.14097163
2026-05-05 07:45:00,4184435.14097163
2026-05-05 08:00:00,4184435.14097163
2026-05-05 08:15:00,4184435.14097163
2026-05-05 08:30:00,4184435.14097163
2026-05-05 08:45:00,4184435.14097163
2026-05-05 09:00:00,4184435.14097163
2026-05-05 09:15:00,4184435.14097163
2026-05-05 09:30:00,4184435.14097163
2026-05-05 09:45:00,4184435.14097163
2026-05-05 10:00:00,4184435.14097163
2026-05-05 10:15:00,4184435.14097163
2026-05-05 10:30:00,4184435.14097163
2026-05-05 10:45:00,4184435.14097163
2026-05-05 11:00:00,4184435.14097163
2026-05-05 11:15:00,4184435.14097163
2026-05-05 11:30:00,4184435.14097163
2026-05-05 11:45:00,4184435.14097163
2026-05-05 12:00:00,4184435.14097163
2026-05-05 12:15:00,4184435.14097163
2026-05-05 12:30:00,4184435.14097163
2026-05-05 12:45:00,4184435.14097163
2026-05-05 13:00:00,4184435.14097163
2026-05-05 13:15:00,4184435.14097163
2026-05-05 13:30:00,4184435.14097163
2026-05-05 13:45:00,4184435.14097163
2026-05-05 14:00:00,4184435.14097163
2026-05-05 14:15:00,4184435.14097163
2026-05-05 14:30:00,4184435.14097163
2026-05-05 14:45:00,4184435.14097163
2026-05-05 15:00:00,4184435.14097163
2026-05-05 15:15:00,4184435.14097163
2026-05-05 15:30:00,4184435.14097163
2026-05-05 15:45:00,4184435.14097163
2026-05-05 16:00:00,4184435.14097163
2026-05-05 16:15:00,4184435.14097163
2026-05-05 16:30:00,4184435.14097163
2026-05-05 16:45:00,4184435.14097163
2026-05-05 17:00:00,4184435.14097163
2026-05-05 17:15:00,4184435.14097163
2026-05-05 17:30:00,4184435.14097163
2026-05-05 17:45:00,4184435.14097163
2026-05-05 18:00:00,4184435.14097163
2026-05-05 18:15:00,4184435.14097163
2026-05-05 18:30:00,4184435.14097163
2026-05-05 18:45:00,4184435.14097163
2026-05-05 19:00:00,4184435.14097163
2026-05-05 19:15:00,4184435.14097163
2026-05-05 19:30:00,4184435.14097163
2026-05-05 19:45:00,4184435.14097163
2026-05-05 20:00:00,4184435.14097163
2026-05-05 20:15:00,4184435.14097163
2026-05-05 20:30:00,4184435.14097163
2026-05-05 20:45:00,4184435.14097163
2026-05-05 21:00:00,4184435.14097163
2026-05-05 21:15:00,4184435.14097163
2026-05-05 21:30:00,4184435.14097163
2026-05-05 21:45:00,4184435.14097163
2026-05-05 22:00:00,4184435.14097163
2026-05-05 22:15:00,4184435.14097163
2026-05-05 22:30:00,4184435.14097163
2026-05-05 22:45:00,4184435.14097163
2026-05-05 23:00:00,4184435.14097163
2026-05-05 23:15:00,4184435.14097163
2026-05-05 23:30:00,4184435.14097163
2026-05-05 23:45:00,4184435.14097163
2026-05-06 00:00:00,4184435.14097163
2026-05-06 00:15:00,4184435.14097163
2026-05-06 00:30:00,4184435.14097163
2026-05-06 00:45:00,4184435.14097163
2026-05-06 01:00:00,4184435.14097163
2026-05-06 01:15:00,4184435.14097163
2026-05-06 01:30:00,4184435.14097163
2026-05-06 01:45:00,4184435.14097163
2026-05-06 02:00:00,4184435.14097163
2026-05-06 02:15:00,4184435.14097163
2026-05-06 02:30:00,4184435.14097163
2026-05-06 02:45:00,4184435.14097163
2026-05-06 03:00:00,4184435.14097163
2026-05-06 03:15:00,4184435.14097163
2026-05-06 03:30:00,4184435.14097163
2026-05-06 03:45:00,4184435.14097163
2026-05-06 04:00:00,4184435.14097163
2026-05-06 04:15:00,4184435.14097163
2026-05-06 04:30:00,4184435.14097163
2026-05-06 04:45:00,4184435.14097163
2026-05-06 05:00:00,4184435.14097163
2026-05-06 05:15:00,4184435.14097163
2026-05-06 05:30:00,4184435.14097163
2026-05-06 05:45:00,4184435.14097163
2026-05-06 06:00:00,4184435.14097163
2026-05-06 06:15:00,4184435.14097163
2026-05-06 06:30:00,4184435.14097163
2026-05-06 06:45:00,4184435.14097163
2026-05-06 07:00:00,4184435.14097163
2026-05-06 07:15:00,4184435.14097163
2026-05-06 07:30:00,4184435.14097163
2026-05-06 07:45:00,4184435.14097163
2026-05-06 08:00:00,4184435.14097163
2026-05-06 08:15:00,4184435.14097163
2026-05-06 08:30:00,4184435.14097163
2026-05-06 08:45:00,4184435.14097163
2026-05-06 09:00:00,4184435.14097163
2026-05-06 09:15:00,4184435.14097163
2026-05-06 09:30:00,4184435.14097163
2026-05-06 09:45:00,4184435.14097163
2026-05-06 10:00:00,4184435.14097163
2026-05-06 10:15:00,4184435.14097163
2026-05-06 10:30:00,4184435.14097163
2026-05-06 10:45:00,4184435.14097163
2026-05-06 11:00:00,4184435.14097163
2026-05-06 11:15:00,4184435.14097163
2026-05-06 11:30:00,4184435.14097163
2026-05-06 11:45:00,4184435.14097163
2026-05-06 12:00:00,4184435.14097163
2026-05-06 12:15:00,4184435.14097163
2026-05-06 12:30:00,4184435.14097163
2026-05-06 12:45:00,4184435.14097163
2026-05-06 13:00:00,4184435.14097163
2026-05-06 13:15:00,4184435.14097163
2026-05-06 13:30:00,4184435.14097163
2026-05-06 13:45:00,4184435.14097163
2026-05-06 14:00:00,4184435.14097163
2026-05-06 14:15:00,4184435.14097163
2026-05-06 14:30:00,4184435.14097163
2026-05-06 14:45:00,4184435.14097163
2026-05-06 15:00:00,4184435.14097163
2026-05-06 15:15:00,4184435.14097163
2026-05-06 15:30:00,4184435.14097163
2026-05-06 15:45:00,4184435.14097163
2026-05-06 16:00:00,4184435.14097163
2026-05-06 16:15:00,4184435.14097163
2026-05-06 16:30:00,4184435.14097163
2026-05-06 16:45:00,4184435.14097163
2026-05-06 17:00:00,4184435.14097163
2026-05-06 17:15:00,4184435.14097163
2026-05-06 17:30:00,4184435.14097163
2026-05-06 17:45:00,4184435.14097163
2026-05-06 18:00:00,4184435.14097163
2026-05-06 18:15:00,4184435.14097163
2026-05-06 18:30:00,4184435.14097163
2026-05-06 18:45:00,4184435.14097163
2026-05-06 19:00:00,4184435.14097163
2026-05-06 19:15:00,4184435.14097163
2026-05-06 19:30:00,4184435.14097163
2026-05-06 19:45:00,4184435.14097163
2026-05-06 20:00:00,4184435.14097163
2026-05-06 20:15:00,4184435.14097163
2026-05-06 20:30:00,4184435.14097163
2026-05-06 20:45:00,4184435.14097163
2026-05-06 21:00:00,4184435.14097163
2026-05-06 21:15:00,4184435.14097163
2026-05-06 21:30:00,4184435.14097163
2026-05-06 21:45:00,4184435.14097163
2026-05-06 22:00:00,4184435.14097163
2026-05-06 22:15:00,4184435.14097163
2026-05-06 22:30:00,4184435.14097163
2026-05-06 22:45:00,4184435.14097163
2026-05-06 23:00:00,4184435.14097163
2026-05-06 23:15:00,4184435.14097163
2026-05-06 23:30:00,4184435.14097163
2026-05-06 23:45:00,4184435.14097163
2026-05-07 00:00:00,4184435.14097163
2026-05-07 00:15:00,4184435.14097163
2026-05-07 00:30:00,4184435.14097163
2026-05-07 00:45:00,4184435.14097163
2026-05-07 01:00:00,4184435.14097163
2026-05-07 01:15:00,4184435.14097163
2026-05-07 01:30:00,4184435.14097163
2026-05-07 01:45:00,4184435.14097163
2026-05-07 02:00:00,4184435.14097163
2026-05-07 02:15:00,4184435.14097163
2026-05-07 02:30:00,4184435.14097163
2026-05-07 02:45:00,4184435.14097163
2026-05-07 03:00:00,4184435.14097163
2026-05-07 03:15:00,4184435.14097163
2026-05-07 03:30:00,4184435.14097163
2026-05-07 03:45:00,4184435.14097163
2026-05-07 04:00:00,4184435.14097163
2026-05-07 04:15:00,4184435.14097163
2026-05-07 04:30:00,4184435.14097163
2026-05-07 04:45:00,4184435.14097163
2026-05-07 05:00:00,4184435.14097163
2026-05-07 05:15:00,4184435.14097163
2026-05-07 05:30:00,4184435.14097163
2026-05-07 05:45:00,4184435.14097163
2026-05-07 06:00:00,4184435.14097163
2026-05-07 06:15:00,4184435.14097163
2026-05-07 06:30:00,4184435.14097163
2026-05-07 06:45:00,4184435.14097163
2026-05-07 07:00:00,4184435.14097163
2026-05-07 07:15:00,4184435.14097163
2026-05-07 07:30:00,4184435.14097163
2026-05-07 07:45:00,4184435.14097163
2026-05-07 08:00:00,4184435.14097163
2026-05-07 08:15:00,4184435.14097163
2026-05-07 08:30:00,4184435.14097163
2026-05-07 08:45:00,4184435.14097163
2026-05-07 09:00:00,4184435.14097163
2026-05-07 09:15:00,4184435.14097163
2026-05-07 09:30:00,4184435.14097163
2026-05-07 09:45:00,4184435.14097163
2026-05-07 10:00:00,4184435.14097163
2026-05-07 10:15:00,4184435.14097163
2026-05-07 10:30:00,4184435.14097163
2026-05-07 10:45:00,4184435.14097163
2026-05-07 11:00:00,4184435.14097163
2026-05-07 11:15:00,4184435.14097163
2026-05-07 11:30:00,4184435.14097163
2026-05-07 11:45:00,4184435.14097163
2026-05-07 12:00:00,4184435.14097163
2026-05-07 12:15:00,4184435.14097163
2026-05-07 12:30:00,4184435.14097163
2026-05-07 12:45:00,4184435.14097163
2026-05-07 13:00:00,4184435.14097163
2026-05-07 13:15:00,4184435.14097163
2026-05-07 13:30:00,4184435.14097163
2026-05-07 13:45:00,4184435.14097163
2026-05-07 14:00:00,4184435.14097163
2026-05-07 14:15:00,4184435.14097163
2026-05-07 14:30:00,4184435.14097163
2026-05-07 14:45:00,4184435.14097163
2026-05-07 15:00:00,4184435.14097163
2026-05-07 15:15:00,4184435.14097163
2026-05-07 15:30:00,4184435.14097163
2026-05-07 15:45:00,4184435.14097163
2026-05-07 16:00:00,4184435.14097163
2026-05-07 16:15:00,4184435.14097163
2026-05-07 16:30:00,4184435.14097163
2026-05-07 16:45:00,4184435.14097163
2026-05-07 17:00:00,4184435.14097163
2026-05-07 17:15:00,4184435.14097163
2026-05-07 17:30:00,4184435.14097163
2026-05-07 17:45:00,4184435.14097163
2026-05-07 18:00:00,4184435.14097163
2026-05-07 18:15:00,4184435.14097163
2026-05-07 18:30:00,4184435.14097163
2026-05-07 18:45:00,4184435.14097163
2026-05-07 19:00:00,4184435.14097163
2026-05-07 19:15:00,4184435.14097163
2026-05-07 19:30:00,4184435.14097163
2026-05-07 19:45:00,4184435.14097163
2026-05-07 20:00:00,4184435.14097163
2026-05-07 20:15:00,4184435.14097163
2026-05-07 20:30:00,4184435.14097163
2026-05-07 20:45:00,4184435.14097163
2026-05-07 21:00:00,4184435.14097163
2026-05-07 21:15:00,4184435.14097163
2026-05-07 21:30:00,4184435.14097163
2026-05-07 21:45:00,4184435.14097163
2026-05-07 22:00:00,4184435.14097163
2026-05-07 22:15:00,4184435.14097163
2026-05-07 22:30:00,4184435.14097163
2026-05-07 22:45:00,4184435.14097163
2026-05-07 23:00:00,4184435.14097163
2026-05-07 23:15:00,4184435.14097163
2026-05-07 23:30:00,4184435.14097163
2026-05-07 23:45:00,4184435.14097163
2026-05-08 00:00:00,4184435.14097163
2026-05-08 00:15:00,4184435.14097163
2026-05-08 00:30:00,4184435.14097163
2026-05-08 00:45:00,4184435.14097163
2026-05-08 01:00:00,4184435.14097163
2026-05-08 01:15:00,4184435.14097163
2026-05-08 01:30:00,4184435.14097163
2026-05-08 01:45:00,4184435.14097163
2026-05-08 02:00:00,4184435.14097163
2026-05-08 02:15:00,4184435.14097163
2026-05-08 02:30:00,4184435.14097163
2026-05-08 02:45:00,4184435.14097163
2026-05-08 03:00:00,4184435.14097163
2026-05-08 03:15:00,4184435.14097163
2026-05-08 03:30:00,4184435.14097163
2026-05-08 03:45:00,4184435.14097163
2026-05-08 04:00:00,4184435.14097163
2026-05-08 04:15:00,4184435.14097163
2026-05-08 04:30:00,4184435.14097163
2026-05-08 04:45:00,4184435.14097163
2026-05-08 05:00:00,4184435.14097163
2026-05-08 05:15:00,4184435.14097163
2026-05-08 05:30:00,4184435.14097163
2026-05-08 05:45:00,4184435.14097163
2026-05-08 06:00:00,4184435.14097163
2026-05-08 06:15:00,4184435.14097163
2026-05-08 06:30:00,4184435.14097163
2026-05-08 06:45:00,4184435.14097163
2026-05-08 07:00:00,4184435.14097163
2026-05-08 07:15:00,4184435.14097163
2026-05-08 07:30:00,4184435.14097163
2026-05-08 07:45:00,4184435.14097163
2026-05-08 08:00:00,4184435.14097163
2026-05-08 08:15:00,4184435.14097163
2026-05-08 08:30:00,4184435.14097163
2026-05-08 08:45:00,4184435.14097163
2026-05-08 09:00:00,4184435.14097163
2026-05-08 09:15:00,4184435.14097163
2026-05-08 09:30:00,4184435.14097163
2026-05-08 09:45:00,4184435.14097163
2026-05-08 10:00:00,4184435.14097163
2026-05-08 10:15:00,4184435.14097163
2026-05-08 10:30:00,4184435.14097163
2026-05-08 10:45:00,4184435.14097163
2026-05-08 11:00:00,4184435.14097163
2026-05-08 11:15:00,4184435.14097163
2026-05-08 11:30:00,4184435.14097163
2026-05-08 11:45:00,4184435.14097163
2026-05-08 12:00:00,4184435.14097163
2026-05-08 12:15:00,4184435.14097163
2026-05-08 12:30:00,4184435.14097163
2026-05-08 12:45:00,4184435.14097163
2026-05-08 13:00:00,4184435.14097163
2026-05-08 13:15:00,4184435.14097163
2026-05-08 13:30:00,4184435.14097163
2026-05-08 13:45:00,4184435.14097163
2026-05-08 14:00:00,4184435.14097163
2026-05-08 14:15:00,4184435.14097163
2026-05-08 14:30:00,4184435.14097163
2026-05-08 14:45:00,4184435.14097163
2026-05-08 15:00:00,4184435.14097163
2026-05-08 15:15:00,4184435.14097163
2026-05-08 15:30:00,4184435.14097163
2026-05-08 15:45:00,4184435.14097163
2026-05-08 16:00:00,4184435.14097163
2026-05-08 16:15:00,4184435.14097163
2026-05-08 16:30:00,4184435.14097163
2026-05-08 16:45:00,4184435.14097163
2026-05-08 17:00:00,4184435.14097163
2026-05-08 17:15:00,4184435.14097163
2026-05-08 17:30:00,4184435.14097163
2026-05-08 17:45:00,4184435.14097163
2026-05-08 18:00:00,4184435.14097163
2026-05-08 18:15:00,4184435.14097163
2026-05-08 18:30:00,4184435.14097163
2026-05-08 18:45:00,4184435.14097163
2026-05-08 19:00:00,4184435.14097163
2026-05-08 19:15:00,4184435.14097163
2026-05-08 19:30:00,4184435.14097163
2026-05-08 19:45:00,4184435.14097163
2026-05-08 20:00:00,4184435.14097163
2026-05-08 20:15:00,4184435.14097163
2026-05-08 20:30:00,4184435.14097163
2026-05-08 20:45:00,4184435.14097163
2026-05-08 21:00:00,4184435.14097163
2026-05-08 21:15:00,4184435.14097163
2026-05-08 21:30:00,4184435.14097163
2026-05-08 21:45:00,4184435.14097163
2026-05-08 22:00:00,4184435.14097163
2026-05-08 22:15:00,4184435.14097163
2026-05-08 22:30:00,4184435.14097163
2026-05-08 22:45:00,4184435.14097163
2026-05-08 23:00:00,4184435.14097163
2026-05-08 23:15:00,4184435.14097163
2026-05-08 23:30:00,4184435.14097163
2026-05-08 23:45:00,4184435.14097163
2026-05-09 01:00:00,4184435.14097163
2026-05-09 01:15:00,4184435.14097163
2026-05-09 01:30:00,4184435.14097163
2026-05-09 01:45:00,4184435.14097163
2026-05-09 02:00:00,4184435.14097163
2026-05-09 02:15:00,4184435.14097163
2026-05-09 02:30:00,4184435.14097163
2026-05-09 02:45:00,4184435.14097163
2026-05-09 03:00:00,4184435.14097163
2026-05-09 03:15:00,4184435.14097163
2026-05-09 03:30:00,4184435.14097163
2026-05-09 03:45:00,4184435.14097163
2026-05-09 04:00:00,4184435.14097163
2026-05-09 04:15:00,4184435.14097163
2026-05-09 04:30:00,4184435.14097163
2026-05-09 04:45:00,4184435.14097163
2026-05-09 05:00:00,4184435.14097163
2026-05-09 05:15:00,4184435.14097163
2026-05-09 05:30:00,4184435.14097163
2026-05-09 05:45:00,4184435.14097163
2026-05-09 06:00:00,4184435.14097163
2026-05-09 06:15:00,4184435.14097163
2026-05-09 06:30:00,4184435.14097163
2026-05-09 06:45:00,4184435.14097163
2026-05-09 07:00:00,4184435.14097163
2026-05-09 07:15:00,4184435.14097163
2026-05-09 07:30:00,4184435.14097163
2026-05-09 07:45:00,4184435.14097163
2026-05-09 08:00:00,4184435.14097163
2026-05-09 08:15:00,4184435.14097163
2026-05-09 08:30:00,4184435.14097163
2026-05-09 08:45:00,4184435.14097163
2026-05-09 09:00:00,4184435.14097163
2026-05-09 09:15:00,4184435.14097163
2026-05-09 09:30:00,4184435.14097163
2026-05-09 09:45:00,4184435.14097163
2026-05-09 10:00:00,4184435.14097163
2026-05-09 10:15:00,4184435.14097163
2026-05-09 10:30:00,4184435.14097163
2026-05-09 10:45:00,4184435.14097163
2026-05-09 11:00:00,4184435.14097163
2026-05-09 11:15:00,4184435.14097163
2026-05-09 11:30:00,4184435.14097163
2026-05-09 11:45:00,4184435.14097163
2026-05-09 12:00:00,4184435.14097163
2026-05-09 12:15:00,4184435.14097163
2026-05-09 12:30:00,4184435.14097163
2026-05-09 12:45:00,4184435.14097163
2026-05-09 13:00:00,4184435.14097163
2026-05-09 13:15:00,4184435.14097163
2026-05-09 13:30:00,4184435.14097163
2026-05-09 13:45:00,4184435.14097163
2026-05-09 14:00:00,4184435.14097163
2026-05-09 14:15:00,4184435.14097163
2026-05-09 14:30:00,4184435.14097163
2026-05-09 14:45:00,4184435.14097163
2026-05-09 15:00:00,4184435.14097163
2026-05-09 15:15:00,4184435.14097163
2026-05-09 15:30:00,4184435.14097163
2026-05-09 15:45:00,4184435.14097163
2026-05-09 16:00:00,4184435.14097163
2026-05-09 16:15:00,4184435.14097163
2026-05-09 16:30:00,4184435.14097163
2026-05-09 16:45:00,4184435.14097163
2026-05-09 17:00:00,4184435.14097163
2026-05-09 17:15:00,4184435.14097163
2026-05-09 17:30:00,4184435.14097163
2026-05-09 17:45:00,4184435.14097163
2026-05-09 18:00:00,4184435.14097163
2026-05-09 18:15:00,4184435.14097163
2026-05-09 18:30:00,4184435.14097163
2026-05-09 18:45:00,4184435.14097163
2026-05-09 19:00:00,4184435.14097163
2026-05-09 19:15:00,4184435.14097163
2026-05-09 19:30:00,4184435.14097163
2026-05-09 19:45:00,4184435.14097163
2026-05-09 20:00:00,4184435.14097163
2026-05-09 20:15:00,4184435.14097163
2026-05-09 20:30:00,4184435.14097163
2026-05-09 20:45:00,4184435.14097163
2026-05-09 21:00:00,4184435.14097163
2026-05-09 21:15:00,4184435.14097163
2026-05-09 21:30:00,4184435.14097163
2026-05-09 21:45:00,4184435.14097163
2026-05-09 22:00:00,4184435.14097163
2026-05-09 22:15:00,4184435.14097163
2026-05-09 22:30:00,4184435.14097163
2026-05-09 22:45:00,4184435.14097163
2026-05-09 23:00:00,4184435.14097163
2026-05-09 23:15:00,4184435.14097163
2026-05-09 23:30:00,4184435.14097163
2026-05-09 23:45:00,4184435.14097163
2026-05-10 00:00:00,4184435.14097163
2026-05-10 00:15:00,4184435.14097163
2026-05-10 00:30:00,4184435.14097163
2026-05-10 00:45:00,4184435.14097163
2026-05-10 01:00:00,4184435.14097163
2026-05-10 01:15:00,4184435.14097163
2026-05-10 01:30:00,4184435.14097163
2026-05-10 01:45:00,4184435.14097163
2026-05-10 02:00:00,4184435.14097163
2026-05-10 02:15:00,4184435.14097163
2026-05-10 02:30:00,4184435.14097163
2026-05-10 02:45:00,4184435.14097163
2026-05-10 03:00:00,4184435.14097163
2026-05-10 03:15:00,4184435.14097163
2026-05-10 03:30:00,4184435.14097163
2026-05-10 03:45:00,4184435.14097163
2026-05-10 04:00:00,4184435.14097163
2026-05-10 04:15:00,4184435.14097163
2026-05-10 04:30:00,4184435.14097163
2026-05-10 04:45:00,4184435.14097163
2026-05-10 05:00:00,4184435.14097163
2026-05-10 05:15:00,4184435.14097163
2026-05-10 05:30:00,4184435.14097163
2026-05-10 05:45:00,4184435.14097163
2026-05-10 06:00:00,4184435.14097163
2026-05-10 06:15:00,4184435.14097163
2026-05-10 06:30:00,4184435.14097163
2026-05-10 06:45:00,4184435.14097163
2026-05-10 07:00:00,4184435.14097163
2026-05-10 07:15:00,4184435.14097163
2026-05-10 07:30:00,4184435.14097163
2026-05-10 07:45:00,4184435.14097163
2026-05-10 08:00:00,4184435.14097163
2026-05-10 08:15:00,4184435.14097163
2026-05-10 08:30:00,4184435.14097163
2026-05-10 08:45:00,4184435.14097163
2026-05-10 09:00:00,4184435.14097163
2026-05-10 09:15:00,4184435.14097163
2026-05-10 09:30:00,4184435.14097163
2026-05-10 09:45:00,4184435.14097163
2026-05-10 10:00:00,4184435.14097163
2026-05-10 10:15:00,4184435.14097163
2026-05-10 10:30:00,4184435.14097163
2026-05-10 10:45:00,4184435.14097163
2026-05-10 11:00:00,4184435.14097163
2026-05-10 11:15:00,4184435.14097163
2026-05-10 11:30:00,4184435.14097163
2026-05-10 11:45:00,4184435.14097163
2026-05-10 12:00:00,4184435.14097163
2026-05-10 12:15:00,4184435.14097163
2026-05-10 12:30:00,4184435.14097163
2026-05-10 12:45:00,4184435.14097163
2026-05-10 13:00:00,4184435.14097163
2026-05-10 13:15:00,4184435.14097163
2026-05-10 13:30:00,4184435.14097163
2026-05-10 13:45:00,4184435.14097163
2026-05-10 14:00:00,4184435.14097163
2026-05-10 14:15:00,4184435.14097163
2026-05-10 14:30:00,4184435.14097163
2026-05-10 14:45:00,4184435.14097163
2026-05-10 15:00:00,4184435.14097163
2026-05-10 15:15:00,4184435.14097163
2026-05-10 15:30:00,4184435.14097163
2026-05-10 15:45:00,4184435.14097163
2026-05-10 16:00:00,4184435.14097163
2026-05-10 16:15:00,4184435.14097163
2026-05-10 16:30:00,4184435.14097163
2026-05-10 16:45:00,4184435.14097163
2026-05-10 17:00:00,4184435.14097163
2026-05-10 17:15:00,4184435.14097163
2026-05-10 17:30:00,4184435.14097163
2026-05-10 17:45:00,4184435.14097163
2026-05-10 18:00:00,4184435.14097163
2026-05-10 18:15:00,4184435.14097163
2026-05-10 18:30:00,4184435.14097163
2026-05-10 18:45:00,4184435.14097163
2026-05-10 19:00:00,4184435.14097163
2026-05-10 19:15:00,4184435.14097163
2026-05-10 19:30:00,4184435.14097163
2026-05-10 19:45:00,4184435.14097163
2026-05-10 20:00:00,4184435.14097163
2026-05-10 20:15:00,4184435.14097163
2026-05-10 20:30:00,4184435.14097163
2026-05-10 20:45:00,4184435.14097163
2026-05-10 21:00:00,4184435.14097163
2026-05-10 21:15:00,4184435.14097163
2026-05-10 21:30:00,4184435.14097163
2026-05-10 21:45:00,4184435.14097163
2026-05-10 22:00:00,4184435.14097163
2026-05-10 22:15:00,4184435.14097163
2026-05-10 22:30:00,4184435.14097163
2026-05-10 22:45:00,4184435.14097163
2026-05-10 23:00:00,4184435.14097163
2026-05-10 23:15:00,4184435.14097163
2026-05-10 23:30:00,4184435.14097163
2026-05-10 23:45:00,4184435.14097163
2026-05-11 00:00:00,4184435.14097163
2026-05-11 00:15:00,4184435.14097163
2026-05-11 00:30:00,4184435.14097163
2026-05-11 00:45:00,4184435.14097163
2026-05-11 01:00:00,4184435.14097163
2026-05-11 01:15:00,4184435.14097163
2026-05-11 01:30:00,4184435.14097163
2026-05-11 01:45:00,4184435.14097163
2026-05-11 02:00:00,4184435.14097163
2026-05-11 02:15:00,4184435.14097163
2026-05-11 02:30:00,4184435.14097163
2026-05-11 02:45:00,4184435.14097163
2026-05-11 03:00:00,4184435.14097163
2026-05-11 03:15:00,4184435.14097163
2026-05-11 03:30:00,4184435.14097163
2026-05-11 03:45:00,4184435.14097163
2026-05-11 04:00:00,4184435.14097163
2026-05-11 04:15:00,4184435.14097163
2026-05-11 04:30:00,4184435.14097163
2026-05-11 04:45:00,4184435.14097163
2026-05-11 05:00:00,4184435.14097163
2026-05-11 05:15:00,4184435.14097163
2026-05-11 05:30:00,4184435.14097163
2026-05-11 05:45:00,4184435.14097163
2026-05-11 06:00:00,4184435.14097163
2026-05-11 06:15:00,4184435.14097163
2026-05-11 06:30:00,4184435.14097163
2026-05-11 06:45:00,4184435.14097163
2026-05-11 07:00:00,4184435.14097163
2026-05-11 07:15:00,4184435.14097163
2026-05-11 07:30:00,4184435.14097163
2026-05-11 07:45:00,4184435.14097163
2026-05-11 08:00:00,4184435.14097163
2026-05-11 08:15:00,4184435.14097163
2026-05-11 08:30:00,4184435.14097163
2026-05-11 08:45:00,4184435.14097163
2026-05-11 09:00:00,4184435.14097163
2026-05-11 09:15:00,4184435.14097163
2026-05-11 09:30:00,4184435.14097163
2026-05-11 09:45:00,4184435.14097163
2026-05-11 10:00:00,4184435.14097163
2026-05-11 10:15:00,4184435.14097163
2026-05-11 10:30:00,4184435.14097163
2026-05-11 10:45:00,4184435.14097163
2026-05-11 11:00:00,4184435.14097163
2026-05-11 11:15:00,4184435.14097163
2026-05-11 11:30:00,4184435.14097163
2026-05-11 11:45:00,4184435.14097163
2026-05-11 12:00:00,4184435.14097163
2026-05-11 12:15:00,4184435.14097163
2026-05-11 12:30:00,4184435.14097163
2026-05-11 12:45:00,4184435.14097163
2026-05-11 13:00:00,4184435.14097163
2026-05-11 13:15:00,4184435.14097163
2026-05-11 13:30:00,4184435.14097163
2026-05-11 13:45:00,4184435.14097163
2026-05-11 14:00:00,4184435.14097163
2026-05-11 14:15:00,4184435.14097163
2026-05-11 14:30:00,4184435.14097163
2026-05-11 14:45:00,4184435.14097163
2026-05-11 15:00:00,4184435.14097163
2026-05-11 15:15:00,4184435.14097163
2026-05-11 15:30:00,4184435.14097163
2026-05-11 15:45:00,4184435.14097163
2026-05-11 16:00:00,4184435.14097163
2026-05-11 16:15:00,4184435.14097163
2026-05-11 16:30:00,4184435.14097163
2026-05-11 16:45:00,4184435.14097163
2026-05-11 17:00:00,4184435.14097163
2026-05-11 17:15:00,4184435.14097163
2026-05-11 17:30:00,4184435.14097163
2026-05-11 17:45:00,4184435.14097163
2026-05-11 18:00:00,4184435.14097163
2026-05-11 18:15:00,4184435.14097163
2026-05-11 18:30:00,4184435.14097163
2026-05-11 18:45:00,4184435.14097163
2026-05-11 19:00:00,4184435.14097163
2026-05-11 19:15:00,4184435.14097163
2026-05-11 19:30:00,4184435.14097163
2026-05-11 19:45:00,4184435.14097163
2026-05-11 20:00:00,4184435.14097163
2026-05-11 20:15:00,4184435.14097163
2026-05-11 20:30:00,4184435.14097163
2026-05-11 20:45:00,4184435.14097163
2026-05-11 21:00:00,4184435.14097163
2026-05-11 21:15:00,4184435.14097163
2026-05-11 21:30:00,4184435.14097163
2026-05-11 21:45:00,4184435.14097163
2026-05-11 22:00:00,4184435.14097163
2026-05-11 22:15:00,4184435.14097163
2026-05-11 22:30:00,4184435.14097163
2026-05-11 22:45:00,4184435.14097163
2026-05-11 23:00:00,4184435.14097163
2026-05-11 23:15:00,4184435.14097163
2026-05-11 23:30:00,4184435.14097163
2026-05-11 23:45:00,4184435.14097163
2026-05-12 00:00:00,4184435.14097163
2026-05-12 00:15:00,4184435.14097163
2026-05-12 00:30:00,4184435.14097163
2026-05-12 00:45:00,4184435.14097163
2026-05-12 01:00:00,4184435.14097163
2026-05-12 01:15:00,4184435.14097163
2026-05-12 01:30:00,4184435.14097163
2026-05-12 01:45:00,4184435.14097163
2026-05-12 02:00:00,4184435.14097163
2026-05-12 02:15:00,4184435.14097163
2026-05-12 02:30:00,4184435.14097163
2026-05-12 02:45:00,4184435.14097163
2026-05-12 03:00:00,4184435.14097163
2026-05-12 03:15:00,4184435.14097163
2026-05-12 03:30:00,4184435.14097163
2026-05-12 03:45:00,4184435.14097163
2026-05-12 04:00:00,4184435.14097163
2026-05-12 04:15:00,4184435.14097163
2026-05-12 04:30:00,4184435.14097163
2026-05-12 04:45:00,4184435.14097163
2026-05-12 05:00:00,4184435.14097163
2026-05-12 05:15:00,4184435.14097163
2026-05-12 05:30:00,4184435.14097163
2026-05-12 05:45:00,4184435.14097163
2026-05-12 06:00:00,4184435.14097163
2026-05-12 06:15:00,4184435.14097163
2026-05-12 06:30:00,4184435.14097163
2026-05-12 06:45:00,4184435.14097163
2026-05-12 07:00:00,4184435.14097163
2026-05-12 07:15:00,4184435.14097163
2026-05-12 07:30:00,4184435.14097163
2026-05-12 07:45:00,4184435.14097163
2026-05-12 08:00:00,4184435.14097163
2026-05-12 08:15:00,4184435.14097163
2026-05-12 08:30:00,4184435.14097163
2026-05-12 08:45:00,4184435.14097163
2026-05-12 09:00:00,4184435.14097163
2026-05-12 09:15:00,4184435.14097163
2026-05-12 09:30:00,4184435.14097163
2026-05-12 09:45:00,4184435.14097163
2026-05-12 10:00:00,4184435.14097163
2026-05-12 10:15:00,4184435.14097163
2026-05-12 10:30:00,4184435.14097163
2026-05-12 10:45:00,4184435.14097163
2026-05-12 11:00:00,4184435.14097163
2026-05-12 11:15:00,4184435.14097163
2026-05-12 11:30:00,4184435.14097163
2026-05-12 11:45:00,4184435.14097163
2026-05-12 12:00:00,4184435.14097163
2026-05-12 12:15:00,4184435.14097163
2026-05-12 12:30:00,4184435.14097163
2026-05-12 12:45:00,4184435.14097163
2026-05-12 13:00:00,4184435.14097163
2026-05-12 13:15:00,4184435.14097163
2026-05-12 13:30:00,4184435.14097163
2026-05-12 13:45:00,4184435.14097163
2026-05-12 14:00:00,4184435.14097163
2026-05-12 14:15:00,4184435.14097163
2026-05-12 14:30:00,4184435.14097163
2026-05-12 14:45:00,4184435.14097163
2026-05-12 15:00:00,4184435.14097163
2026-05-12 15:15:00,4184435.14097163
2026-05-12 15:30:00,4184435.14097163
2026-05-12 15:45:00,4184435.14097163
2026-05-12 16:00:00,4184435.14097163
2026-05-12 16:15:00,4184435.14097163
2026-05-12 16:30:00,4184435.14097163
2026-05-12 16:45:00,4184435.14097163
2026-05-12 17:00:00,4184435.14097163
2026-05-12 17:15:00,4184435.14097163
2026-05-12 17:30:00,4184435.14097163
2026-05-12 17:45:00,4184435.14097163
2026-05-12 18:00:00,4184435.14097163
2026-05-12 18:15:00,4184435.14097163
2026-05-12 18:30:00,4184435.14097163
2026-05-12 18:45:00,4184435.14097163
2026-05-12 19:00:00,4184435.14097163
2026-05-12 19:15:00,4184435.14097163
2026-05-12 19:30:00,4184435.14097163
2026-05-12 19:45:00,4184435.14097163
2026-05-12 20:00:00,4184435.14097163
2026-05-12 20:15:00,4184435.14097163
2026-05-12 20:30:00,4184435.14097163
2026-05-12 20:45:00,4184435.14097163
2026-05-12 21:00:00,4184435.14097163
2026-05-12 21:15:00,4184435.14097163
2026-05-12 21:30:00,4184435.14097163
2026-05-12 21:45:00,4184435.14097163
2026-05-12 22:00:00,4184435.14097163
2026-05-12 22:15:00,4184435.14097163
2026-05-12 22:30:00,4184435.14097163
2026-05-12 22:45:00,4184435.14097163
2026-05-12 23:00:00,4184435.14097163
2026-05-12 23:15:00,4184435.14097163
2026-05-12 23:30:00,4184435.14097163
2026-05-12 23:45:00,4184435.14097163
2026-05-13 00:00:00,4184435.14097163
2026-05-13 00:15:00,4184435.14097163
2026-05-13 00:30:00,4184435.14097163
2026-05-13 00:45:00,4184435.14097163
2026-05-13 01:00:00,4184435.14097163
2026-05-13 01:15:00,4184435.14097163
2026-05-13 01:30:00,4184435.14097163
2026-05-13 01:45:00,4184435.14097163
2026-05-13 02:00:00,4184435.14097163
2026-05-13 02:15:00,4184435.14097163
2026-05-13 02:30:00,4184435.14097163
2026-05-13 02:45:00,4184435.14097163
2026-05-13 03:00:00,4184435.14097163
2026-05-13 03:15:00,4184435.14097163
2026-05-13 03:30:00,4184435.14097163
2026-05-13 03:45:00,4184435.14097163
2026-05-13 04:00:00,4184435.14097163
2026-05-13 04:15:00,4184435.14097163
2026-05-13 04:30:00,4184435.14097163
2026-05-13 04:45:00,4184435.14097163
2026-05-13 05:00:00,4184435.14097163
2026-05-13 05:15:00,4184435.14097163
2026-05-13 05:30:00,4184435.14097163
2026-05-13 05:45:00,4184435.14097163
2026-05-13 06:00:00,4184435.14097163
2026-05-13 06:15:00,4184435.14097163
2026-05-13 06:30:00,4184435.14097163
2026-05-13 06:45:00,4184435.14097163
2026-05-13 07:00:00,4184435.14097163
2026-05-13 07:15:00,4184435.14097163
2026-05-13 07:30:00,4184435.14097163
2026-05-13 07:45:00,4184435.14097163
2026-05-13 08:00:00,4184435.14097163
2026-05-13 08:15:00,4184435.14097163
2026-05-13 08:30:00,4184435.14097163
2026-05-13 08:45:00,4184435.14097163
2026-05-13 09:00:00,4184435.14097163
2026-05-13 09:15:00,4184435.14097163
2026-05-13 09:30:00,4184435.14097163
2026-05-13 09:45:00,4184435.14097163
2026-05-13 10:00:00,4184435.14097163
2026-05-13 10:15:00,4184435.14097163
2026-05-13 10:30:00,4184435.14097163
2026-05-13 10:45:00,4184435.14097163
2026-05-13 11:00:00,4184435.14097163
2026-05-13 11:15:00,4184435.14097163
2026-05-13 11:30:00,4184435.14097163
2026-05-13 11:45:00,4184435.14097163
2026-05-13 12:00:00,4184435.14097163
2026-05-13 12:15:00,4184435.14097163
2026-05-13 12:30:00,4184435.14097163
2026-05-13 12:45:00,4184435.14097163
2026-05-13 13:00:00,4184435.14097163
2026-05-13 13:15:00,4184435.14097163
2026-05-13 13:30:00,4184435.14097163
2026-05-13 13:45:00,4184435.14097163
2026-05-13 14:00:00,4184435.14097163
2026-05-13 14:15:00,4184435.14097163
2026-05-13 14:30:00,4184435.14097163
2026-05-13 14:45:00,4184435.14097163
2026-05-13 15:00:00,4184435.14097163
2026-05-13 15:15:00,4184435.14097163
2026-05-13 15:30:00,4184435.14097163
2026-05-13 15:45:00,4184435.14097163
2026-05-13 16:00:00,4184435.14097163
2026-05-13 16:15:00,4184435.14097163
2026-05-13 16:30:00,4184435.14097163
2026-05-13 16:45:00,4184435.14097163
2026-05-13 17:00:00,4184435.14097163
2026-05-13 17:15:00,4184435.14097163
2026-05-13 17:30:00,4184435.14097163
2026-05-13 17:45:00,4184435.14097163
2026-05-13 18:00:00,4184435.14097163
2026-05-13 18:15:00,4184435.14097163
2026-05-13 18:30:00,4184435.14097163
2026-05-13 18:45:00,4184435.14097163
2026-05-13 19:00:00,4184435.14097163
2026-05-13 19:15:00,4184435.14097163
2026-05-13 19:30:00,4184435.14097163
2026-05-13 19:45:00,4184435.14097163
2026-05-13 20:00:00,4184435.14097163
2026-05-13 20:15:00,4184435.14097163
2026-05-13 20:30:00,4184435.14097163
2026-05-13 20:45:00,4184435.14097163
2026-05-13 21:00:00,4184435.14097163
2026-05-13 21:15:00,4184435.14097163
2026-05-13 21:30:00,4184435.14097163
2026-05-13 21:45:00,4184435.14097163
2026-05-13 22:00:00,4184435.14097163
2026-05-13 22:15:00,4184435.14097163
2026-05-13 22:30:00,4184435.14097163
2026-05-13 22:45:00,4184435.14097163
2026-05-13 23:00:00,4184435.14097163
2026-05-13 23:15:00,4184435.14097163
2026-05-13 23:30:00,4184435.14097163
2026-05-13 23:45:00,4184435.14097163
2026-05-14 00:00:00,4184435.14097163
2026-05-14 00:15:00,4184435.14097163
2026-05-14 00:30:00,4184435.14097163
2026-05-14 00:45:00,4184435.14097163
2026-05-14 01:00:00,4184435.14097163
2026-05-14 01:15:00,4184435.14097163
2026-05-14 01:30:00,4184435.14097163
2026-05-14 01:45:00,4184435.14097163
2026-05-14 02:00:00,4184435.14097163
2026-05-14 02:15:00,4184435.14097163
2026-05-14 02:30:00,4184435.14097163
2026-05-14 02:45:00,4184435.14097163
2026-05-14 03:00:00,4184435.14097163
2026-05-14 03:15:00,4184435.14097163
2026-05-14 03:30:00,4184435.14097163
2026-05-14 03:45:00,4184435.14097163
2026-05-14 04:00:00,4184435.14097163
2026-05-14 04:15:00,4184435.14097163
2026-05-14 04:30:00,4184435.14097163
2026-05-14 04:45:00,4184435.14097163
2026-05-14 05:00:00,4184435.14097163
2026-05-14 05:15:00,4184435.14097163
2026-05-14 05:30:00,4184435.14097163
2026-05-14 05:45:00,4184435.14097163
2026-05-14 06:00:00,4184435.14097163
2026-05-14 06:15:00,4184435.14097163
2026-05-14 06:30:00,4184435.14097163
2026-05-14 06:45:00,4184435.14097163
2026-05-14 07:00:00,4184435.14097163
2026-05-14 07:15:00,4184435.14097163
2026-05-14 07:30:00,4184435.14097163
2026-05-14 07:45:00,4184435.14097163
2026-05-14 08:00:00,4184435.14097163
2026-05-14 08:15:00,4184435.14097163
2026-05-14 08:30:00,4184435.14097163
2026-05-14 08:45:00,4184435.14097163
2026-05-14 09:00:00,4184435.14097163
2026-05-14 09:15:00,4184435.14097163
2026-05-14 09:30:00,4184435.14097163
2026-05-14 09:45:00,4184435.14097163
2026-05-14 10:00:00,4184435.14097163
2026-05-14 10:15:00,4184435.14097163
2026-05-14 10:30:00,4184435.14097163
2026-05-14 10:45:00,4184435.14097163
2026-05-14 11:00:00,4184435.14097163
2026-05-14 11:15:00,4184435.14097163
2026-05-14 11:30:00,4184435.14097163
2026-05-14 11:45:00,4184435.14097163
2026-05-14 12:00:00,4184435.14097163
2026-05-14 12:15:00,4184435.14097163
2026-05-14 12:30:00,4184435.14097163
2026-05-14 12:45:00,4184435.14097163
2026-05-14 13:00:00,4184435.14097163
2026-05-14 13:15:00,4184435.14097163
2026-05-14 13:30:00,4184435.14097163
2026-05-14 13:45:00,4184435.14097163
2026-05-14 14:00:00,4184435.14097163
2026-05-14 14:15:00,4184435.14097163
2026-05-14 14:30:00,4184435.14097163
2026-05-14 14:45:00,4184435.14097163
2026-05-14 15:00:00,4184435.14097163
2026-05-14 15:15:00,4184435.14097163
2026-05-14 15:30:00,4184435.14097163
2026-05-14 15:45:00,4184435.14097163
2026-05-14 16:00:00,4184435.14097163
2026-05-14 16:15:00,4184435.14097163
2026-05-14 16:30:00,4184435.14097163
2026-05-14 16:45:00,4184435.14097163
2026-05-14 17:00:00,4184435.14097163
2026-05-14 17:15:00,4184435.14097163
2026-05-14 17:30:00,4184435.14097163
2026-05-14 17:45:00,4184435.14097163
2026-05-14 18:00:00,4184435.14097163
2026-05-14 18:15:00,4184435.14097163
2026-05-14 18:30:00,4184435.14097163
2026-05-14 18:45:00,4184435.14097163
2026-05-14 19:00:00,4184435.14097163
2026-05-14 19:15:00,4184435.14097163
2026-05-14 19:30:00,4184435.14097163
2026-05-14 19:45:00,4184435.14097163
2026-05-14 20:00:00,4184435.14097163
2026-05-14 20:15:00,4184435.14097163
2026-05-14 20:30:00,4184435.14097163
2026-05-14 20:45:00,4184435.14097163
2026-05-14 21:00:00,4184435.14097163
2026-05-14 21:15:00,4184435.14097163
2026-05-14 21:30:00,4184435.14097163
2026-05-14 21:45:00,4184435.14097163
2026-05-14 22:00:00,4184435.14097163
2026-05-14 22:15:00,4184435.14097163
2026-05-14 22:30:00,4184435.14097163
2026-05-14 22:45:00,4184435.14097163
2026-05-14 23:00:00,4184435.14097163
2026-05-14 23:15:00,4184435.14097163
2026-05-14 23:30:00,4184435.14097163
2026-05-14 23:45:00,4184435.14097163
2026-05-15 00:00:00,4184435.14097163
2026-05-15 00:15:00,4184435.14097163
2026-05-15 00:30:00,4184435.14097163
2026-05-15 00:45:00,4184435.14097163
2026-05-15 01:00:00,4184435.14097163
2026-05-15 01:15:00,4184435.14097163
2026-05-15 01:30:00,4184435.14097163
2026-05-15 01:45:00,4184435.14097163
2026-05-15 02:00:00,4184435.14097163
2026-05-15 02:15:00,4184435.14097163
2026-05-15 02:30:00,4184435.14097163
2026-05-15 02:45:00,4184435.14097163
2026-05-15 03:00:00,4184435.14097163
2026-05-15 03:15:00,4184435.14097163
2026-05-15 03:30:00,4184435.14097163
2026-05-15 03:45:00,4184435.14097163
2026-05-15 04:00:00,4184435.14097163
2026-05-15 04:15:00,4184435.14097163
2026-05-15 04:30:00,4184435.14097163
2026-05-15 04:45:00,4184435.14097163
2026-05-15 05:00:00,4184435.14097163
2026-05-15 05:15:00,4184435.14097163
2026-05-15 05:30:00,4184435.14097163
2026-05-15 05:45:00,4184435.14097163
2026-05-15 06:00:00,4184435.14097163
2026-05-15 06:15:00,4184435.14097163
2026-05-15 06:30:00,4184435.14097163
2026-05-15 06:45:00,4184435.14097163
2026-05-15 07:00:00,4184435.14097163
2026-05-15 07:15:00,4184435.14097163
2026-05-15 07:30:00,4184435.14097163
2026-05-15 07:45:00,4184435.14097163
2026-05-15 08:00:00,4184435.14097163
2026-05-15 08:15:00,4184435.14097163
2026-05-15 08:30:00,4184435.14097163
2026-05-15 08:45:00,4184435.14097163
2026-05-15 09:00:00,4184435.14097163
2026-05-15 09:15:00,4184435.14097163
2026-05-15 09:30:00,4184435.14097163
2026-05-15 09:45:00,4184435.14097163
2026-05-15 10:00:00,4184435.14097163
2026-05-15 10:15:00,4184435.14097163
2026-05-15 10:30:00,4184435.14097163
2026-05-15 10:45:00,4184435.14097163
2026-05-15 11:00:00,4184435.14097163
2026-05-15 11:15:00,4184435.14097163
2026-05-15 11:30:00,4184435.14097163
2026-05-15 11:45:00,4184435.14097163
2026-05-15 12:00:00,4184435.14097163
2026-05-15 12:15:00,4184435.14097163
2026-05-15 12:30:00,4184435.14097163
2026-05-15 12:45:00,4184435.14097163
2026-05-15 13:00:00,4184435.14097163
2026-05-15 13:15:00,4184435.14097163
2026-05-15 13:30:00,4184435.14097163
2026-05-15 13:45:00,4184435.14097163
2026-05-15 14:00:00,4184435.14097163
2026-05-15 14:15:00,4184435.14097163
2026-05-15 14:30:00,4184435.14097163
2026-05-15 14:45:00,4184435.14097163
2026-05-15 15:00:00,4184435.14097163
2026-05-15 15:15:00,4184435.14097163
2026-05-15 15:30:00,4184435.14097163
2026-05-15 15:45:00,4184435.14097163
2026-05-15 16:00:00,4184435.14097163
2026-05-15 16:15:00,4184435.14097163
2026-05-15 16:30:00,4184435.14097163
2026-05-15 16:45:00,4184435.14097163
2026-05-15 17:00:00,4184435.14097163
2026-05-15 17:15:00,4184435.14097163
2026-05-15 17:30:00,4184435.14097163
2026-05-15 17:45:00,4184435.14097163
2026-05-15 18:00:00,4184435.14097163
2026-05-15 18:15:00,4184435.14097163
2026-05-15 18:30:00,4184435.14097163
2026-05-15 18:45:00,4184435.14097163
2026-05-15 19:00:00,4184435.14097163
2026-05-15 19:15:00,4184435.14097163
2026-05-15 19:30:00,4184435.14097163
2026-05-15 19:45:00,4184435.14097163
2026-05-15 20:00:00,4184435.14097163
2026-05-15 20:15:00,4184435.14097163
2026-05-15 20:30:00,4184435.14097163
2026-05-15 20:45:00,4184435.14097163
2026-05-15 21:00:00,4184435.14097163
2026-05-15 21:15:00,4184435.14097163
2026-05-15 21:30:00,4184435.14097163
2026-05-15 21:45:00,4184435.14097163
2026-05-15 22:00:00,4184435.14097163
2026-05-15 22:15:00,4184435.14097163
2026-05-15 22:30:00,4184435.14097163
2026-05-15 22:45:00,4184435.14097163
2026-05-15 23:00:00,4184435.14097163
2026-05-15 23:15:00,4184435.14097163
2026-05-15 23:30:00,4184435.14097163
2026-05-15 23:45:00,4184435.14097163
2026-05-16 01:00:00,4184435.14097163
2026-05-16 01:15:00,4184435.14097163
2026-05-16 01:30:00,4184435.14097163
2026-05-16 01:45:00,4184435.14097163
2026-05-16 02:00:00,4184435.14097163
2026-05-16 02:15:00,4184435.14097163
2026-05-16 02:30:00,4184435.14097163
2026-05-16 02:45:00,4184435.14097163
2026-05-16 03:00:00,4184435.14097163
2026-05-16 03:15:00,4184435.14097163
2026-05-16 03:30:00,4184435.14097163
2026-05-16 03:45:00,4184435.14097163
2026-05-16 04:00:00,4184435.14097163
2026-05-16 04:15:00,4184435.14097163
2026-05-16 04:30:00,4184435.14097163
2026-05-16 04:45:00,4184435.14097163
2026-05-16 05:00:00,4184435.14097163
2026-05-16 05:15:00,4184435.14097163
2026-05-16 05:30:00,4184435.14097163
2026-05-16 05:45:00,4184435.14097163
2026-05-16 06:00:00,4184435.14097163
2026-05-16 06:15:00,4184435.14097163
2026-05-16 06:30:00,4184435.14097163
2026-05-16 06:45:00,4184435.14097163
2026-05-16 07:00:00,4184435.14097163
2026-05-16 07:15:00,4184435.14097163
2026-05-16 07:30:00,4184435.14097163
2026-05-16 07:45:00,4184435.14097163
2026-05-16 08:00:00,4184435.14097163
2026-05-16 08:15:00,4184435.14097163
2026-05-16 08:30:00,4184435.14097163
2026-05-16 08:45:00,4184435.14097163
2026-05-16 09:00:00,4184435.14097163
2026-05-16 09:15:00,4184435.14097163
2026-05-16 09:30:00,4184435.14097163
2026-05-16 09:45:00,4184435.14097163
2026-05-16 10:00:00,4184435.14097163
2026-05-16 10:15:00,4184435.14097163
2026-05-16 10:30:00,4184435.14097163
2026-05-16 10:45:00,4184435.14097163
2026-05-16 11:00:00,4184435.14097163
2026-05-16 11:15:00,4184435.14097163
2026-05-16 11:30:00,4184435.14097163
2026-05-16 11:45:00,4184435.14097163
2026-05-16 12:00:00,4184435.14097163
2026-05-16 12:15:00,4184435.14097163
2026-05-16 12:30:00,4184435.14097163
2026-05-16 12:45:00,4184435.14097163
2026-05-16 13:00:00,4184435.14097163
2026-05-16 13:15:00,4184435.14097163
2026-05-16 13:30:00,4184435.14097163
2026-05-16 13:45:00,4184435.14097163
2026-05-16 14:00:00,4184435.14097163
2026-05-16 14:15:00,4184435.14097163
2026-05-16 14:30:00,4184435.14097163
2026-05-16 14:45:00,4184435.14097163
2026-05-16 15:00:00,4184435.14097163
2026-05-16 15:15:00,4184435.14097163
2026-05-16 15:30:00,4184435.14097163
2026-05-16 15:45:00,4184435.14097163
2026-05-16 16:00:00,4184435.14097163
2026-05-16 16:15:00,4184435.14097163
2026-05-16 16:30:00,4184435.14097163
2026-05-16 16:45:00,4184435.14097163
2026-05-16 17:00:00,4184435.14097163
2026-05-16 17:15:00,4184435.14097163
2026-05-16 17:30:00,4184435.14097163
2026-05-16 17:45:00,4184435.14097163
2026-05-16 18:00:00,4184435.14097163
2026-05-16 18:15:00,4184435.14097163
2026-05-16 18:30:00,4184435.14097163
2026-05-16 18:45:00,4184435.14097163
2026-05-16 19:00:00,4184435.14097163
2026-05-16 19:15:00,4184435.14097163
2026-05-16 19:30:00,4184435.14097163
2026-05-16 19:45:00,4184435.14097163
2026-05-16 20:00:00,4184435.14097163
2026-05-16 20:15:00,4184435.14097163
2026-05-16 20:30:00,4184435.14097163
2026-05-16 20:45:00,4184435.14097163
2026-05-16 21:00:00,4184435.14097163
2026-05-16 21:15:00,4184435.14097163
2026-05-16 21:30:00,4184435.14097163
2026-05-16 21:45:00,4184435.14097163
2026-05-16 22:00:00,4184435.14097163
2026-05-16 22:15:00,4184435.14097163
2026-05-16 22:30:00,4184435.14097163
2026-05-16 22:45:00,4184435.14097163
2026-05-16 23:00:00,4184435.14097163
2026-05-16 23:15:00,4184435.14097163
2026-05-16 23:30:00,4184435.14097163
2026-05-16 23:45:00,4184435.14097163
2026-05-17 00:00:00,4184435.14097163
2026-05-17 00:15:00,4184435.14097163
2026-05-17 00:30:00,4184435.14097163
2026-05-17 00:45:00,4184435.14097163
2026-05-17 01:00:00,4184435.14097163
2026-05-17 01:15:00,4184435.14097163
2026-05-17 01:30:00,4184435.14097163
2026-05-17 01:45:00,4184435.14097163
2026-05-17 02:00:00,4184435.14097163
2026-05-17 02:15:00,4184435.14097163
2026-05-17 02:30:00,4184435.14097163
2026-05-17 02:45:00,4184435.14097163
2026-05-17 03:00:00,4184435.14097163
2026-05-17 03:15:00,4184435.14097163
2026-05-17 03:30:00,4184435.14097163
2026-05-17 03:45:00,4184435.14097163
2026-05-17 04:00:00,4184435.14097163
2026-05-17 04:15:00,4184435.14097163
2026-05-17 04:30:00,4184435.14097163
2026-05-17 04:45:00,4184435.14097163
2026-05-17 05:00:00,4184435.14097163
2026-05-17 05:15:00,4184435.14097163
2026-05-17 05:30:00,4184435.14097163
2026-05-17 05:45:00,4184435.14097163
2026-05-17 06:00:00,4184435.14097163
2026-05-17 06:15:00,4184435.14097163
2026-05-17 06:30:00,4184435.14097163
2026-05-17 06:45:00,4184435.14097163
2026-05-17 07:00:00,4184435.14097163
2026-05-17 07:15:00,4184435.14097163
2026-05-17 07:30:00,4184435.14097163
2026-05-17 07:45:00,4184435.14097163
2026-05-17 08:00:00,4184435.14097163
2026-05-17 08:15:00,4184435.14097163
2026-05-17 08:30:00,4184435.14097163
2026-05-17 08:45:00,4184435.14097163
2026-05-17 09:00:00,4184435.14097163
2026-05-17 09:15:00,4184435.14097163
2026-05-17 09:30:00,4184435.14097163
2026-05-17 09:45:00,4184435.14097163
2026-05-17 10:00:00,4184435.14097163
2026-05-17 10:15:00,4184435.14097163
2026-05-17 10:30:00,4184435.14097163
2026-05-17 10:45:00,4184435.14097163
2026-05-17 11:00:00,4184435.14097163
2026-05-17 11:15:00,4184435.14097163
2026-05-17 11:30:00,4184435.14097163
2026-05-17 11:45:00,4184435.14097163
2026-05-17 12:00:00,4184435.14097163
2026-05-17 12:15:00,4184435.14097163
2026-05-17 12:30:00,4184435.14097163
2026-05-17 12:45:00,4184435.14097163
2026-05-17 13:00:00,4184435.14097163
2026-05-17 13:15:00,4184435.14097163
2026-05-17 13:30:00,4184435.14097163
2026-05-17 13:45:00,4184435.14097163
2026-05-17 14:00:00,4184435.14097163
2026-05-17 14:15:00,4184435.14097163
2026-05-17 14:30:00,4184435.14097163
2026-05-17 14:45:00,4184435.14097163
2026-05-17 15:00:00,4184435.14097163
2026-05-17 15:15:00,4184435.14097163
2026-05-17 15:30:00,4184435.14097163
2026-05-17 15:45:00,4184435.14097163
2026-05-17 16:00:00,4184435.14097163
2026-05-17 16:15:00,4184435.14097163
2026-05-17 16:30:00,4184435.14097163
2026-05-17 16:45:00,4184435.14097163
2026-05-17 17:00:00,4184435.14097163
2026-05-17 17:15:00,4184435.14097163
2026-05-17 17:30:00,4184435.14097163
2026-05-17 17:45:00,4184435.14097163
2026-05-17 18:00:00,4184435.14097163
2026-05-17 18:15:00,4184435.14097163
2026-05-17 18:30:00,4184435.14097163
2026-05-17 18:45:00,4184435.14097163
2026-05-17 19:00:00,4184435.14097163
2026-05-17 19:15:00,4184435.14097163
2026-05-17 19:30:00,4184435.14097163
2026-05-17 19:45:00,4184435.14097163
2026-05-17 20:00:00,4184435.14097163
2026-05-17 20:15:00,4184435.14097163
2026-05-17 20:30:00,4184435.14097163
2026-05-17 20:45:00,4184435.14097163
2026-05-17 21:00:00,4184435.14097163
2026-05-17 21:15:00,4184435.14097163
2026-05-17 21:30:00,4184435.14097163
2026-05-17 21:45:00,4184435.14097163
2026-05-17 22:00:00,4184435.14097163
2026-05-17 22:15:00,4184435.14097163
2026-05-17 22:30:00,4184435.14097163
2026-05-17 22:45:00,4184435.14097163
2026-05-17 23:00:00,4184435.14097163
2026-05-17 23:15:00,4184435.14097163
2026-05-17 23:30:00,4184435.14097163
2026-05-17 23:45:00,4184435.14097163
2026-05-18 00:00:00,4184435.14097163
2026-05-18 00:15:00,4184435.14097163
2026-05-18 00:30:00,4184435.14097163
2026-05-18 00:45:00,4184435.14097163
2026-05-18 01:00:00,4184435.14097163
2026-05-18 01:15:00,4184435.14097163
2026-05-18 01:30:00,4184435.14097163
2026-05-18 01:45:00,4184435.14097163
2026-05-18 02:00:00,4184435.14097163
2026-05-18 02:15:00,4184435.14097163
2026-05-18 02:30:00,4184435.14097163
2026-05-18 02:45:00,4184435.14097163
2026-05-18 03:00:00,4184435.14097163
2026-05-18 03:15:00,4184435.14097163
2026-05-18 03:30:00,4184435.14097163
2026-05-18 03:45:00,4184435.14097163
2026-05-18 04:00:00,4184435.14097163
2026-05-18 04:15:00,4184435.14097163
2026-05-18 04:30:00,4184435.14097163
2026-05-18 04:45:00,4184435.14097163
2026-05-18 05:00:00,4184435.14097163
2026-05-18 05:15:00,4184435.14097163
2026-05-18 05:30:00,4184435.14097163
2026-05-18 05:45:00,4184435.14097163
2026-05-18 06:00:00,4184435.14097163
2026-05-18 06:15:00,4184435.14097163
2026-05-18 06:30:00,4184435.14097163
2026-05-18 06:45:00,4184435.14097163
2026-05-18 07:00:00,4184435.14097163
2026-05-18 07:15:00,4184435.14097163
2026-05-18 07:30:00,4184435.14097163
2026-05-18 07:45:00,4184435.14097163
2026-05-18 08:00:00,4184435.14097163
2026-05-18 08:15:00,4184435.14097163
2026-05-18 08:30:00,4184435.14097163
2026-05-18 08:45:00,4184435.14097163
2026-05-18 09:00:00,4184435.14097163
2026-05-18 09:15:00,4184435.14097163
2026-05-18 09:30:00,4184435.14097163
2026-05-18 09:45:00,4184435.14097163
2026-05-18 10:00:00,4184435.14097163
2026-05-18 10:15:00,4184435.14097163
2026-05-18 10:30:00,4184435.14097163
2026-05-18 10:45:00,4184435.14097163
2026-05-18 11:00:00,4184435.14097163
2026-05-18 11:15:00,4184435.14097163
2026-05-18 11:30:00,4184435.14097163
2026-05-18 11:45:00,4184435.14097163
2026-05-18 12:00:00,4184435.14097163
2026-05-18 12:15:00,4184435.14097163
2026-05-18 12:30:00,4184435.14097163
2026-05-18 12:45:00,4184435.14097163
2026-05-18 13:00:00,4184435.14097163
2026-05-18 13:15:00,4184435.14097163
2026-05-18 13:30:00,4184435.14097163
2026-05-18 13:45:00,4184435.14097163
2026-05-18 14:00:00,4184435.14097163
2026-05-18 14:15:00,4184435.14097163
2026-05-18 14:30:00,4184435.14097163
2026-05-18 14:45:00,4184435.14097163
2026-05-18 15:00:00,4184435.14097163
2026-05-18 15:15:00,4184435.14097163
2026-05-18 15:30:00,4184435.14097163
2026-05-18 15:45:00,4184435.14097163
2026-05-18 16:00:00,4184435.14097163
2026-05-18 16:15:00,4184435.14097163
2026-05-18 16:30:00,4184435.14097163
2026-05-18 16:45:00,4184435.14097163
2026-05-18 17:00:00,4184435.14097163
2026-05-18 17:15:00,4184435.14097163
2026-05-18 17:30:00,4184435.14097163
2026-05-18 17:45:00,4184435.14097163
2026-05-18 18:00:00,4184435.14097163
2026-05-18 18:15:00,4184435.14097163
2026-05-18 18:30:00,4184435.14097163
2026-05-18 18:45:00,4184435.14097163
2026-05-18 19:00:00,4184435.14097163
2026-05-18 19:15:00,4184435.14097163
2026-05-18 19:30:00,4184435.14097163
2026-05-18 19:45:00,4184435.14097163
2026-05-18 20:00:00,4184435.14097163
2026-05-18 20:15:00,4184435.14097163
2026-05-18 20:30:00,4184435.14097163
2026-05-18 20:45:00,4184435.14097163
2026-05-18 21:00:00,4184435.14097163
2026-05-18 21:15:00,4184435.14097163
2026-05-18 21:30:00,4184435.14097163
2026-05-18 21:45:00,4184435.14097163
2026-05-18 22:00:00,4184435.14097163
2026-05-18 22:15:00,4184435.14097163
2026-05-18 22:30:00,4184435.14097163
2026-05-18 22:45:00,4184435.14097163
2026-05-18 23:00:00,4184435.14097163
2026-05-18 23:15:00,4184435.14097163
2026-05-18 23:30:00,4184435.14097163
2026-05-18 23:45:00,4184435.14097163
2026-05-19 00:00:00,4184435.14097163
2026-05-19 00:15:00,4184435.14097163
2026-05-19 00:30:00,4184435.14097163
2026-05-19 00:45:00,4184435.14097163
2026-05-19 01:00:00,4184435.14097163
2026-05-19 01:15:00,4184435.14097163
2026-05-19 01:30:00,4184435.14097163
2026-05-19 01:45:00,4184435.14097163
2026-05-19 02:00:00,4184435.14097163
2026-05-19 02:15:00,4184435.14097163
2026-05-19 02:30:00,4184435.14097163
2026-05-19 02:45:00,4184435.14097163
2026-05-19 03:00:00,4184435.14097163
2026-05-19 03:15:00,4184435.14097163
2026-05-19 03:30:00,4184435.14097163
2026-05-19 03:45:00,4184435.14097163
2026-05-19 04:00:00,4184435.14097163
2026-05-19 04:15:00,4184435.14097163
2026-05-19 04:30:00,4184435.14097163
2026-05-19 04:45:00,4184435.14097163
2026-05-19 05:00:00,4184435.14097163
2026-05-19 05:15:00,4184435.14097163
2026-05-19 05:30:00,4184435.14097163
2026-05-19 05:45:00,4184435.14097163
2026-05-19 06:00:00,4184435.14097163
2026-05-19 06:15:00,4184435.14097163
2026-05-19 06:30:00,4184435.14097163
2026-05-19 06:45:00,4184435.14097163
2026-05-19 07:00:00,4184435.14097163
2026-05-19 07:15:00,4184435.14097163
2026-05-19 07:30:00,4184435.14097163
2026-05-19 07:45:00,4184435.14097163
2026-05-19 08:00:00,4184435.14097163
2026-05-19 08:15:00,4184435.14097163
2026-05-19 08:30:00,4184435.14097163
2026-05-19 08:45:00,4184435.14097163
2026-05-19 09:00:00,4184435.14097163
2026-05-19 09:15:00,4184435.14097163
2026-05-19 09:30:00,4184435.14097163
2026-05-19 09:45:00,4184435.14097163
2026-05-19 10:00:00,4184435.14097163
2026-05-19 10:15:00,4184435.14097163
2026-05-19 10:30:00,4184435.14097163
2026-05-19 10:45:00,4184435.14097163
2026-05-19 11:00:00,4184435.14097163
2026-05-19 11:15:00,4184435.14097163
2026-05-19 11:30:00,4184435.14097163
2026-05-19 11:45:00,4184435.14097163
2026-05-19 12:00:00,4184435.14097163
2026-05-19 12:15:00,4184435.14097163
2026-05-19 12:30:00,4184435.14097163
2026-05-19 12:45:00,4184435.14097163
2026-05-19 13:00:00,4184435.14097163
2026-05-19 13:15:00,4184435.14097163
2026-05-19 13:30:00,4184435.14097163
2026-05-19 13:45:00,4184435.14097163
2026-05-19 14:00:00,4184435.14097163
2026-05-19 14:15:00,4184435.14097163
2026-05-19 14:30:00,4184435.14097163
2026-05-19 14:45:00,4184435.14097163
2026-05-19 15:00:00,4184435.14097163
2026-05-19 15:15:00,4184435.14097163
2026-05-19 15:30:00,4184435.14097163
2026-05-19 15:45:00,4184435.14097163
2026-05-19 16:00:00,4184435.14097163
2026-05-19 16:15:00,4184435.14097163
2026-05-19 16:30:00,4184435.14097163
2026-05-19 16:45:00,4184435.14097163
2026-05-19 17:00:00,4184435.14097163
2026-05-19 17:15:00,4184435.14097163
2026-05-19 17:30:00,4184435.14097163
2026-05-19 17:45:00,4184435.14097163
2026-05-19 18:00:00,4184435.14097163
2026-05-19 18:15:00,4184435.14097163
2026-05-19 18:30:00,4184435.14097163
2026-05-19 18:45:00,4184435.14097163
2026-05-19 19:00:00,4184435.14097163
2026-05-19 19:15:00,4184435.14097163
2026-05-19 19:30:00,4184435.14097163
2026-05-19 19:45:00,4184435.14097163
2026-05-19 20:00:00,4184435.14097163
2026-05-19 20:15:00,4184435.14097163
2026-05-19 20:30:00,4184435.14097163
2026-05-19 20:45:00,4184435.14097163
2026-05-19 21:00:00,4184435.14097163
2026-05-19 21:15:00,4184435.14097163
2026-05-19 21:30:00,4184435.14097163
2026-05-19 21:45:00,4184435.14097163
2026-05-19 22:00:00,4184435.14097163
2026-05-19 22:15:00,4184435.14097163
2026-05-19 22:30:00,4184435.14097163
2026-05-19 22:45:00,4184435.14097163
2026-05-19 23:00:00,4184435.14097163
2026-05-19 23:15:00,4184435.14097163
2026-05-19 23:30:00,4184435.14097163
2026-05-19 23:45:00,4184435.14097163
2026-05-20 00:00:00,4184435.14097163
2026-05-20 00:15:00,4184435.14097163
2026-05-20 00:30:00,4184435.14097163
2026-05-20 00:45:00,4184435.14097163
2026-05-20 01:00:00,4184435.14097163
2026-05-20 01:15:00,4184435.14097163
2026-05-20 01:30:00,4184435.14097163
2026-05-20 01:45:00,4184435.14097163
2026-05-20 02:00:00,4184435.14097163
2026-05-20 02:15:00,4184435.14097163
2026-05-20 02:30:00,4184435.14097163
2026-05-20 02:45:00,4184435.14097163
2026-05-20 03:00:00,4184435.14097163
2026-05-20 03:15:00,4184435.14097163
2026-05-20 03:30:00,4184435.14097163
2026-05-20 03:45:00,4184435.14097163
2026-05-20 04:00:00,4184435.14097163
2026-05-20 04:15:00,4184435.14097163
2026-05-20 04:30:00,4184435.14097163
2026-05-20 04:45:00,4184435.14097163
2026-05-20 05:00:00,4184435.14097163
2026-05-20 05:15:00,4184435.14097163
2026-05-20 05:30:00,4184435.14097163
2026-05-20 05:45:00,4184435.14097163
2026-05-20 06:00:00,4184435.14097163
2026-05-20 06:15:00,4184435.14097163
2026-05-20 06:30:00,4184435.14097163
2026-05-20 06:45:00,4184435.14097163
2026-05-20 07:00:00,4184435.14097163
2026-05-20 07:15:00,4184435.14097163
2026-05-20 07:30:00,4184435.14097163
2026-05-20 07:45:00,4184435.14097163
2026-05-20 08:00:00,4184435.14097163
2026-05-20 08:15:00,4184435.14097163
2026-05-20 08:30:00,4184435.14097163
2026-05-20 08:45:00,4184435.14097163
2026-05-20 09:00:00,4184435.14097163
2026-05-20 09:15:00,4184435.14097163
2026-05-20 09:30:00,4184435.14097163
2026-05-20 09:45:00,4184435.14097163
2026-05-20 10:00:00,4184435.14097163
2026-05-20 10:15:00,4184435.14097163
2026-05-20 10:30:00,4184435.14097163
2026-05-20 10:45:00,4184435.14097163
2026-05-20 11:00:00,4184435.14097163
2026-05-20 11:15:00,4184435.14097163
2026-05-20 11:30:00,4184435.14097163
2026-05-20 11:45:00,4184435.14097163
2026-05-20 12:00:00,4184435.14097163
2026-05-20 12:15:00,4184435.14097163
2026-05-20 12:30:00,4184435.14097163
2026-05-20 12:45:00,4184435.14097163
2026-05-20 13:00:00,4184435.14097163
2026-05-20 13:15:00,4184435.14097163
2026-05-20 13:30:00,4184435.14097163
2026-05-20 13:45:00,4184435.14097163
2026-05-20 14:00:00,4184435.14097163
2026-05-20 14:15:00,4184435.14097163
2026-05-20 14:30:00,4184435.14097163
2026-05-20 14:45:00,4184435.14097163
2026-05-20 15:00:00,4184435.14097163
2026-05-20 15:15:00,4184435.14097163
2026-05-20 15:30:00,4184435.14097163
2026-05-20 15:45:00,4184435.14097163
2026-05-20 16:00:00,4184435.14097163
2026-05-20 16:15:00,4184435.14097163
2026-05-20 16:30:00,4184435.14097163
2026-05-20 16:45:00,4184435.14097163
2026-05-20 17:00:00,4184435.14097163
2026-05-20 17:15:00,4184435.14097163
2026-05-20 17:30:00,4184435.14097163
2026-05-20 17:45:00,4184435.14097163
2026-05-20 18:00:00,4184435.14097163
2026-05-20 18:15:00,4184435.14097163
2026-05-20 18:30:00,4184435.14097163
2026-05-20 18:45:00,4184435.14097163
2026-05-20 19:00:00,4184435.14097163
2026-05-20 19:15:00,4184435.14097163
2026-05-20 19:30:00,4184435.14097163
2026-05-20 19:45:00,4184435.14097163
2026-05-20 20:00:00,4184435.14097163
2026-05-20 20:15:00,4184435.14097163
2026-05-20 20:30:00,4184435.14097163
2026-05-20 20:45:00,4184435.14097163
2026-05-20 21:00:00,4184435.14097163
2026-05-20 21:15:00,4184435.14097163
2026-05-20 21:30:00,4184435.14097163
2026-05-20 21:45:00,4184435.14097163
2026-05-20 22:00:00,4184435.14097163
2026-05-20 22:15:00,4184435.14097163
2026-05-20 22:30:00,4184435.14097163
2026-05-20 22:45:00,4184435.14097163
2026-05-20 23:00:00,4184435.14097163
2026-05-20 23:15:00,4184435.14097163
2026-05-20 23:30:00,4184435.14097163
2026-05-20 23:45:00,4184435.14097163
2026-05-21 00:00:00,4184435.14097163
2026-05-21 00:15:00,4184435.14097163
2026-05-21 00:30:00,4184435.14097163
2026-05-21 00:45:00,4184435.14097163
2026-05-21 01:00:00,4184435.14097163
2026-05-21 01:15:00,4184435.14097163
2026-05-21 01:30:00,4184435.14097163
2026-05-21 01:45:00,4184435.14097163
2026-05-21 02:00:00,4184435.14097163
2026-05-21 02:15:00,4184435.14097163
2026-05-21 02:30:00,4184435.14097163
2026-05-21 02:45:00,4184435.14097163
2026-05-21 03:00:00,4184435.14097163
2026-05-21 03:15:00,4184435.14097163
2026-05-21 03:30:00,4184435.14097163
2026-05-21 03:45:00,4184435.14097163
2026-05-21 04:00:00,4184435.14097163
2026-05-21 04:15:00,4184435.14097163
2026-05-21 04:30:00,4184435.14097163
2026-05-21 04:45:00,4184435.14097163
2026-05-21 05:00:00,4184435.14097163
2026-05-21 05:15:00,4184435.14097163
2026-05-21 05:30:00,4184435.14097163
2026-05-21 05:45:00,4184435.14097163
2026-05-21 06:00:00,4184435.14097163
2026-05-21 06:15:00,4184435.14097163
2026-05-21 06:30:00,4184435.14097163
2026-05-21 06:45:00,4184435.14097163
2026-05-21 07:00:00,4184435.14097163
2026-05-21 07:15:00,4184435.14097163
2026-05-21 07:30:00,4184435.14097163
2026-05-21 07:45:00,4184435.14097163
2026-05-21 08:00:00,4184435.14097163
2026-05-21 08:15:00,4184435.14097163
2026-05-21 08:30:00,4184435.14097163
2026-05-21 08:45:00,4184435.14097163
2026-05-21 09:00:00,4184435.14097163
2026-05-21 09:15:00,4184435.14097163
2026-05-21 09:30:00,4184435.14097163
2026-05-21 09:45:00,4184435.14097163
2026-05-21 10:00:00,4184435.14097163
2026-05-21 10:15:00,4184435.14097163
2026-05-21 10:30:00,4184435.14097163
2026-05-21 10:45:00,4184435.14097163
2026-05-21 11:00:00,4184435.14097163
2026-05-21 11:15:00,4184435.14097163
2026-05-21 11:30:00,4184435.14097163
2026-05-21 11:45:00,4184435.14097163
2026-05-21 12:00:00,4184435.14097163
2026-05-21 12:15:00,4184435.14097163
2026-05-21 12:30:00,4184435.14097163
2026-05-21 12:45:00,4184435.14097163
2026-05-21 13:00:00,4184435.14097163
2026-05-21 13:15:00,4184435.14097163
2026-05-21 13:30:00,4184435.14097163
2026-05-21 13:45:00,4184435.14097163
2026-05-21 14:00:00,4184435.14097163
2026-05-21 14:15:00,4184435.14097163
2026-05-21 14:30:00,4184435.14097163
2026-05-21 14:45:00,4184435.14097163
2026-05-21 15:00:00,4184435.14097163
2026-05-21 15:15:00,4184435.14097163
2026-05-21 15:30:00,4184435.14097163
2026-05-21 15:45:00,4184435.14097163
2026-05-21 16:00:00,4184435.14097163
2026-05-21 16:15:00,4184435.14097163
2026-05-21 16:30:00,4184435.14097163
2026-05-21 16:45:00,4184435.14097163
2026-05-21 17:00:00,4184435.14097163
2026-05-21 17:15:00,4184435.14097163
2026-05-21 17:30:00,4184435.14097163
2026-05-21 17:45:00,4184435.14097163
2026-05-21 18:00:00,4184435.14097163
2026-05-21 18:15:00,4184435.14097163
2026-05-21 18:30:00,4184435.14097163
2026-05-21 18:45:00,4184435.14097163
2026-05-21 19:00:00,4184435.14097163
2026-05-21 19:15:00,4184435.14097163
2026-05-21 19:30:00,4184435.14097163
2026-05-21 19:45:00,4184435.14097163
2026-05-21 20:00:00,4184435.14097163
2026-05-21 20:15:00,4184435.14097163
2026-05-21 20:30:00,4184435.14097163
2026-05-21 20:45:00,4184435.14097163
2026-05-21 21:00:00,4184435.14097163
2026-05-21 21:15:00,4184435.14097163
2026-05-21 21:30:00,4184435.14097163
2026-05-21 21:45:00,4184435.14097163
2026-05-21 22:00:00,4184435.14097163
2026-05-21 22:15:00,4184435.14097163
2026-05-21 22:30:00,4184435.14097163
2026-05-21 22:45:00,4184435.14097163
2026-05-21 23:00:00,4184435.14097163
2026-05-21 23:15:00,4184435.14097163
2026-05-21 23:30:00,4184435.14097163
2026-05-21 23:45:00,4184435.14097163
2026-05-22 00:00:00,4184435.14097163
2026-05-22 00:15:00,4184435.14097163
2026-05-22 00:30:00,4184435.14097163
2026-05-22 00:45:00,4184435.14097163
2026-05-22 01:00:00,4184435.14097163
2026-05-22 01:15:00,4184435.14097163
2026-05-22 01:30:00,4184435.14097163
2026-05-22 01:45:00,4184435.14097163
2026-05-22 02:00:00,4184435.14097163
2026-05-22 02:15:00,4184435.14097163
2026-05-22 02:30:00,4184435.14097163
2026-05-22 02:45:00,4184435.14097163
2026-05-22 03:00:00,4184435.14097163
2026-05-22 03:15:00,4184435.14097163
2026-05-22 03:30:00,4184435.14097163
2026-05-22 03:45:00,4184435.14097163
2026-05-22 04:00:00,4184435.14097163
2026-05-22 04:15:00,4184435.14097163
2026-05-22 04:30:00,4184435.14097163
2026-05-22 04:45:00,4184435.14097163
2026-05-22 05:00:00,4184435.14097163
2026-05-22 05:15:00,4184435.14097163
2026-05-22 05:30:00,4184435.14097163
2026-05-22 05:45:00,4184435.14097163
2026-05-22 06:00:00,4184435.14097163
2026-05-22 06:15:00,4184435.14097163
2026-05-22 06:30:00,4184435.14097163
2026-05-22 06:45:00,4184435.14097163
2026-05-22 07:00:00,4184435.14097163
2026-05-22 07:15:00,4184435.14097163
2026-05-22 07:30:00,4184435.14097163
2026-05-22 07:45:00,4184435.14097163
2026-05-22 08:00:00,4184435.14097163
2026-05-22 08:15:00,4184435.14097163
2026-05-22 08:30:00,4184435.14097163
2026-05-22 08:45:00,4184435.14097163
2026-05-22 09:00:00,4184435.14097163
2026-05-22 09:15:00,4184435.14097163
2026-05-22 09:30:00,4184435.14097163
2026-05-22 09:45:00,4184435.14097163
2026-05-22 10:00:00,4184435.14097163
2026-05-22 10:15:00,4184435.14097163
2026-05-22 10:30:00,4184435.14097163
2026-05-22 10:45:00,4184435.14097163
2026-05-22 11:00:00,4184435.14097163
2026-05-22 11:15:00,4184435.14097163
2026-05-22 11:30:00,4184435.14097163
2026-05-22 11:45:00,4184435.14097163
2026-05-22 12:00:00,4184435.14097163
2026-05-22 12:15:00,4184435.14097163
2026-05-22 12:30:00,4184435.14097163
2026-05-22 12:45:00,4184435.14097163
2026-05-22 13:00:00,4184435.14097163
2026-05-22 13:15:00,4184435.14097163
2026-05-22 13:30:00,4184435.14097163
2026-05-22 13:45:00,4184435.14097163
2026-05-22 14:00:00,4184435.14097163
2026-05-22 14:15:00,4184435.14097163
2026-05-22 14:30:00,4184435.14097163
2026-05-22 14:45:00,4184435.14097163
2026-05-22 15:00:00,4184435.14097163
2026-05-22 15:15:00,4184435.14097163
2026-05-22 15:30:00,4184435.14097163
2026-05-22 15:45:00,4184435.14097163
2026-05-22 16:00:00,4184435.14097163
2026-05-22 16:15:00,4184435.14097163
2026-05-22 16:30:00,4184435.14097163
2026-05-22 16:45:00,4184435.14097163
2026-05-22 17:00:00,4184435.14097163
2026-05-22 17:15:00,4184435.14097163
2026-05-22 17:30:00,4184435.14097163
2026-05-22 17:45:00,4184435.14097163
2026-05-22 18:00:00,4184435.14097163
2026-05-22 18:15:00,4184435.14097163
2026-05-22 18:30:00,4184435.14097163
2026-05-22 18:45:00,4184435.14097163
2026-05-22 19:00:00,4184435.14097163
2026-05-22 19:15:00,4184435.14097163
2026-05-22 19:30:00,4184435.14097163
2026-05-22 19:45:00,4184435.14097163
2026-05-22 20:00:00,4184435.14097163
2026-05-22 20:15:00,4184435.14097163
2026-05-22 20:30:00,4184435.14097163
2026-05-22 20:45:00,4184435.14097163
2026-05-22 21:00:00,4184435.14097163
2026-05-22 21:15:00,4184435.14097163
2026-05-22 21:30:00,4184435.14097163
2026-05-22 21:45:00,4184435.14097163
2026-05-22 22:00:00,4184435.14097163
2026-05-22 22:15:00,4184435.14097163
2026-05-22 22:30:00,4184435.14097163
2026-05-22 22:45:00,4184435.14097163
2026-05-22 23:00:00,4184435.14097163
2026-05-22 23:15:00,4184435.14097163
2026-05-22 23:30:00,4184435.14097163
2026-05-22 23:45:00,4184435.14097163
2026-05-23 01:00:00,4184435.14097163
2026-05-23 01:15:00,4184435.14097163
2026-05-23 01:30:00,4184435.14097163
2026-05-23 01:45:00,4184435.14097163
2026-05-23 02:00:00,4184435.14097163
2026-05-23 02:15:00,4184435.14097163
2026-05-23 02:30:00,4184435.14097163
2026-05-23 02:45:00,4184435.14097163
2026-05-23 03:00:00,4184435.14097163
2026-05-23 03:15:00,4184435.14097163
2026-05-23 03:30:00,4184435.14097163
2026-05-23 03:45:00,4184435.14097163
2026-05-23 04:00:00,4184435.14097163
2026-05-23 04:15:00,4184435.14097163
2026-05-23 04:30:00,4184435.14097163
2026-05-23 04:45:00,4184435.14097163
2026-05-23 05:00:00,4184435.14097163
2026-05-23 05:15:00,4184435.14097163
2026-05-23 05:30:00,4184435.14097163
2026-05-23 05:45:00,4184435.14097163
2026-05-23 06:00:00,4184435.14097163
2026-05-23 06:15:00,4184435.14097163
2026-05-23 06:30:00,4184435.14097163
2026-05-23 06:45:00,4184435.14097163
2026-05-23 07:00:00,4184435.14097163
2026-05-23 07:15:00,4184435.14097163
2026-05-23 07:30:00,4184435.14097163
2026-05-23 07:45:00,4184435.14097163
2026-05-23 08:00:00,4184435.14097163
2026-05-23 08:15:00,4184435.14097163
2026-05-23 08:30:00,4184435.14097163
2026-05-23 08:45:00,4184435.14097163
2026-05-23 09:00:00,4184435.14097163
2026-05-23 09:15:00,4184435.14097163
2026-05-23 09:30:00,4184435.14097163
2026-05-23 09:45:00,4184435.14097163
2026-05-23 10:00:00,4184435.14097163
2026-05-23 10:15:00,4184435.14097163
2026-05-23 10:30:00,4184435.14097163
2026-05-23 10:45:00,4184435.14097163
2026-05-23 11:00:00,4184435.14097163
2026-05-23 11:15:00,4184435.14097163
2026-05-23 11:30:00,4184435.14097163
2026-05-23 11:45:00,4184435.14097163
2026-05-23 12:00:00,4184435.14097163
2026-05-23 12:15:00,4184435.14097163
2026-05-23 12:30:00,4184435.14097163
2026-05-23 12:45:00,4184435.14097163
2026-05-23 13:00:00,4184435.14097163
2026-05-23 13:15:00,4184435.14097163
2026-05-23 13:30:00,4184435.14097163
2026-05-23 13:45:00,4184435.14097163
2026-05-23 14:00:00,4184435.14097163
2026-05-23 14:15:00,4184435.14097163
2026-05-23 14:30:00,4184435.14097163
2026-05-23 14:45:00,4184435.14097163
2026-05-23 15:00:00,4184435.14097163
2026-05-23 15:15:00,4184435.14097163
2026-05-23 15:30:00,4184435.14097163
2026-05-23 15:45:00,4184435.14097163
2026-05-23 16:00:00,4184435.14097163
2026-05-23 16:15:00,4184435.14097163
2026-05-23 16:30:00,4184435.14097163
2026-05-23 16:45:00,4184435.14097163
2026-05-23 17:00:00,4184435.14097163
2026-05-23 17:15:00,4184435.14097163
2026-05-23 17:30:00,4184435.14097163
2026-05-23 17:45:00,4184435.14097163
2026-05-23 18:00:00,4184435.14097163
2026-05-23 18:15:00,4184435.14097163
2026-05-23 18:30:00,4184435.14097163
2026-05-23 18:45:00,4184435.14097163
2026-05-23 19:00:00,4184435.14097163
2026-05-23 19:15:00,4184435.14097163
2026-05-23 19:30:00,4184435.14097163
2026-05-23 19:45:00,4184435.14097163
2026-05-23 20:00:00,4184435.14097163
2026-05-23 20:15:00,4184435.14097163
2026-05-23 20:30:00,4184435.14097163
2026-05-23 20:45:00,4184435.14097163
2026-05-23 21:00:00,4184435.14097163
2026-05-23 21:15:00,4184435.14097163
2026-05-23 21:30:00,4184435.14097163
2026-05-23 21:45:00,4184435.14097163
2026-05-23 22:00:00,4184435.14097163
2026-05-23 22:15:00,4184435.14097163
2026-05-23 22:30:00,4184435.14097163
2026-05-23 22:45:00,4184435.14097163
2026-05-23 23:00:00,4184435.14097163
2026-05-23 23:15:00,4184435.14097163
2026-05-23 23:30:00,4184435.14097163
2026-05-23 23:45:00,4184435.14097163
2026-05-24 00:00:00,4184435.14097163
2026-05-24 00:15:00,4184435.14097163
2026-05-24 00:30:00,4184435.14097163
2026-05-24 00:45:00,4184435.14097163
2026-05-24 01:00:00,4184435.14097163
2026-05-24 01:15:00,4184435.14097163
2026-05-24 01:30:00,4184435.14097163
2026-05-24 01:45:00,4184435.14097163
2026-05-24 02:00:00,4184435.14097163
2026-05-24 02:15:00,4184435.14097163
2026-05-24 02:30:00,4184435.14097163
2026-05-24 02:45:00,4184435.14097163
2026-05-24 03:00:00,4184435.14097163
2026-05-24 03:15:00,4184435.14097163
2026-05-24 03:30:00,4184435.14097163
2026-05-24 03:45:00,4184435.14097163
2026-05-24 04:00:00,4184435.14097163
2026-05-24 04:15:00,4184435.14097163
2026-05-24 04:30:00,4184435.14097163
2026-05-24 04:45:00,4184435.14097163
2026-05-24 05:00:00,4184435.14097163
2026-05-24 05:15:00,4184435.14097163
2026-05-24 05:30:00,4184435.14097163
2026-05-24 05:45:00,4184435.14097163
2026-05-24 06:00:00,4184435.14097163
2026-05-24 06:15:00,4184435.14097163
2026-05-24 06:30:00,4184435.14097163
2026-05-24 06:45:00,4184435.14097163
2026-05-24 07:00:00,4184435.14097163
2026-05-24 07:15:00,4184435.14097163
2026-05-24 07:30:00,4184435.14097163
2026-05-24 07:45:00,4184435.14097163
2026-05-24 08:00:00,4184435.14097163
2026-05-24 08:15:00,4184435.14097163
2026-05-24 08:30:00,4184435.14097163
2026-05-24 08:45:00,4184435.14097163
2026-05-24 09:00:00,4184435.14097163
2026-05-24 09:15:00,4184435.14097163
2026-05-24 09:30:00,4184435.14097163
2026-05-24 09:45:00,4184435.14097163
2026-05-24 10:00:00,4184435.14097163
2026-05-24 10:15:00,4184435.14097163
2026-05-24 10:30:00,4184435.14097163
2026-05-24 10:45:00,4184435.14097163
2026-05-24 11:00:00,4184435.14097163
2026-05-24 11:15:00,4184435.14097163
2026-05-24 11:30:00,4184435.14097163
2026-05-24 11:45:00,4184435.14097163
2026-05-24 12:00:00,4184435.14097163
2026-05-24 12:15:00,4184435.14097163
2026-05-24 12:30:00,4184435.14097163
2026-05-24 12:45:00,4184435.14097163
2026-05-24 13:00:00,4184435.14097163
2026-05-24 13:15:00,4184435.14097163
2026-05-24 13:30:00,4184435.14097163
2026-05-24 13:45:00,4184435.14097163
2026-05-24 14:00:00,4184435.14097163
2026-05-24 14:15:00,4184435.14097163
2026-05-24 14:30:00,4184435.14097163
2026-05-24 14:45:00,4184435.14097163
2026-05-24 15:00:00,4184435.14097163
2026-05-24 15:15:00,4184435.14097163
2026-05-24 15:30:00,4184435.14097163
2026-05-24 15:45:00,4184435.14097163
2026-05-24 16:00:00,4184435.14097163
2026-05-24 16:15:00,4184435.14097163
2026-05-24 16:30:00,4184435.14097163
2026-05-24 16:45:00,4184435.14097163
2026-05-24 17:00:00,4184435.14097163
2026-05-24 17:15:00,4184435.14097163
2026-05-24 17:30:00,4184435.14097163
2026-05-24 17:45:00,4184435.14097163
2026-05-24 18:00:00,4184435.14097163
2026-05-24 18:15:00,4184435.14097163
2026-05-24 18:30:00,4184435.14097163
2026-05-24 18:45:00,4184435.14097163
2026-05-24 19:00:00,4184435.14097163
2026-05-24 19:15:00,4184435.14097163
2026-05-24 19:30:00,4184435.14097163
2026-05-24 19:45:00,4184435.14097163
2026-05-24 20:00:00,4184435.14097163
2026-05-24 20:15:00,4184435.14097163
2026-05-24 20:30:00,4184435.14097163
2026-05-24 20:45:00,4184435.14097163
2026-05-24 21:00:00,4184435.14097163
2026-05-24 21:15:00,4184435.14097163
2026-05-24 21:30:00,4184435.14097163
2026-05-24 21:45:00,4184435.14097163
2026-05-24 22:00:00,4184435.14097163
2026-05-24 22:15:00,4184435.14097163
2026-05-24 22:30:00,4184435.14097163
2026-05-24 22:45:00,4184435.14097163
2026-05-24 23:00:00,4184435.14097163
2026-05-24 23:15:00,4184435.14097163
2026-05-24 23:30:00,4184435.14097163
2026-05-24 23:45:00,4184435.14097163
2026-05-25 00:00:00,4184435.14097163
2026-05-25 00:15:00,4184435.14097163
2026-05-25 00:30:00,4184435.14097163
2026-05-25 00:45:00,4184435.14097163
2026-05-25 01:00:00,4184435.14097163
2026-05-25 01:15:00,4184435.14097163
2026-05-25 01:30:00,4184435.14097163
2026-05-25 01:45:00,4184435.14097163
2026-05-25 02:00:00,4184435.14097163
2026-05-25 02:15:00,4184435.14097163
2026-05-25 02:30:00,4184435.14097163
2026-05-25 02:45:00,4184435.14097163
2026-05-25 03:00:00,4184435.14097163
2026-05-25 03:15:00,4184435.14097163
2026-05-25 03:30:00,4184435.14097163
2026-05-25 03:45:00,4184435.14097163
2026-05-25 04:00:00,4184435.14097163
2026-05-25 04:15:00,4184435.14097163
2026-05-25 04:30:00,4184435.14097163
2026-05-25 04:45:00,4184435.14097163
2026-05-25 05:00:00,4184435.14097163
2026-05-25 05:15:00,4184435.14097163
2026-05-25 05:30:00,4184435.14097163
2026-05-25 05:45:00,4184435.14097163
2026-05-25 06:00:00,4184435.14097163
2026-05-25 06:15:00,4184435.14097163
2026-05-25 06:30:00,4184435.14097163
2026-05-25 06:45:00,4184435.14097163
2026-05-25 07:00:00,4184435.14097163
2026-05-25 07:15:00,4184435.14097163
2026-05-25 07:30:00,4184435.14097163
2026-05-25 07:45:00,4184435.14097163
2026-05-25 08:00:00,4184435.14097163
2026-05-25 08:15:00,4184435.14097163
2026-05-25 08:30:00,4184435.14097163
2026-05-25 08:45:00,4184435.14097163
2026-05-25 09:00:00,4184435.14097163
2026-05-25 09:15:00,4184435.14097163
2026-05-25 09:30:00,4184435.14097163
2026-05-25 09:45:00,4184435.14097163
2026-05-25 10:00:00,4184435.14097163
2026-05-25 10:15:00,4184435.14097163
2026-05-25 10:30:00,4184435.14097163
2026-05-25 10:45:00,4184435.14097163
2026-05-25 11:00:00,4184435.14097163
2026-05-25 11:15:00,4184435.14097163
2026-05-25 11:30:00,4184435.14097163
2026-05-25 11:45:00,4184435.14097163
2026-05-25 12:00:00,4184435.14097163
2026-05-25 12:15:00,4184435.14097163
2026-05-25 12:30:00,4184435.14097163
2026-05-25 12:45:00,4184435.14097163
2026-05-25 13:00:00,4184435.14097163
2026-05-25 13:15:00,4184435.14097163
2026-05-25 13:30:00,4184435.14097163
2026-05-25 13:45:00,4184435.14097163
2026-05-25 14:00:00,4184435.14097163
2026-05-25 14:15:00,4184435.14097163
2026-05-25 14:30:00,4184435.14097163
2026-05-25 14:45:00,4184435.14097163
2026-05-25 15:00:00,4184435.14097163
2026-05-25 15:15:00,4184435.14097163
2026-05-25 15:30:00,4184435.14097163
2026-05-25 15:45:00,4184435.14097163
2026-05-25 16:00:00,4184435.14097163
2026-05-25 16:15:00,4184435.14097163
2026-05-25 16:30:00,4184435.14097163
2026-05-25 16:45:00,4184435.14097163
2026-05-25 17:00:00,4184435.14097163
2026-05-25 17:15:00,4184435.14097163
2026-05-25 17:30:00,4184435.14097163
2026-05-25 17:45:00,4184435.14097163
2026-05-25 18:00:00,4184435.14097163
2026-05-25 18:15:00,4184435.14097163
2026-05-25 18:30:00,4184435.14097163
2026-05-25 18:45:00,4184435.14097163
2026-05-25 19:00:00,4184435.14097163
2026-05-25 19:15:00,4184435.14097163
2026-05-25 19:30:00,4184435.14097163
2026-05-25 19:45:00,4184435.14097163
2026-05-25 20:00:00,4184435.14097163
2026-05-25 20:15:00,4184435.14097163
2026-05-25 20:30:00,4184435.14097163
2026-05-25 20:45:00,4184435.14097163
2026-05-25 21:00:00,4184435.14097163
2026-05-25 21:15:00,4184435.14097163
2026-05-25 21:30:00,4184435.14097163
2026-05-25 21:45:00,4184435.14097163
2026-05-25 22:00:00,4184435.14097163
2026-05-25 22:15:00,4184435.14097163
2026-05-25 22:30:00,4184435.14097163
2026-05-25 22:45:00,4184435.14097163
2026-05-25 23:00:00,4184435.14097163
2026-05-25 23:15:00,4184435.14097163
2026-05-25 23:30:00,4184435.14097163
2026-05-25 23:45:00,4184435.14097163
2026-05-26 00:00:00,4184435.14097163
2026-05-26 00:15:00,4184435.14097163
2026-05-26 00:30:00,4184435.14097163
2026-05-26 00:45:00,4184435.14097163
2026-05-26 01:00:00,4184435.14097163
2026-05-26 01:15:00,4184435.14097163
2026-05-26 01:30:00,4184435.14097163
2026-05-26 01:45:00,4184435.14097163
2026-05-26 02:00:00,4184435.14097163
2026-05-26 02:15:00,4184435.14097163
2026-05-26 02:30:00,4184435.14097163
2026-05-26 02:45:00,4184435.14097163
2026-05-26 03:00:00,4184435.14097163
2026-05-26 03:15:00,4184435.14097163
2026-05-26 03:30:00,4184435.14097163
2026-05-26 03:45:00,4184435.14097163
2026-05-26 04:00:00,4184435.14097163
2026-05-26 04:15:00,4184435.14097163
2026-05-26 04:30:00,4184435.14097163
2026-05-26 04:45:00,4184435.14097163
2026-05-26 05:00:00,4184435.14097163
2026-05-26 05:15:00,4184435.14097163
2026-05-26 05:30:00,4184435.14097163
2026-05-26 05:45:00,4184435.14097163
2026-05-26 06:00:00,4184435.14097163
2026-05-26 06:15:00,4184435.14097163
2026-05-26 06:30:00,4184435.14097163
2026-05-26 06:45:00,4184435.14097163
2026-05-26 07:00:00,4184435.14097163
2026-05-26 07:15:00,4184435.14097163
2026-05-26 07:30:00,4184435.14097163
2026-05-26 07:45:00,4184435.14097163
2026-05-26 08:00:00,4184435.14097163
2026-05-26 08:15:00,4184435.14097163
2026-05-26 08:30:00,4184435.14097163
2026-05-26 08:45:00,4184435.14097163
2026-05-26 09:00:00,4184435.14097163
2026-05-26 09:15:00,4184435.14097163
2026-05-26 09:30:00,4184435.14097163
2026-05-26 09:45:00,4184435.14097163
2026-05-26 10:00:00,4184435.14097163
2026-05-26 10:15:00,4184435.14097163
2026-05-26 10:30:00,4184435.14097163
2026-05-26 10:45:00,4184435.14097163
2026-05-26 11:00:00,4184435.14097163
2026-05-26 11:15:00,4184435.14097163
2026-05-26 11:30:00,4184435.14097163
2026-05-26 11:45:00,4184435.14097163
2026-05-26 12:00:00,4184435.14097163
2026-05-26 12:15:00,4184435.14097163
2026-05-26 12:30:00,4184435.14097163
2026-05-26 12:45:00,4184435.14097163
2026-05-26 13:00:00,4184435.14097163
2026-05-26 13:15:00,4184435.14097163
2026-05-26 13:30:00,4184435.14097163
2026-05-26 13:45:00,4184435.14097163
2026-05-26 14:00:00,4184435.14097163
2026-05-26 14:15:00,4184435.14097163
2026-05-26 14:30:00,4184435.14097163
2026-05-26 14:45:00,4184435.14097163
2026-05-26 15:00:00,4184435.14097163
2026-05-26 15:15:00,4184435.14097163
2026-05-26 15:30:00,4184435.14097163
2026-05-26 15:45:00,4184435.14097163
2026-05-26 16:00:00,4184435.14097163
2026-05-26 16:15:00,4184435.14097163
2026-05-26 16:30:00,4184435.14097163
2026-05-26 16:45:00,4184435.14097163
2026-05-26 17:00:00,4184435.14097163
2026-05-26 17:15:00,4184435.14097163
2026-05-26 17:30:00,4184435.14097163
2026-05-26 17:45:00,4184435.14097163
2026-05-26 18:00:00,4184435.14097163
2026-05-26 18:15:00,4184435.14097163
2026-05-26 18:30:00,4184435.14097163
2026-05-26 18:45:00,4184435.14097163
2026-05-26 19:00:00,4184435.14097163
2026-05-26 19:15:00,4184435.14097163
2026-05-26 19:30:00,4184435.14097163
2026-05-26 19:45:00,4184435.14097163
2026-05-26 20:00:00,4184435.14097163
2026-05-26 20:15:00,4184435.14097163
2026-05-26 20:30:00,4184435.14097163
2026-05-26 20:45:00,4184435.14097163
2026-05-26 21:00:00,4184435.14097163
2026-05-26 21:15:00,4184435.14097163
2026-05-26 21:30:00,4184435.14097163
2026-05-26 21:45:00,4184435.14097163
2026-05-26 22:00:00,4184435.14097163
2026-05-26 22:15:00,4184435.14097163
2026-05-26 22:30:00,4184435.14097163
2026-05-26 22:45:00,4184435.14097163
2026-05-26 23:00:00,4184435.14097163
2026-05-26 23:15:00,4184435.14097163
2026-05-26 23:30:00,4184435.14097163
2026-05-26 23:45:00,4184435.14097163
2026-05-27 00:00:00,4184435.14097163
2026-05-27 00:15:00,4184435.14097163
2026-05-27 00:30:00,4184435.14097163
2026-05-27 00:45:00,4184435.14097163
2026-05-27 01:00:00,4184435.14097163
2026-05-27 01:15:00,4184435.14097163
2026-05-27 01:30:00,4184435.14097163
2026-05-27 01:45:00,4184435.14097163
2026-05-27 02:00:00,4184435.14097163
2026-05-27 02:15:00,4184435.14097163
2026-05-27 02:30:00,4184435.14097163
2026-05-27 02:45:00,4184435.14097163
2026-05-27 03:00:00,4184435.14097163
2026-05-27 03:15:00,4184435.14097163
2026-05-27 03:30:00,4184435.14097163
2026-05-27 03:45:00,4184435.14097163
2026-05-27 04:00:00,4184435.14097163
2026-05-27 04:15:00,4184435.14097163
2026-05-27 04:30:00,4184435.14097163
2026-05-27 04:45:00,4184435.14097163
2026-05-27 05:00:00,4184435.14097163
2026-05-27 05:15:00,4184435.14097163
2026-05-27 05:30:00,4184435.14097163
2026-05-27 05:45:00,4184435.14097163
2026-05-27 06:00:00,4184435.14097163
2026-05-27 06:15:00,4184435.14097163
2026-05-27 06:30:00,4184435.14097163
2026-05-27 06:45:00,4184435.14097163
2026-05-27 07:00:00,4184435.14097163
2026-05-27 07:15:00,4184435.14097163
2026-05-27 07:30:00,4184435.14097163
2026-05-27 07:45:00,4184435.14097163
2026-05-27 08:00:00,4184435.14097163
2026-05-27 08:15:00,4184435.14097163
2026-05-27 08:30:00,4184435.14097163
2026-05-27 08:45:00,4184435.14097163
2026-05-27 09:00:00,4184435.14097163
2026-05-27 09:15:00,4184435.14097163
2026-05-27 09:30:00,4184435.14097163
2026-05-27 09:45:00,4184435.14097163
2026-05-27 10:00:00,4184435.14097163
2026-05-27 10:15:00,4184435.14097163
2026-05-27 10:30:00,4184435.14097163
2026-05-27 10:45:00,4184435.14097163
2026-05-27 11:00:00,4184435.14097163
2026-05-27 11:15:00,4184435.14097163
2026-05-27 11:30:00,4184435.14097163
2026-05-27 11:45:00,4184435.14097163
2026-05-27 12:00:00,4184435.14097163
2026-05-27 12:15:00,4184435.14097163
2026-05-27 12:30:00,4184435.14097163
2026-05-27 12:45:00,4184435.14097163
2026-05-27 13:00:00,4184435.14097163
2026-05-27 13:15:00,4184435.14097163
2026-05-27 13:30:00,4184435.14097163
2026-05-27 13:45:00,4184435.14097163
2026-05-27 14:00:00,4184435.14097163
2026-05-27 14:15:00,4184435.14097163
2026-05-27 14:30:00,4184435.14097163
2026-05-27 14:45:00,4184435.14097163
2026-05-27 15:00:00,4184435.14097163
2026-05-27 15:15:00,4184435.14097163
2026-05-27 15:30:00,4184435.14097163
2026-05-27 15:45:00,4184435.14097163
2026-05-27 16:00:00,4184435.14097163
2026-05-27 16:15:00,4184435.14097163
2026-05-27 16:30:00,4184435.14097163
2026-05-27 16:45:00,4184435.14097163
2026-05-27 17:00:00,4184435.14097163
2026-05-27 17:15:00,4184435.14097163
2026-05-27 17:30:00,4184435.14097163
2026-05-27 17:45:00,4184435.14097163
2026-05-27 18:00:00,4184435.14097163
2026-05-27 18:15:00,4184435.14097163
2026-05-27 18:30:00,4184435.14097163
2026-05-27 18:45:00,4184435.14097163
2026-05-27 19:00:00,4184435.14097163
2026-05-27 19:15:00,4184435.14097163
2026-05-27 19:30:00,4184435.14097163
2026-05-27 19:45:00,4184435.14097163
2026-05-27 20:00:00,4184435.14097163
2026-05-27 20:15:00,4184435.14097163
2026-05-27 20:30:00,4184435.14097163
2026-05-27 20:45:00,4184435.14097163
2026-05-27 21:00:00,4184435.14097163
2026-05-27 21:15:00,4184435.14097163
2026-05-27 21:30:00,4184435.14097163
2026-05-27 21:45:00,4184435.14097163
2026-05-27 22:00:00,4184435.14097163
2026-05-27 22:15:00,4184435.14097163
2026-05-27 22:30:00,4184435.14097163
2026-05-27 22:45:00,4184435.14097163
2026-05-27 23:00:00,4184435.14097163
2026-05-27 23:15:00,4184435.14097163
2026-05-27 23:30:00,4184435.14097163
2026-05-27 23:45:00,4184435.14097163
2026-05-28 00:00:00,4184435.14097163
2026-05-28 00:15:00,4184435.14097163
2026-05-28 00:30:00,4184435.14097163
2026-05-28 00:45:00,4184435.14097163
2026-05-28 01:00:00,4184435.14097163
2026-05-28 01:15:00,4184435.14097163
2026-05-28 01:30:00,4184435.14097163
2026-05-28 01:45:00,4184435.14097163
2026-05-28 02:00:00,4184435.14097163
2026-05-28 02:15:00,4184435.14097163
2026-05-28 02:30:00,4184435.14097163
2026-05-28 02:45:00,4184435.14097163
2026-05-28 03:00:00,4184435.14097163
2026-05-28 03:15:00,4184435.14097163
2026-05-28 03:30:00,4184435.14097163
2026-05-28 03:45:00,4184435.14097163
2026-05-28 04:00:00,4184435.14097163
2026-05-28 04:15:00,4184435.14097163
2026-05-28 04:30:00,4184435.14097163
2026-05-28 04:45:00,4184435.14097163
2026-05-28 05:00:00,4184435.14097163
2026-05-28 05:15:00,4184435.14097163
2026-05-28 05:30:00,4184435.14097163
2026-05-28 05:45:00,4184435.14097163
2026-05-28 06:00:00,4184435.14097163
2026-05-28 06:15:00,4184435.14097163
2026-05-28 06:30:00,4184435.14097163
2026-05-28 06:45:00,4184435.14097163
2026-05-28 07:00:00,4184435.14097163
2026-05-28 07:15:00,4184435.14097163
2026-05-28 07:30:00,4184435.14097163
2026-05-28 07:45:00,4184435.14097163
2026-05-28 08:00:00,4184435.14097163
2026-05-28 08:15:00,4184435.14097163
2026-05-28 08:30:00,4184435.14097163
2026-05-28 08:45:00,4184435.14097163
2026-05-28 09:00:00,4184435.14097163
2026-05-28 09:15:00,4184435.14097163
2026-05-28 09:30:00,4184435.14097163
2026-05-28 09:45:00,4184435.14097163
2026-05-28 10:00:00,4184435.14097163
2026-05-28 10:15:00,4184435.14097163
2026-05-28 10:30:00,4184435.14097163
2026-05-28 10:45:00,4184435.14097163
2026-05-28 11:00:00,4184435.14097163
2026-05-28 11:15:00,4184435.14097163
2026-05-28 11:30:00,4184435.14097163
2026-05-28 11:45:00,4184435.14097163
2026-05-28 12:00:00,4184435.14097163
2026-05-28 12:15:00,4184435.14097163
2026-05-28 12:30:00,4184435.14097163
2026-05-28 12:45:00,4184435.14097163
2026-05-28 13:00:00,4184435.14097163
2026-05-28 13:15:00,4184435.14097163
2026-05-28 13:30:00,4184435.14097163
2026-05-28 13:45:00,4184435.14097163
2026-05-28 14:00:00,4184435.14097163
2026-05-28 14:15:00,4184435.14097163
2026-05-28 14:30:00,4184435.14097163
2026-05-28 14:45:00,4184435.14097163
2026-05-28 15:00:00,4184435.14097163
2026-05-28 15:15:00,4184435.14097163
2026-05-28 15:30:00,4184435.14097163
2026-05-28 15:45:00,4184435.14097163
2026-05-28 16:00:00,4184435.14097163
2026-05-28 16:15:00,4184435.14097163
2026-05-28 16:30:00,4184435.14097163
2026-05-28 16:45:00,4184435.14097163
2026-05-28 17:00:00,4184435.14097163
2026-05-28 17:15:00,4184435.14097163
2026-05-28 17:30:00,4184435.14097163
2026-05-28 17:45:00,4184435.14097163
2026-05-28 18:00:00,4184435.14097163
2026-05-28 18:15:00,4184435.14097163
2026-05-28 18:30:00,4184435.14097163
2026-05-28 18:45:00,4184435.14097163
2026-05-28 19:00:00,4184435.14097163
2026-05-28 19:15:00,4184435.14097163
2026-05-28 19:30:00,4184435.14097163
2026-05-28 19:45:00,4184435.14097163
2026-05-28 20:00:00,4184435.14097163
2026-05-28 20:15:00,4184435.14097163
2026-05-28 20:30:00,4184435.14097163
2026-05-28 20:45:00,4184435.14097163
2026-05-28 21:00:00,4184435.14097163
2026-05-28 21:15:00,4184435.14097163
2026-05-28 21:30:00,4184435.14097163
2026-05-28 21:45:00,4184435.14097163
2026-05-28 22:00:00,4184435.14097163
2026-05-28 22:15:00,4184435.14097163
2026-05-28 22:30:00,4184435.14097163
2026-05-28 22:45:00,4184435.14097163
2026-05-28 23:00:00,4184435.14097163
2026-05-28 23:15:00,4184435.14097163
2026-05-28 23:30:00,4184435.14097163
2026-05-28 23:45:00,4184435.14097163
2026-05-29 00:00:00,4184435.14097163
2026-05-29 00:15:00,4184435.14097163
2026-05-29 00:30:00,4184435.14097163
2026-05-29 00:45:00,4184435.14097163
2026-05-29 01:00:00,4184435.14097163
2026-05-29 01:15:00,4184435.14097163
2026-05-29 01:30:00,4184435.14097163
2026-05-29 01:45:00,4184435.14097163
2026-05-29 02:00:00,4184435.14097163
2026-05-29 02:15:00,4184435.14097163
2026-05-29 02:30:00,4184435.14097163
2026-05-29 02:45:00,4184435.14097163
2026-05-29 03:00:00,4184435.14097163
2026-05-29 03:15:00,4184435.14097163
2026-05-29 03:30:00,4184435.14097163
2026-05-29 03:45:00,4184435.14097163
2026-05-29 04:00:00,4184435.14097163
2026-05-29 04:15:00,4184435.14097163
2026-05-29 04:30:00,4184435.14097163
2026-05-29 04:45:00,4184435.14097163
2026-05-29 05:00:00,4184435.14097163
2026-05-29 05:15:00,4184435.14097163
2026-05-29 05:30:00,4184435.14097163
2026-05-29 05:45:00,4184435.14097163
2026-05-29 06:00:00,4184435.14097163
2026-05-29 06:15:00,4184435.14097163
2026-05-29 06:30:00,4184435.14097163
2026-05-29 06:45:00,4184435.14097163
2026-05-29 07:00:00,4184435.14097163
2026-05-29 07:15:00,4184435.14097163
2026-05-29 07:30:00,4184435.14097163
2026-05-29 07:45:00,4184435.14097163
2026-05-29 08:00:00,4184435.14097163
2026-05-29 08:15:00,4184435.14097163
2026-05-29 08:30:00,4184435.14097163
2026-05-29 08:45:00,4184435.14097163
2026-05-29 09:00:00,4184435.14097163
2026-05-29 09:15:00,4184435.14097163
2026-05-29 09:30:00,4184435.14097163
2026-05-29 09:45:00,4184435.14097163
2026-05-29 10:00:00,4184435.14097163
2026-05-29 10:15:00,4184435.14097163
2026-05-29 10:30:00,4184435.14097163
2026-05-29 10:45:00,4184435.14097163
2026-05-29 11:00:00,4184435.14097163
2026-05-29 11:15:00,4184435.14097163
2026-05-29 11:30:00,4184435.14097163
2026-05-29 11:45:00,4184435.14097163
2026-05-29 12:00:00,4184435.14097163
2026-05-29 12:15:00,4184435.14097163
2026-05-29 12:30:00,4184435.14097163
2026-05-29 12:45:00,4184435.14097163
2026-05-29 13:00:00,4184435.14097163
2026-05-29 13:15:00,4184435.14097163
2026-05-29 13:30:00,4184435.14097163
2026-05-29 13:45:00,4184435.14097163
2026-05-29 14:00:00,4184435.14097163
2026-05-29 14:15:00,4184435.14097163
2026-05-29 14:30:00,4184435.14097163
2026-05-29 14:45:00,4184435.14097163
2026-05-29 15:00:00,4184435.14097163
2026-05-29 15:15:00,4184435.14097163
2026-05-29 15:30:00,4184435.14097163
2026-05-29 15:45:00,4184435.14097163
2026-05-29 16:00:00,4184435.14097163
2026-05-29 16:15:00,4184435.14097163
2026-05-29 16:30:00,4184435.14097163
2026-05-29 16:45:00,4184435.14097163
2026-05-29 17:00:00,4184435.14097163
2026-05-29 17:15:00,4184435.14097163
2026-05-29 17:30:00,4184435.14097163
2026-05-29 17:45:00,4184435.14097163
2026-05-29 18:00:00,4184435.14097163
2026-05-29 18:15:00,4184435.14097163
2026-05-29 18:30:00,4184435.14097163
2026-05-29 18:45:00,4184435.14097163
2026-05-29 19:00:00,4184435.14097163
2026-05-29 19:15:00,4184435.14097163
2026-05-29 19:30:00,4184435.14097163
2026-05-29 19:45:00,4184435.14097163
2026-05-29 20:00:00,4184435.14097163
2026-05-29 20:15:00,4184435.14097163
2026-05-29 20:30:00,4184435.14097163
2026-05-29 20:45:00,4184435.14097163
2026-05-29 21:00:00,4184435.14097163
2026-05-29 21:15:00,4184435.14097163
2026-05-29 21:30:00,4184435.14097163
2026-05-29 21:45:00,4184435.14097163
2026-05-29 22:00:00,4184435.14097163
2026-05-29 22:15:00,4184435.14097163
2026-05-29 22:30:00,4184435.14097163
2026-05-29 22:45:00,4184435.14097163
2026-05-29 23:00:00,4184435.14097163
2026-05-29 23:15:00,4184435.14097163
2026-05-29 23:30:00,4184435.14097163
2026-05-29 23:45:00,4184435.14097163
2026-05-30 01:00:00,4184435.14097163
2026-05-30 01:15:00,4184435.14097163
2026-05-30 01:30:00,4184435.14097163
2026-05-30 01:45:00,4184435.14097163
2026-05-30 02:00:00,4184435.14097163
2026-05-30 02:15:00,4184435.14097163
2026-05-30 02:30:00,4184435.14097163
2026-05-30 02:45:00,4184435.14097163
2026-05-30 03:00:00,4184435.14097163
2026-05-30 03:15:00,4184435.14097163
2026-05-30 03:30:00,4184435.14097163
2026-05-30 03:45:00,4184435.14097163
2026-05-30 04:00:00,4184435.14097163
2026-05-30 04:15:00,4184435.14097163
2026-05-30 04:30:00,4184435.14097163
2026-05-30 04:45:00,4184435.14097163
2026-05-30 05:00:00,4184435.14097163
2026-05-30 05:15:00,4184435.14097163
2026-05-30 05:30:00,4184435.14097163
2026-05-30 05:45:00,4184435.14097163
2026-05-30 06:00:00,4184435.14097163
2026-05-30 06:15:00,4184435.14097163
2026-05-30 06:30:00,4184435.14097163
2026-05-30 06:45:00,4184435.14097163
2026-05-30 07:00:00,4184435.14097163
2026-05-30 07:15:00,4184435.14097163
2026-05-30 07:30:00,4184435.14097163
2026-05-30 07:45:00,4184435.14097163
2026-05-30 08:00:00,4184435.14097163
2026-05-30 08:15:00,4184435.14097163
2026-05-30 08:30:00,4184435.14097163
2026-05-30 08:45:00,4184435.14097163
2026-05-30 09:00:00,4184435.14097163
2026-05-30 09:15:00,4184435.14097163
2026-05-30 09:30:00,4184435.14097163
2026-05-30 09:45:00,4184435.14097163
2026-05-30 10:00:00,4184435.14097163
2026-05-30 10:15:00,4184435.14097163
2026-05-30 10:30:00,4184435.14097163
2026-05-30 10:45:00,4184435.14097163
2026-05-30 11:00:00,4184435.14097163
2026-05-30 11:15:00,4184435.14097163
2026-05-30 11:30:00,4184435.14097163
2026-05-30 11:45:00,4184435.14097163
2026-05-30 12:00:00,4184435.14097163
2026-05-30 12:15:00,4184435.14097163
2026-05-30 12:30:00,4184435.14097163
2026-05-30 12:45:00,4184435.14097163
2026-05-30 13:00:00,4184435.14097163
2026-05-30 13:15:00,4184435.14097163
2026-05-30 13:30:00,4184435.14097163
2026-05-30 13:45:00,4184435.14097163
2026-05-30 14:00:00,4184435.14097163
2026-05-30 14:15:00,4184435.14097163
2026-05-30 14:30:00,4184435.14097163
2026-05-30 14:45:00,4184435.14097163
2026-05-30 15:00:00,4184435.14097163
2026-05-30 15:15:00,4184435.14097163
2026-05-30 15:30:00,4184435.14097163
2026-05-30 15:45:00,4184435.14097163
2026-05-30 16:00:00,4184435.14097163
2026-05-30 16:15:00,4184435.14097163
2026-05-30 16:30:00,4184435.14097163
2026-05-30 16:45:00,4184435.14097163
2026-05-30 17:00:00,4184435.14097163
2026-05-30 17:15:00,4184435.14097163
2026-05-30 17:30:00,4184435.14097163
2026-05-30 17:45:00,4184435.14097163
2026-05-30 18:00:00,4184435.14097163
2026-05-30 18:15:00,4184435.14097163
2026-05-30 18:30:00,4184435.14097163
2026-05-30 18:45:00,4184435.14097163
2026-05-30 19:00:00,4184435.14097163
2026-05-30 19:15:00,4184435.14097163
2026-05-30 19:30:00,4184435.14097163
2026-05-30 19:45:00,4184435.14097163
2026-05-30 20:00:00,4184435.14097163
2026-05-30 20:15:00,4184435.14097163
2026-05-30 20:30:00,4184435.14097163
2026-05-30 20:45:00,4184435.14097163
2026-05-30 21:00:00,4184435.14097163
2026-05-30 21:15:00,4184435.14097163
2026-05-30 21:30:00,4184435.14097163
2026-05-30 21:45:00,4184435.14097163
2026-05-30 22:00:00,4184435.14097163
2026-05-30 22:15:00,4184435.14097163
2026-05-30 22:30:00,4184435.14097163
2026-05-30 22:45:00,4184435.14097163
2026-05-30 23:00:00,4184435.14097163
2026-05-30 23:15:00,4184435.14097163
2026-05-30 23:30:00,4184435.14097163
2026-05-30 23:45:00,4184435.14097163
2026-05-31 00:00:00,4184435.14097163
2026-05-31 00:15:00,4184435.14097163
2026-05-31 00:30:00,4184435.14097163
2026-05-31 00:45:00,4184435.14097163
2026-05-31 01:00:00,4184435.14097163
2026-05-31 01:15:00,4184435.14097163
2026-05-31 01:30:00,4184435.14097163
2026-05-31 01:45:00,4184435.14097163
2026-05-31 02:00:00,4184435.14097163
2026-05-31 02:15:00,4184435.14097163
2026-05-31 02:30:00,4184435.14097163
2026-05-31 02:45:00,4184435.14097163
2026-05-31 03:00:00,4184435.14097163
2026-05-31 03:15:00,4184435.14097163
2026-05-31 03:30:00,4184435.14097163
2026-05-31 03:45:00,4184435.14097163
2026-05-31 04:00:00,4184435.14097163
2026-05-31 04:15:00,4184435.14097163
2026-05-31 04:30:00,4184435.14097163
2026-05-31 04:45:00,4184435.14097163
2026-05-31 05:00:00,4184435.14097163
2026-05-31 05:15:00,4184435.14097163
2026-05-31 05:30:00,4184435.14097163
2026-05-31 05:45:00,4184435.14097163
2026-05-31 06:00:00,4184435.14097163
2026-05-31 06:15:00,4184435.14097163
2026-05-31 06:30:00,4184435.14097163
2026-05-31 06:45:00,4184435.14097163
2026-05-31 07:00:00,4184435.14097163
2026-05-31 07:15:00,4184435.14097163
2026-05-31 07:30:00,4184435.14097163
2026-05-31 07:45:00,4184435.14097163
2026-05-31 08:00:00,4184435.14097163
2026-05-31 08:15:00,4184435.14097163
2026-05-31 08:30:00,4184435.14097163
2026-05-31 08:45:00,4184435.14097163
2026-05-31 09:00:00,4184435.14097163
2026-05-31 09:15:00,4184435.14097163
2026-05-31 09:30:00,4184435.14097163
2026-05-31 09:45:00,4184435.14097163
2026-05-31 10:00:00,4184435.14097163
2026-05-31 10:15:00,4184435.14097163
2026-05-31 10:30:00,4184435.14097163
2026-05-31 10:45:00,4184435.14097163
2026-05-31 11:00:00,4184435.14097163
2026-05-31 11:15:00,4184435.14097163
2026-05-31 11:30:00,4184435.14097163
2026-05-31 11:45:00,4184435.14097163
2026-05-31 12:00:00,4184435.14097163
2026-05-31 12:15:00,4184435.14097163
2026-05-31 12:30:00,4184435.14097163
2026-05-31 12:45:00,4184435.14097163
2026-05-31 13:00:00,4184435.14097163
2026-05-31 13:15:00,4184435.14097163
2026-05-31 13:30:00,4184435.14097163
2026-05-31 13:45:00,4184435.14097163
2026-05-31 14:00:00,4184435.14097163
2026-05-31 14:15:00,4184435.14097163
2026-05-31 14:30:00,4184435.14097163
2026-05-31 14:45:00,4184435.14097163
2026-05-31 15:00:00,4184435.14097163
2026-05-31 15:15:00,4184435.14097163
2026-05-31 15:30:00,4184435.14097163
2026-05-31 15:45:00,4184435.14097163
2026-05-31 16:00:00,4184435.14097163
