time,portfolio_equity
2026-01-28 07:00:00,100000.0
2026-01-28 07:15:00,100000.0
2026-01-28 07:30:00,100000.0
2026-01-28 07:45:00,100000.0
2026-01-28 08:00:00,100000.0
2026-01-28 08:15:00,100000.0
2026-01-28 08:30:00,100000.0
2026-01-28 08:45:00,100000.0
2026-01-28 09:00:00,100000.0
2026-01-28 09:15:00,100000.0
2026-01-28 09:30:00,100000.0
2026-01-28 09:45:00,100000.0
2026-01-28 10:00:00,101522.5
2026-01-28 10:15:00,101522.5
2026-01-28 10:30:00,103137.72025
2026-01-28 10:45:00,102856.3430475
2026-01-28 11:00:00,102856.3430475
2026-01-28 11:15:00,102302.00182085476
2026-01-28 11:30:00,102028.9818026462
2026-01-28 11:45:00,102028.9818026462
2026-01-28 12:00:00,102028.9818026462
2026-01-28 12:15:00,102028.9818026462
2026-01-28 12:30:00,102028.9818026462
2026-01-28 12:45:00,102028.9818026462
2026-01-28 13:00:00,100447.24982571225
2026-01-28 13:15:00,100447.24982571225
2026-01-28 13:30:00,100447.24982571225
2026-01-28 13:45:00,100447.24982571225
2026-01-28 14:00:00,100447.24982571225
2026-01-28 14:15:00,100447.24982571225
2026-01-28 14:30:00,100447.24982571225
2026-01-28 14:45:00,100447.24982571225
2026-01-28 15:00:00,100447.24982571225
2026-01-28 15:15:00,100447.24982571225
2026-01-28 15:30:00,100192.77732745514
2026-01-28 15:45:00,99940.84955418058
2026-01-28 16:00:00,99940.84955418058
2026-01-28 16:15:00,99940.84955418058
2026-01-28 16:30:00,99200.08138157186
2026-01-28 16:45:00,98958.08056775614
2026-01-28 17:00:00,98718.49976207859
2026-01-28 17:15:00,98718.49976207859
2026-01-28 17:30:00,98481.3147644578
2026-01-28 17:45:00,98481.3147644578
2026-01-28 18:00:00,98481.3147644578
2026-01-28 18:15:00,98481.3147644578
2026-01-28 18:30:00,98481.3147644578
2026-01-28 18:45:00,98481.3147644578
2026-01-28 19:00:00,98481.3147644578
2026-01-28 19:15:00,98481.3147644578
2026-01-28 19:30:00,98481.3147644578
2026-01-28 19:45:00,98481.3147644578
2026-01-28 20:00:00,98481.3147644578
2026-01-28 20:15:00,98481.3147644578
2026-01-28 20:30:00,98481.3147644578
2026-01-28 20:45:00,98481.3147644578
2026-01-28 21:00:00,98481.3147644578
2026-01-28 21:15:00,98481.3147644578
2026-01-28 21:30:00,98481.3147644578
2026-01-28 21:45:00,98481.3147644578
2026-01-28 22:00:00,98481.3147644578
2026-01-28 22:15:00,98481.3147644578
2026-01-28 22:30:00,98231.3147644578
2026-01-28 22:45:00,98231.3147644578
2026-01-28 23:00:00,97738.7897644578
2026-01-28 23:15:00,97738.7897644578
2026-01-28 23:30:00,97738.7897644578
2026-01-28 23:45:00,98466.51401445783
2026-01-29 01:00:00,97969.30854938284
2026-01-29 01:15:00,97724.42861153359
2026-01-29 01:30:00,97724.42861153359
2026-01-29 01:45:00,97724.42861153359
2026-01-29 02:00:00,98216.66202195783
2026-01-29 02:15:00,98216.66202195783
2026-01-29 02:30:00,98216.66202195783
2026-01-29 02:45:00,98216.66202195783
2026-01-29 03:00:00,98216.66202195783
2026-01-29 03:15:00,98216.66202195783
2026-01-29 03:30:00,98216.66202195783
2026-01-29 03:45:00,98216.66202195783
2026-01-29 04:00:00,98216.66202195783
2026-01-29 04:15:00,97481.99747306283
2026-01-29 04:30:00,97481.99747306283
2026-01-29 04:45:00,97481.99747306283
2026-01-29 05:00:00,97241.99064597678
2026-01-29 05:15:00,97241.99064597678
2026-01-29 05:30:00,97241.99064597678
2026-01-29 05:45:00,97969.30854938284
2026-01-29 06:00:00,97724.42861153359
2026-01-29 06:15:00,96769.15319593454
2026-01-29 06:30:00,96769.15319593454
2026-01-29 06:45:00,96769.15319593454
2026-01-29 07:00:00,96769.15319593454
2026-01-29 07:15:00,96071.73466611539
2026-01-29 07:30:00,96071.73466611539
2026-01-29 07:45:00,96071.73466611539
2026-01-29 08:00:00,96071.73466611539
2026-01-29 08:15:00,96071.73466611539
2026-01-29 08:30:00,96071.73466611539
2026-01-29 08:45:00,95618.33513104607
2026-01-29 09:00:00,95395.03016405039
2026-01-29 09:15:00,95395.03016405039
2026-01-29 09:30:00,95173.95824672465
2026-01-29 09:45:00,95173.95824672465
2026-01-29 10:00:00,95395.03016405039
2026-01-29 10:15:00,95173.95824672465
2026-01-29 10:30:00,95395.03016405039
2026-01-29 10:45:00,95395.03016405039
2026-01-29 11:00:00,95395.03016405039
2026-01-29 11:15:00,95395.03016405039
2026-01-29 11:30:00,95395.03016405039
2026-01-29 11:45:00,95395.03016405039
2026-01-29 12:00:00,95395.03016405039
2026-01-29 12:15:00,95395.03016405039
2026-01-29 12:30:00,95395.03016405039
2026-01-29 12:45:00,95395.03016405039
2026-01-29 13:00:00,95395.03016405039
2026-01-29 13:15:00,95395.03016405039
2026-01-29 13:30:00,95395.03016405039
2026-01-29 13:45:00,95395.03016405039
2026-01-29 14:00:00,95395.03016405039
2026-01-29 14:15:00,95395.03016405039
2026-01-29 14:30:00,95395.03016405039
2026-01-29 14:45:00,95395.03016405039
2026-01-29 15:00:00,94955.09704857218
2026-01-29 15:15:00,94523.91860209197
2026-01-29 15:30:00,94523.91860209197
2026-01-29 15:45:00,94523.91860209197
2026-01-29 16:00:00,94523.91860209197
2026-01-29 16:15:00,95010.19295333009
2026-01-29 16:30:00,95729.78716086272
2026-01-29 16:45:00,95519.54996717363
2026-01-29 17:00:00,95519.54996717363
2026-01-29 17:15:00,96143.95443243024
2026-01-29 17:30:00,96787.09103164455
2026-01-29 17:45:00,96787.09103164455
2026-01-29 18:00:00,96787.09103164455
2026-01-29 18:15:00,96566.28079924764
2026-01-29 18:30:00,96566.28079924764
2026-01-29 18:45:00,96566.28079924764
2026-01-29 19:00:00,96319.22012132811
2026-01-29 19:15:00,95213.25043545046
2026-01-29 19:30:00,95213.25043545046
2026-01-29 19:45:00,95213.25043545046
2026-01-29 20:00:00,95213.25043545046
2026-01-29 20:15:00,95213.25043545046
2026-01-29 20:30:00,94971.10626502153
2026-01-29 20:45:00,94971.10626502153
2026-01-29 21:00:00,94971.10626502153
2026-01-29 21:15:00,94971.10626502153
2026-01-29 21:30:00,94971.10626502153
2026-01-29 21:45:00,94971.10626502153
2026-01-29 22:00:00,94971.10626502153
2026-01-29 22:15:00,94971.10626502153
2026-01-29 22:30:00,94313.506751785
2026-01-29 22:45:00,91233.27774391724
2026-01-29 23:00:00,91035.57789592052
2026-01-29 23:15:00,91634.68851579097
2026-01-29 23:30:00,91634.68851579097
2026-01-29 23:45:00,91634.68851579097
2026-01-30 01:00:00,91838.43998621062
2026-01-30 01:15:00,91838.43998621062
2026-01-30 01:30:00,91838.43998621062
2026-01-30 01:45:00,91838.43998621062
2026-01-30 02:00:00,91838.43998621062
2026-01-30 02:15:00,91838.43998621062
2026-01-30 02:30:00,91634.68851579097
2026-01-30 02:45:00,91634.68851579097
2026-01-30 03:00:00,91432.97456007553
2026-01-30 03:15:00,91233.27774391724
2026-01-30 03:30:00,91233.27774391724
2026-01-30 03:45:00,91233.27774391724
2026-01-30 04:00:00,91233.27774391724
2026-01-30 04:15:00,91233.27774391724
2026-01-30 04:30:00,91233.27774391724
2026-01-30 04:45:00,91018.64481447477
2026-01-30 05:00:00,90806.15821432674
2026-01-30 05:15:00,90806.15821432674
2026-01-30 05:30:00,90806.15821432674
2026-01-30 05:45:00,90806.15821432674
2026-01-30 06:00:00,90806.15821432674
2026-01-30 06:15:00,90806.15821432674
2026-01-30 06:30:00,90806.15821432674
2026-01-30 06:45:00,90806.15821432674
2026-01-30 07:00:00,90806.15821432674
2026-01-30 07:15:00,90806.15821432674
2026-01-30 07:30:00,90806.15821432674
2026-01-30 07:45:00,90806.15821432674
2026-01-30 08:00:00,90806.15821432674
2026-01-30 08:15:00,90806.15821432674
2026-01-30 08:30:00,90806.15821432674
2026-01-30 08:45:00,90806.15821432674
2026-01-30 09:00:00,90806.15821432674
2026-01-30 09:15:00,90595.79648018017
2026-01-30 09:30:00,95641.8247109015
2026-01-30 09:45:00,93446.38330655376
2026-01-30 10:00:00,94156.67526176028
2026-01-30 10:15:00,93912.80835713938
2026-01-30 10:30:00,95341.20886375455
2026-01-30 10:45:00,94860.76667496093
2026-01-30 11:00:00,94624.14286127419
2026-01-30 11:15:00,94624.14286127419
2026-01-30 11:30:00,94624.14286127419
2026-01-30 11:45:00,98923.06708590692
2026-01-30 12:00:00,98923.06708590692
2026-01-30 12:15:00,98923.06708590692
2026-01-30 12:30:00,97830.60400230957
2026-01-30 12:45:00,97830.60400230957
2026-01-30 13:00:00,98645.82026811072
2026-01-30 13:15:00,98645.82026811072
2026-01-30 13:30:00,98371.34591849247
2026-01-30 13:45:00,98371.34591849247
2026-01-30 14:00:00,98371.34591849247
2026-01-30 14:15:00,98371.34591849247
2026-01-30 14:30:00,98371.34591849247
2026-01-30 14:45:00,97536.04495586743
2026-01-30 15:00:00,97332.41411243082
2026-01-30 15:15:00,97332.41411243082
2026-01-30 15:30:00,95742.25651707199
2026-01-30 15:45:00,95742.25651707199
2026-01-30 16:00:00,95742.25651707199
2026-01-30 16:15:00,95742.25651707199
2026-01-30 16:30:00,95540.66198206975
2026-01-30 16:45:00,95540.66198206975
2026-01-30 17:00:00,95284.83395190127
2026-01-30 17:15:00,95031.56420203448
2026-01-30 17:30:00,95799.07413375509
2026-01-30 17:45:00,95799.07413375509
2026-01-30 18:00:00,95540.66198206975
2026-01-30 18:15:00,96323.75547428543
2026-01-30 18:30:00,96323.75547428543
2026-01-30 18:45:00,96658.83227815147
2026-01-30 19:00:00,96397.80990271174
2026-01-30 19:15:00,96397.80990271174
2026-01-30 19:30:00,96397.80990271174
2026-01-30 19:45:00,96397.80990271174
2026-01-30 20:00:00,96397.80990271174
2026-01-30 20:15:00,96397.80990271174
2026-01-30 20:30:00,96397.80990271174
2026-01-30 20:45:00,96397.80990271174
2026-01-30 21:00:00,96397.80990271174
2026-01-30 21:15:00,96397.80990271174
2026-01-30 21:30:00,96397.80990271174
2026-01-30 21:45:00,96397.80990271174
2026-01-30 22:00:00,96397.80990271174
2026-01-30 22:15:00,96397.80990271174
2026-01-30 22:30:00,96397.80990271174
2026-01-30 22:45:00,96397.80990271174
2026-01-30 23:00:00,96397.80990271174
2026-01-30 23:15:00,96397.80990271174
2026-01-30 23:30:00,96397.80990271174
2026-01-30 23:45:00,96397.80990271174
2026-02-02 01:00:00,96397.80990271174
2026-02-02 01:15:00,96397.80990271174
2026-02-02 01:30:00,96397.80990271174
2026-02-02 01:45:00,96397.80990271174
2026-02-02 02:00:00,96397.80990271174
2026-02-02 02:15:00,96397.80990271174
2026-02-02 02:30:00,96397.80990271174
2026-02-02 02:45:00,96397.80990271174
2026-02-02 03:00:00,96397.80990271174
2026-02-02 03:15:00,96397.80990271174
2026-02-02 03:30:00,96397.80990271174
2026-02-02 03:45:00,96397.80990271174
2026-02-02 04:00:00,96397.80990271174
2026-02-02 04:15:00,96397.80990271174
2026-02-02 04:30:00,96397.80990271174
2026-02-02 04:45:00,97173.04635776771
2026-02-02 05:00:00,97173.04635776771
2026-02-02 05:15:00,97173.04635776771
2026-02-02 05:30:00,97173.04635776771
2026-02-02 05:45:00,97971.53990647537
2026-02-02 06:00:00,97971.5399064754
2026-02-02 06:15:00,97971.5399064754
2026-02-02 06:30:00,97157.28861991302
2026-02-02 06:45:00,96951.72267257122
2026-02-02 07:00:00,96951.72267257122
2026-02-02 07:15:00,96951.72267257122
2026-02-02 07:30:00,96951.72267257122
2026-02-02 07:45:00,102641.17307020219
2026-02-02 08:00:00,102641.17307020219
2026-02-02 08:15:00,101882.71251143127
2026-02-02 08:30:00,102641.17307020217
2026-02-02 08:45:00,102641.17307020217
2026-02-02 09:00:00,101332.90032533108
2026-02-02 09:15:00,101077.6775888441
2026-02-02 09:30:00,101590.70106925731
2026-02-02 09:45:00,101074.79405856473
2026-02-02 10:00:00,101867.7447979443
2026-02-02 10:15:00,102155.1761236616
2026-02-02 10:30:00,102155.1761236616
2026-02-02 10:45:00,102155.1761236616
2026-02-02 11:00:00,102155.1761236616
2026-02-02 11:15:00,102155.1761236616
2026-02-02 11:30:00,102155.1761236616
2026-02-02 11:45:00,102155.1761236616
2026-02-02 12:00:00,102155.1761236616
2026-02-02 12:15:00,102155.1761236616
2026-02-02 12:30:00,100851.28117994338
2026-02-02 12:45:00,101117.28811880073
2026-02-02 13:00:00,101117.28811880073
2026-02-02 13:15:00,101117.28811880073
2026-02-02 13:30:00,101117.28811880073
2026-02-02 13:45:00,101117.28811880073
2026-02-02 14:00:00,101117.28811880073
2026-02-02 14:15:00,101117.28811880073
2026-02-02 14:30:00,101117.28811880073
2026-02-02 14:45:00,101915.30893537277
2026-02-02 15:00:00,100949.25730137897
2026-02-02 15:15:00,100713.75187538823
2026-02-02 15:30:00,100713.75187538823
2026-02-02 15:45:00,100713.75187538823
2026-02-02 16:00:00,100713.75187538823
2026-02-02 16:15:00,100713.75187538823
2026-02-02 16:30:00,103862.2418669978
2026-02-02 16:45:00,103862.2418669978
2026-02-02 17:00:00,103862.2418669978
2026-02-02 17:15:00,103862.2418669978
2026-02-02 17:30:00,103862.2418669978
2026-02-02 17:45:00,104818.63298465169
2026-02-02 18:00:00,104818.63298465169
2026-02-02 18:15:00,104575.91870174432
2026-02-02 18:30:00,104575.91870174432
2026-02-02 18:45:00,104575.91870174432
2026-02-02 19:00:00,104575.91870174432
2026-02-02 19:15:00,104575.91870174432
2026-02-02 19:30:00,104575.91870174432
2026-02-02 19:45:00,104575.91870174432
2026-02-02 20:00:00,104575.91870174432
2026-02-02 20:15:00,104575.91870174432
2026-02-02 20:30:00,104575.91870174432
2026-02-02 20:45:00,104575.91870174432
2026-02-02 21:00:00,104575.91870174432
2026-02-02 21:15:00,104575.91870174432
2026-02-02 21:30:00,103862.2418669978
2026-02-02 21:45:00,103092.80058031433
2026-02-02 22:00:00,103092.80058031433
2026-02-02 22:15:00,103092.80058031433
2026-02-02 22:30:00,103092.80058031433
2026-02-02 22:45:00,103092.80058031433
2026-02-02 23:00:00,103092.80058031433
2026-02-02 23:15:00,103092.80058031433
2026-02-02 23:30:00,103092.80058031433
2026-02-02 23:45:00,103092.80058031433
2026-02-03 01:00:00,103323.61944832784
2026-02-03 01:15:00,101972.87088116973
2026-02-03 01:30:00,103814.59239937064
2026-02-03 01:45:00,105871.88103292779
2026-02-03 02:00:00,105871.88103292779
2026-02-03 02:15:00,107548.03746391559
2026-02-03 02:30:00,107548.03746391559
2026-02-03 02:45:00,107548.03746391559
2026-02-03 03:00:00,107303.01666717777
2026-02-03 03:15:00,112914.43615669012
2026-02-03 03:30:00,112914.43615669012
2026-02-03 03:45:00,112914.43615669012
2026-02-03 04:00:00,112027.312480725
2026-02-03 04:15:00,111737.49893381908
2026-02-03 04:30:00,111450.58352238222
2026-02-03 04:45:00,111450.58352238222
2026-02-03 05:00:00,111450.58352238222
2026-02-03 05:15:00,111450.58352238222
2026-02-03 05:30:00,111450.58352238222
2026-02-03 05:45:00,111450.58352238222
2026-02-03 06:00:00,111450.58352238222
2026-02-03 06:15:00,111450.58352238222
2026-02-03 06:30:00,111450.58352238222
2026-02-03 06:45:00,111450.58352238222
2026-02-03 07:00:00,111450.58352238222
2026-02-03 07:15:00,111450.58352238222
2026-02-03 07:30:00,111450.58352238222
2026-02-03 07:45:00,111450.58352238222
2026-02-03 08:00:00,111450.58352238222
2026-02-03 08:15:00,112302.72229434969
2026-02-03 08:30:00,116663.19333298746
2026-02-03 08:45:00,116663.19333298746
2026-02-03 09:00:00,116663.19333298746
2026-02-03 09:15:00,119449.95915526843
2026-02-03 09:30:00,125300.80641688014
2026-02-03 09:45:00,125300.80641688014
2026-02-03 10:00:00,124973.65143475783
2026-02-03 10:15:00,124973.65143475783
2026-02-03 10:30:00,125606.68265061811
2026-02-03 10:45:00,125168.05397611023
2026-02-03 11:00:00,124733.81158834742
2026-02-03 11:15:00,124303.91162446226
2026-02-03 11:30:00,124428.64871801354
2026-02-03 11:45:00,124428.64871801354
2026-02-03 12:00:00,124428.64871801354
2026-02-03 12:15:00,124428.64871801354
2026-02-03 12:30:00,123139.52755361376
2026-02-03 12:45:00,123139.52755361376
2026-02-03 13:00:00,122384.28929321136
2026-02-03 13:15:00,122384.28929321136
2026-02-03 13:30:00,122384.28929321136
2026-02-03 13:45:00,122384.28929321136
2026-02-03 14:00:00,122384.28929321136
2026-02-03 14:15:00,121987.60138240157
2026-02-03 14:30:00,121594.88035069987
2026-02-03 14:45:00,121594.88035069987
2026-02-03 15:00:00,121594.88035069987
2026-02-03 15:15:00,121594.88035069987
2026-02-03 15:30:00,121594.88035069987
2026-02-03 15:45:00,120943.84193627647
2026-02-03 16:00:00,120878.93154719286
2026-02-03 16:15:00,119468.44080940372
2026-02-03 16:30:00,118773.75640130969
2026-02-03 16:45:00,118773.75640130969
2026-02-03 17:00:00,118773.75640130969
2026-02-03 17:15:00,119716.54771274462
2026-02-03 17:30:00,119343.07391920986
2026-02-03 17:45:00,118698.92746886043
2026-02-03 18:00:00,118381.67724977125
2026-02-03 18:15:00,143945.7324860802
2026-02-03 18:30:00,149744.68997683428
2026-02-03 18:45:00,149744.68997683428
2026-02-03 19:00:00,148384.7853029229
2026-02-03 19:15:00,148384.7853029229
2026-02-03 19:30:00,148657.24831748675
2026-02-03 19:45:00,149327.0184536177
2026-02-03 20:00:00,149327.0184536177
2026-02-03 20:15:00,149327.0184536177
2026-02-03 20:30:00,148308.23431751085
2026-02-03 20:45:00,148308.23431751085
2026-02-03 21:00:00,151397.94478332344
2026-02-03 21:15:00,151397.94478332344
2026-02-03 21:30:00,151397.94478332344
2026-02-03 21:45:00,151397.94478332344
2026-02-03 22:00:00,151397.94478332344
2026-02-03 22:15:00,151397.94478332344
2026-02-03 22:30:00,151397.94478332344
2026-02-03 22:45:00,151397.94478332344
2026-02-03 23:00:00,151033.84262880794
2026-02-03 23:15:00,151033.84262880794
2026-02-03 23:30:00,151033.84262880794
2026-02-03 23:45:00,151033.84262880794
2026-02-04 00:00:00,151033.84262880794
2026-02-04 00:15:00,151033.84262880794
2026-02-04 00:30:00,151033.84262880794
2026-02-04 00:45:00,151033.84262880794
2026-02-04 01:00:00,147848.79725714546
2026-02-04 01:15:00,147230.77041754438
2026-02-04 01:30:00,147230.77041754438
2026-02-04 01:45:00,147230.77041754438
2026-02-04 02:00:00,147230.77041754438
2026-02-04 02:15:00,147230.77041754438
2026-02-04 02:30:00,147230.77041754438
2026-02-04 02:45:00,149066.31013115967
2026-02-04 03:00:00,152904.2401183578
2026-02-04 03:15:00,152543.7789853874
2026-02-04 03:30:00,152543.7789853874
2026-02-04 03:45:00,152543.7789853874
2026-02-04 04:00:00,154549.52279002708
2026-02-04 04:15:00,154549.52279002708
2026-02-04 04:30:00,154549.52279002708
2026-02-04 04:45:00,154549.52279002708
2026-02-04 05:00:00,154549.52279002708
2026-02-04 05:15:00,154549.52279002708
2026-02-04 05:30:00,156615.43890880595
2026-02-04 05:45:00,156615.43890880595
2026-02-04 06:00:00,156615.43890880595
2026-02-04 06:15:00,156615.43890880595
2026-02-04 06:30:00,156615.43890880595
2026-02-04 06:45:00,156615.43890880595
2026-02-04 07:00:00,156615.43890880595
2026-02-04 07:15:00,156615.43890880595
2026-02-04 07:30:00,156615.43890880595
2026-02-04 07:45:00,156615.43890880595
2026-02-04 08:00:00,153820.52230121408
2026-02-04 08:15:00,155203.93615258564
2026-02-04 08:30:00,155203.93615258564
2026-02-04 08:45:00,154493.79167452073
2026-02-04 09:00:00,154493.79167452073
2026-02-04 09:15:00,153798.60883463552
2026-02-04 09:30:00,154151.89679105976
2026-02-04 09:45:00,154869.21444567078
2026-02-04 10:00:00,154151.89679105976
2026-02-04 10:15:00,153798.60883463552
2026-02-04 10:30:00,152429.02912177768
2026-02-04 10:45:00,152429.02912177768
2026-02-04 11:00:00,151754.4939074199
2026-02-04 11:15:00,150715.686353638
2026-02-04 11:30:00,152972.26869343573
2026-02-04 11:45:00,152972.26869343573
2026-02-04 12:00:00,152037.9213765639
2026-02-04 12:15:00,152373.89470787285
2026-02-04 12:30:00,151863.62504822027
2026-02-04 12:45:00,151863.62504822027
2026-02-04 13:00:00,151863.62504822027
2026-02-04 13:15:00,152551.85605970665
2026-02-04 13:30:00,152551.85605970665
2026-02-04 13:45:00,152551.85605970665
2026-02-04 14:00:00,151863.62504822027
2026-02-04 14:15:00,151195.03811891546
2026-02-04 14:30:00,150513.68941754397
2026-02-04 14:45:00,150513.68941754397
2026-02-04 15:00:00,150184.40195552807
2026-02-04 15:15:00,150980.0227514295
2026-02-04 15:30:00,149637.6976748575
2026-02-04 15:45:00,149637.6976748575
2026-02-04 16:00:00,148976.58571126548
2026-02-04 16:15:00,148976.58571126548
2026-02-04 16:30:00,164409.14720710082
2026-02-04 16:45:00,164409.14720710082
2026-02-04 17:00:00,164409.14720710082
2026-02-04 17:15:00,164409.14720710082
2026-02-04 17:30:00,164409.14720710082
2026-02-04 17:45:00,164409.14720710082
2026-02-04 18:00:00,164409.14720710082
2026-02-04 18:15:00,164409.14720710082
2026-02-04 18:30:00,164409.14720710082
2026-02-04 18:45:00,164409.14720710082
2026-02-04 19:00:00,164409.14720710082
2026-02-04 19:15:00,165531.0734888916
2026-02-04 19:30:00,165531.0734888916
2026-02-04 19:45:00,165531.0734888916
2026-02-04 20:00:00,165531.0734888916
2026-02-04 20:15:00,165531.0734888916
2026-02-04 20:30:00,165531.0734888916
2026-02-04 20:45:00,165531.0734888916
2026-02-04 21:00:00,164709.28966908384
2026-02-04 21:15:00,164709.28966908384
2026-02-04 21:30:00,164709.28966908384
2026-02-04 21:45:00,164709.28966908384
2026-02-04 22:00:00,164709.28966908384
2026-02-04 22:15:00,164709.28966908384
2026-02-04 22:30:00,164709.28966908384
2026-02-04 22:45:00,164709.28966908384
2026-02-04 23:00:00,164709.28966908384
2026-02-04 23:15:00,164709.28966908384
2026-02-04 23:30:00,163895.72368747415
2026-02-04 23:45:00,163895.72368747415
2026-02-05 00:00:00,163895.72368747415
2026-02-05 00:15:00,163895.72368747415
2026-02-05 00:30:00,163895.72368747415
2026-02-05 00:45:00,163895.72368747415
2026-02-05 01:00:00,163895.72368747415
2026-02-05 01:15:00,166312.01465285488
2026-02-05 01:30:00,166312.01465285488
2026-02-05 01:45:00,166312.01465285488
2026-02-05 02:00:00,165482.4214214075
2026-02-05 02:15:00,165482.4214214075
2026-02-05 02:30:00,165482.4214214075
2026-02-05 02:45:00,165482.4214214075
2026-02-05 03:00:00,161457.24745663058
2026-02-05 03:15:00,163848.03979613297
2026-02-05 03:30:00,163848.03979613297
2026-02-05 03:45:00,163848.03979613297
2026-02-05 04:00:00,159182.35747754766
2026-02-05 04:15:00,159182.35747754766
2026-02-05 04:30:00,159182.35747754766
2026-02-05 04:45:00,160944.75812453663
2026-02-05 05:00:00,160692.35069017217
2026-02-05 05:15:00,160366.35610277642
2026-02-05 05:30:00,160366.35610277642
2026-02-05 05:45:00,160366.35610277642
2026-02-05 06:00:00,160366.35610277642
2026-02-05 06:15:00,160366.35610277642
2026-02-05 06:30:00,160043.6214612546
2026-02-05 06:45:00,159407.8019439925
2026-02-05 07:00:00,159407.8019439925
2026-02-05 07:15:00,159407.8019439925
2026-02-05 07:30:00,159157.91858397168
2026-02-05 07:45:00,159157.91858397168
2026-02-05 08:00:00,158376.87302448653
2026-02-05 08:15:00,157290.4888206623
2026-02-05 08:30:00,156980.47121172768
2026-02-05 08:45:00,157603.63792059626
2026-02-05 09:00:00,160036.57233287283
2026-02-05 09:15:00,159894.23628889
2026-02-05 09:30:00,159894.23628889
2026-02-05 09:45:00,159894.23628889
2026-02-05 10:00:00,159271.06958002143
2026-02-05 10:15:00,159271.06958002143
2026-02-05 10:30:00,159271.06958002143
2026-02-05 10:45:00,159271.06958002143
2026-02-05 11:00:00,159271.06958002143
2026-02-05 11:15:00,159271.06958002143
2026-02-05 11:30:00,158206.30442185327
2026-02-05 11:45:00,158206.30442185327
2026-02-05 12:00:00,158206.30442185327
2026-02-05 12:15:00,157902.45616333646
2026-02-05 12:30:00,157902.45616333646
2026-02-05 12:45:00,156851.37713933515
2026-02-05 13:00:00,156851.37713933515
2026-02-05 13:15:00,156108.6105837462
2026-02-05 13:30:00,156108.6105837462
2026-02-05 13:45:00,156108.6105837462
2026-02-05 14:00:00,156108.6105837462
2026-02-05 14:15:00,157430.1264895057
2026-02-05 14:30:00,156672.72743277164
2026-02-05 14:45:00,156672.72743277164
2026-02-05 15:00:00,161286.28534380934
2026-02-05 15:15:00,161286.28534380934
2026-02-05 15:30:00,160201.36802800331
2026-02-05 15:45:00,160201.36802800331
2026-02-05 16:00:00,160201.36802800331
2026-02-05 16:15:00,159923.42249037125
2026-02-05 16:30:00,156953.286974746
2026-02-05 16:45:00,156831.9358868815
2026-02-05 17:00:00,157639.91538582128
2026-02-05 17:15:00,157639.91538582128
2026-02-05 17:30:00,157362.5090911853
2026-02-05 17:45:00,157362.5090911853
2026-02-05 18:00:00,157362.5090911853
2026-02-05 18:15:00,156815.99095012288
2026-02-05 18:30:00,155782.22727987368
2026-02-05 18:45:00,148625.55173964464
2026-02-05 19:00:00,148625.55173964464
2026-02-05 19:15:00,148625.55173964464
2026-02-05 19:30:00,149441.23693098605
2026-02-05 19:45:00,149441.23693098605
2026-02-05 20:00:00,149441.23693098605
2026-02-05 20:15:00,149441.23693098605
2026-02-05 20:30:00,149441.23693098605
2026-02-05 20:45:00,149441.23693098605
2026-02-05 21:00:00,149441.23693098605
2026-02-05 21:15:00,148894.71878992365
2026-02-05 21:30:00,148894.71878992365
2026-02-05 21:45:00,148894.71878992365
2026-02-05 22:00:00,148625.55173964464
2026-02-05 22:15:00,148625.55173964464
2026-02-05 22:30:00,148625.55173964464
2026-02-05 22:45:00,148625.55173964464
2026-02-05 23:00:00,148625.55173964464
2026-02-05 23:15:00,148625.55173964464
2026-02-05 23:30:00,166546.67970516515
2026-02-05 23:45:00,166546.67970516515
2026-02-06 00:00:00,166546.67970516515
2026-02-06 00:15:00,166546.67970516515
2026-02-06 00:30:00,166546.67970516515
2026-02-06 00:45:00,166546.67970516515
2026-02-06 01:00:00,169031.04171921185
2026-02-06 01:15:00,166261.49652384312
2026-02-06 01:30:00,177555.43468749576
2026-02-06 01:45:00,180351.60602153462
2026-02-06 02:00:00,183231.66249559465
2026-02-06 02:15:00,187920.1378477114
2026-02-06 02:30:00,186881.58974237042
2026-02-06 02:45:00,185853.42711808285
2026-02-06 03:00:00,185853.42711808285
2026-02-06 03:15:00,185853.42711808285
2026-02-06 03:30:00,185853.42711808285
2026-02-06 03:45:00,183827.8439319739
2026-02-06 04:00:00,183827.8439319739
2026-02-06 04:15:00,183827.8439319739
2026-02-06 04:30:00,183827.8439319739
2026-02-06 04:45:00,183827.8439319739
2026-02-06 05:00:00,183827.8439319739
2026-02-06 05:15:00,183827.8439319739
2026-02-06 05:30:00,183827.8439319739
2026-02-06 05:45:00,183827.8439319739
2026-02-06 06:00:00,183827.8439319739
2026-02-06 06:15:00,183827.8439319739
2026-02-06 06:30:00,182312.94149163604
2026-02-06 06:45:00,182018.98951976278
2026-02-06 07:00:00,182018.98951976278
2026-02-06 07:15:00,181737.43724290328
2026-02-06 07:30:00,181446.42479074874
2026-02-06 07:45:00,181158.32246311574
2026-02-06 08:00:00,181158.32246311574
2026-02-06 08:15:00,181158.32246311574
2026-02-06 08:30:00,180879.58570902486
2026-02-06 08:45:00,180311.9953133551
2026-02-06 09:00:00,180032.4499129551
2026-02-06 09:15:00,180032.4499129551
2026-02-06 09:30:00,180032.4499129551
2026-02-06 09:45:00,180032.4499129551
2026-02-06 10:00:00,179210.47489716444
2026-02-06 10:15:00,179210.47489716444
2026-02-06 10:30:00,179210.47489716444
2026-02-06 10:45:00,179210.47489716444
2026-02-06 11:00:00,178212.84973098087
2026-02-06 11:15:00,187171.89286449636
2026-02-06 11:30:00,187171.89286449636
2026-02-06 11:45:00,187171.89286449636
2026-02-06 12:00:00,187171.89286449636
2026-02-06 12:15:00,187171.89286449636
2026-02-06 12:30:00,187171.89286449636
2026-02-06 12:45:00,187171.89286449636
2026-02-06 13:00:00,187171.89286449636
2026-02-06 13:15:00,187171.89286449636
2026-02-06 13:30:00,187171.89286449636
2026-02-06 13:45:00,187171.89286449636
2026-02-06 14:00:00,187171.89286449636
2026-02-06 14:15:00,187171.89286449636
2026-02-06 14:30:00,186184.2439499746
2026-02-06 14:45:00,186184.2439499746
2026-02-06 15:00:00,200690.59277405537
2026-02-06 15:15:00,200690.59277405537
2026-02-06 15:30:00,211102.31335025502
2026-02-06 15:45:00,210826.36396370505
2026-02-06 16:00:00,209326.2209516412
2026-02-06 16:15:00,207841.07936969804
2026-02-06 16:30:00,212432.06030862016
2026-02-06 16:45:00,189809.96696273668
2026-02-06 17:00:00,202706.67394841352
2026-02-06 17:15:00,202706.67394841352
2026-02-06 17:30:00,202706.67394841352
2026-02-06 17:45:00,201550.15295738765
2026-02-06 18:00:00,201550.15295738765
2026-02-06 18:15:00,200405.19717627202
2026-02-06 18:30:00,200405.19717627202
2026-02-06 18:45:00,200405.19717627202
2026-02-06 19:00:00,200405.19717627202
2026-02-06 19:15:00,200405.19717627202
2026-02-06 19:30:00,213430.7461418991
2026-02-06 19:45:00,213430.7461418991
2026-02-06 20:00:00,213430.7461418991
2026-02-06 20:15:00,213430.7461418991
2026-02-06 20:30:00,213430.7461418991
2026-02-06 20:45:00,213430.7461418991
2026-02-06 21:00:00,213430.7461418991
2026-02-06 21:15:00,213430.7461418991
2026-02-06 21:30:00,213430.7461418991
2026-02-06 21:45:00,213430.7461418991
2026-02-06 22:00:00,213072.6255143259
2026-02-06 22:15:00,213072.6255143259
2026-02-06 22:30:00,211808.86380136517
2026-02-06 22:45:00,213968.00887706678
2026-02-06 23:00:00,212716.88478123565
2026-02-06 23:15:00,212340.75390918116
2026-02-06 23:30:00,210729.7714909744
2026-02-06 23:45:00,209503.54476465032
2026-02-09 00:00:00,209503.54476465032
2026-02-09 00:15:00,209503.54476465032
2026-02-09 00:30:00,209503.54476465032
2026-02-09 00:45:00,209503.54476465032
2026-02-09 01:00:00,215400.43377340923
2026-02-09 01:15:00,265125.83870428044
2026-02-09 01:30:00,257967.94329213654
2026-02-09 01:45:00,257705.51817125152
2026-02-09 02:00:00,262335.0894329777
2026-02-09 02:15:00,260866.08479917241
2026-02-09 02:30:00,259167.6947335365
2026-02-09 02:45:00,255418.62854385082
2026-02-09 03:00:00,252976.5982496508
2026-02-09 03:15:00,252976.5982496508
2026-02-09 03:30:00,250125.0263456495
2026-02-09 03:45:00,249729.9794759085
2026-02-09 04:00:00,252070.98989133997
2026-02-09 04:15:00,252070.98989133997
2026-02-09 04:30:00,252070.98989133997
2026-02-09 04:45:00,252070.98989133997
2026-02-09 05:00:00,252070.98989133997
2026-02-09 05:15:00,251679.89349029638
2026-02-09 05:30:00,252466.03676108096
2026-02-09 05:45:00,252070.98989133997
2026-02-09 06:00:00,252070.98989133997
2026-02-09 06:15:00,252070.98989133997
2026-02-09 06:30:00,252070.98989133997
2026-02-09 06:45:00,250529.91402376423
2026-02-09 07:00:00,251292.70805326325
2026-02-09 07:15:00,251292.70805326325
2026-02-09 07:30:00,251292.70805326325
2026-02-09 07:45:00,251292.70805326325
2026-02-09 08:00:00,251292.70805326325
2026-02-09 08:15:00,251292.70805326325
2026-02-09 08:30:00,251012.09508812948
2026-02-09 08:45:00,250350.97466998425
2026-02-09 09:00:00,250350.97466998425
2026-02-09 09:15:00,251884.22900063556
2026-02-09 09:30:00,251067.36605938984
2026-02-09 09:45:00,250672.55306924714
2026-02-09 10:00:00,249511.64534784455
2026-02-09 10:15:00,244383.1980825379
2026-02-09 10:30:00,244383.1980825379
2026-02-09 10:45:00,242831.68946462462
2026-02-09 11:00:00,241028.83579517534
2026-02-09 11:15:00,241028.83579517534
2026-02-09 11:30:00,244148.25126017595
2026-02-09 11:45:00,246624.79470344406
2026-02-09 12:00:00,252039.53110615327
2026-02-09 12:15:00,253496.24164107358
2026-02-09 12:30:00,244583.34921822755
2026-02-09 12:45:00,244583.34921822755
2026-02-09 13:00:00,244172.34085880005
2026-02-09 13:15:00,239655.9070140825
2026-02-09 13:30:00,238180.4377561129
2026-02-09 13:45:00,238180.4377561129
2026-02-09 14:00:00,236971.90918706066
2026-02-09 14:15:00,236577.09619691796
2026-02-09 14:30:00,236719.72319072296
2026-02-09 14:45:00,236719.72319072296
2026-02-09 15:00:00,238052.56545488758
2026-02-09 15:15:00,237661.7005946463
2026-02-09 15:30:00,237397.50905830832
2026-02-09 15:45:00,237135.95943733372
2026-02-09 16:00:00,235401.55605459923
2026-02-09 16:15:00,233684.4967056921
2026-02-09 16:30:00,239001.56238001224
2026-02-09 16:45:00,238337.01601418172
2026-02-09 17:00:00,237837.04140475453
2026-02-09 17:15:00,237837.04140475453
2026-02-09 17:30:00,237837.04140475453
2026-02-09 17:45:00,237837.04140475453
2026-02-09 18:00:00,237837.04140475453
2026-02-09 18:15:00,237837.04140475453
2026-02-09 18:30:00,237837.04140475453
2026-02-09 18:45:00,237837.04140475453
2026-02-09 19:00:00,237837.04140475453
2026-02-09 19:15:00,237837.04140475453
2026-02-09 19:30:00,237837.04140475453
2026-02-09 19:45:00,234900.857581395
2026-02-09 20:00:00,234900.857581395
2026-02-09 20:15:00,234900.857581395
2026-02-09 20:30:00,234900.857581395
2026-02-09 20:45:00,234900.857581395
2026-02-09 21:00:00,234900.857581395
2026-02-09 21:15:00,234900.857581395
2026-02-09 21:30:00,234900.857581395
2026-02-09 21:45:00,234900.857581395
2026-02-09 22:00:00,234900.857581395
2026-02-09 22:15:00,234900.857581395
2026-02-09 22:30:00,234900.857581395
2026-02-09 22:45:00,234900.857581395
2026-02-09 23:00:00,234900.857581395
2026-02-09 23:15:00,234900.857581395
2026-02-09 23:30:00,234900.857581395
2026-02-09 23:45:00,234900.857581395
2026-02-10 00:00:00,234900.857581395
2026-02-10 00:15:00,234900.857581395
2026-02-10 00:30:00,234900.857581395
2026-02-10 00:45:00,234900.857581395
2026-02-10 01:00:00,239239.17984060297
2026-02-10 01:15:00,243707.6517675874
2026-02-10 01:30:00,242173.47640598944
2026-02-10 01:45:00,239845.39461211197
2026-02-10 02:00:00,238274.88988664487
2026-02-10 02:15:00,238274.88988664487
2026-02-10 02:30:00,238274.88988664487
2026-02-10 02:45:00,237892.0300359115
2026-02-10 03:00:00,237892.0300359115
2026-02-10 03:15:00,237892.0300359115
2026-02-10 03:30:00,237892.0300359115
2026-02-10 03:45:00,237892.0300359115
2026-02-10 04:00:00,233426.05321383494
2026-02-10 04:15:00,229092.72036935086
2026-02-10 04:30:00,231448.67575159983
2026-02-10 04:45:00,233565.90062343894
2026-02-10 05:00:00,233163.3098173904
2026-02-10 05:15:00,233163.3098173904
2026-02-10 05:30:00,233163.3098173904
2026-02-10 05:45:00,233163.3098173904
2026-02-10 06:00:00,232370.16567039426
2026-02-10 06:15:00,232370.16567039426
2026-02-10 06:30:00,232370.16567039426
2026-02-10 06:45:00,232370.16567039426
2026-02-10 07:00:00,232370.16567039426
2026-02-10 07:15:00,232370.16567039426
2026-02-10 07:30:00,232370.16567039426
2026-02-10 07:45:00,226791.93125474436
2026-02-10 08:00:00,224085.79029089503
2026-02-10 08:15:00,222925.56986169075
2026-02-10 08:30:00,222546.5386094647
2026-02-10 08:45:00,222171.29766976094
2026-02-10 09:00:00,222171.29766976094
2026-02-10 09:15:00,222171.29766976094
2026-02-10 09:30:00,222171.29766976094
2026-02-10 09:45:00,222171.29766976094
2026-02-10 10:00:00,218833.9933198552
2026-02-10 10:15:00,218833.9933198552
2026-02-10 10:30:00,226401.2977982263
2026-02-10 10:45:00,226401.2977982263
2026-02-10 11:00:00,239275.19660853466
2026-02-10 11:15:00,239275.19660853466
2026-02-10 11:30:00,239275.19660853466
2026-02-10 11:45:00,238888.4694865818
2026-02-10 12:00:00,238505.60963584844
2026-02-10 12:15:00,238505.60963584844
2026-02-10 12:30:00,238505.60963584844
2026-02-10 12:45:00,238505.60963584844
2026-02-10 13:00:00,238597.5534048288
2026-02-10 13:15:00,238597.5534048288
2026-02-10 13:30:00,238597.5534048288
2026-02-10 13:45:00,238597.5534048288
2026-02-10 14:00:00,238597.5534048288
2026-02-10 14:15:00,242515.762836454
2026-02-10 14:30:00,243759.03193851397
2026-02-10 14:45:00,243759.03193851397
2026-02-10 15:00:00,239019.415240805
2026-02-10 15:15:00,237545.69250981376
2026-02-10 15:30:00,237842.406780158
2026-02-10 15:45:00,236003.6654852581
2026-02-10 16:00:00,236523.5562300776
2026-02-10 16:15:00,237967.95187872218
2026-02-10 16:30:00,233627.01000449242
2026-02-10 16:45:00,233627.01000449242
2026-02-10 17:00:00,233228.91689156072
2026-02-10 17:15:00,233228.91689156072
2026-02-10 17:30:00,233228.91689156072
2026-02-10 17:45:00,233228.91689156072
2026-02-10 18:00:00,233228.91689156072
2026-02-10 18:15:00,233228.91689156072
2026-02-10 18:30:00,233228.91689156072
2026-02-10 18:45:00,233228.91689156072
2026-02-10 19:00:00,233228.91689156072
2026-02-10 19:15:00,230354.56955075802
2026-02-10 19:30:00,230354.56955075802
2026-02-10 19:45:00,228154.63413373468
2026-02-10 20:00:00,228154.63413373468
2026-02-10 20:15:00,228154.63413373468
2026-02-10 20:30:00,228154.63413373468
2026-02-10 20:45:00,228154.63413373468
2026-02-10 21:00:00,228154.63413373468
2026-02-10 21:15:00,228154.63413373468
2026-02-10 21:30:00,223992.05189332133
2026-02-10 21:45:00,223992.05189332133
2026-02-10 22:00:00,223992.05189332133
2026-02-10 22:15:00,223992.05189332133
2026-02-10 22:30:00,221285.910929472
2026-02-10 22:45:00,221285.910929472
2026-02-10 23:00:00,221285.910929472
2026-02-10 23:15:00,221285.910929472
2026-02-10 23:30:00,221285.910929472
2026-02-10 23:45:00,221285.910929472
2026-02-11 00:00:00,221285.910929472
2026-02-11 00:15:00,221285.910929472
2026-02-11 00:30:00,221285.910929472
2026-02-11 00:45:00,221285.910929472
2026-02-11 01:00:00,220138.652334865
2026-02-11 01:15:00,230231.56199585414
2026-02-11 01:30:00,230231.56199585414
2026-02-11 01:45:00,230231.56199585414
2026-02-11 02:00:00,230231.56199585414
2026-02-11 02:15:00,230231.56199585414
2026-02-11 02:30:00,229852.97940652235
2026-02-11 02:45:00,229852.97940652235
2026-02-11 03:00:00,225876.85894138642
2026-02-11 03:15:00,225527.52386567774
2026-02-11 03:30:00,225527.52386567774
2026-02-11 03:45:00,229184.0169595867
2026-02-11 04:00:00,227768.36478435015
2026-02-11 04:15:00,227768.36478435015
2026-02-11 04:30:00,227768.36478435015
2026-02-11 04:45:00,227768.36478435015
2026-02-11 05:00:00,227768.36478435015
2026-02-11 05:15:00,227768.36478435015
2026-02-11 05:30:00,227385.95812845946
2026-02-11 05:45:00,226147.45391213664
2026-02-11 06:00:00,226147.45391213664
2026-02-11 06:15:00,225776.40511633258
2026-02-11 06:30:00,225409.06680848653
2026-02-11 06:45:00,221246.48456807318
2026-02-11 07:00:00,222620.09045805302
2026-02-11 07:15:00,222620.09045805302
2026-02-11 07:30:00,221187.1055521638
2026-02-11 07:45:00,220837.7704764551
2026-02-11 08:00:00,219464.16458647526
2026-02-11 08:15:00,219464.16458647526
2026-02-11 08:30:00,219464.16458647526
2026-02-11 08:45:00,219464.16458647526
2026-02-11 09:00:00,219464.16458647526
2026-02-11 09:15:00,218104.2947553952
2026-02-11 09:30:00,218104.2947553952
2026-02-11 09:45:00,215425.21520118442
2026-02-11 10:00:00,215425.21520118442
2026-02-11 10:15:00,216462.7403760392
2026-02-11 10:30:00,216106.52339933906
2026-02-11 10:45:00,216106.52339933906
2026-02-11 11:00:00,216106.52339933906
2026-02-11 11:15:00,216106.52339933906
2026-02-11 11:30:00,217312.62142691604
2026-02-11 11:45:00,217312.62142691604
2026-02-11 12:00:00,224300.76661261928
2026-02-11 12:15:00,238026.26553600328
2026-02-11 12:30:00,305213.21367362153
2026-02-11 12:45:00,311572.87744828913
2026-02-11 13:00:00,311207.04851245956
2026-02-11 13:15:00,311645.92949325324
2026-02-11 13:30:00,311645.92949325324
2026-02-11 13:45:00,311645.92949325324
2026-02-11 14:00:00,310772.5563414738
2026-02-11 14:15:00,310528.4625899709
2026-02-11 14:30:00,310528.4625899709
2026-02-11 14:45:00,310528.4625899709
2026-02-11 15:00:00,310528.4625899709
2026-02-11 15:15:00,310286.8097759831
2026-02-11 15:30:00,312430.3263152357
2026-02-11 15:45:00,313799.35596550605
2026-02-11 16:00:00,313799.35596550605
2026-02-11 16:15:00,311615.87140287017
2026-02-11 16:30:00,311595.938037839
2026-02-11 16:45:00,310891.6283744702
2026-02-11 17:00:00,308260.22341814195
2026-02-11 17:15:00,307795.16573121655
2026-02-11 17:30:00,307564.5680427931
2026-02-11 17:45:00,307564.5680427931
2026-02-11 18:00:00,307564.5680427931
2026-02-11 18:15:00,307564.5680427931
2026-02-11 18:30:00,303305.9019353125
2026-02-11 18:45:00,303305.9019353125
2026-02-11 19:00:00,303305.9019353125
2026-02-11 19:15:00,303305.9019353125
2026-02-11 19:30:00,301208.45537654776
2026-02-11 19:45:00,301208.45537654776
2026-02-11 20:00:00,301208.45537654776
2026-02-11 20:15:00,301208.45537654776
2026-02-11 20:30:00,301208.45537654776
2026-02-11 20:45:00,301208.45537654776
2026-02-11 21:00:00,300752.65233759215
2026-02-11 21:15:00,300752.65233759215
2026-02-11 21:30:00,300752.65233759215
2026-02-11 21:45:00,298676.1802444151
2026-02-11 22:00:00,298676.1802444151
2026-02-11 22:15:00,298676.1802444151
2026-02-11 22:30:00,298676.1802444151
2026-02-11 22:45:00,298676.1802444151
2026-02-11 23:00:00,298676.1802444151
2026-02-11 23:15:00,298676.1802444151
2026-02-11 23:30:00,288601.1686710209
2026-02-11 23:45:00,288601.1686710209
2026-02-12 00:00:00,288601.1686710209
2026-02-12 00:15:00,288601.1686710209
2026-02-12 00:30:00,288601.1686710209
2026-02-12 00:45:00,288601.1686710209
2026-02-12 01:00:00,290575.87297052727
2026-02-12 01:15:00,288601.1686710209
2026-02-12 01:30:00,288601.1686710209
2026-02-12 01:45:00,288601.1686710209
2026-02-12 02:00:00,288601.1686710209
2026-02-12 02:15:00,288601.1686710209
2026-02-12 02:30:00,287703.19110397436
2026-02-12 02:45:00,287260.92587107874
2026-02-12 03:00:00,287703.19110397436
2026-02-12 03:15:00,287703.19110397436
2026-02-12 03:30:00,286823.08329051203
2026-02-12 03:45:00,286389.61913575104
2026-02-12 04:00:00,286389.61913575104
2026-02-12 04:15:00,286389.61913575104
2026-02-12 04:30:00,286389.61913575104
2026-02-12 04:45:00,286389.61913575104
2026-02-12 05:00:00,286389.61913575104
2026-02-12 05:15:00,286389.61913575104
2026-02-12 05:30:00,286389.61913575104
2026-02-12 05:45:00,286389.61913575104
2026-02-12 06:00:00,286389.61913575104
2026-02-12 06:15:00,286389.61913575104
2026-02-12 06:30:00,286389.61913575104
2026-02-12 06:45:00,286389.61913575104
2026-02-12 07:00:00,286389.61913575104
2026-02-12 07:15:00,286159.80971411825
2026-02-12 07:30:00,286159.80971411825
2026-02-12 07:45:00,286159.80971411825
2026-02-12 08:00:00,284204.85245760693
2026-02-12 08:15:00,278228.98676810175
2026-02-12 08:30:00,276125.8264136341
2026-02-12 08:45:00,276125.8264136341
2026-02-12 09:00:00,276125.8264136341
2026-02-12 09:15:00,276878.38476904714
2026-02-12 09:30:00,276878.38476904714
2026-02-12 09:45:00,276878.38476904714
2026-02-12 10:00:00,279089.934304317
2026-02-12 10:15:00,279089.934304317
2026-02-12 10:30:00,279089.934304317
2026-02-12 10:45:00,279089.934304317
2026-02-12 11:00:00,279089.934304317
2026-02-12 11:15:00,279089.934304317
2026-02-12 11:30:00,279089.934304317
2026-02-12 11:45:00,279089.934304317
2026-02-12 12:00:00,278638.6892957509
2026-02-12 12:15:00,271312.9165951833
2026-02-12 12:30:00,271312.9165951833
2026-02-12 12:45:00,274938.990946896
2026-02-12 13:00:00,274938.990946896
2026-02-12 13:15:00,274938.990946896
2026-02-12 13:30:00,274938.990946896
2026-02-12 13:45:00,274938.990946896
2026-02-12 14:00:00,274938.990946896
2026-02-12 14:15:00,274938.990946896
2026-02-12 14:30:00,274938.990946896
2026-02-12 14:45:00,273749.61403102515
2026-02-12 15:00:00,273749.61403102515
2026-02-12 15:15:00,273749.61403102515
2026-02-12 15:30:00,273749.61403102515
2026-02-12 15:45:00,273749.61403102515
2026-02-12 16:00:00,271945.687594746
2026-02-12 16:15:00,270159.8004228296
2026-02-12 16:30:00,268391.77212263236
2026-02-12 16:45:00,275571.7619464587
2026-02-12 17:00:00,276911.9596219
2026-02-12 17:15:00,276451.8250866651
2026-02-12 17:30:00,277818.4246563127
2026-02-12 17:45:00,279226.0222130496
2026-02-12 18:00:00,277403.8742976161
2026-02-12 18:15:00,275599.94786133687
2026-02-12 18:30:00,275599.94786133687
2026-02-12 18:45:00,273814.06068942044
2026-02-12 19:00:00,273577.2235438698
2026-02-12 19:15:00,273577.2235438698
2026-02-12 19:30:00,273577.2235438698
2026-02-12 19:45:00,273577.2235438698
2026-02-12 20:00:00,273577.2235438698
2026-02-12 20:15:00,272880.8278379299
2026-02-12 20:30:00,272880.8278379299
2026-02-12 20:45:00,272880.8278379299
2026-02-12 21:00:00,272880.8278379299
2026-02-12 21:15:00,272880.8278379299
2026-02-12 21:30:00,272880.8278379299
2026-02-12 21:45:00,272880.8278379299
2026-02-12 22:00:00,272880.8278379299
2026-02-12 22:15:00,272880.8278379299
2026-02-12 22:30:00,272880.8278379299
2026-02-12 22:45:00,272880.8278379299
2026-02-12 23:00:00,272880.8278379299
2026-02-12 23:15:00,272880.8278379299
2026-02-12 23:30:00,272880.8278379299
2026-02-12 23:45:00,272880.8278379299
2026-02-13 00:00:00,272880.8278379299
2026-02-13 00:15:00,272880.8278379299
2026-02-13 00:30:00,272880.8278379299
2026-02-13 00:45:00,272880.8278379299
2026-02-13 01:00:00,272880.8278379299
2026-02-13 01:15:00,272880.8278379299
2026-02-13 01:30:00,272880.8278379299
2026-02-13 01:45:00,272880.8278379299
2026-02-13 02:00:00,257590.43244514227
2026-02-13 02:15:00,257590.43244514227
2026-02-13 02:30:00,257590.43244514227
2026-02-13 02:45:00,257590.43244514227
2026-02-13 03:00:00,269362.45152053743
2026-02-13 03:15:00,259221.87117874768
2026-02-13 03:30:00,264116.1873795639
2026-02-13 03:45:00,269362.45152053743
2026-02-13 04:00:00,269362.45152053743
2026-02-13 04:15:00,269362.45152053743
2026-02-13 04:30:00,268879.1763593911
2026-02-13 04:45:00,268879.1763593911
2026-02-13 05:00:00,268879.1763593911
2026-02-13 05:15:00,268879.1763593911
2026-02-13 05:30:00,268879.1763593911
2026-02-13 05:45:00,268879.1763593911
2026-02-13 06:00:00,268879.1763593911
2026-02-13 06:15:00,271814.43768779223
2026-02-13 06:30:00,271814.43768779223
2026-02-13 06:45:00,271814.43768779223
2026-02-13 07:00:00,271586.9328707565
2026-02-13 07:15:00,271586.9328707565
2026-02-13 07:30:00,268070.63953769516
2026-02-13 07:45:00,267845.40976882976
2026-02-13 08:00:00,267622.43229765305
2026-02-13 08:15:00,267622.43229765305
2026-02-13 08:30:00,280424.99884431344
2026-02-13 08:45:00,280208.64402700815
2026-02-13 09:00:00,279355.4455903834
2026-02-13 09:15:00,279132.4681192066
2026-02-13 09:30:00,275720.6122144306
2026-02-13 09:45:00,275720.6122144306
2026-02-13 10:00:00,272376.6522421596
2026-02-13 10:15:00,272376.6522421596
2026-02-13 10:30:00,272376.6522421596
2026-02-13 10:45:00,272376.6522421596
2026-02-13 11:00:00,274163.21640315995
2026-02-13 11:15:00,269271.6330901345
2026-02-13 11:30:00,270885.80123433715
2026-02-13 11:45:00,270885.80123433715
2026-02-13 12:00:00,270885.80123433715
2026-02-13 12:15:00,270885.80123433715
2026-02-13 12:30:00,270885.80123433715
2026-02-13 12:45:00,259428.02041519806
2026-02-13 13:00:00,259639.60546834837
2026-02-13 13:15:00,259051.53001730208
2026-02-13 13:30:00,252102.72220973356
2026-02-13 13:45:00,252102.72220973356
2026-02-13 14:00:00,252102.72220973356
2026-02-13 14:15:00,252102.72220973356
2026-02-13 14:30:00,252102.72220973356
2026-02-13 14:45:00,252102.72220973356
2026-02-13 15:00:00,252102.72220973356
2026-02-13 15:15:00,252102.72220973356
2026-02-13 15:30:00,252102.72220973356
2026-02-13 15:45:00,252102.72220973356
2026-02-13 16:00:00,252102.72220973356
2026-02-13 16:15:00,278509.31568393204
2026-02-13 16:30:00,277996.6090654719
2026-02-13 16:45:00,278967.0241529544
2026-02-13 17:00:00,278967.0241529544
2026-02-13 17:15:00,278967.0241529544
2026-02-13 17:30:00,278967.0241529544
2026-02-13 17:45:00,278459.44460067886
2026-02-13 18:00:00,278459.44460067886
2026-02-13 18:15:00,278840.7795659818
2026-02-13 18:30:00,278840.7795659818
2026-02-13 18:45:00,278840.7795659818
2026-02-13 19:00:00,278840.7795659818
2026-02-13 19:15:00,282439.51859161543
2026-02-13 19:30:00,282439.51859161543
2026-02-13 19:45:00,282439.51859161543
2026-02-13 20:00:00,282439.51859161543
2026-02-13 20:15:00,282439.51859161543
2026-02-13 20:30:00,282439.51859161543
2026-02-13 20:45:00,282439.51859161543
2026-02-13 21:00:00,282439.51859161543
2026-02-13 21:15:00,282439.51859161543
2026-02-13 21:30:00,282439.51859161543
2026-02-13 21:45:00,278533.87541412754
2026-02-13 22:00:00,278533.87541412754
2026-02-13 22:15:00,279584.14800876303
2026-02-13 22:30:00,279584.14800876303
2026-02-13 22:45:00,279584.14800876303
2026-02-13 23:00:00,279056.3728355794
2026-02-13 23:15:00,279056.3728355794
2026-02-13 23:30:00,279056.3728355794
2026-02-13 23:45:00,279056.3728355794
2026-02-16 00:00:00,279056.3728355794
2026-02-16 00:15:00,279056.3728355794
2026-02-16 00:30:00,279056.3728355794
2026-02-16 00:45:00,279056.3728355794
2026-02-16 01:00:00,262170.864320848
2026-02-16 01:15:00,260573.78393769416
2026-02-16 01:30:00,260573.78393769416
2026-02-16 01:45:00,258992.67435837182
2026-02-16 02:00:00,273811.3679011781
2026-02-16 02:15:00,274375.932525018
2026-02-16 02:30:00,274375.932525018
2026-02-16 02:45:00,274375.932525018
2026-02-16 03:00:00,274375.932525018
2026-02-16 03:15:00,270966.0965412932
2026-02-16 03:30:00,270966.0965412932
2026-02-16 03:45:00,270443.5991198414
2026-02-16 04:00:00,270443.5991198414
2026-02-16 04:15:00,270443.5991198414
2026-02-16 04:30:00,267101.6188721928
2026-02-16 04:45:00,266584.3464249555
2026-02-16 05:00:00,266584.3464249555
2026-02-16 05:15:00,265565.26797665335
2026-02-16 05:30:00,265565.26797665335
2026-02-16 05:45:00,277457.54046489816
2026-02-16 06:00:00,277457.54046489816
2026-02-16 06:15:00,277457.54046489816
2026-02-16 06:30:00,277457.54046489816
2026-02-16 06:45:00,277457.54046489816
2026-02-16 07:00:00,277457.54046489816
2026-02-16 07:15:00,270503.16974658356
2026-02-16 07:30:00,269504.3709594025
2026-02-16 07:45:00,269504.3709594025
2026-02-16 08:00:00,269504.3709594025
2026-02-16 08:15:00,267809.02468505985
2026-02-16 08:30:00,266130.63187346054
2026-02-16 08:45:00,266130.63187346054
2026-02-16 09:00:00,266698.9352668995
2026-02-16 09:15:00,266698.9352668995
2026-02-16 09:30:00,273514.9140079196
2026-02-16 09:45:00,275262.1550896303
2026-02-16 10:00:00,273022.99305750953
2026-02-16 10:15:00,273022.99305750953
2026-02-16 10:30:00,273022.99305750953
2026-02-16 10:45:00,273022.99305750953
2026-02-16 11:00:00,273022.99305750953
2026-02-16 11:15:00,278076.34940478747
2026-02-16 11:30:00,278076.34940478747
2026-02-16 11:45:00,278076.34940478747
2026-02-16 12:00:00,277006.65414907376
2026-02-16 12:15:00,273564.4144939956
2026-02-16 12:30:00,274096.57444533065
2026-02-16 12:45:00,274096.57444533065
2026-02-16 13:00:00,269793.1149049733
2026-02-16 13:15:00,269287.0360862985
2026-02-16 13:30:00,269287.0360862985
2026-02-16 13:45:00,269287.0360862985
2026-02-16 14:00:00,269287.0360862985
2026-02-16 14:15:00,265947.0343912159
2026-02-16 14:30:00,265947.0343912159
2026-02-16 14:45:00,265182.5568419522
2026-02-16 15:00:00,264921.73191836436
2026-02-16 15:15:00,264663.5152440124
2026-02-16 15:30:00,264407.880736404
2026-02-16 15:45:00,264407.880736404
2026-02-16 16:00:00,263999.1907590924
2026-02-16 16:15:00,264917.6433528259
2026-02-16 16:30:00,265075.61654373
2026-02-16 16:45:00,265075.61654373
2026-02-16 17:00:00,265075.61654373
2026-02-16 17:15:00,265075.61654373
2026-02-16 17:30:00,269194.14505662496
2026-02-16 17:45:00,269194.14505662496
2026-02-16 18:00:00,269194.14505662496
2026-02-16 18:15:00,268661.03882108594
2026-02-16 18:30:00,268661.03882108594
2026-02-16 18:45:00,268661.03882108594
2026-02-16 19:00:00,268661.03882108594
2026-02-16 19:15:00,268661.03882108594
2026-02-16 19:30:00,268133.2636479023
2026-02-16 19:45:00,268133.2636479023
2026-02-16 20:00:00,268133.2636479023
2026-02-16 20:15:00,268133.2636479023
2026-02-16 20:30:00,268133.2636479023
2026-02-16 20:45:00,268133.2636479023
2026-02-16 21:00:00,268133.2636479023
2026-02-16 21:15:00,268133.2636479023
2026-02-16 21:30:00,268133.2636479023
2026-02-16 21:45:00,268133.2636479023
2026-02-16 22:00:00,268133.2636479023
2026-02-16 22:15:00,268133.2636479023
2026-02-16 22:30:00,268133.2636479023
2026-02-16 22:45:00,268133.2636479023
2026-02-16 23:00:00,268133.2636479023
2026-02-16 23:15:00,268133.2636479023
2026-02-16 23:30:00,268133.2636479023
2026-02-16 23:45:00,268133.2636479023
2026-02-17 00:00:00,268133.2636479023
2026-02-17 00:15:00,268133.2636479023
2026-02-17 00:30:00,268133.2636479023
2026-02-17 00:45:00,268133.2636479023
2026-02-17 01:00:00,259548.6647483923
2026-02-17 01:15:00,262724.973127065
2026-02-17 01:30:00,260189.82344434454
2026-02-17 01:45:00,259697.90249393444
2026-02-17 02:00:00,259697.90249393444
2026-02-17 02:15:00,264486.30708489806
2026-02-17 02:30:00,264486.30708489806
2026-02-17 02:45:00,263999.3053439921
2026-02-17 03:00:00,263999.3053439921
2026-02-17 03:15:00,263735.4629236133
2026-02-17 03:30:00,262776.02079385443
2026-02-17 03:45:00,264685.26241890236
2026-02-17 04:00:00,264193.6327004525
2026-02-17 04:15:00,264193.6327004525
2026-02-17 04:30:00,264193.6327004525
2026-02-17 04:45:00,264193.6327004525
2026-02-17 05:00:00,263673.8367480644
2026-02-17 05:15:00,263673.8367480644
2026-02-17 05:30:00,263673.8367480644
2026-02-17 05:45:00,263673.8367480644
2026-02-17 06:00:00,263673.8367480644
2026-02-17 06:15:00,263673.8367480644
2026-02-17 06:30:00,263673.8367480644
2026-02-17 06:45:00,263673.8367480644
2026-02-17 07:00:00,268605.8934767573
2026-02-17 07:15:00,284307.7224437551
2026-02-17 07:30:00,289858.7957433186
2026-02-17 07:45:00,289858.7957433186
2026-02-17 08:00:00,287952.92724380177
2026-02-17 08:15:00,287952.92724380177
2026-02-17 08:30:00,284198.1757129037
2026-02-17 08:45:00,282348.9134136911
2026-02-17 09:00:00,282348.9134136911
2026-02-17 09:15:00,282348.9134136911
2026-02-17 09:30:00,282348.9134136911
2026-02-17 09:45:00,282092.90737704
2026-02-17 10:00:00,274878.9443756304
2026-02-17 10:15:00,274878.9443756304
2026-02-17 10:30:00,274392.2309543651
2026-02-17 10:45:00,276314.4745408869
2026-02-17 11:00:00,276314.4745408869
2026-02-17 11:15:00,276314.4745408869
2026-02-17 11:30:00,276314.4745408869
2026-02-17 11:45:00,276314.4745408869
2026-02-17 12:00:00,267695.4374599931
2026-02-17 12:15:00,267218.409635811
2026-02-17 12:30:00,264143.3178232161
2026-02-17 12:45:00,259688.53749489313
2026-02-17 13:00:00,259688.53749489313
2026-02-17 13:15:00,259688.53749489313
2026-02-17 13:30:00,259688.53749489313
2026-02-17 13:45:00,259688.53749489313
2026-02-17 14:00:00,259688.53749489313
2026-02-17 14:15:00,259688.53749489313
2026-02-17 14:30:00,259688.53749489313
2026-02-17 14:45:00,259688.53749489313
2026-02-17 15:00:00,258948.19099909673
2026-02-17 15:15:00,255476.46662331308
2026-02-17 15:30:00,257066.9401136741
2026-02-17 15:45:00,272020.8906391312
2026-02-17 16:00:00,277240.9296259779
2026-02-17 16:15:00,275448.7162404939
2026-02-17 16:30:00,275448.7162404939
2026-02-17 16:45:00,275448.7162404939
2026-02-17 17:00:00,274718.5203297181
2026-02-17 17:15:00,274449.2750923728
2026-02-17 17:30:00,274182.7223074009
2026-02-17 17:45:00,274182.7223074009
2026-02-17 18:00:00,270651.8827166589
2026-02-17 18:15:00,270651.8827166589
2026-02-17 18:30:00,271630.45519045903
2026-02-17 18:45:00,271630.45519045903
2026-02-17 19:00:00,271630.45519045903
2026-02-17 19:15:00,271630.45519045903
2026-02-17 19:30:00,270727.694248957
2026-02-17 19:45:00,269842.8982501907
2026-02-17 20:00:00,269842.8982501907
2026-02-17 20:15:00,269842.8982501907
2026-02-17 20:30:00,269842.8982501907
2026-02-17 20:45:00,266382.3223673044
2026-02-17 21:00:00,266382.3223673044
2026-02-17 21:15:00,266382.3223673044
2026-02-17 21:30:00,266382.3223673044
2026-02-17 21:45:00,266382.3223673044
2026-02-17 22:00:00,265946.54922238446
2026-02-17 22:15:00,265946.54922238446
2026-02-17 22:30:00,264246.6003585596
2026-02-17 22:45:00,264246.6003585596
2026-02-17 23:00:00,264246.6003585596
2026-02-17 23:15:00,264246.6003585596
2026-02-17 23:30:00,264246.6003585596
2026-02-17 23:45:00,264246.6003585596
2026-02-18 00:00:00,264246.6003585596
2026-02-18 00:15:00,264246.6003585596
2026-02-18 00:30:00,264246.6003585596
2026-02-18 00:45:00,264246.6003585596
2026-02-18 01:00:00,263972.9273766994
2026-02-18 01:15:00,265241.4608270535
2026-02-18 01:30:00,265241.4608270535
2026-02-18 01:45:00,263972.9273766994
2026-02-18 02:00:00,263972.9273766994
2026-02-18 02:15:00,262268.5502798065
2026-02-18 02:30:00,260581.2169538825
2026-02-18 02:45:00,258910.7569612178
2026-02-18 03:00:00,253998.93806924636
2026-02-18 03:15:00,252394.300865428
2026-02-18 03:30:00,260581.2169538825
2026-02-18 03:45:00,260581.2169538825
2026-02-18 04:00:00,258910.7569612178
2026-02-18 04:15:00,258910.7569612178
2026-02-18 04:30:00,262268.5502798065
2026-02-18 04:45:00,262268.5502798065
2026-02-18 05:00:00,267433.50325958576
2026-02-18 05:15:00,267433.50325958576
2026-02-18 05:30:00,267433.50325958576
2026-02-18 05:45:00,267433.50325958576
2026-02-18 06:00:00,267433.50325958576
2026-02-18 06:15:00,267433.50325958576
2026-02-18 06:30:00,271276.2578057804
2026-02-18 06:45:00,276493.2063729459
2026-02-18 07:00:00,276493.2063729459
2026-02-18 07:15:00,276493.2063729459
2026-02-18 07:30:00,273893.699601249
2026-02-18 07:45:00,273893.699601249
2026-02-18 08:00:00,271801.71771019016
2026-02-18 08:15:00,271801.71771019016
2026-02-18 08:30:00,271801.71771019016
2026-02-18 08:45:00,271801.71771019016
2026-02-18 09:00:00,271395.78912652325
2026-02-18 09:15:00,270596.06922384107
2026-02-18 09:30:00,270596.06922384107
2026-02-18 09:45:00,270596.06922384107
2026-02-18 10:00:00,281637.6277386764
2026-02-18 10:15:00,284476.0301486376
2026-02-18 10:30:00,284476.0301486376
2026-02-18 10:45:00,284476.0301486376
2026-02-18 11:00:00,286098.18650565733
2026-02-18 11:15:00,286098.18650565733
2026-02-18 11:30:00,286098.18650565733
2026-02-18 11:45:00,286098.18650565733
2026-02-18 12:00:00,281976.85299704096
2026-02-18 12:15:00,281976.85299704096
2026-02-18 12:30:00,281976.85299704096
2026-02-18 12:45:00,281976.85299704096
2026-02-18 13:00:00,280339.2261510658
2026-02-18 13:15:00,280339.2261510658
2026-02-18 13:30:00,280879.6248149964
2026-02-18 13:45:00,280879.6248149964
2026-02-18 14:00:00,270606.4158283197
2026-02-18 14:15:00,275672.51226434915
2026-02-18 14:30:00,270823.7729826623
2026-02-18 14:45:00,286011.69959616824
2026-02-18 15:00:00,286011.69959616824
2026-02-18 15:15:00,286011.69959616824
2026-02-18 15:30:00,286011.69959616824
2026-02-18 15:45:00,286011.69959616824
2026-02-18 16:00:00,286011.69959616824
2026-02-18 16:15:00,285731.7075114304
2026-02-18 16:30:00,284950.82847883494
2026-02-18 16:45:00,284452.17847881705
2026-02-18 17:00:00,286114.16273784434
2026-02-18 17:15:00,284627.9005749085
2026-02-18 17:30:00,284627.9005749085
2026-02-18 17:45:00,284627.9005749085
2026-02-18 18:00:00,284627.9005749085
2026-02-18 18:15:00,284353.4803326569
2026-02-18 18:30:00,284081.8042928278
2026-02-18 18:45:00,283812.84501339705
2026-02-18 19:00:00,283812.84501339705
2026-02-18 19:15:00,283812.84501339705
2026-02-18 19:30:00,281986.40697087813
2026-02-18 19:45:00,281986.40697087813
2026-02-18 20:00:00,281986.40697087813
2026-02-18 20:15:00,276615.9503770937
2026-02-18 20:30:00,272331.4156167066
2026-02-18 20:45:00,274397.52537693374
2026-02-18 21:00:00,274397.52537693374
2026-02-18 21:15:00,269186.5767144413
2026-02-18 21:30:00,267220.6101151402
2026-02-18 21:45:00,266744.7109472968
2026-02-18 22:00:00,266744.7109472968
2026-02-18 22:15:00,266744.7109472968
2026-02-18 22:30:00,265059.3749338612
2026-02-18 22:45:00,265059.3749338612
2026-02-18 23:00:00,263390.89228056
2026-02-18 23:15:00,263390.89228056
2026-02-18 23:30:00,263390.89228056
2026-02-18 23:45:00,263390.89228056
2026-02-19 00:00:00,263390.89228056
2026-02-19 00:15:00,263390.89228056
2026-02-19 00:30:00,263390.89228056
2026-02-19 00:45:00,263390.89228056
2026-02-19 01:00:00,273450.34104557836
2026-02-19 01:15:00,273450.34104557836
2026-02-19 01:30:00,269963.0803398857
2026-02-19 01:45:00,269963.0803398857
2026-02-19 02:00:00,269963.0803398857
2026-02-19 02:15:00,269963.0803398857
2026-02-19 02:30:00,269963.0803398857
2026-02-19 02:45:00,269963.0803398857
2026-02-19 03:00:00,269963.0803398857
2026-02-19 03:15:00,269963.0803398857
2026-02-19 03:30:00,269963.0803398857
2026-02-19 03:45:00,263195.36740251817
2026-02-19 04:00:00,266545.21612223634
2026-02-19 04:15:00,266545.21612223634
2026-02-19 04:30:00,266545.21612223634
2026-02-19 04:45:00,266545.21612223634
2026-02-19 05:00:00,266545.21612223634
2026-02-19 05:15:00,266545.21612223634
2026-02-19 05:30:00,263195.36740251817
2026-02-19 05:45:00,257824.0297854715
2026-02-19 06:00:00,261801.25733676765
2026-02-19 06:15:00,261801.25733676765
2026-02-19 06:30:00,268501.2931447616
2026-02-19 06:45:00,267573.099883699
2026-02-19 07:00:00,263279.6920930586
2026-02-19 07:15:00,263279.6920930586
2026-02-19 07:30:00,263279.6920930586
2026-02-19 07:45:00,263279.6920930586
2026-02-19 08:00:00,263279.6920930586
2026-02-19 08:15:00,263279.6920930586
2026-02-19 08:30:00,265117.6075692887
2026-02-19 08:45:00,266516.8938924985
2026-02-19 09:00:00,266516.8938924985
2026-02-19 09:15:00,267958.15880540456
2026-02-19 09:30:00,267161.4602305733
2026-02-19 09:45:00,266666.6259438089
2026-02-19 10:00:00,266176.73999991204
2026-02-19 10:15:00,271231.96752604813
2026-02-19 10:30:00,270155.9371425583
2026-02-19 10:45:00,269101.3197636999
2026-02-19 11:00:00,268326.81422059605
2026-02-19 11:15:00,268326.81422059605
2026-02-19 11:30:00,267812.5960356268
2026-02-19 11:45:00,267812.5960356268
2026-02-19 12:00:00,267812.5960356268
2026-02-19 12:15:00,268613.6030050186
2026-02-19 12:30:00,268613.6030050186
2026-02-19 12:45:00,268613.6030050186
2026-02-19 13:00:00,266947.0953504854
2026-02-19 13:15:00,266947.0953504854
2026-02-19 13:30:00,266947.0953504854
2026-02-19 13:45:00,266947.0953504854
2026-02-19 14:00:00,266686.542978088
2026-02-19 14:15:00,266428.59612941457
2026-02-19 14:30:00,264523.38617124
2026-02-19 14:45:00,264270.57246485515
2026-02-19 15:00:00,264020.28689553414
2026-02-19 15:15:00,263772.50418190635
2026-02-19 15:30:00,257336.47651789035
2026-02-19 15:45:00,260033.99259489446
2026-02-19 16:00:00,259793.56927564414
2026-02-19 16:15:00,259793.56927564414
2026-02-19 16:30:00,281813.29989924876
2026-02-19 16:45:00,279992.26198943367
2026-02-19 17:00:00,279992.26198943367
2026-02-19 17:15:00,279992.26198943367
2026-02-19 17:30:00,279992.26198943367
2026-02-19 17:45:00,279992.26198943367
2026-02-19 18:00:00,278189.4344587168
2026-02-19 18:15:00,274637.6839404514
2026-02-19 18:30:00,274637.6839404514
2026-02-19 18:45:00,272888.40219022427
2026-02-19 19:00:00,272888.40219022427
2026-02-19 19:15:00,272888.40219022427
2026-02-19 19:30:00,271156.6132574995
2026-02-19 19:45:00,276404.635203307
2026-02-19 20:00:00,272888.40219022427
2026-02-19 20:15:00,271156.6132574995
2026-02-19 20:30:00,271156.6132574995
2026-02-19 20:45:00,271156.6132574995
2026-02-19 21:00:00,271156.6132574995
2026-02-19 21:15:00,271156.6132574995
2026-02-19 21:30:00,271156.6132574995
2026-02-19 21:45:00,271156.6132574995
2026-02-19 22:00:00,271156.6132574995
2026-02-19 22:15:00,269442.1422141019
2026-02-19 22:30:00,266064.4628115044
2026-02-19 22:45:00,263569.4838605044
2026-02-19 23:00:00,264552.4561746388
2026-02-19 23:15:00,264552.4561746388
2026-02-19 23:30:00,264552.4561746388
2026-02-19 23:45:00,264552.4561746388
2026-02-20 00:00:00,264552.4561746388
2026-02-20 00:15:00,264552.4561746388
2026-02-20 00:30:00,264552.4561746388
2026-02-20 00:45:00,264552.4561746388
2026-02-20 01:00:00,262888.9066357012
2026-02-20 01:15:00,262888.9066357012
2026-02-20 01:30:00,262394.9506989502
2026-02-20 01:45:00,252757.23432116644
2026-02-20 02:00:00,251206.69744139604
2026-02-20 02:15:00,251206.69744139604
2026-02-20 02:30:00,251700.653378147
2026-02-20 02:45:00,251700.653378147
2026-02-20 03:00:00,255811.79197431414
2026-02-20 03:15:00,254230.70951801224
2026-02-20 03:30:00,252665.4378862734
2026-02-20 03:45:00,252665.4378862734
2026-02-20 04:00:00,252665.4378862734
2026-02-20 04:15:00,252427.4188002156
2026-02-20 04:30:00,252427.4188002156
2026-02-20 04:45:00,251702.76352763487
2026-02-20 05:00:00,251702.76352763487
2026-02-20 05:15:00,251702.76352763487
2026-02-20 05:30:00,250153.1446122134
2026-02-20 05:45:00,250153.1446122134
2026-02-20 06:00:00,250153.1446122134
2026-02-20 06:15:00,250153.1446122134
2026-02-20 06:30:00,244108.0889557526
2026-02-20 06:45:00,243874.80644950736
2026-02-20 07:00:00,246407.3680151425
2026-02-20 07:15:00,246407.3680151425
2026-02-20 07:30:00,248363.43352467628
2026-02-20 07:45:00,246859.8398406617
2026-02-20 08:00:00,246859.8398406617
2026-02-20 08:15:00,248370.90044677648
2026-02-20 08:30:00,247852.10297201035
2026-02-20 08:45:00,247852.10297201035
2026-02-20 09:00:00,247852.10297201035
2026-02-20 09:15:00,247852.10297201035
2026-02-20 09:30:00,246326.63139600563
2026-02-20 09:45:00,246830.0200669737
2026-02-20 10:00:00,247338.4934719919
2026-02-20 10:15:00,246830.0200669737
2026-02-20 10:30:00,247307.7347690835
2026-02-20 10:45:00,247307.7347690835
2026-02-20 11:00:00,248848.61514888646
2026-02-20 11:15:00,264660.1709635892
2026-02-20 11:30:00,264660.1709635892
2026-02-20 11:45:00,261824.5562809177
2026-02-20 12:00:00,258228.50619965128
2026-02-20 12:15:00,258228.50619965128
2026-02-20 12:30:00,258228.50619965128
2026-02-20 12:45:00,255677.79536888405
2026-02-20 13:00:00,254421.5065169604
2026-02-20 13:15:00,254421.5065169604
2026-02-20 13:30:00,252977.1604234348
2026-02-20 13:45:00,248730.20661437832
2026-02-20 14:00:00,247342.77351987857
2026-02-20 14:15:00,247342.77351987857
2026-02-20 14:30:00,245969.21475632384
2026-02-20 14:45:00,245738.0838267755
2026-02-20 15:00:00,245738.0838267755
2026-02-20 15:15:00,245058.46667266235
2026-02-20 15:30:00,245058.46667266235
2026-02-20 15:45:00,245731.41482357253
2026-02-20 16:00:00,245731.41482357253
2026-02-20 16:15:00,245731.41482357253
2026-02-20 16:30:00,245731.41482357253
2026-02-20 16:45:00,254012.7379649203
2026-02-20 17:00:00,251774.75198942015
2026-02-20 17:15:00,250388.96121265565
2026-02-20 17:30:00,250388.96121265565
2026-02-20 17:45:00,250388.96121265565
2026-02-20 18:00:00,250388.96121265565
2026-02-20 18:15:00,249770.22317056003
2026-02-20 18:30:00,249157.6725088853
2026-02-20 18:45:00,249157.6725088853
2026-02-20 19:00:00,253273.47111587596
2026-02-20 19:15:00,253680.87902258063
2026-02-20 19:30:00,253680.87902258063
2026-02-20 19:45:00,253680.87902258063
2026-02-20 20:00:00,253680.87902258063
2026-02-20 20:15:00,253680.87902258063
2026-02-20 20:30:00,253680.87902258063
2026-02-20 20:45:00,253680.87902258063
2026-02-20 21:00:00,253680.87902258063
2026-02-20 21:15:00,253680.87902258063
2026-02-20 21:30:00,253680.87902258063
2026-02-20 21:45:00,257920.1515877809
2026-02-20 22:00:00,257920.1515877809
2026-02-20 22:15:00,257920.1515877809
2026-02-20 22:30:00,257920.1515877809
2026-02-20 22:45:00,257920.1515877809
2026-02-20 23:00:00,257920.1515877809
2026-02-20 23:15:00,257920.1515877809
2026-02-20 23:30:00,262286.60232993716
2026-02-20 23:45:00,281102.2315855637
2026-02-23 00:00:00,281102.2315855637
2026-02-23 00:15:00,281102.2315855637
2026-02-23 00:30:00,281102.2315855637
2026-02-23 00:45:00,281102.2315855637
2026-02-23 01:00:00,373370.90555090364
2026-02-23 01:15:00,377779.0312844486
2026-02-23 01:30:00,379813.8437619195
2026-02-23 01:45:00,378973.3335287237
2026-02-23 02:00:00,370676.006156371
2026-02-23 02:15:00,371258.5357406833
2026-02-23 02:30:00,371005.68890671263
2026-02-23 02:45:00,371594.1026282402
2026-02-23 03:00:00,371594.1026282402
2026-02-23 03:15:00,371594.1026282402
2026-02-23 03:30:00,371594.1026282402
2026-02-23 03:45:00,371594.1026282402
2026-02-23 04:00:00,371594.1026282402
2026-02-23 04:15:00,371594.1026282402
2026-02-23 04:30:00,371594.1026282402
2026-02-23 04:45:00,371594.1026282402
2026-02-23 05:00:00,368966.89368911635
2026-02-23 05:15:00,366365.95683938375
2026-02-23 05:30:00,366365.95683938375
2026-02-23 05:45:00,366365.95683938375
2026-02-23 06:00:00,366365.95683938375
2026-02-23 06:15:00,366365.95683938375
2026-02-23 06:30:00,366365.95683938375
2026-02-23 06:45:00,366365.95683938375
2026-02-23 07:00:00,361241.8511517255
2026-02-23 07:15:00,361241.8511517255
2026-02-23 07:30:00,361241.8511517255
2026-02-23 07:45:00,361241.8511517255
2026-02-23 08:00:00,361241.8511517255
2026-02-23 08:15:00,360991.5327860945
2026-02-23 08:30:00,348622.95821350784
2026-02-23 08:45:00,348622.95821350784
2026-02-23 09:00:00,358467.84636173584
2026-02-23 09:15:00,381796.9468344759
2026-02-23 09:30:00,381796.9468344759
2026-02-23 09:45:00,381796.9468344759
2026-02-23 10:00:00,380049.29924016685
2026-02-23 10:15:00,382808.6331440482
2026-02-23 10:30:00,382237.6958984637
2026-02-23 10:45:00,379478.36199458246
2026-02-23 11:00:00,374579.2812473334
2026-02-23 11:15:00,374086.12903520383
2026-02-23 11:30:00,374086.12903520383
2026-02-23 11:45:00,373843.24537535047
2026-02-23 12:00:00,371219.1462884076
2026-02-23 12:15:00,365922.50297993055
2026-02-23 12:30:00,365323.2077402662
2026-02-23 12:45:00,365323.2077402662
2026-02-23 13:00:00,367091.0233163092
2026-02-23 13:15:00,365893.994376025
2026-02-23 13:30:00,364443.84588783135
2026-02-23 13:45:00,363862.35031608026
2026-02-23 14:00:00,363286.66970004677
2026-02-23 14:15:00,367527.36801209155
2026-02-23 14:30:00,366298.26489343226
2026-02-23 14:45:00,366298.26489343226
2026-02-23 15:00:00,363146.755446537
2026-02-23 15:15:00,360626.05633377505
2026-02-23 15:30:00,360626.05633377505
2026-02-23 15:45:00,358130.5642121407
2026-02-23 16:00:00,355660.02701172273
2026-02-23 16:15:00,353214.19518330885
2026-02-23 16:30:00,402342.0351411219
2026-02-23 16:45:00,403542.519104349
2026-02-23 17:00:00,403542.519104349
2026-02-23 17:15:00,403542.519104349
2026-02-23 17:30:00,403542.519104349
2026-02-23 17:45:00,401273.7556685367
2026-02-23 18:00:00,401273.7556685367
2026-02-23 18:15:00,401273.7556685367
2026-02-23 18:30:00,401273.7556685367
2026-02-23 18:45:00,401273.7556685367
2026-02-23 19:00:00,401273.7556685367
2026-02-23 19:15:00,401273.7556685367
2026-02-23 19:30:00,401273.7556685367
2026-02-23 19:45:00,401273.7556685367
2026-02-23 20:00:00,401273.7556685367
2026-02-23 20:15:00,401273.7556685367
2026-02-23 20:30:00,401273.7556685367
2026-02-23 20:45:00,401273.7556685367
2026-02-23 21:00:00,401273.7556685367
2026-02-23 21:15:00,401273.7556685367
2026-02-23 21:30:00,401273.7556685367
2026-02-23 21:45:00,401273.7556685367
2026-02-23 22:00:00,401273.7556685367
2026-02-23 22:15:00,401273.7556685367
2026-02-23 22:30:00,401273.7556685367
2026-02-23 22:45:00,401273.7556685367
2026-02-23 23:00:00,401273.7556685367
2026-02-23 23:15:00,401273.7556685367
2026-02-23 23:30:00,401273.7556685367
2026-02-23 23:45:00,401273.7556685367
2026-02-24 00:00:00,401273.7556685367
2026-02-24 00:15:00,401273.7556685367
2026-02-24 00:30:00,401273.7556685367
2026-02-24 00:45:00,401273.7556685367
2026-02-24 01:00:00,409957.7748260903
2026-02-24 01:15:00,409957.77482609055
2026-02-24 01:30:00,409957.77482609055
2026-02-24 01:45:00,409957.77482609055
2026-02-24 02:00:00,409957.77482609055
2026-02-24 02:15:00,408786.83152025065
2026-02-24 02:30:00,408786.83152025065
2026-02-24 02:45:00,408786.83152025065
2026-02-24 03:00:00,394174.44998869987
2026-02-24 03:15:00,394174.44998869987
2026-02-24 03:30:00,394174.44998869987
2026-02-24 03:45:00,394174.44998869987
2026-02-24 04:00:00,391339.0605599219
2026-02-24 04:15:00,391339.0605599219
2026-02-24 04:30:00,393069.1734253295
2026-02-24 04:45:00,390262.13789083937
2026-02-24 05:00:00,387483.17271169415
2026-02-24 05:15:00,387483.17271169403
2026-02-24 05:30:00,387483.17271169403
2026-02-24 05:45:00,387483.17271169403
2026-02-24 06:00:00,387483.17271169403
2026-02-24 06:15:00,387483.17271169403
2026-02-24 06:30:00,386926.6676542406
2026-02-24 06:45:00,386926.6676542406
2026-02-24 07:00:00,386926.6676542406
2026-02-24 07:15:00,386332.6622371174
2026-02-24 07:30:00,384586.0493026136
2026-02-24 07:45:00,371678.9146336479
2026-02-24 08:00:00,369062.57408160606
2026-02-24 08:15:00,369062.57408160606
2026-02-24 08:30:00,369062.57408160606
2026-02-24 08:45:00,369062.57408160606
2026-02-24 09:00:00,369062.57408160606
2026-02-24 09:15:00,363331.7586977992
2026-02-24 09:30:00,360793.1260764935
2026-02-24 09:45:00,360793.1260764935
2026-02-24 10:00:00,360222.5268428865
2026-02-24 10:15:00,364006.5007661075
2026-02-24 10:30:00,360911.06976169243
2026-02-24 10:45:00,365038.7593507891
2026-02-24 11:00:00,363809.6562321298
2026-02-24 11:15:00,363204.30750519614
2026-02-24 11:30:00,362617.98583873664
2026-02-24 11:45:00,362617.98583873664
2026-02-24 12:00:00,362617.98583873664
2026-02-24 12:15:00,352813.82458267955
2026-02-24 12:30:00,352813.82458267955
2026-02-24 12:45:00,352813.82458267955
2026-02-24 13:00:00,352813.82458267955
2026-02-24 13:15:00,352813.82458267955
2026-02-24 13:30:00,351621.2270557475
2026-02-24 13:45:00,351621.2270557475
2026-02-24 14:00:00,351621.2270557475
2026-02-24 14:15:00,421894.70211971976
2026-02-24 14:30:00,421307.3328553247
2026-02-24 14:45:00,412251.6047605418
2026-02-24 15:00:00,412251.6047605418
2026-02-24 15:15:00,412251.6047605418
2026-02-24 15:30:00,460162.275937085
2026-02-24 15:45:00,481399.14949972765
2026-02-24 16:00:00,492497.76977687475
2026-02-24 16:15:00,490787.94077919354
2026-02-24 16:30:00,488529.3188098605
2026-02-24 16:45:00,486630.09872689104
2026-02-24 17:00:00,485999.918379865
2026-02-24 17:15:00,482302.5685262035
2026-02-24 17:30:00,482302.5685262035
2026-02-24 17:45:00,482302.5685262035
2026-02-24 18:00:00,484174.2041568709
2026-02-24 18:15:00,484174.2041568709
2026-02-24 18:30:00,484174.2041568709
2026-02-24 18:45:00,484174.2041568709
2026-02-24 19:00:00,478817.8399097599
2026-02-24 19:15:00,471678.6455271008
2026-02-24 19:30:00,471678.6455271008
2026-02-24 19:45:00,471678.6455271008
2026-02-24 20:00:00,464681.52111265657
2026-02-24 20:15:00,464681.52111265657
2026-02-24 20:30:00,464681.52111265657
2026-02-24 20:45:00,464681.52111265657
2026-02-24 21:00:00,457823.6394740598
2026-02-24 21:15:00,457823.6394740598
2026-02-24 21:30:00,457823.6394740598
2026-02-24 21:45:00,457823.6394740598
2026-02-24 22:00:00,457823.6394740598
2026-02-24 22:15:00,457823.6394740598
2026-02-24 22:30:00,454446.04661275895
2026-02-24 22:45:00,454446.04661275895
2026-02-24 23:00:00,454446.04661275895
2026-02-24 23:15:00,454446.04661275895
2026-02-24 23:30:00,461235.3494349698
2026-02-24 23:45:00,461235.3494349698
2026-02-25 00:00:00,461235.3494349698
2026-02-25 00:15:00,461235.3494349698
2026-02-25 00:30:00,461235.3494349698
2026-02-25 00:45:00,461235.3494349698
2026-02-25 01:00:00,459918.22266872163
2026-02-25 01:15:00,459918.22266872163
2026-02-25 01:30:00,456506.51270781166
2026-02-25 01:45:00,453128.9198465108
2026-02-25 02:00:00,453128.9198465108
2026-02-25 02:15:00,453128.9198465108
2026-02-25 02:30:00,453128.9198465108
2026-02-25 02:45:00,449785.102913823
2026-02-25 03:00:00,446474.724150462
2026-02-25 03:15:00,448545.3809693501
2026-02-25 03:30:00,448545.3809693501
2026-02-25 03:45:00,448545.3809693501
2026-02-25 04:00:00,448545.3809693501
2026-02-25 04:15:00,448545.3809693501
2026-02-25 04:30:00,448256.6101827687
2026-02-25 04:45:00,447970.72710405313
2026-02-25 05:00:00,447687.7028561247
2026-02-25 05:15:00,447687.7028561247
2026-02-25 05:30:00,447687.7028561247
2026-02-25 05:45:00,447687.7028561247
2026-02-25 06:00:00,447687.7028561247
2026-02-25 06:15:00,447687.7028561247
2026-02-25 06:30:00,447687.7028561247
2026-02-25 06:45:00,447407.50885067554
2026-02-25 07:00:00,447407.50885067554
2026-02-25 07:15:00,447407.50885067554
2026-02-25 07:30:00,447407.50885067554
2026-02-25 07:45:00,447407.50885067554
2026-02-25 08:00:00,440950.9494209951
2026-02-25 08:15:00,437771.01278932183
2026-02-25 08:30:00,437771.01278932183
2026-02-25 08:45:00,437771.01278932183
2026-02-25 09:00:00,437771.01278932183
2026-02-25 09:15:00,431506.21963126224
2026-02-25 09:30:00,431506.21963126224
2026-02-25 09:45:00,428420.7302974863
2026-02-25 10:00:00,421706.6232183479
2026-02-25 10:15:00,426335.1831118948
2026-02-25 10:30:00,425653.8577866087
2026-02-25 10:45:00,422599.22334617045
2026-02-25 11:00:00,435004.14027844416
2026-02-25 11:15:00,435004.14027844416
2026-02-25 11:30:00,428739.3471203846
2026-02-25 11:45:00,428739.3471203846
2026-02-25 12:00:00,427184.20739587053
2026-02-25 12:15:00,439714.4265193793
2026-02-25 12:30:00,442926.4837230897
2026-02-25 12:45:00,442926.4837230897
2026-02-25 13:00:00,452562.6553342208
2026-02-25 13:15:00,462487.9120936859
2026-02-25 13:30:00,462487.9120936859
2026-02-25 13:45:00,467361.32699598954
2026-02-25 14:00:00,467361.32699598954
2026-02-25 14:15:00,463209.59781677125
2026-02-25 14:30:00,463209.59781677125
2026-02-25 14:45:00,463209.59781677125
2026-02-25 15:00:00,463209.59781677136
2026-02-25 15:15:00,463209.59781677136
2026-02-25 15:30:00,463209.59781677136
2026-02-25 15:45:00,463209.59781677136
2026-02-25 16:00:00,463209.59781677136
2026-02-25 16:15:00,463209.59781677136
2026-02-25 16:30:00,485453.6829080305
2026-02-25 16:45:00,474614.81975122023
2026-02-25 17:00:00,474288.2950387779
2026-02-25 17:15:00,474288.2950387779
2026-02-25 17:30:00,474288.2950387779
2026-02-25 17:45:00,474288.2950387779
2026-02-25 18:00:00,474288.2950387779
2026-02-25 18:15:00,474288.2950387779
2026-02-25 18:30:00,474288.2950387779
2026-02-25 18:45:00,474288.2950387779
2026-02-25 19:00:00,473329.46091513295
2026-02-25 19:15:00,473329.46091513295
2026-02-25 19:30:00,473329.46091513295
2026-02-25 19:45:00,473329.46091513295
2026-02-25 20:00:00,473329.46091513295
2026-02-25 20:15:00,473329.46091513295
2026-02-25 20:30:00,473329.46091513295
2026-02-25 20:45:00,470023.0006785643
2026-02-25 21:00:00,450867.138332067
2026-02-25 21:15:00,447785.3013213291
2026-02-25 21:30:00,444734.28268069855
2026-02-25 21:45:00,444734.28268069855
2026-02-25 22:00:00,441713.7742264743
2026-02-25 22:15:00,438723.4708567923
2026-02-25 22:30:00,437859.87704558414
2026-02-25 22:45:00,437859.87704558414
2026-02-25 23:00:00,437859.87704558414
2026-02-25 23:15:00,437859.87704558414
2026-02-25 23:30:00,503795.78727132163
2026-02-25 23:45:00,508338.7381973821
2026-02-26 00:00:00,508338.7381973821
2026-02-26 00:15:00,508338.7381973821
2026-02-26 00:30:00,508338.7381973821
2026-02-26 00:45:00,508338.7381973821
2026-02-26 01:00:00,506778.991712768
2026-02-26 01:15:00,505234.84269300004
2026-02-26 01:30:00,503706.1351634298
2026-02-26 01:45:00,502192.71470915526
2026-02-26 02:00:00,502192.71470915526
2026-02-26 02:15:00,502192.71470915526
2026-02-26 02:30:00,502192.71470915526
2026-02-26 02:45:00,501262.35891781666
2026-02-26 03:00:00,499460.1356646237
2026-02-26 03:15:00,499159.2380311971
2026-02-26 03:30:00,498861.34937410476
2026-02-26 03:45:00,498566.4396035834
2026-02-26 04:00:00,498566.4396035834
2026-02-26 04:15:00,498566.4396035834
2026-02-26 04:30:00,498566.4396035834
2026-02-26 04:45:00,498566.4396035834
2026-02-26 05:00:00,498566.4396035834
2026-02-26 05:15:00,498566.4396035834
2026-02-26 05:30:00,498566.4396035834
2026-02-26 05:45:00,498566.4396035834
2026-02-26 06:00:00,498566.4396035834
2026-02-26 06:15:00,498566.4396035834
2026-02-26 06:30:00,498566.4396035834
2026-02-26 06:45:00,498566.4396035834
2026-02-26 07:00:00,498566.4396035834
2026-02-26 07:15:00,492675.24293497286
2026-02-26 07:30:00,492675.24293497286
2026-02-26 07:45:00,492675.24293497286
2026-02-26 08:00:00,492675.24293497286
2026-02-26 08:15:00,492675.24293497286
2026-02-26 08:30:00,492675.24293497286
2026-02-26 08:45:00,492675.24293497286
2026-02-26 09:00:00,495646.74867096904
2026-02-26 09:15:00,495646.74867096904
2026-02-26 09:30:00,495646.74867096904
2026-02-26 09:45:00,495646.74867096904
2026-02-26 10:00:00,500096.6588326725
2026-02-26 10:15:00,509400.975989779
2026-02-26 10:30:00,509400.975989779
2026-02-26 10:45:00,506175.493125538
2026-02-26 11:00:00,505853.8173953619
2026-02-26 11:15:00,505220.0840393419
2026-02-26 11:30:00,515415.02860625694
2026-02-26 11:45:00,512542.5551206509
2026-02-26 12:00:00,511921.43305841566
2026-02-26 12:15:00,510201.8778972734
2026-02-26 12:30:00,506814.1822743069
2026-02-26 12:45:00,524680.3048600762
2026-02-26 13:00:00,522977.9452505452
2026-02-26 13:15:00,522977.9452505452
2026-02-26 13:30:00,522977.9452505452
2026-02-26 13:45:00,541178.1113446464
2026-02-26 14:00:00,560486.6675538798
2026-02-26 14:15:00,557123.0473104684
2026-02-26 14:30:00,540802.812142259
2026-02-26 14:45:00,537636.0304529639
2026-02-26 15:00:00,536308.8290486892
2026-02-26 15:15:00,536308.8290486892
2026-02-26 15:30:00,536308.8290486892
2026-02-26 15:45:00,553556.653417456
2026-02-26 16:00:00,559331.6856544551
2026-02-26 16:15:00,540808.1659406114
2026-02-26 16:30:00,596469.8588285694
2026-02-26 16:45:00,587333.4104563207
2026-02-26 17:00:00,592093.5416614814
2026-02-26 17:15:00,631402.3397338479
2026-02-26 17:30:00,636452.3629294026
2026-02-26 17:45:00,630664.015891425
2026-02-26 18:00:00,630664.015891425
2026-02-26 18:15:00,627248.1751519283
2026-02-26 18:30:00,627248.1751519283
2026-02-26 18:45:00,627248.1751519283
2026-02-26 19:00:00,627248.1751519283
2026-02-26 19:15:00,626921.998560612
2026-02-26 19:30:00,626921.998560612
2026-02-26 19:45:00,611105.3918975902
2026-02-26 20:00:00,611105.3918975902
2026-02-26 20:15:00,611105.3918975902
2026-02-26 20:30:00,611105.3918975902
2026-02-26 20:45:00,611105.3918975902
2026-02-26 21:00:00,611105.3918975902
2026-02-26 21:15:00,611105.3918975902
2026-02-26 21:30:00,611105.3918975902
2026-02-26 21:45:00,611105.3918975902
2026-02-26 22:00:00,612107.3470239913
2026-02-26 22:15:00,612035.4082724833
2026-02-26 22:30:00,612109.7271138156
2026-02-26 22:45:00,612109.7271138156
2026-02-26 23:00:00,612109.7271138156
2026-02-26 23:15:00,612109.7271138156
2026-02-26 23:30:00,612109.7271138156
2026-02-26 23:45:00,612109.7271138156
2026-02-27 00:00:00,612109.7271138156
2026-02-27 00:15:00,612109.7271138156
2026-02-27 00:30:00,612109.7271138156
2026-02-27 00:45:00,612109.7271138156
2026-02-27 01:00:00,612109.7271138156
2026-02-27 01:15:00,612109.7271138156
2026-02-27 01:30:00,612109.7271138156
2026-02-27 01:45:00,612109.7271138156
2026-02-27 02:00:00,612109.7271138156
2026-02-27 02:15:00,612109.7271138156
2026-02-27 02:30:00,612109.7271138156
2026-02-27 02:45:00,612109.7271138156
2026-02-27 03:00:00,606571.588020243
2026-02-27 03:15:00,606571.588020243
2026-02-27 03:30:00,606571.588020243
2026-02-27 03:45:00,606571.588020243
2026-02-27 04:00:00,606571.588020243
2026-02-27 04:15:00,606571.588020243
2026-02-27 04:30:00,604906.0669882367
2026-02-27 04:45:00,604906.0669882367
2026-02-27 05:00:00,604906.0669882367
2026-02-27 05:15:00,604906.0669882367
2026-02-27 05:30:00,604906.0669882367
2026-02-27 05:45:00,604906.0669882367
2026-02-27 06:00:00,604906.0669882367
2026-02-27 06:15:00,604906.0669882367
2026-02-27 06:30:00,604573.1088106711
2026-02-27 06:45:00,604573.1088106711
2026-02-27 07:00:00,602924.2429889848
2026-02-27 07:15:00,602924.2429889848
2026-02-27 07:30:00,602924.2429889848
2026-02-27 07:45:00,602924.2429889848
2026-02-27 08:00:00,601291.8658255152
2026-02-27 08:15:00,599675.8124336805
2026-02-27 08:30:00,599675.8124336805
2026-02-27 08:45:00,599675.8124336805
2026-02-27 09:00:00,602711.6749144616
2026-02-27 09:15:00,614169.4934625702
2026-02-27 09:30:00,614169.4934625702
2026-02-27 09:45:00,614169.4934625702
2026-02-27 10:00:00,610757.696086209
2026-02-27 10:15:00,609077.3430165751
2026-02-27 10:30:00,609077.3430165751
2026-02-27 10:45:00,609077.3430165751
2026-02-27 11:00:00,609077.3430165751
2026-02-27 11:15:00,624610.6221168608
2026-02-27 11:30:00,617443.5000028459
2026-02-27 11:45:00,619208.3597087048
2026-02-27 12:00:00,619208.3597087048
2026-02-27 12:15:00,619208.3597087048
2026-02-27 12:30:00,619208.3597087048
2026-02-27 12:45:00,619208.3597087048
2026-02-27 13:00:00,619208.3597087048
2026-02-27 13:15:00,619208.3597087048
2026-02-27 13:30:00,619208.3597087048
2026-02-27 13:45:00,619208.3597087048
2026-02-27 14:00:00,619208.3597087048
2026-02-27 14:15:00,619996.7568310546
2026-02-27 14:30:00,619996.7568310546
2026-02-27 14:45:00,619996.7568310546
2026-02-27 15:00:00,619996.7568310546
2026-02-27 15:15:00,717560.9869905197
2026-02-27 15:30:00,717560.9869905197
2026-02-27 15:45:00,717560.9869905197
2026-02-27 16:00:00,717560.9869905197
2026-02-27 16:15:00,717560.9869905197
2026-02-27 16:30:00,717560.9869905197
2026-02-27 16:45:00,717560.9869905197
2026-02-27 17:00:00,717560.9869905197
2026-02-27 17:15:00,717560.9869905197
2026-02-27 17:30:00,717560.9869905197
2026-02-27 17:45:00,717560.9869905197
2026-02-27 18:00:00,717560.9869905197
2026-02-27 18:15:00,717560.9869905197
2026-02-27 18:30:00,717193.1157986985
2026-02-27 18:45:00,717193.1157986985
2026-02-27 19:00:00,716468.3727636916
2026-02-27 19:15:00,716468.3727636916
2026-02-27 19:30:00,716468.3727636916
2026-02-27 19:45:00,716468.3727636916
2026-02-27 20:00:00,716468.3727636916
2026-02-27 20:15:00,716468.3727636916
2026-02-27 20:30:00,716468.3727636916
2026-02-27 20:45:00,716468.3727636916
2026-02-27 21:00:00,716468.3727636916
2026-02-27 21:15:00,716468.3727636916
2026-02-27 21:30:00,716468.3727636916
2026-02-27 21:45:00,716468.3727636916
2026-02-27 22:00:00,716468.3727636916
2026-02-27 22:15:00,716468.3727636916
2026-02-27 22:30:00,716468.3727636916
2026-02-27 22:45:00,716468.3727636916
2026-02-27 23:00:00,716468.3727636916
2026-02-27 23:15:00,716468.3727636916
2026-02-27 23:30:00,716468.3727636916
2026-02-27 23:45:00,716468.3727636916
2026-03-02 00:00:00,717962.4179092953
2026-03-02 00:15:00,717962.4179092953
2026-03-02 00:30:00,717962.4179092953
2026-03-02 00:45:00,717962.4179092953
2026-03-02 01:00:00,717590.5324082864
2026-03-02 01:15:00,717222.3657622875
2026-03-02 01:30:00,717222.3657622875
2026-03-02 01:45:00,717590.5324082864
2026-03-02 02:00:00,717590.5324082864
2026-03-02 02:15:00,717590.5324082864
2026-03-02 02:30:00,717590.5324082864
2026-03-02 02:45:00,717590.5324082864
2026-03-02 03:00:00,717590.5324082864
2026-03-02 03:15:00,717590.5324082864
2026-03-02 03:30:00,717590.5324082864
2026-03-02 03:45:00,717590.5324082864
2026-03-02 04:00:00,717590.5324082864
2026-03-02 04:15:00,717590.5324082864
2026-03-02 04:30:00,717590.5324082864
2026-03-02 04:45:00,717590.5324082864
2026-03-02 05:00:00,717590.5324082864
2026-03-02 05:15:00,717590.5324082864
2026-03-02 05:30:00,717590.5324082864
2026-03-02 05:45:00,717590.5324082864
2026-03-02 06:00:00,717590.5324082864
2026-03-02 06:15:00,717590.5324082864
2026-03-02 06:30:00,717590.5324082864
2026-03-02 06:45:00,717590.5324082864
2026-03-02 07:00:00,717590.5324082864
2026-03-02 07:15:00,717590.5324082864
2026-03-02 07:30:00,717590.5324082864
2026-03-02 07:45:00,717590.5324082864
2026-03-02 08:00:00,716857.8807827486
2026-03-02 08:15:00,716857.8807827486
2026-03-02 08:30:00,716497.0406530051
2026-03-02 08:45:00,716139.808924559
2026-03-02 09:00:00,715786.1495133976
2026-03-02 09:15:00,715436.0266963476
2026-03-02 09:30:00,715089.4051074681
2026-03-02 09:45:00,714746.2497344775
2026-03-02 10:00:00,714746.2497344775
2026-03-02 10:15:00,714070.1993341486
2026-03-02 10:30:00,714070.1993341486
2026-03-02 10:45:00,714070.1993341486
2026-03-02 11:00:00,714070.1993341486
2026-03-02 11:15:00,714070.1993341486
2026-03-02 11:30:00,714070.1993341486
2026-03-02 11:45:00,714070.1993341486
2026-03-02 12:00:00,714070.1993341486
2026-03-02 12:15:00,714070.1993341486
2026-03-02 12:30:00,714070.1993341486
2026-03-02 12:45:00,714070.1993341486
2026-03-02 13:00:00,714070.1993341486
2026-03-02 13:15:00,714070.1993341486
2026-03-02 13:30:00,714070.1993341486
2026-03-02 13:45:00,714070.1993341486
2026-03-02 14:00:00,714070.1993341486
2026-03-02 14:15:00,714070.1993341486
2026-03-02 14:30:00,714070.1993341486
2026-03-02 14:45:00,714070.1993341486
2026-03-02 15:00:00,714070.1993341486
2026-03-02 15:15:00,714070.1993341486
2026-03-02 15:30:00,714070.1993341486
2026-03-02 15:45:00,714070.1993341486
2026-03-02 16:00:00,714070.1993341486
2026-03-02 16:15:00,714070.1993341486
2026-03-02 16:30:00,714070.1993341486
2026-03-02 16:45:00,714070.1993341486
2026-03-02 17:00:00,714070.1993341486
2026-03-02 17:15:00,714070.1993341486
2026-03-02 17:30:00,713737.2360188911
2026-03-02 17:45:00,713737.2360188911
2026-03-02 18:00:00,713737.2360188911
2026-03-02 18:15:00,713737.2360188911
2026-03-02 18:30:00,713737.2360188911
2026-03-02 18:45:00,713737.2360188911
2026-03-02 19:00:00,713737.2360188911
2026-03-02 19:15:00,713737.2360188911
2026-03-02 19:30:00,713737.2360188911
2026-03-02 19:45:00,713737.2360188911
2026-03-02 20:00:00,713737.2360188911
2026-03-02 20:15:00,713737.2360188911
2026-03-02 20:30:00,713737.2360188911
2026-03-02 20:45:00,713737.2360188911
2026-03-02 21:00:00,713737.2360188911
2026-03-02 21:15:00,713737.2360188911
2026-03-02 21:30:00,713737.2360188911
2026-03-02 21:45:00,713737.2360188911
2026-03-02 22:00:00,713737.2360188911
2026-03-02 22:15:00,713737.2360188911
2026-03-02 22:30:00,713737.2360188911
2026-03-02 22:45:00,713737.2360188911
2026-03-02 23:00:00,713737.2360188911
2026-03-02 23:15:00,713737.2360188911
2026-03-02 23:30:00,713737.2360188911
2026-03-02 23:45:00,713737.2360188911
2026-03-03 00:00:00,713737.2360188911
2026-03-03 00:15:00,713737.2360188911
2026-03-03 00:30:00,713737.2360188911
2026-03-03 00:45:00,713737.2360188911
2026-03-03 01:00:00,713737.2360188911
2026-03-03 01:15:00,713737.2360188911
2026-03-03 01:30:00,713737.2360188911
2026-03-03 01:45:00,713737.2360188911
2026-03-03 02:00:00,713737.2360188911
2026-03-03 02:15:00,713737.2360188911
2026-03-03 02:30:00,713737.2360188911
2026-03-03 02:45:00,713737.2360188911
2026-03-03 03:00:00,713737.2360188911
2026-03-03 03:15:00,713737.2360188911
2026-03-03 03:30:00,713737.2360188911
2026-03-03 03:45:00,713737.2360188911
2026-03-03 04:00:00,713737.2360188911
2026-03-03 04:15:00,713737.2360188911
2026-03-03 04:30:00,713737.2360188911
2026-03-03 04:45:00,713737.2360188911
2026-03-03 05:00:00,713737.2360188911
2026-03-03 05:15:00,713737.2360188911
2026-03-03 05:30:00,713737.2360188911
2026-03-03 05:45:00,713737.2360188911
2026-03-03 06:00:00,713737.2360188911
2026-03-03 06:15:00,713737.2360188911
2026-03-03 06:30:00,713737.2360188911
2026-03-03 06:45:00,713737.2360188911
2026-03-03 07:00:00,713737.2360188911
2026-03-03 07:15:00,713407.6023367862
2026-03-03 07:30:00,712758.1910196714
2026-03-03 07:45:00,712758.1910196714
2026-03-03 08:00:00,712438.3477875587
2026-03-03 08:15:00,712438.3477875587
2026-03-03 08:30:00,712438.3477875587
2026-03-03 08:45:00,712438.3477875587
2026-03-03 09:00:00,711190.6409351048
2026-03-03 09:15:00,711190.6409351048
2026-03-03 09:30:00,711190.6409351048
2026-03-03 09:45:00,710886.4732038378
2026-03-03 10:00:00,710585.3471498834
2026-03-03 10:15:00,710287.2323564686
2026-03-03 10:30:00,709992.098710988
2026-03-03 10:45:00,709699.916401962
2026-03-03 11:00:00,709699.916401962
2026-03-03 11:15:00,709124.2880349502
2026-03-03 11:30:00,709124.2880349502
2026-03-03 11:45:00,708840.7838326847
2026-03-03 12:00:00,708840.7838326847
2026-03-03 12:15:00,708840.7838326847
2026-03-03 12:30:00,708560.1146724419
2026-03-03 12:45:00,708560.1146724419
2026-03-03 13:00:00,708560.1146724419
2026-03-03 13:15:00,708560.1146724419
2026-03-03 13:30:00,708560.1146724419
2026-03-03 13:45:00,708560.1146724419
2026-03-03 14:00:00,708560.1146724419
2026-03-03 14:15:00,708560.1146724419
2026-03-03 14:30:00,708560.1146724419
2026-03-03 14:45:00,708560.1146724419
2026-03-03 15:00:00,708560.1146724419
2026-03-03 15:15:00,708560.1146724419
2026-03-03 15:30:00,708560.1146724419
2026-03-03 15:45:00,708560.1146724419
2026-03-03 16:00:00,708560.1146724419
2026-03-03 16:15:00,708560.1146724419
2026-03-03 16:30:00,708560.1146724419
2026-03-03 16:45:00,708560.1146724419
2026-03-03 17:00:00,708560.1146724419
2026-03-03 17:15:00,708560.1146724419
2026-03-03 17:30:00,708560.1146724419
2026-03-03 17:45:00,708560.1146724419
2026-03-03 18:00:00,708560.1146724419
2026-03-03 18:15:00,708560.1146724419
2026-03-03 18:30:00,708560.1146724419
2026-03-03 18:45:00,710984.375456429
2026-03-03 19:00:00,710984.375456429
2026-03-03 19:15:00,710984.375456429
2026-03-03 19:30:00,710984.375456429
2026-03-03 19:45:00,710984.375456429
2026-03-03 20:00:00,710984.375456429
2026-03-03 20:15:00,710984.375456429
2026-03-03 20:30:00,710984.375456429
2026-03-03 20:45:00,710984.375456429
2026-03-03 21:00:00,710984.375456429
2026-03-03 21:15:00,710984.375456429
2026-03-03 21:30:00,710984.375456429
2026-03-03 21:45:00,710984.375456429
2026-03-03 22:00:00,710984.375456429
2026-03-03 22:15:00,710984.375456429
2026-03-03 22:30:00,710984.375456429
2026-03-03 22:45:00,710984.375456429
2026-03-03 23:00:00,710984.375456429
2026-03-03 23:15:00,710984.375456429
2026-03-03 23:30:00,710984.375456429
2026-03-03 23:45:00,710984.375456429
2026-03-04 00:00:00,710984.375456429
2026-03-04 00:15:00,710984.375456429
2026-03-04 00:30:00,710984.375456429
2026-03-04 00:45:00,710984.375456429
2026-03-04 01:00:00,710984.375456429
2026-03-04 01:15:00,710984.375456429
2026-03-04 01:30:00,710984.375456429
2026-03-04 01:45:00,710984.375456429
2026-03-04 02:00:00,710984.375456429
2026-03-04 02:15:00,710984.375456429
2026-03-04 02:30:00,710984.375456429
2026-03-04 02:45:00,710984.375456429
2026-03-04 03:00:00,710984.375456429
2026-03-04 03:15:00,710682.2703799487
2026-03-04 03:30:00,710682.2703799487
2026-03-04 03:45:00,710682.2703799487
2026-03-04 04:00:00,710682.2703799487
2026-03-04 04:15:00,710682.2703799487
2026-03-04 04:30:00,710682.2703799487
2026-03-04 04:45:00,710682.2703799487
2026-03-04 05:00:00,710682.2703799487
2026-03-04 05:15:00,710682.2703799487
2026-03-04 05:30:00,710682.2703799487
2026-03-04 05:45:00,710682.2703799487
2026-03-04 06:00:00,712181.579481382
2026-03-04 06:15:00,712181.579481382
2026-03-04 06:30:00,712181.579481382
2026-03-04 06:45:00,712181.579481382
2026-03-04 07:00:00,712181.579481382
2026-03-04 07:15:00,712181.579481382
2026-03-04 07:30:00,712181.579481382
2026-03-04 07:45:00,712181.579481382
2026-03-04 08:00:00,712181.579481382
2026-03-04 08:15:00,712181.579481382
2026-03-04 08:30:00,712181.579481382
2026-03-04 08:45:00,712181.579481382
2026-03-04 09:00:00,712181.579481382
2026-03-04 09:15:00,712181.579481382
2026-03-04 09:30:00,711867.5023646522
2026-03-04 09:45:00,711867.5023646522
2026-03-04 10:00:00,711867.5023646522
2026-03-04 10:15:00,713947.2831029515
2026-03-04 10:30:00,713947.2831029515
2026-03-04 10:45:00,713947.2831029515
2026-03-04 11:00:00,713947.2831029515
2026-03-04 11:15:00,713947.2831029515
2026-03-04 11:30:00,713947.2831029515
2026-03-04 11:45:00,713947.2831029515
2026-03-04 12:00:00,713947.2831029515
2026-03-04 12:15:00,713947.2831029515
2026-03-04 12:30:00,713947.2831029515
2026-03-04 12:45:00,713947.2831029515
2026-03-04 13:00:00,713947.2831029515
2026-03-04 13:15:00,713615.5489500059
2026-03-04 13:30:00,713615.5489500059
2026-03-04 13:45:00,713615.5489500059
2026-03-04 14:00:00,713615.5489500059
2026-03-04 14:15:00,713615.5489500059
2026-03-04 14:30:00,713615.5489500059
2026-03-04 14:45:00,713615.5489500059
2026-03-04 15:00:00,713615.5489500059
2026-03-04 15:15:00,713615.5489500059
2026-03-04 15:30:00,713615.5489500059
2026-03-04 15:45:00,713615.5489500059
2026-03-04 16:00:00,713615.5489500059
2026-03-04 16:15:00,713615.5489500059
2026-03-04 16:30:00,713615.5489500059
2026-03-04 16:45:00,713615.5489500059
2026-03-04 17:00:00,713615.5489500059
2026-03-04 17:15:00,713615.5489500059
2026-03-04 17:30:00,713615.5489500059
2026-03-04 17:45:00,713615.5489500059
2026-03-04 18:00:00,713615.5489500059
2026-03-04 18:15:00,713615.5489500059
2026-03-04 18:30:00,713615.5489500059
2026-03-04 18:45:00,713615.5489500059
2026-03-04 19:00:00,713615.5489500059
2026-03-04 19:15:00,713615.5489500059
2026-03-04 19:30:00,713615.5489500059
2026-03-04 19:45:00,713615.5489500059
2026-03-04 20:00:00,713615.5489500059
2026-03-04 20:15:00,713615.5489500059
2026-03-04 20:30:00,713615.5489500059
2026-03-04 20:45:00,713615.5489500059
2026-03-04 21:00:00,713615.5489500059
2026-03-04 21:15:00,713615.5489500059
2026-03-04 21:30:00,713615.5489500059
2026-03-04 21:45:00,713615.5489500059
2026-03-04 22:00:00,713615.5489500059
2026-03-04 22:15:00,713615.5489500059
2026-03-04 22:30:00,713615.5489500059
2026-03-04 22:45:00,713615.5489500059
2026-03-04 23:00:00,713615.5489500059
2026-03-04 23:15:00,713615.5489500059
2026-03-04 23:30:00,713615.5489500059
2026-03-04 23:45:00,713615.5489500059
2026-03-05 00:00:00,713615.5489500059
2026-03-05 00:15:00,713615.5489500059
2026-03-05 00:30:00,713615.5489500059
2026-03-05 00:45:00,713615.5489500059
2026-03-05 01:00:00,713615.5489500059
2026-03-05 01:15:00,713615.5489500059
2026-03-05 01:30:00,713615.5489500059
2026-03-05 01:45:00,713615.5489500059
2026-03-05 02:00:00,713615.5489500059
2026-03-05 02:15:00,713615.5489500059
2026-03-05 02:30:00,713615.5489500059
2026-03-05 02:45:00,713615.5489500059
2026-03-05 03:00:00,713615.5489500059
2026-03-05 03:15:00,713615.5489500059
2026-03-05 03:30:00,713615.5489500059
2026-03-05 03:45:00,713615.5489500059
2026-03-05 04:00:00,713615.5489500059
2026-03-05 04:15:00,713615.5489500059
2026-03-05 04:30:00,713615.5489500059
2026-03-05 04:45:00,713615.5489500059
2026-03-05 05:00:00,713615.5489500059
2026-03-05 05:15:00,713615.5489500059
2026-03-05 05:30:00,713615.5489500059
2026-03-05 05:45:00,713615.5489500059
2026-03-05 06:00:00,713615.5489500059
2026-03-05 06:15:00,713615.5489500059
2026-03-05 06:30:00,713615.5489500059
2026-03-05 06:45:00,713615.5489500059
2026-03-05 07:00:00,713615.5489500059
2026-03-05 07:15:00,713615.5489500059
2026-03-05 07:30:00,713615.5489500059
2026-03-05 07:45:00,713615.5489500059
2026-03-05 08:00:00,713615.5489500059
2026-03-05 08:15:00,713615.5489500059
2026-03-05 08:30:00,713615.5489500059
2026-03-05 08:45:00,713615.5489500059
2026-03-05 09:00:00,713615.5489500059
2026-03-05 09:15:00,713615.5489500059
2026-03-05 09:30:00,713615.5489500059
2026-03-05 09:45:00,713615.5489500059
2026-03-05 10:00:00,713615.5489500059
2026-03-05 10:15:00,713615.5489500059
2026-03-05 10:30:00,713615.5489500059
2026-03-05 10:45:00,713615.5489500059
2026-03-05 11:00:00,713615.5489500059
2026-03-05 11:15:00,713615.5489500059
2026-03-05 11:30:00,713615.5489500059
2026-03-05 11:45:00,713615.5489500059
2026-03-05 12:00:00,713615.5489500059
2026-03-05 12:15:00,713615.5489500059
2026-03-05 12:30:00,713615.5489500059
2026-03-05 12:45:00,713615.5489500059
2026-03-05 13:00:00,713615.5489500059
2026-03-05 13:15:00,713615.5489500059
2026-03-05 13:30:00,713615.5489500059
2026-03-05 13:45:00,713615.5489500059
2026-03-05 14:00:00,713615.5489500059
2026-03-05 14:15:00,713615.5489500059
2026-03-05 14:30:00,713615.5489500059
2026-03-05 14:45:00,713615.5489500059
2026-03-05 15:00:00,713615.5489500059
2026-03-05 15:15:00,713615.5489500059
2026-03-05 15:30:00,713615.5489500059
2026-03-05 15:45:00,713615.5489500059
2026-03-05 16:00:00,713615.5489500059
2026-03-05 16:15:00,713615.5489500059
2026-03-05 16:30:00,713615.5489500059
2026-03-05 16:45:00,713615.5489500059
2026-03-05 17:00:00,713615.5489500059
2026-03-05 17:15:00,713615.5489500059
2026-03-05 17:30:00,713615.5489500059
2026-03-05 17:45:00,713615.5489500059
2026-03-05 18:00:00,713615.5489500059
2026-03-05 18:15:00,713615.5489500059
2026-03-05 18:30:00,713615.5489500059
2026-03-05 18:45:00,713615.5489500059
2026-03-05 19:00:00,713615.5489500059
2026-03-05 19:15:00,713615.5489500059
2026-03-05 19:30:00,713615.5489500059
2026-03-05 19:45:00,713615.5489500059
2026-03-05 20:00:00,713615.5489500059
2026-03-05 20:15:00,713615.5489500059
2026-03-05 20:30:00,713615.5489500059
2026-03-05 20:45:00,713615.5489500059
2026-03-05 21:00:00,713615.5489500059
2026-03-05 21:15:00,713615.5489500059
2026-03-05 21:30:00,713615.5489500059
2026-03-05 21:45:00,713615.5489500059
2026-03-05 22:00:00,713615.5489500059
2026-03-05 22:15:00,713615.5489500059
2026-03-05 22:30:00,713615.5489500059
2026-03-05 22:45:00,713615.5489500059
2026-03-05 23:00:00,713615.5489500059
2026-03-05 23:15:00,713615.5489500059
2026-03-05 23:30:00,713615.5489500059
2026-03-05 23:45:00,713615.5489500059
2026-03-06 00:00:00,713615.5489500059
2026-03-06 00:15:00,713615.5489500059
2026-03-06 00:30:00,713615.5489500059
2026-03-06 00:45:00,713615.5489500059
2026-03-06 01:00:00,713615.5489500059
2026-03-06 01:15:00,713615.5489500059
2026-03-06 01:30:00,713615.5489500059
2026-03-06 01:45:00,713615.5489500059
2026-03-06 02:00:00,713615.5489500059
2026-03-06 02:15:00,713615.5489500059
2026-03-06 02:30:00,713615.5489500059
2026-03-06 02:45:00,713615.5489500059
2026-03-06 03:00:00,713615.5489500059
2026-03-06 03:15:00,713615.5489500059
2026-03-06 03:30:00,713615.5489500059
2026-03-06 03:45:00,713615.5489500059
2026-03-06 04:00:00,713615.5489500059
2026-03-06 04:15:00,713615.5489500059
2026-03-06 04:30:00,713615.5489500059
2026-03-06 04:45:00,713615.5489500059
2026-03-06 05:00:00,713615.5489500059
2026-03-06 05:15:00,713615.5489500059
2026-03-06 05:30:00,713615.5489500059
2026-03-06 05:45:00,713615.5489500059
2026-03-06 06:00:00,713615.5489500059
2026-03-06 06:15:00,713615.5489500059
2026-03-06 06:30:00,713615.5489500059
2026-03-06 06:45:00,713615.5489500059
2026-03-06 07:00:00,713615.5489500059
2026-03-06 07:15:00,713615.5489500059
2026-03-06 07:30:00,713615.5489500059
2026-03-06 07:45:00,713615.5489500059
2026-03-06 08:00:00,713615.5489500059
2026-03-06 08:15:00,713615.5489500059
2026-03-06 08:30:00,713615.5489500059
2026-03-06 08:45:00,713615.5489500059
2026-03-06 09:00:00,713615.5489500059
2026-03-06 09:15:00,713615.5489500059
2026-03-06 09:30:00,713615.5489500059
2026-03-06 09:45:00,713615.5489500059
2026-03-06 10:00:00,713615.5489500059
2026-03-06 10:15:00,713615.5489500059
2026-03-06 10:30:00,713615.5489500059
2026-03-06 10:45:00,713615.5489500059
2026-03-06 11:00:00,713615.5489500059
2026-03-06 11:15:00,713615.5489500059
2026-03-06 11:30:00,713615.5489500059
2026-03-06 11:45:00,713615.5489500059
2026-03-06 12:00:00,713615.5489500059
2026-03-06 12:15:00,713615.5489500059
2026-03-06 12:30:00,713615.5489500059
2026-03-06 12:45:00,713615.5489500059
2026-03-06 13:00:00,713615.5489500059
2026-03-06 13:15:00,713615.5489500059
2026-03-06 13:30:00,713615.5489500059
2026-03-06 13:45:00,713615.5489500059
2026-03-06 14:00:00,713615.5489500059
2026-03-06 14:15:00,713615.5489500059
2026-03-06 14:30:00,713615.5489500059
2026-03-06 14:45:00,713615.5489500059
2026-03-06 15:00:00,713615.5489500059
2026-03-06 15:15:00,713615.5489500059
2026-03-06 15:30:00,713615.5489500059
2026-03-06 15:45:00,713615.5489500059
2026-03-06 16:00:00,713615.5489500059
2026-03-06 16:15:00,713615.5489500059
2026-03-06 16:30:00,713615.5489500059
2026-03-06 16:45:00,713615.5489500059
2026-03-06 17:00:00,713615.5489500059
2026-03-06 17:15:00,713615.5489500059
2026-03-06 17:30:00,713615.5489500059
2026-03-06 17:45:00,713615.5489500059
2026-03-06 18:00:00,713615.5489500059
2026-03-06 18:15:00,713615.5489500059
2026-03-06 18:30:00,713615.5489500059
2026-03-06 18:45:00,713615.5489500059
2026-03-06 19:00:00,713615.5489500059
2026-03-06 19:15:00,713615.5489500059
2026-03-06 19:30:00,713615.5489500059
2026-03-06 19:45:00,713615.5489500059
2026-03-06 20:00:00,713615.5489500059
2026-03-06 20:15:00,713615.5489500059
2026-03-06 20:30:00,713615.5489500059
2026-03-06 20:45:00,713615.5489500059
2026-03-06 21:00:00,713615.5489500059
2026-03-06 21:15:00,713615.5489500059
2026-03-06 21:30:00,713615.5489500059
2026-03-06 21:45:00,713615.5489500059
2026-03-06 22:00:00,713615.5489500059
2026-03-06 22:15:00,713615.5489500059
2026-03-06 22:30:00,713615.5489500059
2026-03-06 22:45:00,713615.5489500059
2026-03-06 23:00:00,713615.5489500059
2026-03-06 23:15:00,713615.5489500059
2026-03-06 23:30:00,713615.5489500059
2026-03-06 23:45:00,713615.5489500059
2026-03-09 00:00:00,713615.5489500059
2026-03-09 00:15:00,713615.5489500059
2026-03-09 00:30:00,713615.5489500059
2026-03-09 00:45:00,713615.5489500059
2026-03-09 01:00:00,713615.5489500059
2026-03-09 01:15:00,713615.5489500059
2026-03-09 01:30:00,713615.5489500059
2026-03-09 01:45:00,713615.5489500059
2026-03-09 02:00:00,713615.5489500059
2026-03-09 02:15:00,713615.5489500059
2026-03-09 02:30:00,713615.5489500059
2026-03-09 02:45:00,713615.5489500059
2026-03-09 03:00:00,713615.5489500059
2026-03-09 03:15:00,713615.5489500059
2026-03-09 03:30:00,713615.5489500059
2026-03-09 03:45:00,713615.5489500059
2026-03-09 04:00:00,713615.5489500059
2026-03-09 04:15:00,713615.5489500059
2026-03-09 04:30:00,713615.5489500059
2026-03-09 04:45:00,713615.5489500059
2026-03-09 05:00:00,713615.5489500059
2026-03-09 05:15:00,713615.5489500059
2026-03-09 05:30:00,713615.5489500059
2026-03-09 05:45:00,713615.5489500059
2026-03-09 06:00:00,713615.5489500059
2026-03-09 06:15:00,713615.5489500059
2026-03-09 06:30:00,713615.5489500059
2026-03-09 06:45:00,713615.5489500059
2026-03-09 07:00:00,713615.5489500059
2026-03-09 07:15:00,713615.5489500059
2026-03-09 07:30:00,713615.5489500059
2026-03-09 07:45:00,713615.5489500059
2026-03-09 08:00:00,713615.5489500059
2026-03-09 08:15:00,713615.5489500059
2026-03-09 08:30:00,713615.5489500059
2026-03-09 08:45:00,713615.5489500059
2026-03-09 09:00:00,713615.5489500059
2026-03-09 09:15:00,713615.5489500059
2026-03-09 09:30:00,713615.5489500059
2026-03-09 09:45:00,713615.5489500059
2026-03-09 10:00:00,713615.5489500059
2026-03-09 10:15:00,713615.5489500059
2026-03-09 10:30:00,713615.5489500059
2026-03-09 10:45:00,713615.5489500059
2026-03-09 11:00:00,713615.5489500059
2026-03-09 11:15:00,713615.5489500059
2026-03-09 11:30:00,713615.5489500059
2026-03-09 11:45:00,713615.5489500059
2026-03-09 12:00:00,713615.5489500059
2026-03-09 12:15:00,713615.5489500059
2026-03-09 12:30:00,713615.5489500059
2026-03-09 12:45:00,713615.5489500059
2026-03-09 13:00:00,713615.5489500059
2026-03-09 13:15:00,713615.5489500059
2026-03-09 13:30:00,713615.5489500059
2026-03-09 13:45:00,713615.5489500059
2026-03-09 14:00:00,713615.5489500059
2026-03-09 14:15:00,713615.5489500059
2026-03-09 14:30:00,713615.5489500059
2026-03-09 14:45:00,713615.5489500059
2026-03-09 15:00:00,713615.5489500059
2026-03-09 15:15:00,713615.5489500059
2026-03-09 15:30:00,713615.5489500059
2026-03-09 15:45:00,713615.5489500059
2026-03-09 16:00:00,713615.5489500059
2026-03-09 16:15:00,713615.5489500059
2026-03-09 16:30:00,713615.5489500059
2026-03-09 16:45:00,713615.5489500059
2026-03-09 17:00:00,713615.5489500059
2026-03-09 17:15:00,713615.5489500059
2026-03-09 17:30:00,713615.5489500059
2026-03-09 17:45:00,713615.5489500059
2026-03-09 18:00:00,713615.5489500059
2026-03-09 18:15:00,713615.5489500059
2026-03-09 18:30:00,713615.5489500059
2026-03-09 18:45:00,713615.5489500059
2026-03-09 19:00:00,713615.5489500059
2026-03-09 19:15:00,713615.5489500059
2026-03-09 19:30:00,713615.5489500059
2026-03-09 19:45:00,713615.5489500059
2026-03-09 20:00:00,713615.5489500059
2026-03-09 20:15:00,713615.5489500059
2026-03-09 20:30:00,713615.5489500059
2026-03-09 20:45:00,713615.5489500059
2026-03-09 21:00:00,713615.5489500059
2026-03-09 21:15:00,713615.5489500059
2026-03-09 21:30:00,713615.5489500059
2026-03-09 21:45:00,713615.5489500059
2026-03-09 22:00:00,713615.5489500059
2026-03-09 22:15:00,713615.5489500059
2026-03-09 22:30:00,713615.5489500059
2026-03-09 22:45:00,713615.5489500059
2026-03-09 23:00:00,713615.5489500059
2026-03-09 23:15:00,713615.5489500059
2026-03-09 23:30:00,713615.5489500059
2026-03-09 23:45:00,713615.5489500059
2026-03-10 00:00:00,713615.5489500059
2026-03-10 00:15:00,713615.5489500059
2026-03-10 00:30:00,713615.5489500059
2026-03-10 00:45:00,713615.5489500059
2026-03-10 01:00:00,713615.5489500059
2026-03-10 01:15:00,713615.5489500059
2026-03-10 01:30:00,713615.5489500059
2026-03-10 01:45:00,713615.5489500059
2026-03-10 02:00:00,713615.5489500059
2026-03-10 02:15:00,713615.5489500059
2026-03-10 02:30:00,713615.5489500059
2026-03-10 02:45:00,713615.5489500059
2026-03-10 03:00:00,713615.5489500059
2026-03-10 03:15:00,713615.5489500059
2026-03-10 03:30:00,713615.5489500059
2026-03-10 03:45:00,713615.5489500059
2026-03-10 04:00:00,713615.5489500059
2026-03-10 04:15:00,713615.5489500059
2026-03-10 04:30:00,713615.5489500059
2026-03-10 04:45:00,713615.5489500059
2026-03-10 05:00:00,713615.5489500059
2026-03-10 05:15:00,713615.5489500059
2026-03-10 05:30:00,713615.5489500059
2026-03-10 05:45:00,713615.5489500059
2026-03-10 06:00:00,713615.5489500059
2026-03-10 06:15:00,713615.5489500059
2026-03-10 06:30:00,713615.5489500059
2026-03-10 06:45:00,713615.5489500059
2026-03-10 07:00:00,713615.5489500059
2026-03-10 07:15:00,713615.5489500059
2026-03-10 07:30:00,713615.5489500059
2026-03-10 07:45:00,713615.5489500059
2026-03-10 08:00:00,713615.5489500059
2026-03-10 08:15:00,713615.5489500059
2026-03-10 08:30:00,713615.5489500059
2026-03-10 08:45:00,713615.5489500059
2026-03-10 09:00:00,713615.5489500059
2026-03-10 09:15:00,713615.5489500059
2026-03-10 09:30:00,713615.5489500059
2026-03-10 09:45:00,713615.5489500059
2026-03-10 10:00:00,713615.5489500059
2026-03-10 10:15:00,713615.5489500059
2026-03-10 10:30:00,713615.5489500059
2026-03-10 10:45:00,713615.5489500059
2026-03-10 11:00:00,713615.5489500059
2026-03-10 11:15:00,713615.5489500059
2026-03-10 11:30:00,713615.5489500059
2026-03-10 11:45:00,713615.5489500059
2026-03-10 12:00:00,713615.5489500059
2026-03-10 12:15:00,713615.5489500059
2026-03-10 12:30:00,713615.5489500059
2026-03-10 12:45:00,713615.5489500059
2026-03-10 13:00:00,713615.5489500059
2026-03-10 13:15:00,713615.5489500059
2026-03-10 13:30:00,713615.5489500059
2026-03-10 13:45:00,713615.5489500059
2026-03-10 14:00:00,713615.5489500059
2026-03-10 14:15:00,713615.5489500059
2026-03-10 14:30:00,713615.5489500059
2026-03-10 14:45:00,713615.5489500059
2026-03-10 15:00:00,713615.5489500059
2026-03-10 15:15:00,713615.5489500059
2026-03-10 15:30:00,713615.5489500059
2026-03-10 15:45:00,713615.5489500059
2026-03-10 16:00:00,713615.5489500059
2026-03-10 16:15:00,713615.5489500059
2026-03-10 16:30:00,713615.5489500059
2026-03-10 16:45:00,713615.5489500059
2026-03-10 17:00:00,713615.5489500059
2026-03-10 17:15:00,713615.5489500059
2026-03-10 17:30:00,713615.5489500059
2026-03-10 17:45:00,713615.5489500059
2026-03-10 18:00:00,713615.5489500059
2026-03-10 18:15:00,713615.5489500059
2026-03-10 18:30:00,713615.5489500059
2026-03-10 18:45:00,713615.5489500059
2026-03-10 19:00:00,713615.5489500059
2026-03-10 19:15:00,713615.5489500059
2026-03-10 19:30:00,713615.5489500059
2026-03-10 19:45:00,713615.5489500059
2026-03-10 20:00:00,713615.5489500059
2026-03-10 20:15:00,713615.5489500059
2026-03-10 20:30:00,713615.5489500059
2026-03-10 20:45:00,713615.5489500059
2026-03-10 21:00:00,713615.5489500059
2026-03-10 21:15:00,713615.5489500059
2026-03-10 21:30:00,713615.5489500059
2026-03-10 21:45:00,713615.5489500059
2026-03-10 22:00:00,713615.5489500059
2026-03-10 22:15:00,713615.5489500059
2026-03-10 22:30:00,713615.5489500059
2026-03-10 22:45:00,713615.5489500059
2026-03-10 23:00:00,713615.5489500059
2026-03-10 23:15:00,713615.5489500059
2026-03-10 23:30:00,713615.5489500059
2026-03-10 23:45:00,713615.5489500059
2026-03-11 00:00:00,713615.5489500059
2026-03-11 00:15:00,713615.5489500059
2026-03-11 00:30:00,713615.5489500059
2026-03-11 00:45:00,713615.5489500059
2026-03-11 01:00:00,713615.5489500059
2026-03-11 01:15:00,713615.5489500059
2026-03-11 01:30:00,713615.5489500059
2026-03-11 01:45:00,713615.5489500059
2026-03-11 02:00:00,713615.5489500059
2026-03-11 02:15:00,713615.5489500059
2026-03-11 02:30:00,713615.5489500059
2026-03-11 02:45:00,713615.5489500059
2026-03-11 03:00:00,713615.5489500059
2026-03-11 03:15:00,713615.5489500059
2026-03-11 03:30:00,713615.5489500059
2026-03-11 03:45:00,713615.5489500059
2026-03-11 04:00:00,713615.5489500059
2026-03-11 04:15:00,713615.5489500059
2026-03-11 04:30:00,713615.5489500059
2026-03-11 04:45:00,713615.5489500059
2026-03-11 05:00:00,713615.5489500059
2026-03-11 05:15:00,713615.5489500059
2026-03-11 05:30:00,713615.5489500059
2026-03-11 05:45:00,713615.5489500059
2026-03-11 06:00:00,713615.5489500059
2026-03-11 06:15:00,713615.5489500059
2026-03-11 06:30:00,713615.5489500059
2026-03-11 06:45:00,713615.5489500059
2026-03-11 07:00:00,713615.5489500059
2026-03-11 07:15:00,713615.5489500059
2026-03-11 07:30:00,713615.5489500059
2026-03-11 07:45:00,713615.5489500059
2026-03-11 08:00:00,713615.5489500059
2026-03-11 08:15:00,713615.5489500059
2026-03-11 08:30:00,713615.5489500059
2026-03-11 08:45:00,713615.5489500059
2026-03-11 09:00:00,713615.5489500059
2026-03-11 09:15:00,713615.5489500059
2026-03-11 09:30:00,713615.5489500059
2026-03-11 09:45:00,713615.5489500059
2026-03-11 10:00:00,713615.5489500059
2026-03-11 10:15:00,713615.5489500059
2026-03-11 10:30:00,713615.5489500059
2026-03-11 10:45:00,713615.5489500059
2026-03-11 11:00:00,713615.5489500059
2026-03-11 11:15:00,713615.5489500059
2026-03-11 11:30:00,713615.5489500059
2026-03-11 11:45:00,713615.5489500059
2026-03-11 12:00:00,713615.5489500059
2026-03-11 12:15:00,713615.5489500059
2026-03-11 12:30:00,713615.5489500059
2026-03-11 12:45:00,713615.5489500059
2026-03-11 13:00:00,713615.5489500059
2026-03-11 13:15:00,713615.5489500059
2026-03-11 13:30:00,713615.5489500059
2026-03-11 13:45:00,713615.5489500059
2026-03-11 14:00:00,713615.5489500059
2026-03-11 14:15:00,713615.5489500059
2026-03-11 14:30:00,713615.5489500059
2026-03-11 14:45:00,713615.5489500059
2026-03-11 15:00:00,713615.5489500059
2026-03-11 15:15:00,713615.5489500059
2026-03-11 15:30:00,713615.5489500059
2026-03-11 15:45:00,713615.5489500059
2026-03-11 16:00:00,713615.5489500059
2026-03-11 16:15:00,713615.5489500059
2026-03-11 16:30:00,713615.5489500059
2026-03-11 16:45:00,713615.5489500059
2026-03-11 17:00:00,713615.5489500059
2026-03-11 17:15:00,713615.5489500059
2026-03-11 17:30:00,713615.5489500059
2026-03-11 17:45:00,713615.5489500059
2026-03-11 18:00:00,713615.5489500059
2026-03-11 18:15:00,713615.5489500059
2026-03-11 18:30:00,713615.5489500059
2026-03-11 18:45:00,713615.5489500059
2026-03-11 19:00:00,713615.5489500059
2026-03-11 19:15:00,713615.5489500059
2026-03-11 19:30:00,713615.5489500059
2026-03-11 19:45:00,713615.5489500059
2026-03-11 20:00:00,713615.5489500059
2026-03-11 20:15:00,713615.5489500059
2026-03-11 20:30:00,713615.5489500059
2026-03-11 20:45:00,713615.5489500059
2026-03-11 21:00:00,713615.5489500059
2026-03-11 21:15:00,713615.5489500059
2026-03-11 21:30:00,713615.5489500059
2026-03-11 21:45:00,713615.5489500059
2026-03-11 22:00:00,713615.5489500059
2026-03-11 22:15:00,713615.5489500059
2026-03-11 22:30:00,713615.5489500059
2026-03-11 22:45:00,713615.5489500059
2026-03-11 23:00:00,713615.5489500059
2026-03-11 23:15:00,713615.5489500059
2026-03-11 23:30:00,713615.5489500059
2026-03-11 23:45:00,713615.5489500059
2026-03-12 00:00:00,713615.5489500059
2026-03-12 00:15:00,713615.5489500059
2026-03-12 00:30:00,713615.5489500059
2026-03-12 00:45:00,713615.5489500059
2026-03-12 01:00:00,713615.5489500059
2026-03-12 01:15:00,713615.5489500059
2026-03-12 01:30:00,713615.5489500059
2026-03-12 01:45:00,713615.5489500059
2026-03-12 02:00:00,713615.5489500059
2026-03-12 02:15:00,713615.5489500059
2026-03-12 02:30:00,713615.5489500059
2026-03-12 02:45:00,713615.5489500059
2026-03-12 03:00:00,713615.5489500059
2026-03-12 03:15:00,713615.5489500059
2026-03-12 03:30:00,713615.5489500059
2026-03-12 03:45:00,713615.5489500059
2026-03-12 04:00:00,713615.5489500059
2026-03-12 04:15:00,713615.5489500059
2026-03-12 04:30:00,713615.5489500059
2026-03-12 04:45:00,713615.5489500059
2026-03-12 05:00:00,713615.5489500059
2026-03-12 05:15:00,713615.5489500059
2026-03-12 05:30:00,713615.5489500059
2026-03-12 05:45:00,713615.5489500059
2026-03-12 06:00:00,713615.5489500059
2026-03-12 06:15:00,713615.5489500059
2026-03-12 06:30:00,713615.5489500059
2026-03-12 06:45:00,713615.5489500059
2026-03-12 07:00:00,713615.5489500059
2026-03-12 07:15:00,713615.5489500059
2026-03-12 07:30:00,713615.5489500059
2026-03-12 07:45:00,713615.5489500059
2026-03-12 08:00:00,713615.5489500059
2026-03-12 08:15:00,713615.5489500059
2026-03-12 08:30:00,713615.5489500059
2026-03-12 08:45:00,713615.5489500059
2026-03-12 09:00:00,713615.5489500059
2026-03-12 09:15:00,713615.5489500059
2026-03-12 09:30:00,713615.5489500059
2026-03-12 09:45:00,713615.5489500059
2026-03-12 10:00:00,713615.5489500059
2026-03-12 10:15:00,713615.5489500059
2026-03-12 10:30:00,713615.5489500059
2026-03-12 10:45:00,713615.5489500059
2026-03-12 11:00:00,713615.5489500059
2026-03-12 11:15:00,713615.5489500059
2026-03-12 11:30:00,713615.5489500059
2026-03-12 11:45:00,713615.5489500059
2026-03-12 12:00:00,713615.5489500059
2026-03-12 12:15:00,713615.5489500059
2026-03-12 12:30:00,713615.5489500059
2026-03-12 12:45:00,713615.5489500059
2026-03-12 13:00:00,713615.5489500059
2026-03-12 13:15:00,713615.5489500059
2026-03-12 13:30:00,713615.5489500059
2026-03-12 13:45:00,713615.5489500059
2026-03-12 14:00:00,713615.5489500059
2026-03-12 14:15:00,713615.5489500059
2026-03-12 14:30:00,713615.5489500059
2026-03-12 14:45:00,713615.5489500059
2026-03-12 15:00:00,713615.5489500059
2026-03-12 15:15:00,713615.5489500059
2026-03-12 15:30:00,713615.5489500059
2026-03-12 15:45:00,713615.5489500059
2026-03-12 16:00:00,713615.5489500059
2026-03-12 16:15:00,713615.5489500059
2026-03-12 16:30:00,713615.5489500059
2026-03-12 16:45:00,713615.5489500059
2026-03-12 17:00:00,713615.5489500059
2026-03-12 17:15:00,713615.5489500059
2026-03-12 17:30:00,713615.5489500059
2026-03-12 17:45:00,713615.5489500059
2026-03-12 18:00:00,713615.5489500059
2026-03-12 18:15:00,713615.5489500059
2026-03-12 18:30:00,713615.5489500059
2026-03-12 18:45:00,713615.5489500059
2026-03-12 19:00:00,713615.5489500059
2026-03-12 19:15:00,713615.5489500059
2026-03-12 19:30:00,713615.5489500059
2026-03-12 19:45:00,713615.5489500059
2026-03-12 20:00:00,713615.5489500059
2026-03-12 20:15:00,713615.5489500059
2026-03-12 20:30:00,713615.5489500059
2026-03-12 20:45:00,713615.5489500059
2026-03-12 21:00:00,713615.5489500059
2026-03-12 21:15:00,713615.5489500059
2026-03-12 21:30:00,713615.5489500059
2026-03-12 21:45:00,713615.5489500059
2026-03-12 22:00:00,713615.5489500059
2026-03-12 22:15:00,713615.5489500059
2026-03-12 22:30:00,713615.5489500059
2026-03-12 22:45:00,713615.5489500059
2026-03-12 23:00:00,713615.5489500059
2026-03-12 23:15:00,713615.5489500059
2026-03-12 23:30:00,713615.5489500059
2026-03-12 23:45:00,713615.5489500059
2026-03-13 00:00:00,713615.5489500059
2026-03-13 00:15:00,713615.5489500059
2026-03-13 00:30:00,713615.5489500059
2026-03-13 00:45:00,713615.5489500059
2026-03-13 01:00:00,713615.5489500059
2026-03-13 01:15:00,713615.5489500059
2026-03-13 01:30:00,713615.5489500059
2026-03-13 01:45:00,713615.5489500059
2026-03-13 02:00:00,713615.5489500059
2026-03-13 02:15:00,713615.5489500059
2026-03-13 02:30:00,713615.5489500059
2026-03-13 02:45:00,713615.5489500059
2026-03-13 03:00:00,713615.5489500059
2026-03-13 03:15:00,713615.5489500059
2026-03-13 03:30:00,713615.5489500059
2026-03-13 03:45:00,713615.5489500059
2026-03-13 04:00:00,713615.5489500059
2026-03-13 04:15:00,713615.5489500059
2026-03-13 04:30:00,713615.5489500059
2026-03-13 04:45:00,713615.5489500059
2026-03-13 05:00:00,713615.5489500059
2026-03-13 05:15:00,713615.5489500059
2026-03-13 05:30:00,713615.5489500059
2026-03-13 05:45:00,713615.5489500059
2026-03-13 06:00:00,713615.5489500059
2026-03-13 06:15:00,713615.5489500059
2026-03-13 06:30:00,713615.5489500059
2026-03-13 06:45:00,713615.5489500059
2026-03-13 07:00:00,713615.5489500059
2026-03-13 07:15:00,713615.5489500059
2026-03-13 07:30:00,713615.5489500059
2026-03-13 07:45:00,713615.5489500059
2026-03-13 08:00:00,713615.5489500059
2026-03-13 08:15:00,713615.5489500059
2026-03-13 08:30:00,713615.5489500059
2026-03-13 08:45:00,713615.5489500059
2026-03-13 09:00:00,713615.5489500059
2026-03-13 09:15:00,713615.5489500059
2026-03-13 09:30:00,713615.5489500059
2026-03-13 09:45:00,713615.5489500059
2026-03-13 10:00:00,713615.5489500059
2026-03-13 10:15:00,713615.5489500059
2026-03-13 10:30:00,713615.5489500059
2026-03-13 10:45:00,713615.5489500059
2026-03-13 11:00:00,713615.5489500059
2026-03-13 11:15:00,713615.5489500059
2026-03-13 11:30:00,713615.5489500059
2026-03-13 11:45:00,713615.5489500059
2026-03-13 12:00:00,713615.5489500059
2026-03-13 12:15:00,713615.5489500059
2026-03-13 12:30:00,713615.5489500059
2026-03-13 12:45:00,713615.5489500059
2026-03-13 13:00:00,713615.5489500059
2026-03-13 13:15:00,713615.5489500059
2026-03-13 13:30:00,713615.5489500059
2026-03-13 13:45:00,713615.5489500059
2026-03-13 14:00:00,713615.5489500059
2026-03-13 14:15:00,713615.5489500059
2026-03-13 14:30:00,713615.5489500059
2026-03-13 14:45:00,713615.5489500059
2026-03-13 15:00:00,713615.5489500059
2026-03-13 15:15:00,713615.5489500059
2026-03-13 15:30:00,713615.5489500059
2026-03-13 15:45:00,713615.5489500059
2026-03-13 16:00:00,713615.5489500059
2026-03-13 16:15:00,713615.5489500059
2026-03-13 16:30:00,713615.5489500059
2026-03-13 16:45:00,713615.5489500059
2026-03-13 17:00:00,713615.5489500059
2026-03-13 17:15:00,713615.5489500059
2026-03-13 17:30:00,713615.5489500059
2026-03-13 17:45:00,713615.5489500059
2026-03-13 18:00:00,713615.5489500059
2026-03-13 18:15:00,713615.5489500059
2026-03-13 18:30:00,713615.5489500059
2026-03-13 18:45:00,713615.5489500059
2026-03-13 19:00:00,713615.5489500059
2026-03-13 19:15:00,713615.5489500059
2026-03-13 19:30:00,713615.5489500059
2026-03-13 19:45:00,713615.5489500059
2026-03-13 20:00:00,713615.5489500059
2026-03-13 20:15:00,713615.5489500059
2026-03-13 20:30:00,713615.5489500059
2026-03-13 20:45:00,713615.5489500059
2026-03-13 21:00:00,713615.5489500059
2026-03-13 21:15:00,713615.5489500059
2026-03-13 21:30:00,713615.5489500059
2026-03-13 21:45:00,713615.5489500059
2026-03-13 22:00:00,713615.5489500059
2026-03-13 22:15:00,713615.5489500059
2026-03-13 22:30:00,713615.5489500059
2026-03-13 22:45:00,713615.5489500059
2026-03-13 23:00:00,713615.5489500059
2026-03-13 23:15:00,713615.5489500059
2026-03-13 23:30:00,713615.5489500059
2026-03-13 23:45:00,713615.5489500059
2026-03-14 13:00:00,713615.5489500059
2026-03-14 13:15:00,713615.5489500059
2026-03-14 13:30:00,713615.5489500059
2026-03-14 13:45:00,713615.5489500059
2026-03-14 14:00:00,713615.5489500059
2026-03-14 14:15:00,713615.5489500059
2026-03-14 14:30:00,713615.5489500059
2026-03-14 14:45:00,713615.5489500059
2026-03-14 15:00:00,713615.5489500059
2026-03-14 15:15:00,713615.5489500059
2026-03-14 15:30:00,713615.5489500059
2026-03-14 15:45:00,713365.5489500059
2026-03-14 16:00:00,713365.5489500059
2026-03-14 16:15:00,714603.0489500059
2026-03-14 16:30:00,714603.0489500059
2026-03-14 16:45:00,714343.1739500059
2026-03-14 17:00:00,713831.194212506
2026-03-14 17:15:00,713579.0377598809
2026-03-14 17:30:00,713329.4028717822
2026-03-14 17:45:00,713082.2643325644
2026-03-14 18:00:00,713082.2643325644
2026-03-14 18:15:00,713082.2643325644
2026-03-14 18:30:00,712837.5971787388
2026-03-14 18:45:00,712837.5971787388
2026-03-14 19:00:00,712837.5971787388
2026-03-14 19:15:00,712837.5971787388
2026-03-14 19:30:00,712837.5971787388
2026-03-14 19:45:00,712837.5971787388
2026-03-14 20:00:00,712837.5971787388
2026-03-14 20:15:00,712837.5971787388
2026-03-14 20:30:00,712837.5971787388
2026-03-14 20:45:00,712595.3766964515
2026-03-14 21:00:00,712355.578418987
2026-03-14 21:15:00,712355.578418987
2026-03-14 21:30:00,712355.578418987
2026-03-14 21:45:00,712355.578418987
2026-03-14 22:00:00,712355.578418987
2026-03-14 22:15:00,712355.578418987
2026-03-14 22:30:00,712118.1781242972
2026-03-14 22:45:00,712118.1781242972
2026-03-14 23:00:00,711883.1518325543
2026-03-14 23:15:00,711883.1518325543
2026-03-14 23:30:00,711883.1518325543
2026-03-14 23:45:00,711883.1518325543
2026-03-15 00:00:00,710966.3154412464
2026-03-15 00:15:00,710742.807776334
2026-03-15 00:30:00,710742.807776334
2026-03-15 00:45:00,710742.807776334
2026-03-15 01:00:00,710521.5351880707
2026-03-15 01:15:00,710302.47532569
2026-03-15 01:30:00,710302.47532569
2026-03-15 01:45:00,710085.6060619332
2026-03-15 02:00:00,714230.6169488342
2026-03-15 02:15:00,715511.3703487755
2026-03-15 02:30:00,715511.3703487756
2026-03-15 02:45:00,715511.3703487756
2026-03-15 03:00:00,715242.4121347879
2026-03-15 03:15:00,714976.1435029401
2026-03-15 03:30:00,714976.1435029401
2026-03-15 03:45:00,714976.1435029401
2026-03-15 04:00:00,714712.5375574108
2026-03-15 04:15:00,714451.5676713367
2026-03-15 04:30:00,714193.2074841234
2026-03-15 04:45:00,714193.2074841234
2026-03-15 05:00:00,714193.2074841234
2026-03-15 05:15:00,714193.2074841234
2026-03-15 05:30:00,713937.4308987822
2026-03-15 05:45:00,718224.8859105636
2026-03-15 06:00:00,718224.8859105636
2026-03-15 06:15:00,717635.6601050486
2026-03-15 06:30:00,717345.4589934981
2026-03-15 06:45:00,717345.4589934981
2026-03-15 07:00:00,717345.4589934981
2026-03-15 07:15:00,717345.4589934981
2026-03-15 07:30:00,717058.1598930631
2026-03-15 07:45:00,717058.1598930631
2026-03-15 08:00:00,716773.7337836326
2026-03-15 08:15:00,716773.7337836326
2026-03-15 08:30:00,716773.7337836326
2026-03-15 08:45:00,716492.1519352964
2026-03-15 09:00:00,716213.3859054435
2026-03-15 09:15:00,716492.1519352964
2026-03-15 09:30:00,716213.3859054435
2026-03-15 09:45:00,716213.3859054435
2026-03-15 10:00:00,716213.3859054435
2026-03-15 10:15:00,716213.3859054435
2026-03-15 10:30:00,715937.4075358891
2026-03-15 10:45:00,715664.1889500302
2026-03-15 11:00:00,715664.1889500302
2026-03-15 11:15:00,715664.1889500302
2026-03-15 11:30:00,715393.70255003
2026-03-15 11:45:00,715393.70255003
2026-03-15 12:00:00,719705.3527585915
2026-03-15 12:15:00,724605.8830839198
2026-03-15 12:30:00,724245.9797425806
2026-03-15 12:45:00,724245.9797425806
2026-03-15 13:00:00,724245.9797425806
2026-03-15 13:15:00,724245.9797425806
2026-03-15 13:30:00,724245.9797425806
2026-03-15 13:45:00,724245.9797425806
2026-03-15 14:00:00,724245.9797425806
2026-03-15 14:15:00,724245.9797425806
2026-03-15 14:30:00,724245.9797425806
2026-03-15 14:45:00,724245.9797425806
2026-03-15 15:00:00,724245.9797425806
2026-03-15 15:15:00,724245.9797425806
2026-03-15 15:30:00,724245.9797425806
2026-03-15 15:45:00,724245.9797425806
2026-03-15 16:00:00,722160.8922558211
2026-03-15 16:15:00,722160.8922558211
2026-03-15 16:30:00,721825.4388227629
2026-03-15 16:45:00,721825.4388227629
2026-03-15 17:00:00,721493.3399240354
2026-03-15 17:15:00,721493.3399240354
2026-03-15 17:30:00,721493.3399240354
2026-03-15 17:45:00,721164.5620142951
2026-03-15 18:00:00,720839.0718836522
2026-03-15 18:15:00,720839.0718836522
2026-03-15 18:30:00,720839.0718836522
2026-03-15 18:45:00,720839.0718836522
2026-03-15 19:00:00,720839.0718836522
2026-03-15 19:15:00,720839.0718836522
2026-03-15 19:30:00,720839.0718836522
2026-03-15 19:45:00,720839.0718836522
2026-03-15 20:00:00,720839.0718836522
2026-03-15 20:15:00,720516.8366543157
2026-03-15 20:30:00,720197.8237772726
2026-03-15 20:45:00,718052.2929245764
2026-03-15 21:00:00,717757.9254848307
2026-03-15 21:15:00,717757.9254848307
2026-03-15 21:30:00,717757.9254848307
2026-03-15 21:45:00,717757.9254848307
2026-03-15 22:00:00,717757.9254848307
2026-03-15 22:15:00,717757.9254848307
2026-03-15 22:30:00,717757.9254848307
2026-03-15 22:45:00,717757.9254848307
2026-03-15 23:00:00,717757.9254848307
2026-03-15 23:15:00,717757.9254848307
2026-03-15 23:30:00,716329.6590650636
2026-03-15 23:45:00,716052.517963913
2026-03-16 00:00:00,716052.517963913
2026-03-16 00:15:00,716052.517963913
2026-03-16 00:30:00,716052.517963913
2026-03-16 00:45:00,716052.517963913
2026-03-16 01:00:00,715778.148273774
2026-03-16 01:15:00,715506.5222805362
2026-03-16 01:30:00,715506.5222805362
2026-03-16 01:45:00,716851.0709470627
2026-03-16 02:00:00,716851.0709470627
2026-03-16 02:15:00,716851.0709470627
2026-03-16 02:30:00,716851.0709470627
2026-03-16 02:45:00,716851.0709470627
2026-03-16 03:00:00,716851.0709470627
2026-03-16 03:15:00,716851.0709470627
2026-03-16 03:30:00,716851.0709470627
2026-03-16 03:45:00,716851.0709470627
2026-03-16 04:00:00,716851.0709470627
2026-03-16 04:15:00,716851.0709470627
2026-03-16 04:30:00,716851.0709470627
2026-03-16 04:45:00,716851.0709470627
2026-03-16 05:00:00,716851.0709470627
2026-03-16 05:15:00,716012.4477082281
2026-03-16 05:30:00,715738.4787206459
2026-03-16 05:45:00,715738.4787206459
2026-03-16 06:00:00,715738.4787206459
2026-03-16 06:15:00,715738.4787206459
2026-03-16 06:30:00,721583.63960453
2026-03-16 06:45:00,723232.0441372561
2026-03-16 07:00:00,722885.8791853836
2026-03-16 07:15:00,722885.8791853836
2026-03-16 07:30:00,722885.8791853836
2026-03-16 07:45:00,722885.8791853836
2026-03-16 08:00:00,722885.8791853836
2026-03-16 08:15:00,722885.8791853836
2026-03-16 08:30:00,722885.8791853836
2026-03-16 08:45:00,722885.8791853836
2026-03-16 09:00:00,721868.0161070626
2026-03-16 09:15:00,721868.0161070626
2026-03-16 09:30:00,721868.0161070626
2026-03-16 09:45:00,721868.0161070626
2026-03-16 10:00:00,721868.0161070626
2026-03-16 10:15:00,721868.0161070626
2026-03-16 10:30:00,722543.1758830298
2026-03-16 10:45:00,721868.0161070626
2026-03-16 11:00:00,721868.0161070626
2026-03-16 11:15:00,722543.1758830298
2026-03-16 11:30:00,722543.1758830298
2026-03-16 11:45:00,722543.1758830298
2026-03-16 12:00:00,722203.8996136995
2026-03-16 12:15:00,722203.8996136995
2026-03-16 12:30:00,722203.8996136995
2026-03-16 12:45:00,721535.4914354921
2026-03-16 13:00:00,720880.3845800309
2026-03-16 13:15:00,720557.7362237306
2026-03-16 13:30:00,720557.7362237306
2026-03-16 13:45:00,721206.2920106372
2026-03-16 14:00:00,720880.3845800309
2026-03-16 14:15:00,720880.3845800309
2026-03-16 14:30:00,720880.3845800309
2026-03-16 14:45:00,720880.3845800309
2026-03-16 15:00:00,720880.3845800309
2026-03-16 15:15:00,720880.3845800309
2026-03-16 15:30:00,720880.3845800309
2026-03-16 15:45:00,720880.3845800309
2026-03-16 16:00:00,720880.3845800309
2026-03-16 16:15:00,720880.3845800309
2026-03-16 16:30:00,720880.3845800309
2026-03-16 16:45:00,720880.3845800309
2026-03-16 17:00:00,720880.3845800309
2026-03-16 17:15:00,720880.3845800309
2026-03-16 17:30:00,720880.3845800309
2026-03-16 17:45:00,720880.3845800309
2026-03-16 18:00:00,720557.7362237306
2026-03-16 18:15:00,720238.3143509934
2026-03-16 18:30:00,719922.0866969835
2026-03-16 18:45:00,719922.0866969835
2026-03-16 19:00:00,719922.0866969835
2026-03-16 19:15:00,719922.0866969835
2026-03-16 19:30:00,719609.0213195137
2026-03-16 19:45:00,719609.0213195137
2026-03-16 20:00:00,719609.0213195137
2026-03-16 20:15:00,719609.0213195137
2026-03-16 20:30:00,719609.0213195137
2026-03-16 20:45:00,719609.0213195137
2026-03-16 21:00:00,719609.0213195137
2026-03-16 21:15:00,719609.0213195137
2026-03-16 21:30:00,719609.0213195137
2026-03-16 21:45:00,718992.2512193605
2026-03-16 22:00:00,718688.484196667
2026-03-16 22:15:00,718688.484196667
2026-03-16 22:30:00,718688.484196667
2026-03-16 22:45:00,718090.0327852585
2026-03-16 23:00:00,717795.2879469059
2026-03-16 23:15:00,717795.2879469059
2026-03-16 23:30:00,717795.2879469059
2026-03-16 23:45:00,717795.2879469059
2026-03-17 00:00:00,717795.2879469059
2026-03-17 00:15:00,717795.2879469059
2026-03-17 00:30:00,717795.2879469059
2026-03-17 00:45:00,717795.2879469059
2026-03-17 01:00:00,719254.2748967509
2026-03-17 01:15:00,719254.2748967509
2026-03-17 01:30:00,718947.8876372834
2026-03-17 01:45:00,718947.8876372834
2026-03-17 02:00:00,718344.2740974067
2026-03-17 02:15:00,718046.9868459327
2026-03-17 02:30:00,718046.9868459327
2026-03-17 02:45:00,718046.9868459327
2026-03-17 03:00:00,744275.3723701787
2026-03-17 03:15:00,744275.3723701787
2026-03-17 03:30:00,744275.3723701787
2026-03-17 03:45:00,744275.3723701787
2026-03-17 04:00:00,744275.3723701787
2026-03-17 04:15:00,744275.3723701787
2026-03-17 04:30:00,743718.774135977
2026-03-17 04:45:00,743167.7418841172
2026-03-17 05:00:00,742622.2199547761
2026-03-17 05:15:00,742082.1532447285
2026-03-17 05:30:00,742082.1532447285
2026-03-17 05:45:00,742082.1532447285
2026-03-17 06:00:00,741018.1678192635
2026-03-17 06:15:00,740494.1416305709
2026-03-17 06:30:00,739975.3557037653
2026-03-17 06:45:00,739975.3557037653
2026-03-17 07:00:00,739975.3557037653
2026-03-17 07:15:00,739975.3557037653
2026-03-17 07:30:00,739975.3557037653
2026-03-17 07:45:00,739975.3557037653
2026-03-17 08:00:00,739975.3557037653
2026-03-17 08:15:00,739975.3557037653
2026-03-17 08:30:00,739975.3557037653
2026-03-17 08:45:00,739975.3557037653
2026-03-17 09:00:00,739975.3557037653
2026-03-17 09:15:00,739975.3557037653
2026-03-17 09:30:00,739975.3557037653
2026-03-17 09:45:00,739975.3557037653
2026-03-17 10:00:00,739975.3557037653
2026-03-17 10:15:00,739975.3557037653
2026-03-17 10:30:00,739975.3557037653
2026-03-17 10:45:00,739975.3557037653
2026-03-17 11:00:00,739975.3557037653
2026-03-17 11:15:00,739975.3557037653
2026-03-17 11:30:00,739975.3557037653
2026-03-17 11:45:00,739975.3557037653
2026-03-17 12:00:00,739975.3557037653
2026-03-17 12:15:00,739461.7576362276
2026-03-17 12:30:00,738953.2955493655
2026-03-17 12:45:00,738953.2955493655
2026-03-17 13:00:00,745239.7358960256
2026-03-17 13:15:00,745239.7358960256
2026-03-17 13:30:00,745239.7358960256
2026-03-17 13:45:00,745239.7358960256
2026-03-17 14:00:00,743557.9409195418
2026-03-17 14:15:00,743008.5169998464
2026-03-17 14:30:00,744112.9145757997
2026-03-17 14:45:00,743557.9409195418
2026-03-17 15:00:00,743557.9409195418
2026-03-17 15:15:00,743557.9409195418
2026-03-17 15:30:00,743557.9409195418
2026-03-17 15:45:00,743557.9409195418
2026-03-17 16:00:00,743557.9409195418
2026-03-17 16:15:00,743557.9409195418
2026-03-17 16:30:00,741392.9914557982
2026-03-17 16:45:00,747476.3912803933
2026-03-17 17:00:00,747476.3912803933
2026-03-17 17:15:00,746305.0605180187
2026-03-17 17:30:00,745728.1654023385
2026-03-17 17:45:00,745157.0392378152
2026-03-17 18:00:00,745157.0392378152
2026-03-17 18:15:00,745157.0392378152
2026-03-17 18:30:00,745157.0392378152
2026-03-17 18:45:00,745157.0392378152
2026-03-17 19:00:00,745157.0392378152
2026-03-17 19:15:00,745157.0392378152
2026-03-17 19:30:00,745157.0392378152
2026-03-17 19:45:00,745157.0392378152
2026-03-17 20:00:00,745157.0392378152
2026-03-17 20:15:00,745157.0392378152
2026-03-17 20:30:00,745157.0392378152
2026-03-17 20:45:00,745157.0392378152
2026-03-17 21:00:00,745157.0392378152
2026-03-17 21:15:00,745157.0392378152
2026-03-17 21:30:00,745157.0392378152
2026-03-17 21:45:00,745157.0392378152
2026-03-17 22:00:00,745157.0392378152
2026-03-17 22:15:00,745157.0392378152
2026-03-17 22:30:00,745157.0392378152
2026-03-17 22:45:00,745157.0392378152
2026-03-17 23:00:00,745157.0392378152
2026-03-17 23:15:00,745157.0392378152
2026-03-17 23:30:00,745157.0392378152
2026-03-17 23:45:00,745157.0392378152
2026-03-18 00:00:00,745157.0392378152
2026-03-18 00:15:00,745157.0392378152
2026-03-18 00:30:00,745157.0392378152
2026-03-18 00:45:00,745157.0392378152
2026-03-18 01:00:00,745157.0392378152
2026-03-18 01:15:00,745157.0392378152
2026-03-18 01:30:00,745157.0392378152
2026-03-18 01:45:00,745157.0392378152
2026-03-18 02:00:00,744591.6243349371
2026-03-18 02:15:00,744591.6243349371
2026-03-18 02:30:00,744591.6243349371
2026-03-18 02:45:00,744591.6243349371
2026-03-18 03:00:00,744591.6243349371
2026-03-18 03:15:00,744591.6243349371
2026-03-18 03:30:00,747390.4281041836
2026-03-18 03:45:00,747390.4281041836
2026-03-18 04:00:00,746220.8080090155
2026-03-18 04:15:00,745644.7554184254
2026-03-18 04:30:00,746220.8080090155
2026-03-18 04:45:00,745644.7554184254
2026-03-18 05:00:00,745644.7554184254
2026-03-18 05:15:00,744509.8742097039
2026-03-18 05:30:00,746220.8080090155
2026-03-18 05:45:00,744031.8635810878
2026-03-18 06:00:00,744031.8635810878
2026-03-18 06:15:00,744031.8635810878
2026-03-18 06:30:00,744031.8635810878
2026-03-18 06:45:00,744031.8635810878
2026-03-18 07:00:00,744031.8635810878
2026-03-18 07:15:00,744031.8635810878
2026-03-18 07:30:00,744031.8635810878
2026-03-18 07:45:00,744031.8635810878
2026-03-18 08:00:00,744031.8635810878
2026-03-18 08:15:00,744031.8635810878
2026-03-18 08:30:00,744031.8635810878
2026-03-18 08:45:00,744031.8635810878
2026-03-18 09:00:00,744031.8635810878
2026-03-18 09:15:00,742385.94362023
2026-03-18 09:30:00,741848.2396735278
2026-03-18 09:45:00,741848.2396735278
2026-03-18 10:00:00,741848.2396735278
2026-03-18 10:15:00,741848.2396735278
2026-03-18 10:30:00,741848.2396735278
2026-03-18 10:45:00,741848.2396735278
2026-03-18 11:00:00,740788.9091281297
2026-03-18 11:15:00,740788.9091281297
2026-03-18 11:30:00,740788.9091281297
2026-03-18 11:45:00,740788.9091281297
2026-03-18 12:00:00,741315.9127662926
2026-03-18 12:15:00,741315.9127662926
2026-03-18 12:30:00,741315.9127662926
2026-03-18 12:45:00,741315.9127662926
2026-03-18 13:00:00,740788.9091281297
2026-03-18 13:15:00,740788.9091281297
2026-03-18 13:30:00,739239.3081574792
2026-03-18 13:45:00,738733.0705654045
2026-03-18 14:00:00,738231.8953492505
2026-03-18 14:15:00,744509.8742097039
2026-03-18 14:30:00,744509.8742097039
2026-03-18 14:45:00,744509.8742097039
2026-03-18 15:00:00,744509.8742097039
2026-03-18 15:15:00,744509.8742097039
2026-03-18 15:30:00,747304.5904726888
2026-03-18 15:45:00,747304.5904726888
2026-03-18 16:00:00,750239.042548823
2026-03-18 16:15:00,750239.042548823
2026-03-18 16:30:00,750239.042548823
2026-03-18 16:45:00,750239.042548823
2026-03-18 17:00:00,756555.4506427019
2026-03-18 17:15:00,756555.4506427019
2026-03-18 17:30:00,759952.4457273368
2026-03-18 17:45:00,767264.4776470131
2026-03-18 18:00:00,767264.4776470131
2026-03-18 18:15:00,767264.4776470131
2026-03-18 18:30:00,767264.4776470131
2026-03-18 18:45:00,766477.988360043
2026-03-18 19:00:00,766477.988360043
2026-03-18 19:15:00,766477.988360043
2026-03-18 19:30:00,766477.988360043
2026-03-18 19:45:00,766477.988360043
2026-03-18 20:00:00,766477.988360043
2026-03-18 20:15:00,764165.3960471256
2026-03-18 20:30:00,764165.3960471256
2026-03-18 20:45:00,764165.3960471256
2026-03-18 21:00:00,764165.3960471256
2026-03-18 21:15:00,764165.3960471256
2026-03-18 21:30:00,764165.3960471256
2026-03-18 21:45:00,764165.3960471256
2026-03-18 22:00:00,763409.8975761543
2026-03-18 22:15:00,763409.8975761543
2026-03-18 22:30:00,763409.8975761543
2026-03-18 22:45:00,763409.8975761543
2026-03-18 23:00:00,763409.8975761543
2026-03-18 23:15:00,763409.8975761543
2026-03-18 23:30:00,763409.8975761543
2026-03-18 23:45:00,763409.8975761543
2026-03-19 00:00:00,763409.8975761543
2026-03-19 00:15:00,763409.8975761543
2026-03-19 00:30:00,763409.8975761543
2026-03-19 00:45:00,763409.8975761543
2026-03-19 01:00:00,763409.8975761543
2026-03-19 01:15:00,763409.8975761543
2026-03-19 01:30:00,763409.8975761543
2026-03-19 01:45:00,763409.8975761543
2026-03-19 02:00:00,763409.8975761543
2026-03-19 02:15:00,763409.8975761543
2026-03-19 02:30:00,763409.8975761543
2026-03-19 02:45:00,763409.8975761543
2026-03-19 03:00:00,763409.8975761543
2026-03-19 03:15:00,762661.9540898929
2026-03-19 03:30:00,761921.490038494
2026-03-19 03:45:00,761188.4306276091
2026-03-19 04:00:00,761188.4306276091
2026-03-19 04:15:00,761188.4306276091
2026-03-19 04:30:00,761188.4306276091
2026-03-19 04:45:00,760462.7018108331
2026-03-19 05:00:00,760462.7018108331
2026-03-19 05:15:00,759032.9434689026
2026-03-19 05:30:00,759032.9434689026
2026-03-19 05:45:00,759032.9434689026
2026-03-19 06:00:00,759032.9434689026
2026-03-19 06:15:00,757631.6373179766
2026-03-19 06:30:00,757631.6373179766
2026-03-19 06:45:00,757631.6373179766
2026-03-19 07:00:00,757631.6373179766
2026-03-19 07:15:00,757631.6373179766
2026-03-19 07:30:00,757631.6373179766
2026-03-19 07:45:00,756941.4764342969
2026-03-19 08:00:00,756941.4764342969
2026-03-19 08:15:00,756941.4764342969
2026-03-19 08:30:00,756941.4764342969
2026-03-19 08:45:00,756258.217159454
2026-03-19 09:00:00,755581.7904773594
2026-03-19 09:15:00,755581.7904773594
2026-03-19 09:30:00,755581.7904773594
2026-03-19 09:45:00,755581.7904773594
2026-03-19 10:00:00,781103.7081049139
2026-03-19 10:15:00,790583.7444182917
2026-03-19 10:30:00,789564.0624636089
2026-03-19 10:45:00,788554.5773284729
2026-03-19 11:00:00,787555.1870446882
2026-03-19 11:15:00,787555.1870446882
2026-03-19 11:30:00,787555.1870446882
2026-03-19 11:45:00,787555.1870446882
2026-03-19 12:00:00,787555.1870446882
2026-03-19 12:15:00,782706.1603187558
2026-03-19 12:30:00,781765.2542050682
2026-03-19 12:45:00,780833.7571525177
2026-03-19 13:00:00,780833.7571525177
2026-03-19 13:15:00,780833.7571525177
2026-03-19 13:30:00,780833.7571525177
2026-03-19 13:45:00,780833.7571525177
2026-03-19 14:00:00,780833.7571525177
2026-03-19 14:15:00,780833.7571525177
2026-03-19 14:30:00,780833.7571525177
2026-03-19 14:45:00,780833.7571525177
2026-03-19 15:00:00,780833.7571525177
2026-03-19 15:15:00,780833.7571525177
2026-03-19 15:30:00,780833.7571525177
2026-03-19 15:45:00,838829.2927821208
2026-03-19 16:00:00,838829.2927821208
2026-03-19 16:15:00,837327.1553437996
2026-03-19 16:30:00,834367.794376563
2026-03-19 16:45:00,832910.2719222975
2026-03-19 17:00:00,831467.3246925746
2026-03-19 17:15:00,831467.3246925746
2026-03-19 17:30:00,831467.3246925746
2026-03-19 17:45:00,831467.3246925746
2026-03-19 18:00:00,830038.8069351489
2026-03-19 18:15:00,830038.8069351489
2026-03-19 18:30:00,838609.9134797031
2026-03-19 18:45:00,838609.9134797031
2026-03-19 19:00:00,838609.9134797031
2026-03-19 19:15:00,838609.9134797031
2026-03-19 19:30:00,838609.9134797031
2026-03-19 19:45:00,838609.9134797031
2026-03-19 20:00:00,838609.9134797031
2026-03-19 20:15:00,838609.9134797031
2026-03-19 20:30:00,838609.9134797031
2026-03-19 20:45:00,838609.9134797031
2026-03-19 21:00:00,838609.9134797031
2026-03-19 21:15:00,838609.9134797031
2026-03-19 21:30:00,838609.9134797031
2026-03-19 21:45:00,837109.9698344062
2026-03-19 22:00:00,837109.9698344062
2026-03-19 22:15:00,837109.9698344062
2026-03-19 22:30:00,837109.9698344062
2026-03-19 22:45:00,837109.9698344062
2026-03-19 23:00:00,835625.0256255621
2026-03-19 23:15:00,835625.0256255621
2026-03-19 23:30:00,835625.0256255621
2026-03-19 23:45:00,835625.0256255621
2026-03-20 00:00:00,835625.0256255621
2026-03-20 00:15:00,835625.0256255621
2026-03-20 00:30:00,835625.0256255621
2026-03-20 00:45:00,835625.0256255621
2026-03-20 01:00:00,835625.0256255621
2026-03-20 01:15:00,835625.0256255621
2026-03-20 01:30:00,834154.9308588066
2026-03-20 01:45:00,834154.9308588066
2026-03-20 02:00:00,834154.9308588066
2026-03-20 02:15:00,832699.5370397186
2026-03-20 02:30:00,831258.6971588214
2026-03-20 02:45:00,831258.6971588214
2026-03-20 03:00:00,831258.6971588214
2026-03-20 03:15:00,831258.6971588214
2026-03-20 03:30:00,831258.6971588214
2026-03-20 03:45:00,831258.6971588214
2026-03-20 04:00:00,831258.6971588214
2026-03-20 04:15:00,831258.6971588214
2026-03-20 04:30:00,831258.6971588214
2026-03-20 04:45:00,831258.6971588214
2026-03-20 05:00:00,829832.2656767333
2026-03-20 05:15:00,827022.0530138714
2026-03-20 05:30:00,825637.9879732328
2026-03-20 05:45:00,825637.9879732328
2026-03-20 06:00:00,825637.9879732328
2026-03-20 06:15:00,825637.9879732328
2026-03-20 06:30:00,825637.9879732328
2026-03-20 06:45:00,825637.9879732328
2026-03-20 07:00:00,846109.631706188
2026-03-20 07:15:00,846109.631706188
2026-03-20 07:30:00,841431.8999542466
2026-03-20 07:45:00,839903.7364442042
2026-03-20 08:00:00,839903.7364442042
2026-03-20 08:15:00,838390.8545692622
2026-03-20 08:30:00,836893.1015130697
2026-03-20 08:45:00,836893.1015130697
2026-03-20 09:00:00,833942.3782170647
2026-03-20 09:15:00,839903.7364442042
2026-03-20 09:30:00,838390.8545692622
2026-03-20 09:45:00,838390.8545692622
2026-03-20 10:00:00,841431.8999542466
2026-03-20 10:15:00,841431.8999542466
2026-03-20 10:30:00,839903.7364442042
2026-03-20 10:45:00,838390.8545692622
2026-03-20 11:00:00,899672.682675799
2026-03-20 11:15:00,899672.682675799
2026-03-20 11:30:00,899672.682675799
2026-03-20 11:45:00,899672.682675799
2026-03-20 12:00:00,899672.682675799
2026-03-20 12:15:00,899672.682675799
2026-03-20 12:30:00,899672.682675799
2026-03-20 12:45:00,899672.682675799
2026-03-20 13:00:00,899672.682675799
2026-03-20 13:15:00,899672.682675799
2026-03-20 13:30:00,897562.111338541
2026-03-20 13:45:00,895472.6457146558
2026-03-20 14:00:00,895472.6457146558
2026-03-20 14:15:00,895472.6457146558
2026-03-20 14:30:00,895472.6457146558
2026-03-20 14:45:00,895472.6457146558
2026-03-20 15:00:00,893404.0747470092
2026-03-20 15:15:00,893404.0747470092
2026-03-20 15:30:00,893404.0747470092
2026-03-20 15:45:00,893404.0747470092
2026-03-20 16:00:00,893404.0747470092
2026-03-20 16:15:00,893404.0747470092
2026-03-20 16:30:00,916675.4981330327
2026-03-20 16:45:00,916675.4981330327
2026-03-20 17:00:00,905815.5005528881
2026-03-20 17:15:00,905815.5005528881
2026-03-20 17:30:00,905815.5005528881
2026-03-20 17:45:00,905815.5005528881
2026-03-20 18:00:00,905815.5005528881
2026-03-20 18:15:00,905815.5005528881
2026-03-20 18:30:00,905815.5005528881
2026-03-20 18:45:00,905815.5005528881
2026-03-20 19:00:00,905815.5005528881
2026-03-20 19:15:00,905815.5005528881
2026-03-20 19:30:00,905815.5005528881
2026-03-20 19:45:00,905815.5005528881
2026-03-20 20:00:00,905815.5005528881
2026-03-20 20:15:00,905815.5005528881
2026-03-20 20:30:00,905815.5005528881
2026-03-20 20:45:00,905815.5005528881
2026-03-20 21:00:00,905815.5005528881
2026-03-20 21:15:00,905815.5005528881
2026-03-20 21:30:00,905815.5005528881
2026-03-20 21:45:00,905815.5005528881
2026-03-20 22:00:00,905815.5005528881
2026-03-20 22:15:00,905815.5005528881
2026-03-20 22:30:00,905815.5005528881
2026-03-20 22:45:00,905815.5005528881
2026-03-20 23:00:00,905815.5005528881
2026-03-20 23:15:00,903643.5010368594
2026-03-20 23:30:00,901493.2215159908
2026-03-20 23:45:00,901493.2215159908
2026-03-21 01:00:00,923313.1829540038
2026-03-21 01:15:00,923313.1829540038
2026-03-21 01:30:00,920966.2066139638
2026-03-21 01:45:00,920966.2066139638
2026-03-21 02:00:00,916342.4285264511
2026-03-21 02:15:00,914065.1597306866
2026-03-21 02:30:00,914065.1597306866
2026-03-21 02:45:00,914065.1597306866
2026-03-21 03:00:00,914065.1597306866
2026-03-21 03:15:00,914065.1597306866
2026-03-21 03:30:00,914065.1597306866
2026-03-21 03:45:00,914065.1597306866
2026-03-21 04:00:00,914065.1597306866
2026-03-21 04:15:00,914065.1597306866
2026-03-21 04:30:00,907369.0808408896
2026-03-21 04:45:00,907369.0808408896
2026-03-21 05:00:00,905181.5455219807
2026-03-21 05:15:00,905181.5455219807
2026-03-21 05:30:00,905181.5455219807
2026-03-21 05:45:00,905181.5455219807
2026-03-21 06:00:00,905181.5455219807
2026-03-21 06:15:00,903015.8855562609
2026-03-21 06:30:00,903015.8855562609
2026-03-21 06:45:00,900871.8821901984
2026-03-21 07:00:00,900871.8821901984
2026-03-21 07:15:00,900871.8821901984
2026-03-21 07:30:00,898749.3188577965
2026-03-21 07:45:00,896647.9811587186
2026-03-21 08:00:00,896647.9811587186
2026-03-21 08:15:00,896647.9811587186
2026-03-21 08:30:00,896647.9811587186
2026-03-21 08:45:00,894567.6568366315
2026-03-21 09:00:00,892508.1357577652
2026-03-21 09:15:00,892508.1357577652
2026-03-21 09:30:00,892508.1357577652
2026-03-21 09:45:00,892508.1357577652
2026-03-21 10:00:00,890469.2098896876
2026-03-21 10:15:00,890469.2098896876
2026-03-21 10:30:00,890469.2098896876
2026-03-21 10:45:00,882515.3702525569
2026-03-21 11:00:00,880576.3720395314
2026-03-21 11:15:00,888450.6732802907
2026-03-21 11:30:00,886452.3220369879
2026-03-21 11:45:00,886452.3220369879
2026-03-21 12:00:00,886452.3220369879
2026-03-21 12:15:00,886452.3220369879
2026-03-21 12:30:00,886452.3220369879
2026-03-21 12:45:00,886452.3220369879
2026-03-21 13:00:00,886452.3220369879
2026-03-21 13:15:00,886452.3220369879
2026-03-21 13:30:00,886452.3220369879
2026-03-21 13:45:00,886452.3220369879
2026-03-21 14:00:00,886452.3220369879
2026-03-21 14:15:00,886452.3220369879
2026-03-21 14:30:00,886452.3220369879
2026-03-21 14:45:00,886452.3220369879
2026-03-21 15:00:00,886452.3220369879
2026-03-21 15:15:00,886452.3220369879
2026-03-21 15:30:00,886452.3220369879
2026-03-21 15:45:00,884473.954306118
2026-03-21 16:00:00,882515.3702525569
2026-03-21 16:15:00,882515.3702525569
2026-03-21 16:30:00,882515.3702525569
2026-03-21 16:45:00,882515.3702525569
2026-03-21 17:00:00,1035370.8459536224
2026-03-21 17:15:00,1035370.8459536224
2026-03-21 17:30:00,1035370.8459536224
2026-03-21 17:45:00,1035370.8459536224
2026-03-21 18:00:00,1035370.8459536224
2026-03-21 18:15:00,1035370.8459536224
2026-03-21 18:30:00,1035370.8459536224
2026-03-21 18:45:00,1035370.8459536224
2026-03-21 19:00:00,1035370.8459536224
2026-03-21 19:15:00,927728.7725052731
2026-03-21 19:30:00,927728.7725052731
2026-03-21 19:45:00,930144.05759169
2026-03-21 20:00:00,954900.7297274617
2026-03-21 20:15:00,954900.7297274617
2026-03-21 20:30:00,949601.6546299905
2026-03-21 20:45:00,949601.6546299905
2026-03-21 21:00:00,949601.6546299905
2026-03-21 21:15:00,946991.7935731905
2026-03-21 21:30:00,941850.1063051892
2026-03-21 21:45:00,941850.1063051892
2026-03-21 22:00:00,941850.1063051892
2026-03-21 22:15:00,941850.1063051892
2026-03-21 22:30:00,941850.1063051892
2026-03-21 22:45:00,941850.1063051892
2026-03-21 23:00:00,939317.7607316372
2026-03-21 23:15:00,936810.7386138211
2026-03-21 23:30:00,934328.7867171828
2026-03-21 23:45:00,936810.7386138211
2026-03-22 00:00:00,939317.7607316372
2026-03-22 00:15:00,939317.7607316372
2026-03-22 00:30:00,939317.7607316372
2026-03-22 00:45:00,939317.7607316372
2026-03-22 01:00:00,939317.7607316372
2026-03-22 01:15:00,939317.7607316372
2026-03-22 01:30:00,939317.7607316372
2026-03-22 01:45:00,939317.7607316372
2026-03-22 02:00:00,1012286.8504673836
2026-03-22 02:15:00,1012286.8504673836
2026-03-22 02:30:00,1012286.8504673836
2026-03-22 02:45:00,1144053.5741168044
2026-03-22 03:00:00,1144053.5741168044
2026-03-22 03:15:00,1144053.5741168044
2026-03-22 03:30:00,1144053.5741168044
2026-03-22 03:45:00,1144053.5741168044
2026-03-22 04:00:00,1144053.5741168044
2026-03-22 04:15:00,1144053.5741168044
2026-03-22 04:30:00,1144053.5741168044
2026-03-22 04:45:00,1144053.5741168044
2026-03-22 05:00:00,1144053.5741168044
2026-03-22 05:15:00,1144053.5741168044
2026-03-22 05:30:00,1144053.5741168044
2026-03-22 05:45:00,1144053.5741168044
2026-03-22 06:00:00,1144053.5741168044
2026-03-22 06:15:00,1144053.5741168044
2026-03-22 06:30:00,1144053.5741168044
2026-03-22 06:45:00,1144053.5741168044
2026-03-22 07:00:00,1144053.5741168044
2026-03-22 07:15:00,1144053.5741168044
2026-03-22 07:30:00,1139499.1938651365
2026-03-22 07:45:00,1139499.1938651365
2026-03-22 08:00:00,1134990.3574159853
2026-03-22 08:15:00,1130526.6093313254
2026-03-22 08:30:00,1134990.3574159853
2026-03-22 08:45:00,1134990.3574159853
2026-03-22 09:00:00,1134990.3574159853
2026-03-22 09:15:00,1134990.3574159853
2026-03-22 09:30:00,1134990.3574159853
2026-03-22 09:45:00,1134990.3574159853
2026-03-22 10:00:00,1134990.3574159853
2026-03-22 10:15:00,1134990.3574159853
2026-03-22 10:30:00,1134990.3574159853
2026-03-22 10:45:00,1134990.3574159853
2026-03-22 11:00:00,1134990.3574159853
2026-03-22 11:15:00,1134990.3574159853
2026-03-22 11:30:00,1134990.3574159853
2026-03-22 11:45:00,1134990.3574159853
2026-03-22 12:00:00,1134990.3574159853
2026-03-22 12:15:00,1134990.3574159853
2026-03-22 12:30:00,1134990.3574159853
2026-03-22 12:45:00,1130526.6093313254
2026-03-22 13:00:00,1130526.6093313254
2026-03-22 13:15:00,1130526.6093313254
2026-03-22 13:30:00,1130526.6093313254
2026-03-22 13:45:00,1130526.6093313254
2026-03-22 14:00:00,1130526.6093313254
2026-03-22 14:15:00,1130526.6093313254
2026-03-22 14:30:00,1130526.6093313254
2026-03-22 14:45:00,1175822.493020409
2026-03-22 15:00:00,1175822.493020409
2026-03-22 15:15:00,1166127.074833408
2026-03-22 15:30:00,1166127.074833408
2026-03-22 15:45:00,1166127.074833408
2026-03-22 16:00:00,1170950.423579705
2026-03-22 16:15:00,1170950.423579705
2026-03-22 16:30:00,1170950.423579705
2026-03-22 16:45:00,1166127.074833408
2026-03-22 17:00:00,1166127.074833408
2026-03-22 17:15:00,1166127.074833408
2026-03-22 17:30:00,1166127.074833408
2026-03-22 17:45:00,1161351.9595745741
2026-03-22 18:00:00,1161351.9595745741
2026-03-22 18:15:00,1161351.9595745741
2026-03-22 18:30:00,1151944.505003145
2026-03-22 18:45:00,1147311.2154426137
2026-03-22 19:00:00,1147311.2154426137
2026-03-22 19:15:00,1142724.2587776876
2026-03-22 19:30:00,1142724.2587776876
2026-03-22 19:45:00,1142724.2587776876
2026-03-22 20:00:00,1142724.2587776876
2026-03-22 20:15:00,1142724.2587776876
2026-03-22 20:30:00,1142724.2587776876
2026-03-22 20:45:00,1142724.2587776876
2026-03-22 21:00:00,1142724.2587776876
2026-03-22 21:15:00,1142724.2587776876
2026-03-22 21:30:00,1151944.505003145
2026-03-22 21:45:00,1151944.505003145
2026-03-22 22:00:00,1151944.505003145
2026-03-22 22:15:00,1151944.505003145
2026-03-22 22:30:00,1175110.9528058006
2026-03-22 22:45:00,1175110.9528058027
2026-03-22 23:00:00,1175110.9528058027
2026-03-22 23:15:00,1175110.9528058027
2026-03-22 23:30:00,1175110.9528058027
2026-03-22 23:45:00,1175110.9528058027
2026-03-23 00:00:00,1175110.9528058027
2026-03-23 00:15:00,1175110.9528058027
2026-03-23 00:30:00,1175110.9528058027
2026-03-23 00:45:00,1175110.9528058027
2026-03-23 01:00:00,1175110.9528058027
2026-03-23 01:15:00,1175110.9528058027
2026-03-23 01:30:00,1175110.9528058027
2026-03-23 01:45:00,1175110.9528058027
2026-03-23 02:00:00,1175110.9528058027
2026-03-23 02:15:00,1175110.9528058027
2026-03-23 02:30:00,1175110.9528058027
2026-03-23 02:45:00,1175110.9528058027
2026-03-23 03:00:00,1175110.9528058027
2026-03-23 03:15:00,1175110.9528058027
2026-03-23 03:30:00,1175110.9528058027
2026-03-23 03:45:00,1175110.9528058027
2026-03-23 04:00:00,1175110.9528058027
2026-03-23 04:15:00,1175110.9528058027
2026-03-23 04:30:00,1175110.9528058027
2026-03-23 04:45:00,1175110.9528058027
2026-03-23 05:00:00,1175110.9528058027
2026-03-23 05:15:00,1175110.9528058027
2026-03-23 05:30:00,1175110.9528058027
2026-03-23 05:45:00,1175110.9528058027
2026-03-23 06:00:00,1175110.9528058027
2026-03-23 06:15:00,1175110.9528058027
2026-03-23 06:30:00,1170245.9987672446
2026-03-23 06:45:00,1160661.5528158816
2026-03-23 07:00:00,1155941.0927772229
2026-03-23 07:15:00,1155941.0927772229
2026-03-23 07:30:00,1155941.0927772229
2026-03-23 07:45:00,1155941.0927772229
2026-03-23 08:00:00,1155941.0927772229
2026-03-23 08:15:00,1155941.0927772229
2026-03-23 08:30:00,1155941.0927772229
2026-03-23 08:45:00,1155941.0927772229
2026-03-23 09:00:00,1155941.0927772229
2026-03-23 09:15:00,1155941.0927772229
2026-03-23 09:30:00,1151267.8373389507
2026-03-23 09:45:00,1151267.8373389507
2026-03-23 10:00:00,1151267.8373389507
2026-03-23 10:15:00,1151267.8373389507
2026-03-23 10:30:00,1142061.0568000106
2026-03-23 10:45:00,1137526.6017215105
2026-03-23 11:00:00,1133037.4911937956
2026-03-23 11:15:00,1128593.2717713576
2026-03-23 11:30:00,1128593.2717713576
2026-03-23 11:45:00,1128593.2717713576
2026-03-23 12:00:00,1128593.2717713576
2026-03-23 12:15:00,1128593.2717713576
2026-03-23 12:30:00,1128593.2717713576
2026-03-23 12:45:00,1128593.2717713576
2026-03-23 13:00:00,1124193.494543144
2026-03-23 13:15:00,1119837.7150872126
2026-03-23 13:30:00,1119837.7150872126
2026-03-23 13:45:00,1119837.7150872126
2026-03-23 14:00:00,1119837.7150872126
2026-03-23 14:15:00,1141398.823394073
2026-03-23 14:30:00,1136870.9906496324
2026-03-23 14:45:00,1132388.4362326362
2026-03-23 15:00:00,1132388.4362326362
2026-03-23 15:15:00,1132388.4362326362
2026-03-23 15:30:00,1132388.4362326362
2026-03-23 15:45:00,1132388.4362326362
2026-03-23 16:00:00,1132388.4362326362
2026-03-23 16:15:00,1132388.4362326362
2026-03-23 16:30:00,1132388.4362326362
2026-03-23 16:45:00,1132388.4362326362
2026-03-23 17:00:00,1132388.4362326362
2026-03-23 17:15:00,1132388.4362326362
2026-03-23 17:30:00,1132388.4362326362
2026-03-23 17:45:00,1132388.4362326362
2026-03-23 18:00:00,1132388.4362326362
2026-03-23 18:15:00,1132388.4362326362
2026-03-23 18:30:00,1132388.4362326362
2026-03-23 18:45:00,1132388.4362326362
2026-03-23 19:00:00,1132388.4362326362
2026-03-23 19:15:00,1132388.4362326362
2026-03-23 19:30:00,1132388.4362326362
2026-03-23 19:45:00,1132388.4362326362
2026-03-23 20:00:00,1132388.4362326362
2026-03-23 20:15:00,1132388.4362326362
2026-03-23 20:30:00,1127950.7073598097
2026-03-23 20:45:00,1127950.7073598097
2026-03-23 21:00:00,1127950.7073598097
2026-03-23 21:15:00,1123557.3557757116
2026-03-23 21:30:00,1123557.3557757116
2026-03-23 21:45:00,1123557.3557757116
2026-03-23 22:00:00,1119207.9377074547
2026-03-23 22:15:00,1114902.01381988
2026-03-23 22:30:00,1114902.01381988
2026-03-23 22:45:00,1106418.9131689696
2026-03-23 23:00:00,1102240.87952678
2026-03-23 23:15:00,1102240.87952678
2026-03-23 23:30:00,1102240.87952678
2026-03-23 23:45:00,1102240.87952678
2026-03-24 00:00:00,1102240.87952678
2026-03-24 00:15:00,1102240.87952678
2026-03-24 00:30:00,1102240.87952678
2026-03-24 00:45:00,1102240.87952678
2026-03-24 01:00:00,1078035.5869774653
2026-03-24 01:15:00,1074141.3865971905
2026-03-24 01:30:00,1074141.3865971905
2026-03-24 01:45:00,1074141.3865971905
2026-03-24 02:00:00,1074141.3865971905
2026-03-24 02:15:00,1098104.6262210123
2026-03-24 02:30:00,1098104.6262210123
2026-03-24 02:45:00,1094009.7354483022
2026-03-24 03:00:00,1089955.7935833193
2026-03-24 03:15:00,1089955.7935833193
2026-03-24 03:30:00,1089955.7935833193
2026-03-24 03:45:00,1089955.7935833193
2026-03-24 04:00:00,1089955.7935833193
2026-03-24 04:15:00,1078035.5869774653
2026-03-24 04:30:00,1078035.5869774653
2026-03-24 04:45:00,1078035.5869774653
2026-03-24 05:00:00,1078035.5869774653
2026-03-24 05:15:00,1078035.5869774653
2026-03-24 05:30:00,1078035.5869774653
2026-03-24 05:45:00,1078035.5869774653
2026-03-24 06:00:00,1078035.5869774653
2026-03-24 06:15:00,1078035.5869774653
2026-03-24 06:30:00,1078035.5869774653
2026-03-24 06:45:00,1078035.5869774653
2026-03-24 07:00:00,1078035.5869774653
2026-03-24 07:15:00,1078035.5869774653
2026-03-24 07:30:00,1078035.5869774653
2026-03-24 07:45:00,1078035.5869774653
2026-03-24 08:00:00,1110022.8058149845
2026-03-24 08:15:00,1110022.8058149845
2026-03-24 08:30:00,1110022.8058149845
2026-03-24 08:45:00,1110022.8058149845
2026-03-24 09:00:00,1110022.8058149845
2026-03-24 09:15:00,1110022.8058149845
2026-03-24 09:30:00,1110022.8058149845
2026-03-24 09:45:00,1110022.8058149845
2026-03-24 10:00:00,1105808.7332463346
2026-03-24 10:15:00,1105808.7332463346
2026-03-24 10:30:00,1105808.7332463346
2026-03-24 10:45:00,1105808.7332463346
2026-03-24 11:00:00,1105808.7332463346
2026-03-24 11:15:00,1101636.8014033714
2026-03-24 11:30:00,1097506.5888788376
2026-03-24 11:45:00,1097506.5888788376
2026-03-24 12:00:00,1093417.6784795495
2026-03-24 12:15:00,1093417.6784795495
2026-03-24 12:30:00,1093417.6784795495
2026-03-24 12:45:00,1093417.6784795495
2026-03-24 13:00:00,1093417.6784795495
2026-03-24 13:15:00,1089369.657184254
2026-03-24 13:30:00,1089369.657184254
2026-03-24 13:45:00,1089369.657184254
2026-03-24 14:00:00,1089369.657184254
2026-03-24 14:15:00,1089369.657184254
2026-03-24 14:30:00,1089369.657184254
2026-03-24 14:45:00,1089369.657184254
2026-03-24 15:00:00,1085362.1161019115
2026-03-24 15:15:00,1081394.6504303925
2026-03-24 15:30:00,1081394.6504303925
2026-03-24 15:45:00,1081394.6504303925
2026-03-24 16:00:00,1077466.8594155884
2026-03-24 16:15:00,1077466.8594155884
2026-03-24 16:30:00,1077466.8594155884
2026-03-24 16:45:00,1077466.8594155884
2026-03-24 17:00:00,1077466.8594155884
2026-03-24 17:15:00,1077466.8594155884
2026-03-24 17:30:00,1077466.8594155884
2026-03-24 17:45:00,1077466.8594155884
2026-03-24 18:00:00,1073578.3463109327
2026-03-24 18:15:00,1069728.7183373235
2026-03-24 18:30:00,1069728.7183373235
2026-03-24 18:45:00,1065917.5866434504
2026-03-24 19:00:00,1065917.5866434504
2026-03-24 19:15:00,1065917.5866434504
2026-03-24 19:30:00,1065917.5866434504
2026-03-24 19:45:00,1065917.5866434504
2026-03-24 20:00:00,1065917.5866434504
2026-03-24 20:15:00,1065917.5866434504
2026-03-24 20:30:00,1065917.5866434504
2026-03-24 20:45:00,1065917.5866434504
2026-03-24 21:00:00,1062144.566266516
2026-03-24 21:15:00,1058409.2760933507
2026-03-24 21:30:00,1054711.3388219173
2026-03-24 21:45:00,1054711.3388219173
2026-03-24 22:00:00,1051050.380923198
2026-03-24 22:15:00,1047426.0326034662
2026-03-24 22:30:00,1047426.0326034662
2026-03-24 22:45:00,1047426.0326034662
2026-03-24 23:00:00,1047426.0326034662
2026-03-24 23:15:00,1036769.0024284748
2026-03-24 23:30:00,1033287.4678936901
2026-03-24 23:45:00,1033287.4678936901
2026-03-25 00:00:00,1033287.4678936901
2026-03-25 00:15:00,1033287.4678936901
2026-03-25 00:30:00,1058409.2760933507
2026-03-25 00:45:00,1058409.2760933507
2026-03-25 01:00:00,1058409.2760933507
2026-03-25 01:15:00,1058409.2760933507
2026-03-25 01:30:00,1058409.2760933507
2026-03-25 01:45:00,1058409.2760933507
2026-03-25 02:00:00,1058409.2760933507
2026-03-25 02:15:00,1058409.2760933507
2026-03-25 02:30:00,1058409.2760933507
2026-03-25 02:45:00,1058409.2760933507
2026-03-25 03:00:00,1058409.2760933507
2026-03-25 03:15:00,1058409.2760933507
2026-03-25 03:30:00,1058409.2760933507
2026-03-25 03:45:00,1058409.2760933507
2026-03-25 04:00:00,1058409.2760933507
2026-03-25 04:15:00,1058409.2760933507
2026-03-25 04:30:00,1058409.2760933507
2026-03-25 04:45:00,1058409.2760933507
2026-03-25 05:00:00,1058409.2760933507
2026-03-25 05:15:00,1058409.2760933507
2026-03-25 05:30:00,1058409.2760933507
2026-03-25 05:45:00,1054711.3388219173
2026-03-25 06:00:00,1051050.380923198
2026-03-25 06:15:00,1047426.0326034662
2026-03-25 06:30:00,1047426.0326034662
2026-03-25 06:45:00,1047426.0326034662
2026-03-25 07:00:00,1047426.0326034662
2026-03-25 07:15:00,1047426.0326034662
2026-03-25 07:30:00,1047426.0326034662
2026-03-25 07:45:00,1043837.9277669316
2026-03-25 08:00:00,1065366.55678614
2026-03-25 08:15:00,1065366.55678614
2026-03-25 08:30:00,1061599.0467077785
2026-03-25 08:45:00,1057869.2117302008
2026-03-25 09:00:00,1054176.6751023987
2026-03-25 09:15:00,1054176.6751023987
2026-03-25 09:30:00,1054176.6751023987
2026-03-25 09:45:00,1046902.0086919663
2026-03-25 10:00:00,1043319.1440945467
2026-03-25 10:15:00,1043319.1440945467
2026-03-25 10:30:00,1039772.1081431012
2026-03-25 10:45:00,1036260.5425511703
2026-03-25 11:00:00,1057869.2117302008
2026-03-25 11:15:00,1057869.2117302008
2026-03-25 11:30:00,1103983.535089344
2026-03-25 11:45:00,1103983.535089344
2026-03-25 12:00:00,1099829.8552279505
2026-03-25 12:15:00,1099829.8552279505
2026-03-25 12:30:00,1099829.8552279505
2026-03-25 12:45:00,1099829.8552279505
2026-03-25 13:00:00,1099829.8552279505
2026-03-25 13:15:00,1099829.8552279505
2026-03-25 13:30:00,1099829.8552279505
2026-03-25 13:45:00,1124751.9343963098
2026-03-25 14:00:00,1124751.9343963098
2026-03-25 14:15:00,1146558.7536686258
2026-03-25 14:30:00,1146558.7536686258
2026-03-25 14:45:00,1146558.7536686258
2026-03-25 15:00:00,1146558.7536686258
2026-03-25 15:15:00,1146558.7536686258
2026-03-25 15:30:00,1146558.7536686258
2026-03-25 15:45:00,1146558.7536686258
2026-03-25 16:00:00,1146558.7536686258
2026-03-25 16:15:00,1146558.7536686258
2026-03-25 16:30:00,1146558.7536686258
2026-03-25 16:45:00,1146558.7536686258
2026-03-25 17:00:00,1146558.7536686258
2026-03-25 17:15:00,1146558.7536686258
2026-03-25 17:30:00,1146558.7536686258
2026-03-25 17:45:00,1146558.7536686258
2026-03-25 18:00:00,1146558.7536686258
2026-03-25 18:15:00,1146558.7536686258
2026-03-25 18:30:00,1141979.3216214397
2026-03-25 18:45:00,1141979.3216214397
2026-03-25 19:00:00,1141979.3216214397
2026-03-25 19:15:00,1119759.985745665
2026-03-25 19:30:00,1115448.5413777083
2026-03-25 19:45:00,1115448.5413777083
2026-03-25 20:00:00,1115448.5413777083
2026-03-25 20:15:00,1115448.5413777083
2026-03-25 20:30:00,1115448.5413777083
2026-03-25 20:45:00,1115448.5413777083
2026-03-25 21:00:00,1115448.5413777083
2026-03-25 21:15:00,1106954.564828397
2026-03-25 21:30:00,1106954.564828397
2026-03-25 21:45:00,1106954.564828397
2026-03-25 22:00:00,1106954.564828397
2026-03-25 22:15:00,1106954.564828397
2026-03-25 22:30:00,1094529.4777177928
2026-03-25 22:45:00,1094529.4777177928
2026-03-25 23:00:00,1094529.4777177928
2026-03-25 23:15:00,1094529.4777177928
2026-03-25 23:30:00,1094529.4777177928
2026-03-25 23:45:00,1090470.338430115
2026-03-26 00:00:00,1094529.4777177928
2026-03-26 00:15:00,1094529.4777177928
2026-03-26 00:30:00,1090470.338430115
2026-03-26 00:45:00,1090470.338430115
2026-03-26 01:00:00,1090470.338430115
2026-03-26 01:15:00,1090470.338430115
2026-03-26 01:30:00,1098629.618412417
2026-03-26 01:45:00,1098629.618412417
2026-03-26 02:00:00,1098629.618412417
2026-03-26 02:15:00,1094529.4777177928
2026-03-26 02:30:00,1094529.4777177928
2026-03-26 02:45:00,1094529.4777177928
2026-03-26 03:00:00,1094529.4777177928
2026-03-26 03:15:00,1094529.4777177928
2026-03-26 03:30:00,1094529.4777177928
2026-03-26 03:45:00,1094529.4777177928
2026-03-26 04:00:00,1094529.4777177928
2026-03-26 04:15:00,1094529.4777177928
2026-03-26 04:30:00,1094529.4777177928
2026-03-26 04:45:00,1094529.4777177928
2026-03-26 05:00:00,1094529.4777177928
2026-03-26 05:15:00,1082473.4281194608
2026-03-26 05:30:00,1094529.4777177928
2026-03-26 05:45:00,1094529.4777177928
2026-03-26 06:00:00,1094529.4777177928
2026-03-26 06:15:00,1094529.4777177928
2026-03-26 06:30:00,1094529.4777177928
2026-03-26 06:45:00,1090470.338430115
2026-03-26 07:00:00,1090470.338430115
2026-03-26 07:15:00,1090470.338430115
2026-03-26 07:30:00,1086451.7905353138
2026-03-26 07:45:00,1086451.7905353138
2026-03-26 08:00:00,1114825.1741561813
2026-03-26 08:15:00,1114825.1741561813
2026-03-26 08:30:00,1207433.7189520812
2026-03-26 08:45:00,1319242.2772010881
2026-03-26 09:00:00,1319242.2772010881
2026-03-26 09:15:00,1319242.2772010881
2026-03-26 09:30:00,1319242.2772010881
2026-03-26 09:45:00,1319242.2772010881
2026-03-26 10:00:00,1319242.2772010881
2026-03-26 10:15:00,1319242.2772010881
2026-03-26 10:30:00,1319242.2772010881
2026-03-26 10:45:00,1319242.2772010881
2026-03-26 11:00:00,1319242.2772010881
2026-03-26 11:15:00,1319242.2772010881
2026-03-26 11:30:00,1319242.2772010881
2026-03-26 11:45:00,1319242.2772010881
2026-03-26 12:00:00,1319242.2772010881
2026-03-26 12:15:00,1319242.2772010881
2026-03-26 12:30:00,1319242.2772010881
2026-03-26 12:45:00,1319242.2772010881
2026-03-26 13:00:00,1319242.2772010881
2026-03-26 13:15:00,1319242.2772010881
2026-03-26 13:30:00,1319242.2772010881
2026-03-26 13:45:00,1319242.2772010881
2026-03-26 14:00:00,1319242.2772010881
2026-03-26 14:15:00,1319242.2772010881
2026-03-26 14:30:00,1319242.2772010881
2026-03-26 14:45:00,1319242.2772010881
2026-03-26 15:00:00,1319242.2772010881
2026-03-26 15:15:00,1319242.2772010881
2026-03-26 15:30:00,1319242.2772010881
2026-03-26 15:45:00,1319242.2772010881
2026-03-26 16:00:00,1319242.2772010881
2026-03-26 16:15:00,1319242.2772010881
2026-03-26 16:30:00,1319242.2772010881
2026-03-26 16:45:00,1319242.2772010881
2026-03-26 17:00:00,1319242.2772010881
2026-03-26 17:15:00,1319242.2772010881
2026-03-26 17:30:00,1312936.0099185773
2026-03-26 17:45:00,1306692.8053088917
2026-03-26 18:00:00,1300512.0327453027
2026-03-26 18:15:00,1300512.0327453027
2026-03-26 18:30:00,1300512.0327453027
2026-03-26 18:45:00,1300512.0327453027
2026-03-26 19:00:00,1300512.0327453027
2026-03-26 19:15:00,1300512.0327453027
2026-03-26 19:30:00,1300512.0327453027
2026-03-26 19:45:00,1300512.0327453027
2026-03-26 20:00:00,1300512.0327453027
2026-03-26 20:15:00,1300512.0327453027
2026-03-26 20:30:00,1300512.0327453027
2026-03-26 20:45:00,1300512.0327453027
2026-03-26 21:00:00,1300512.0327453027
2026-03-26 21:15:00,1300512.0327453027
2026-03-26 21:30:00,1300512.0327453027
2026-03-26 21:45:00,1300512.0327453027
2026-03-26 22:00:00,1300512.0327453027
2026-03-26 22:15:00,1300512.0327453027
2026-03-26 22:30:00,1300512.0327453027
2026-03-26 22:45:00,1300512.0327453027
2026-03-26 23:00:00,1300512.0327453027
2026-03-26 23:15:00,1294393.0679073497
2026-03-26 23:30:00,1294393.0679073497
2026-03-26 23:45:00,1288335.2927177763
2026-03-27 00:00:00,1282338.0952800987
2026-03-27 00:15:00,1282338.0952800987
2026-03-27 00:30:00,1282338.0952800987
2026-03-27 00:45:00,1276400.8698167978
2026-03-27 01:00:00,1270523.0166081297
2026-03-27 01:15:00,1264703.9419315485
2026-03-27 01:30:00,1258943.0580017332
2026-03-27 01:45:00,1258943.0580017332
2026-03-27 02:00:00,1258943.0580017332
2026-03-27 02:15:00,1247593.540571604
2026-03-27 02:30:00,1247593.540571604
2026-03-27 02:45:00,1247593.540571604
2026-03-27 03:00:00,1247593.540571604
2026-03-27 03:15:00,1247593.540571604
2026-03-27 03:30:00,1253239.782911216
2026-03-27 03:45:00,1253239.782911216
2026-03-27 04:00:00,1253239.782911216
2026-03-27 04:15:00,1253239.782911216
2026-03-27 04:30:00,1253239.782911216
2026-03-27 04:45:00,1253239.782911216
2026-03-27 05:00:00,1253239.782911216
2026-03-27 05:15:00,1253239.782911216
2026-03-27 05:30:00,1242003.7606553878
2026-03-27 05:45:00,1236469.8785383338
2026-03-27 06:00:00,1236469.8785383338
2026-03-27 06:15:00,1230991.3352424507
2026-03-27 06:30:00,1230991.3352424507
2026-03-27 06:45:00,1230991.3352424507
2026-03-27 07:00:00,1225567.5773795263
2026-03-27 07:15:00,1225567.5773795263
2026-03-27 07:30:00,1220198.057095231
2026-03-27 07:45:00,1220198.057095231
2026-03-27 08:00:00,1220198.057095231
2026-03-27 08:15:00,1220198.057095231
2026-03-27 08:30:00,1220198.057095231
2026-03-27 08:45:00,1220198.057095231
2026-03-27 09:00:00,1220198.057095231
2026-03-27 09:15:00,1220198.057095231
2026-03-27 09:30:00,1220198.057095231
2026-03-27 09:45:00,1220198.057095231
2026-03-27 10:00:00,1220198.057095231
2026-03-27 10:15:00,1220198.057095231
2026-03-27 10:30:00,1214882.2320137788
2026-03-27 10:45:00,1209619.565183141
2026-03-27 11:00:00,1204409.5250208096
2026-03-27 11:15:00,1324681.9438552172
2026-03-27 11:30:00,1324681.9438552172
2026-03-27 11:45:00,1324681.9438552172
2026-03-27 12:00:00,1324681.9438552172
2026-03-27 12:15:00,1324681.9438552172
2026-03-27 12:30:00,1324681.9438552172
2026-03-27 12:45:00,1324681.9438552172
2026-03-27 13:00:00,1324681.9438552172
2026-03-27 13:15:00,1324681.9438552172
2026-03-27 13:30:00,1324681.9438552172
2026-03-27 13:45:00,1324681.9438552172
2026-03-27 14:00:00,1324681.9438552172
2026-03-27 14:15:00,1324681.9438552172
2026-03-27 14:30:00,1324681.9438552172
2026-03-27 14:45:00,1324681.9438552172
2026-03-27 15:00:00,1324681.9438552172
2026-03-27 15:15:00,1324681.9438552172
2026-03-27 15:30:00,1324681.9438552172
2026-03-27 15:45:00,1324681.9438552172
2026-03-27 16:00:00,1324681.9438552172
2026-03-27 16:15:00,1324681.9438552172
2026-03-27 16:30:00,1324681.9438552172
2026-03-27 16:45:00,1324681.9438552172
2026-03-27 17:00:00,1324681.9438552172
2026-03-27 17:15:00,1324681.9438552172
2026-03-27 17:30:00,1324681.9438552172
2026-03-27 17:45:00,1324681.9438552172
2026-03-27 18:00:00,1324681.9438552172
2026-03-27 18:15:00,1324681.9438552172
2026-03-27 18:30:00,1324681.9438552172
2026-03-27 18:45:00,1324681.9438552172
2026-03-27 19:00:00,1324681.9438552172
2026-03-27 19:15:00,1324681.9438552172
2026-03-27 19:30:00,1324681.9438552172
2026-03-27 19:45:00,1324681.9438552172
2026-03-27 20:00:00,1324681.9438552172
2026-03-27 20:15:00,1324681.9438552172
2026-03-27 20:30:00,1324681.9438552172
2026-03-27 20:45:00,1324681.9438552172
2026-03-27 21:00:00,1324681.9438552172
2026-03-27 21:15:00,1324681.9438552172
2026-03-27 21:30:00,1324681.9438552172
2026-03-27 21:45:00,1324681.9438552172
2026-03-27 22:00:00,1324681.9438552172
2026-03-27 22:15:00,1324681.9438552172
2026-03-27 22:30:00,1312024.2225966034
2026-03-27 22:45:00,1305790.1358601374
2026-03-27 23:00:00,1299618.3899910362
2026-03-27 23:15:00,1299618.3899910362
2026-03-27 23:30:00,1299618.3899910362
2026-03-27 23:45:00,1293508.3615806256
2026-03-28 01:00:00,1287459.4334543196
2026-03-28 01:15:00,1287459.4334543196
2026-03-28 01:30:00,1287459.4334543196
2026-03-28 01:45:00,1287459.4334543196
2026-03-28 02:00:00,1287459.4334543196
2026-03-28 02:15:00,1287459.4334543196
2026-03-28 02:30:00,1287459.4334543196
2026-03-28 02:45:00,1287459.4334543196
2026-03-28 03:00:00,1287459.4334543196
2026-03-28 03:15:00,1287459.4334543196
2026-03-28 03:30:00,1287459.4334543196
2026-03-28 03:45:00,1287459.4334543196
2026-03-28 04:00:00,1287459.4334543196
2026-03-28 04:15:00,1287459.4334543196
2026-03-28 04:30:00,1287459.4334543196
2026-03-28 04:45:00,1287459.4334543196
2026-03-28 05:00:00,1287459.4334543196
2026-03-28 05:15:00,1287459.4334543196
2026-03-28 05:30:00,1287459.4334543196
2026-03-28 05:45:00,1287459.4334543196
2026-03-28 06:00:00,1275542.4401526838
2026-03-28 06:15:00,1269673.171240657
2026-03-28 06:30:00,1263862.5950177503
2026-03-28 06:45:00,1263862.5950177503
2026-03-28 07:00:00,1263862.5950177503
2026-03-28 07:15:00,1258110.124557073
2026-03-28 07:30:00,1252415.1788010024
2026-03-28 07:45:00,1252415.1788010024
2026-03-28 08:00:00,1252415.1788010024
2026-03-28 08:15:00,1252415.1788010024
2026-03-28 08:30:00,1252415.1788010024
2026-03-28 08:45:00,1252415.1788010024
2026-03-28 09:00:00,1252415.1788010024
2026-03-28 09:15:00,1252415.1788010024
2026-03-28 09:30:00,1252415.1788010024
2026-03-28 09:45:00,1252415.1788010024
2026-03-28 10:00:00,1252415.1788010024
2026-03-28 10:15:00,1252415.1788010024
2026-03-28 10:30:00,1252415.1788010024
2026-03-28 10:45:00,1252415.1788010024
2026-03-28 11:00:00,1252415.1788010024
2026-03-28 11:15:00,1246777.1825024923
2026-03-28 11:30:00,1241195.5661669676
2026-03-28 11:45:00,1230199.22382435
2026-03-28 12:00:00,1224783.3870756065
2026-03-28 12:15:00,1219421.7086943504
2026-03-28 12:30:00,1214113.647096907
2026-03-28 12:45:00,1208858.666115438
2026-03-28 13:00:00,1208858.666115438
2026-03-28 13:15:00,1208858.666115438
2026-03-28 13:30:00,1208858.666115438
2026-03-28 13:45:00,1208858.666115438
2026-03-28 14:00:00,1208858.666115438
2026-03-28 14:15:00,1208858.666115438
2026-03-28 14:30:00,1208858.666115438
2026-03-28 14:45:00,1208858.666115438
2026-03-28 15:00:00,1208858.666115438
2026-03-28 15:15:00,1208858.666115438
2026-03-28 15:30:00,1208858.666115438
2026-03-28 15:45:00,1203656.2349437838
2026-03-28 16:00:00,1203656.2349437838
2026-03-28 16:15:00,1203656.2349437838
2026-03-28 16:30:00,1416514.0333392774
2026-03-28 16:45:00,1452908.9575587423
2026-03-28 17:00:00,1445266.023472655
2026-03-28 17:15:00,1437699.5187274283
2026-03-28 17:30:00,1437699.5187274283
2026-03-28 17:45:00,1422792.7477288577
2026-03-28 18:00:00,1415450.975741069
2026-03-28 18:15:00,1415450.975741069
2026-03-28 18:30:00,1415450.975741069
2026-03-28 18:45:00,1415450.975741069
2026-03-28 19:00:00,1408182.6214731585
2026-03-28 19:15:00,1408182.6214731585
2026-03-28 19:30:00,1393863.2367299479
2026-03-28 19:45:00,1386810.7598521484
2026-03-28 20:00:00,1386810.7598521484
2026-03-28 20:15:00,1393863.2367299479
2026-03-28 20:30:00,1386810.7598521484
2026-03-28 20:45:00,1386810.7598521484
2026-03-28 21:00:00,1386810.7598521484
2026-03-28 21:15:00,1386810.7598521484
2026-03-28 21:30:00,1379828.807743127
2026-03-28 21:45:00,1379828.807743127
2026-03-28 22:00:00,1372916.6751551959
2026-03-28 22:15:00,1366073.6638931436
2026-03-28 22:30:00,1366073.6638931436
2026-03-28 22:45:00,1366073.6638931436
2026-03-28 23:00:00,1366073.6638931436
2026-03-28 23:15:00,1366073.6638931436
2026-03-28 23:30:00,1359299.0827437125
2026-03-28 23:45:00,1359299.0827437125
2026-03-29 00:00:00,1345952.4804212179
2026-03-29 00:15:00,1366073.6638931436
2026-03-29 00:30:00,1366073.6638931436
2026-03-29 00:45:00,1386810.7598521484
2026-03-29 01:00:00,1386810.7598521484
2026-03-29 01:15:00,1379828.807743127
2026-03-29 01:30:00,1372916.6751551959
2026-03-29 01:45:00,1372916.6751551959
2026-03-29 02:00:00,1496863.7799706035
2026-03-29 02:15:00,1496863.7799706035
2026-03-29 02:30:00,1496863.7799706035
2026-03-29 02:45:00,1496863.7799706035
2026-03-29 03:00:00,1496863.7799706035
2026-03-29 03:15:00,1496863.7799706035
2026-03-29 03:30:00,1496863.7799706035
2026-03-29 03:45:00,1496863.7799706035
2026-03-29 04:00:00,1496863.7799706035
2026-03-29 04:15:00,1496863.7799706035
2026-03-29 04:30:00,1496863.7799706035
2026-03-29 04:45:00,1496863.7799706035
2026-03-29 05:00:00,1496863.7799706035
2026-03-29 05:15:00,1496863.7799706035
2026-03-29 05:30:00,1496863.7799706035
2026-03-29 05:45:00,1496863.7799706035
2026-03-29 06:00:00,1496863.7799706035
2026-03-29 06:15:00,1496863.7799706035
2026-03-29 06:30:00,1496863.7799706035
2026-03-29 06:45:00,1496863.7799706035
2026-03-29 07:00:00,1496863.7799706035
2026-03-29 07:15:00,1496863.7799706035
2026-03-29 07:30:00,1496863.7799706035
2026-03-29 07:45:00,1496863.7799706035
2026-03-29 08:00:00,1496863.7799706035
2026-03-29 08:15:00,1496863.7799706035
2026-03-29 08:30:00,1496863.7799706035
2026-03-29 08:45:00,1496863.7799706035
2026-03-29 09:00:00,1488781.2976603974
2026-03-29 09:15:00,1480779.6401732934
2026-03-29 09:30:00,1480779.6401732934
2026-03-29 09:45:00,1480779.6401732934
2026-03-29 10:00:00,1480779.6401732934
2026-03-29 10:15:00,1480779.6401732934
2026-03-29 10:30:00,1472857.9992610607
2026-03-29 10:45:00,1472857.9992610607
2026-03-29 11:00:00,1457251.5744998707
2026-03-29 11:15:00,1457251.5744998707
2026-03-29 11:30:00,1441955.7175914282
2026-03-29 11:45:00,1441955.7175914282
2026-03-29 12:00:00,1441955.7175914282
2026-03-29 12:15:00,1441955.7175914282
2026-03-29 12:30:00,1441955.7175914282
2026-03-29 12:45:00,1441955.7175914282
2026-03-29 13:00:00,1441955.7175914282
2026-03-29 13:15:00,1441955.7175914282
2026-03-29 13:30:00,1441955.7175914282
2026-03-29 13:45:00,1434422.315905014
2026-03-29 14:00:00,1457251.5744998707
2026-03-29 14:15:00,1449565.214244372
2026-03-29 14:30:00,1441955.7175914282
2026-03-29 14:45:00,1441955.7175914282
2026-03-29 15:00:00,1441955.7175914282
2026-03-29 15:15:00,1441955.7175914282
2026-03-29 15:30:00,1441955.7175914282
2026-03-29 15:45:00,1441955.7175914282
2026-03-29 16:00:00,1441955.7175914282
2026-03-29 16:15:00,1441955.7175914282
2026-03-29 16:30:00,1441955.7175914282
2026-03-29 16:45:00,1441955.7175914282
2026-03-29 17:00:00,1426964.248235464
2026-03-29 17:15:00,1419580.7612426095
2026-03-29 17:30:00,1419580.7612426095
2026-03-29 17:45:00,1419580.7612426095
2026-03-29 18:00:00,1405034.5535179866
2026-03-29 18:15:00,1405034.5535179866
2026-03-29 18:30:00,1405034.5535179866
2026-03-29 18:45:00,1397870.3634723066
2026-03-29 19:00:00,1397870.3634723066
2026-03-29 19:15:00,1383756.192663313
2026-03-29 19:30:00,1376804.78622618
2026-03-29 19:45:00,1376804.78622618
2026-03-29 20:00:00,1376804.78622618
2026-03-29 20:15:00,1376804.78622618
2026-03-29 20:30:00,1376804.78622618
2026-03-29 20:45:00,1376804.78622618
2026-03-29 21:00:00,1376804.78622618
2026-03-29 21:15:00,1376804.78622618
2026-03-29 21:30:00,1376804.78622618
2026-03-29 21:45:00,1376804.78622618
2026-03-29 22:00:00,1376804.78622618
2026-03-29 22:15:00,1376804.78622618
2026-03-29 22:30:00,1376804.78622618
2026-03-29 22:45:00,1376804.78622618
2026-03-29 23:00:00,1376804.78622618
2026-03-29 23:15:00,1376804.78622618
2026-03-29 23:30:00,1376804.78622618
2026-03-29 23:45:00,1369922.893853418
2026-03-30 00:00:00,1363109.8204043838
2026-03-30 00:15:00,1356364.8776898403
2026-03-30 00:30:00,1356364.8776898403
2026-03-30 00:45:00,1356364.8776898403
2026-03-30 01:00:00,1349687.3844024418
2026-03-30 01:15:00,1349687.3844024418
2026-03-30 01:30:00,1349687.3844024418
2026-03-30 01:45:00,1382740.976175062
2026-03-30 02:00:00,1375799.7219028114
2026-03-30 02:15:00,1368927.8801732832
2026-03-30 02:30:00,1368927.8801732832
2026-03-30 02:45:00,1368927.8801732832
2026-03-30 03:00:00,1368927.8801732832
2026-03-30 03:15:00,1342120.8598768846
2026-03-30 03:30:00,1335585.8067676157
2026-03-30 03:45:00,1335585.8067676157
2026-03-30 04:00:00,1335585.8067676157
2026-03-30 04:15:00,1322711.0986370454
2026-03-30 04:30:00,1322711.0986370454
2026-03-30 04:45:00,1322711.0986370454
2026-03-30 05:00:00,1329116.1041894397
2026-03-30 05:15:00,1329116.1041894397
2026-03-30 05:30:00,1329116.1041894397
2026-03-30 05:45:00,1329116.1041894397
2026-03-30 06:00:00,1329116.1041894397
2026-03-30 06:15:00,1329116.1041894397
2026-03-30 06:30:00,1329116.1041894397
2026-03-30 06:45:00,1329116.1041894397
2026-03-30 07:00:00,1329116.1041894397
2026-03-30 07:15:00,1329116.1041894397
2026-03-30 07:30:00,1329116.1041894397
2026-03-30 07:45:00,1329116.1041894397
2026-03-30 08:00:00,1329116.1041894397
2026-03-30 08:15:00,1329116.1041894397
2026-03-30 08:30:00,1329116.1041894397
2026-03-30 08:45:00,1329116.1041894397
2026-03-30 09:00:00,1329116.1041894397
2026-03-30 09:15:00,1329116.1041894397
2026-03-30 09:30:00,1329116.1041894397
2026-03-30 09:45:00,1329116.1041894397
2026-03-30 10:00:00,1329116.1041894397
2026-03-30 10:15:00,1329116.1041894397
2026-03-30 10:30:00,1329116.1041894397
2026-03-30 10:45:00,1329116.1041894397
2026-03-30 11:00:00,1329116.1041894397
2026-03-30 11:15:00,1329116.1041894397
2026-03-30 11:30:00,1329116.1041894397
2026-03-30 11:45:00,1329116.1041894397
2026-03-30 12:00:00,1329116.1041894397
2026-03-30 12:15:00,1329116.1041894397
2026-03-30 12:30:00,1329116.1041894397
2026-03-30 12:45:00,1329116.1041894397
2026-03-30 13:00:00,1329116.1041894397
2026-03-30 13:15:00,1329116.1041894397
2026-03-30 13:30:00,1329116.1041894397
2026-03-30 13:45:00,1329116.1041894397
2026-03-30 14:00:00,1316370.143140175
2026-03-30 14:15:00,1310092.597198273
2026-03-30 14:30:00,1303877.8267157904
2026-03-30 14:45:00,1303877.8267157904
2026-03-30 15:00:00,1303877.8267157904
2026-03-30 15:15:00,1303877.8267157904
2026-03-30 15:30:00,1303877.8267157904
2026-03-30 15:45:00,1303877.8267157904
2026-03-30 16:00:00,1303877.8267157904
2026-03-30 16:15:00,1303877.8267157904
2026-03-30 16:30:00,1303877.8267157904
2026-03-30 16:45:00,1303877.8267157904
2026-03-30 17:00:00,1303877.8267157904
2026-03-30 17:15:00,1303877.8267157904
2026-03-30 17:30:00,1303877.8267157904
2026-03-30 17:45:00,1297725.2039381326
2026-03-30 18:00:00,1291634.1073882515
2026-03-30 18:15:00,1291634.1073882515
2026-03-30 18:30:00,1285603.9218038688
2026-03-30 18:45:00,1279634.0380753302
2026-03-30 19:00:00,1279634.0380753302
2026-03-30 19:15:00,1279634.0380753302
2026-03-30 19:30:00,1279634.0380753302
2026-03-30 19:45:00,1279634.0380753302
2026-03-30 20:00:00,1279634.0380753302
2026-03-30 20:15:00,1353443.5096281734
2026-03-30 20:30:00,1353443.5096281734
2026-03-30 20:45:00,1353443.5096281734
2026-03-30 21:00:00,1353443.5096281734
2026-03-30 21:15:00,1386684.9076620815
2026-03-30 21:30:00,1386684.9076620815
2026-03-30 21:45:00,1386684.9076620815
2026-03-30 22:00:00,1496718.0903290706
2026-03-30 22:15:00,1458237.0169300684
2026-03-30 22:30:00,1458237.0169300684
2026-03-30 22:45:00,1450540.8022502675
2026-03-30 23:00:00,1442921.5497172652
2026-03-30 23:15:00,1442921.5497172652
2026-03-30 23:30:00,1442921.5497172652
2026-03-30 23:45:00,1442921.5497172652
2026-03-31 00:00:00,1427910.8603019966
2026-03-31 00:15:00,1413198.883606092
2026-03-31 00:30:00,1405953.0502595312
2026-03-31 00:45:00,1405953.0502595312
2026-03-31 01:00:00,1398779.675246436
2026-03-31 01:15:00,1398779.675246436
2026-03-31 01:30:00,1398779.675246436
2026-03-31 01:45:00,1398779.675246436
2026-03-31 02:00:00,1398779.675246436
2026-03-31 02:15:00,1398779.675246436
2026-03-31 02:30:00,1391678.0339834718
2026-03-31 02:45:00,1391678.0339834718
2026-03-31 03:00:00,1384647.409133137
2026-03-31 03:15:00,1384647.409133137
2026-03-31 03:30:00,1370796.3751154926
2026-03-31 03:45:00,1427910.8603019966
2026-03-31 04:00:00,1427910.8603019966
2026-03-31 04:15:00,1450540.8022502675
2026-03-31 04:30:00,1450540.8022502675
2026-03-31 04:45:00,1450540.8022502675
2026-03-31 05:00:00,1450540.8022502675
2026-03-31 05:15:00,1450540.8022502675
2026-03-31 05:30:00,1450540.8022502675
2026-03-31 05:45:00,1450540.8022502675
2026-03-31 06:00:00,1450540.8022502675
2026-03-31 06:15:00,1450540.8022502675
2026-03-31 06:30:00,1435378.4897095924
2026-03-31 06:45:00,1427910.8603019966
2026-03-31 07:00:00,1420517.9071884768
2026-03-31 07:15:00,1413198.883606092
2026-03-31 07:30:00,1413198.883606092
2026-03-31 07:45:00,1413198.883606092
2026-03-31 08:00:00,1391678.0339834718
2026-03-31 08:15:00,1384647.409133137
2026-03-31 08:30:00,1384647.409133137
2026-03-31 08:45:00,1384647.409133137
2026-03-31 09:00:00,1384647.409133137
2026-03-31 09:15:00,1377687.0905313054
2026-03-31 09:30:00,1377687.0905313054
2026-03-31 09:45:00,1377687.0905313054
2026-03-31 10:00:00,1377687.0905313054
2026-03-31 10:15:00,1377687.0905313054
2026-03-31 10:30:00,1377687.0905313054
2026-03-31 10:45:00,1377687.0905313054
2026-03-31 11:00:00,1377687.0905313054
2026-03-31 11:15:00,1377687.0905313054
2026-03-31 11:30:00,1377687.0905313054
2026-03-31 11:45:00,1377687.0905313054
2026-03-31 12:00:00,1377687.0905313054
2026-03-31 12:15:00,1377687.0905313054
2026-03-31 12:30:00,1377687.0905313054
2026-03-31 12:45:00,1377687.0905313054
2026-03-31 13:00:00,1377687.0905313054
2026-03-31 13:15:00,1377687.0905313054
2026-03-31 13:30:00,1377687.0905313054
2026-03-31 13:45:00,1377687.0905313054
2026-03-31 14:00:00,1357220.9766747993
2026-03-31 14:15:00,1350534.9223975516
2026-03-31 14:30:00,1343915.7286630762
2026-03-31 14:45:00,1343915.7286630762
2026-03-31 15:00:00,1343915.7286630762
2026-03-31 15:15:00,1343915.7286630762
2026-03-31 15:30:00,1324452.6580254184
2026-03-31 15:45:00,1324452.6580254184
2026-03-31 16:00:00,1318094.286934664
2026-03-31 16:15:00,1318094.286934664
2026-03-31 16:30:00,1318094.286934664
2026-03-31 16:45:00,1318094.286934664
2026-03-31 17:00:00,1349568.2238338976
2026-03-31 17:15:00,1417315.8730094957
2026-03-31 17:30:00,1402814.7365607116
2026-03-31 17:45:00,1402814.7365607116
2026-03-31 18:00:00,1395672.7446846047
2026-03-31 18:15:00,1395672.7446846047
2026-03-31 18:30:00,1395672.7446846047
2026-03-31 18:45:00,1395672.7446846047
2026-03-31 19:00:00,1395672.7446846047
2026-03-31 19:15:00,1388602.1727272589
2026-03-31 19:30:00,1423601.503916122
2026-03-31 19:45:00,1423601.503916122
2026-03-31 20:00:00,1423601.503916122
2026-03-31 20:15:00,1423601.503916122
2026-03-31 20:30:00,1423601.503916122
2026-03-31 20:45:00,1423601.503916122
2026-03-31 21:00:00,1423601.503916122
2026-03-31 21:15:00,1423601.503916122
2026-03-31 21:30:00,1423601.503916122
2026-03-31 21:45:00,1423601.503916122
2026-03-31 22:00:00,1423601.503916122
2026-03-31 22:15:00,1423601.503916122
2026-03-31 22:30:00,1423601.503916122
2026-03-31 22:45:00,1423601.503916122
2026-03-31 23:00:00,1423601.503916122
2026-03-31 23:15:00,1423601.503916122
2026-03-31 23:30:00,1423601.503916122
2026-03-31 23:45:00,1423601.503916122
2026-04-01 00:00:00,1423601.503916122
2026-04-01 00:15:00,1423601.503916122
2026-04-01 00:30:00,1423601.503916122
2026-04-01 00:45:00,1423601.503916122
2026-04-01 01:00:00,1423601.503916122
2026-04-01 01:15:00,1423601.503916122
2026-04-01 01:30:00,1423601.503916122
2026-04-01 01:45:00,1423601.503916122
2026-04-01 02:00:00,1423601.503916122
2026-04-01 02:15:00,1423601.503916122
2026-04-01 02:30:00,1423601.503916122
2026-04-01 02:45:00,1423601.503916122
2026-04-01 03:00:00,1423601.503916122
2026-04-01 03:15:00,1423601.503916122
2026-04-01 03:30:00,1416251.6443664609
2026-04-01 03:45:00,1416251.6443664609
2026-04-01 04:00:00,1416251.6443664609
2026-04-01 04:15:00,1408975.2834122963
2026-04-01 04:30:00,1394640.1246964969
2026-04-01 04:45:00,1387579.878939032
2026-04-01 05:00:00,1387579.878939032
2026-04-01 05:15:00,1387579.878939032
2026-04-01 05:30:00,1387579.878939032
2026-04-01 05:45:00,1387579.878939032
2026-04-01 06:00:00,1387579.878939032
2026-04-01 06:15:00,1387579.878939032
2026-04-01 06:30:00,1387579.878939032
2026-04-01 06:45:00,1387579.878939032
2026-04-01 07:00:00,1387579.878939032
2026-04-01 07:15:00,1387579.878939032
2026-04-01 07:30:00,1387579.878939032
2026-04-01 07:45:00,1387579.878939032
2026-04-01 08:00:00,1387579.878939032
2026-04-01 08:15:00,1387579.878939032
2026-04-01 08:30:00,1387579.878939032
2026-04-01 08:45:00,1380590.2356391416
2026-04-01 09:00:00,1380590.2356391416
2026-04-01 09:15:00,1459223.7227629072
2026-04-01 09:30:00,1580690.8361601613
2026-04-01 09:45:00,1580690.8361601634
2026-04-01 10:00:00,1580690.8361601634
2026-04-01 10:15:00,1562938.537944681
2026-04-01 10:30:00,1554195.3080547343
2026-04-01 10:45:00,1545539.510463687
2026-04-01 11:00:00,1536970.2708485501
2026-04-01 11:15:00,1562938.537944681
2026-04-01 11:30:00,1562938.537944681
2026-04-01 11:45:00,1554195.3080547343
2026-04-01 12:00:00,1545539.510463687
2026-04-01 12:15:00,1545539.510463687
2026-04-01 12:30:00,1545539.510463687
2026-04-01 12:45:00,1545539.510463687
2026-04-01 13:00:00,1545539.510463687
2026-04-01 13:15:00,1545539.510463687
2026-04-01 13:30:00,1545539.510463687
2026-04-01 13:45:00,1545539.510463687
2026-04-01 14:00:00,1545539.510463687
2026-04-01 14:15:00,1545539.510463687
2026-04-01 14:30:00,1545539.510463687
2026-04-01 14:45:00,1545539.510463687
2026-04-01 15:00:00,1545539.510463687
2026-04-01 15:15:00,1536970.2708485501
2026-04-01 15:30:00,1528486.7236295645
2026-04-01 15:45:00,1528486.7236295645
2026-04-01 16:00:00,1528486.7236295645
2026-04-01 16:15:00,1528486.7236295645
2026-04-01 16:30:00,1520088.011882769
2026-04-01 16:45:00,1520088.011882769
2026-04-01 17:00:00,1511773.2872534413
2026-04-01 17:15:00,1503541.709870407
2026-04-01 17:30:00,1495392.4482612032
2026-04-01 17:45:00,1495392.4482612032
2026-04-01 18:00:00,1487324.679268091
2026-04-01 18:15:00,1495392.4482612032
2026-04-01 18:30:00,1487324.679268091
2026-04-01 18:45:00,1487324.679268091
2026-04-01 19:00:00,1487324.679268091
2026-04-01 19:15:00,1487324.679268091
2026-04-01 19:30:00,1487324.679268091
2026-04-01 19:45:00,1487324.679268091
2026-04-01 20:00:00,1479337.5879649103
2026-04-01 20:15:00,1479337.5879649103
2026-04-01 20:30:00,1479337.5879649103
2026-04-01 20:45:00,1479337.5879649103
2026-04-01 21:00:00,1479337.5879649103
2026-04-01 21:15:00,1479337.5879649103
2026-04-01 21:30:00,1471430.3675747612
2026-04-01 21:45:00,1471430.3675747612
2026-04-01 22:00:00,1471430.3675747612
2026-04-01 22:15:00,1455852.3526841288
2026-04-01 22:30:00,1448179.9846467874
2026-04-01 22:45:00,1448179.9846467874
2026-04-01 23:00:00,1448179.9846467874
2026-04-01 23:15:00,1448179.9846467874
2026-04-01 23:30:00,1448179.9846467874
2026-04-01 23:45:00,1433064.6523764217
2026-04-02 00:00:00,1425620.1613421573
2026-04-02 00:15:00,1448179.9846467874
2026-04-02 00:30:00,1440584.3402898195
2026-04-02 00:45:00,1440584.3402898195
2026-04-02 01:00:00,1440584.3402898195
2026-04-02 01:15:00,1440584.3402898195
2026-04-02 01:30:00,1440584.3402898195
2026-04-02 01:45:00,1440584.3402898195
2026-04-02 02:00:00,1440584.3402898195
2026-04-02 02:15:00,1440584.3402898195
2026-04-02 02:30:00,1440584.3402898195
2026-04-02 02:45:00,1440584.3402898195
2026-04-02 03:00:00,1425620.1613421573
2026-04-02 03:15:00,1425620.1613421573
2026-04-02 03:30:00,1410953.7695555536
2026-04-02 03:45:00,1425620.1613421573
2026-04-02 04:00:00,1425620.1613421573
2026-04-02 04:15:00,1425620.1613421573
2026-04-02 04:30:00,1425620.1613421573
2026-04-02 04:45:00,1425620.1613421573
2026-04-02 05:00:00,1418250.1152182359
2026-04-02 05:15:00,1418250.1152182359
2026-04-02 05:30:00,1462470.391961764
2026-04-02 05:45:00,1462470.391961764
2026-04-02 06:00:00,1454731.8435316465
2026-04-02 06:15:00,1454731.8435316465
2026-04-02 06:30:00,1454731.8435316465
2026-04-02 06:45:00,1454731.8435316465
2026-04-02 07:00:00,1454731.8435316465
2026-04-02 07:15:00,1501163.134112352
2026-04-02 07:30:00,1501163.134112352
2026-04-02 07:45:00,1501163.134112352
2026-04-02 08:00:00,1501163.134112352
2026-04-02 08:15:00,1501163.134112352
2026-04-02 08:30:00,1477029.6582854455
2026-04-02 08:45:00,1469145.517192091
2026-04-02 09:00:00,1469145.517192091
2026-04-02 09:15:00,1469145.517192091
2026-04-02 09:30:00,1469145.517192091
2026-04-02 09:45:00,1469145.517192091
2026-04-02 10:00:00,1453612.9708240735
2026-04-02 10:15:00,1453612.9708240735
2026-04-02 10:30:00,1461340.2175096702
2026-04-02 10:45:00,1453612.9708240735
2026-04-02 11:00:00,1453612.9708240735
2026-04-02 11:15:00,1453612.9708240735
2026-04-02 11:30:00,1453612.9708240735
2026-04-02 11:45:00,1453612.9708240735
2026-04-02 12:00:00,1453612.9708240735
2026-04-02 12:15:00,1453612.9708240735
2026-04-02 12:30:00,1453612.9708240735
2026-04-02 12:45:00,1453612.9708240735
2026-04-02 13:00:00,1453612.9708240735
2026-04-02 13:15:00,1453612.9708240735
2026-04-02 13:30:00,1445962.996605333
2026-04-02 13:45:00,1438389.5221287797
2026-04-02 14:00:00,1438389.5221287797
2026-04-02 14:15:00,1438389.5221287797
2026-04-02 14:30:00,1430891.782396992
2026-04-02 14:45:00,1430891.782396992
2026-04-02 15:00:00,1430891.782396992
2026-04-02 15:15:00,1618474.6964718145
2026-04-02 15:30:00,1618474.6964718145
2026-04-02 15:45:00,1618474.6964718145
2026-04-02 16:00:00,1618474.6964718145
2026-04-02 16:15:00,1609176.1049966025
2026-04-02 16:30:00,1666395.6504553766
2026-04-02 16:45:00,1656617.8494403227
2026-04-02 17:00:00,1646937.8264354197
2026-04-02 17:15:00,1637354.6036605658
2026-04-02 17:30:00,1610522.5017979243
2026-04-02 17:45:00,1601303.4322694454
2026-04-02 18:00:00,1601303.4322694454
2026-04-02 18:15:00,1601303.4322694454
2026-04-02 18:30:00,1601303.4322694454
2026-04-02 18:45:00,1601303.4322694454
2026-04-02 19:00:00,1601303.4322694454
2026-04-02 19:15:00,1601303.4322694454
2026-04-02 19:30:00,1601303.4322694454
2026-04-02 19:45:00,1601303.4322694454
2026-04-02 20:00:00,1601303.4322694454
2026-04-02 20:15:00,1601303.4322694454
2026-04-02 20:30:00,1601303.4322694454
2026-04-02 20:45:00,1601303.4322694454
2026-04-02 21:00:00,1601303.4322694454
2026-04-02 21:15:00,1601303.4322694454
2026-04-02 21:30:00,1601303.4322694454
2026-04-02 21:45:00,1601303.4322694454
2026-04-02 22:00:00,1601303.4322694454
2026-04-02 22:15:00,1601303.4322694454
2026-04-02 22:30:00,1601303.4322694454
2026-04-02 22:45:00,1601303.4322694454
2026-04-02 23:00:00,1601303.4322694454
2026-04-02 23:15:00,1601303.4322694454
2026-04-02 23:30:00,1601303.4322694454
2026-04-02 23:45:00,1601303.4322694454
2026-04-03 00:00:00,1601303.4322694454
2026-04-03 00:15:00,1601303.4322694454
2026-04-03 00:30:00,1601303.4322694454
2026-04-03 00:45:00,1601303.4322694454
2026-04-03 01:00:00,1601303.4322694454
2026-04-03 01:15:00,1601303.4322694454
2026-04-03 01:30:00,1601303.4322694454
2026-04-03 01:45:00,1601303.4322694454
2026-04-03 02:00:00,1601303.4322694454
2026-04-03 02:15:00,1601303.4322694454
2026-04-03 02:30:00,1601303.4322694454
2026-04-03 02:45:00,1601303.4322694454
2026-04-03 03:00:00,1601303.4322694454
2026-04-03 03:15:00,1601303.4322694454
2026-04-03 03:30:00,1601303.4322694454
2026-04-03 03:45:00,1601303.4322694454
2026-04-03 04:00:00,1601303.4322694454
2026-04-03 04:15:00,1601303.4322694454
2026-04-03 04:30:00,1601303.4322694454
2026-04-03 04:45:00,1601303.4322694454
2026-04-03 05:00:00,1601303.4322694454
2026-04-03 05:15:00,1601303.4322694454
2026-04-03 05:30:00,1601303.4322694454
2026-04-03 05:45:00,1601303.4322694454
2026-04-03 06:00:00,1601303.4322694454
2026-04-03 06:15:00,1601303.4322694454
2026-04-03 06:30:00,1601303.4322694454
2026-04-03 06:45:00,1601303.4322694454
2026-04-03 07:00:00,1601303.4322694454
2026-04-03 07:15:00,1601303.4322694454
2026-04-03 07:30:00,1601303.4322694454
2026-04-03 07:45:00,1601303.4322694454
2026-04-03 08:00:00,1601303.4322694454
2026-04-03 08:15:00,1601303.4322694454
2026-04-03 08:30:00,1601303.4322694454
2026-04-03 08:45:00,1601303.4322694454
2026-04-03 09:00:00,1601303.4322694454
2026-04-03 09:15:00,1601303.4322694454
2026-04-03 09:30:00,1601303.4322694454
2026-04-03 09:45:00,1601303.4322694454
2026-04-03 10:00:00,1601303.4322694454
2026-04-03 10:15:00,1601303.4322694454
2026-04-03 10:30:00,1601303.4322694454
2026-04-03 10:45:00,1601303.4322694454
2026-04-03 11:00:00,1601303.4322694454
2026-04-03 11:15:00,1601303.4322694454
2026-04-03 11:30:00,1601303.4322694454
2026-04-03 11:45:00,1601303.4322694454
2026-04-03 12:00:00,1601303.4322694454
2026-04-03 12:15:00,1601303.4322694454
2026-04-03 12:30:00,1601303.4322694454
2026-04-03 12:45:00,1601303.4322694454
2026-04-03 13:00:00,1601303.4322694454
2026-04-03 13:15:00,1601303.4322694454
2026-04-03 13:30:00,1601303.4322694454
2026-04-03 13:45:00,1601303.4322694454
2026-04-03 14:00:00,1601303.4322694454
2026-04-03 14:15:00,1601303.4322694454
2026-04-03 14:30:00,1601303.4322694454
2026-04-03 14:45:00,1601303.4322694454
2026-04-03 15:00:00,1601303.4322694454
2026-04-03 15:15:00,1601303.4322694454
2026-04-03 15:30:00,1601303.4322694454
2026-04-03 15:45:00,1601303.4322694454
2026-04-03 16:00:00,1601303.4322694454
2026-04-03 16:15:00,1601303.4322694454
2026-04-03 16:30:00,1601303.4322694454
2026-04-03 16:45:00,1601303.4322694454
2026-04-03 17:00:00,1601303.4322694454
2026-04-03 17:15:00,1601303.4322694454
2026-04-03 17:30:00,1601303.4322694454
2026-04-03 17:45:00,1601303.4322694454
2026-04-03 18:00:00,1601303.4322694454
2026-04-03 18:15:00,1601303.4322694454
2026-04-03 18:30:00,1601303.4322694454
2026-04-03 18:45:00,1601303.4322694454
2026-04-03 19:00:00,1601303.4322694454
2026-04-03 19:15:00,1601303.4322694454
2026-04-03 19:30:00,1601303.4322694454
2026-04-03 19:45:00,1601303.4322694454
2026-04-03 20:00:00,1601303.4322694454
2026-04-03 20:15:00,1601303.4322694454
2026-04-03 20:30:00,1601303.4322694454
2026-04-03 20:45:00,1601303.4322694454
2026-04-03 21:00:00,1601303.4322694454
2026-04-03 21:15:00,1601303.4322694454
2026-04-03 21:30:00,1601303.4322694454
2026-04-03 21:45:00,1601303.4322694454
2026-04-03 22:00:00,1601303.4322694454
2026-04-03 22:15:00,1601303.4322694454
2026-04-03 22:30:00,1601303.4322694454
2026-04-03 22:45:00,1601303.4322694454
2026-04-03 23:00:00,1601303.4322694454
2026-04-03 23:15:00,1601303.4322694454
2026-04-03 23:30:00,1601303.4322694454
2026-04-03 23:45:00,1601303.4322694454
2026-04-04 01:00:00,1601303.4322694454
2026-04-04 01:15:00,1601303.4322694454
2026-04-04 01:30:00,1601303.4322694454
2026-04-04 01:45:00,1601303.4322694454
2026-04-04 02:00:00,1601303.4322694454
2026-04-04 02:15:00,1601303.4322694454
2026-04-04 02:30:00,1601303.4322694454
2026-04-04 02:45:00,1601303.4322694454
2026-04-04 03:00:00,1601303.4322694454
2026-04-04 03:15:00,1601303.4322694454
2026-04-04 03:30:00,1601303.4322694454
2026-04-04 03:45:00,1601303.4322694454
2026-04-04 04:00:00,1601303.4322694454
2026-04-04 04:15:00,1601303.4322694454
2026-04-04 04:30:00,1601303.4322694454
2026-04-04 04:45:00,1601303.4322694454
2026-04-04 05:00:00,1601303.4322694454
2026-04-04 05:15:00,1601303.4322694454
2026-04-04 05:30:00,1601303.4322694454
2026-04-04 05:45:00,1601303.4322694454
2026-04-04 06:00:00,1601303.4322694454
2026-04-04 06:15:00,1601303.4322694454
2026-04-04 06:30:00,1601303.4322694454
2026-04-04 06:45:00,1601303.4322694454
2026-04-04 07:00:00,1601303.4322694454
2026-04-04 07:15:00,1601303.4322694454
2026-04-04 07:30:00,1601303.4322694454
2026-04-04 07:45:00,1601303.4322694454
2026-04-04 08:00:00,1601303.4322694454
2026-04-04 08:15:00,1601303.4322694454
2026-04-04 08:30:00,1601303.4322694454
2026-04-04 08:45:00,1601303.4322694454
2026-04-04 09:00:00,1601303.4322694454
2026-04-04 09:15:00,1601303.4322694454
2026-04-04 09:30:00,1601303.4322694454
2026-04-04 09:45:00,1601303.4322694454
2026-04-04 10:00:00,1601303.4322694454
2026-04-04 10:15:00,1601303.4322694454
2026-04-04 10:30:00,1601303.4322694454
2026-04-04 10:45:00,1601303.4322694454
2026-04-04 11:00:00,1601303.4322694454
2026-04-04 11:15:00,1601303.4322694454
2026-04-04 11:30:00,1601303.4322694454
2026-04-04 11:45:00,1601303.4322694454
2026-04-04 12:00:00,1601303.4322694454
2026-04-04 12:15:00,1601303.4322694454
2026-04-04 12:30:00,1601303.4322694454
2026-04-04 12:45:00,1601303.4322694454
2026-04-04 13:00:00,1601303.4322694454
2026-04-04 13:15:00,1601303.4322694454
2026-04-04 13:30:00,1601303.4322694454
2026-04-04 13:45:00,1601303.4322694454
2026-04-04 14:00:00,1601303.4322694454
2026-04-04 14:15:00,1601303.4322694454
2026-04-04 14:30:00,1601303.4322694454
2026-04-04 14:45:00,1601303.4322694454
2026-04-04 15:00:00,1601303.4322694454
2026-04-04 15:15:00,1601303.4322694454
2026-04-04 15:30:00,1601303.4322694454
2026-04-04 15:45:00,1601303.4322694454
2026-04-04 16:00:00,1601303.4322694454
2026-04-04 16:15:00,1601303.4322694454
2026-04-04 16:30:00,1601303.4322694454
2026-04-04 16:45:00,1601303.4322694454
2026-04-04 17:00:00,1601303.4322694454
2026-04-04 17:15:00,1601303.4322694454
2026-04-04 17:30:00,1601303.4322694454
2026-04-04 17:45:00,1601303.4322694454
2026-04-04 18:00:00,1601303.4322694454
2026-04-04 18:15:00,1601303.4322694454
2026-04-04 18:30:00,1601303.4322694454
2026-04-04 18:45:00,1601303.4322694454
2026-04-04 19:00:00,1601303.4322694454
2026-04-04 19:15:00,1601303.4322694454
2026-04-04 19:30:00,1601303.4322694454
2026-04-04 19:45:00,1601303.4322694454
2026-04-04 20:00:00,1601303.4322694454
2026-04-04 20:15:00,1601303.4322694454
2026-04-04 20:30:00,1601303.4322694454
2026-04-04 20:45:00,1601303.4322694454
2026-04-04 21:00:00,1601303.4322694454
2026-04-04 21:15:00,1601303.4322694454
2026-04-04 21:30:00,1601303.4322694454
2026-04-04 21:45:00,1601303.4322694454
2026-04-04 22:00:00,1601303.4322694454
2026-04-04 22:15:00,1601303.4322694454
2026-04-04 22:30:00,1601303.4322694454
2026-04-04 22:45:00,1601303.4322694454
2026-04-04 23:00:00,1601303.4322694454
2026-04-04 23:15:00,1601303.4322694454
2026-04-04 23:30:00,1601303.4322694454
2026-04-04 23:45:00,1601303.4322694454
2026-04-05 00:00:00,1601303.4322694454
2026-04-05 00:15:00,1601303.4322694454
2026-04-05 00:30:00,1601303.4322694454
2026-04-05 00:45:00,1601303.4322694454
2026-04-05 01:00:00,1601303.4322694454
2026-04-05 01:15:00,1601303.4322694454
2026-04-05 01:30:00,1601303.4322694454
2026-04-05 01:45:00,1601303.4322694454
2026-04-05 02:00:00,1601303.4322694454
2026-04-05 02:15:00,1601303.4322694454
2026-04-05 02:30:00,1601303.4322694454
2026-04-05 02:45:00,1601303.4322694454
2026-04-05 03:00:00,1601303.4322694454
2026-04-05 03:15:00,1601303.4322694454
2026-04-05 03:30:00,1601303.4322694454
2026-04-05 03:45:00,1601303.4322694454
2026-04-05 04:00:00,1601303.4322694454
2026-04-05 04:15:00,1601303.4322694454
2026-04-05 04:30:00,1601303.4322694454
2026-04-05 04:45:00,1601303.4322694454
2026-04-05 05:00:00,1601303.4322694454
2026-04-05 05:15:00,1601303.4322694454
2026-04-05 05:30:00,1601303.4322694454
2026-04-05 05:45:00,1601303.4322694454
2026-04-05 06:00:00,1601303.4322694454
2026-04-05 06:15:00,1601303.4322694454
2026-04-05 06:30:00,1601303.4322694454
2026-04-05 06:45:00,1601303.4322694454
2026-04-05 07:00:00,1601303.4322694454
2026-04-05 07:15:00,1601303.4322694454
2026-04-05 07:30:00,1601303.4322694454
2026-04-05 07:45:00,1601303.4322694454
2026-04-05 08:00:00,1601303.4322694454
2026-04-05 08:15:00,1601303.4322694454
2026-04-05 08:30:00,1601303.4322694454
2026-04-05 08:45:00,1601303.4322694454
2026-04-05 09:00:00,1601303.4322694454
2026-04-05 09:15:00,1601303.4322694454
2026-04-05 09:30:00,1601303.4322694454
2026-04-05 09:45:00,1601303.4322694454
2026-04-05 10:00:00,1601303.4322694454
2026-04-05 10:15:00,1601303.4322694454
2026-04-05 10:30:00,1601303.4322694454
2026-04-05 10:45:00,1601303.4322694454
2026-04-05 11:00:00,1601303.4322694454
2026-04-05 11:15:00,1601303.4322694454
2026-04-05 11:30:00,1601303.4322694454
2026-04-05 11:45:00,1601303.4322694454
2026-04-05 12:00:00,1601303.4322694454
2026-04-05 12:15:00,1601303.4322694454
2026-04-05 12:30:00,1601303.4322694454
2026-04-05 12:45:00,1601303.4322694454
2026-04-05 13:00:00,1601303.4322694454
2026-04-05 13:15:00,1601303.4322694454
2026-04-05 13:30:00,1601303.4322694454
2026-04-05 13:45:00,1601303.4322694454
2026-04-05 14:00:00,1601303.4322694454
2026-04-05 14:15:00,1601303.4322694454
2026-04-05 14:30:00,1601303.4322694454
2026-04-05 14:45:00,1601303.4322694454
2026-04-05 15:00:00,1601303.4322694454
2026-04-05 15:15:00,1601303.4322694454
2026-04-05 15:30:00,1601303.4322694454
2026-04-05 15:45:00,1601303.4322694454
2026-04-05 16:00:00,1601303.4322694454
2026-04-05 16:15:00,1601303.4322694454
2026-04-05 16:30:00,1601303.4322694454
2026-04-05 16:45:00,1601303.4322694454
2026-04-05 17:00:00,1601303.4322694454
2026-04-05 17:15:00,1601303.4322694454
2026-04-05 17:30:00,1601303.4322694454
2026-04-05 17:45:00,1601303.4322694454
2026-04-05 18:00:00,1601303.4322694454
2026-04-05 18:15:00,1601303.4322694454
2026-04-05 18:30:00,1601303.4322694454
2026-04-05 18:45:00,1601303.4322694454
2026-04-05 19:00:00,1601303.4322694454
2026-04-05 19:15:00,1601303.4322694454
2026-04-05 19:30:00,1601303.4322694454
2026-04-05 19:45:00,1601303.4322694454
2026-04-05 20:00:00,1601303.4322694454
2026-04-05 20:15:00,1601303.4322694454
2026-04-05 20:30:00,1601303.4322694454
2026-04-05 20:45:00,1601303.4322694454
2026-04-05 21:00:00,1601303.4322694454
2026-04-05 21:15:00,1601303.4322694454
2026-04-05 21:30:00,1601303.4322694454
2026-04-05 21:45:00,1601303.4322694454
2026-04-05 22:00:00,1601303.4322694454
2026-04-05 22:15:00,1601303.4322694454
2026-04-05 22:30:00,1601303.4322694454
2026-04-05 22:45:00,1601303.4322694454
2026-04-05 23:00:00,1601303.4322694454
2026-04-05 23:15:00,1601303.4322694454
2026-04-05 23:30:00,1601303.4322694454
2026-04-05 23:45:00,1601303.4322694454
2026-04-06 00:00:00,1601303.4322694454
2026-04-06 00:15:00,1601303.4322694454
2026-04-06 00:30:00,1601303.4322694454
2026-04-06 00:45:00,1601303.4322694454
2026-04-06 01:00:00,1601303.4322694454
2026-04-06 01:15:00,1601303.4322694454
2026-04-06 01:30:00,1601303.4322694454
2026-04-06 01:45:00,1601303.4322694454
2026-04-06 02:00:00,1601303.4322694454
2026-04-06 02:15:00,1601303.4322694454
2026-04-06 02:30:00,1601303.4322694454
2026-04-06 02:45:00,1601303.4322694454
2026-04-06 03:00:00,1601303.4322694454
2026-04-06 03:15:00,1601303.4322694454
2026-04-06 03:30:00,1601303.4322694454
2026-04-06 03:45:00,1601303.4322694454
2026-04-06 04:00:00,1601303.4322694454
2026-04-06 04:15:00,1601303.4322694454
2026-04-06 04:30:00,1601303.4322694454
2026-04-06 04:45:00,1601303.4322694454
2026-04-06 05:00:00,1601303.4322694454
2026-04-06 05:15:00,1601303.4322694454
2026-04-06 05:30:00,1601303.4322694454
2026-04-06 05:45:00,1601303.4322694454
2026-04-06 06:00:00,1601303.4322694454
2026-04-06 06:15:00,1601303.4322694454
2026-04-06 06:30:00,1601303.4322694454
2026-04-06 06:45:00,1601303.4322694454
2026-04-06 07:00:00,1601303.4322694454
2026-04-06 07:15:00,1601303.4322694454
2026-04-06 07:30:00,1601303.4322694454
2026-04-06 07:45:00,1601303.4322694454
2026-04-06 08:00:00,1601303.4322694454
2026-04-06 08:15:00,1601303.4322694454
2026-04-06 08:30:00,1601303.4322694454
2026-04-06 08:45:00,1601303.4322694454
2026-04-06 09:00:00,1601303.4322694454
2026-04-06 09:15:00,1601303.4322694454
2026-04-06 09:30:00,1601303.4322694454
2026-04-06 09:45:00,1601303.4322694454
2026-04-06 10:00:00,1601303.4322694454
2026-04-06 10:15:00,1601303.4322694454
2026-04-06 10:30:00,1601303.4322694454
2026-04-06 10:45:00,1601303.4322694454
2026-04-06 11:00:00,1601303.4322694454
2026-04-06 11:15:00,1601303.4322694454
2026-04-06 11:30:00,1601303.4322694454
2026-04-06 11:45:00,1601303.4322694454
2026-04-06 12:00:00,1601303.4322694454
2026-04-06 12:15:00,1601303.4322694454
2026-04-06 12:30:00,1601303.4322694454
2026-04-06 12:45:00,1601303.4322694454
2026-04-06 13:00:00,1601303.4322694454
2026-04-06 13:15:00,1601303.4322694454
2026-04-06 13:30:00,1601303.4322694454
2026-04-06 13:45:00,1601303.4322694454
2026-04-06 14:00:00,1601303.4322694454
2026-04-06 14:15:00,1601303.4322694454
2026-04-06 14:30:00,1601303.4322694454
2026-04-06 14:45:00,1601303.4322694454
2026-04-06 15:00:00,1601303.4322694454
2026-04-06 15:15:00,1601303.4322694454
2026-04-06 15:30:00,1601303.4322694454
2026-04-06 15:45:00,1601303.4322694454
2026-04-06 16:00:00,1601303.4322694454
2026-04-06 16:15:00,1601303.4322694454
2026-04-06 16:30:00,1601303.4322694454
2026-04-06 16:45:00,1601303.4322694454
2026-04-06 17:00:00,1601303.4322694454
2026-04-06 17:15:00,1601303.4322694454
2026-04-06 17:30:00,1601303.4322694454
2026-04-06 17:45:00,1601303.4322694454
2026-04-06 18:00:00,1601303.4322694454
2026-04-06 18:15:00,1601303.4322694454
2026-04-06 18:30:00,1601303.4322694454
2026-04-06 18:45:00,1601303.4322694454
2026-04-06 19:00:00,1601303.4322694454
2026-04-06 19:15:00,1601303.4322694454
2026-04-06 19:30:00,1601303.4322694454
2026-04-06 19:45:00,1601303.4322694454
2026-04-06 20:00:00,1601303.4322694454
2026-04-06 20:15:00,1601303.4322694454
2026-04-06 20:30:00,1601303.4322694454
2026-04-06 20:45:00,1601303.4322694454
2026-04-06 21:00:00,1601303.4322694454
2026-04-06 21:15:00,1601303.4322694454
2026-04-06 21:30:00,1601303.4322694454
2026-04-06 21:45:00,1601303.4322694454
2026-04-06 22:00:00,1601303.4322694454
2026-04-06 22:15:00,1601303.4322694454
2026-04-06 22:30:00,1601303.4322694454
2026-04-06 22:45:00,1601303.4322694454
2026-04-06 23:00:00,1601303.4322694454
2026-04-06 23:15:00,1601303.4322694454
2026-04-06 23:30:00,1601303.4322694454
2026-04-06 23:45:00,1601303.4322694454
2026-04-07 00:00:00,1601303.4322694454
2026-04-07 00:15:00,1601303.4322694454
2026-04-07 00:30:00,1601303.4322694454
2026-04-07 00:45:00,1601303.4322694454
2026-04-07 01:00:00,1601303.4322694454
2026-04-07 01:15:00,1601303.4322694454
2026-04-07 01:30:00,1601303.4322694454
2026-04-07 01:45:00,1601303.4322694454
2026-04-07 02:00:00,1601303.4322694454
2026-04-07 02:15:00,1601303.4322694454
2026-04-07 02:30:00,1601303.4322694454
2026-04-07 02:45:00,1601303.4322694454
2026-04-07 03:00:00,1601303.4322694454
2026-04-07 03:15:00,1601303.4322694454
2026-04-07 03:30:00,1601303.4322694454
2026-04-07 03:45:00,1601303.4322694454
2026-04-07 04:00:00,1601303.4322694454
2026-04-07 04:15:00,1601303.4322694454
2026-04-07 04:30:00,1601303.4322694454
2026-04-07 04:45:00,1601303.4322694454
2026-04-07 05:00:00,1601303.4322694454
2026-04-07 05:15:00,1601303.4322694454
2026-04-07 05:30:00,1601303.4322694454
2026-04-07 05:45:00,1601303.4322694454
2026-04-07 06:00:00,1601303.4322694454
2026-04-07 06:15:00,1601303.4322694454
2026-04-07 06:30:00,1601303.4322694454
2026-04-07 06:45:00,1601303.4322694454
2026-04-07 07:00:00,1601303.4322694454
2026-04-07 07:15:00,1601303.4322694454
2026-04-07 07:30:00,1601303.4322694454
2026-04-07 07:45:00,1601303.4322694454
2026-04-07 08:00:00,1601303.4322694454
2026-04-07 08:15:00,1601303.4322694454
2026-04-07 08:30:00,1601303.4322694454
2026-04-07 08:45:00,1601303.4322694454
2026-04-07 09:00:00,1601303.4322694454
2026-04-07 09:15:00,1601303.4322694454
2026-04-07 09:30:00,1601303.4322694454
2026-04-07 09:45:00,1601303.4322694454
2026-04-07 10:00:00,1601303.4322694454
2026-04-07 10:15:00,1601303.4322694454
2026-04-07 10:30:00,1601303.4322694454
2026-04-07 10:45:00,1601303.4322694454
2026-04-07 11:00:00,1601303.4322694454
2026-04-07 11:15:00,1601303.4322694454
2026-04-07 11:30:00,1601303.4322694454
2026-04-07 11:45:00,1601303.4322694454
2026-04-07 12:00:00,1601303.4322694454
2026-04-07 12:15:00,1601303.4322694454
2026-04-07 12:30:00,1601303.4322694454
2026-04-07 12:45:00,1601303.4322694454
2026-04-07 13:00:00,1601303.4322694454
2026-04-07 13:15:00,1601303.4322694454
2026-04-07 13:30:00,1601303.4322694454
2026-04-07 13:45:00,1601303.4322694454
2026-04-07 14:00:00,1601303.4322694454
2026-04-07 14:15:00,1601303.4322694454
2026-04-07 14:30:00,1601303.4322694454
2026-04-07 14:45:00,1601303.4322694454
2026-04-07 15:00:00,1601303.4322694454
2026-04-07 15:15:00,1601303.4322694454
2026-04-07 15:30:00,1601303.4322694454
2026-04-07 15:45:00,1601303.4322694454
2026-04-07 16:00:00,1601303.4322694454
2026-04-07 16:15:00,1601303.4322694454
2026-04-07 16:30:00,1601303.4322694454
2026-04-07 16:45:00,1601303.4322694454
2026-04-07 17:00:00,1601303.4322694454
2026-04-07 17:15:00,1601303.4322694454
2026-04-07 17:30:00,1601303.4322694454
2026-04-07 17:45:00,1601303.4322694454
2026-04-07 18:00:00,1601303.4322694454
2026-04-07 18:15:00,1601303.4322694454
2026-04-07 18:30:00,1601303.4322694454
2026-04-07 18:45:00,1601303.4322694454
2026-04-07 19:00:00,1601303.4322694454
2026-04-07 19:15:00,1601303.4322694454
2026-04-07 19:30:00,1601303.4322694454
2026-04-07 19:45:00,1601303.4322694454
2026-04-07 20:00:00,1601303.4322694454
2026-04-07 20:15:00,1601303.4322694454
2026-04-07 20:30:00,1601303.4322694454
2026-04-07 20:45:00,1601303.4322694454
2026-04-07 21:00:00,1601303.4322694454
2026-04-07 21:15:00,1601303.4322694454
2026-04-07 21:30:00,1601303.4322694454
2026-04-07 21:45:00,1601303.4322694454
2026-04-07 22:00:00,1601303.4322694454
2026-04-07 22:15:00,1601303.4322694454
2026-04-07 22:30:00,1601303.4322694454
2026-04-07 22:45:00,1601303.4322694454
2026-04-07 23:00:00,1601303.4322694454
2026-04-07 23:15:00,1601303.4322694454
2026-04-07 23:30:00,1601303.4322694454
2026-04-07 23:45:00,1601303.4322694454
2026-04-08 00:00:00,1601303.4322694454
2026-04-08 00:15:00,1601303.4322694454
2026-04-08 00:30:00,1601303.4322694454
2026-04-08 00:45:00,1601303.4322694454
2026-04-08 01:00:00,1601303.4322694454
2026-04-08 01:15:00,1601303.4322694454
2026-04-08 01:30:00,1601303.4322694454
2026-04-08 01:45:00,1601303.4322694454
2026-04-08 02:00:00,1601303.4322694454
2026-04-08 02:15:00,1601303.4322694454
2026-04-08 02:30:00,1601303.4322694454
2026-04-08 02:45:00,1601303.4322694454
2026-04-08 03:00:00,1601303.4322694454
2026-04-08 03:15:00,1601303.4322694454
2026-04-08 03:30:00,1601303.4322694454
2026-04-08 03:45:00,1601303.4322694454
2026-04-08 04:00:00,1601303.4322694454
2026-04-08 04:15:00,1601303.4322694454
2026-04-08 04:30:00,1601303.4322694454
2026-04-08 04:45:00,1601303.4322694454
2026-04-08 05:00:00,1601303.4322694454
2026-04-08 05:15:00,1601303.4322694454
2026-04-08 05:30:00,1601303.4322694454
2026-04-08 05:45:00,1601303.4322694454
2026-04-08 06:00:00,1601303.4322694454
2026-04-08 06:15:00,1601303.4322694454
2026-04-08 06:30:00,1601303.4322694454
2026-04-08 06:45:00,1601303.4322694454
2026-04-08 07:00:00,1601303.4322694454
2026-04-08 07:15:00,1601303.4322694454
2026-04-08 07:30:00,1601303.4322694454
2026-04-08 07:45:00,1601303.4322694454
2026-04-08 08:00:00,1601303.4322694454
2026-04-08 08:15:00,1601303.4322694454
2026-04-08 08:30:00,1601303.4322694454
2026-04-08 08:45:00,1601303.4322694454
2026-04-08 09:00:00,1601303.4322694454
2026-04-08 09:15:00,1601303.4322694454
2026-04-08 09:30:00,1601303.4322694454
2026-04-08 09:45:00,1601303.4322694454
2026-04-08 10:00:00,1601303.4322694454
2026-04-08 10:15:00,1601303.4322694454
2026-04-08 10:30:00,1601303.4322694454
2026-04-08 10:45:00,1601303.4322694454
2026-04-08 11:00:00,1601303.4322694454
2026-04-08 11:15:00,1601303.4322694454
2026-04-08 11:30:00,1601303.4322694454
2026-04-08 11:45:00,1601303.4322694454
2026-04-08 12:00:00,1601303.4322694454
2026-04-08 12:15:00,1601303.4322694454
2026-04-08 12:30:00,1601303.4322694454
2026-04-08 12:45:00,1601303.4322694454
2026-04-08 13:00:00,1601303.4322694454
2026-04-08 13:15:00,1601303.4322694454
2026-04-08 13:30:00,1601303.4322694454
2026-04-08 13:45:00,1601303.4322694454
2026-04-08 14:00:00,1601303.4322694454
2026-04-08 14:15:00,1601303.4322694454
2026-04-08 14:30:00,1601303.4322694454
2026-04-08 14:45:00,1601303.4322694454
2026-04-08 15:00:00,1601303.4322694454
2026-04-08 15:15:00,1601303.4322694454
2026-04-08 15:30:00,1601303.4322694454
2026-04-08 15:45:00,1601303.4322694454
2026-04-08 16:00:00,1601303.4322694454
2026-04-08 16:15:00,1601303.4322694454
2026-04-08 16:30:00,1601303.4322694454
2026-04-08 16:45:00,1601303.4322694454
2026-04-08 17:00:00,1601303.4322694454
2026-04-08 17:15:00,1601303.4322694454
2026-04-08 17:30:00,1601303.4322694454
2026-04-08 17:45:00,1601303.4322694454
2026-04-08 18:00:00,1601303.4322694454
2026-04-08 18:15:00,1601303.4322694454
2026-04-08 18:30:00,1601303.4322694454
2026-04-08 18:45:00,1601303.4322694454
2026-04-08 19:00:00,1601303.4322694454
2026-04-08 19:15:00,1601303.4322694454
2026-04-08 19:30:00,1601303.4322694454
2026-04-08 19:45:00,1601303.4322694454
2026-04-08 20:00:00,1601303.4322694454
2026-04-08 20:15:00,1601303.4322694454
2026-04-08 20:30:00,1601303.4322694454
2026-04-08 20:45:00,1601303.4322694454
2026-04-08 21:00:00,1601303.4322694454
2026-04-08 21:15:00,1601303.4322694454
2026-04-08 21:30:00,1601303.4322694454
2026-04-08 21:45:00,1601303.4322694454
2026-04-08 22:00:00,1601303.4322694454
2026-04-08 22:15:00,1601303.4322694454
2026-04-08 22:30:00,1601303.4322694454
2026-04-08 22:45:00,1601303.4322694454
2026-04-08 23:00:00,1601303.4322694454
2026-04-08 23:15:00,1601303.4322694454
2026-04-08 23:30:00,1601303.4322694454
2026-04-08 23:45:00,1601303.4322694454
2026-04-09 00:00:00,1601303.4322694454
2026-04-09 00:15:00,1601303.4322694454
2026-04-09 00:30:00,1601303.4322694454
2026-04-09 00:45:00,1601303.4322694454
2026-04-09 01:00:00,1601303.4322694454
2026-04-09 01:15:00,1601303.4322694454
2026-04-09 01:30:00,1601303.4322694454
2026-04-09 01:45:00,1601303.4322694454
2026-04-09 02:00:00,1601303.4322694454
2026-04-09 02:15:00,1601303.4322694454
2026-04-09 02:30:00,1601303.4322694454
2026-04-09 02:45:00,1601303.4322694454
2026-04-09 03:00:00,1601303.4322694454
2026-04-09 03:15:00,1601303.4322694454
2026-04-09 03:30:00,1601303.4322694454
2026-04-09 03:45:00,1601303.4322694454
2026-04-09 04:00:00,1601303.4322694454
2026-04-09 04:15:00,1601303.4322694454
2026-04-09 04:30:00,1601303.4322694454
2026-04-09 04:45:00,1601303.4322694454
2026-04-09 05:00:00,1601303.4322694454
2026-04-09 05:15:00,1601303.4322694454
2026-04-09 05:30:00,1601303.4322694454
2026-04-09 05:45:00,1601303.4322694454
2026-04-09 06:00:00,1601303.4322694454
2026-04-09 06:15:00,1601303.4322694454
2026-04-09 06:30:00,1601303.4322694454
2026-04-09 06:45:00,1601303.4322694454
2026-04-09 07:00:00,1601303.4322694454
2026-04-09 07:15:00,1601303.4322694454
2026-04-09 07:30:00,1601303.4322694454
2026-04-09 07:45:00,1601303.4322694454
2026-04-09 08:00:00,1601303.4322694454
2026-04-09 08:15:00,1601303.4322694454
2026-04-09 08:30:00,1601303.4322694454
2026-04-09 08:45:00,1601303.4322694454
2026-04-09 09:00:00,1601303.4322694454
2026-04-09 09:15:00,1601303.4322694454
2026-04-09 09:30:00,1601303.4322694454
2026-04-09 09:45:00,1601303.4322694454
2026-04-09 10:00:00,1601303.4322694454
2026-04-09 10:15:00,1601303.4322694454
2026-04-09 10:30:00,1601303.4322694454
2026-04-09 10:45:00,1601303.4322694454
2026-04-09 11:00:00,1601303.4322694454
2026-04-09 11:15:00,1601303.4322694454
2026-04-09 11:30:00,1601303.4322694454
2026-04-09 11:45:00,1601303.4322694454
2026-04-09 12:00:00,1601303.4322694454
2026-04-09 12:15:00,1601303.4322694454
2026-04-09 12:30:00,1601303.4322694454
2026-04-09 12:45:00,1601303.4322694454
2026-04-09 13:00:00,1601303.4322694454
2026-04-09 13:15:00,1601303.4322694454
2026-04-09 13:30:00,1601303.4322694454
2026-04-09 13:45:00,1601303.4322694454
2026-04-09 14:00:00,1601303.4322694454
2026-04-09 14:15:00,1601303.4322694454
2026-04-09 14:30:00,1601303.4322694454
2026-04-09 14:45:00,1601303.4322694454
2026-04-09 15:00:00,1601303.4322694454
2026-04-09 15:15:00,1601303.4322694454
2026-04-09 15:30:00,1601303.4322694454
2026-04-09 15:45:00,1601303.4322694454
2026-04-09 16:00:00,1601303.4322694454
2026-04-09 16:15:00,1601303.4322694454
2026-04-09 16:30:00,1601303.4322694454
2026-04-09 16:45:00,1601303.4322694454
2026-04-09 17:00:00,1601303.4322694454
2026-04-09 17:15:00,1601303.4322694454
2026-04-09 17:30:00,1601303.4322694454
2026-04-09 17:45:00,1601303.4322694454
2026-04-09 18:00:00,1601303.4322694454
2026-04-09 18:15:00,1601303.4322694454
2026-04-09 18:30:00,1601303.4322694454
2026-04-09 18:45:00,1601303.4322694454
2026-04-09 19:00:00,1601303.4322694454
2026-04-09 19:15:00,1601303.4322694454
2026-04-09 19:30:00,1601303.4322694454
2026-04-09 19:45:00,1601303.4322694454
2026-04-09 20:00:00,1601303.4322694454
2026-04-09 20:15:00,1601303.4322694454
2026-04-09 20:30:00,1601303.4322694454
2026-04-09 20:45:00,1601303.4322694454
2026-04-09 21:00:00,1601303.4322694454
2026-04-09 21:15:00,1601303.4322694454
2026-04-09 21:30:00,1601303.4322694454
2026-04-09 21:45:00,1601303.4322694454
2026-04-09 22:00:00,1601303.4322694454
2026-04-09 22:15:00,1601303.4322694454
2026-04-09 22:30:00,1601303.4322694454
2026-04-09 22:45:00,1601303.4322694454
2026-04-09 23:00:00,1601303.4322694454
2026-04-09 23:15:00,1601303.4322694454
2026-04-09 23:30:00,1601303.4322694454
2026-04-09 23:45:00,1601303.4322694454
2026-04-10 00:00:00,1601303.4322694454
2026-04-10 00:15:00,1601303.4322694454
2026-04-10 00:30:00,1601303.4322694454
2026-04-10 00:45:00,1601303.4322694454
2026-04-10 01:00:00,1601303.4322694454
2026-04-10 01:15:00,1601303.4322694454
2026-04-10 01:30:00,1601303.4322694454
2026-04-10 01:45:00,1601303.4322694454
2026-04-10 02:00:00,1601303.4322694454
2026-04-10 02:15:00,1601303.4322694454
2026-04-10 02:30:00,1601303.4322694454
2026-04-10 02:45:00,1601303.4322694454
2026-04-10 03:00:00,1601303.4322694454
2026-04-10 03:15:00,1601303.4322694454
2026-04-10 03:30:00,1601303.4322694454
2026-04-10 03:45:00,1601303.4322694454
2026-04-10 04:00:00,1601303.4322694454
2026-04-10 04:15:00,1601303.4322694454
2026-04-10 04:30:00,1601303.4322694454
2026-04-10 04:45:00,1601303.4322694454
2026-04-10 05:00:00,1601303.4322694454
2026-04-10 05:15:00,1601303.4322694454
2026-04-10 05:30:00,1601303.4322694454
2026-04-10 05:45:00,1601303.4322694454
2026-04-10 06:00:00,1601303.4322694454
2026-04-10 06:15:00,1601303.4322694454
2026-04-10 06:30:00,1601303.4322694454
2026-04-10 06:45:00,1601303.4322694454
2026-04-10 07:00:00,1601303.4322694454
2026-04-10 07:15:00,1601303.4322694454
2026-04-10 07:30:00,1601303.4322694454
2026-04-10 07:45:00,1601303.4322694454
2026-04-10 08:00:00,1601303.4322694454
2026-04-10 08:15:00,1601303.4322694454
2026-04-10 08:30:00,1601303.4322694454
2026-04-10 08:45:00,1601303.4322694454
2026-04-10 09:00:00,1601303.4322694454
2026-04-10 09:15:00,1601303.4322694454
2026-04-10 09:30:00,1601303.4322694454
2026-04-10 09:45:00,1601303.4322694454
2026-04-10 10:00:00,1601303.4322694454
2026-04-10 10:15:00,1601303.4322694454
2026-04-10 10:30:00,1601303.4322694454
2026-04-10 10:45:00,1601303.4322694454
2026-04-10 11:00:00,1601303.4322694454
2026-04-10 11:15:00,1601303.4322694454
2026-04-10 11:30:00,1601303.4322694454
2026-04-10 11:45:00,1601303.4322694454
2026-04-10 12:00:00,1601303.4322694454
2026-04-10 12:15:00,1601303.4322694454
2026-04-10 12:30:00,1601303.4322694454
2026-04-10 12:45:00,1601303.4322694454
2026-04-10 13:00:00,1601303.4322694454
2026-04-10 13:15:00,1601303.4322694454
2026-04-10 13:30:00,1601303.4322694454
2026-04-10 13:45:00,1601303.4322694454
2026-04-10 14:00:00,1601303.4322694454
2026-04-10 14:15:00,1601303.4322694454
2026-04-10 14:30:00,1601303.4322694454
2026-04-10 14:45:00,1601303.4322694454
2026-04-10 15:00:00,1601303.4322694454
2026-04-10 15:15:00,1601303.4322694454
2026-04-10 15:30:00,1601303.4322694454
2026-04-10 15:45:00,1601303.4322694454
2026-04-10 16:00:00,1601303.4322694454
2026-04-10 16:15:00,1601303.4322694454
2026-04-10 16:30:00,1601303.4322694454
2026-04-10 16:45:00,1601303.4322694454
2026-04-10 17:00:00,1601303.4322694454
2026-04-10 17:15:00,1601303.4322694454
2026-04-10 17:30:00,1601303.4322694454
2026-04-10 17:45:00,1601303.4322694454
2026-04-10 18:00:00,1601303.4322694454
2026-04-10 18:15:00,1601303.4322694454
2026-04-10 18:30:00,1601303.4322694454
2026-04-10 18:45:00,1601303.4322694454
2026-04-10 19:00:00,1601303.4322694454
2026-04-10 19:15:00,1601303.4322694454
2026-04-10 19:30:00,1601303.4322694454
2026-04-10 19:45:00,1601303.4322694454
2026-04-10 20:00:00,1601303.4322694454
2026-04-10 20:15:00,1601303.4322694454
2026-04-10 20:30:00,1601303.4322694454
2026-04-10 20:45:00,1601303.4322694454
2026-04-10 21:00:00,1601303.4322694454
2026-04-10 21:15:00,1601303.4322694454
2026-04-10 21:30:00,1601303.4322694454
2026-04-10 21:45:00,1601303.4322694454
2026-04-10 22:00:00,1601303.4322694454
2026-04-10 22:15:00,1601303.4322694454
2026-04-10 22:30:00,1601303.4322694454
2026-04-10 22:45:00,1601303.4322694454
2026-04-10 23:00:00,1601303.4322694454
2026-04-10 23:15:00,1601303.4322694454
2026-04-10 23:30:00,1601303.4322694454
2026-04-10 23:45:00,1601303.4322694454
2026-04-11 01:00:00,1601303.4322694454
2026-04-11 01:15:00,1601303.4322694454
2026-04-11 01:30:00,1601303.4322694454
2026-04-11 01:45:00,1601303.4322694454
2026-04-11 02:00:00,1601303.4322694454
2026-04-11 02:15:00,1601303.4322694454
2026-04-11 02:30:00,1601303.4322694454
2026-04-11 02:45:00,1601303.4322694454
2026-04-11 03:00:00,1601303.4322694454
2026-04-11 03:15:00,1601303.4322694454
2026-04-11 03:30:00,1601303.4322694454
2026-04-11 03:45:00,1601303.4322694454
2026-04-11 04:00:00,1601303.4322694454
2026-04-11 04:15:00,1601303.4322694454
2026-04-11 04:30:00,1601303.4322694454
2026-04-11 04:45:00,1601303.4322694454
2026-04-11 05:00:00,1601303.4322694454
2026-04-11 05:15:00,1601303.4322694454
2026-04-11 05:30:00,1601303.4322694454
2026-04-11 05:45:00,1601303.4322694454
2026-04-11 06:00:00,1601303.4322694454
2026-04-11 06:15:00,1601303.4322694454
2026-04-11 06:30:00,1601303.4322694454
2026-04-11 06:45:00,1601303.4322694454
2026-04-11 07:00:00,1601303.4322694454
2026-04-11 07:15:00,1601303.4322694454
2026-04-11 07:30:00,1601303.4322694454
2026-04-11 07:45:00,1601303.4322694454
2026-04-11 08:00:00,1601303.4322694454
2026-04-11 08:15:00,1601303.4322694454
2026-04-11 08:30:00,1601303.4322694454
2026-04-11 08:45:00,1601303.4322694454
2026-04-11 09:00:00,1601303.4322694454
2026-04-11 09:15:00,1601303.4322694454
2026-04-11 09:30:00,1601303.4322694454
2026-04-11 09:45:00,1601303.4322694454
2026-04-11 10:00:00,1601303.4322694454
2026-04-11 10:15:00,1601303.4322694454
2026-04-11 10:30:00,1601303.4322694454
2026-04-11 10:45:00,1601303.4322694454
2026-04-11 11:00:00,1601303.4322694454
2026-04-11 11:15:00,1601303.4322694454
2026-04-11 11:30:00,1601303.4322694454
2026-04-11 11:45:00,1601303.4322694454
2026-04-11 12:00:00,1601303.4322694454
2026-04-11 12:15:00,1601303.4322694454
2026-04-11 12:30:00,1601303.4322694454
2026-04-11 12:45:00,1601303.4322694454
2026-04-11 13:00:00,1601303.4322694454
2026-04-11 13:15:00,1601303.4322694454
2026-04-11 13:30:00,1601303.4322694454
2026-04-11 13:45:00,1601303.4322694454
2026-04-11 14:00:00,1601303.4322694454
2026-04-11 14:15:00,1601303.4322694454
2026-04-11 14:30:00,1601303.4322694454
2026-04-11 14:45:00,1601303.4322694454
2026-04-11 15:00:00,1601303.4322694454
2026-04-11 15:15:00,1601303.4322694454
2026-04-11 15:30:00,1601303.4322694454
2026-04-11 15:45:00,1601303.4322694454
2026-04-11 16:00:00,1601303.4322694454
2026-04-11 16:15:00,1601303.4322694454
2026-04-11 16:30:00,1601303.4322694454
2026-04-11 16:45:00,1601303.4322694454
2026-04-11 17:00:00,1601303.4322694454
2026-04-11 17:15:00,1601303.4322694454
2026-04-11 17:30:00,1601303.4322694454
2026-04-11 17:45:00,1601303.4322694454
2026-04-11 18:00:00,1601303.4322694454
2026-04-11 18:15:00,1601303.4322694454
2026-04-11 18:30:00,1601303.4322694454
2026-04-11 18:45:00,1601303.4322694454
2026-04-11 19:00:00,1601303.4322694454
2026-04-11 19:15:00,1601303.4322694454
2026-04-11 19:30:00,1601303.4322694454
2026-04-11 19:45:00,1601303.4322694454
2026-04-11 20:00:00,1601303.4322694454
2026-04-11 20:15:00,1601303.4322694454
2026-04-11 20:30:00,1601303.4322694454
2026-04-11 20:45:00,1601303.4322694454
2026-04-11 21:00:00,1601303.4322694454
2026-04-11 21:15:00,1601303.4322694454
2026-04-11 21:30:00,1601303.4322694454
2026-04-11 21:45:00,1601303.4322694454
2026-04-11 22:00:00,1601303.4322694454
2026-04-11 22:15:00,1601303.4322694454
2026-04-11 22:30:00,1601303.4322694454
2026-04-11 22:45:00,1601303.4322694454
2026-04-11 23:00:00,1601303.4322694454
2026-04-11 23:15:00,1601303.4322694454
2026-04-11 23:30:00,1601303.4322694454
2026-04-11 23:45:00,1601303.4322694454
2026-04-12 00:00:00,1601303.4322694454
2026-04-12 00:15:00,1601303.4322694454
2026-04-12 00:30:00,1601303.4322694454
2026-04-12 00:45:00,1601303.4322694454
2026-04-12 01:00:00,1601303.4322694454
2026-04-12 01:15:00,1601303.4322694454
2026-04-12 01:30:00,1601303.4322694454
2026-04-12 01:45:00,1601303.4322694454
2026-04-12 02:00:00,1601303.4322694454
2026-04-12 02:15:00,1601303.4322694454
2026-04-12 02:30:00,1601303.4322694454
2026-04-12 02:45:00,1601303.4322694454
2026-04-12 03:00:00,1601303.4322694454
2026-04-12 03:15:00,1601303.4322694454
2026-04-12 03:30:00,1601303.4322694454
2026-04-12 03:45:00,1601303.4322694454
2026-04-12 04:00:00,1601303.4322694454
2026-04-12 04:15:00,1601303.4322694454
2026-04-12 04:30:00,1601303.4322694454
2026-04-12 04:45:00,1601303.4322694454
2026-04-12 05:00:00,1601303.4322694454
2026-04-12 05:15:00,1601303.4322694454
2026-04-12 05:30:00,1601303.4322694454
2026-04-12 05:45:00,1601303.4322694454
2026-04-12 06:00:00,1601303.4322694454
2026-04-12 06:15:00,1601303.4322694454
2026-04-12 06:30:00,1601303.4322694454
2026-04-12 06:45:00,1601303.4322694454
2026-04-12 07:00:00,1601303.4322694454
2026-04-12 07:15:00,1601303.4322694454
2026-04-12 07:30:00,1601303.4322694454
2026-04-12 07:45:00,1601303.4322694454
2026-04-12 08:00:00,1601303.4322694454
2026-04-12 08:15:00,1601303.4322694454
2026-04-12 08:30:00,1601303.4322694454
2026-04-12 08:45:00,1601303.4322694454
2026-04-12 09:00:00,1601303.4322694454
2026-04-12 09:15:00,1601303.4322694454
2026-04-12 09:30:00,1601303.4322694454
2026-04-12 09:45:00,1601303.4322694454
2026-04-12 10:00:00,1601303.4322694454
2026-04-12 10:15:00,1601303.4322694454
2026-04-12 10:30:00,1601303.4322694454
2026-04-12 10:45:00,1601303.4322694454
2026-04-12 11:00:00,1601303.4322694454
2026-04-12 11:15:00,1601303.4322694454
2026-04-12 11:30:00,1601303.4322694454
2026-04-12 11:45:00,1601303.4322694454
2026-04-12 12:00:00,1601303.4322694454
2026-04-12 12:15:00,1601303.4322694454
2026-04-12 12:30:00,1601303.4322694454
2026-04-12 12:45:00,1601303.4322694454
2026-04-12 13:00:00,1601303.4322694454
2026-04-12 13:15:00,1601303.4322694454
2026-04-12 13:30:00,1601303.4322694454
2026-04-12 13:45:00,1601303.4322694454
2026-04-12 14:00:00,1601303.4322694454
2026-04-12 14:15:00,1601303.4322694454
2026-04-12 14:30:00,1601303.4322694454
2026-04-12 14:45:00,1601303.4322694454
2026-04-12 15:00:00,1601303.4322694454
2026-04-12 15:15:00,1601303.4322694454
2026-04-12 15:30:00,1601303.4322694454
2026-04-12 15:45:00,1601303.4322694454
2026-04-12 16:00:00,1601303.4322694454
2026-04-12 16:15:00,1601303.4322694454
2026-04-12 16:30:00,1601303.4322694454
2026-04-12 16:45:00,1601303.4322694454
2026-04-12 17:00:00,1601303.4322694454
2026-04-12 17:15:00,1601303.4322694454
2026-04-12 17:30:00,1601303.4322694454
2026-04-12 17:45:00,1601303.4322694454
2026-04-12 18:00:00,1601303.4322694454
2026-04-12 18:15:00,1601303.4322694454
2026-04-12 18:30:00,1601303.4322694454
2026-04-12 18:45:00,1601303.4322694454
2026-04-12 19:00:00,1601303.4322694454
2026-04-12 19:15:00,1601303.4322694454
2026-04-12 19:30:00,1601303.4322694454
2026-04-12 19:45:00,1601303.4322694454
2026-04-12 20:00:00,1601303.4322694454
2026-04-12 20:15:00,1601303.4322694454
2026-04-12 20:30:00,1601303.4322694454
2026-04-12 20:45:00,1601303.4322694454
2026-04-12 21:00:00,1601303.4322694454
2026-04-12 21:15:00,1601303.4322694454
2026-04-12 21:30:00,1601303.4322694454
2026-04-12 21:45:00,1601303.4322694454
2026-04-12 22:00:00,1601303.4322694454
2026-04-12 22:15:00,1601303.4322694454
2026-04-12 22:30:00,1601303.4322694454
2026-04-12 22:45:00,1601303.4322694454
2026-04-12 23:00:00,1601303.4322694454
2026-04-12 23:15:00,1601303.4322694454
2026-04-12 23:30:00,1601303.4322694454
2026-04-12 23:45:00,1601303.4322694454
2026-04-13 00:00:00,1601303.4322694454
2026-04-13 00:15:00,1601303.4322694454
2026-04-13 00:30:00,1601303.4322694454
2026-04-13 00:45:00,1601303.4322694454
2026-04-13 01:00:00,1601303.4322694454
2026-04-13 01:15:00,1601303.4322694454
2026-04-13 01:30:00,1601303.4322694454
2026-04-13 01:45:00,1601303.4322694454
2026-04-13 02:00:00,1601303.4322694454
2026-04-13 02:15:00,1601303.4322694454
2026-04-13 02:30:00,1601303.4322694454
2026-04-13 02:45:00,1601303.4322694454
2026-04-13 03:00:00,1601303.4322694454
2026-04-13 03:15:00,1601303.4322694454
2026-04-13 03:30:00,1601303.4322694454
2026-04-13 03:45:00,1601303.4322694454
2026-04-13 04:00:00,1601303.4322694454
2026-04-13 04:15:00,1601303.4322694454
2026-04-13 04:30:00,1601303.4322694454
2026-04-13 04:45:00,1601303.4322694454
2026-04-13 05:00:00,1601303.4322694454
2026-04-13 05:15:00,1601303.4322694454
2026-04-13 05:30:00,1601303.4322694454
2026-04-13 05:45:00,1601303.4322694454
2026-04-13 06:00:00,1601303.4322694454
2026-04-13 06:15:00,1601303.4322694454
2026-04-13 06:30:00,1601303.4322694454
2026-04-13 06:45:00,1601303.4322694454
2026-04-13 07:00:00,1601303.4322694454
2026-04-13 07:15:00,1601303.4322694454
2026-04-13 07:30:00,1601303.4322694454
2026-04-13 07:45:00,1601303.4322694454
2026-04-13 08:00:00,1601303.4322694454
2026-04-13 08:15:00,1601303.4322694454
2026-04-13 08:30:00,1601303.4322694454
2026-04-13 08:45:00,1601303.4322694454
2026-04-13 09:00:00,1601303.4322694454
2026-04-13 09:15:00,1601303.4322694454
2026-04-13 09:30:00,1601303.4322694454
2026-04-13 09:45:00,1601303.4322694454
2026-04-13 10:00:00,1601303.4322694454
2026-04-13 10:15:00,1601303.4322694454
2026-04-13 10:30:00,1601303.4322694454
2026-04-13 10:45:00,1601303.4322694454
2026-04-13 11:00:00,1601303.4322694454
2026-04-13 11:15:00,1601303.4322694454
2026-04-13 11:30:00,1601303.4322694454
2026-04-13 11:45:00,1601303.4322694454
2026-04-13 12:00:00,1601303.4322694454
2026-04-13 12:15:00,1601303.4322694454
2026-04-13 12:30:00,1601303.4322694454
2026-04-13 12:45:00,1601303.4322694454
2026-04-13 13:00:00,1601303.4322694454
2026-04-13 13:15:00,1601303.4322694454
2026-04-13 13:30:00,1601303.4322694454
2026-04-13 13:45:00,1601303.4322694454
2026-04-13 14:00:00,1601303.4322694454
2026-04-13 14:15:00,1601303.4322694454
2026-04-13 14:30:00,1601303.4322694454
2026-04-13 14:45:00,1601303.4322694454
2026-04-13 15:00:00,1601303.4322694454
2026-04-13 15:15:00,1601303.4322694454
2026-04-13 15:30:00,1601303.4322694454
2026-04-13 15:45:00,1601303.4322694454
2026-04-13 16:00:00,1601303.4322694454
2026-04-13 16:15:00,1601303.4322694454
2026-04-13 16:30:00,1601303.4322694454
2026-04-13 16:45:00,1601303.4322694454
2026-04-13 17:00:00,1601303.4322694454
2026-04-13 17:15:00,1601303.4322694454
2026-04-13 17:30:00,1601303.4322694454
2026-04-13 17:45:00,1601303.4322694454
2026-04-13 18:00:00,1601303.4322694454
2026-04-13 18:15:00,1601303.4322694454
2026-04-13 18:30:00,1601303.4322694454
2026-04-13 18:45:00,1601303.4322694454
2026-04-13 19:00:00,1601303.4322694454
2026-04-13 19:15:00,1601303.4322694454
2026-04-13 19:30:00,1601303.4322694454
2026-04-13 19:45:00,1601303.4322694454
2026-04-13 20:00:00,1601303.4322694454
2026-04-13 20:15:00,1601303.4322694454
2026-04-13 20:30:00,1601303.4322694454
2026-04-13 20:45:00,1601303.4322694454
2026-04-13 21:00:00,1601303.4322694454
2026-04-13 21:15:00,1601303.4322694454
2026-04-13 21:30:00,1601303.4322694454
2026-04-13 21:45:00,1601303.4322694454
2026-04-13 22:00:00,1601303.4322694454
2026-04-13 22:15:00,1601303.4322694454
2026-04-13 22:30:00,1601303.4322694454
2026-04-13 22:45:00,1601303.4322694454
2026-04-13 23:00:00,1601303.4322694454
2026-04-13 23:15:00,1601303.4322694454
2026-04-13 23:30:00,1601303.4322694454
2026-04-13 23:45:00,1601303.4322694454
2026-04-14 00:00:00,1601303.4322694454
2026-04-14 00:15:00,1601303.4322694454
2026-04-14 00:30:00,1601303.4322694454
2026-04-14 00:45:00,1601303.4322694454
2026-04-14 01:00:00,1601303.4322694454
2026-04-14 01:15:00,1601303.4322694454
2026-04-14 01:30:00,1601303.4322694454
2026-04-14 01:45:00,1601303.4322694454
2026-04-14 02:00:00,1601303.4322694454
2026-04-14 02:15:00,1601303.4322694454
2026-04-14 02:30:00,1601303.4322694454
2026-04-14 02:45:00,1601303.4322694454
2026-04-14 03:00:00,1601303.4322694454
2026-04-14 03:15:00,1601303.4322694454
2026-04-14 03:30:00,1601303.4322694454
2026-04-14 03:45:00,1601303.4322694454
2026-04-14 04:00:00,1601303.4322694454
2026-04-14 04:15:00,1601303.4322694454
2026-04-14 04:30:00,1601303.4322694454
2026-04-14 04:45:00,1601303.4322694454
2026-04-14 05:00:00,1601303.4322694454
2026-04-14 05:15:00,1601303.4322694454
2026-04-14 05:30:00,1601303.4322694454
2026-04-14 05:45:00,1601303.4322694454
2026-04-14 06:00:00,1601303.4322694454
2026-04-14 06:15:00,1601303.4322694454
2026-04-14 06:30:00,1601303.4322694454
2026-04-14 06:45:00,1601303.4322694454
2026-04-14 07:00:00,1601303.4322694454
2026-04-14 07:15:00,1601303.4322694454
2026-04-14 07:30:00,1601303.4322694454
2026-04-14 07:45:00,1601303.4322694454
2026-04-14 08:00:00,1601303.4322694454
2026-04-14 08:15:00,1601303.4322694454
2026-04-14 08:30:00,1601303.4322694454
2026-04-14 08:45:00,1601303.4322694454
2026-04-14 09:00:00,1601303.4322694454
2026-04-14 09:15:00,1601303.4322694454
2026-04-14 09:30:00,1601303.4322694454
2026-04-14 09:45:00,1601303.4322694454
2026-04-14 10:00:00,1601303.4322694454
2026-04-14 10:15:00,1601303.4322694454
2026-04-14 10:30:00,1601303.4322694454
2026-04-14 10:45:00,1601303.4322694454
2026-04-14 11:00:00,1601303.4322694454
2026-04-14 11:15:00,1601303.4322694454
2026-04-14 11:30:00,1601303.4322694454
2026-04-14 11:45:00,1601303.4322694454
2026-04-14 12:00:00,1601303.4322694454
2026-04-14 12:15:00,1601303.4322694454
2026-04-14 12:30:00,1601303.4322694454
2026-04-14 12:45:00,1601303.4322694454
2026-04-14 13:00:00,1601303.4322694454
2026-04-14 13:15:00,1601303.4322694454
2026-04-14 13:30:00,1601303.4322694454
2026-04-14 13:45:00,1601303.4322694454
2026-04-14 14:00:00,1601303.4322694454
2026-04-14 14:15:00,1601303.4322694454
2026-04-14 14:30:00,1601303.4322694454
2026-04-14 14:45:00,1601303.4322694454
2026-04-14 15:00:00,1601303.4322694454
2026-04-14 15:15:00,1601303.4322694454
2026-04-14 15:30:00,1601303.4322694454
2026-04-14 15:45:00,1601303.4322694454
2026-04-14 16:00:00,1601303.4322694454
2026-04-14 16:15:00,1601303.4322694454
2026-04-14 16:30:00,1601303.4322694454
2026-04-14 16:45:00,1601303.4322694454
2026-04-14 17:00:00,1601303.4322694454
2026-04-14 17:15:00,1601303.4322694454
2026-04-14 17:30:00,1601303.4322694454
2026-04-14 17:45:00,1601303.4322694454
2026-04-14 18:00:00,1601303.4322694454
2026-04-14 18:15:00,1601303.4322694454
2026-04-14 18:30:00,1601303.4322694454
2026-04-14 18:45:00,1601303.4322694454
2026-04-14 19:00:00,1601303.4322694454
2026-04-14 19:15:00,1601303.4322694454
2026-04-14 19:30:00,1601303.4322694454
2026-04-14 19:45:00,1601303.4322694454
2026-04-14 20:00:00,1601303.4322694454
2026-04-14 20:15:00,1601303.4322694454
2026-04-14 20:30:00,1601303.4322694454
2026-04-14 20:45:00,1601303.4322694454
2026-04-14 21:00:00,1601303.4322694454
2026-04-14 21:15:00,1601303.4322694454
2026-04-14 21:30:00,1601303.4322694454
2026-04-14 21:45:00,1601303.4322694454
2026-04-14 22:00:00,1601303.4322694454
2026-04-14 22:15:00,1601303.4322694454
2026-04-14 22:30:00,1601303.4322694454
2026-04-14 22:45:00,1601303.4322694454
2026-04-14 23:00:00,1601303.4322694454
2026-04-14 23:15:00,1601303.4322694454
2026-04-14 23:30:00,1601303.4322694454
2026-04-14 23:45:00,1601303.4322694454
2026-04-15 00:00:00,1601303.4322694454
2026-04-15 00:15:00,1601303.4322694454
2026-04-15 00:30:00,1601303.4322694454
2026-04-15 00:45:00,1601303.4322694454
2026-04-15 01:00:00,1601303.4322694454
2026-04-15 01:15:00,1601303.4322694454
2026-04-15 01:30:00,1601303.4322694454
2026-04-15 01:45:00,1601303.4322694454
2026-04-15 02:00:00,1601303.4322694454
2026-04-15 02:15:00,1601303.4322694454
2026-04-15 02:30:00,1601303.4322694454
2026-04-15 02:45:00,1601303.4322694454
2026-04-15 03:00:00,1601303.4322694454
2026-04-15 03:15:00,1601303.4322694454
2026-04-15 03:30:00,1601303.4322694454
2026-04-15 03:45:00,1601303.4322694454
2026-04-15 04:00:00,1601303.4322694454
2026-04-15 04:15:00,1601303.4322694454
2026-04-15 04:30:00,1601303.4322694454
2026-04-15 04:45:00,1601303.4322694454
2026-04-15 05:00:00,1601303.4322694454
2026-04-15 05:15:00,1601303.4322694454
2026-04-15 05:30:00,1601303.4322694454
2026-04-15 05:45:00,1601303.4322694454
2026-04-15 06:00:00,1601303.4322694454
2026-04-15 06:15:00,1601303.4322694454
2026-04-15 06:30:00,1601303.4322694454
2026-04-15 06:45:00,1601303.4322694454
2026-04-15 07:00:00,1601303.4322694454
2026-04-15 07:15:00,1601303.4322694454
2026-04-15 07:30:00,1601303.4322694454
2026-04-15 07:45:00,1601303.4322694454
2026-04-15 08:00:00,1601303.4322694454
2026-04-15 08:15:00,1601303.4322694454
2026-04-15 08:30:00,1601303.4322694454
2026-04-15 08:45:00,1601303.4322694454
2026-04-15 09:00:00,1601303.4322694454
2026-04-15 09:15:00,1601303.4322694454
2026-04-15 09:30:00,1601303.4322694454
2026-04-15 09:45:00,1601303.4322694454
2026-04-15 10:00:00,1601303.4322694454
2026-04-15 10:15:00,1601303.4322694454
2026-04-15 10:30:00,1601303.4322694454
2026-04-15 10:45:00,1601303.4322694454
2026-04-15 11:00:00,1601303.4322694454
2026-04-15 11:15:00,1601303.4322694454
2026-04-15 11:30:00,1601303.4322694454
2026-04-15 11:45:00,1601303.4322694454
2026-04-15 12:00:00,1601303.4322694454
2026-04-15 12:15:00,1601303.4322694454
2026-04-15 12:30:00,1601303.4322694454
2026-04-15 12:45:00,1601303.4322694454
2026-04-15 13:00:00,1601303.4322694454
2026-04-15 13:15:00,1601303.4322694454
2026-04-15 13:30:00,1601303.4322694454
2026-04-15 13:45:00,1601303.4322694454
2026-04-15 14:00:00,1601303.4322694454
2026-04-15 14:15:00,1601303.4322694454
2026-04-15 14:30:00,1601303.4322694454
2026-04-15 14:45:00,1601303.4322694454
2026-04-15 15:00:00,1601303.4322694454
2026-04-15 15:15:00,1601303.4322694454
2026-04-15 15:30:00,1601303.4322694454
2026-04-15 15:45:00,1601303.4322694454
2026-04-15 16:00:00,1601303.4322694454
2026-04-15 16:15:00,1601303.4322694454
2026-04-15 16:30:00,1601303.4322694454
2026-04-15 16:45:00,1601303.4322694454
2026-04-15 17:00:00,1601303.4322694454
2026-04-15 17:15:00,1601303.4322694454
2026-04-15 17:30:00,1601303.4322694454
2026-04-15 17:45:00,1601303.4322694454
2026-04-15 18:00:00,1601303.4322694454
2026-04-15 18:15:00,1601303.4322694454
2026-04-15 18:30:00,1601303.4322694454
2026-04-15 18:45:00,1601303.4322694454
2026-04-15 19:00:00,1601303.4322694454
2026-04-15 19:15:00,1601303.4322694454
2026-04-15 19:30:00,1601303.4322694454
2026-04-15 19:45:00,1601303.4322694454
2026-04-15 20:00:00,1601303.4322694454
2026-04-15 20:15:00,1601303.4322694454
2026-04-15 20:30:00,1601303.4322694454
2026-04-15 20:45:00,1601303.4322694454
2026-04-15 21:00:00,1601303.4322694454
2026-04-15 21:15:00,1601303.4322694454
2026-04-15 21:30:00,1601303.4322694454
2026-04-15 21:45:00,1601303.4322694454
2026-04-15 22:00:00,1601303.4322694454
2026-04-15 22:15:00,1601303.4322694454
2026-04-15 22:30:00,1601303.4322694454
2026-04-15 22:45:00,1601303.4322694454
2026-04-15 23:00:00,1601303.4322694454
2026-04-15 23:15:00,1601303.4322694454
2026-04-15 23:30:00,1601303.4322694454
2026-04-15 23:45:00,1601303.4322694454
2026-04-16 00:00:00,1601303.4322694454
2026-04-16 00:15:00,1601303.4322694454
2026-04-16 00:30:00,1601303.4322694454
2026-04-16 00:45:00,1601303.4322694454
2026-04-16 01:00:00,1601303.4322694454
2026-04-16 01:15:00,1601303.4322694454
2026-04-16 01:30:00,1601303.4322694454
2026-04-16 01:45:00,1601303.4322694454
2026-04-16 02:00:00,1601303.4322694454
2026-04-16 02:15:00,1601303.4322694454
2026-04-16 02:30:00,1601303.4322694454
2026-04-16 02:45:00,1601303.4322694454
2026-04-16 03:00:00,1601303.4322694454
2026-04-16 03:15:00,1601303.4322694454
2026-04-16 03:30:00,1601303.4322694454
2026-04-16 03:45:00,1601303.4322694454
2026-04-16 04:00:00,1601303.4322694454
2026-04-16 04:15:00,1601303.4322694454
2026-04-16 04:30:00,1601303.4322694454
2026-04-16 04:45:00,1601303.4322694454
2026-04-16 05:00:00,1601303.4322694454
2026-04-16 05:15:00,1601303.4322694454
2026-04-16 05:30:00,1601303.4322694454
2026-04-16 05:45:00,1601303.4322694454
2026-04-16 06:00:00,1601303.4322694454
2026-04-16 06:15:00,1601303.4322694454
2026-04-16 06:30:00,1601303.4322694454
2026-04-16 06:45:00,1601303.4322694454
2026-04-16 07:00:00,1601303.4322694454
2026-04-16 07:15:00,1601303.4322694454
2026-04-16 07:30:00,1601303.4322694454
2026-04-16 07:45:00,1601303.4322694454
2026-04-16 08:00:00,1601303.4322694454
2026-04-16 08:15:00,1601303.4322694454
2026-04-16 08:30:00,1601303.4322694454
2026-04-16 08:45:00,1601303.4322694454
2026-04-16 09:00:00,1601303.4322694454
2026-04-16 09:15:00,1601303.4322694454
2026-04-16 09:30:00,1601303.4322694454
2026-04-16 09:45:00,1601303.4322694454
2026-04-16 10:00:00,1601303.4322694454
2026-04-16 10:15:00,1601303.4322694454
2026-04-16 10:30:00,1601303.4322694454
2026-04-16 10:45:00,1601303.4322694454
2026-04-16 11:00:00,1601303.4322694454
2026-04-16 11:15:00,1601303.4322694454
2026-04-16 11:30:00,1601303.4322694454
2026-04-16 11:45:00,1601303.4322694454
2026-04-16 12:00:00,1601303.4322694454
2026-04-16 12:15:00,1601303.4322694454
2026-04-16 12:30:00,1601303.4322694454
2026-04-16 12:45:00,1601303.4322694454
2026-04-16 13:00:00,1601303.4322694454
2026-04-16 13:15:00,1601303.4322694454
2026-04-16 13:30:00,1601303.4322694454
2026-04-16 13:45:00,1601303.4322694454
2026-04-16 14:00:00,1601303.4322694454
2026-04-16 14:15:00,1601303.4322694454
2026-04-16 14:30:00,1601303.4322694454
2026-04-16 14:45:00,1601303.4322694454
2026-04-16 15:00:00,1601303.4322694454
2026-04-16 15:15:00,1601303.4322694454
2026-04-16 15:30:00,1601303.4322694454
2026-04-16 15:45:00,1601303.4322694454
2026-04-16 16:00:00,1601303.4322694454
2026-04-16 16:15:00,1601303.4322694454
2026-04-16 16:30:00,1601303.4322694454
2026-04-16 16:45:00,1601303.4322694454
2026-04-16 17:00:00,1601303.4322694454
2026-04-16 17:15:00,1601303.4322694454
2026-04-16 17:30:00,1601303.4322694454
2026-04-16 17:45:00,1601303.4322694454
2026-04-16 18:00:00,1601303.4322694454
2026-04-16 18:15:00,1601303.4322694454
2026-04-16 18:30:00,1601303.4322694454
2026-04-16 18:45:00,1601303.4322694454
2026-04-16 19:00:00,1601303.4322694454
2026-04-16 19:15:00,1601303.4322694454
2026-04-16 19:30:00,1601303.4322694454
2026-04-16 19:45:00,1601303.4322694454
2026-04-16 20:00:00,1601303.4322694454
2026-04-16 20:15:00,1601303.4322694454
2026-04-16 20:30:00,1601303.4322694454
2026-04-16 20:45:00,1601303.4322694454
2026-04-16 21:00:00,1601303.4322694454
2026-04-16 21:15:00,1601303.4322694454
2026-04-16 21:30:00,1601303.4322694454
2026-04-16 21:45:00,1601303.4322694454
2026-04-16 22:00:00,1601303.4322694454
2026-04-16 22:15:00,1601303.4322694454
2026-04-16 22:30:00,1601303.4322694454
2026-04-16 22:45:00,1601303.4322694454
2026-04-16 23:00:00,1601303.4322694454
2026-04-16 23:15:00,1601303.4322694454
2026-04-16 23:30:00,1601303.4322694454
2026-04-16 23:45:00,1601303.4322694454
2026-04-17 00:00:00,1601303.4322694454
2026-04-17 00:15:00,1601303.4322694454
2026-04-17 00:30:00,1601303.4322694454
2026-04-17 00:45:00,1601303.4322694454
2026-04-17 01:00:00,1601303.4322694454
2026-04-17 01:15:00,1601303.4322694454
2026-04-17 01:30:00,1601303.4322694454
2026-04-17 01:45:00,1601303.4322694454
2026-04-17 02:00:00,1601303.4322694454
2026-04-17 02:15:00,1601303.4322694454
2026-04-17 02:30:00,1601303.4322694454
2026-04-17 02:45:00,1601303.4322694454
2026-04-17 03:00:00,1601303.4322694454
2026-04-17 03:15:00,1601303.4322694454
2026-04-17 03:30:00,1601303.4322694454
2026-04-17 03:45:00,1601303.4322694454
2026-04-17 04:00:00,1601303.4322694454
2026-04-17 04:15:00,1601303.4322694454
2026-04-17 04:30:00,1601303.4322694454
2026-04-17 04:45:00,1601303.4322694454
2026-04-17 05:00:00,1601303.4322694454
2026-04-17 05:15:00,1601303.4322694454
2026-04-17 05:30:00,1601303.4322694454
2026-04-17 05:45:00,1601303.4322694454
2026-04-17 06:00:00,1601303.4322694454
2026-04-17 06:15:00,1601303.4322694454
2026-04-17 06:30:00,1601303.4322694454
2026-04-17 06:45:00,1601303.4322694454
2026-04-17 07:00:00,1601303.4322694454
2026-04-17 07:15:00,1601303.4322694454
2026-04-17 07:30:00,1601303.4322694454
2026-04-17 07:45:00,1601303.4322694454
2026-04-17 08:00:00,1601303.4322694454
2026-04-17 08:15:00,1601303.4322694454
2026-04-17 08:30:00,1601303.4322694454
2026-04-17 08:45:00,1601303.4322694454
2026-04-17 09:00:00,1601303.4322694454
2026-04-17 09:15:00,1601303.4322694454
2026-04-17 09:30:00,1601303.4322694454
2026-04-17 09:45:00,1601303.4322694454
2026-04-17 10:00:00,1601303.4322694454
2026-04-17 10:15:00,1601303.4322694454
2026-04-17 10:30:00,1601303.4322694454
2026-04-17 10:45:00,1601303.4322694454
2026-04-17 11:00:00,1601303.4322694454
2026-04-17 11:15:00,1601303.4322694454
2026-04-17 11:30:00,1601303.4322694454
2026-04-17 11:45:00,1601303.4322694454
2026-04-17 12:00:00,1601303.4322694454
2026-04-17 12:15:00,1601303.4322694454
2026-04-17 12:30:00,1601303.4322694454
2026-04-17 12:45:00,1601303.4322694454
2026-04-17 13:00:00,1601303.4322694454
2026-04-17 13:15:00,1601303.4322694454
2026-04-17 13:30:00,1601303.4322694454
2026-04-17 13:45:00,1601303.4322694454
2026-04-17 14:00:00,1601303.4322694454
2026-04-17 14:15:00,1601303.4322694454
2026-04-17 14:30:00,1601303.4322694454
2026-04-17 14:45:00,1601303.4322694454
2026-04-17 15:00:00,1601303.4322694454
2026-04-17 15:15:00,1601303.4322694454
2026-04-17 15:30:00,1601303.4322694454
2026-04-17 15:45:00,1601303.4322694454
2026-04-17 16:00:00,1601303.4322694454
2026-04-17 16:15:00,1601303.4322694454
2026-04-17 16:30:00,1601303.4322694454
2026-04-17 16:45:00,1601303.4322694454
2026-04-17 17:00:00,1601303.4322694454
2026-04-17 17:15:00,1601303.4322694454
2026-04-17 17:30:00,1601303.4322694454
2026-04-17 17:45:00,1601303.4322694454
2026-04-17 18:00:00,1601303.4322694454
2026-04-17 18:15:00,1601303.4322694454
2026-04-17 18:30:00,1601303.4322694454
2026-04-17 18:45:00,1601303.4322694454
2026-04-17 19:00:00,1601303.4322694454
2026-04-17 19:15:00,1601303.4322694454
2026-04-17 19:30:00,1601303.4322694454
2026-04-17 19:45:00,1601303.4322694454
2026-04-17 20:00:00,1601303.4322694454
2026-04-17 20:15:00,1601303.4322694454
2026-04-17 20:30:00,1601303.4322694454
2026-04-17 20:45:00,1601303.4322694454
2026-04-17 21:00:00,1601303.4322694454
2026-04-17 21:15:00,1601303.4322694454
2026-04-17 21:30:00,1601303.4322694454
2026-04-17 21:45:00,1601303.4322694454
2026-04-17 22:00:00,1601303.4322694454
2026-04-17 22:15:00,1601303.4322694454
2026-04-17 22:30:00,1601303.4322694454
2026-04-17 22:45:00,1601303.4322694454
2026-04-17 23:00:00,1601303.4322694454
2026-04-17 23:15:00,1601303.4322694454
2026-04-17 23:30:00,1601303.4322694454
2026-04-17 23:45:00,1601303.4322694454
2026-04-18 01:00:00,1601303.4322694454
2026-04-18 01:15:00,1601303.4322694454
2026-04-18 01:30:00,1601303.4322694454
2026-04-18 01:45:00,1601303.4322694454
2026-04-18 02:00:00,1601303.4322694454
2026-04-18 02:15:00,1601303.4322694454
2026-04-18 02:30:00,1601303.4322694454
2026-04-18 02:45:00,1601303.4322694454
2026-04-18 03:00:00,1601303.4322694454
2026-04-18 03:15:00,1601303.4322694454
2026-04-18 03:30:00,1601303.4322694454
2026-04-18 03:45:00,1601303.4322694454
2026-04-18 04:00:00,1601303.4322694454
2026-04-18 04:15:00,1601303.4322694454
2026-04-18 04:30:00,1601303.4322694454
2026-04-18 04:45:00,1601303.4322694454
2026-04-18 05:00:00,1601303.4322694454
2026-04-18 05:15:00,1601303.4322694454
2026-04-18 05:30:00,1601303.4322694454
2026-04-18 05:45:00,1601303.4322694454
2026-04-18 06:00:00,1601303.4322694454
2026-04-18 06:15:00,1601303.4322694454
2026-04-18 06:30:00,1601303.4322694454
2026-04-18 06:45:00,1601303.4322694454
2026-04-18 07:00:00,1601303.4322694454
2026-04-18 07:15:00,1601303.4322694454
2026-04-18 07:30:00,1601303.4322694454
2026-04-18 07:45:00,1601303.4322694454
2026-04-18 08:00:00,1601303.4322694454
2026-04-18 08:15:00,1601303.4322694454
2026-04-18 08:30:00,1601303.4322694454
2026-04-18 08:45:00,1601303.4322694454
2026-04-18 09:00:00,1601303.4322694454
2026-04-18 09:15:00,1601303.4322694454
2026-04-18 09:30:00,1601303.4322694454
2026-04-18 09:45:00,1601303.4322694454
2026-04-18 10:00:00,1601303.4322694454
2026-04-18 10:15:00,1601303.4322694454
2026-04-18 10:30:00,1601303.4322694454
2026-04-18 10:45:00,1601303.4322694454
2026-04-18 11:00:00,1601303.4322694454
2026-04-18 11:15:00,1601303.4322694454
2026-04-18 11:30:00,1601303.4322694454
2026-04-18 11:45:00,1601303.4322694454
2026-04-18 12:00:00,1601303.4322694454
2026-04-18 12:15:00,1601303.4322694454
2026-04-18 12:30:00,1601303.4322694454
2026-04-18 12:45:00,1601303.4322694454
2026-04-18 13:00:00,1601303.4322694454
2026-04-18 13:15:00,1601303.4322694454
2026-04-18 13:30:00,1601303.4322694454
2026-04-18 13:45:00,1601303.4322694454
2026-04-18 14:00:00,1601303.4322694454
2026-04-18 14:15:00,1601303.4322694454
2026-04-18 14:30:00,1601303.4322694454
2026-04-18 14:45:00,1601303.4322694454
2026-04-18 15:00:00,1601303.4322694454
2026-04-18 15:15:00,1601303.4322694454
2026-04-18 15:30:00,1601303.4322694454
2026-04-18 15:45:00,1601303.4322694454
2026-04-18 16:00:00,1601303.4322694454
2026-04-18 16:15:00,1601303.4322694454
2026-04-18 16:30:00,1601303.4322694454
2026-04-18 16:45:00,1601303.4322694454
2026-04-18 17:00:00,1601303.4322694454
2026-04-18 17:15:00,1601303.4322694454
2026-04-18 17:30:00,1601303.4322694454
2026-04-18 17:45:00,1601303.4322694454
2026-04-18 18:00:00,1601303.4322694454
2026-04-18 18:15:00,1601303.4322694454
2026-04-18 18:30:00,1601303.4322694454
2026-04-18 18:45:00,1601303.4322694454
2026-04-18 19:00:00,1601303.4322694454
2026-04-18 19:15:00,1601303.4322694454
2026-04-18 19:30:00,1601303.4322694454
2026-04-18 19:45:00,1601303.4322694454
2026-04-18 20:00:00,1601303.4322694454
2026-04-18 20:15:00,1601303.4322694454
2026-04-18 20:30:00,1601303.4322694454
2026-04-18 20:45:00,1601303.4322694454
2026-04-18 21:00:00,1601303.4322694454
2026-04-18 21:15:00,1601303.4322694454
2026-04-18 21:30:00,1601303.4322694454
2026-04-18 21:45:00,1601303.4322694454
2026-04-18 22:00:00,1601303.4322694454
2026-04-18 22:15:00,1601303.4322694454
2026-04-18 22:30:00,1601303.4322694454
2026-04-18 22:45:00,1601303.4322694454
2026-04-18 23:00:00,1601303.4322694454
2026-04-18 23:15:00,1601303.4322694454
2026-04-18 23:30:00,1601303.4322694454
2026-04-18 23:45:00,1601303.4322694454
2026-04-19 00:00:00,1601303.4322694454
2026-04-19 00:15:00,1601303.4322694454
2026-04-19 00:30:00,1601303.4322694454
2026-04-19 00:45:00,1601303.4322694454
2026-04-19 01:00:00,1601303.4322694454
2026-04-19 01:15:00,1601303.4322694454
2026-04-19 01:30:00,1601303.4322694454
2026-04-19 01:45:00,1601303.4322694454
2026-04-19 02:00:00,1601303.4322694454
2026-04-19 02:15:00,1601303.4322694454
2026-04-19 02:30:00,1601303.4322694454
2026-04-19 02:45:00,1601303.4322694454
2026-04-19 03:00:00,1601303.4322694454
2026-04-19 03:15:00,1601303.4322694454
2026-04-19 03:30:00,1601303.4322694454
2026-04-19 03:45:00,1601303.4322694454
2026-04-19 04:00:00,1601303.4322694454
2026-04-19 04:15:00,1601303.4322694454
2026-04-19 04:30:00,1601303.4322694454
2026-04-19 04:45:00,1601303.4322694454
2026-04-19 05:00:00,1601303.4322694454
2026-04-19 05:15:00,1601303.4322694454
2026-04-19 05:30:00,1601303.4322694454
2026-04-19 05:45:00,1601303.4322694454
2026-04-19 06:00:00,1601303.4322694454
2026-04-19 06:15:00,1601303.4322694454
2026-04-19 06:30:00,1601303.4322694454
2026-04-19 06:45:00,1601303.4322694454
2026-04-19 07:00:00,1601303.4322694454
2026-04-19 07:15:00,1601303.4322694454
2026-04-19 07:30:00,1601303.4322694454
2026-04-19 07:45:00,1601303.4322694454
2026-04-19 08:00:00,1601303.4322694454
2026-04-19 08:15:00,1601303.4322694454
2026-04-19 08:30:00,1601303.4322694454
2026-04-19 08:45:00,1601303.4322694454
2026-04-19 09:00:00,1601303.4322694454
2026-04-19 09:15:00,1601303.4322694454
2026-04-19 09:30:00,1601303.4322694454
2026-04-19 09:45:00,1601303.4322694454
2026-04-19 10:00:00,1601303.4322694454
2026-04-19 10:15:00,1601303.4322694454
2026-04-19 10:30:00,1601303.4322694454
2026-04-19 10:45:00,1601303.4322694454
2026-04-19 11:00:00,1601303.4322694454
2026-04-19 11:15:00,1601303.4322694454
2026-04-19 11:30:00,1601303.4322694454
2026-04-19 11:45:00,1601303.4322694454
2026-04-19 12:00:00,1601303.4322694454
2026-04-19 12:15:00,1601303.4322694454
2026-04-19 12:30:00,1601303.4322694454
2026-04-19 12:45:00,1601303.4322694454
2026-04-19 13:00:00,1601303.4322694454
2026-04-19 13:15:00,1601303.4322694454
2026-04-19 13:30:00,1601303.4322694454
2026-04-19 13:45:00,1601303.4322694454
2026-04-19 14:00:00,1601303.4322694454
2026-04-19 14:15:00,1601303.4322694454
2026-04-19 14:30:00,1601303.4322694454
2026-04-19 14:45:00,1601303.4322694454
2026-04-19 15:00:00,1601303.4322694454
2026-04-19 15:15:00,1601303.4322694454
2026-04-19 15:30:00,1601303.4322694454
2026-04-19 15:45:00,1601303.4322694454
2026-04-19 16:00:00,1601303.4322694454
2026-04-19 16:15:00,1601303.4322694454
2026-04-19 16:30:00,1601303.4322694454
2026-04-19 16:45:00,1601303.4322694454
2026-04-19 17:00:00,1601303.4322694454
2026-04-19 17:15:00,1601303.4322694454
2026-04-19 17:30:00,1601303.4322694454
2026-04-19 17:45:00,1601303.4322694454
2026-04-19 18:00:00,1601303.4322694454
2026-04-19 18:15:00,1601303.4322694454
2026-04-19 18:30:00,1601303.4322694454
2026-04-19 18:45:00,1601303.4322694454
2026-04-19 19:00:00,1601303.4322694454
2026-04-19 19:15:00,1601303.4322694454
2026-04-19 19:30:00,1601303.4322694454
2026-04-19 19:45:00,1601303.4322694454
2026-04-19 20:00:00,1601303.4322694454
2026-04-19 20:15:00,1601303.4322694454
2026-04-19 20:30:00,1601303.4322694454
2026-04-19 20:45:00,1601303.4322694454
2026-04-19 21:00:00,1601303.4322694454
2026-04-19 21:15:00,1601303.4322694454
2026-04-19 21:30:00,1601303.4322694454
2026-04-19 21:45:00,1601303.4322694454
2026-04-19 22:00:00,1601303.4322694454
2026-04-19 22:15:00,1601303.4322694454
2026-04-19 22:30:00,1601303.4322694454
2026-04-19 22:45:00,1601303.4322694454
2026-04-19 23:00:00,1601303.4322694454
2026-04-19 23:15:00,1601303.4322694454
2026-04-19 23:30:00,1601303.4322694454
2026-04-19 23:45:00,1601303.4322694454
2026-04-20 00:00:00,1601303.4322694454
2026-04-20 00:15:00,1601303.4322694454
2026-04-20 00:30:00,1601303.4322694454
2026-04-20 00:45:00,1601303.4322694454
2026-04-20 01:00:00,1601303.4322694454
2026-04-20 01:15:00,1601303.4322694454
2026-04-20 01:30:00,1601303.4322694454
2026-04-20 01:45:00,1601303.4322694454
2026-04-20 02:00:00,1601303.4322694454
2026-04-20 02:15:00,1601303.4322694454
2026-04-20 02:30:00,1601303.4322694454
2026-04-20 02:45:00,1601303.4322694454
2026-04-20 03:00:00,1601303.4322694454
2026-04-20 03:15:00,1601303.4322694454
2026-04-20 03:30:00,1601303.4322694454
2026-04-20 03:45:00,1601303.4322694454
2026-04-20 04:00:00,1601303.4322694454
2026-04-20 04:15:00,1601303.4322694454
2026-04-20 04:30:00,1601303.4322694454
2026-04-20 04:45:00,1601303.4322694454
2026-04-20 05:00:00,1601303.4322694454
2026-04-20 05:15:00,1601303.4322694454
2026-04-20 05:30:00,1601303.4322694454
2026-04-20 05:45:00,1601303.4322694454
2026-04-20 06:00:00,1601303.4322694454
2026-04-20 06:15:00,1601303.4322694454
2026-04-20 06:30:00,1601303.4322694454
2026-04-20 06:45:00,1601303.4322694454
2026-04-20 07:00:00,1601303.4322694454
2026-04-20 07:15:00,1601303.4322694454
2026-04-20 07:30:00,1601303.4322694454
2026-04-20 07:45:00,1601303.4322694454
2026-04-20 08:00:00,1601303.4322694454
2026-04-20 08:15:00,1601303.4322694454
2026-04-20 08:30:00,1601303.4322694454
2026-04-20 08:45:00,1601303.4322694454
2026-04-20 09:00:00,1601303.4322694454
2026-04-20 09:15:00,1601303.4322694454
2026-04-20 09:30:00,1601303.4322694454
2026-04-20 09:45:00,1601303.4322694454
2026-04-20 10:00:00,1601303.4322694454
2026-04-20 10:15:00,1601303.4322694454
2026-04-20 10:30:00,1601303.4322694454
2026-04-20 10:45:00,1601303.4322694454
2026-04-20 11:00:00,1601303.4322694454
2026-04-20 11:15:00,1601303.4322694454
2026-04-20 11:30:00,1601303.4322694454
2026-04-20 11:45:00,1601303.4322694454
2026-04-20 12:00:00,1601303.4322694454
2026-04-20 12:15:00,1601303.4322694454
2026-04-20 12:30:00,1601303.4322694454
2026-04-20 12:45:00,1601303.4322694454
2026-04-20 13:00:00,1601303.4322694454
2026-04-20 13:15:00,1601303.4322694454
2026-04-20 13:30:00,1601303.4322694454
2026-04-20 13:45:00,1601303.4322694454
2026-04-20 14:00:00,1601303.4322694454
2026-04-20 14:15:00,1601303.4322694454
2026-04-20 14:30:00,1601303.4322694454
2026-04-20 14:45:00,1601303.4322694454
2026-04-20 15:00:00,1601303.4322694454
2026-04-20 15:15:00,1601303.4322694454
2026-04-20 15:30:00,1601303.4322694454
2026-04-20 15:45:00,1601303.4322694454
2026-04-20 16:00:00,1601303.4322694454
2026-04-20 16:15:00,1601303.4322694454
2026-04-20 16:30:00,1601303.4322694454
2026-04-20 16:45:00,1601303.4322694454
2026-04-20 17:00:00,1601303.4322694454
2026-04-20 17:15:00,1601303.4322694454
2026-04-20 17:30:00,1601303.4322694454
2026-04-20 17:45:00,1601303.4322694454
2026-04-20 18:00:00,1601303.4322694454
2026-04-20 18:15:00,1601303.4322694454
2026-04-20 18:30:00,1601303.4322694454
2026-04-20 18:45:00,1601303.4322694454
2026-04-20 19:00:00,1601303.4322694454
2026-04-20 19:15:00,1601303.4322694454
2026-04-20 19:30:00,1601303.4322694454
2026-04-20 19:45:00,1601303.4322694454
2026-04-20 20:00:00,1601303.4322694454
2026-04-20 20:15:00,1601303.4322694454
2026-04-20 20:30:00,1601303.4322694454
2026-04-20 20:45:00,1601303.4322694454
2026-04-20 21:00:00,1601303.4322694454
2026-04-20 21:15:00,1601303.4322694454
2026-04-20 21:30:00,1601303.4322694454
2026-04-20 21:45:00,1601303.4322694454
2026-04-20 22:00:00,1601303.4322694454
2026-04-20 22:15:00,1601303.4322694454
2026-04-20 22:30:00,1601303.4322694454
2026-04-20 22:45:00,1601303.4322694454
2026-04-20 23:00:00,1601303.4322694454
2026-04-20 23:15:00,1601303.4322694454
2026-04-20 23:30:00,1601303.4322694454
2026-04-20 23:45:00,1601303.4322694454
2026-04-21 00:00:00,1601303.4322694454
2026-04-21 00:15:00,1601303.4322694454
2026-04-21 00:30:00,1601303.4322694454
2026-04-21 00:45:00,1601303.4322694454
2026-04-21 01:00:00,1601303.4322694454
2026-04-21 01:15:00,1601303.4322694454
2026-04-21 01:30:00,1601303.4322694454
2026-04-21 01:45:00,1601303.4322694454
2026-04-21 02:00:00,1601303.4322694454
2026-04-21 02:15:00,1601303.4322694454
2026-04-21 02:30:00,1601303.4322694454
2026-04-21 02:45:00,1601303.4322694454
2026-04-21 03:00:00,1601303.4322694454
2026-04-21 03:15:00,1601303.4322694454
2026-04-21 03:30:00,1601303.4322694454
2026-04-21 03:45:00,1601303.4322694454
2026-04-21 04:00:00,1601303.4322694454
2026-04-21 04:15:00,1601303.4322694454
2026-04-21 04:30:00,1601303.4322694454
2026-04-21 04:45:00,1601303.4322694454
2026-04-21 05:00:00,1601303.4322694454
2026-04-21 05:15:00,1601303.4322694454
2026-04-21 05:30:00,1601303.4322694454
2026-04-21 05:45:00,1601303.4322694454
2026-04-21 06:00:00,1601303.4322694454
2026-04-21 06:15:00,1601303.4322694454
2026-04-21 06:30:00,1601303.4322694454
2026-04-21 06:45:00,1601303.4322694454
2026-04-21 07:00:00,1601303.4322694454
2026-04-21 07:15:00,1601303.4322694454
2026-04-21 07:30:00,1601303.4322694454
2026-04-21 07:45:00,1601303.4322694454
2026-04-21 08:00:00,1601303.4322694454
2026-04-21 08:15:00,1601303.4322694454
2026-04-21 08:30:00,1601303.4322694454
2026-04-21 08:45:00,1601303.4322694454
2026-04-21 09:00:00,1601303.4322694454
2026-04-21 09:15:00,1601303.4322694454
2026-04-21 09:30:00,1601303.4322694454
2026-04-21 09:45:00,1601303.4322694454
2026-04-21 10:00:00,1601303.4322694454
2026-04-21 10:15:00,1601303.4322694454
2026-04-21 10:30:00,1601303.4322694454
2026-04-21 10:45:00,1601303.4322694454
2026-04-21 11:00:00,1601303.4322694454
2026-04-21 11:15:00,1601303.4322694454
2026-04-21 11:30:00,1601303.4322694454
2026-04-21 11:45:00,1601303.4322694454
2026-04-21 12:00:00,1601303.4322694454
2026-04-21 12:15:00,1601303.4322694454
2026-04-21 12:30:00,1601303.4322694454
2026-04-21 12:45:00,1601303.4322694454
2026-04-21 13:00:00,1601303.4322694454
2026-04-21 13:15:00,1601303.4322694454
2026-04-21 13:30:00,1601303.4322694454
2026-04-21 13:45:00,1601303.4322694454
2026-04-21 14:00:00,1601303.4322694454
2026-04-21 14:15:00,1601303.4322694454
2026-04-21 14:30:00,1601303.4322694454
2026-04-21 14:45:00,1601303.4322694454
2026-04-21 15:00:00,1601303.4322694454
2026-04-21 15:15:00,1601303.4322694454
2026-04-21 15:30:00,1601303.4322694454
2026-04-21 15:45:00,1601303.4322694454
2026-04-21 16:00:00,1601303.4322694454
2026-04-21 16:15:00,1601303.4322694454
2026-04-21 16:30:00,1601303.4322694454
2026-04-21 16:45:00,1601303.4322694454
2026-04-21 17:00:00,1601303.4322694454
2026-04-21 17:15:00,1601303.4322694454
2026-04-21 17:30:00,1601303.4322694454
2026-04-21 17:45:00,1601303.4322694454
2026-04-21 18:00:00,1601303.4322694454
2026-04-21 18:15:00,1601303.4322694454
2026-04-21 18:30:00,1601303.4322694454
2026-04-21 18:45:00,1601303.4322694454
2026-04-21 19:00:00,1601303.4322694454
2026-04-21 19:15:00,1601303.4322694454
2026-04-21 19:30:00,1601303.4322694454
2026-04-21 19:45:00,1601303.4322694454
2026-04-21 20:00:00,1601303.4322694454
2026-04-21 20:15:00,1601303.4322694454
2026-04-21 20:30:00,1601303.4322694454
2026-04-21 20:45:00,1601303.4322694454
2026-04-21 21:00:00,1601303.4322694454
2026-04-21 21:15:00,1601303.4322694454
2026-04-21 21:30:00,1601303.4322694454
2026-04-21 21:45:00,1601303.4322694454
2026-04-21 22:00:00,1601303.4322694454
2026-04-21 22:15:00,1601303.4322694454
2026-04-21 22:30:00,1601303.4322694454
2026-04-21 22:45:00,1601303.4322694454
2026-04-21 23:00:00,1601303.4322694454
2026-04-21 23:15:00,1601303.4322694454
2026-04-21 23:30:00,1601303.4322694454
2026-04-21 23:45:00,1601303.4322694454
2026-04-22 00:00:00,1601303.4322694454
2026-04-22 00:15:00,1601303.4322694454
2026-04-22 00:30:00,1601303.4322694454
2026-04-22 00:45:00,1601303.4322694454
2026-04-22 01:00:00,1601303.4322694454
2026-04-22 01:15:00,1601303.4322694454
2026-04-22 01:30:00,1601303.4322694454
2026-04-22 01:45:00,1601303.4322694454
2026-04-22 02:00:00,1601303.4322694454
2026-04-22 02:15:00,1601303.4322694454
2026-04-22 02:30:00,1601303.4322694454
2026-04-22 02:45:00,1601303.4322694454
2026-04-22 03:00:00,1601303.4322694454
2026-04-22 03:15:00,1601303.4322694454
2026-04-22 03:30:00,1601303.4322694454
2026-04-22 03:45:00,1601303.4322694454
2026-04-22 04:00:00,1601303.4322694454
2026-04-22 04:15:00,1601303.4322694454
2026-04-22 04:30:00,1601303.4322694454
2026-04-22 04:45:00,1601303.4322694454
2026-04-22 05:00:00,1601303.4322694454
2026-04-22 05:15:00,1601303.4322694454
2026-04-22 05:30:00,1601303.4322694454
2026-04-22 05:45:00,1601303.4322694454
2026-04-22 06:00:00,1601303.4322694454
2026-04-22 06:15:00,1601303.4322694454
2026-04-22 06:30:00,1601303.4322694454
2026-04-22 06:45:00,1601303.4322694454
2026-04-22 07:00:00,1601303.4322694454
2026-04-22 07:15:00,1601303.4322694454
2026-04-22 07:30:00,1601303.4322694454
2026-04-22 07:45:00,1601303.4322694454
2026-04-22 08:00:00,1601303.4322694454
2026-04-22 08:15:00,1601303.4322694454
2026-04-22 08:30:00,1601303.4322694454
2026-04-22 08:45:00,1601303.4322694454
2026-04-22 09:00:00,1601303.4322694454
2026-04-22 09:15:00,1601303.4322694454
2026-04-22 09:30:00,1601303.4322694454
2026-04-22 09:45:00,1601303.4322694454
2026-04-22 10:00:00,1601303.4322694454
2026-04-22 10:15:00,1601303.4322694454
2026-04-22 10:30:00,1601303.4322694454
2026-04-22 10:45:00,1601303.4322694454
2026-04-22 11:00:00,1601303.4322694454
2026-04-22 11:15:00,1601303.4322694454
2026-04-22 11:30:00,1601303.4322694454
2026-04-22 11:45:00,1601303.4322694454
2026-04-22 12:00:00,1601303.4322694454
2026-04-22 12:15:00,1601303.4322694454
2026-04-22 12:30:00,1601303.4322694454
2026-04-22 12:45:00,1601303.4322694454
2026-04-22 13:00:00,1601303.4322694454
2026-04-22 13:15:00,1601303.4322694454
2026-04-22 13:30:00,1601303.4322694454
2026-04-22 13:45:00,1601303.4322694454
2026-04-22 14:00:00,1601303.4322694454
2026-04-22 14:15:00,1601303.4322694454
2026-04-22 14:30:00,1601303.4322694454
2026-04-22 14:45:00,1601303.4322694454
2026-04-22 15:00:00,1601303.4322694454
2026-04-22 15:15:00,1601303.4322694454
2026-04-22 15:30:00,1601303.4322694454
2026-04-22 15:45:00,1601303.4322694454
2026-04-22 16:00:00,1601303.4322694454
2026-04-22 16:15:00,1601303.4322694454
2026-04-22 16:30:00,1601303.4322694454
2026-04-22 16:45:00,1601303.4322694454
2026-04-22 17:00:00,1601303.4322694454
2026-04-22 17:15:00,1601303.4322694454
2026-04-22 17:30:00,1601303.4322694454
2026-04-22 17:45:00,1601303.4322694454
2026-04-22 18:00:00,1601303.4322694454
2026-04-22 18:15:00,1601303.4322694454
2026-04-22 18:30:00,1601303.4322694454
2026-04-22 18:45:00,1601303.4322694454
2026-04-22 19:00:00,1601303.4322694454
2026-04-22 19:15:00,1601303.4322694454
2026-04-22 19:30:00,1601303.4322694454
2026-04-22 19:45:00,1601303.4322694454
2026-04-22 20:00:00,1601303.4322694454
2026-04-22 20:15:00,1601303.4322694454
2026-04-22 20:30:00,1601303.4322694454
2026-04-22 20:45:00,1601303.4322694454
2026-04-22 21:00:00,1601303.4322694454
2026-04-22 21:15:00,1601303.4322694454
2026-04-22 21:30:00,1601303.4322694454
2026-04-22 21:45:00,1601303.4322694454
2026-04-22 22:00:00,1601303.4322694454
2026-04-22 22:15:00,1601303.4322694454
2026-04-22 22:30:00,1601303.4322694454
2026-04-22 22:45:00,1601303.4322694454
2026-04-22 23:00:00,1601303.4322694454
2026-04-22 23:15:00,1601303.4322694454
2026-04-22 23:30:00,1601303.4322694454
2026-04-22 23:45:00,1601303.4322694454
2026-04-23 00:00:00,1601303.4322694454
2026-04-23 00:15:00,1601303.4322694454
2026-04-23 00:30:00,1601303.4322694454
2026-04-23 00:45:00,1601303.4322694454
2026-04-23 01:00:00,1601303.4322694454
2026-04-23 01:15:00,1601303.4322694454
2026-04-23 01:30:00,1601303.4322694454
2026-04-23 01:45:00,1601303.4322694454
2026-04-23 02:00:00,1601303.4322694454
2026-04-23 02:15:00,1601303.4322694454
2026-04-23 02:30:00,1601303.4322694454
2026-04-23 02:45:00,1601303.4322694454
2026-04-23 03:00:00,1601303.4322694454
2026-04-23 03:15:00,1601303.4322694454
2026-04-23 03:30:00,1601303.4322694454
2026-04-23 03:45:00,1601303.4322694454
2026-04-23 04:00:00,1601303.4322694454
2026-04-23 04:15:00,1601303.4322694454
2026-04-23 04:30:00,1601303.4322694454
2026-04-23 04:45:00,1601303.4322694454
2026-04-23 05:00:00,1601303.4322694454
2026-04-23 05:15:00,1601303.4322694454
2026-04-23 05:30:00,1601303.4322694454
2026-04-23 05:45:00,1601303.4322694454
2026-04-23 06:00:00,1601303.4322694454
2026-04-23 06:15:00,1601303.4322694454
2026-04-23 06:30:00,1601303.4322694454
2026-04-23 06:45:00,1601303.4322694454
2026-04-23 07:00:00,1601303.4322694454
2026-04-23 07:15:00,1601303.4322694454
2026-04-23 07:30:00,1601303.4322694454
2026-04-23 07:45:00,1601303.4322694454
2026-04-23 08:00:00,1601303.4322694454
2026-04-23 08:15:00,1601303.4322694454
2026-04-23 08:30:00,1601303.4322694454
2026-04-23 08:45:00,1601303.4322694454
2026-04-23 09:00:00,1601303.4322694454
2026-04-23 09:15:00,1601303.4322694454
2026-04-23 09:30:00,1601303.4322694454
2026-04-23 09:45:00,1601303.4322694454
2026-04-23 10:00:00,1601303.4322694454
2026-04-23 10:15:00,1601303.4322694454
2026-04-23 10:30:00,1601303.4322694454
2026-04-23 10:45:00,1601303.4322694454
2026-04-23 11:00:00,1601303.4322694454
2026-04-23 11:15:00,1601303.4322694454
2026-04-23 11:30:00,1601303.4322694454
2026-04-23 11:45:00,1601303.4322694454
2026-04-23 12:00:00,1601303.4322694454
2026-04-23 12:15:00,1601303.4322694454
2026-04-23 12:30:00,1601303.4322694454
2026-04-23 12:45:00,1601303.4322694454
2026-04-23 13:00:00,1601303.4322694454
2026-04-23 13:15:00,1601303.4322694454
2026-04-23 13:30:00,1601303.4322694454
2026-04-23 13:45:00,1601303.4322694454
2026-04-23 14:00:00,1601303.4322694454
2026-04-23 14:15:00,1601303.4322694454
2026-04-23 14:30:00,1601303.4322694454
2026-04-23 14:45:00,1601303.4322694454
2026-04-23 15:00:00,1601303.4322694454
2026-04-23 15:15:00,1601303.4322694454
2026-04-23 15:30:00,1601303.4322694454
2026-04-23 15:45:00,1601303.4322694454
2026-04-23 16:00:00,1601303.4322694454
2026-04-23 16:15:00,1601303.4322694454
2026-04-23 16:30:00,1601303.4322694454
2026-04-23 16:45:00,1601303.4322694454
2026-04-23 17:00:00,1601303.4322694454
2026-04-23 17:15:00,1601303.4322694454
2026-04-23 17:30:00,1601303.4322694454
2026-04-23 17:45:00,1601303.4322694454
2026-04-23 18:00:00,1601303.4322694454
2026-04-23 18:15:00,1601303.4322694454
2026-04-23 18:30:00,1601303.4322694454
2026-04-23 18:45:00,1601303.4322694454
2026-04-23 19:00:00,1601303.4322694454
2026-04-23 19:15:00,1601303.4322694454
2026-04-23 19:30:00,1601303.4322694454
2026-04-23 19:45:00,1601303.4322694454
2026-04-23 20:00:00,1601303.4322694454
2026-04-23 20:15:00,1601303.4322694454
2026-04-23 20:30:00,1601303.4322694454
2026-04-23 20:45:00,1601303.4322694454
2026-04-23 21:00:00,1601303.4322694454
2026-04-23 21:15:00,1601303.4322694454
2026-04-23 21:30:00,1601303.4322694454
2026-04-23 21:45:00,1601303.4322694454
2026-04-23 22:00:00,1601303.4322694454
2026-04-23 22:15:00,1601303.4322694454
2026-04-23 22:30:00,1601303.4322694454
2026-04-23 22:45:00,1601303.4322694454
2026-04-23 23:00:00,1601303.4322694454
2026-04-23 23:15:00,1601303.4322694454
2026-04-23 23:30:00,1601303.4322694454
2026-04-23 23:45:00,1601303.4322694454
2026-04-24 00:00:00,1601303.4322694454
2026-04-24 00:15:00,1601303.4322694454
2026-04-24 00:30:00,1601303.4322694454
2026-04-24 00:45:00,1601303.4322694454
2026-04-24 01:00:00,1601303.4322694454
2026-04-24 01:15:00,1601303.4322694454
2026-04-24 01:30:00,1601303.4322694454
2026-04-24 01:45:00,1601303.4322694454
2026-04-24 02:00:00,1601303.4322694454
2026-04-24 02:15:00,1601303.4322694454
2026-04-24 02:30:00,1601303.4322694454
2026-04-24 02:45:00,1601303.4322694454
2026-04-24 03:00:00,1601303.4322694454
2026-04-24 03:15:00,1601303.4322694454
2026-04-24 03:30:00,1601303.4322694454
2026-04-24 03:45:00,1601303.4322694454
2026-04-24 04:00:00,1601303.4322694454
2026-04-24 04:15:00,1601303.4322694454
2026-04-24 04:30:00,1601303.4322694454
2026-04-24 04:45:00,1601303.4322694454
2026-04-24 05:00:00,1601303.4322694454
2026-04-24 05:15:00,1601303.4322694454
2026-04-24 05:30:00,1601303.4322694454
2026-04-24 05:45:00,1601303.4322694454
2026-04-24 06:00:00,1601303.4322694454
2026-04-24 06:15:00,1601303.4322694454
2026-04-24 06:30:00,1601303.4322694454
2026-04-24 06:45:00,1601303.4322694454
2026-04-24 07:00:00,1601303.4322694454
2026-04-24 07:15:00,1601303.4322694454
2026-04-24 07:30:00,1601303.4322694454
2026-04-24 07:45:00,1601303.4322694454
2026-04-24 08:00:00,1601303.4322694454
2026-04-24 08:15:00,1601303.4322694454
2026-04-24 08:30:00,1601303.4322694454
2026-04-24 08:45:00,1601303.4322694454
2026-04-24 09:00:00,1601303.4322694454
2026-04-24 09:15:00,1601303.4322694454
2026-04-24 09:30:00,1601303.4322694454
2026-04-24 09:45:00,1601303.4322694454
2026-04-24 10:00:00,1601303.4322694454
2026-04-24 10:15:00,1601303.4322694454
2026-04-24 10:30:00,1601303.4322694454
2026-04-24 10:45:00,1601303.4322694454
2026-04-24 11:00:00,1601303.4322694454
2026-04-24 11:15:00,1601303.4322694454
2026-04-24 11:30:00,1601303.4322694454
2026-04-24 11:45:00,1601303.4322694454
2026-04-24 12:00:00,1601303.4322694454
2026-04-24 12:15:00,1601303.4322694454
2026-04-24 12:30:00,1601303.4322694454
2026-04-24 12:45:00,1601303.4322694454
2026-04-24 13:00:00,1601303.4322694454
2026-04-24 13:15:00,1601303.4322694454
2026-04-24 13:30:00,1601303.4322694454
2026-04-24 13:45:00,1601303.4322694454
2026-04-24 14:00:00,1601303.4322694454
2026-04-24 14:15:00,1601303.4322694454
2026-04-24 14:30:00,1601303.4322694454
2026-04-24 14:45:00,1601303.4322694454
2026-04-24 15:00:00,1601303.4322694454
2026-04-24 15:15:00,1601303.4322694454
2026-04-24 15:30:00,1601303.4322694454
2026-04-24 15:45:00,1601303.4322694454
2026-04-24 16:00:00,1601303.4322694454
2026-04-24 16:15:00,1601303.4322694454
2026-04-24 16:30:00,1601303.4322694454
2026-04-24 16:45:00,1601303.4322694454
2026-04-24 17:00:00,1601303.4322694454
2026-04-24 17:15:00,1601303.4322694454
2026-04-24 17:30:00,1601303.4322694454
2026-04-24 17:45:00,1601303.4322694454
2026-04-24 18:00:00,1601303.4322694454
2026-04-24 18:15:00,1601303.4322694454
2026-04-24 18:30:00,1601303.4322694454
2026-04-24 18:45:00,1601303.4322694454
2026-04-24 19:00:00,1601303.4322694454
2026-04-24 19:15:00,1601303.4322694454
2026-04-24 19:30:00,1601303.4322694454
2026-04-24 19:45:00,1601303.4322694454
2026-04-24 20:00:00,1601303.4322694454
2026-04-24 20:15:00,1601303.4322694454
2026-04-24 20:30:00,1601303.4322694454
2026-04-24 20:45:00,1601303.4322694454
2026-04-24 21:00:00,1601303.4322694454
2026-04-24 21:15:00,1601303.4322694454
2026-04-24 21:30:00,1601303.4322694454
2026-04-24 21:45:00,1601303.4322694454
2026-04-24 22:00:00,1601303.4322694454
2026-04-24 22:15:00,1601303.4322694454
2026-04-24 22:30:00,1601303.4322694454
2026-04-24 22:45:00,1601303.4322694454
2026-04-24 23:00:00,1601303.4322694454
2026-04-24 23:15:00,1601303.4322694454
2026-04-24 23:30:00,1601303.4322694454
2026-04-24 23:45:00,1601303.4322694454
2026-04-25 01:00:00,1601303.4322694454
2026-04-25 01:15:00,1601303.4322694454
2026-04-25 01:30:00,1601303.4322694454
2026-04-25 01:45:00,1601303.4322694454
2026-04-25 02:00:00,1601303.4322694454
2026-04-25 02:15:00,1601303.4322694454
2026-04-25 02:30:00,1601303.4322694454
2026-04-25 02:45:00,1601303.4322694454
2026-04-25 03:00:00,1601303.4322694454
2026-04-25 03:15:00,1601303.4322694454
2026-04-25 03:30:00,1601303.4322694454
2026-04-25 03:45:00,1601303.4322694454
2026-04-25 04:00:00,1601303.4322694454
2026-04-25 04:15:00,1601303.4322694454
2026-04-25 04:30:00,1601303.4322694454
2026-04-25 04:45:00,1601303.4322694454
2026-04-25 05:00:00,1601303.4322694454
2026-04-25 05:15:00,1601303.4322694454
2026-04-25 05:30:00,1601303.4322694454
2026-04-25 05:45:00,1601303.4322694454
2026-04-25 06:00:00,1601303.4322694454
2026-04-25 06:15:00,1601303.4322694454
2026-04-25 06:30:00,1601303.4322694454
2026-04-25 06:45:00,1601303.4322694454
2026-04-25 07:00:00,1601303.4322694454
2026-04-25 07:15:00,1601303.4322694454
2026-04-25 07:30:00,1601303.4322694454
2026-04-25 07:45:00,1601303.4322694454
2026-04-25 08:00:00,1601303.4322694454
2026-04-25 08:15:00,1601303.4322694454
2026-04-25 08:30:00,1601303.4322694454
2026-04-25 08:45:00,1601303.4322694454
2026-04-25 09:00:00,1601303.4322694454
2026-04-25 09:15:00,1601303.4322694454
2026-04-25 09:30:00,1601303.4322694454
2026-04-25 09:45:00,1601303.4322694454
2026-04-25 10:00:00,1601303.4322694454
2026-04-25 10:15:00,1601303.4322694454
2026-04-25 10:30:00,1601303.4322694454
2026-04-25 10:45:00,1601303.4322694454
2026-04-25 11:00:00,1601303.4322694454
2026-04-25 11:15:00,1601303.4322694454
2026-04-25 11:30:00,1601303.4322694454
2026-04-25 11:45:00,1601303.4322694454
2026-04-25 12:00:00,1601303.4322694454
2026-04-25 12:15:00,1601303.4322694454
2026-04-25 12:30:00,1601303.4322694454
2026-04-25 12:45:00,1601303.4322694454
2026-04-25 13:00:00,1601303.4322694454
2026-04-25 13:15:00,1601303.4322694454
2026-04-25 13:30:00,1601303.4322694454
2026-04-25 13:45:00,1601303.4322694454
2026-04-25 14:00:00,1601303.4322694454
2026-04-25 14:15:00,1601303.4322694454
2026-04-25 14:30:00,1601303.4322694454
2026-04-25 14:45:00,1601303.4322694454
2026-04-25 15:00:00,1601303.4322694454
2026-04-25 15:15:00,1601303.4322694454
2026-04-25 15:30:00,1601303.4322694454
2026-04-25 15:45:00,1601303.4322694454
2026-04-25 16:00:00,1601303.4322694454
2026-04-25 16:15:00,1601303.4322694454
2026-04-25 16:30:00,1601303.4322694454
2026-04-25 16:45:00,1601303.4322694454
2026-04-25 17:00:00,1601303.4322694454
2026-04-25 17:15:00,1601303.4322694454
2026-04-25 17:30:00,1601303.4322694454
2026-04-25 17:45:00,1601303.4322694454
2026-04-25 18:00:00,1601303.4322694454
2026-04-25 18:15:00,1601303.4322694454
2026-04-25 18:30:00,1601303.4322694454
2026-04-25 18:45:00,1601303.4322694454
2026-04-25 19:00:00,1601303.4322694454
2026-04-25 19:15:00,1601303.4322694454
2026-04-25 19:30:00,1601303.4322694454
2026-04-25 19:45:00,1601303.4322694454
2026-04-25 20:00:00,1601303.4322694454
2026-04-25 20:15:00,1601303.4322694454
2026-04-25 20:30:00,1601303.4322694454
2026-04-25 20:45:00,1601303.4322694454
2026-04-25 21:00:00,1601303.4322694454
2026-04-25 21:15:00,1601303.4322694454
2026-04-25 21:30:00,1601303.4322694454
2026-04-25 21:45:00,1601303.4322694454
2026-04-25 22:00:00,1601303.4322694454
2026-04-25 22:15:00,1601303.4322694454
2026-04-25 22:30:00,1601303.4322694454
2026-04-25 22:45:00,1601303.4322694454
2026-04-25 23:00:00,1601303.4322694454
2026-04-25 23:15:00,1601303.4322694454
2026-04-25 23:30:00,1601303.4322694454
2026-04-25 23:45:00,1601303.4322694454
2026-04-26 00:00:00,1601303.4322694454
2026-04-26 00:15:00,1601303.4322694454
2026-04-26 00:30:00,1601303.4322694454
2026-04-26 00:45:00,1601303.4322694454
2026-04-26 01:00:00,1601303.4322694454
2026-04-26 01:15:00,1601303.4322694454
2026-04-26 01:30:00,1601303.4322694454
2026-04-26 01:45:00,1601303.4322694454
2026-04-26 02:00:00,1601303.4322694454
2026-04-26 02:15:00,1601303.4322694454
2026-04-26 02:30:00,1601303.4322694454
2026-04-26 02:45:00,1601303.4322694454
2026-04-26 03:00:00,1601303.4322694454
2026-04-26 03:15:00,1601303.4322694454
2026-04-26 03:30:00,1601303.4322694454
2026-04-26 03:45:00,1601303.4322694454
2026-04-26 04:00:00,1601303.4322694454
2026-04-26 04:15:00,1601303.4322694454
2026-04-26 04:30:00,1601303.4322694454
2026-04-26 04:45:00,1601303.4322694454
2026-04-26 05:00:00,1601303.4322694454
2026-04-26 05:15:00,1601303.4322694454
2026-04-26 05:30:00,1601303.4322694454
2026-04-26 05:45:00,1601303.4322694454
2026-04-26 06:00:00,1601303.4322694454
2026-04-26 06:15:00,1601303.4322694454
2026-04-26 06:30:00,1601303.4322694454
2026-04-26 06:45:00,1601303.4322694454
2026-04-26 07:00:00,1601303.4322694454
2026-04-26 07:15:00,1601303.4322694454
2026-04-26 07:30:00,1601303.4322694454
2026-04-26 07:45:00,1601303.4322694454
2026-04-26 08:00:00,1601303.4322694454
2026-04-26 08:15:00,1601303.4322694454
2026-04-26 08:30:00,1601303.4322694454
2026-04-26 08:45:00,1601303.4322694454
2026-04-26 09:00:00,1601303.4322694454
2026-04-26 09:15:00,1601303.4322694454
2026-04-26 09:30:00,1601303.4322694454
2026-04-26 09:45:00,1601303.4322694454
2026-04-26 10:00:00,1601303.4322694454
2026-04-26 10:15:00,1601303.4322694454
2026-04-26 10:30:00,1601303.4322694454
2026-04-26 10:45:00,1601303.4322694454
2026-04-26 11:00:00,1601303.4322694454
2026-04-26 11:15:00,1601303.4322694454
2026-04-26 11:30:00,1601303.4322694454
2026-04-26 11:45:00,1601303.4322694454
2026-04-26 12:00:00,1601303.4322694454
2026-04-26 12:15:00,1601303.4322694454
2026-04-26 12:30:00,1601303.4322694454
2026-04-26 12:45:00,1601303.4322694454
2026-04-26 13:00:00,1601303.4322694454
2026-04-26 13:15:00,1601303.4322694454
2026-04-26 13:30:00,1601303.4322694454
2026-04-26 13:45:00,1601303.4322694454
2026-04-26 14:00:00,1601303.4322694454
2026-04-26 14:15:00,1601303.4322694454
2026-04-26 14:30:00,1601303.4322694454
2026-04-26 14:45:00,1601303.4322694454
2026-04-26 15:00:00,1601303.4322694454
2026-04-26 15:15:00,1601303.4322694454
2026-04-26 15:30:00,1601303.4322694454
2026-04-26 15:45:00,1601303.4322694454
2026-04-26 16:00:00,1601303.4322694454
2026-04-26 16:15:00,1601303.4322694454
2026-04-26 16:30:00,1601303.4322694454
2026-04-26 16:45:00,1601303.4322694454
2026-04-26 17:00:00,1601303.4322694454
2026-04-26 17:15:00,1601303.4322694454
2026-04-26 17:30:00,1601303.4322694454
2026-04-26 17:45:00,1601303.4322694454
2026-04-26 18:00:00,1601303.4322694454
2026-04-26 18:15:00,1601303.4322694454
2026-04-26 18:30:00,1601303.4322694454
2026-04-26 18:45:00,1601303.4322694454
2026-04-26 19:00:00,1601303.4322694454
2026-04-26 19:15:00,1601303.4322694454
2026-04-26 19:30:00,1601303.4322694454
2026-04-26 19:45:00,1601303.4322694454
2026-04-26 20:00:00,1601303.4322694454
2026-04-26 20:15:00,1601303.4322694454
2026-04-26 20:30:00,1601303.4322694454
2026-04-26 20:45:00,1601303.4322694454
2026-04-26 21:00:00,1601303.4322694454
2026-04-26 21:15:00,1601303.4322694454
2026-04-26 21:30:00,1601303.4322694454
2026-04-26 21:45:00,1601303.4322694454
2026-04-26 22:00:00,1601303.4322694454
2026-04-26 22:15:00,1601303.4322694454
2026-04-26 22:30:00,1601303.4322694454
2026-04-26 22:45:00,1601303.4322694454
2026-04-26 23:00:00,1601303.4322694454
2026-04-26 23:15:00,1601303.4322694454
2026-04-26 23:30:00,1601303.4322694454
2026-04-26 23:45:00,1601303.4322694454
2026-04-27 00:00:00,1601303.4322694454
2026-04-27 00:15:00,1601303.4322694454
2026-04-27 00:30:00,1601303.4322694454
2026-04-27 00:45:00,1601303.4322694454
2026-04-27 01:00:00,1601303.4322694454
2026-04-27 01:15:00,1601303.4322694454
2026-04-27 01:30:00,1601303.4322694454
2026-04-27 01:45:00,1601303.4322694454
2026-04-27 02:00:00,1601303.4322694454
2026-04-27 02:15:00,1601303.4322694454
2026-04-27 02:30:00,1601303.4322694454
2026-04-27 02:45:00,1601303.4322694454
2026-04-27 03:00:00,1601303.4322694454
2026-04-27 03:15:00,1601303.4322694454
2026-04-27 03:30:00,1601303.4322694454
2026-04-27 03:45:00,1601303.4322694454
2026-04-27 04:00:00,1601303.4322694454
2026-04-27 04:15:00,1601303.4322694454
2026-04-27 04:30:00,1601303.4322694454
2026-04-27 04:45:00,1601303.4322694454
2026-04-27 05:00:00,1601303.4322694454
2026-04-27 05:15:00,1601303.4322694454
2026-04-27 05:30:00,1601303.4322694454
2026-04-27 05:45:00,1601303.4322694454
2026-04-27 06:00:00,1601303.4322694454
2026-04-27 06:15:00,1601303.4322694454
2026-04-27 06:30:00,1601303.4322694454
2026-04-27 06:45:00,1601303.4322694454
2026-04-27 07:00:00,1601303.4322694454
2026-04-27 07:15:00,1601303.4322694454
2026-04-27 07:30:00,1601303.4322694454
2026-04-27 07:45:00,1601303.4322694454
2026-04-27 08:00:00,1601303.4322694454
2026-04-27 08:15:00,1601303.4322694454
2026-04-27 08:30:00,1601303.4322694454
2026-04-27 08:45:00,1601303.4322694454
2026-04-27 09:00:00,1601303.4322694454
2026-04-27 09:15:00,1601303.4322694454
2026-04-27 09:30:00,1601303.4322694454
2026-04-27 09:45:00,1601303.4322694454
2026-04-27 10:00:00,1601303.4322694454
2026-04-27 10:15:00,1601303.4322694454
2026-04-27 10:30:00,1601303.4322694454
2026-04-27 10:45:00,1601303.4322694454
2026-04-27 11:00:00,1601303.4322694454
2026-04-27 11:15:00,1601303.4322694454
2026-04-27 11:30:00,1601303.4322694454
2026-04-27 11:45:00,1601303.4322694454
2026-04-27 12:00:00,1601303.4322694454
2026-04-27 12:15:00,1601303.4322694454
2026-04-27 12:30:00,1601303.4322694454
2026-04-27 12:45:00,1601303.4322694454
2026-04-27 13:00:00,1601303.4322694454
2026-04-27 13:15:00,1601303.4322694454
2026-04-27 13:30:00,1601303.4322694454
2026-04-27 13:45:00,1601303.4322694454
2026-04-27 14:00:00,1601303.4322694454
2026-04-27 14:15:00,1601303.4322694454
2026-04-27 14:30:00,1601303.4322694454
2026-04-27 14:45:00,1601303.4322694454
2026-04-27 15:00:00,1601303.4322694454
2026-04-27 15:15:00,1601303.4322694454
2026-04-27 15:30:00,1601303.4322694454
2026-04-27 15:45:00,1601303.4322694454
2026-04-27 16:00:00,1601303.4322694454
2026-04-27 16:15:00,1601303.4322694454
2026-04-27 16:30:00,1601303.4322694454
2026-04-27 16:45:00,1601303.4322694454
2026-04-27 17:00:00,1601303.4322694454
2026-04-27 17:15:00,1601303.4322694454
2026-04-27 17:30:00,1601303.4322694454
2026-04-27 17:45:00,1601303.4322694454
2026-04-27 18:00:00,1601303.4322694454
2026-04-27 18:15:00,1601303.4322694454
2026-04-27 18:30:00,1601303.4322694454
2026-04-27 18:45:00,1601303.4322694454
2026-04-27 19:00:00,1601303.4322694454
2026-04-27 19:15:00,1601303.4322694454
2026-04-27 19:30:00,1601303.4322694454
2026-04-27 19:45:00,1601303.4322694454
2026-04-27 20:00:00,1601303.4322694454
2026-04-27 20:15:00,1601303.4322694454
2026-04-27 20:30:00,1601303.4322694454
2026-04-27 20:45:00,1601303.4322694454
2026-04-27 21:00:00,1601303.4322694454
2026-04-27 21:15:00,1601303.4322694454
2026-04-27 21:30:00,1601303.4322694454
2026-04-27 21:45:00,1601303.4322694454
2026-04-27 22:00:00,1601303.4322694454
2026-04-27 22:15:00,1601303.4322694454
2026-04-27 22:30:00,1601303.4322694454
2026-04-27 22:45:00,1601303.4322694454
2026-04-27 23:00:00,1601303.4322694454
2026-04-27 23:15:00,1601303.4322694454
2026-04-27 23:30:00,1601303.4322694454
2026-04-27 23:45:00,1601303.4322694454
2026-04-28 00:00:00,1601303.4322694454
2026-04-28 00:15:00,1601303.4322694454
2026-04-28 00:30:00,1601303.4322694454
2026-04-28 00:45:00,1601303.4322694454
2026-04-28 01:00:00,1601303.4322694454
2026-04-28 01:15:00,1601303.4322694454
2026-04-28 01:30:00,1601303.4322694454
2026-04-28 01:45:00,1601303.4322694454
2026-04-28 02:00:00,1601303.4322694454
2026-04-28 02:15:00,1601303.4322694454
2026-04-28 02:30:00,1601303.4322694454
2026-04-28 02:45:00,1601303.4322694454
2026-04-28 03:00:00,1601303.4322694454
2026-04-28 03:15:00,1601303.4322694454
2026-04-28 03:30:00,1601303.4322694454
2026-04-28 03:45:00,1601303.4322694454
2026-04-28 04:00:00,1601303.4322694454
2026-04-28 04:15:00,1601303.4322694454
2026-04-28 04:30:00,1601303.4322694454
2026-04-28 04:45:00,1601303.4322694454
2026-04-28 05:00:00,1601303.4322694454
2026-04-28 05:15:00,1601303.4322694454
2026-04-28 05:30:00,1601303.4322694454
2026-04-28 05:45:00,1601303.4322694454
2026-04-28 06:00:00,1601303.4322694454
2026-04-28 06:15:00,1601303.4322694454
2026-04-28 06:30:00,1601303.4322694454
2026-04-28 06:45:00,1601303.4322694454
2026-04-28 07:00:00,1601303.4322694454
2026-04-28 07:15:00,1601303.4322694454
2026-04-28 07:30:00,1601303.4322694454
2026-04-28 07:45:00,1601303.4322694454
2026-04-28 08:00:00,1601303.4322694454
2026-04-28 08:15:00,1601303.4322694454
2026-04-28 08:30:00,1601303.4322694454
2026-04-28 08:45:00,1601303.4322694454
2026-04-28 09:00:00,1601303.4322694454
2026-04-28 09:15:00,1601303.4322694454
2026-04-28 09:30:00,1601303.4322694454
2026-04-28 09:45:00,1601303.4322694454
2026-04-28 10:00:00,1601303.4322694454
2026-04-28 10:15:00,1601303.4322694454
2026-04-28 10:30:00,1601303.4322694454
2026-04-28 10:45:00,1601303.4322694454
2026-04-28 11:00:00,1601303.4322694454
2026-04-28 11:15:00,1601303.4322694454
2026-04-28 11:30:00,1601303.4322694454
2026-04-28 11:45:00,1601303.4322694454
2026-04-28 12:00:00,1601303.4322694454
2026-04-28 12:15:00,1601303.4322694454
2026-04-28 12:30:00,1601303.4322694454
2026-04-28 12:45:00,1601303.4322694454
2026-04-28 13:00:00,1601303.4322694454
2026-04-28 13:15:00,1601303.4322694454
2026-04-28 13:30:00,1601303.4322694454
2026-04-28 13:45:00,1601303.4322694454
2026-04-28 14:00:00,1601303.4322694454
2026-04-28 14:15:00,1601303.4322694454
2026-04-28 14:30:00,1601303.4322694454
2026-04-28 14:45:00,1601303.4322694454
2026-04-28 15:00:00,1601303.4322694454
2026-04-28 15:15:00,1601303.4322694454
2026-04-28 15:30:00,1601303.4322694454
2026-04-28 15:45:00,1601303.4322694454
2026-04-28 16:00:00,1601303.4322694454
2026-04-28 16:15:00,1601303.4322694454
2026-04-28 16:30:00,1601303.4322694454
2026-04-28 16:45:00,1601303.4322694454
2026-04-28 17:00:00,1601303.4322694454
2026-04-28 17:15:00,1601303.4322694454
2026-04-28 17:30:00,1601303.4322694454
2026-04-28 17:45:00,1601303.4322694454
2026-04-28 18:00:00,1601303.4322694454
2026-04-28 18:15:00,1601303.4322694454
2026-04-28 18:30:00,1601303.4322694454
2026-04-28 18:45:00,1601303.4322694454
2026-04-28 19:00:00,1601303.4322694454
2026-04-28 19:15:00,1601303.4322694454
2026-04-28 19:30:00,1601303.4322694454
2026-04-28 19:45:00,1601303.4322694454
2026-04-28 20:00:00,1601303.4322694454
2026-04-28 20:15:00,1601303.4322694454
2026-04-28 20:30:00,1601303.4322694454
2026-04-28 20:45:00,1601303.4322694454
2026-04-28 21:00:00,1601303.4322694454
2026-04-28 21:15:00,1601303.4322694454
2026-04-28 21:30:00,1601303.4322694454
2026-04-28 21:45:00,1601303.4322694454
2026-04-28 22:00:00,1601303.4322694454
2026-04-28 22:15:00,1601303.4322694454
2026-04-28 22:30:00,1601303.4322694454
2026-04-28 22:45:00,1601303.4322694454
2026-04-28 23:00:00,1601303.4322694454
2026-04-28 23:15:00,1601303.4322694454
2026-04-28 23:30:00,1601303.4322694454
2026-04-28 23:45:00,1601303.4322694454
2026-04-29 00:00:00,1601303.4322694454
2026-04-29 00:15:00,1601303.4322694454
2026-04-29 00:30:00,1601303.4322694454
2026-04-29 00:45:00,1601303.4322694454
2026-04-29 01:00:00,1601303.4322694454
2026-04-29 01:15:00,1601303.4322694454
2026-04-29 01:30:00,1601303.4322694454
2026-04-29 01:45:00,1601303.4322694454
2026-04-29 02:00:00,1601303.4322694454
2026-04-29 02:15:00,1601303.4322694454
2026-04-29 02:30:00,1601303.4322694454
2026-04-29 02:45:00,1601303.4322694454
2026-04-29 03:00:00,1601303.4322694454
2026-04-29 03:15:00,1601303.4322694454
2026-04-29 03:30:00,1601303.4322694454
2026-04-29 03:45:00,1601303.4322694454
2026-04-29 04:00:00,1601303.4322694454
2026-04-29 04:15:00,1601303.4322694454
2026-04-29 04:30:00,1601303.4322694454
2026-04-29 04:45:00,1601303.4322694454
2026-04-29 05:00:00,1601303.4322694454
2026-04-29 05:15:00,1601303.4322694454
2026-04-29 05:30:00,1601303.4322694454
2026-04-29 05:45:00,1601303.4322694454
2026-04-29 06:00:00,1601303.4322694454
2026-04-29 06:15:00,1601303.4322694454
2026-04-29 06:30:00,1601303.4322694454
2026-04-29 06:45:00,1601303.4322694454
2026-04-29 07:00:00,1601303.4322694454
2026-04-29 07:15:00,1601303.4322694454
2026-04-29 07:30:00,1601303.4322694454
2026-04-29 07:45:00,1601303.4322694454
2026-04-29 08:00:00,1601303.4322694454
2026-04-29 08:15:00,1601303.4322694454
2026-04-29 08:30:00,1601303.4322694454
2026-04-29 08:45:00,1601303.4322694454
2026-04-29 09:00:00,1601303.4322694454
2026-04-29 09:15:00,1601303.4322694454
2026-04-29 09:30:00,1601303.4322694454
2026-04-29 09:45:00,1601303.4322694454
2026-04-29 10:00:00,1601303.4322694454
2026-04-29 10:15:00,1601303.4322694454
2026-04-29 10:30:00,1601303.4322694454
2026-04-29 10:45:00,1601303.4322694454
2026-04-29 11:00:00,1601303.4322694454
2026-04-29 11:15:00,1601303.4322694454
2026-04-29 11:30:00,1601303.4322694454
2026-04-29 11:45:00,1601303.4322694454
2026-04-29 12:00:00,1601303.4322694454
2026-04-29 12:15:00,1601303.4322694454
2026-04-29 12:30:00,1601303.4322694454
2026-04-29 12:45:00,1601303.4322694454
2026-04-29 13:00:00,1601303.4322694454
2026-04-29 13:15:00,1601303.4322694454
2026-04-29 13:30:00,1601303.4322694454
2026-04-29 13:45:00,1601303.4322694454
2026-04-29 14:00:00,1601303.4322694454
2026-04-29 14:15:00,1601303.4322694454
2026-04-29 14:30:00,1601303.4322694454
2026-04-29 14:45:00,1601303.4322694454
2026-04-29 15:00:00,1601303.4322694454
2026-04-29 15:15:00,1601303.4322694454
2026-04-29 15:30:00,1601303.4322694454
2026-04-29 15:45:00,1601303.4322694454
2026-04-29 16:00:00,1601303.4322694454
2026-04-29 16:15:00,1601303.4322694454
2026-04-29 16:30:00,1601303.4322694454
2026-04-29 16:45:00,1601303.4322694454
2026-04-29 17:00:00,1601303.4322694454
2026-04-29 17:15:00,1601303.4322694454
2026-04-29 17:30:00,1601303.4322694454
2026-04-29 17:45:00,1601303.4322694454
2026-04-29 18:00:00,1601303.4322694454
2026-04-29 18:15:00,1601303.4322694454
2026-04-29 18:30:00,1601303.4322694454
2026-04-29 18:45:00,1601303.4322694454
2026-04-29 19:00:00,1601303.4322694454
2026-04-29 19:15:00,1601303.4322694454
2026-04-29 19:30:00,1601303.4322694454
2026-04-29 19:45:00,1601303.4322694454
2026-04-29 20:00:00,1601303.4322694454
2026-04-29 20:15:00,1601303.4322694454
2026-04-29 20:30:00,1601303.4322694454
2026-04-29 20:45:00,1601303.4322694454
2026-04-29 21:00:00,1601303.4322694454
2026-04-29 21:15:00,1601303.4322694454
2026-04-29 21:30:00,1601303.4322694454
2026-04-29 21:45:00,1601303.4322694454
2026-04-29 22:00:00,1601303.4322694454
2026-04-29 22:15:00,1601303.4322694454
2026-04-29 22:30:00,1601303.4322694454
2026-04-29 22:45:00,1601303.4322694454
2026-04-29 23:00:00,1601303.4322694454
2026-04-29 23:15:00,1601303.4322694454
2026-04-29 23:30:00,1601303.4322694454
2026-04-29 23:45:00,1601303.4322694454
2026-04-30 00:00:00,1601303.4322694454
2026-04-30 00:15:00,1601303.4322694454
2026-04-30 00:30:00,1601303.4322694454
2026-04-30 00:45:00,1601303.4322694454
2026-04-30 01:00:00,1601303.4322694454
2026-04-30 01:15:00,1601303.4322694454
2026-04-30 01:30:00,1601303.4322694454
2026-04-30 01:45:00,1601303.4322694454
2026-04-30 02:00:00,1601303.4322694454
2026-04-30 02:15:00,1601303.4322694454
2026-04-30 02:30:00,1601303.4322694454
2026-04-30 02:45:00,1601303.4322694454
2026-04-30 03:00:00,1601303.4322694454
2026-04-30 03:15:00,1601303.4322694454
2026-04-30 03:30:00,1601303.4322694454
2026-04-30 03:45:00,1601303.4322694454
2026-04-30 04:00:00,1601303.4322694454
2026-04-30 04:15:00,1601303.4322694454
2026-04-30 04:30:00,1601303.4322694454
2026-04-30 04:45:00,1601303.4322694454
2026-04-30 05:00:00,1601303.4322694454
2026-04-30 05:15:00,1601303.4322694454
2026-04-30 05:30:00,1601303.4322694454
2026-04-30 05:45:00,1601303.4322694454
2026-04-30 06:00:00,1601303.4322694454
2026-04-30 06:15:00,1601303.4322694454
2026-04-30 06:30:00,1601303.4322694454
2026-04-30 06:45:00,1601303.4322694454
2026-04-30 07:00:00,1601303.4322694454
2026-04-30 07:15:00,1601303.4322694454
2026-04-30 07:30:00,1601303.4322694454
2026-04-30 07:45:00,1601303.4322694454
2026-04-30 08:00:00,1601303.4322694454
2026-04-30 08:15:00,1601303.4322694454
2026-04-30 08:30:00,1601303.4322694454
2026-04-30 08:45:00,1601303.4322694454
2026-04-30 09:00:00,1601303.4322694454
2026-04-30 09:15:00,1601303.4322694454
2026-04-30 09:30:00,1601303.4322694454
2026-04-30 09:45:00,1601303.4322694454
2026-04-30 10:00:00,1601303.4322694454
2026-04-30 10:15:00,1601303.4322694454
2026-04-30 10:30:00,1601303.4322694454
2026-04-30 10:45:00,1601303.4322694454
2026-04-30 11:00:00,1601303.4322694454
2026-04-30 11:15:00,1601303.4322694454
2026-04-30 11:30:00,1601303.4322694454
2026-04-30 11:45:00,1601303.4322694454
2026-04-30 12:00:00,1601303.4322694454
2026-04-30 12:15:00,1601303.4322694454
2026-04-30 12:30:00,1601303.4322694454
2026-04-30 12:45:00,1601303.4322694454
2026-04-30 13:00:00,1601303.4322694454
2026-04-30 13:15:00,1601303.4322694454
2026-04-30 13:30:00,1601303.4322694454
2026-04-30 13:45:00,1601303.4322694454
2026-04-30 14:00:00,1601303.4322694454
2026-04-30 14:15:00,1601303.4322694454
2026-04-30 14:30:00,1601303.4322694454
2026-04-30 14:45:00,1601303.4322694454
2026-04-30 15:00:00,1601303.4322694454
2026-04-30 15:15:00,1601303.4322694454
2026-04-30 15:30:00,1601303.4322694454
2026-04-30 15:45:00,1601303.4322694454
2026-04-30 16:00:00,1601303.4322694454
2026-04-30 16:15:00,1601303.4322694454
2026-04-30 16:30:00,1601303.4322694454
2026-04-30 16:45:00,1601303.4322694454
2026-04-30 17:00:00,1601303.4322694454
2026-04-30 17:15:00,1601303.4322694454
2026-04-30 17:30:00,1601303.4322694454
2026-04-30 17:45:00,1601303.4322694454
2026-04-30 18:00:00,1601303.4322694454
2026-04-30 18:15:00,1601303.4322694454
2026-04-30 18:30:00,1601303.4322694454
2026-04-30 18:45:00,1601303.4322694454
2026-04-30 19:00:00,1601303.4322694454
2026-04-30 19:15:00,1601303.4322694454
2026-04-30 19:30:00,1601303.4322694454
2026-04-30 19:45:00,1601303.4322694454
2026-04-30 20:00:00,1601303.4322694454
2026-04-30 20:15:00,1601303.4322694454
2026-04-30 20:30:00,1601303.4322694454
2026-04-30 20:45:00,1601303.4322694454
2026-04-30 21:00:00,1601303.4322694454
2026-04-30 21:15:00,1601303.4322694454
2026-04-30 21:30:00,1601303.4322694454
2026-04-30 21:45:00,1601303.4322694454
2026-04-30 22:00:00,1601303.4322694454
2026-04-30 22:15:00,1601303.4322694454
2026-04-30 22:30:00,1601303.4322694454
2026-04-30 22:45:00,1601303.4322694454
2026-04-30 23:00:00,1601303.4322694454
2026-04-30 23:15:00,1601303.4322694454
2026-04-30 23:30:00,1601303.4322694454
2026-04-30 23:45:00,1601303.4322694454
2026-05-01 00:00:00,1601303.4322694454
2026-05-01 00:15:00,1601303.4322694454
2026-05-01 00:30:00,1601303.4322694454
2026-05-01 00:45:00,1601303.4322694454
2026-05-01 01:00:00,1601303.4322694454
2026-05-01 01:15:00,1601303.4322694454
2026-05-01 01:30:00,1601303.4322694454
2026-05-01 01:45:00,1601303.4322694454
2026-05-01 02:00:00,1601303.4322694454
2026-05-01 02:15:00,1601303.4322694454
2026-05-01 02:30:00,1601303.4322694454
2026-05-01 02:45:00,1601303.4322694454
2026-05-01 03:00:00,1601303.4322694454
2026-05-01 03:15:00,1601303.4322694454
2026-05-01 03:30:00,1601303.4322694454
2026-05-01 03:45:00,1601303.4322694454
2026-05-01 04:00:00,1601303.4322694454
2026-05-01 04:15:00,1601303.4322694454
2026-05-01 04:30:00,1601303.4322694454
2026-05-01 04:45:00,1601303.4322694454
2026-05-01 05:00:00,1601303.4322694454
2026-05-01 05:15:00,1601303.4322694454
2026-05-01 05:30:00,1601303.4322694454
2026-05-01 05:45:00,1601303.4322694454
2026-05-01 06:00:00,1601303.4322694454
2026-05-01 06:15:00,1601303.4322694454
2026-05-01 06:30:00,1601303.4322694454
2026-05-01 06:45:00,1601303.4322694454
2026-05-01 07:00:00,1601303.4322694454
2026-05-01 07:15:00,1601303.4322694454
2026-05-01 07:30:00,1601303.4322694454
2026-05-01 07:45:00,1601303.4322694454
2026-05-01 08:00:00,1601303.4322694454
2026-05-01 08:15:00,1601303.4322694454
2026-05-01 08:30:00,1601303.4322694454
2026-05-01 08:45:00,1601303.4322694454
2026-05-01 09:00:00,1601303.4322694454
2026-05-01 09:15:00,1601303.4322694454
2026-05-01 09:30:00,1601303.4322694454
2026-05-01 09:45:00,1601303.4322694454
2026-05-01 10:00:00,1601303.4322694454
2026-05-01 10:15:00,1601303.4322694454
2026-05-01 10:30:00,1601303.4322694454
2026-05-01 10:45:00,1601303.4322694454
2026-05-01 11:00:00,1601303.4322694454
2026-05-01 11:15:00,1601303.4322694454
2026-05-01 11:30:00,1601303.4322694454
2026-05-01 11:45:00,1601303.4322694454
2026-05-01 12:00:00,1601303.4322694454
2026-05-01 12:15:00,1601303.4322694454
2026-05-01 12:30:00,1601303.4322694454
2026-05-01 12:45:00,1601303.4322694454
2026-05-01 13:00:00,1601303.4322694454
2026-05-01 13:15:00,1601303.4322694454
2026-05-01 13:30:00,1601303.4322694454
2026-05-01 13:45:00,1601303.4322694454
2026-05-01 14:00:00,1601303.4322694454
2026-05-01 14:15:00,1601303.4322694454
2026-05-01 14:30:00,1601303.4322694454
2026-05-01 14:45:00,1601303.4322694454
2026-05-01 15:00:00,1601303.4322694454
2026-05-01 15:15:00,1601303.4322694454
2026-05-01 15:30:00,1601303.4322694454
2026-05-01 15:45:00,1601303.4322694454
2026-05-01 16:00:00,1601303.4322694454
2026-05-01 16:15:00,1601303.4322694454
2026-05-01 16:30:00,1601303.4322694454
2026-05-01 16:45:00,1601303.4322694454
2026-05-01 17:00:00,1601303.4322694454
2026-05-01 17:15:00,1601303.4322694454
2026-05-01 17:30:00,1601303.4322694454
2026-05-01 17:45:00,1601303.4322694454
2026-05-01 18:00:00,1601303.4322694454
2026-05-01 18:15:00,1601303.4322694454
2026-05-01 18:30:00,1601303.4322694454
2026-05-01 18:45:00,1601303.4322694454
2026-05-01 19:00:00,1601303.4322694454
2026-05-01 19:15:00,1601303.4322694454
2026-05-01 19:30:00,1601303.4322694454
2026-05-01 19:45:00,1601303.4322694454
2026-05-01 20:00:00,1601303.4322694454
2026-05-01 20:15:00,1601303.4322694454
2026-05-01 20:30:00,1601303.4322694454
2026-05-01 20:45:00,1601303.4322694454
2026-05-01 21:00:00,1601303.4322694454
2026-05-01 21:15:00,1601303.4322694454
2026-05-01 21:30:00,1601303.4322694454
2026-05-01 21:45:00,1601303.4322694454
2026-05-01 22:00:00,1601303.4322694454
2026-05-01 22:15:00,1601303.4322694454
2026-05-01 22:30:00,1601303.4322694454
2026-05-01 22:45:00,1601303.4322694454
2026-05-01 23:00:00,1601303.4322694454
2026-05-01 23:15:00,1601303.4322694454
2026-05-01 23:30:00,1601303.4322694454
2026-05-01 23:45:00,1601303.4322694454
2026-05-02 01:00:00,1601303.4322694454
2026-05-02 01:15:00,1601303.4322694454
2026-05-02 01:30:00,1601303.4322694454
2026-05-02 01:45:00,1601303.4322694454
2026-05-02 02:00:00,1601303.4322694454
2026-05-02 02:15:00,1601303.4322694454
2026-05-02 02:30:00,1601303.4322694454
2026-05-02 02:45:00,1601303.4322694454
2026-05-02 03:00:00,1601303.4322694454
2026-05-02 03:15:00,1601303.4322694454
2026-05-02 03:30:00,1601303.4322694454
2026-05-02 03:45:00,1601303.4322694454
2026-05-02 04:00:00,1601303.4322694454
2026-05-02 04:15:00,1601303.4322694454
2026-05-02 04:30:00,1601303.4322694454
2026-05-02 04:45:00,1601303.4322694454
2026-05-02 05:00:00,1601303.4322694454
2026-05-02 05:15:00,1601303.4322694454
2026-05-02 05:30:00,1601303.4322694454
2026-05-02 05:45:00,1601303.4322694454
2026-05-02 06:00:00,1601303.4322694454
2026-05-02 06:15:00,1601303.4322694454
2026-05-02 06:30:00,1601303.4322694454
2026-05-02 06:45:00,1601303.4322694454
2026-05-02 07:00:00,1601303.4322694454
2026-05-02 07:15:00,1601303.4322694454
2026-05-02 07:30:00,1601303.4322694454
2026-05-02 07:45:00,1601303.4322694454
2026-05-02 08:00:00,1601303.4322694454
2026-05-02 08:15:00,1601303.4322694454
2026-05-02 08:30:00,1601303.4322694454
2026-05-02 08:45:00,1601303.4322694454
2026-05-02 09:00:00,1601303.4322694454
2026-05-02 09:15:00,1601303.4322694454
2026-05-02 09:30:00,1601303.4322694454
2026-05-02 09:45:00,1601303.4322694454
2026-05-02 10:00:00,1601303.4322694454
2026-05-02 10:15:00,1601303.4322694454
2026-05-02 10:30:00,1601303.4322694454
2026-05-02 10:45:00,1601303.4322694454
2026-05-02 11:00:00,1601303.4322694454
2026-05-02 11:15:00,1601303.4322694454
2026-05-02 11:30:00,1601303.4322694454
2026-05-02 11:45:00,1601303.4322694454
2026-05-02 12:00:00,1601303.4322694454
2026-05-02 12:15:00,1601303.4322694454
2026-05-02 12:30:00,1601303.4322694454
2026-05-02 12:45:00,1601303.4322694454
2026-05-02 13:00:00,1601303.4322694454
2026-05-02 13:15:00,1601303.4322694454
2026-05-02 13:30:00,1601303.4322694454
2026-05-02 13:45:00,1601303.4322694454
2026-05-02 14:00:00,1601303.4322694454
2026-05-02 14:15:00,1601303.4322694454
2026-05-02 14:30:00,1601303.4322694454
2026-05-02 14:45:00,1601303.4322694454
2026-05-02 15:00:00,1601303.4322694454
2026-05-02 15:15:00,1601303.4322694454
2026-05-02 15:30:00,1601303.4322694454
2026-05-02 15:45:00,1601303.4322694454
2026-05-02 16:00:00,1601303.4322694454
2026-05-02 16:15:00,1601303.4322694454
2026-05-02 16:30:00,1601303.4322694454
2026-05-02 16:45:00,1601303.4322694454
2026-05-02 17:00:00,1601303.4322694454
2026-05-02 17:15:00,1601303.4322694454
2026-05-02 17:30:00,1601303.4322694454
2026-05-02 17:45:00,1601303.4322694454
2026-05-02 18:00:00,1601303.4322694454
2026-05-02 18:15:00,1601303.4322694454
2026-05-02 18:30:00,1601303.4322694454
2026-05-02 18:45:00,1601303.4322694454
2026-05-02 19:00:00,1601303.4322694454
2026-05-02 19:15:00,1601303.4322694454
2026-05-02 19:30:00,1601303.4322694454
2026-05-02 19:45:00,1601303.4322694454
2026-05-02 20:00:00,1601303.4322694454
2026-05-02 20:15:00,1601303.4322694454
2026-05-02 20:30:00,1601303.4322694454
2026-05-02 20:45:00,1601303.4322694454
2026-05-02 21:00:00,1601303.4322694454
2026-05-02 21:15:00,1601303.4322694454
2026-05-02 21:30:00,1601303.4322694454
2026-05-02 21:45:00,1601303.4322694454
2026-05-02 22:00:00,1601303.4322694454
2026-05-02 22:15:00,1601303.4322694454
2026-05-02 22:30:00,1601303.4322694454
2026-05-02 22:45:00,1601303.4322694454
2026-05-02 23:00:00,1601303.4322694454
2026-05-02 23:15:00,1601303.4322694454
2026-05-02 23:30:00,1601303.4322694454
2026-05-02 23:45:00,1601303.4322694454
2026-05-03 00:00:00,1601303.4322694454
2026-05-03 00:15:00,1601303.4322694454
2026-05-03 00:30:00,1601303.4322694454
2026-05-03 00:45:00,1601303.4322694454
2026-05-03 01:00:00,1601303.4322694454
2026-05-03 01:15:00,1601303.4322694454
2026-05-03 01:30:00,1601303.4322694454
2026-05-03 01:45:00,1601303.4322694454
2026-05-03 02:00:00,1601303.4322694454
2026-05-03 02:15:00,1601303.4322694454
2026-05-03 02:30:00,1601303.4322694454
2026-05-03 02:45:00,1601303.4322694454
2026-05-03 03:00:00,1601303.4322694454
2026-05-03 03:15:00,1601303.4322694454
2026-05-03 03:30:00,1601303.4322694454
2026-05-03 03:45:00,1601303.4322694454
2026-05-03 04:00:00,1601303.4322694454
2026-05-03 04:15:00,1601303.4322694454
2026-05-03 04:30:00,1601303.4322694454
2026-05-03 04:45:00,1601303.4322694454
2026-05-03 05:00:00,1601303.4322694454
2026-05-03 05:15:00,1601303.4322694454
2026-05-03 05:30:00,1601303.4322694454
2026-05-03 05:45:00,1601303.4322694454
2026-05-03 06:00:00,1601303.4322694454
2026-05-03 06:15:00,1601303.4322694454
2026-05-03 06:30:00,1601303.4322694454
2026-05-03 06:45:00,1601303.4322694454
2026-05-03 07:00:00,1601303.4322694454
2026-05-03 07:15:00,1601303.4322694454
2026-05-03 07:30:00,1601303.4322694454
2026-05-03 07:45:00,1601303.4322694454
2026-05-03 08:00:00,1601303.4322694454
2026-05-03 08:15:00,1601303.4322694454
2026-05-03 08:30:00,1601303.4322694454
2026-05-03 08:45:00,1601303.4322694454
2026-05-03 09:00:00,1601303.4322694454
2026-05-03 09:15:00,1601303.4322694454
2026-05-03 09:30:00,1601303.4322694454
2026-05-03 09:45:00,1601303.4322694454
2026-05-03 10:00:00,1601303.4322694454
2026-05-03 10:15:00,1601303.4322694454
2026-05-03 10:30:00,1601303.4322694454
2026-05-03 10:45:00,1601303.4322694454
2026-05-03 11:00:00,1601303.4322694454
2026-05-03 11:15:00,1601303.4322694454
2026-05-03 11:30:00,1601303.4322694454
2026-05-03 11:45:00,1601303.4322694454
2026-05-03 12:00:00,1601303.4322694454
2026-05-03 12:15:00,1601303.4322694454
2026-05-03 12:30:00,1601303.4322694454
2026-05-03 12:45:00,1601303.4322694454
2026-05-03 13:00:00,1601303.4322694454
2026-05-03 13:15:00,1601303.4322694454
2026-05-03 13:30:00,1601303.4322694454
2026-05-03 13:45:00,1601303.4322694454
2026-05-03 14:00:00,1601303.4322694454
2026-05-03 14:15:00,1601303.4322694454
2026-05-03 14:30:00,1601303.4322694454
2026-05-03 14:45:00,1601303.4322694454
2026-05-03 15:00:00,1601303.4322694454
2026-05-03 15:15:00,1601303.4322694454
2026-05-03 15:30:00,1601303.4322694454
2026-05-03 15:45:00,1601303.4322694454
2026-05-03 16:00:00,1601303.4322694454
2026-05-03 16:15:00,1601303.4322694454
2026-05-03 16:30:00,1601303.4322694454
2026-05-03 16:45:00,1601303.4322694454
2026-05-03 17:00:00,1601303.4322694454
2026-05-03 17:15:00,1601303.4322694454
2026-05-03 17:30:00,1601303.4322694454
2026-05-03 17:45:00,1601303.4322694454
2026-05-03 18:00:00,1601303.4322694454
2026-05-03 18:15:00,1601303.4322694454
2026-05-03 18:30:00,1601303.4322694454
2026-05-03 18:45:00,1601303.4322694454
2026-05-03 19:00:00,1601303.4322694454
2026-05-03 19:15:00,1601303.4322694454
2026-05-03 19:30:00,1601303.4322694454
2026-05-03 19:45:00,1601303.4322694454
2026-05-03 20:00:00,1601303.4322694454
2026-05-03 20:15:00,1601303.4322694454
2026-05-03 20:30:00,1601303.4322694454
2026-05-03 20:45:00,1601303.4322694454
2026-05-03 21:00:00,1601303.4322694454
2026-05-03 21:15:00,1601303.4322694454
2026-05-03 21:30:00,1601303.4322694454
2026-05-03 21:45:00,1601303.4322694454
2026-05-03 22:00:00,1601303.4322694454
2026-05-03 22:15:00,1601303.4322694454
2026-05-03 22:30:00,1601303.4322694454
2026-05-03 22:45:00,1601303.4322694454
2026-05-03 23:00:00,1601303.4322694454
2026-05-03 23:15:00,1601303.4322694454
2026-05-03 23:30:00,1601303.4322694454
2026-05-03 23:45:00,1601303.4322694454
2026-05-04 00:00:00,1601303.4322694454
2026-05-04 00:15:00,1601303.4322694454
2026-05-04 00:30:00,1601303.4322694454
2026-05-04 00:45:00,1601303.4322694454
2026-05-04 01:00:00,1601303.4322694454
2026-05-04 01:15:00,1601303.4322694454
2026-05-04 01:30:00,1601303.4322694454
2026-05-04 01:45:00,1601303.4322694454
2026-05-04 02:00:00,1601303.4322694454
2026-05-04 02:15:00,1601303.4322694454
2026-05-04 02:30:00,1601303.4322694454
2026-05-04 02:45:00,1601303.4322694454
2026-05-04 03:00:00,1601303.4322694454
2026-05-04 03:15:00,1601303.4322694454
2026-05-04 03:30:00,1601303.4322694454
2026-05-04 03:45:00,1601303.4322694454
2026-05-04 04:00:00,1601303.4322694454
2026-05-04 04:15:00,1601303.4322694454
2026-05-04 04:30:00,1601303.4322694454
2026-05-04 04:45:00,1601303.4322694454
2026-05-04 05:00:00,1601303.4322694454
2026-05-04 05:15:00,1601303.4322694454
2026-05-04 05:30:00,1601303.4322694454
2026-05-04 05:45:00,1601303.4322694454
2026-05-04 06:00:00,1601303.4322694454
2026-05-04 06:15:00,1601303.4322694454
2026-05-04 06:30:00,1601303.4322694454
2026-05-04 06:45:00,1601303.4322694454
2026-05-04 07:00:00,1601303.4322694454
2026-05-04 07:15:00,1601303.4322694454
2026-05-04 07:30:00,1601303.4322694454
2026-05-04 07:45:00,1601303.4322694454
2026-05-04 08:00:00,1601303.4322694454
2026-05-04 08:15:00,1601303.4322694454
2026-05-04 08:30:00,1601303.4322694454
2026-05-04 08:45:00,1601303.4322694454
2026-05-04 09:00:00,1601303.4322694454
2026-05-04 09:15:00,1601303.4322694454
2026-05-04 09:30:00,1601303.4322694454
2026-05-04 09:45:00,1601303.4322694454
2026-05-04 10:00:00,1601303.4322694454
2026-05-04 10:15:00,1601303.4322694454
2026-05-04 10:30:00,1601303.4322694454
2026-05-04 10:45:00,1601303.4322694454
2026-05-04 11:00:00,1601303.4322694454
2026-05-04 11:15:00,1601303.4322694454
2026-05-04 11:30:00,1601303.4322694454
2026-05-04 11:45:00,1601303.4322694454
2026-05-04 12:00:00,1601303.4322694454
2026-05-04 12:15:00,1601303.4322694454
2026-05-04 12:30:00,1601303.4322694454
2026-05-04 12:45:00,1601303.4322694454
2026-05-04 13:00:00,1601303.4322694454
2026-05-04 13:15:00,1601303.4322694454
2026-05-04 13:30:00,1601303.4322694454
2026-05-04 13:45:00,1601303.4322694454
2026-05-04 14:00:00,1601303.4322694454
2026-05-04 14:15:00,1601303.4322694454
2026-05-04 14:30:00,1601303.4322694454
2026-05-04 14:45:00,1601303.4322694454
2026-05-04 15:00:00,1601303.4322694454
2026-05-04 15:15:00,1601303.4322694454
2026-05-04 15:30:00,1601303.4322694454
2026-05-04 15:45:00,1601303.4322694454
2026-05-04 16:00:00,1601303.4322694454
2026-05-04 16:15:00,1601303.4322694454
2026-05-04 16:30:00,1601303.4322694454
2026-05-04 16:45:00,1601303.4322694454
2026-05-04 17:00:00,1601303.4322694454
2026-05-04 17:15:00,1601303.4322694454
2026-05-04 17:30:00,1601303.4322694454
2026-05-04 17:45:00,1601303.4322694454
2026-05-04 18:00:00,1601303.4322694454
2026-05-04 18:15:00,1601303.4322694454
2026-05-04 18:30:00,1601303.4322694454
2026-05-04 18:45:00,1601303.4322694454
2026-05-04 19:00:00,1601303.4322694454
2026-05-04 19:15:00,1601303.4322694454
2026-05-04 19:30:00,1601303.4322694454
2026-05-04 19:45:00,1601303.4322694454
2026-05-04 20:00:00,1601303.4322694454
2026-05-04 20:15:00,1601303.4322694454
2026-05-04 20:30:00,1601303.4322694454
2026-05-04 20:45:00,1601303.4322694454
2026-05-04 21:00:00,1601303.4322694454
2026-05-04 21:15:00,1601303.4322694454
2026-05-04 21:30:00,1601303.4322694454
2026-05-04 21:45:00,1601303.4322694454
2026-05-04 22:00:00,1601303.4322694454
2026-05-04 22:15:00,1601303.4322694454
2026-05-04 22:30:00,1601303.4322694454
2026-05-04 22:45:00,1601303.4322694454
2026-05-04 23:00:00,1601303.4322694454
2026-05-04 23:15:00,1601303.4322694454
2026-05-04 23:30:00,1601303.4322694454
2026-05-04 23:45:00,1601303.4322694454
2026-05-05 00:00:00,1601303.4322694454
2026-05-05 00:15:00,1601303.4322694454
2026-05-05 00:30:00,1601303.4322694454
2026-05-05 00:45:00,1601303.4322694454
2026-05-05 01:00:00,1601303.4322694454
2026-05-05 01:15:00,1601303.4322694454
2026-05-05 01:30:00,1601303.4322694454
2026-05-05 01:45:00,1601303.4322694454
2026-05-05 02:00:00,1601303.4322694454
2026-05-05 02:15:00,1601303.4322694454
2026-05-05 02:30:00,1601303.4322694454
2026-05-05 02:45:00,1601303.4322694454
2026-05-05 03:00:00,1601303.4322694454
2026-05-05 03:15:00,1601303.4322694454
2026-05-05 03:30:00,1601303.4322694454
2026-05-05 03:45:00,1601303.4322694454
2026-05-05 04:00:00,1601303.4322694454
2026-05-05 04:15:00,1601303.4322694454
2026-05-05 04:30:00,1601303.4322694454
2026-05-05 04:45:00,1601303.4322694454
2026-05-05 05:00:00,1601303.4322694454
2026-05-05 05:15:00,1601303.4322694454
2026-05-05 05:30:00,1601303.4322694454
2026-05-05 05:45:00,1601303.4322694454
2026-05-05 06:00:00,1601303.4322694454
2026-05-05 06:15:00,1601303.4322694454
2026-05-05 06:30:00,1601303.4322694454
2026-05-05 06:45:00,1601303.4322694454
2026-05-05 07:00:00,1601303.4322694454
2026-05-05 07:15:00,1601303.4322694454
2026-05-05 07:30:00,1601303.4322694454
2026-05-05 07:45:00,1601303.4322694454
2026-05-05 08:00:00,1601303.4322694454
2026-05-05 08:15:00,1601303.4322694454
2026-05-05 08:30:00,1601303.4322694454
2026-05-05 08:45:00,1601303.4322694454
2026-05-05 09:00:00,1601303.4322694454
2026-05-05 09:15:00,1601303.4322694454
2026-05-05 09:30:00,1601303.4322694454
2026-05-05 09:45:00,1601303.4322694454
2026-05-05 10:00:00,1601303.4322694454
2026-05-05 10:15:00,1601303.4322694454
2026-05-05 10:30:00,1601303.4322694454
2026-05-05 10:45:00,1601303.4322694454
2026-05-05 11:00:00,1601303.4322694454
2026-05-05 11:15:00,1601303.4322694454
2026-05-05 11:30:00,1601303.4322694454
2026-05-05 11:45:00,1601303.4322694454
2026-05-05 12:00:00,1601303.4322694454
2026-05-05 12:15:00,1601303.4322694454
2026-05-05 12:30:00,1601303.4322694454
2026-05-05 12:45:00,1601303.4322694454
2026-05-05 13:00:00,1601303.4322694454
2026-05-05 13:15:00,1601303.4322694454
2026-05-05 13:30:00,1601303.4322694454
2026-05-05 13:45:00,1601303.4322694454
2026-05-05 14:00:00,1601303.4322694454
2026-05-05 14:15:00,1601303.4322694454
2026-05-05 14:30:00,1601303.4322694454
2026-05-05 14:45:00,1601303.4322694454
2026-05-05 15:00:00,1601303.4322694454
2026-05-05 15:15:00,1601303.4322694454
2026-05-05 15:30:00,1601303.4322694454
2026-05-05 15:45:00,1601303.4322694454
2026-05-05 16:00:00,1601303.4322694454
2026-05-05 16:15:00,1601303.4322694454
2026-05-05 16:30:00,1601303.4322694454
2026-05-05 16:45:00,1601303.4322694454
2026-05-05 17:00:00,1601303.4322694454
2026-05-05 17:15:00,1601303.4322694454
2026-05-05 17:30:00,1601303.4322694454
2026-05-05 17:45:00,1601303.4322694454
2026-05-05 18:00:00,1601303.4322694454
2026-05-05 18:15:00,1601303.4322694454
2026-05-05 18:30:00,1601303.4322694454
2026-05-05 18:45:00,1601303.4322694454
2026-05-05 19:00:00,1601303.4322694454
2026-05-05 19:15:00,1601303.4322694454
2026-05-05 19:30:00,1601303.4322694454
2026-05-05 19:45:00,1601303.4322694454
2026-05-05 20:00:00,1601303.4322694454
2026-05-05 20:15:00,1601303.4322694454
2026-05-05 20:30:00,1601303.4322694454
2026-05-05 20:45:00,1601303.4322694454
2026-05-05 21:00:00,1601303.4322694454
2026-05-05 21:15:00,1601303.4322694454
2026-05-05 21:30:00,1601303.4322694454
2026-05-05 21:45:00,1601303.4322694454
2026-05-05 22:00:00,1601303.4322694454
2026-05-05 22:15:00,1601303.4322694454
2026-05-05 22:30:00,1601303.4322694454
2026-05-05 22:45:00,1601303.4322694454
2026-05-05 23:00:00,1601303.4322694454
2026-05-05 23:15:00,1601303.4322694454
2026-05-05 23:30:00,1601303.4322694454
2026-05-05 23:45:00,1601303.4322694454
2026-05-06 00:00:00,1601303.4322694454
2026-05-06 00:15:00,1601303.4322694454
2026-05-06 00:30:00,1601303.4322694454
2026-05-06 00:45:00,1601303.4322694454
2026-05-06 01:00:00,1601303.4322694454
2026-05-06 01:15:00,1601303.4322694454
2026-05-06 01:30:00,1601303.4322694454
2026-05-06 01:45:00,1601303.4322694454
2026-05-06 02:00:00,1601303.4322694454
2026-05-06 02:15:00,1601303.4322694454
2026-05-06 02:30:00,1601303.4322694454
2026-05-06 02:45:00,1601303.4322694454
2026-05-06 03:00:00,1601303.4322694454
2026-05-06 03:15:00,1601303.4322694454
2026-05-06 03:30:00,1601303.4322694454
2026-05-06 03:45:00,1601303.4322694454
2026-05-06 04:00:00,1601303.4322694454
2026-05-06 04:15:00,1601303.4322694454
2026-05-06 04:30:00,1601303.4322694454
2026-05-06 04:45:00,1601303.4322694454
2026-05-06 05:00:00,1601303.4322694454
2026-05-06 05:15:00,1601303.4322694454
2026-05-06 05:30:00,1601303.4322694454
2026-05-06 05:45:00,1601303.4322694454
2026-05-06 06:00:00,1601303.4322694454
2026-05-06 06:15:00,1601303.4322694454
2026-05-06 06:30:00,1601303.4322694454
2026-05-06 06:45:00,1601303.4322694454
2026-05-06 07:00:00,1601303.4322694454
2026-05-06 07:15:00,1601303.4322694454
2026-05-06 07:30:00,1601303.4322694454
2026-05-06 07:45:00,1601303.4322694454
2026-05-06 08:00:00,1601303.4322694454
2026-05-06 08:15:00,1601303.4322694454
2026-05-06 08:30:00,1601303.4322694454
2026-05-06 08:45:00,1601303.4322694454
2026-05-06 09:00:00,1601303.4322694454
2026-05-06 09:15:00,1601303.4322694454
2026-05-06 09:30:00,1601303.4322694454
2026-05-06 09:45:00,1601303.4322694454
2026-05-06 10:00:00,1601303.4322694454
2026-05-06 10:15:00,1601303.4322694454
2026-05-06 10:30:00,1601303.4322694454
2026-05-06 10:45:00,1601303.4322694454
2026-05-06 11:00:00,1601303.4322694454
2026-05-06 11:15:00,1601303.4322694454
2026-05-06 11:30:00,1601303.4322694454
2026-05-06 11:45:00,1601303.4322694454
2026-05-06 12:00:00,1601303.4322694454
2026-05-06 12:15:00,1601303.4322694454
2026-05-06 12:30:00,1601303.4322694454
2026-05-06 12:45:00,1601303.4322694454
2026-05-06 13:00:00,1601303.4322694454
2026-05-06 13:15:00,1601303.4322694454
2026-05-06 13:30:00,1601303.4322694454
2026-05-06 13:45:00,1601303.4322694454
2026-05-06 14:00:00,1601303.4322694454
2026-05-06 14:15:00,1601303.4322694454
2026-05-06 14:30:00,1601303.4322694454
2026-05-06 14:45:00,1601303.4322694454
2026-05-06 15:00:00,1601303.4322694454
2026-05-06 15:15:00,1601303.4322694454
2026-05-06 15:30:00,1601303.4322694454
2026-05-06 15:45:00,1601303.4322694454
2026-05-06 16:00:00,1601303.4322694454
2026-05-06 16:15:00,1601303.4322694454
2026-05-06 16:30:00,1601303.4322694454
2026-05-06 16:45:00,1601303.4322694454
2026-05-06 17:00:00,1601303.4322694454
2026-05-06 17:15:00,1601303.4322694454
2026-05-06 17:30:00,1601303.4322694454
2026-05-06 17:45:00,1601303.4322694454
2026-05-06 18:00:00,1601303.4322694454
2026-05-06 18:15:00,1601303.4322694454
2026-05-06 18:30:00,1601303.4322694454
2026-05-06 18:45:00,1601303.4322694454
2026-05-06 19:00:00,1601303.4322694454
2026-05-06 19:15:00,1601303.4322694454
2026-05-06 19:30:00,1601303.4322694454
2026-05-06 19:45:00,1601303.4322694454
2026-05-06 20:00:00,1601303.4322694454
2026-05-06 20:15:00,1601303.4322694454
2026-05-06 20:30:00,1601303.4322694454
2026-05-06 20:45:00,1601303.4322694454
2026-05-06 21:00:00,1601303.4322694454
2026-05-06 21:15:00,1601303.4322694454
2026-05-06 21:30:00,1601303.4322694454
2026-05-06 21:45:00,1601303.4322694454
2026-05-06 22:00:00,1601303.4322694454
2026-05-06 22:15:00,1601303.4322694454
2026-05-06 22:30:00,1601303.4322694454
2026-05-06 22:45:00,1601303.4322694454
2026-05-06 23:00:00,1601303.4322694454
2026-05-06 23:15:00,1601303.4322694454
2026-05-06 23:30:00,1601303.4322694454
2026-05-06 23:45:00,1601303.4322694454
2026-05-07 00:00:00,1601303.4322694454
2026-05-07 00:15:00,1601303.4322694454
2026-05-07 00:30:00,1601303.4322694454
2026-05-07 00:45:00,1601303.4322694454
2026-05-07 01:00:00,1601303.4322694454
2026-05-07 01:15:00,1601303.4322694454
2026-05-07 01:30:00,1601303.4322694454
2026-05-07 01:45:00,1601303.4322694454
2026-05-07 02:00:00,1601303.4322694454
2026-05-07 02:15:00,1601303.4322694454
2026-05-07 02:30:00,1601303.4322694454
2026-05-07 02:45:00,1601303.4322694454
2026-05-07 03:00:00,1601303.4322694454
2026-05-07 03:15:00,1601303.4322694454
2026-05-07 03:30:00,1601303.4322694454
2026-05-07 03:45:00,1601303.4322694454
2026-05-07 04:00:00,1601303.4322694454
2026-05-07 04:15:00,1601303.4322694454
2026-05-07 04:30:00,1601303.4322694454
2026-05-07 04:45:00,1601303.4322694454
2026-05-07 05:00:00,1601303.4322694454
2026-05-07 05:15:00,1601303.4322694454
2026-05-07 05:30:00,1601303.4322694454
2026-05-07 05:45:00,1601303.4322694454
2026-05-07 06:00:00,1601303.4322694454
2026-05-07 06:15:00,1601303.4322694454
2026-05-07 06:30:00,1601303.4322694454
2026-05-07 06:45:00,1601303.4322694454
2026-05-07 07:00:00,1601303.4322694454
2026-05-07 07:15:00,1601303.4322694454
2026-05-07 07:30:00,1601303.4322694454
2026-05-07 07:45:00,1601303.4322694454
2026-05-07 08:00:00,1601303.4322694454
2026-05-07 08:15:00,1601303.4322694454
2026-05-07 08:30:00,1601303.4322694454
2026-05-07 08:45:00,1601303.4322694454
2026-05-07 09:00:00,1601303.4322694454
2026-05-07 09:15:00,1601303.4322694454
2026-05-07 09:30:00,1601303.4322694454
2026-05-07 09:45:00,1601303.4322694454
2026-05-07 10:00:00,1601303.4322694454
2026-05-07 10:15:00,1601303.4322694454
2026-05-07 10:30:00,1601303.4322694454
2026-05-07 10:45:00,1601303.4322694454
2026-05-07 11:00:00,1601303.4322694454
2026-05-07 11:15:00,1601303.4322694454
2026-05-07 11:30:00,1601303.4322694454
2026-05-07 11:45:00,1601303.4322694454
2026-05-07 12:00:00,1601303.4322694454
2026-05-07 12:15:00,1601303.4322694454
2026-05-07 12:30:00,1601303.4322694454
2026-05-07 12:45:00,1601303.4322694454
2026-05-07 13:00:00,1601303.4322694454
2026-05-07 13:15:00,1601303.4322694454
2026-05-07 13:30:00,1601303.4322694454
2026-05-07 13:45:00,1601303.4322694454
2026-05-07 14:00:00,1601303.4322694454
2026-05-07 14:15:00,1601303.4322694454
2026-05-07 14:30:00,1601303.4322694454
2026-05-07 14:45:00,1601303.4322694454
2026-05-07 15:00:00,1601303.4322694454
2026-05-07 15:15:00,1601303.4322694454
2026-05-07 15:30:00,1601303.4322694454
2026-05-07 15:45:00,1601303.4322694454
2026-05-07 16:00:00,1601303.4322694454
2026-05-07 16:15:00,1601303.4322694454
2026-05-07 16:30:00,1601303.4322694454
2026-05-07 16:45:00,1601303.4322694454
2026-05-07 17:00:00,1601303.4322694454
2026-05-07 17:15:00,1601303.4322694454
2026-05-07 17:30:00,1601303.4322694454
2026-05-07 17:45:00,1601303.4322694454
2026-05-07 18:00:00,1601303.4322694454
2026-05-07 18:15:00,1601303.4322694454
2026-05-07 18:30:00,1601303.4322694454
2026-05-07 18:45:00,1601303.4322694454
2026-05-07 19:00:00,1601303.4322694454
2026-05-07 19:15:00,1601303.4322694454
2026-05-07 19:30:00,1601303.4322694454
2026-05-07 19:45:00,1601303.4322694454
2026-05-07 20:00:00,1601303.4322694454
2026-05-07 20:15:00,1601303.4322694454
2026-05-07 20:30:00,1601303.4322694454
2026-05-07 20:45:00,1601303.4322694454
2026-05-07 21:00:00,1601303.4322694454
2026-05-07 21:15:00,1601303.4322694454
2026-05-07 21:30:00,1601303.4322694454
2026-05-07 21:45:00,1601303.4322694454
2026-05-07 22:00:00,1601303.4322694454
2026-05-07 22:15:00,1601303.4322694454
2026-05-07 22:30:00,1601303.4322694454
2026-05-07 22:45:00,1601303.4322694454
2026-05-07 23:00:00,1601303.4322694454
2026-05-07 23:15:00,1601303.4322694454
2026-05-07 23:30:00,1601303.4322694454
2026-05-07 23:45:00,1601303.4322694454
2026-05-08 00:00:00,1601303.4322694454
2026-05-08 00:15:00,1601303.4322694454
2026-05-08 00:30:00,1601303.4322694454
2026-05-08 00:45:00,1601303.4322694454
2026-05-08 01:00:00,1601303.4322694454
2026-05-08 01:15:00,1601303.4322694454
2026-05-08 01:30:00,1601303.4322694454
2026-05-08 01:45:00,1601303.4322694454
2026-05-08 02:00:00,1601303.4322694454
2026-05-08 02:15:00,1601303.4322694454
2026-05-08 02:30:00,1601303.4322694454
2026-05-08 02:45:00,1601303.4322694454
2026-05-08 03:00:00,1601303.4322694454
2026-05-08 03:15:00,1601303.4322694454
2026-05-08 03:30:00,1601303.4322694454
2026-05-08 03:45:00,1601303.4322694454
2026-05-08 04:00:00,1601303.4322694454
2026-05-08 04:15:00,1601303.4322694454
2026-05-08 04:30:00,1601303.4322694454
2026-05-08 04:45:00,1601303.4322694454
2026-05-08 05:00:00,1601303.4322694454
2026-05-08 05:15:00,1601303.4322694454
2026-05-08 05:30:00,1601303.4322694454
2026-05-08 05:45:00,1601303.4322694454
2026-05-08 06:00:00,1601303.4322694454
2026-05-08 06:15:00,1601303.4322694454
2026-05-08 06:30:00,1601303.4322694454
2026-05-08 06:45:00,1601303.4322694454
2026-05-08 07:00:00,1601303.4322694454
2026-05-08 07:15:00,1601303.4322694454
2026-05-08 07:30:00,1601303.4322694454
2026-05-08 07:45:00,1601303.4322694454
2026-05-08 08:00:00,1601303.4322694454
2026-05-08 08:15:00,1601303.4322694454
2026-05-08 08:30:00,1601303.4322694454
2026-05-08 08:45:00,1601303.4322694454
2026-05-08 09:00:00,1601303.4322694454
2026-05-08 09:15:00,1601303.4322694454
2026-05-08 09:30:00,1601303.4322694454
2026-05-08 09:45:00,1601303.4322694454
2026-05-08 10:00:00,1601303.4322694454
2026-05-08 10:15:00,1601303.4322694454
2026-05-08 10:30:00,1601303.4322694454
2026-05-08 10:45:00,1601303.4322694454
2026-05-08 11:00:00,1601303.4322694454
2026-05-08 11:15:00,1601303.4322694454
2026-05-08 11:30:00,1601303.4322694454
2026-05-08 11:45:00,1601303.4322694454
2026-05-08 12:00:00,1601303.4322694454
2026-05-08 12:15:00,1601303.4322694454
2026-05-08 12:30:00,1601303.4322694454
2026-05-08 12:45:00,1601303.4322694454
2026-05-08 13:00:00,1601303.4322694454
2026-05-08 13:15:00,1601303.4322694454
2026-05-08 13:30:00,1601303.4322694454
2026-05-08 13:45:00,1601303.4322694454
2026-05-08 14:00:00,1601303.4322694454
2026-05-08 14:15:00,1601303.4322694454
2026-05-08 14:30:00,1601303.4322694454
2026-05-08 14:45:00,1601303.4322694454
2026-05-08 15:00:00,1601303.4322694454
2026-05-08 15:15:00,1601303.4322694454
2026-05-08 15:30:00,1601303.4322694454
2026-05-08 15:45:00,1601303.4322694454
2026-05-08 16:00:00,1601303.4322694454
2026-05-08 16:15:00,1601303.4322694454
2026-05-08 16:30:00,1601303.4322694454
2026-05-08 16:45:00,1601303.4322694454
2026-05-08 17:00:00,1601303.4322694454
2026-05-08 17:15:00,1601303.4322694454
2026-05-08 17:30:00,1601303.4322694454
2026-05-08 17:45:00,1601303.4322694454
2026-05-08 18:00:00,1601303.4322694454
2026-05-08 18:15:00,1601303.4322694454
2026-05-08 18:30:00,1601303.4322694454
2026-05-08 18:45:00,1601303.4322694454
2026-05-08 19:00:00,1601303.4322694454
2026-05-08 19:15:00,1601303.4322694454
2026-05-08 19:30:00,1601303.4322694454
2026-05-08 19:45:00,1601303.4322694454
2026-05-08 20:00:00,1601303.4322694454
2026-05-08 20:15:00,1601303.4322694454
2026-05-08 20:30:00,1601303.4322694454
2026-05-08 20:45:00,1601303.4322694454
2026-05-08 21:00:00,1601303.4322694454
2026-05-08 21:15:00,1601303.4322694454
2026-05-08 21:30:00,1601303.4322694454
2026-05-08 21:45:00,1601303.4322694454
2026-05-08 22:00:00,1601303.4322694454
2026-05-08 22:15:00,1601303.4322694454
2026-05-08 22:30:00,1601303.4322694454
2026-05-08 22:45:00,1601303.4322694454
2026-05-08 23:00:00,1601303.4322694454
2026-05-08 23:15:00,1601303.4322694454
2026-05-08 23:30:00,1601303.4322694454
2026-05-08 23:45:00,1601303.4322694454
2026-05-09 01:00:00,1601303.4322694454
2026-05-09 01:15:00,1601303.4322694454
2026-05-09 01:30:00,1601303.4322694454
2026-05-09 01:45:00,1601303.4322694454
2026-05-09 02:00:00,1601303.4322694454
2026-05-09 02:15:00,1601303.4322694454
2026-05-09 02:30:00,1601303.4322694454
2026-05-09 02:45:00,1601303.4322694454
2026-05-09 03:00:00,1601303.4322694454
2026-05-09 03:15:00,1601303.4322694454
2026-05-09 03:30:00,1601303.4322694454
2026-05-09 03:45:00,1601303.4322694454
2026-05-09 04:00:00,1601303.4322694454
2026-05-09 04:15:00,1601303.4322694454
2026-05-09 04:30:00,1601303.4322694454
2026-05-09 04:45:00,1601303.4322694454
2026-05-09 05:00:00,1601303.4322694454
2026-05-09 05:15:00,1601303.4322694454
2026-05-09 05:30:00,1601303.4322694454
2026-05-09 05:45:00,1601303.4322694454
2026-05-09 06:00:00,1601303.4322694454
2026-05-09 06:15:00,1601303.4322694454
2026-05-09 06:30:00,1601303.4322694454
2026-05-09 06:45:00,1601303.4322694454
2026-05-09 07:00:00,1601303.4322694454
2026-05-09 07:15:00,1601303.4322694454
2026-05-09 07:30:00,1601303.4322694454
2026-05-09 07:45:00,1601303.4322694454
2026-05-09 08:00:00,1601303.4322694454
2026-05-09 08:15:00,1601303.4322694454
2026-05-09 08:30:00,1601303.4322694454
2026-05-09 08:45:00,1601303.4322694454
2026-05-09 09:00:00,1601303.4322694454
2026-05-09 09:15:00,1601303.4322694454
2026-05-09 09:30:00,1601303.4322694454
2026-05-09 09:45:00,1601303.4322694454
2026-05-09 10:00:00,1601303.4322694454
2026-05-09 10:15:00,1601303.4322694454
2026-05-09 10:30:00,1601303.4322694454
2026-05-09 10:45:00,1601303.4322694454
2026-05-09 11:00:00,1601303.4322694454
2026-05-09 11:15:00,1601303.4322694454
2026-05-09 11:30:00,1601303.4322694454
2026-05-09 11:45:00,1601303.4322694454
2026-05-09 12:00:00,1601303.4322694454
2026-05-09 12:15:00,1601303.4322694454
2026-05-09 12:30:00,1601303.4322694454
2026-05-09 12:45:00,1601303.4322694454
2026-05-09 13:00:00,1601303.4322694454
2026-05-09 13:15:00,1601303.4322694454
2026-05-09 13:30:00,1601303.4322694454
2026-05-09 13:45:00,1601303.4322694454
2026-05-09 14:00:00,1601303.4322694454
2026-05-09 14:15:00,1601303.4322694454
2026-05-09 14:30:00,1601303.4322694454
2026-05-09 14:45:00,1601303.4322694454
2026-05-09 15:00:00,1601303.4322694454
2026-05-09 15:15:00,1601303.4322694454
2026-05-09 15:30:00,1601303.4322694454
2026-05-09 15:45:00,1601303.4322694454
2026-05-09 16:00:00,1601303.4322694454
2026-05-09 16:15:00,1601303.4322694454
2026-05-09 16:30:00,1601303.4322694454
2026-05-09 16:45:00,1601303.4322694454
2026-05-09 17:00:00,1601303.4322694454
2026-05-09 17:15:00,1601303.4322694454
2026-05-09 17:30:00,1601303.4322694454
2026-05-09 17:45:00,1601303.4322694454
2026-05-09 18:00:00,1601303.4322694454
2026-05-09 18:15:00,1601303.4322694454
2026-05-09 18:30:00,1601303.4322694454
2026-05-09 18:45:00,1601303.4322694454
2026-05-09 19:00:00,1601303.4322694454
2026-05-09 19:15:00,1601303.4322694454
2026-05-09 19:30:00,1601303.4322694454
2026-05-09 19:45:00,1601303.4322694454
2026-05-09 20:00:00,1601303.4322694454
2026-05-09 20:15:00,1601303.4322694454
2026-05-09 20:30:00,1601303.4322694454
2026-05-09 20:45:00,1601303.4322694454
2026-05-09 21:00:00,1601303.4322694454
2026-05-09 21:15:00,1601303.4322694454
2026-05-09 21:30:00,1601303.4322694454
2026-05-09 21:45:00,1601303.4322694454
2026-05-09 22:00:00,1601303.4322694454
2026-05-09 22:15:00,1601303.4322694454
2026-05-09 22:30:00,1601303.4322694454
2026-05-09 22:45:00,1601303.4322694454
2026-05-09 23:00:00,1601303.4322694454
2026-05-09 23:15:00,1601303.4322694454
2026-05-09 23:30:00,1601303.4322694454
2026-05-09 23:45:00,1601303.4322694454
2026-05-10 00:00:00,1601303.4322694454
2026-05-10 00:15:00,1601303.4322694454
2026-05-10 00:30:00,1601303.4322694454
2026-05-10 00:45:00,1601303.4322694454
2026-05-10 01:00:00,1601303.4322694454
2026-05-10 01:15:00,1601303.4322694454
2026-05-10 01:30:00,1601303.4322694454
2026-05-10 01:45:00,1601303.4322694454
2026-05-10 02:00:00,1601303.4322694454
2026-05-10 02:15:00,1601303.4322694454
2026-05-10 02:30:00,1601303.4322694454
2026-05-10 02:45:00,1601303.4322694454
2026-05-10 03:00:00,1601303.4322694454
2026-05-10 03:15:00,1601303.4322694454
2026-05-10 03:30:00,1601303.4322694454
2026-05-10 03:45:00,1601303.4322694454
2026-05-10 04:00:00,1601303.4322694454
2026-05-10 04:15:00,1601303.4322694454
2026-05-10 04:30:00,1601303.4322694454
2026-05-10 04:45:00,1601303.4322694454
2026-05-10 05:00:00,1601303.4322694454
2026-05-10 05:15:00,1601303.4322694454
2026-05-10 05:30:00,1601303.4322694454
2026-05-10 05:45:00,1601303.4322694454
2026-05-10 06:00:00,1601303.4322694454
2026-05-10 06:15:00,1601303.4322694454
2026-05-10 06:30:00,1601303.4322694454
2026-05-10 06:45:00,1601303.4322694454
2026-05-10 07:00:00,1601303.4322694454
2026-05-10 07:15:00,1601303.4322694454
2026-05-10 07:30:00,1601303.4322694454
2026-05-10 07:45:00,1601303.4322694454
2026-05-10 08:00:00,1601303.4322694454
2026-05-10 08:15:00,1601303.4322694454
2026-05-10 08:30:00,1601303.4322694454
2026-05-10 08:45:00,1601303.4322694454
2026-05-10 09:00:00,1601303.4322694454
2026-05-10 09:15:00,1601303.4322694454
2026-05-10 09:30:00,1601303.4322694454
2026-05-10 09:45:00,1601303.4322694454
2026-05-10 10:00:00,1601303.4322694454
2026-05-10 10:15:00,1601303.4322694454
2026-05-10 10:30:00,1601303.4322694454
2026-05-10 10:45:00,1601303.4322694454
2026-05-10 11:00:00,1601303.4322694454
2026-05-10 11:15:00,1601303.4322694454
2026-05-10 11:30:00,1601303.4322694454
2026-05-10 11:45:00,1601303.4322694454
2026-05-10 12:00:00,1601303.4322694454
2026-05-10 12:15:00,1601303.4322694454
2026-05-10 12:30:00,1601303.4322694454
2026-05-10 12:45:00,1601303.4322694454
2026-05-10 13:00:00,1601303.4322694454
2026-05-10 13:15:00,1601303.4322694454
2026-05-10 13:30:00,1601303.4322694454
2026-05-10 13:45:00,1601303.4322694454
2026-05-10 14:00:00,1601303.4322694454
2026-05-10 14:15:00,1601303.4322694454
2026-05-10 14:30:00,1601303.4322694454
2026-05-10 14:45:00,1601303.4322694454
2026-05-10 15:00:00,1601303.4322694454
2026-05-10 15:15:00,1601303.4322694454
2026-05-10 15:30:00,1601303.4322694454
2026-05-10 15:45:00,1601303.4322694454
2026-05-10 16:00:00,1601303.4322694454
2026-05-10 16:15:00,1601303.4322694454
2026-05-10 16:30:00,1601303.4322694454
2026-05-10 16:45:00,1601303.4322694454
2026-05-10 17:00:00,1601303.4322694454
2026-05-10 17:15:00,1601303.4322694454
2026-05-10 17:30:00,1601303.4322694454
2026-05-10 17:45:00,1601303.4322694454
2026-05-10 18:00:00,1601303.4322694454
2026-05-10 18:15:00,1601303.4322694454
2026-05-10 18:30:00,1601303.4322694454
2026-05-10 18:45:00,1601303.4322694454
2026-05-10 19:00:00,1601303.4322694454
2026-05-10 19:15:00,1601303.4322694454
2026-05-10 19:30:00,1601303.4322694454
2026-05-10 19:45:00,1601303.4322694454
2026-05-10 20:00:00,1601303.4322694454
2026-05-10 20:15:00,1601303.4322694454
2026-05-10 20:30:00,1601303.4322694454
2026-05-10 20:45:00,1601303.4322694454
2026-05-10 21:00:00,1601303.4322694454
2026-05-10 21:15:00,1601303.4322694454
2026-05-10 21:30:00,1601303.4322694454
2026-05-10 21:45:00,1601303.4322694454
2026-05-10 22:00:00,1601303.4322694454
2026-05-10 22:15:00,1601303.4322694454
2026-05-10 22:30:00,1601303.4322694454
2026-05-10 22:45:00,1601303.4322694454
2026-05-10 23:00:00,1601303.4322694454
2026-05-10 23:15:00,1601303.4322694454
2026-05-10 23:30:00,1601303.4322694454
2026-05-10 23:45:00,1601303.4322694454
2026-05-11 00:00:00,1601303.4322694454
2026-05-11 00:15:00,1601303.4322694454
2026-05-11 00:30:00,1601303.4322694454
2026-05-11 00:45:00,1601303.4322694454
2026-05-11 01:00:00,1601303.4322694454
2026-05-11 01:15:00,1601303.4322694454
2026-05-11 01:30:00,1601303.4322694454
2026-05-11 01:45:00,1601303.4322694454
2026-05-11 02:00:00,1601303.4322694454
2026-05-11 02:15:00,1601303.4322694454
2026-05-11 02:30:00,1601303.4322694454
2026-05-11 02:45:00,1601303.4322694454
2026-05-11 03:00:00,1601303.4322694454
2026-05-11 03:15:00,1601303.4322694454
2026-05-11 03:30:00,1601303.4322694454
2026-05-11 03:45:00,1601303.4322694454
2026-05-11 04:00:00,1601303.4322694454
2026-05-11 04:15:00,1601303.4322694454
2026-05-11 04:30:00,1601303.4322694454
2026-05-11 04:45:00,1601303.4322694454
2026-05-11 05:00:00,1601303.4322694454
2026-05-11 05:15:00,1601303.4322694454
2026-05-11 05:30:00,1601303.4322694454
2026-05-11 05:45:00,1601303.4322694454
2026-05-11 06:00:00,1601303.4322694454
2026-05-11 06:15:00,1601303.4322694454
2026-05-11 06:30:00,1601303.4322694454
2026-05-11 06:45:00,1601303.4322694454
2026-05-11 07:00:00,1601303.4322694454
2026-05-11 07:15:00,1601303.4322694454
2026-05-11 07:30:00,1601303.4322694454
2026-05-11 07:45:00,1601303.4322694454
2026-05-11 08:00:00,1601303.4322694454
2026-05-11 08:15:00,1601303.4322694454
2026-05-11 08:30:00,1601303.4322694454
2026-05-11 08:45:00,1601303.4322694454
2026-05-11 09:00:00,1601303.4322694454
2026-05-11 09:15:00,1601303.4322694454
2026-05-11 09:30:00,1601303.4322694454
2026-05-11 09:45:00,1601303.4322694454
2026-05-11 10:00:00,1601303.4322694454
2026-05-11 10:15:00,1601303.4322694454
2026-05-11 10:30:00,1601303.4322694454
2026-05-11 10:45:00,1601303.4322694454
2026-05-11 11:00:00,1601303.4322694454
2026-05-11 11:15:00,1601303.4322694454
2026-05-11 11:30:00,1601303.4322694454
2026-05-11 11:45:00,1601303.4322694454
2026-05-11 12:00:00,1601303.4322694454
2026-05-11 12:15:00,1601303.4322694454
2026-05-11 12:30:00,1601303.4322694454
2026-05-11 12:45:00,1601303.4322694454
2026-05-11 13:00:00,1601303.4322694454
2026-05-11 13:15:00,1601303.4322694454
2026-05-11 13:30:00,1601303.4322694454
2026-05-11 13:45:00,1601303.4322694454
2026-05-11 14:00:00,1601303.4322694454
2026-05-11 14:15:00,1601303.4322694454
2026-05-11 14:30:00,1601303.4322694454
2026-05-11 14:45:00,1601303.4322694454
2026-05-11 15:00:00,1601303.4322694454
2026-05-11 15:15:00,1601303.4322694454
2026-05-11 15:30:00,1601303.4322694454
2026-05-11 15:45:00,1601303.4322694454
2026-05-11 16:00:00,1601303.4322694454
2026-05-11 16:15:00,1601303.4322694454
2026-05-11 16:30:00,1601303.4322694454
2026-05-11 16:45:00,1601303.4322694454
2026-05-11 17:00:00,1601303.4322694454
2026-05-11 17:15:00,1601303.4322694454
2026-05-11 17:30:00,1601303.4322694454
2026-05-11 17:45:00,1601303.4322694454
2026-05-11 18:00:00,1601303.4322694454
2026-05-11 18:15:00,1601303.4322694454
2026-05-11 18:30:00,1601303.4322694454
2026-05-11 18:45:00,1601303.4322694454
2026-05-11 19:00:00,1601303.4322694454
2026-05-11 19:15:00,1601303.4322694454
2026-05-11 19:30:00,1601303.4322694454
2026-05-11 19:45:00,1601303.4322694454
2026-05-11 20:00:00,1601303.4322694454
2026-05-11 20:15:00,1601303.4322694454
2026-05-11 20:30:00,1601303.4322694454
2026-05-11 20:45:00,1601303.4322694454
2026-05-11 21:00:00,1601303.4322694454
2026-05-11 21:15:00,1601303.4322694454
2026-05-11 21:30:00,1601303.4322694454
2026-05-11 21:45:00,1601303.4322694454
2026-05-11 22:00:00,1601303.4322694454
2026-05-11 22:15:00,1601303.4322694454
2026-05-11 22:30:00,1601303.4322694454
2026-05-11 22:45:00,1601303.4322694454
2026-05-11 23:00:00,1601303.4322694454
2026-05-11 23:15:00,1601303.4322694454
2026-05-11 23:30:00,1601303.4322694454
2026-05-11 23:45:00,1601303.4322694454
2026-05-12 00:00:00,1601303.4322694454
2026-05-12 00:15:00,1601303.4322694454
2026-05-12 00:30:00,1601303.4322694454
2026-05-12 00:45:00,1601303.4322694454
2026-05-12 01:00:00,1601303.4322694454
2026-05-12 01:15:00,1601303.4322694454
2026-05-12 01:30:00,1601303.4322694454
2026-05-12 01:45:00,1601303.4322694454
2026-05-12 02:00:00,1601303.4322694454
2026-05-12 02:15:00,1601303.4322694454
2026-05-12 02:30:00,1601303.4322694454
2026-05-12 02:45:00,1601303.4322694454
2026-05-12 03:00:00,1601303.4322694454
2026-05-12 03:15:00,1601303.4322694454
2026-05-12 03:30:00,1601303.4322694454
2026-05-12 03:45:00,1601303.4322694454
2026-05-12 04:00:00,1601303.4322694454
2026-05-12 04:15:00,1601303.4322694454
2026-05-12 04:30:00,1601303.4322694454
2026-05-12 04:45:00,1601303.4322694454
2026-05-12 05:00:00,1601303.4322694454
2026-05-12 05:15:00,1601303.4322694454
2026-05-12 05:30:00,1601303.4322694454
2026-05-12 05:45:00,1601303.4322694454
2026-05-12 06:00:00,1601303.4322694454
2026-05-12 06:15:00,1601303.4322694454
2026-05-12 06:30:00,1601303.4322694454
2026-05-12 06:45:00,1601303.4322694454
2026-05-12 07:00:00,1601303.4322694454
2026-05-12 07:15:00,1601303.4322694454
2026-05-12 07:30:00,1601303.4322694454
2026-05-12 07:45:00,1601303.4322694454
2026-05-12 08:00:00,1601303.4322694454
2026-05-12 08:15:00,1601303.4322694454
2026-05-12 08:30:00,1601303.4322694454
2026-05-12 08:45:00,1601303.4322694454
2026-05-12 09:00:00,1601303.4322694454
2026-05-12 09:15:00,1601303.4322694454
2026-05-12 09:30:00,1601303.4322694454
2026-05-12 09:45:00,1601303.4322694454
2026-05-12 10:00:00,1601303.4322694454
2026-05-12 10:15:00,1601303.4322694454
2026-05-12 10:30:00,1601303.4322694454
2026-05-12 10:45:00,1601303.4322694454
2026-05-12 11:00:00,1601303.4322694454
2026-05-12 11:15:00,1601303.4322694454
2026-05-12 11:30:00,1601303.4322694454
2026-05-12 11:45:00,1601303.4322694454
2026-05-12 12:00:00,1601303.4322694454
2026-05-12 12:15:00,1601303.4322694454
2026-05-12 12:30:00,1601303.4322694454
2026-05-12 12:45:00,1601303.4322694454
2026-05-12 13:00:00,1601303.4322694454
2026-05-12 13:15:00,1601303.4322694454
2026-05-12 13:30:00,1601303.4322694454
2026-05-12 13:45:00,1601303.4322694454
2026-05-12 14:00:00,1601303.4322694454
2026-05-12 14:15:00,1601303.4322694454
2026-05-12 14:30:00,1601303.4322694454
2026-05-12 14:45:00,1601303.4322694454
2026-05-12 15:00:00,1601303.4322694454
2026-05-12 15:15:00,1601303.4322694454
2026-05-12 15:30:00,1601303.4322694454
2026-05-12 15:45:00,1601303.4322694454
2026-05-12 16:00:00,1601303.4322694454
2026-05-12 16:15:00,1601303.4322694454
2026-05-12 16:30:00,1601303.4322694454
2026-05-12 16:45:00,1601303.4322694454
2026-05-12 17:00:00,1601303.4322694454
2026-05-12 17:15:00,1601303.4322694454
2026-05-12 17:30:00,1601303.4322694454
2026-05-12 17:45:00,1601303.4322694454
2026-05-12 18:00:00,1601303.4322694454
2026-05-12 18:15:00,1601303.4322694454
2026-05-12 18:30:00,1601303.4322694454
2026-05-12 18:45:00,1601303.4322694454
2026-05-12 19:00:00,1601303.4322694454
2026-05-12 19:15:00,1601303.4322694454
2026-05-12 19:30:00,1601303.4322694454
2026-05-12 19:45:00,1601303.4322694454
2026-05-12 20:00:00,1601303.4322694454
2026-05-12 20:15:00,1601303.4322694454
2026-05-12 20:30:00,1601303.4322694454
2026-05-12 20:45:00,1601303.4322694454
2026-05-12 21:00:00,1601303.4322694454
2026-05-12 21:15:00,1601303.4322694454
2026-05-12 21:30:00,1601303.4322694454
2026-05-12 21:45:00,1601303.4322694454
2026-05-12 22:00:00,1601303.4322694454
2026-05-12 22:15:00,1601303.4322694454
2026-05-12 22:30:00,1601303.4322694454
2026-05-12 22:45:00,1601303.4322694454
2026-05-12 23:00:00,1601303.4322694454
2026-05-12 23:15:00,1601303.4322694454
2026-05-12 23:30:00,1601303.4322694454
2026-05-12 23:45:00,1601303.4322694454
2026-05-13 00:00:00,1601303.4322694454
2026-05-13 00:15:00,1601303.4322694454
2026-05-13 00:30:00,1601303.4322694454
2026-05-13 00:45:00,1601303.4322694454
2026-05-13 01:00:00,1601303.4322694454
2026-05-13 01:15:00,1601303.4322694454
2026-05-13 01:30:00,1601303.4322694454
2026-05-13 01:45:00,1601303.4322694454
2026-05-13 02:00:00,1601303.4322694454
2026-05-13 02:15:00,1601303.4322694454
2026-05-13 02:30:00,1601303.4322694454
2026-05-13 02:45:00,1601303.4322694454
2026-05-13 03:00:00,1601303.4322694454
2026-05-13 03:15:00,1601303.4322694454
2026-05-13 03:30:00,1601303.4322694454
2026-05-13 03:45:00,1601303.4322694454
2026-05-13 04:00:00,1601303.4322694454
2026-05-13 04:15:00,1601303.4322694454
2026-05-13 04:30:00,1601303.4322694454
2026-05-13 04:45:00,1601303.4322694454
2026-05-13 05:00:00,1601303.4322694454
2026-05-13 05:15:00,1601303.4322694454
2026-05-13 05:30:00,1601303.4322694454
2026-05-13 05:45:00,1601303.4322694454
2026-05-13 06:00:00,1601303.4322694454
2026-05-13 06:15:00,1601303.4322694454
2026-05-13 06:30:00,1601303.4322694454
2026-05-13 06:45:00,1601303.4322694454
2026-05-13 07:00:00,1601303.4322694454
2026-05-13 07:15:00,1601303.4322694454
2026-05-13 07:30:00,1601303.4322694454
2026-05-13 07:45:00,1601303.4322694454
2026-05-13 08:00:00,1601303.4322694454
2026-05-13 08:15:00,1601303.4322694454
2026-05-13 08:30:00,1601303.4322694454
2026-05-13 08:45:00,1601303.4322694454
2026-05-13 09:00:00,1601303.4322694454
2026-05-13 09:15:00,1601303.4322694454
2026-05-13 09:30:00,1601303.4322694454
2026-05-13 09:45:00,1601303.4322694454
2026-05-13 10:00:00,1601303.4322694454
2026-05-13 10:15:00,1601303.4322694454
2026-05-13 10:30:00,1601303.4322694454
2026-05-13 10:45:00,1601303.4322694454
2026-05-13 11:00:00,1601303.4322694454
2026-05-13 11:15:00,1601303.4322694454
2026-05-13 11:30:00,1601303.4322694454
2026-05-13 11:45:00,1601303.4322694454
2026-05-13 12:00:00,1601303.4322694454
2026-05-13 12:15:00,1601303.4322694454
2026-05-13 12:30:00,1601303.4322694454
2026-05-13 12:45:00,1601303.4322694454
2026-05-13 13:00:00,1601303.4322694454
2026-05-13 13:15:00,1601303.4322694454
2026-05-13 13:30:00,1601303.4322694454
2026-05-13 13:45:00,1601303.4322694454
2026-05-13 14:00:00,1601303.4322694454
2026-05-13 14:15:00,1601303.4322694454
2026-05-13 14:30:00,1601303.4322694454
2026-05-13 14:45:00,1601303.4322694454
2026-05-13 15:00:00,1601303.4322694454
2026-05-13 15:15:00,1601303.4322694454
2026-05-13 15:30:00,1601303.4322694454
2026-05-13 15:45:00,1601303.4322694454
2026-05-13 16:00:00,1601303.4322694454
2026-05-13 16:15:00,1601303.4322694454
2026-05-13 16:30:00,1601303.4322694454
2026-05-13 16:45:00,1601303.4322694454
2026-05-13 17:00:00,1601303.4322694454
2026-05-13 17:15:00,1601303.4322694454
2026-05-13 17:30:00,1601303.4322694454
2026-05-13 17:45:00,1601303.4322694454
2026-05-13 18:00:00,1601303.4322694454
2026-05-13 18:15:00,1601303.4322694454
2026-05-13 18:30:00,1601303.4322694454
2026-05-13 18:45:00,1601303.4322694454
2026-05-13 19:00:00,1601303.4322694454
2026-05-13 19:15:00,1601303.4322694454
2026-05-13 19:30:00,1601303.4322694454
2026-05-13 19:45:00,1601303.4322694454
2026-05-13 20:00:00,1601303.4322694454
2026-05-13 20:15:00,1601303.4322694454
2026-05-13 20:30:00,1601303.4322694454
2026-05-13 20:45:00,1601303.4322694454
2026-05-13 21:00:00,1601303.4322694454
2026-05-13 21:15:00,1601303.4322694454
2026-05-13 21:30:00,1601303.4322694454
2026-05-13 21:45:00,1601303.4322694454
2026-05-13 22:00:00,1601303.4322694454
2026-05-13 22:15:00,1601303.4322694454
2026-05-13 22:30:00,1601303.4322694454
2026-05-13 22:45:00,1601303.4322694454
2026-05-13 23:00:00,1601303.4322694454
2026-05-13 23:15:00,1601303.4322694454
2026-05-13 23:30:00,1601303.4322694454
2026-05-13 23:45:00,1601303.4322694454
2026-05-14 00:00:00,1601303.4322694454
2026-05-14 00:15:00,1601303.4322694454
2026-05-14 00:30:00,1601303.4322694454
2026-05-14 00:45:00,1601303.4322694454
2026-05-14 01:00:00,1601303.4322694454
2026-05-14 01:15:00,1601303.4322694454
2026-05-14 01:30:00,1601303.4322694454
2026-05-14 01:45:00,1601303.4322694454
2026-05-14 02:00:00,1601303.4322694454
2026-05-14 02:15:00,1601303.4322694454
2026-05-14 02:30:00,1601303.4322694454
2026-05-14 02:45:00,1601303.4322694454
2026-05-14 03:00:00,1601303.4322694454
2026-05-14 03:15:00,1601303.4322694454
2026-05-14 03:30:00,1601303.4322694454
2026-05-14 03:45:00,1601303.4322694454
2026-05-14 04:00:00,1601303.4322694454
2026-05-14 04:15:00,1601303.4322694454
2026-05-14 04:30:00,1601303.4322694454
2026-05-14 04:45:00,1601303.4322694454
2026-05-14 05:00:00,1601303.4322694454
2026-05-14 05:15:00,1601303.4322694454
2026-05-14 05:30:00,1601303.4322694454
2026-05-14 05:45:00,1601303.4322694454
2026-05-14 06:00:00,1601303.4322694454
2026-05-14 06:15:00,1601303.4322694454
2026-05-14 06:30:00,1601303.4322694454
2026-05-14 06:45:00,1601303.4322694454
2026-05-14 07:00:00,1601303.4322694454
2026-05-14 07:15:00,1601303.4322694454
2026-05-14 07:30:00,1601303.4322694454
2026-05-14 07:45:00,1601303.4322694454
2026-05-14 08:00:00,1601303.4322694454
2026-05-14 08:15:00,1601303.4322694454
2026-05-14 08:30:00,1601303.4322694454
2026-05-14 08:45:00,1601303.4322694454
2026-05-14 09:00:00,1601303.4322694454
2026-05-14 09:15:00,1601303.4322694454
2026-05-14 09:30:00,1601303.4322694454
2026-05-14 09:45:00,1601303.4322694454
2026-05-14 10:00:00,1601303.4322694454
2026-05-14 10:15:00,1601303.4322694454
2026-05-14 10:30:00,1601303.4322694454
2026-05-14 10:45:00,1601303.4322694454
2026-05-14 11:00:00,1601303.4322694454
2026-05-14 11:15:00,1601303.4322694454
2026-05-14 11:30:00,1601303.4322694454
2026-05-14 11:45:00,1601303.4322694454
2026-05-14 12:00:00,1601303.4322694454
2026-05-14 12:15:00,1601303.4322694454
2026-05-14 12:30:00,1601303.4322694454
2026-05-14 12:45:00,1601303.4322694454
2026-05-14 13:00:00,1601303.4322694454
2026-05-14 13:15:00,1601303.4322694454
2026-05-14 13:30:00,1601303.4322694454
2026-05-14 13:45:00,1601303.4322694454
2026-05-14 14:00:00,1601303.4322694454
2026-05-14 14:15:00,1601303.4322694454
2026-05-14 14:30:00,1601303.4322694454
2026-05-14 14:45:00,1601303.4322694454
2026-05-14 15:00:00,1601303.4322694454
2026-05-14 15:15:00,1601303.4322694454
2026-05-14 15:30:00,1601303.4322694454
2026-05-14 15:45:00,1601303.4322694454
2026-05-14 16:00:00,1601303.4322694454
2026-05-14 16:15:00,1601303.4322694454
2026-05-14 16:30:00,1601303.4322694454
2026-05-14 16:45:00,1601303.4322694454
2026-05-14 17:00:00,1601303.4322694454
2026-05-14 17:15:00,1601303.4322694454
2026-05-14 17:30:00,1601303.4322694454
2026-05-14 17:45:00,1601303.4322694454
2026-05-14 18:00:00,1601303.4322694454
2026-05-14 18:15:00,1601303.4322694454
2026-05-14 18:30:00,1601303.4322694454
2026-05-14 18:45:00,1601303.4322694454
2026-05-14 19:00:00,1601303.4322694454
2026-05-14 19:15:00,1601303.4322694454
2026-05-14 19:30:00,1601303.4322694454
2026-05-14 19:45:00,1601303.4322694454
2026-05-14 20:00:00,1601303.4322694454
2026-05-14 20:15:00,1601303.4322694454
2026-05-14 20:30:00,1601303.4322694454
2026-05-14 20:45:00,1601303.4322694454
2026-05-14 21:00:00,1601303.4322694454
2026-05-14 21:15:00,1601303.4322694454
2026-05-14 21:30:00,1601303.4322694454
2026-05-14 21:45:00,1601303.4322694454
2026-05-14 22:00:00,1601303.4322694454
2026-05-14 22:15:00,1601303.4322694454
2026-05-14 22:30:00,1601303.4322694454
2026-05-14 22:45:00,1601303.4322694454
2026-05-14 23:00:00,1601303.4322694454
2026-05-14 23:15:00,1601303.4322694454
2026-05-14 23:30:00,1601303.4322694454
2026-05-14 23:45:00,1601303.4322694454
2026-05-15 00:00:00,1601303.4322694454
2026-05-15 00:15:00,1601303.4322694454
2026-05-15 00:30:00,1601303.4322694454
2026-05-15 00:45:00,1601303.4322694454
2026-05-15 01:00:00,1601303.4322694454
2026-05-15 01:15:00,1601303.4322694454
2026-05-15 01:30:00,1601303.4322694454
2026-05-15 01:45:00,1601303.4322694454
2026-05-15 02:00:00,1601303.4322694454
2026-05-15 02:15:00,1601303.4322694454
2026-05-15 02:30:00,1601303.4322694454
2026-05-15 02:45:00,1601303.4322694454
2026-05-15 03:00:00,1601303.4322694454
2026-05-15 03:15:00,1601303.4322694454
2026-05-15 03:30:00,1601303.4322694454
2026-05-15 03:45:00,1601303.4322694454
2026-05-15 04:00:00,1601303.4322694454
2026-05-15 04:15:00,1601303.4322694454
2026-05-15 04:30:00,1601303.4322694454
2026-05-15 04:45:00,1601303.4322694454
2026-05-15 05:00:00,1601303.4322694454
2026-05-15 05:15:00,1601303.4322694454
2026-05-15 05:30:00,1601303.4322694454
2026-05-15 05:45:00,1601303.4322694454
2026-05-15 06:00:00,1601303.4322694454
2026-05-15 06:15:00,1601303.4322694454
2026-05-15 06:30:00,1601303.4322694454
2026-05-15 06:45:00,1601303.4322694454
2026-05-15 07:00:00,1601303.4322694454
2026-05-15 07:15:00,1601303.4322694454
2026-05-15 07:30:00,1601303.4322694454
2026-05-15 07:45:00,1601303.4322694454
2026-05-15 08:00:00,1601303.4322694454
2026-05-15 08:15:00,1601303.4322694454
2026-05-15 08:30:00,1601303.4322694454
2026-05-15 08:45:00,1601303.4322694454
2026-05-15 09:00:00,1601303.4322694454
2026-05-15 09:15:00,1601303.4322694454
2026-05-15 09:30:00,1601303.4322694454
2026-05-15 09:45:00,1601303.4322694454
2026-05-15 10:00:00,1601303.4322694454
2026-05-15 10:15:00,1601303.4322694454
2026-05-15 10:30:00,1601303.4322694454
2026-05-15 10:45:00,1601303.4322694454
2026-05-15 11:00:00,1601303.4322694454
2026-05-15 11:15:00,1601303.4322694454
2026-05-15 11:30:00,1601303.4322694454
2026-05-15 11:45:00,1601303.4322694454
2026-05-15 12:00:00,1601303.4322694454
2026-05-15 12:15:00,1601303.4322694454
2026-05-15 12:30:00,1601303.4322694454
2026-05-15 12:45:00,1601303.4322694454
2026-05-15 13:00:00,1601303.4322694454
2026-05-15 13:15:00,1601303.4322694454
2026-05-15 13:30:00,1601303.4322694454
2026-05-15 13:45:00,1601303.4322694454
2026-05-15 14:00:00,1601303.4322694454
2026-05-15 14:15:00,1601303.4322694454
2026-05-15 14:30:00,1601303.4322694454
2026-05-15 14:45:00,1601303.4322694454
2026-05-15 15:00:00,1601303.4322694454
2026-05-15 15:15:00,1601303.4322694454
2026-05-15 15:30:00,1601303.4322694454
2026-05-15 15:45:00,1601303.4322694454
2026-05-15 16:00:00,1601303.4322694454
2026-05-15 16:15:00,1601303.4322694454
2026-05-15 16:30:00,1601303.4322694454
2026-05-15 16:45:00,1601303.4322694454
2026-05-15 17:00:00,1601303.4322694454
2026-05-15 17:15:00,1601303.4322694454
2026-05-15 17:30:00,1601303.4322694454
2026-05-15 17:45:00,1601303.4322694454
2026-05-15 18:00:00,1601303.4322694454
2026-05-15 18:15:00,1601303.4322694454
2026-05-15 18:30:00,1601303.4322694454
2026-05-15 18:45:00,1601303.4322694454
2026-05-15 19:00:00,1601303.4322694454
2026-05-15 19:15:00,1601303.4322694454
2026-05-15 19:30:00,1601303.4322694454
2026-05-15 19:45:00,1601303.4322694454
2026-05-15 20:00:00,1601303.4322694454
2026-05-15 20:15:00,1601303.4322694454
2026-05-15 20:30:00,1601303.4322694454
2026-05-15 20:45:00,1601303.4322694454
2026-05-15 21:00:00,1601303.4322694454
2026-05-15 21:15:00,1601303.4322694454
2026-05-15 21:30:00,1601303.4322694454
2026-05-15 21:45:00,1601303.4322694454
2026-05-15 22:00:00,1601303.4322694454
2026-05-15 22:15:00,1601303.4322694454
2026-05-15 22:30:00,1601303.4322694454
2026-05-15 22:45:00,1601303.4322694454
2026-05-15 23:00:00,1601303.4322694454
2026-05-15 23:15:00,1601303.4322694454
2026-05-15 23:30:00,1601303.4322694454
2026-05-15 23:45:00,1601303.4322694454
2026-05-16 01:00:00,1601303.4322694454
2026-05-16 01:15:00,1601303.4322694454
2026-05-16 01:30:00,1601303.4322694454
2026-05-16 01:45:00,1601303.4322694454
2026-05-16 02:00:00,1601303.4322694454
2026-05-16 02:15:00,1601303.4322694454
2026-05-16 02:30:00,1601303.4322694454
2026-05-16 02:45:00,1601303.4322694454
2026-05-16 03:00:00,1601303.4322694454
2026-05-16 03:15:00,1601303.4322694454
2026-05-16 03:30:00,1601303.4322694454
2026-05-16 03:45:00,1601303.4322694454
2026-05-16 04:00:00,1601303.4322694454
2026-05-16 04:15:00,1601303.4322694454
2026-05-16 04:30:00,1601303.4322694454
2026-05-16 04:45:00,1601303.4322694454
2026-05-16 05:00:00,1601303.4322694454
2026-05-16 05:15:00,1601303.4322694454
2026-05-16 05:30:00,1601303.4322694454
2026-05-16 05:45:00,1601303.4322694454
2026-05-16 06:00:00,1601303.4322694454
2026-05-16 06:15:00,1601303.4322694454
2026-05-16 06:30:00,1601303.4322694454
2026-05-16 06:45:00,1601303.4322694454
2026-05-16 07:00:00,1601303.4322694454
2026-05-16 07:15:00,1601303.4322694454
2026-05-16 07:30:00,1601303.4322694454
2026-05-16 07:45:00,1601303.4322694454
2026-05-16 08:00:00,1601303.4322694454
2026-05-16 08:15:00,1601303.4322694454
2026-05-16 08:30:00,1601303.4322694454
2026-05-16 08:45:00,1601303.4322694454
2026-05-16 09:00:00,1601303.4322694454
2026-05-16 09:15:00,1601303.4322694454
2026-05-16 09:30:00,1601303.4322694454
2026-05-16 09:45:00,1601303.4322694454
2026-05-16 10:00:00,1601303.4322694454
2026-05-16 10:15:00,1601303.4322694454
2026-05-16 10:30:00,1601303.4322694454
2026-05-16 10:45:00,1601303.4322694454
2026-05-16 11:00:00,1601303.4322694454
2026-05-16 11:15:00,1601303.4322694454
2026-05-16 11:30:00,1601303.4322694454
2026-05-16 11:45:00,1601303.4322694454
2026-05-16 12:00:00,1601303.4322694454
2026-05-16 12:15:00,1601303.4322694454
2026-05-16 12:30:00,1601303.4322694454
2026-05-16 12:45:00,1601303.4322694454
2026-05-16 13:00:00,1601303.4322694454
2026-05-16 13:15:00,1601303.4322694454
2026-05-16 13:30:00,1601303.4322694454
2026-05-16 13:45:00,1601303.4322694454
2026-05-16 14:00:00,1601303.4322694454
2026-05-16 14:15:00,1601303.4322694454
2026-05-16 14:30:00,1601303.4322694454
2026-05-16 14:45:00,1601303.4322694454
2026-05-16 15:00:00,1601303.4322694454
2026-05-16 15:15:00,1601303.4322694454
2026-05-16 15:30:00,1601303.4322694454
2026-05-16 15:45:00,1601303.4322694454
2026-05-16 16:00:00,1601303.4322694454
2026-05-16 16:15:00,1601303.4322694454
2026-05-16 16:30:00,1601303.4322694454
2026-05-16 16:45:00,1601303.4322694454
2026-05-16 17:00:00,1601303.4322694454
2026-05-16 17:15:00,1601303.4322694454
2026-05-16 17:30:00,1601303.4322694454
2026-05-16 17:45:00,1601303.4322694454
2026-05-16 18:00:00,1601303.4322694454
2026-05-16 18:15:00,1601303.4322694454
2026-05-16 18:30:00,1601303.4322694454
2026-05-16 18:45:00,1601303.4322694454
2026-05-16 19:00:00,1601303.4322694454
2026-05-16 19:15:00,1601303.4322694454
2026-05-16 19:30:00,1601303.4322694454
2026-05-16 19:45:00,1601303.4322694454
2026-05-16 20:00:00,1601303.4322694454
2026-05-16 20:15:00,1601303.4322694454
2026-05-16 20:30:00,1601303.4322694454
2026-05-16 20:45:00,1601303.4322694454
2026-05-16 21:00:00,1601303.4322694454
2026-05-16 21:15:00,1601303.4322694454
2026-05-16 21:30:00,1601303.4322694454
2026-05-16 21:45:00,1601303.4322694454
2026-05-16 22:00:00,1601303.4322694454
2026-05-16 22:15:00,1601303.4322694454
2026-05-16 22:30:00,1601303.4322694454
2026-05-16 22:45:00,1601303.4322694454
2026-05-16 23:00:00,1601303.4322694454
2026-05-16 23:15:00,1601303.4322694454
2026-05-16 23:30:00,1601303.4322694454
2026-05-16 23:45:00,1601303.4322694454
2026-05-17 00:00:00,1601303.4322694454
2026-05-17 00:15:00,1601303.4322694454
2026-05-17 00:30:00,1601303.4322694454
2026-05-17 00:45:00,1601303.4322694454
2026-05-17 01:00:00,1601303.4322694454
2026-05-17 01:15:00,1601303.4322694454
2026-05-17 01:30:00,1601303.4322694454
2026-05-17 01:45:00,1601303.4322694454
2026-05-17 02:00:00,1601303.4322694454
2026-05-17 02:15:00,1601303.4322694454
2026-05-17 02:30:00,1601303.4322694454
2026-05-17 02:45:00,1601303.4322694454
2026-05-17 03:00:00,1601303.4322694454
2026-05-17 03:15:00,1601303.4322694454
2026-05-17 03:30:00,1601303.4322694454
2026-05-17 03:45:00,1601303.4322694454
2026-05-17 04:00:00,1601303.4322694454
2026-05-17 04:15:00,1601303.4322694454
2026-05-17 04:30:00,1601303.4322694454
2026-05-17 04:45:00,1601303.4322694454
2026-05-17 05:00:00,1601303.4322694454
2026-05-17 05:15:00,1601303.4322694454
2026-05-17 05:30:00,1601303.4322694454
2026-05-17 05:45:00,1601303.4322694454
2026-05-17 06:00:00,1601303.4322694454
2026-05-17 06:15:00,1601303.4322694454
2026-05-17 06:30:00,1601303.4322694454
2026-05-17 06:45:00,1601303.4322694454
2026-05-17 07:00:00,1601303.4322694454
2026-05-17 07:15:00,1601303.4322694454
2026-05-17 07:30:00,1601303.4322694454
2026-05-17 07:45:00,1601303.4322694454
2026-05-17 08:00:00,1601303.4322694454
2026-05-17 08:15:00,1601303.4322694454
2026-05-17 08:30:00,1601303.4322694454
2026-05-17 08:45:00,1601303.4322694454
2026-05-17 09:00:00,1601303.4322694454
2026-05-17 09:15:00,1601303.4322694454
2026-05-17 09:30:00,1601303.4322694454
2026-05-17 09:45:00,1601303.4322694454
2026-05-17 10:00:00,1601303.4322694454
2026-05-17 10:15:00,1601303.4322694454
2026-05-17 10:30:00,1601303.4322694454
2026-05-17 10:45:00,1601303.4322694454
2026-05-17 11:00:00,1601303.4322694454
2026-05-17 11:15:00,1601303.4322694454
2026-05-17 11:30:00,1601303.4322694454
2026-05-17 11:45:00,1601303.4322694454
2026-05-17 12:00:00,1601303.4322694454
2026-05-17 12:15:00,1601303.4322694454
2026-05-17 12:30:00,1601303.4322694454
2026-05-17 12:45:00,1601303.4322694454
2026-05-17 13:00:00,1601303.4322694454
2026-05-17 13:15:00,1601303.4322694454
2026-05-17 13:30:00,1601303.4322694454
2026-05-17 13:45:00,1601303.4322694454
2026-05-17 14:00:00,1601303.4322694454
2026-05-17 14:15:00,1601303.4322694454
2026-05-17 14:30:00,1601303.4322694454
2026-05-17 14:45:00,1601303.4322694454
2026-05-17 15:00:00,1601303.4322694454
2026-05-17 15:15:00,1601303.4322694454
2026-05-17 15:30:00,1601303.4322694454
2026-05-17 15:45:00,1601303.4322694454
2026-05-17 16:00:00,1601303.4322694454
2026-05-17 16:15:00,1601303.4322694454
2026-05-17 16:30:00,1601303.4322694454
2026-05-17 16:45:00,1601303.4322694454
2026-05-17 17:00:00,1601303.4322694454
2026-05-17 17:15:00,1601303.4322694454
2026-05-17 17:30:00,1601303.4322694454
2026-05-17 17:45:00,1601303.4322694454
2026-05-17 18:00:00,1601303.4322694454
2026-05-17 18:15:00,1601303.4322694454
2026-05-17 18:30:00,1601303.4322694454
2026-05-17 18:45:00,1601303.4322694454
2026-05-17 19:00:00,1601303.4322694454
2026-05-17 19:15:00,1601303.4322694454
2026-05-17 19:30:00,1601303.4322694454
2026-05-17 19:45:00,1601303.4322694454
2026-05-17 20:00:00,1601303.4322694454
2026-05-17 20:15:00,1601303.4322694454
2026-05-17 20:30:00,1601303.4322694454
2026-05-17 20:45:00,1601303.4322694454
2026-05-17 21:00:00,1601303.4322694454
2026-05-17 21:15:00,1601303.4322694454
2026-05-17 21:30:00,1601303.4322694454
2026-05-17 21:45:00,1601303.4322694454
2026-05-17 22:00:00,1601303.4322694454
2026-05-17 22:15:00,1601303.4322694454
2026-05-17 22:30:00,1601303.4322694454
2026-05-17 22:45:00,1601303.4322694454
2026-05-17 23:00:00,1601303.4322694454
2026-05-17 23:15:00,1601303.4322694454
2026-05-17 23:30:00,1601303.4322694454
2026-05-17 23:45:00,1601303.4322694454
2026-05-18 00:00:00,1601303.4322694454
2026-05-18 00:15:00,1601303.4322694454
2026-05-18 00:30:00,1601303.4322694454
2026-05-18 00:45:00,1601303.4322694454
2026-05-18 01:00:00,1601303.4322694454
2026-05-18 01:15:00,1601303.4322694454
2026-05-18 01:30:00,1601303.4322694454
2026-05-18 01:45:00,1601303.4322694454
2026-05-18 02:00:00,1601303.4322694454
2026-05-18 02:15:00,1601303.4322694454
2026-05-18 02:30:00,1601303.4322694454
2026-05-18 02:45:00,1601303.4322694454
2026-05-18 03:00:00,1601303.4322694454
2026-05-18 03:15:00,1601303.4322694454
2026-05-18 03:30:00,1601303.4322694454
2026-05-18 03:45:00,1601303.4322694454
2026-05-18 04:00:00,1601303.4322694454
2026-05-18 04:15:00,1601303.4322694454
2026-05-18 04:30:00,1601303.4322694454
2026-05-18 04:45:00,1601303.4322694454
2026-05-18 05:00:00,1601303.4322694454
2026-05-18 05:15:00,1601303.4322694454
2026-05-18 05:30:00,1601303.4322694454
2026-05-18 05:45:00,1601303.4322694454
2026-05-18 06:00:00,1601303.4322694454
2026-05-18 06:15:00,1601303.4322694454
2026-05-18 06:30:00,1601303.4322694454
2026-05-18 06:45:00,1601303.4322694454
2026-05-18 07:00:00,1601303.4322694454
2026-05-18 07:15:00,1601303.4322694454
2026-05-18 07:30:00,1601303.4322694454
2026-05-18 07:45:00,1601303.4322694454
2026-05-18 08:00:00,1601303.4322694454
2026-05-18 08:15:00,1601303.4322694454
2026-05-18 08:30:00,1601303.4322694454
2026-05-18 08:45:00,1601303.4322694454
2026-05-18 09:00:00,1601303.4322694454
2026-05-18 09:15:00,1601303.4322694454
2026-05-18 09:30:00,1601303.4322694454
2026-05-18 09:45:00,1601303.4322694454
2026-05-18 10:00:00,1601303.4322694454
2026-05-18 10:15:00,1601303.4322694454
2026-05-18 10:30:00,1601303.4322694454
2026-05-18 10:45:00,1601303.4322694454
2026-05-18 11:00:00,1601303.4322694454
2026-05-18 11:15:00,1601303.4322694454
2026-05-18 11:30:00,1601303.4322694454
2026-05-18 11:45:00,1601303.4322694454
2026-05-18 12:00:00,1601303.4322694454
2026-05-18 12:15:00,1601303.4322694454
2026-05-18 12:30:00,1601303.4322694454
2026-05-18 12:45:00,1601303.4322694454
2026-05-18 13:00:00,1601303.4322694454
2026-05-18 13:15:00,1601303.4322694454
2026-05-18 13:30:00,1601303.4322694454
2026-05-18 13:45:00,1601303.4322694454
2026-05-18 14:00:00,1601303.4322694454
2026-05-18 14:15:00,1601303.4322694454
2026-05-18 14:30:00,1601303.4322694454
2026-05-18 14:45:00,1601303.4322694454
2026-05-18 15:00:00,1601303.4322694454
2026-05-18 15:15:00,1601303.4322694454
2026-05-18 15:30:00,1601303.4322694454
2026-05-18 15:45:00,1601303.4322694454
2026-05-18 16:00:00,1601303.4322694454
2026-05-18 16:15:00,1601303.4322694454
2026-05-18 16:30:00,1601303.4322694454
2026-05-18 16:45:00,1601303.4322694454
2026-05-18 17:00:00,1601303.4322694454
2026-05-18 17:15:00,1601303.4322694454
2026-05-18 17:30:00,1601303.4322694454
2026-05-18 17:45:00,1601303.4322694454
2026-05-18 18:00:00,1601303.4322694454
2026-05-18 18:15:00,1601303.4322694454
2026-05-18 18:30:00,1601303.4322694454
2026-05-18 18:45:00,1601303.4322694454
2026-05-18 19:00:00,1601303.4322694454
2026-05-18 19:15:00,1601303.4322694454
2026-05-18 19:30:00,1601303.4322694454
2026-05-18 19:45:00,1601303.4322694454
2026-05-18 20:00:00,1601303.4322694454
2026-05-18 20:15:00,1601303.4322694454
2026-05-18 20:30:00,1601303.4322694454
2026-05-18 20:45:00,1601303.4322694454
2026-05-18 21:00:00,1601303.4322694454
2026-05-18 21:15:00,1601303.4322694454
2026-05-18 21:30:00,1601303.4322694454
2026-05-18 21:45:00,1601303.4322694454
2026-05-18 22:00:00,1601303.4322694454
2026-05-18 22:15:00,1601303.4322694454
2026-05-18 22:30:00,1601303.4322694454
2026-05-18 22:45:00,1601303.4322694454
2026-05-18 23:00:00,1601303.4322694454
2026-05-18 23:15:00,1601303.4322694454
2026-05-18 23:30:00,1601303.4322694454
2026-05-18 23:45:00,1601303.4322694454
2026-05-19 00:00:00,1601303.4322694454
2026-05-19 00:15:00,1601303.4322694454
2026-05-19 00:30:00,1601303.4322694454
2026-05-19 00:45:00,1601303.4322694454
2026-05-19 01:00:00,1601303.4322694454
2026-05-19 01:15:00,1601303.4322694454
2026-05-19 01:30:00,1601303.4322694454
2026-05-19 01:45:00,1601303.4322694454
2026-05-19 02:00:00,1601303.4322694454
2026-05-19 02:15:00,1601303.4322694454
2026-05-19 02:30:00,1601303.4322694454
2026-05-19 02:45:00,1601303.4322694454
2026-05-19 03:00:00,1601303.4322694454
2026-05-19 03:15:00,1601303.4322694454
2026-05-19 03:30:00,1601303.4322694454
2026-05-19 03:45:00,1601303.4322694454
2026-05-19 04:00:00,1601303.4322694454
2026-05-19 04:15:00,1601303.4322694454
2026-05-19 04:30:00,1601303.4322694454
2026-05-19 04:45:00,1601303.4322694454
2026-05-19 05:00:00,1601303.4322694454
2026-05-19 05:15:00,1601303.4322694454
2026-05-19 05:30:00,1601303.4322694454
2026-05-19 05:45:00,1601303.4322694454
2026-05-19 06:00:00,1601303.4322694454
2026-05-19 06:15:00,1601303.4322694454
2026-05-19 06:30:00,1601303.4322694454
2026-05-19 06:45:00,1601303.4322694454
2026-05-19 07:00:00,1601303.4322694454
2026-05-19 07:15:00,1601303.4322694454
2026-05-19 07:30:00,1601303.4322694454
2026-05-19 07:45:00,1601303.4322694454
2026-05-19 08:00:00,1601303.4322694454
2026-05-19 08:15:00,1601303.4322694454
2026-05-19 08:30:00,1601303.4322694454
2026-05-19 08:45:00,1601303.4322694454
2026-05-19 09:00:00,1601303.4322694454
2026-05-19 09:15:00,1601303.4322694454
2026-05-19 09:30:00,1601303.4322694454
2026-05-19 09:45:00,1601303.4322694454
2026-05-19 10:00:00,1601303.4322694454
2026-05-19 10:15:00,1601303.4322694454
2026-05-19 10:30:00,1601303.4322694454
2026-05-19 10:45:00,1601303.4322694454
2026-05-19 11:00:00,1601303.4322694454
2026-05-19 11:15:00,1601303.4322694454
2026-05-19 11:30:00,1601303.4322694454
2026-05-19 11:45:00,1601303.4322694454
2026-05-19 12:00:00,1601303.4322694454
2026-05-19 12:15:00,1601303.4322694454
2026-05-19 12:30:00,1601303.4322694454
2026-05-19 12:45:00,1601303.4322694454
2026-05-19 13:00:00,1601303.4322694454
2026-05-19 13:15:00,1601303.4322694454
2026-05-19 13:30:00,1601303.4322694454
2026-05-19 13:45:00,1601303.4322694454
2026-05-19 14:00:00,1601303.4322694454
2026-05-19 14:15:00,1601303.4322694454
2026-05-19 14:30:00,1601303.4322694454
2026-05-19 14:45:00,1601303.4322694454
2026-05-19 15:00:00,1601303.4322694454
2026-05-19 15:15:00,1601303.4322694454
2026-05-19 15:30:00,1601303.4322694454
2026-05-19 15:45:00,1601303.4322694454
2026-05-19 16:00:00,1601303.4322694454
2026-05-19 16:15:00,1601303.4322694454
2026-05-19 16:30:00,1601303.4322694454
2026-05-19 16:45:00,1601303.4322694454
2026-05-19 17:00:00,1601303.4322694454
2026-05-19 17:15:00,1601303.4322694454
2026-05-19 17:30:00,1601303.4322694454
2026-05-19 17:45:00,1601303.4322694454
2026-05-19 18:00:00,1601303.4322694454
2026-05-19 18:15:00,1601303.4322694454
2026-05-19 18:30:00,1601303.4322694454
2026-05-19 18:45:00,1601303.4322694454
2026-05-19 19:00:00,1601303.4322694454
2026-05-19 19:15:00,1601303.4322694454
2026-05-19 19:30:00,1601303.4322694454
2026-05-19 19:45:00,1601303.4322694454
2026-05-19 20:00:00,1601303.4322694454
2026-05-19 20:15:00,1601303.4322694454
2026-05-19 20:30:00,1601303.4322694454
2026-05-19 20:45:00,1601303.4322694454
2026-05-19 21:00:00,1601303.4322694454
2026-05-19 21:15:00,1601303.4322694454
2026-05-19 21:30:00,1601303.4322694454
2026-05-19 21:45:00,1601303.4322694454
2026-05-19 22:00:00,1601303.4322694454
2026-05-19 22:15:00,1601303.4322694454
2026-05-19 22:30:00,1601303.4322694454
2026-05-19 22:45:00,1601303.4322694454
2026-05-19 23:00:00,1601303.4322694454
2026-05-19 23:15:00,1601303.4322694454
2026-05-19 23:30:00,1601303.4322694454
2026-05-19 23:45:00,1601303.4322694454
2026-05-20 00:00:00,1601303.4322694454
2026-05-20 00:15:00,1601303.4322694454
2026-05-20 00:30:00,1601303.4322694454
2026-05-20 00:45:00,1601303.4322694454
2026-05-20 01:00:00,1601303.4322694454
2026-05-20 01:15:00,1601303.4322694454
2026-05-20 01:30:00,1601303.4322694454
2026-05-20 01:45:00,1601303.4322694454
2026-05-20 02:00:00,1601303.4322694454
2026-05-20 02:15:00,1601303.4322694454
2026-05-20 02:30:00,1601303.4322694454
2026-05-20 02:45:00,1601303.4322694454
2026-05-20 03:00:00,1601303.4322694454
2026-05-20 03:15:00,1601303.4322694454
2026-05-20 03:30:00,1601303.4322694454
2026-05-20 03:45:00,1601303.4322694454
2026-05-20 04:00:00,1601303.4322694454
2026-05-20 04:15:00,1601303.4322694454
2026-05-20 04:30:00,1601303.4322694454
2026-05-20 04:45:00,1601303.4322694454
2026-05-20 05:00:00,1601303.4322694454
2026-05-20 05:15:00,1601303.4322694454
2026-05-20 05:30:00,1601303.4322694454
2026-05-20 05:45:00,1601303.4322694454
2026-05-20 06:00:00,1601303.4322694454
2026-05-20 06:15:00,1601303.4322694454
2026-05-20 06:30:00,1601303.4322694454
2026-05-20 06:45:00,1601303.4322694454
2026-05-20 07:00:00,1601303.4322694454
2026-05-20 07:15:00,1601303.4322694454
2026-05-20 07:30:00,1601303.4322694454
2026-05-20 07:45:00,1601303.4322694454
2026-05-20 08:00:00,1601303.4322694454
2026-05-20 08:15:00,1601303.4322694454
2026-05-20 08:30:00,1601303.4322694454
2026-05-20 08:45:00,1601303.4322694454
2026-05-20 09:00:00,1601303.4322694454
2026-05-20 09:15:00,1601303.4322694454
2026-05-20 09:30:00,1601303.4322694454
2026-05-20 09:45:00,1601303.4322694454
2026-05-20 10:00:00,1601303.4322694454
2026-05-20 10:15:00,1601303.4322694454
2026-05-20 10:30:00,1601303.4322694454
2026-05-20 10:45:00,1601303.4322694454
2026-05-20 11:00:00,1601303.4322694454
2026-05-20 11:15:00,1601303.4322694454
2026-05-20 11:30:00,1601303.4322694454
2026-05-20 11:45:00,1601303.4322694454
2026-05-20 12:00:00,1601303.4322694454
2026-05-20 12:15:00,1601303.4322694454
2026-05-20 12:30:00,1601303.4322694454
2026-05-20 12:45:00,1601303.4322694454
2026-05-20 13:00:00,1601303.4322694454
2026-05-20 13:15:00,1601303.4322694454
2026-05-20 13:30:00,1601303.4322694454
2026-05-20 13:45:00,1601303.4322694454
2026-05-20 14:00:00,1601303.4322694454
2026-05-20 14:15:00,1601303.4322694454
2026-05-20 14:30:00,1601303.4322694454
2026-05-20 14:45:00,1601303.4322694454
2026-05-20 15:00:00,1601303.4322694454
2026-05-20 15:15:00,1601303.4322694454
2026-05-20 15:30:00,1601303.4322694454
2026-05-20 15:45:00,1601303.4322694454
2026-05-20 16:00:00,1601303.4322694454
2026-05-20 16:15:00,1601303.4322694454
2026-05-20 16:30:00,1601303.4322694454
2026-05-20 16:45:00,1601303.4322694454
2026-05-20 17:00:00,1601303.4322694454
2026-05-20 17:15:00,1601303.4322694454
2026-05-20 17:30:00,1601303.4322694454
2026-05-20 17:45:00,1601303.4322694454
2026-05-20 18:00:00,1601303.4322694454
2026-05-20 18:15:00,1601303.4322694454
2026-05-20 18:30:00,1601303.4322694454
2026-05-20 18:45:00,1601303.4322694454
2026-05-20 19:00:00,1601303.4322694454
2026-05-20 19:15:00,1601303.4322694454
2026-05-20 19:30:00,1601303.4322694454
2026-05-20 19:45:00,1601303.4322694454
2026-05-20 20:00:00,1601303.4322694454
2026-05-20 20:15:00,1601303.4322694454
2026-05-20 20:30:00,1601303.4322694454
2026-05-20 20:45:00,1601303.4322694454
2026-05-20 21:00:00,1601303.4322694454
2026-05-20 21:15:00,1601303.4322694454
2026-05-20 21:30:00,1601303.4322694454
2026-05-20 21:45:00,1601303.4322694454
2026-05-20 22:00:00,1601303.4322694454
2026-05-20 22:15:00,1601303.4322694454
2026-05-20 22:30:00,1601303.4322694454
2026-05-20 22:45:00,1601303.4322694454
2026-05-20 23:00:00,1601303.4322694454
2026-05-20 23:15:00,1601303.4322694454
2026-05-20 23:30:00,1601303.4322694454
2026-05-20 23:45:00,1601303.4322694454
2026-05-21 00:00:00,1601303.4322694454
2026-05-21 00:15:00,1601303.4322694454
2026-05-21 00:30:00,1601303.4322694454
2026-05-21 00:45:00,1601303.4322694454
2026-05-21 01:00:00,1601303.4322694454
2026-05-21 01:15:00,1601303.4322694454
2026-05-21 01:30:00,1601303.4322694454
2026-05-21 01:45:00,1601303.4322694454
2026-05-21 02:00:00,1601303.4322694454
2026-05-21 02:15:00,1601303.4322694454
2026-05-21 02:30:00,1601303.4322694454
2026-05-21 02:45:00,1601303.4322694454
2026-05-21 03:00:00,1601303.4322694454
2026-05-21 03:15:00,1601303.4322694454
2026-05-21 03:30:00,1601303.4322694454
2026-05-21 03:45:00,1601303.4322694454
2026-05-21 04:00:00,1601303.4322694454
2026-05-21 04:15:00,1601303.4322694454
2026-05-21 04:30:00,1601303.4322694454
2026-05-21 04:45:00,1601303.4322694454
2026-05-21 05:00:00,1601303.4322694454
2026-05-21 05:15:00,1601303.4322694454
2026-05-21 05:30:00,1601303.4322694454
2026-05-21 05:45:00,1601303.4322694454
2026-05-21 06:00:00,1601303.4322694454
2026-05-21 06:15:00,1601303.4322694454
2026-05-21 06:30:00,1601303.4322694454
2026-05-21 06:45:00,1601303.4322694454
2026-05-21 07:00:00,1601303.4322694454
2026-05-21 07:15:00,1601303.4322694454
2026-05-21 07:30:00,1601303.4322694454
2026-05-21 07:45:00,1601303.4322694454
2026-05-21 08:00:00,1601303.4322694454
2026-05-21 08:15:00,1601303.4322694454
2026-05-21 08:30:00,1601303.4322694454
2026-05-21 08:45:00,1601303.4322694454
2026-05-21 09:00:00,1601303.4322694454
2026-05-21 09:15:00,1601303.4322694454
2026-05-21 09:30:00,1601303.4322694454
2026-05-21 09:45:00,1601303.4322694454
2026-05-21 10:00:00,1601303.4322694454
2026-05-21 10:15:00,1601303.4322694454
2026-05-21 10:30:00,1601303.4322694454
2026-05-21 10:45:00,1601303.4322694454
2026-05-21 11:00:00,1601303.4322694454
2026-05-21 11:15:00,1601303.4322694454
2026-05-21 11:30:00,1601303.4322694454
2026-05-21 11:45:00,1601303.4322694454
2026-05-21 12:00:00,1601303.4322694454
2026-05-21 12:15:00,1601303.4322694454
2026-05-21 12:30:00,1601303.4322694454
2026-05-21 12:45:00,1601303.4322694454
2026-05-21 13:00:00,1601303.4322694454
2026-05-21 13:15:00,1601303.4322694454
2026-05-21 13:30:00,1601303.4322694454
2026-05-21 13:45:00,1601303.4322694454
2026-05-21 14:00:00,1601303.4322694454
2026-05-21 14:15:00,1601303.4322694454
2026-05-21 14:30:00,1601303.4322694454
2026-05-21 14:45:00,1601303.4322694454
2026-05-21 15:00:00,1601303.4322694454
2026-05-21 15:15:00,1601303.4322694454
2026-05-21 15:30:00,1601303.4322694454
2026-05-21 15:45:00,1601303.4322694454
2026-05-21 16:00:00,1601303.4322694454
2026-05-21 16:15:00,1601303.4322694454
2026-05-21 16:30:00,1601303.4322694454
2026-05-21 16:45:00,1601303.4322694454
2026-05-21 17:00:00,1601303.4322694454
2026-05-21 17:15:00,1601303.4322694454
2026-05-21 17:30:00,1601303.4322694454
2026-05-21 17:45:00,1601303.4322694454
2026-05-21 18:00:00,1601303.4322694454
2026-05-21 18:15:00,1601303.4322694454
2026-05-21 18:30:00,1601303.4322694454
2026-05-21 18:45:00,1601303.4322694454
2026-05-21 19:00:00,1601303.4322694454
2026-05-21 19:15:00,1601303.4322694454
2026-05-21 19:30:00,1601303.4322694454
2026-05-21 19:45:00,1601303.4322694454
2026-05-21 20:00:00,1601303.4322694454
2026-05-21 20:15:00,1601303.4322694454
2026-05-21 20:30:00,1601303.4322694454
2026-05-21 20:45:00,1601303.4322694454
2026-05-21 21:00:00,1601303.4322694454
2026-05-21 21:15:00,1601303.4322694454
2026-05-21 21:30:00,1601303.4322694454
2026-05-21 21:45:00,1601303.4322694454
2026-05-21 22:00:00,1601303.4322694454
2026-05-21 22:15:00,1601303.4322694454
2026-05-21 22:30:00,1601303.4322694454
2026-05-21 22:45:00,1601303.4322694454
2026-05-21 23:00:00,1601303.4322694454
2026-05-21 23:15:00,1601303.4322694454
2026-05-21 23:30:00,1601303.4322694454
2026-05-21 23:45:00,1601303.4322694454
2026-05-22 00:00:00,1601303.4322694454
2026-05-22 00:15:00,1601303.4322694454
2026-05-22 00:30:00,1601303.4322694454
2026-05-22 00:45:00,1601303.4322694454
2026-05-22 01:00:00,1601303.4322694454
2026-05-22 01:15:00,1601303.4322694454
2026-05-22 01:30:00,1601303.4322694454
2026-05-22 01:45:00,1601303.4322694454
2026-05-22 02:00:00,1601303.4322694454
2026-05-22 02:15:00,1601303.4322694454
2026-05-22 02:30:00,1601303.4322694454
2026-05-22 02:45:00,1601303.4322694454
2026-05-22 03:00:00,1601303.4322694454
2026-05-22 03:15:00,1601303.4322694454
2026-05-22 03:30:00,1601303.4322694454
2026-05-22 03:45:00,1601303.4322694454
2026-05-22 04:00:00,1601303.4322694454
2026-05-22 04:15:00,1601303.4322694454
2026-05-22 04:30:00,1601303.4322694454
2026-05-22 04:45:00,1601303.4322694454
2026-05-22 05:00:00,1601303.4322694454
2026-05-22 05:15:00,1601303.4322694454
2026-05-22 05:30:00,1601303.4322694454
2026-05-22 05:45:00,1601303.4322694454
2026-05-22 06:00:00,1601303.4322694454
2026-05-22 06:15:00,1601303.4322694454
2026-05-22 06:30:00,1601303.4322694454
2026-05-22 06:45:00,1601303.4322694454
2026-05-22 07:00:00,1601303.4322694454
2026-05-22 07:15:00,1601303.4322694454
2026-05-22 07:30:00,1601303.4322694454
2026-05-22 07:45:00,1601303.4322694454
2026-05-22 08:00:00,1601303.4322694454
2026-05-22 08:15:00,1601303.4322694454
2026-05-22 08:30:00,1601303.4322694454
2026-05-22 08:45:00,1601303.4322694454
2026-05-22 09:00:00,1601303.4322694454
2026-05-22 09:15:00,1601303.4322694454
2026-05-22 09:30:00,1601303.4322694454
2026-05-22 09:45:00,1601303.4322694454
2026-05-22 10:00:00,1601303.4322694454
2026-05-22 10:15:00,1601303.4322694454
2026-05-22 10:30:00,1601303.4322694454
2026-05-22 10:45:00,1601303.4322694454
2026-05-22 11:00:00,1601303.4322694454
2026-05-22 11:15:00,1601303.4322694454
2026-05-22 11:30:00,1601303.4322694454
2026-05-22 11:45:00,1601303.4322694454
2026-05-22 12:00:00,1601303.4322694454
2026-05-22 12:15:00,1601303.4322694454
2026-05-22 12:30:00,1601303.4322694454
2026-05-22 12:45:00,1601303.4322694454
2026-05-22 13:00:00,1601303.4322694454
2026-05-22 13:15:00,1601303.4322694454
2026-05-22 13:30:00,1601303.4322694454
2026-05-22 13:45:00,1601303.4322694454
2026-05-22 14:00:00,1601303.4322694454
2026-05-22 14:15:00,1601303.4322694454
2026-05-22 14:30:00,1601303.4322694454
2026-05-22 14:45:00,1601303.4322694454
2026-05-22 15:00:00,1601303.4322694454
2026-05-22 15:15:00,1601303.4322694454
2026-05-22 15:30:00,1601303.4322694454
2026-05-22 15:45:00,1601303.4322694454
2026-05-22 16:00:00,1601303.4322694454
2026-05-22 16:15:00,1601303.4322694454
2026-05-22 16:30:00,1601303.4322694454
2026-05-22 16:45:00,1601303.4322694454
2026-05-22 17:00:00,1601303.4322694454
2026-05-22 17:15:00,1601303.4322694454
2026-05-22 17:30:00,1601303.4322694454
2026-05-22 17:45:00,1601303.4322694454
2026-05-22 18:00:00,1601303.4322694454
2026-05-22 18:15:00,1601303.4322694454
2026-05-22 18:30:00,1601303.4322694454
2026-05-22 18:45:00,1601303.4322694454
2026-05-22 19:00:00,1601303.4322694454
2026-05-22 19:15:00,1601303.4322694454
2026-05-22 19:30:00,1601303.4322694454
2026-05-22 19:45:00,1601303.4322694454
2026-05-22 20:00:00,1601303.4322694454
2026-05-22 20:15:00,1601303.4322694454
2026-05-22 20:30:00,1601303.4322694454
2026-05-22 20:45:00,1601303.4322694454
2026-05-22 21:00:00,1601303.4322694454
2026-05-22 21:15:00,1601303.4322694454
2026-05-22 21:30:00,1601303.4322694454
2026-05-22 21:45:00,1601303.4322694454
2026-05-22 22:00:00,1601303.4322694454
2026-05-22 22:15:00,1601303.4322694454
2026-05-22 22:30:00,1601303.4322694454
2026-05-22 22:45:00,1601303.4322694454
2026-05-22 23:00:00,1601303.4322694454
2026-05-22 23:15:00,1601303.4322694454
2026-05-22 23:30:00,1601303.4322694454
2026-05-22 23:45:00,1601303.4322694454
2026-05-23 01:00:00,1601303.4322694454
2026-05-23 01:15:00,1601303.4322694454
2026-05-23 01:30:00,1601303.4322694454
2026-05-23 01:45:00,1601303.4322694454
2026-05-23 02:00:00,1601303.4322694454
2026-05-23 02:15:00,1601303.4322694454
2026-05-23 02:30:00,1601303.4322694454
2026-05-23 02:45:00,1601303.4322694454
2026-05-23 03:00:00,1601303.4322694454
2026-05-23 03:15:00,1601303.4322694454
2026-05-23 03:30:00,1601303.4322694454
2026-05-23 03:45:00,1601303.4322694454
2026-05-23 04:00:00,1601303.4322694454
2026-05-23 04:15:00,1601303.4322694454
2026-05-23 04:30:00,1601303.4322694454
2026-05-23 04:45:00,1601303.4322694454
2026-05-23 05:00:00,1601303.4322694454
2026-05-23 05:15:00,1601303.4322694454
2026-05-23 05:30:00,1601303.4322694454
2026-05-23 05:45:00,1601303.4322694454
2026-05-23 06:00:00,1601303.4322694454
2026-05-23 06:15:00,1601303.4322694454
2026-05-23 06:30:00,1601303.4322694454
2026-05-23 06:45:00,1601303.4322694454
2026-05-23 07:00:00,1601303.4322694454
2026-05-23 07:15:00,1601303.4322694454
2026-05-23 07:30:00,1601303.4322694454
2026-05-23 07:45:00,1601303.4322694454
2026-05-23 08:00:00,1601303.4322694454
2026-05-23 08:15:00,1601303.4322694454
2026-05-23 08:30:00,1601303.4322694454
2026-05-23 08:45:00,1601303.4322694454
2026-05-23 09:00:00,1601303.4322694454
2026-05-23 09:15:00,1601303.4322694454
2026-05-23 09:30:00,1601303.4322694454
2026-05-23 09:45:00,1601303.4322694454
2026-05-23 10:00:00,1601303.4322694454
2026-05-23 10:15:00,1601303.4322694454
2026-05-23 10:30:00,1601303.4322694454
2026-05-23 10:45:00,1601303.4322694454
2026-05-23 11:00:00,1601303.4322694454
2026-05-23 11:15:00,1601303.4322694454
2026-05-23 11:30:00,1601303.4322694454
2026-05-23 11:45:00,1601303.4322694454
2026-05-23 12:00:00,1601303.4322694454
2026-05-23 12:15:00,1601303.4322694454
2026-05-23 12:30:00,1601303.4322694454
2026-05-23 12:45:00,1601303.4322694454
2026-05-23 13:00:00,1601303.4322694454
2026-05-23 13:15:00,1601303.4322694454
2026-05-23 13:30:00,1601303.4322694454
2026-05-23 13:45:00,1601303.4322694454
2026-05-23 14:00:00,1601303.4322694454
2026-05-23 14:15:00,1601303.4322694454
2026-05-23 14:30:00,1601303.4322694454
2026-05-23 14:45:00,1601303.4322694454
2026-05-23 15:00:00,1601303.4322694454
2026-05-23 15:15:00,1601303.4322694454
2026-05-23 15:30:00,1601303.4322694454
2026-05-23 15:45:00,1601303.4322694454
2026-05-23 16:00:00,1601303.4322694454
2026-05-23 16:15:00,1601303.4322694454
2026-05-23 16:30:00,1601303.4322694454
2026-05-23 16:45:00,1601303.4322694454
2026-05-23 17:00:00,1601303.4322694454
2026-05-23 17:15:00,1601303.4322694454
2026-05-23 17:30:00,1601303.4322694454
2026-05-23 17:45:00,1601303.4322694454
2026-05-23 18:00:00,1601303.4322694454
2026-05-23 18:15:00,1601303.4322694454
2026-05-23 18:30:00,1601303.4322694454
2026-05-23 18:45:00,1601303.4322694454
2026-05-23 19:00:00,1601303.4322694454
2026-05-23 19:15:00,1601303.4322694454
2026-05-23 19:30:00,1601303.4322694454
2026-05-23 19:45:00,1601303.4322694454
2026-05-23 20:00:00,1601303.4322694454
2026-05-23 20:15:00,1601303.4322694454
2026-05-23 20:30:00,1601303.4322694454
2026-05-23 20:45:00,1601303.4322694454
2026-05-23 21:00:00,1601303.4322694454
2026-05-23 21:15:00,1601303.4322694454
2026-05-23 21:30:00,1601303.4322694454
2026-05-23 21:45:00,1601303.4322694454
2026-05-23 22:00:00,1601303.4322694454
2026-05-23 22:15:00,1601303.4322694454
2026-05-23 22:30:00,1601303.4322694454
2026-05-23 22:45:00,1601303.4322694454
2026-05-23 23:00:00,1601303.4322694454
2026-05-23 23:15:00,1601303.4322694454
2026-05-23 23:30:00,1601303.4322694454
2026-05-23 23:45:00,1601303.4322694454
2026-05-24 00:00:00,1601303.4322694454
2026-05-24 00:15:00,1601303.4322694454
2026-05-24 00:30:00,1601303.4322694454
2026-05-24 00:45:00,1601303.4322694454
2026-05-24 01:00:00,1601303.4322694454
2026-05-24 01:15:00,1601303.4322694454
2026-05-24 01:30:00,1601303.4322694454
2026-05-24 01:45:00,1601303.4322694454
2026-05-24 02:00:00,1601303.4322694454
2026-05-24 02:15:00,1601303.4322694454
2026-05-24 02:30:00,1601303.4322694454
2026-05-24 02:45:00,1601303.4322694454
2026-05-24 03:00:00,1601303.4322694454
2026-05-24 03:15:00,1601303.4322694454
2026-05-24 03:30:00,1601303.4322694454
2026-05-24 03:45:00,1601303.4322694454
2026-05-24 04:00:00,1601303.4322694454
2026-05-24 04:15:00,1601303.4322694454
2026-05-24 04:30:00,1601303.4322694454
2026-05-24 04:45:00,1601303.4322694454
2026-05-24 05:00:00,1601303.4322694454
2026-05-24 05:15:00,1601303.4322694454
2026-05-24 05:30:00,1601303.4322694454
2026-05-24 05:45:00,1601303.4322694454
2026-05-24 06:00:00,1601303.4322694454
2026-05-24 06:15:00,1601303.4322694454
2026-05-24 06:30:00,1601303.4322694454
2026-05-24 06:45:00,1601303.4322694454
2026-05-24 07:00:00,1601303.4322694454
2026-05-24 07:15:00,1601303.4322694454
2026-05-24 07:30:00,1601303.4322694454
2026-05-24 07:45:00,1601303.4322694454
2026-05-24 08:00:00,1601303.4322694454
2026-05-24 08:15:00,1601303.4322694454
2026-05-24 08:30:00,1601303.4322694454
2026-05-24 08:45:00,1601303.4322694454
2026-05-24 09:00:00,1601303.4322694454
2026-05-24 09:15:00,1601303.4322694454
2026-05-24 09:30:00,1601303.4322694454
2026-05-24 09:45:00,1601303.4322694454
2026-05-24 10:00:00,1601303.4322694454
2026-05-24 10:15:00,1601303.4322694454
2026-05-24 10:30:00,1601303.4322694454
2026-05-24 10:45:00,1601303.4322694454
2026-05-24 11:00:00,1601303.4322694454
2026-05-24 11:15:00,1601303.4322694454
2026-05-24 11:30:00,1601303.4322694454
2026-05-24 11:45:00,1601303.4322694454
2026-05-24 12:00:00,1601303.4322694454
2026-05-24 12:15:00,1601303.4322694454
2026-05-24 12:30:00,1601303.4322694454
2026-05-24 12:45:00,1601303.4322694454
2026-05-24 13:00:00,1601303.4322694454
2026-05-24 13:15:00,1601303.4322694454
2026-05-24 13:30:00,1601303.4322694454
2026-05-24 13:45:00,1601303.4322694454
2026-05-24 14:00:00,1601303.4322694454
2026-05-24 14:15:00,1601303.4322694454
2026-05-24 14:30:00,1601303.4322694454
2026-05-24 14:45:00,1601303.4322694454
2026-05-24 15:00:00,1601303.4322694454
2026-05-24 15:15:00,1601303.4322694454
2026-05-24 15:30:00,1601303.4322694454
2026-05-24 15:45:00,1601303.4322694454
2026-05-24 16:00:00,1601303.4322694454
2026-05-24 16:15:00,1601303.4322694454
2026-05-24 16:30:00,1601303.4322694454
2026-05-24 16:45:00,1601303.4322694454
2026-05-24 17:00:00,1601303.4322694454
2026-05-24 17:15:00,1601303.4322694454
2026-05-24 17:30:00,1601303.4322694454
2026-05-24 17:45:00,1601303.4322694454
2026-05-24 18:00:00,1601303.4322694454
2026-05-24 18:15:00,1601303.4322694454
2026-05-24 18:30:00,1601303.4322694454
2026-05-24 18:45:00,1601303.4322694454
2026-05-24 19:00:00,1601303.4322694454
2026-05-24 19:15:00,1601303.4322694454
2026-05-24 19:30:00,1601303.4322694454
2026-05-24 19:45:00,1601303.4322694454
2026-05-24 20:00:00,1601303.4322694454
2026-05-24 20:15:00,1601303.4322694454
2026-05-24 20:30:00,1601303.4322694454
2026-05-24 20:45:00,1601303.4322694454
2026-05-24 21:00:00,1601303.4322694454
2026-05-24 21:15:00,1601303.4322694454
2026-05-24 21:30:00,1601303.4322694454
2026-05-24 21:45:00,1601303.4322694454
2026-05-24 22:00:00,1601303.4322694454
2026-05-24 22:15:00,1601303.4322694454
2026-05-24 22:30:00,1601303.4322694454
2026-05-24 22:45:00,1601303.4322694454
2026-05-24 23:00:00,1601303.4322694454
2026-05-24 23:15:00,1601303.4322694454
2026-05-24 23:30:00,1601303.4322694454
2026-05-24 23:45:00,1601303.4322694454
2026-05-25 00:00:00,1601303.4322694454
2026-05-25 00:15:00,1601303.4322694454
2026-05-25 00:30:00,1601303.4322694454
2026-05-25 00:45:00,1601303.4322694454
2026-05-25 01:00:00,1601303.4322694454
2026-05-25 01:15:00,1601303.4322694454
2026-05-25 01:30:00,1601303.4322694454
2026-05-25 01:45:00,1601303.4322694454
2026-05-25 02:00:00,1601303.4322694454
2026-05-25 02:15:00,1601303.4322694454
2026-05-25 02:30:00,1601303.4322694454
2026-05-25 02:45:00,1601303.4322694454
2026-05-25 03:00:00,1601303.4322694454
2026-05-25 03:15:00,1601303.4322694454
2026-05-25 03:30:00,1601303.4322694454
2026-05-25 03:45:00,1601303.4322694454
2026-05-25 04:00:00,1601303.4322694454
2026-05-25 04:15:00,1601303.4322694454
2026-05-25 04:30:00,1601303.4322694454
2026-05-25 04:45:00,1601303.4322694454
2026-05-25 05:00:00,1601303.4322694454
2026-05-25 05:15:00,1601303.4322694454
2026-05-25 05:30:00,1601303.4322694454
2026-05-25 05:45:00,1601303.4322694454
2026-05-25 06:00:00,1601303.4322694454
2026-05-25 06:15:00,1601303.4322694454
2026-05-25 06:30:00,1601303.4322694454
2026-05-25 06:45:00,1601303.4322694454
2026-05-25 07:00:00,1601303.4322694454
2026-05-25 07:15:00,1601303.4322694454
2026-05-25 07:30:00,1601303.4322694454
2026-05-25 07:45:00,1601303.4322694454
2026-05-25 08:00:00,1601303.4322694454
2026-05-25 08:15:00,1601303.4322694454
2026-05-25 08:30:00,1601303.4322694454
2026-05-25 08:45:00,1601303.4322694454
2026-05-25 09:00:00,1601303.4322694454
2026-05-25 09:15:00,1601303.4322694454
2026-05-25 09:30:00,1601303.4322694454
2026-05-25 09:45:00,1601303.4322694454
2026-05-25 10:00:00,1601303.4322694454
2026-05-25 10:15:00,1601303.4322694454
2026-05-25 10:30:00,1601303.4322694454
2026-05-25 10:45:00,1601303.4322694454
2026-05-25 11:00:00,1601303.4322694454
2026-05-25 11:15:00,1601303.4322694454
2026-05-25 11:30:00,1601303.4322694454
2026-05-25 11:45:00,1601303.4322694454
2026-05-25 12:00:00,1601303.4322694454
2026-05-25 12:15:00,1601303.4322694454
2026-05-25 12:30:00,1601303.4322694454
2026-05-25 12:45:00,1601303.4322694454
2026-05-25 13:00:00,1601303.4322694454
2026-05-25 13:15:00,1601303.4322694454
2026-05-25 13:30:00,1601303.4322694454
2026-05-25 13:45:00,1601303.4322694454
2026-05-25 14:00:00,1601303.4322694454
2026-05-25 14:15:00,1601303.4322694454
2026-05-25 14:30:00,1601303.4322694454
2026-05-25 14:45:00,1601303.4322694454
2026-05-25 15:00:00,1601303.4322694454
2026-05-25 15:15:00,1601303.4322694454
2026-05-25 15:30:00,1601303.4322694454
2026-05-25 15:45:00,1601303.4322694454
2026-05-25 16:00:00,1601303.4322694454
2026-05-25 16:15:00,1601303.4322694454
2026-05-25 16:30:00,1601303.4322694454
2026-05-25 16:45:00,1601303.4322694454
2026-05-25 17:00:00,1601303.4322694454
2026-05-25 17:15:00,1601303.4322694454
2026-05-25 17:30:00,1601303.4322694454
2026-05-25 17:45:00,1601303.4322694454
2026-05-25 18:00:00,1601303.4322694454
2026-05-25 18:15:00,1601303.4322694454
2026-05-25 18:30:00,1601303.4322694454
2026-05-25 18:45:00,1601303.4322694454
2026-05-25 19:00:00,1601303.4322694454
2026-05-25 19:15:00,1601303.4322694454
2026-05-25 19:30:00,1601303.4322694454
2026-05-25 19:45:00,1601303.4322694454
2026-05-25 20:00:00,1601303.4322694454
2026-05-25 20:15:00,1601303.4322694454
2026-05-25 20:30:00,1601303.4322694454
2026-05-25 20:45:00,1601303.4322694454
2026-05-25 21:00:00,1601303.4322694454
2026-05-25 21:15:00,1601303.4322694454
2026-05-25 21:30:00,1601303.4322694454
2026-05-25 21:45:00,1601303.4322694454
2026-05-25 22:00:00,1601303.4322694454
2026-05-25 22:15:00,1601303.4322694454
2026-05-25 22:30:00,1601303.4322694454
2026-05-25 22:45:00,1601303.4322694454
2026-05-25 23:00:00,1601303.4322694454
2026-05-25 23:15:00,1601303.4322694454
2026-05-25 23:30:00,1601303.4322694454
2026-05-25 23:45:00,1601303.4322694454
2026-05-26 00:00:00,1601303.4322694454
2026-05-26 00:15:00,1601303.4322694454
2026-05-26 00:30:00,1601303.4322694454
2026-05-26 00:45:00,1601303.4322694454
2026-05-26 01:00:00,1601303.4322694454
2026-05-26 01:15:00,1601303.4322694454
2026-05-26 01:30:00,1601303.4322694454
2026-05-26 01:45:00,1601303.4322694454
2026-05-26 02:00:00,1601303.4322694454
2026-05-26 02:15:00,1601303.4322694454
2026-05-26 02:30:00,1601303.4322694454
2026-05-26 02:45:00,1601303.4322694454
2026-05-26 03:00:00,1601303.4322694454
2026-05-26 03:15:00,1601303.4322694454
2026-05-26 03:30:00,1601303.4322694454
2026-05-26 03:45:00,1601303.4322694454
2026-05-26 04:00:00,1601303.4322694454
2026-05-26 04:15:00,1601303.4322694454
2026-05-26 04:30:00,1601303.4322694454
2026-05-26 04:45:00,1601303.4322694454
2026-05-26 05:00:00,1601303.4322694454
2026-05-26 05:15:00,1601303.4322694454
2026-05-26 05:30:00,1601303.4322694454
2026-05-26 05:45:00,1601303.4322694454
2026-05-26 06:00:00,1601303.4322694454
2026-05-26 06:15:00,1601303.4322694454
2026-05-26 06:30:00,1601303.4322694454
2026-05-26 06:45:00,1601303.4322694454
2026-05-26 07:00:00,1601303.4322694454
2026-05-26 07:15:00,1601303.4322694454
2026-05-26 07:30:00,1601303.4322694454
2026-05-26 07:45:00,1601303.4322694454
2026-05-26 08:00:00,1601303.4322694454
2026-05-26 08:15:00,1601303.4322694454
2026-05-26 08:30:00,1601303.4322694454
2026-05-26 08:45:00,1601303.4322694454
2026-05-26 09:00:00,1601303.4322694454
2026-05-26 09:15:00,1601303.4322694454
2026-05-26 09:30:00,1601303.4322694454
2026-05-26 09:45:00,1601303.4322694454
2026-05-26 10:00:00,1601303.4322694454
2026-05-26 10:15:00,1601303.4322694454
2026-05-26 10:30:00,1601303.4322694454
2026-05-26 10:45:00,1601303.4322694454
2026-05-26 11:00:00,1601303.4322694454
2026-05-26 11:15:00,1601303.4322694454
2026-05-26 11:30:00,1601303.4322694454
2026-05-26 11:45:00,1601303.4322694454
2026-05-26 12:00:00,1601303.4322694454
2026-05-26 12:15:00,1601303.4322694454
2026-05-26 12:30:00,1601303.4322694454
2026-05-26 12:45:00,1601303.4322694454
2026-05-26 13:00:00,1601303.4322694454
2026-05-26 13:15:00,1601303.4322694454
2026-05-26 13:30:00,1601303.4322694454
2026-05-26 13:45:00,1601303.4322694454
2026-05-26 14:00:00,1601303.4322694454
2026-05-26 14:15:00,1601303.4322694454
2026-05-26 14:30:00,1601303.4322694454
2026-05-26 14:45:00,1601303.4322694454
2026-05-26 15:00:00,1601303.4322694454
2026-05-26 15:15:00,1601303.4322694454
2026-05-26 15:30:00,1601303.4322694454
2026-05-26 15:45:00,1601303.4322694454
2026-05-26 16:00:00,1601303.4322694454
2026-05-26 16:15:00,1601303.4322694454
2026-05-26 16:30:00,1601303.4322694454
2026-05-26 16:45:00,1601303.4322694454
2026-05-26 17:00:00,1601303.4322694454
2026-05-26 17:15:00,1601303.4322694454
2026-05-26 17:30:00,1601303.4322694454
2026-05-26 17:45:00,1601303.4322694454
2026-05-26 18:00:00,1601303.4322694454
2026-05-26 18:15:00,1601303.4322694454
2026-05-26 18:30:00,1601303.4322694454
2026-05-26 18:45:00,1601303.4322694454
2026-05-26 19:00:00,1601303.4322694454
2026-05-26 19:15:00,1601303.4322694454
2026-05-26 19:30:00,1601303.4322694454
2026-05-26 19:45:00,1601303.4322694454
2026-05-26 20:00:00,1601303.4322694454
2026-05-26 20:15:00,1601303.4322694454
2026-05-26 20:30:00,1601303.4322694454
2026-05-26 20:45:00,1601303.4322694454
2026-05-26 21:00:00,1601303.4322694454
2026-05-26 21:15:00,1601303.4322694454
2026-05-26 21:30:00,1601303.4322694454
2026-05-26 21:45:00,1601303.4322694454
2026-05-26 22:00:00,1601303.4322694454
2026-05-26 22:15:00,1601303.4322694454
2026-05-26 22:30:00,1601303.4322694454
2026-05-26 22:45:00,1601303.4322694454
2026-05-26 23:00:00,1601303.4322694454
2026-05-26 23:15:00,1601303.4322694454
2026-05-26 23:30:00,1601303.4322694454
2026-05-26 23:45:00,1601303.4322694454
2026-05-27 00:00:00,1601303.4322694454
2026-05-27 00:15:00,1601303.4322694454
2026-05-27 00:30:00,1601303.4322694454
2026-05-27 00:45:00,1601303.4322694454
2026-05-27 01:00:00,1601303.4322694454
2026-05-27 01:15:00,1601303.4322694454
2026-05-27 01:30:00,1601303.4322694454
2026-05-27 01:45:00,1601303.4322694454
2026-05-27 02:00:00,1601303.4322694454
2026-05-27 02:15:00,1601303.4322694454
2026-05-27 02:30:00,1601303.4322694454
2026-05-27 02:45:00,1601303.4322694454
2026-05-27 03:00:00,1601303.4322694454
2026-05-27 03:15:00,1601303.4322694454
2026-05-27 03:30:00,1601303.4322694454
2026-05-27 03:45:00,1601303.4322694454
2026-05-27 04:00:00,1601303.4322694454
2026-05-27 04:15:00,1601303.4322694454
2026-05-27 04:30:00,1601303.4322694454
2026-05-27 04:45:00,1601303.4322694454
2026-05-27 05:00:00,1601303.4322694454
2026-05-27 05:15:00,1601303.4322694454
2026-05-27 05:30:00,1601303.4322694454
2026-05-27 05:45:00,1601303.4322694454
2026-05-27 06:00:00,1601303.4322694454
2026-05-27 06:15:00,1601303.4322694454
2026-05-27 06:30:00,1601303.4322694454
2026-05-27 06:45:00,1601303.4322694454
2026-05-27 07:00:00,1601303.4322694454
2026-05-27 07:15:00,1601303.4322694454
2026-05-27 07:30:00,1601303.4322694454
2026-05-27 07:45:00,1601303.4322694454
2026-05-27 08:00:00,1601303.4322694454
2026-05-27 08:15:00,1601303.4322694454
2026-05-27 08:30:00,1601303.4322694454
2026-05-27 08:45:00,1601303.4322694454
2026-05-27 09:00:00,1601303.4322694454
2026-05-27 09:15:00,1601303.4322694454
2026-05-27 09:30:00,1601303.4322694454
2026-05-27 09:45:00,1601303.4322694454
2026-05-27 10:00:00,1601303.4322694454
2026-05-27 10:15:00,1601303.4322694454
2026-05-27 10:30:00,1601303.4322694454
2026-05-27 10:45:00,1601303.4322694454
2026-05-27 11:00:00,1601303.4322694454
2026-05-27 11:15:00,1601303.4322694454
2026-05-27 11:30:00,1601303.4322694454
2026-05-27 11:45:00,1601303.4322694454
2026-05-27 12:00:00,1601303.4322694454
2026-05-27 12:15:00,1601303.4322694454
2026-05-27 12:30:00,1601303.4322694454
2026-05-27 12:45:00,1601303.4322694454
2026-05-27 13:00:00,1601303.4322694454
2026-05-27 13:15:00,1601303.4322694454
2026-05-27 13:30:00,1601303.4322694454
2026-05-27 13:45:00,1601303.4322694454
2026-05-27 14:00:00,1601303.4322694454
2026-05-27 14:15:00,1601303.4322694454
2026-05-27 14:30:00,1601303.4322694454
2026-05-27 14:45:00,1601303.4322694454
2026-05-27 15:00:00,1601303.4322694454
2026-05-27 15:15:00,1601303.4322694454
2026-05-27 15:30:00,1601303.4322694454
2026-05-27 15:45:00,1601303.4322694454
2026-05-27 16:00:00,1601303.4322694454
2026-05-27 16:15:00,1601303.4322694454
2026-05-27 16:30:00,1601303.4322694454
2026-05-27 16:45:00,1601303.4322694454
2026-05-27 17:00:00,1601303.4322694454
2026-05-27 17:15:00,1601303.4322694454
2026-05-27 17:30:00,1601303.4322694454
2026-05-27 17:45:00,1601303.4322694454
2026-05-27 18:00:00,1601303.4322694454
2026-05-27 18:15:00,1601303.4322694454
2026-05-27 18:30:00,1601303.4322694454
2026-05-27 18:45:00,1601303.4322694454
2026-05-27 19:00:00,1601303.4322694454
2026-05-27 19:15:00,1601303.4322694454
2026-05-27 19:30:00,1601303.4322694454
2026-05-27 19:45:00,1601303.4322694454
2026-05-27 20:00:00,1601303.4322694454
2026-05-27 20:15:00,1601303.4322694454
2026-05-27 20:30:00,1601303.4322694454
2026-05-27 20:45:00,1601303.4322694454
2026-05-27 21:00:00,1601303.4322694454
2026-05-27 21:15:00,1601303.4322694454
2026-05-27 21:30:00,1601303.4322694454
2026-05-27 21:45:00,1601303.4322694454
2026-05-27 22:00:00,1601303.4322694454
2026-05-27 22:15:00,1601303.4322694454
2026-05-27 22:30:00,1601303.4322694454
2026-05-27 22:45:00,1601303.4322694454
2026-05-27 23:00:00,1601303.4322694454
2026-05-27 23:15:00,1601303.4322694454
2026-05-27 23:30:00,1601303.4322694454
2026-05-27 23:45:00,1601303.4322694454
2026-05-28 00:00:00,1601303.4322694454
2026-05-28 00:15:00,1601303.4322694454
2026-05-28 00:30:00,1601303.4322694454
2026-05-28 00:45:00,1601303.4322694454
2026-05-28 01:00:00,1601303.4322694454
2026-05-28 01:15:00,1601303.4322694454
2026-05-28 01:30:00,1601303.4322694454
2026-05-28 01:45:00,1601303.4322694454
2026-05-28 02:00:00,1601303.4322694454
2026-05-28 02:15:00,1601303.4322694454
2026-05-28 02:30:00,1601303.4322694454
2026-05-28 02:45:00,1601303.4322694454
2026-05-28 03:00:00,1601303.4322694454
2026-05-28 03:15:00,1601303.4322694454
2026-05-28 03:30:00,1601303.4322694454
2026-05-28 03:45:00,1601303.4322694454
2026-05-28 04:00:00,1601303.4322694454
2026-05-28 04:15:00,1601303.4322694454
2026-05-28 04:30:00,1601303.4322694454
2026-05-28 04:45:00,1601303.4322694454
2026-05-28 05:00:00,1601303.4322694454
2026-05-28 05:15:00,1601303.4322694454
2026-05-28 05:30:00,1601303.4322694454
2026-05-28 05:45:00,1601303.4322694454
2026-05-28 06:00:00,1601303.4322694454
2026-05-28 06:15:00,1601303.4322694454
2026-05-28 06:30:00,1601303.4322694454
2026-05-28 06:45:00,1601303.4322694454
2026-05-28 07:00:00,1601303.4322694454
2026-05-28 07:15:00,1601303.4322694454
2026-05-28 07:30:00,1601303.4322694454
2026-05-28 07:45:00,1601303.4322694454
2026-05-28 08:00:00,1601303.4322694454
2026-05-28 08:15:00,1601303.4322694454
2026-05-28 08:30:00,1601303.4322694454
2026-05-28 08:45:00,1601303.4322694454
2026-05-28 09:00:00,1601303.4322694454
2026-05-28 09:15:00,1601303.4322694454
2026-05-28 09:30:00,1601303.4322694454
2026-05-28 09:45:00,1601303.4322694454
2026-05-28 10:00:00,1601303.4322694454
2026-05-28 10:15:00,1601303.4322694454
2026-05-28 10:30:00,1601303.4322694454
2026-05-28 10:45:00,1601303.4322694454
2026-05-28 11:00:00,1601303.4322694454
2026-05-28 11:15:00,1601303.4322694454
2026-05-28 11:30:00,1601303.4322694454
2026-05-28 11:45:00,1601303.4322694454
2026-05-28 12:00:00,1601303.4322694454
2026-05-28 12:15:00,1601303.4322694454
2026-05-28 12:30:00,1601303.4322694454
2026-05-28 12:45:00,1601303.4322694454
2026-05-28 13:00:00,1601303.4322694454
2026-05-28 13:15:00,1601303.4322694454
2026-05-28 13:30:00,1601303.4322694454
2026-05-28 13:45:00,1601303.4322694454
2026-05-28 14:00:00,1601303.4322694454
2026-05-28 14:15:00,1601303.4322694454
2026-05-28 14:30:00,1601303.4322694454
2026-05-28 14:45:00,1601303.4322694454
2026-05-28 15:00:00,1601303.4322694454
2026-05-28 15:15:00,1601303.4322694454
2026-05-28 15:30:00,1601303.4322694454
2026-05-28 15:45:00,1601303.4322694454
2026-05-28 16:00:00,1601303.4322694454
2026-05-28 16:15:00,1601303.4322694454
2026-05-28 16:30:00,1601303.4322694454
2026-05-28 16:45:00,1601303.4322694454
2026-05-28 17:00:00,1601303.4322694454
2026-05-28 17:15:00,1601303.4322694454
2026-05-28 17:30:00,1601303.4322694454
2026-05-28 17:45:00,1601303.4322694454
2026-05-28 18:00:00,1601303.4322694454
2026-05-28 18:15:00,1601303.4322694454
2026-05-28 18:30:00,1601303.4322694454
2026-05-28 18:45:00,1601303.4322694454
2026-05-28 19:00:00,1601303.4322694454
2026-05-28 19:15:00,1601303.4322694454
2026-05-28 19:30:00,1601303.4322694454
2026-05-28 19:45:00,1601303.4322694454
2026-05-28 20:00:00,1601303.4322694454
2026-05-28 20:15:00,1601303.4322694454
2026-05-28 20:30:00,1601303.4322694454
2026-05-28 20:45:00,1601303.4322694454
2026-05-28 21:00:00,1601303.4322694454
2026-05-28 21:15:00,1601303.4322694454
2026-05-28 21:30:00,1601303.4322694454
2026-05-28 21:45:00,1601303.4322694454
2026-05-28 22:00:00,1601303.4322694454
2026-05-28 22:15:00,1601303.4322694454
2026-05-28 22:30:00,1601303.4322694454
2026-05-28 22:45:00,1601303.4322694454
2026-05-28 23:00:00,1601303.4322694454
2026-05-28 23:15:00,1601303.4322694454
2026-05-28 23:30:00,1601303.4322694454
2026-05-28 23:45:00,1601303.4322694454
2026-05-29 00:00:00,1601303.4322694454
2026-05-29 00:15:00,1601303.4322694454
2026-05-29 00:30:00,1601303.4322694454
2026-05-29 00:45:00,1601303.4322694454
2026-05-29 01:00:00,1601303.4322694454
2026-05-29 01:15:00,1601303.4322694454
2026-05-29 01:30:00,1601303.4322694454
2026-05-29 01:45:00,1601303.4322694454
2026-05-29 02:00:00,1601303.4322694454
2026-05-29 02:15:00,1601303.4322694454
2026-05-29 02:30:00,1601303.4322694454
2026-05-29 02:45:00,1601303.4322694454
2026-05-29 03:00:00,1601303.4322694454
2026-05-29 03:15:00,1601303.4322694454
2026-05-29 03:30:00,1601303.4322694454
2026-05-29 03:45:00,1601303.4322694454
2026-05-29 04:00:00,1601303.4322694454
2026-05-29 04:15:00,1601303.4322694454
2026-05-29 04:30:00,1601303.4322694454
2026-05-29 04:45:00,1601303.4322694454
2026-05-29 05:00:00,1601303.4322694454
2026-05-29 05:15:00,1601303.4322694454
2026-05-29 05:30:00,1601303.4322694454
2026-05-29 05:45:00,1601303.4322694454
2026-05-29 06:00:00,1601303.4322694454
2026-05-29 06:15:00,1601303.4322694454
2026-05-29 06:30:00,1601303.4322694454
2026-05-29 06:45:00,1601303.4322694454
2026-05-29 07:00:00,1601303.4322694454
2026-05-29 07:15:00,1601303.4322694454
2026-05-29 07:30:00,1601303.4322694454
2026-05-29 07:45:00,1601303.4322694454
2026-05-29 08:00:00,1601303.4322694454
2026-05-29 08:15:00,1601303.4322694454
2026-05-29 08:30:00,1601303.4322694454
2026-05-29 08:45:00,1601303.4322694454
2026-05-29 09:00:00,1601303.4322694454
2026-05-29 09:15:00,1601303.4322694454
2026-05-29 09:30:00,1601303.4322694454
2026-05-29 09:45:00,1601303.4322694454
2026-05-29 10:00:00,1601303.4322694454
2026-05-29 10:15:00,1601303.4322694454
2026-05-29 10:30:00,1601303.4322694454
2026-05-29 10:45:00,1601303.4322694454
2026-05-29 11:00:00,1601303.4322694454
2026-05-29 11:15:00,1601303.4322694454
2026-05-29 11:30:00,1601303.4322694454
2026-05-29 11:45:00,1601303.4322694454
2026-05-29 12:00:00,1601303.4322694454
2026-05-29 12:15:00,1601303.4322694454
2026-05-29 12:30:00,1601303.4322694454
2026-05-29 12:45:00,1601303.4322694454
2026-05-29 13:00:00,1601303.4322694454
2026-05-29 13:15:00,1601303.4322694454
2026-05-29 13:30:00,1601303.4322694454
2026-05-29 13:45:00,1601303.4322694454
2026-05-29 14:00:00,1601303.4322694454
2026-05-29 14:15:00,1601303.4322694454
2026-05-29 14:30:00,1601303.4322694454
2026-05-29 14:45:00,1601303.4322694454
2026-05-29 15:00:00,1601303.4322694454
2026-05-29 15:15:00,1601303.4322694454
2026-05-29 15:30:00,1601303.4322694454
2026-05-29 15:45:00,1601303.4322694454
2026-05-29 16:00:00,1601303.4322694454
2026-05-29 16:15:00,1601303.4322694454
2026-05-29 16:30:00,1601303.4322694454
2026-05-29 16:45:00,1601303.4322694454
2026-05-29 17:00:00,1601303.4322694454
2026-05-29 17:15:00,1601303.4322694454
2026-05-29 17:30:00,1601303.4322694454
2026-05-29 17:45:00,1601303.4322694454
2026-05-29 18:00:00,1601303.4322694454
2026-05-29 18:15:00,1601303.4322694454
2026-05-29 18:30:00,1601303.4322694454
2026-05-29 18:45:00,1601303.4322694454
2026-05-29 19:00:00,1601303.4322694454
2026-05-29 19:15:00,1601303.4322694454
2026-05-29 19:30:00,1601303.4322694454
2026-05-29 19:45:00,1601303.4322694454
2026-05-29 20:00:00,1601303.4322694454
2026-05-29 20:15:00,1601303.4322694454
2026-05-29 20:30:00,1601303.4322694454
2026-05-29 20:45:00,1601303.4322694454
2026-05-29 21:00:00,1601303.4322694454
2026-05-29 21:15:00,1601303.4322694454
2026-05-29 21:30:00,1601303.4322694454
2026-05-29 21:45:00,1601303.4322694454
2026-05-29 22:00:00,1601303.4322694454
2026-05-29 22:15:00,1601303.4322694454
2026-05-29 22:30:00,1601303.4322694454
2026-05-29 22:45:00,1601303.4322694454
2026-05-29 23:00:00,1601303.4322694454
2026-05-29 23:15:00,1601303.4322694454
2026-05-29 23:30:00,1601303.4322694454
2026-05-29 23:45:00,1601303.4322694454
2026-05-30 01:00:00,1601303.4322694454
2026-05-30 01:15:00,1601303.4322694454
2026-05-30 01:30:00,1601303.4322694454
2026-05-30 01:45:00,1601303.4322694454
2026-05-30 02:00:00,1601303.4322694454
2026-05-30 02:15:00,1601303.4322694454
2026-05-30 02:30:00,1601303.4322694454
2026-05-30 02:45:00,1601303.4322694454
2026-05-30 03:00:00,1601303.4322694454
2026-05-30 03:15:00,1601303.4322694454
2026-05-30 03:30:00,1601303.4322694454
2026-05-30 03:45:00,1601303.4322694454
2026-05-30 04:00:00,1601303.4322694454
2026-05-30 04:15:00,1601303.4322694454
2026-05-30 04:30:00,1601303.4322694454
2026-05-30 04:45:00,1601303.4322694454
2026-05-30 05:00:00,1601303.4322694454
2026-05-30 05:15:00,1601303.4322694454
2026-05-30 05:30:00,1601303.4322694454
2026-05-30 05:45:00,1601303.4322694454
2026-05-30 06:00:00,1601303.4322694454
2026-05-30 06:15:00,1601303.4322694454
2026-05-30 06:30:00,1601303.4322694454
2026-05-30 06:45:00,1601303.4322694454
2026-05-30 07:00:00,1601303.4322694454
2026-05-30 07:15:00,1601303.4322694454
2026-05-30 07:30:00,1601303.4322694454
2026-05-30 07:45:00,1601303.4322694454
2026-05-30 08:00:00,1601303.4322694454
2026-05-30 08:15:00,1601303.4322694454
2026-05-30 08:30:00,1601303.4322694454
2026-05-30 08:45:00,1601303.4322694454
2026-05-30 09:00:00,1601303.4322694454
2026-05-30 09:15:00,1601303.4322694454
2026-05-30 09:30:00,1601303.4322694454
2026-05-30 09:45:00,1601303.4322694454
2026-05-30 10:00:00,1601303.4322694454
2026-05-30 10:15:00,1601303.4322694454
2026-05-30 10:30:00,1601303.4322694454
2026-05-30 10:45:00,1601303.4322694454
2026-05-30 11:00:00,1601303.4322694454
2026-05-30 11:15:00,1601303.4322694454
2026-05-30 11:30:00,1601303.4322694454
2026-05-30 11:45:00,1601303.4322694454
2026-05-30 12:00:00,1601303.4322694454
2026-05-30 12:15:00,1601303.4322694454
2026-05-30 12:30:00,1601303.4322694454
2026-05-30 12:45:00,1601303.4322694454
2026-05-30 13:00:00,1601303.4322694454
2026-05-30 13:15:00,1601303.4322694454
2026-05-30 13:30:00,1601303.4322694454
2026-05-30 13:45:00,1601303.4322694454
2026-05-30 14:00:00,1601303.4322694454
2026-05-30 14:15:00,1601303.4322694454
2026-05-30 14:30:00,1601303.4322694454
2026-05-30 14:45:00,1601303.4322694454
2026-05-30 15:00:00,1601303.4322694454
2026-05-30 15:15:00,1601303.4322694454
2026-05-30 15:30:00,1601303.4322694454
2026-05-30 15:45:00,1601303.4322694454
2026-05-30 16:00:00,1601303.4322694454
2026-05-30 16:15:00,1601303.4322694454
2026-05-30 16:30:00,1601303.4322694454
2026-05-30 16:45:00,1601303.4322694454
2026-05-30 17:00:00,1601303.4322694454
2026-05-30 17:15:00,1601303.4322694454
2026-05-30 17:30:00,1601303.4322694454
2026-05-30 17:45:00,1601303.4322694454
2026-05-30 18:00:00,1601303.4322694454
2026-05-30 18:15:00,1601303.4322694454
2026-05-30 18:30:00,1601303.4322694454
2026-05-30 18:45:00,1601303.4322694454
2026-05-30 19:00:00,1601303.4322694454
2026-05-30 19:15:00,1601303.4322694454
2026-05-30 19:30:00,1601303.4322694454
2026-05-30 19:45:00,1601303.4322694454
2026-05-30 20:00:00,1601303.4322694454
2026-05-30 20:15:00,1601303.4322694454
2026-05-30 20:30:00,1601303.4322694454
2026-05-30 20:45:00,1601303.4322694454
2026-05-30 21:00:00,1601303.4322694454
2026-05-30 21:15:00,1601303.4322694454
2026-05-30 21:30:00,1601303.4322694454
2026-05-30 21:45:00,1601303.4322694454
2026-05-30 22:00:00,1601303.4322694454
2026-05-30 22:15:00,1601303.4322694454
2026-05-30 22:30:00,1601303.4322694454
2026-05-30 22:45:00,1601303.4322694454
2026-05-30 23:00:00,1601303.4322694454
2026-05-30 23:15:00,1601303.4322694454
2026-05-30 23:30:00,1601303.4322694454
2026-05-30 23:45:00,1601303.4322694454
