time,portfolio_equity
2026-01-28 07:00:00,100000.0
2026-01-28 07:15:00,100000.0
2026-01-28 07:30:00,100000.0
2026-01-28 07:45:00,100000.0
2026-01-28 08:00:00,100000.0
2026-01-28 08:15:00,100000.0
2026-01-28 08:30:00,100000.0
2026-01-28 08:45:00,100000.0
2026-01-28 09:00:00,100000.0
2026-01-28 09:15:00,100000.0
2026-01-28 09:30:00,100000.0
2026-01-28 09:45:00,100000.0
2026-01-28 10:00:00,102030.0
2026-01-28 10:15:00,102030.0
2026-01-28 10:30:00,104183.62700000001
2026-01-28 10:45:00,103808.45739666668
2026-01-28 11:00:00,103808.45739666668
2026-01-28 11:15:00,103069.33576113968
2026-01-28 11:30:00,102705.30907019494
2026-01-28 11:45:00,102705.30907019494
2026-01-28 12:00:00,102705.30907019494
2026-01-28 12:15:00,102705.30907019494
2026-01-28 12:30:00,102705.30907019494
2026-01-28 12:45:00,102705.30907019494
2026-01-28 13:00:00,100596.33310094968
2026-01-28 13:15:00,100596.33310094968
2026-01-28 13:30:00,100596.33310094968
2026-01-28 13:45:00,100596.33310094968
2026-01-28 14:00:00,100596.33310094968
2026-01-28 14:15:00,100596.33310094968
2026-01-28 14:30:00,100596.33310094968
2026-01-28 14:45:00,100596.33310094968
2026-01-28 15:00:00,100596.33310094968
2026-01-28 15:15:00,100596.33310094968
2026-01-28 15:30:00,100257.03643660685
2026-01-28 15:45:00,99921.13273890744
2026-01-28 16:00:00,99921.13273890744
2026-01-28 16:15:00,99921.13273890744
2026-01-28 16:30:00,98600.1085087625
2026-01-28 16:45:00,97947.44075700821
2026-01-28 17:00:00,97627.99968277145
2026-01-28 17:15:00,97627.99968277145
2026-01-28 17:30:00,100005.08635261041
2026-01-28 17:45:00,100005.08635261041
2026-01-28 18:00:00,100005.08635261041
2026-01-28 18:15:00,100005.08635261041
2026-01-28 18:30:00,101065.98635261039
2026-01-28 18:45:00,103284.22216261037
2026-01-28 19:00:00,103284.22216261037
2026-01-28 19:15:00,102897.79747117705
2026-01-28 19:30:00,102897.79747117705
2026-01-28 19:45:00,102897.79747117705
2026-01-28 20:00:00,102897.79747117705
2026-01-28 20:15:00,102897.79747117705
2026-01-28 20:30:00,102897.79747117705
2026-01-28 20:45:00,102897.79747117705
2026-01-28 21:00:00,101761.55469491116
2026-01-28 21:15:00,101761.55469491116
2026-01-28 21:30:00,101761.55469491116
2026-01-28 21:45:00,100659.05946534315
2026-01-28 22:00:00,101390.35667815483
2026-01-28 22:15:00,101022.87064156604
2026-01-28 22:30:00,101022.87064156604
2026-01-28 22:45:00,101022.87064156604
2026-01-28 23:00:00,110782.8820434253
2026-01-28 23:15:00,110321.4707531838
2026-01-28 23:30:00,109864.67357584475
2026-01-28 23:45:00,109864.67357584475
2026-01-29 01:00:00,109864.67357584475
2026-01-29 01:15:00,109864.67357584475
2026-01-29 01:30:00,109864.67357584475
2026-01-29 01:45:00,109864.67357584475
2026-01-29 02:00:00,109864.67357584475
2026-01-29 02:15:00,109864.67357584475
2026-01-29 02:30:00,109864.67357584475
2026-01-29 02:45:00,109864.67357584475
2026-01-29 03:00:00,109864.67357584475
2026-01-29 03:15:00,109864.67357584475
2026-01-29 03:30:00,109864.67357584475
2026-01-29 03:45:00,109864.67357584475
2026-01-29 04:00:00,109864.67357584475
2026-01-29 04:15:00,108521.50761239413
2026-01-29 04:30:00,108521.50761239413
2026-01-29 04:45:00,108521.50761239413
2026-01-29 05:00:00,108082.71006646297
2026-01-29 05:15:00,108082.71006646297
2026-01-29 05:30:00,108082.71006646297
2026-01-29 05:45:00,109412.44437027907
2026-01-29 06:00:00,108964.73745676906
2026-01-29 06:15:00,107218.23502122395
2026-01-29 06:30:00,107218.23502122395
2026-01-29 06:45:00,107218.23502122395
2026-01-29 07:00:00,107218.23502122395
2026-01-29 07:15:00,106288.34364813175
2026-01-29 07:30:00,108034.84608367685
2026-01-29 07:45:00,108034.84608367685
2026-01-29 08:00:00,108034.84608367685
2026-01-29 08:15:00,108034.84608367685
2026-01-29 08:30:00,108034.84608367685
2026-01-29 08:45:00,107430.3133702511
2026-01-29 09:00:00,107132.57341425684
2026-01-29 09:15:00,107132.57341425684
2026-01-29 09:30:00,106837.81085782254
2026-01-29 09:45:00,106837.81085782254
2026-01-29 10:00:00,105386.07097871174
2026-01-29 10:15:00,105091.30842227742
2026-01-29 10:30:00,105386.07097871174
2026-01-29 10:45:00,104121.50688677192
2026-01-29 11:00:00,104121.50688677192
2026-01-29 11:15:00,104121.50688677192
2026-01-29 11:30:00,104121.50688677192
2026-01-29 11:45:00,102493.65248656517
2026-01-29 12:00:00,102096.81185146717
2026-01-29 12:15:00,102096.81185146717
2026-01-29 12:30:00,102096.81185146717
2026-01-29 12:45:00,102096.81185146717
2026-01-29 13:00:00,101703.93962272014
2026-01-29 13:15:00,101703.93962272014
2026-01-29 13:30:00,101703.93962272014
2026-01-29 13:45:00,101703.93962272014
2026-01-29 14:00:00,101703.93962272014
2026-01-29 14:15:00,101703.93962272014
2026-01-29 14:30:00,101703.93962272014
2026-01-29 14:45:00,101703.93962272014
2026-01-29 15:00:00,101117.36213541585
2026-01-29 15:15:00,100542.45754010891
2026-01-29 15:30:00,99387.25643157339
2026-01-29 15:45:00,99009.86493619921
2026-01-29 16:00:00,99009.86493619921
2026-01-29 16:15:00,98726.717200591
2026-01-29 16:30:00,102191.16093855577
2026-01-29 16:45:00,103135.63073370396
2026-01-29 17:00:00,104397.16036870627
2026-01-29 17:15:00,105229.69965571509
2026-01-29 17:30:00,107386.59064538658
2026-01-29 17:45:00,110103.45492862773
2026-01-29 18:00:00,110103.45492862773
2026-01-29 18:15:00,108867.19901564528
2026-01-29 18:30:00,108867.19901564528
2026-01-29 18:45:00,108867.19901564528
2026-01-29 19:00:00,107489.46125305447
2026-01-29 19:15:00,105890.86332763812
2026-01-29 19:30:00,105890.86332763812
2026-01-29 19:45:00,105890.86332763812
2026-01-29 20:00:00,105890.86332763812
2026-01-29 20:15:00,105890.86332763812
2026-01-29 20:30:00,105445.27247292917
2026-01-29 20:45:00,105445.27247292917
2026-01-29 21:00:00,105445.27247292917
2026-01-29 21:15:00,105445.27247292917
2026-01-29 21:30:00,105445.27247292917
2026-01-29 21:45:00,105445.27247292917
2026-01-29 22:00:00,105445.27247292917
2026-01-29 22:15:00,105445.27247292917
2026-01-29 22:30:00,104446.96848075146
2026-01-29 22:45:00,99189.81232513607
2026-01-29 23:00:00,98926.21252780712
2026-01-29 23:15:00,99725.02668763438
2026-01-29 23:30:00,99725.02668763438
2026-01-29 23:45:00,99725.02668763438
2026-01-30 01:00:00,99996.69531486057
2026-01-30 01:15:00,99996.69531486057
2026-01-30 01:30:00,99996.69531486057
2026-01-30 01:45:00,99996.69531486057
2026-01-30 02:00:00,99996.69531486057
2026-01-30 02:15:00,99996.69531486057
2026-01-30 02:30:00,99725.02668763438
2026-01-30 02:45:00,99725.02668763438
2026-01-30 03:00:00,99456.07474668045
2026-01-30 03:15:00,99189.81232513607
2026-01-30 03:30:00,99189.81232513607
2026-01-30 03:45:00,99189.81232513607
2026-01-30 04:00:00,99189.81232513607
2026-01-30 04:15:00,99189.81232513607
2026-01-30 04:30:00,99189.81232513607
2026-01-30 04:45:00,98794.84733254698
2026-01-30 05:00:00,98403.8319898838
2026-01-30 05:15:00,98403.8319898838
2026-01-30 05:30:00,98403.8319898838
2026-01-30 05:45:00,98403.8319898838
2026-01-30 06:00:00,98403.8319898838
2026-01-30 06:15:00,98403.8319898838
2026-01-30 06:30:00,98403.8319898838
2026-01-30 06:45:00,98403.8319898838
2026-01-30 07:00:00,98403.8319898838
2026-01-30 07:15:00,98403.8319898838
2026-01-30 07:30:00,98403.8319898838
2026-01-30 07:45:00,98403.8319898838
2026-01-30 08:00:00,98403.8319898838
2026-01-30 08:15:00,98403.8319898838
2026-01-30 08:30:00,98403.8319898838
2026-01-30 08:45:00,98403.8319898838
2026-01-30 09:00:00,98403.8319898838
2026-01-30 09:15:00,98403.8319898838
2026-01-30 09:30:00,107302.36860746707
2026-01-30 09:45:00,103262.34315447422
2026-01-30 10:00:00,103262.34315447422
2026-01-30 10:15:00,103262.34315447422
2026-01-30 10:30:00,105166.87716329446
2026-01-30 10:45:00,105166.87716329446
2026-01-30 11:00:00,105166.87716329446
2026-01-30 11:15:00,105166.87716329446
2026-01-30 11:30:00,105166.87716329446
2026-01-30 11:45:00,108287.1238635539
2026-01-30 12:00:00,108287.1238635539
2026-01-30 12:15:00,108287.1238635539
2026-01-30 12:30:00,108287.1238635539
2026-01-30 12:45:00,108287.1238635539
2026-01-30 13:00:00,108287.1238635539
2026-01-30 13:15:00,108287.1238635539
2026-01-30 13:30:00,108287.1238635539
2026-01-30 13:45:00,108287.1238635539
2026-01-30 14:00:00,108287.1238635539
2026-01-30 14:15:00,108287.1238635539
2026-01-30 14:30:00,108287.1238635539
2026-01-30 14:45:00,107173.3892467205
2026-01-30 15:00:00,106901.8814554717
2026-01-30 15:15:00,106901.8814554717
2026-01-30 15:30:00,104169.631953233
2026-01-30 15:45:00,104169.631953233
2026-01-30 16:00:00,104169.631953233
2026-01-30 16:15:00,104169.631953233
2026-01-30 16:30:00,103900.83923989667
2026-01-30 16:45:00,103900.83923989667
2026-01-30 17:00:00,103461.26896703399
2026-01-30 17:15:00,103026.09439689996
2026-01-30 17:30:00,104344.84961652562
2026-01-30 17:45:00,104344.84961652562
2026-01-30 18:00:00,103900.83923989667
2026-01-30 18:15:00,105246.37053223996
2026-01-30 18:30:00,105246.37053223996
2026-01-30 18:45:00,105591.65930506274
2026-01-30 19:00:00,105143.1639751345
2026-01-30 19:15:00,105143.1639751345
2026-01-30 19:30:00,105143.1639751345
2026-01-30 19:45:00,105143.1639751345
2026-01-30 20:00:00,105143.1639751345
2026-01-30 20:15:00,105143.1639751345
2026-01-30 20:30:00,105143.1639751345
2026-01-30 20:45:00,105143.1639751345
2026-01-30 21:00:00,105143.1639751345
2026-01-30 21:15:00,105143.1639751345
2026-01-30 21:30:00,105143.1639751345
2026-01-30 21:45:00,105143.1639751345
2026-01-30 22:00:00,105143.1639751345
2026-01-30 22:15:00,105143.1639751345
2026-01-30 22:30:00,105143.1639751345
2026-01-30 22:45:00,104259.58332564287
2026-01-30 23:00:00,104259.58332564287
2026-01-30 23:15:00,104259.58332564287
2026-01-30 23:30:00,104259.58332564287
2026-01-30 23:45:00,104259.58332564287
2026-02-02 01:00:00,104259.58332564287
2026-02-02 01:15:00,106475.19510502137
2026-02-02 01:30:00,106017.86441709353
2026-02-02 01:45:00,105565.10703604498
2026-02-02 02:00:00,105565.10703604498
2026-02-02 02:15:00,104673.12971964125
2026-02-02 02:30:00,104673.12971964125
2026-02-02 02:45:00,104673.12971964125
2026-02-02 03:00:00,104673.12971964125
2026-02-02 03:15:00,104673.12971964125
2026-02-02 03:30:00,104673.12971964125
2026-02-02 03:45:00,104673.12971964125
2026-02-02 04:00:00,104673.12971964125
2026-02-02 04:15:00,104673.12971964125
2026-02-02 04:30:00,104673.12971964125
2026-02-02 04:45:00,105991.05982186332
2026-02-02 05:00:00,105991.0598218633
2026-02-02 05:15:00,105991.0598218633
2026-02-02 05:30:00,105991.0598218633
2026-02-02 05:45:00,105991.0598218633
2026-02-02 06:00:00,105991.0598218633
2026-02-02 06:15:00,105991.0598218633
2026-02-02 06:30:00,105991.0598218633
2026-02-02 06:45:00,105716.97189207425
2026-02-02 07:00:00,105716.97189207425
2026-02-02 07:15:00,105716.97189207425
2026-02-02 07:30:00,105716.97189207425
2026-02-02 07:45:00,113302.90575558218
2026-02-02 08:00:00,113302.90575558218
2026-02-02 08:15:00,113649.09301584301
2026-02-02 08:30:00,114660.37376087092
2026-02-02 08:45:00,114660.37376087092
2026-02-02 09:00:00,113969.43304650969
2026-02-02 09:15:00,113163.07204937792
2026-02-02 09:30:00,113847.10335659553
2026-02-02 09:45:00,113041.96565636291
2026-02-02 10:00:00,112244.87933313262
2026-02-02 10:15:00,112826.17803721511
2026-02-02 10:30:00,112364.77466221747
2026-02-02 10:45:00,112364.77466221747
2026-02-02 11:00:00,112364.77466221747
2026-02-02 11:15:00,111907.9853209698
2026-02-02 11:30:00,111907.9853209698
2026-02-02 11:45:00,111907.9853209698
2026-02-02 12:00:00,111907.9853209698
2026-02-02 12:15:00,111907.9853209698
2026-02-02 12:30:00,111244.27042760787
2026-02-02 12:45:00,111244.27042760787
2026-02-02 13:00:00,111244.27042760787
2026-02-02 13:15:00,111244.27042760787
2026-02-02 13:30:00,111244.27042760787
2026-02-02 13:45:00,111244.27042760787
2026-02-02 14:00:00,112162.46314385318
2026-02-02 14:15:00,111701.05976885554
2026-02-02 14:30:00,111701.05976885554
2026-02-02 14:45:00,111701.05976885554
2026-02-02 15:00:00,110412.99092353045
2026-02-02 15:15:00,110098.98368887615
2026-02-02 15:30:00,110098.98368887615
2026-02-02 15:45:00,110098.98368887615
2026-02-02 16:00:00,110098.98368887615
2026-02-02 16:15:00,110098.98368887615
2026-02-02 16:30:00,111469.35171261911
2026-02-02 16:45:00,111469.35171261911
2026-02-02 17:00:00,111469.35171261911
2026-02-02 17:15:00,111469.35171261911
2026-02-02 17:30:00,111469.35171261911
2026-02-02 17:45:00,112744.53986949095
2026-02-02 18:00:00,112744.53986949095
2026-02-02 18:15:00,112420.92082561446
2026-02-02 18:30:00,112420.92082561446
2026-02-02 18:45:00,112420.92082561446
2026-02-02 19:00:00,112420.92082561446
2026-02-02 19:15:00,112420.92082561446
2026-02-02 19:30:00,112420.92082561446
2026-02-02 19:45:00,112420.92082561446
2026-02-02 20:00:00,112420.92082561446
2026-02-02 20:15:00,112420.92082561446
2026-02-02 20:30:00,112420.92082561446
2026-02-02 20:45:00,112420.92082561446
2026-02-02 21:00:00,112420.92082561446
2026-02-02 21:15:00,112420.92082561446
2026-02-02 21:30:00,111469.35171261911
2026-02-02 21:45:00,109914.44494687133
2026-02-02 22:00:00,109914.44494687133
2026-02-02 22:15:00,109914.44494687133
2026-02-02 22:30:00,109914.44494687133
2026-02-02 22:45:00,109914.44494687133
2026-02-02 23:00:00,109914.44494687133
2026-02-02 23:15:00,109914.44494687133
2026-02-02 23:30:00,109914.44494687133
2026-02-02 23:45:00,109914.44494687133
2026-02-03 01:00:00,110222.20343755602
2026-02-03 01:15:00,108421.20534801188
2026-02-03 01:30:00,108421.20534801188
2026-02-03 01:45:00,111164.25685942141
2026-02-03 02:00:00,111164.25685942141
2026-02-03 02:15:00,112115.79393413142
2026-02-03 02:30:00,112115.79393413142
2026-02-03 02:45:00,112115.79393413142
2026-02-03 03:00:00,111789.09953848098
2026-02-03 03:15:00,119270.99219116411
2026-02-03 03:30:00,119270.99219116411
2026-02-03 03:45:00,119270.99219116411
2026-02-03 04:00:00,116718.55778542769
2026-02-03 04:15:00,115884.70554090673
2026-02-03 04:30:00,115502.15165899092
2026-02-03 04:45:00,115502.15165899092
2026-02-03 05:00:00,115502.15165899092
2026-02-03 05:15:00,115502.15165899092
2026-02-03 05:30:00,115502.15165899092
2026-02-03 05:45:00,115502.15165899092
2026-02-03 06:00:00,115502.15165899092
2026-02-03 06:15:00,115502.15165899092
2026-02-03 06:30:00,115502.15165899092
2026-02-03 06:45:00,115502.15165899092
2026-02-03 07:00:00,115059.19181883102
2026-02-03 07:15:00,115059.19181883102
2026-02-03 07:30:00,115059.19181883102
2026-02-03 07:45:00,115059.19181883102
2026-02-03 08:00:00,115059.19181883102
2026-02-03 08:15:00,117967.2162087606
2026-02-03 08:30:00,125149.9234997051
2026-02-03 08:45:00,125149.9234997051
2026-02-03 09:00:00,125149.9234997051
2026-02-03 09:15:00,128836.28793885585
2026-02-03 09:30:00,136637.4176210048
2026-02-03 09:45:00,139969.2645304828
2026-02-03 10:00:00,139470.7093279066
2026-02-03 10:15:00,139470.7093279066
2026-02-03 10:30:00,140191.9180514972
2026-02-03 10:45:00,139123.33220431558
2026-02-03 11:00:00,138544.34235396516
2026-02-03 11:15:00,137971.14240211828
2026-02-03 11:30:00,138307.83239608447
2026-02-03 11:45:00,138307.83239608447
2026-02-03 12:00:00,138307.83239608447
2026-02-03 12:15:00,138307.83239608447
2026-02-03 12:30:00,135888.8500016494
2026-02-03 12:45:00,135888.8500016494
2026-02-03 13:00:00,135088.45017913118
2026-02-03 13:15:00,135088.45017913118
2026-02-03 13:30:00,135088.45017913118
2026-02-03 13:45:00,135088.45017913118
2026-02-03 14:00:00,134116.0686105818
2026-02-03 14:15:00,132164.7403942274
2026-02-03 14:30:00,131176.42632361845
2026-02-03 14:45:00,131176.42632361845
2026-02-03 15:00:00,131176.42632361845
2026-02-03 15:15:00,131176.42632361845
2026-02-03 15:30:00,131176.42632361845
2026-02-03 15:45:00,131176.42632361845
2026-02-03 16:00:00,130658.03456177222
2026-02-03 16:15:00,129636.75095175892
2026-02-03 16:30:00,131447.3389237047
2026-02-03 16:45:00,131447.3389237047
2026-02-03 17:00:00,131447.3389237047
2026-02-03 17:15:00,131447.3389237047
2026-02-03 17:30:00,130949.3738656583
2026-02-03 17:45:00,130949.3738656583
2026-02-03 18:00:00,130949.3738656583
2026-02-03 18:15:00,165034.78084740357
2026-02-03 18:30:00,172766.724168409
2026-02-03 18:45:00,172766.724168409
2026-02-03 19:00:00,170953.51793652715
2026-02-03 19:15:00,170953.51793652715
2026-02-03 19:30:00,170060.49108835252
2026-02-03 19:45:00,170953.51793652715
2026-02-03 20:00:00,170953.51793652715
2026-02-03 20:15:00,170953.51793652715
2026-02-03 20:30:00,168301.13889476375
2026-02-03 20:45:00,168301.13889476375
2026-02-03 21:00:00,169750.66388833578
2026-02-03 21:15:00,169750.66388833578
2026-02-03 21:30:00,169750.66388833578
2026-02-03 21:45:00,169750.66388833578
2026-02-03 22:00:00,169750.66388833578
2026-02-03 22:15:00,169750.66388833578
2026-02-03 22:30:00,168760.3000952276
2026-02-03 22:45:00,168272.53348536562
2026-02-03 23:00:00,167789.64454160226
2026-02-03 23:15:00,167789.64454160226
2026-02-03 23:30:00,167789.64454160226
2026-02-03 23:45:00,167789.64454160226
2026-02-04 00:00:00,167789.64454160226
2026-02-04 00:15:00,167789.64454160226
2026-02-04 00:30:00,167789.64454160226
2026-02-04 00:45:00,167789.64454160226
2026-02-04 01:00:00,163542.91737938562
2026-02-04 01:15:00,162718.88159325082
2026-02-04 01:30:00,162718.88159325082
2026-02-04 01:45:00,162718.88159325082
2026-02-04 02:00:00,162718.88159325082
2026-02-04 02:15:00,162718.88159325082
2026-02-04 02:30:00,162718.88159325082
2026-02-04 02:45:00,165166.2678780712
2026-02-04 03:00:00,170283.50786100206
2026-02-04 03:15:00,169332.16835289384
2026-02-04 03:30:00,169332.16835289384
2026-02-04 03:45:00,169332.16835289384
2026-02-04 04:00:00,172006.49342574674
2026-02-04 04:15:00,172006.49342574674
2026-02-04 04:30:00,172006.49342574674
2026-02-04 04:45:00,172006.49342574674
2026-02-04 05:00:00,172006.49342574674
2026-02-04 05:15:00,172006.49342574674
2026-02-04 05:30:00,174761.0482507852
2026-02-04 05:45:00,174761.0482507852
2026-02-04 06:00:00,174761.0482507852
2026-02-04 06:15:00,174761.0482507852
2026-02-04 06:30:00,174761.0482507852
2026-02-04 06:45:00,174761.0482507852
2026-02-04 07:00:00,174761.0482507852
2026-02-04 07:15:00,174761.0482507852
2026-02-04 07:30:00,174761.0482507852
2026-02-04 07:45:00,174761.0482507852
2026-02-04 08:00:00,171034.49277399603
2026-02-04 08:15:00,172879.04457582475
2026-02-04 08:30:00,172879.04457582475
2026-02-04 08:45:00,172879.04457582475
2026-02-04 09:00:00,172879.04457582475
2026-02-04 09:15:00,171952.1341226445
2026-02-04 09:30:00,173386.36257451607
2026-02-04 09:45:00,175844.90336563857
2026-02-04 10:00:00,174337.65379372987
2026-02-04 10:15:00,173357.77410037845
2026-02-04 10:30:00,171049.064757546
2026-02-04 10:45:00,171049.064757546
2026-02-04 11:00:00,169671.90744330388
2026-02-04 11:15:00,169226.64755302368
2026-02-04 11:30:00,172235.4240060873
2026-02-04 11:45:00,172235.4240060873
2026-02-04 12:00:00,171890.08136043308
2026-02-04 12:15:00,171890.08136043308
2026-02-04 12:30:00,171209.72181422962
2026-02-04 12:45:00,171209.72181422962
2026-02-04 13:00:00,171209.72181422962
2026-02-04 13:15:00,172127.3631628781
2026-02-04 13:30:00,172127.3631628781
2026-02-04 13:45:00,172127.3631628781
2026-02-04 14:00:00,171209.72181422962
2026-02-04 14:15:00,170277.3139623328
2026-02-04 14:30:00,169368.8490271708
2026-02-04 14:45:00,169368.8490271708
2026-02-04 15:00:00,168909.62644644512
2026-02-04 15:15:00,169970.45417431375
2026-02-04 15:30:00,168180.6874055511
2026-02-04 15:45:00,168180.6874055511
2026-02-04 16:00:00,167299.20478742837
2026-02-04 16:15:00,167299.20478742837
2026-02-04 16:30:00,187875.95344854213
2026-02-04 16:45:00,187875.95344854213
2026-02-04 17:00:00,187875.95344854213
2026-02-04 17:15:00,187875.95344854213
2026-02-04 17:30:00,187875.95344854213
2026-02-04 17:45:00,187875.95344854213
2026-02-04 18:00:00,187875.95344854213
2026-02-04 18:15:00,187875.95344854213
2026-02-04 18:30:00,187875.95344854213
2026-02-04 18:45:00,187875.95344854213
2026-02-04 19:00:00,187875.95344854213
2026-02-04 19:15:00,189371.8551575964
2026-02-04 19:30:00,189371.8551575964
2026-02-04 19:45:00,189371.8551575964
2026-02-04 20:00:00,189371.8551575964
2026-02-04 20:15:00,189371.8551575964
2026-02-04 20:30:00,189371.8551575964
2026-02-04 20:45:00,189371.8551575964
2026-02-04 21:00:00,188276.14339785275
2026-02-04 21:15:00,188276.14339785275
2026-02-04 21:30:00,185615.65335309313
2026-02-04 21:45:00,186048.00229700305
2026-02-04 22:00:00,186048.00229700305
2026-02-04 22:15:00,186048.00229700305
2026-02-04 22:30:00,186048.00229700305
2026-02-04 22:45:00,186048.00229700305
2026-02-04 23:00:00,186048.00229700305
2026-02-04 23:15:00,186048.00229700305
2026-02-04 23:30:00,182433.14809443243
2026-02-04 23:45:00,182026.10014612673
2026-02-05 00:00:00,182026.10014612673
2026-02-05 00:15:00,182026.10014612673
2026-02-05 00:30:00,182026.10014612673
2026-02-05 00:45:00,182026.10014612673
2026-02-05 01:00:00,182026.10014612673
2026-02-05 01:15:00,185247.82143330103
2026-02-05 01:30:00,185247.82143330103
2026-02-05 01:45:00,185247.82143330103
2026-02-05 02:00:00,184141.6971247045
2026-02-05 02:15:00,184141.6971247045
2026-02-05 02:30:00,184141.6971247045
2026-02-05 02:45:00,184141.6971247045
2026-02-05 03:00:00,178774.79850500196
2026-02-05 03:15:00,181962.52162433846
2026-02-05 03:30:00,181962.52162433846
2026-02-05 03:45:00,181962.52162433846
2026-02-05 04:00:00,175741.61186622476
2026-02-05 04:15:00,175741.61186622476
2026-02-05 04:30:00,175741.61186622476
2026-02-05 04:45:00,178091.47939554337
2026-02-05 05:00:00,177754.9361497241
2026-02-05 05:15:00,177351.95868090147
2026-02-05 05:30:00,177351.95868090147
2026-02-05 05:45:00,177351.95868090147
2026-02-05 06:00:00,177351.95868090147
2026-02-05 06:15:00,177351.95868090147
2026-02-05 06:30:00,176953.01098676707
2026-02-05 06:45:00,176167.0441345529
2026-02-05 07:00:00,176167.0441345529
2026-02-05 07:15:00,176167.0441345529
2026-02-05 07:30:00,175833.86632119183
2026-02-05 07:45:00,175833.86632119183
2026-02-05 08:00:00,174792.47224187828
2026-02-05 08:15:00,173374.39355468698
2026-02-05 08:30:00,172991.16599150278
2026-02-05 08:45:00,173761.49210335792
2026-02-05 09:00:00,177449.1950495466
2026-02-05 09:15:00,176815.62326108234
2026-02-05 09:30:00,176815.62326108234
2026-02-05 09:45:00,176815.62326108234
2026-02-05 10:00:00,176428.5247124114
2026-02-05 10:15:00,176428.5247124114
2026-02-05 10:30:00,176428.5247124114
2026-02-05 10:45:00,173825.08159467432
2026-02-05 11:00:00,173467.88846266753
2026-02-05 11:15:00,173467.88846266753
2026-02-05 11:30:00,172103.8036282169
2026-02-05 11:45:00,172103.8036282169
2026-02-05 12:00:00,172103.8036282169
2026-02-05 12:15:00,171753.71863953705
2026-02-05 12:30:00,171753.71863953705
2026-02-05 12:45:00,170753.35964211082
2026-02-05 13:00:00,170753.35964211082
2026-02-05 13:15:00,169763.0042346589
2026-02-05 13:30:00,169763.0042346589
2026-02-05 13:45:00,169763.0042346589
2026-02-05 14:00:00,169763.0042346589
2026-02-05 14:15:00,172704.3597947911
2026-02-05 14:30:00,186655.96175735292
2026-02-05 14:45:00,188144.55819487845
2026-02-05 15:00:00,194295.96874292876
2026-02-05 15:15:00,194295.96874292876
2026-02-05 15:30:00,192723.60310567552
2026-02-05 15:45:00,192723.60310567552
2026-02-05 16:00:00,192723.60310567552
2026-02-05 16:15:00,192353.00905549945
2026-02-05 16:30:00,189756.20570337065
2026-02-05 16:45:00,189456.21935551416
2026-02-05 17:00:00,190943.9344992907
2026-02-05 17:15:00,190943.9344992907
2026-02-05 17:30:00,190433.15229992743
2026-02-05 17:45:00,190433.15229992743
2026-02-05 18:00:00,190433.15229992743
2026-02-05 18:15:00,189426.8602889618
2026-02-05 18:30:00,187911.78667174155
2026-02-05 18:45:00,178369.5526181028
2026-02-05 19:00:00,178369.5526181028
2026-02-05 19:15:00,178369.5526181028
2026-02-05 19:30:00,179871.4560863285
2026-02-05 19:45:00,179871.4560863285
2026-02-05 20:00:00,179871.4560863285
2026-02-05 20:15:00,179871.4560863285
2026-02-05 20:30:00,179871.4560863285
2026-02-05 20:45:00,179871.4560863285
2026-02-05 21:00:00,179871.4560863285
2026-02-05 21:15:00,179871.4560863285
2026-02-05 21:30:00,179871.4560863285
2026-02-05 21:45:00,179871.4560863285
2026-02-05 22:00:00,179871.4560863285
2026-02-05 22:15:00,179871.4560863285
2026-02-05 22:30:00,179871.4560863285
2026-02-05 22:45:00,179871.4560863285
2026-02-05 23:00:00,179871.4560863285
2026-02-05 23:15:00,179871.4560863285
2026-02-05 23:30:00,198903.0258170865
2026-02-05 23:45:00,198903.0258170865
2026-02-06 00:00:00,198903.0258170865
2026-02-06 00:15:00,198903.0258170865
2026-02-06 00:30:00,198903.0258170865
2026-02-06 00:45:00,198903.0258170865
2026-02-06 01:00:00,202215.5085024821
2026-02-06 01:15:00,198903.02581708657
2026-02-06 01:30:00,212761.21781673998
2026-02-06 01:45:00,216489.44626212516
2026-02-06 02:00:00,220329.5215608719
2026-02-06 02:15:00,226580.82203036087
2026-02-06 02:30:00,225196.09122323955
2026-02-06 02:45:00,223825.20772418947
2026-02-06 03:00:00,223825.20772418947
2026-02-06 03:15:00,223825.20772418947
2026-02-06 03:30:00,223319.5333468198
2026-02-06 03:45:00,220118.13813174528
2026-02-06 04:00:00,219622.52667448527
2026-02-06 04:15:00,219622.52667448527
2026-02-06 04:30:00,219622.52667448527
2026-02-06 04:45:00,219622.52667448527
2026-02-06 05:00:00,219622.52667448527
2026-02-06 05:15:00,219622.52667448527
2026-02-06 05:30:00,219622.52667448527
2026-02-06 05:45:00,219622.52667448527
2026-02-06 06:00:00,219622.52667448527
2026-02-06 06:15:00,219622.52667448527
2026-02-06 06:30:00,217217.82728834444
2026-02-06 06:45:00,216751.21893951844
2026-02-06 07:00:00,216751.21893951844
2026-02-06 07:15:00,216375.8159037058
2026-02-06 07:30:00,215456.5507956837
2026-02-06 07:45:00,215003.80118142618
2026-02-06 08:00:00,218756.46829598522
2026-02-06 08:15:00,218756.46829598522
2026-02-06 08:30:00,218384.8192905307
2026-02-06 08:45:00,218384.8192905307
2026-02-06 09:00:00,218384.8192905307
2026-02-06 09:15:00,218384.8192905307
2026-02-06 09:30:00,218384.8192905307
2026-02-06 09:45:00,218384.8192905307
2026-02-06 10:00:00,218384.8192905307
2026-02-06 10:15:00,218384.8192905307
2026-02-06 10:30:00,218384.8192905307
2026-02-06 10:45:00,218384.8192905307
2026-02-06 11:00:00,217054.6524022859
2026-02-06 11:15:00,218511.8987700675
2026-02-06 11:30:00,218511.8987700675
2026-02-06 11:45:00,218511.8987700675
2026-02-06 12:00:00,218511.8987700675
2026-02-06 12:15:00,218511.8987700675
2026-02-06 12:30:00,218511.8987700675
2026-02-06 12:45:00,218511.8987700675
2026-02-06 13:00:00,218511.8987700675
2026-02-06 13:15:00,218511.8987700675
2026-02-06 13:30:00,218511.8987700675
2026-02-06 13:45:00,218511.8987700675
2026-02-06 14:00:00,218511.8987700675
2026-02-06 14:15:00,218511.8987700675
2026-02-06 14:30:00,217195.03355070518
2026-02-06 14:45:00,217195.03355070518
2026-02-06 15:00:00,236536.8319828129
2026-02-06 15:15:00,236536.8319828129
2026-02-06 15:30:00,250419.12608441245
2026-02-06 15:45:00,250051.19356901245
2026-02-06 16:00:00,248051.00288626069
2026-02-06 16:15:00,244584.80995698422
2026-02-06 16:30:00,251662.47646201457
2026-02-06 16:45:00,222984.7597259785
2026-02-06 17:00:00,239670.4934990267
2026-02-06 17:15:00,239165.71671325096
2026-02-06 17:30:00,239165.71671325096
2026-02-06 17:45:00,237623.6887252165
2026-02-06 18:00:00,239122.8757789703
2026-02-06 18:15:00,237596.26807081615
2026-02-06 18:30:00,237596.26807081615
2026-02-06 18:45:00,237596.26807081615
2026-02-06 19:00:00,237596.26807081615
2026-02-06 19:15:00,237596.26807081615
2026-02-06 19:30:00,254963.66669165224
2026-02-06 19:45:00,254963.66669165224
2026-02-06 20:00:00,254963.66669165224
2026-02-06 20:15:00,254963.66669165224
2026-02-06 20:30:00,254963.66669165224
2026-02-06 20:45:00,254963.66669165224
2026-02-06 21:00:00,254963.66669165224
2026-02-06 21:15:00,254963.66669165224
2026-02-06 21:30:00,254963.66669165224
2026-02-06 21:45:00,254963.66669165224
2026-02-06 22:00:00,254448.94580319675
2026-02-06 22:15:00,254448.94580319675
2026-02-06 22:30:00,252763.9301859158
2026-02-06 22:45:00,261476.82037753344
2026-02-06 23:00:00,259808.65491642526
2026-02-06 23:15:00,259211.95233493813
2026-02-06 23:30:00,256969.73297276883
2026-02-06 23:45:00,255334.76400433673
2026-02-09 00:00:00,255334.76400433673
2026-02-09 00:15:00,255334.76400433673
2026-02-09 00:30:00,255334.76400433673
2026-02-09 00:45:00,255334.76400433673
2026-02-09 01:00:00,264011.34523413377
2026-02-09 01:15:00,330616.20814804966
2026-02-09 01:30:00,319374.3143342284
2026-02-09 01:45:00,320762.3828569915
2026-02-09 02:00:00,328251.525949629
2026-02-09 02:15:00,325949.02572477877
2026-02-09 02:30:00,323684.5056372642
2026-02-09 02:45:00,318571.1415910912
2026-02-09 03:00:00,315089.3097585252
2026-02-09 03:15:00,315089.3097585252
2026-02-09 03:30:00,310760.4847268689
2026-02-09 03:45:00,310127.81773788756
2026-02-09 04:00:00,313249.16495846293
2026-02-09 04:15:00,313249.16495846293
2026-02-09 04:30:00,313249.16495846293
2026-02-09 04:45:00,313249.16495846293
2026-02-09 05:00:00,313249.16495846293
2026-02-09 05:15:00,313249.16495846293
2026-02-09 05:30:00,314520.8895120719
2026-02-09 05:45:00,314520.8895120719
2026-02-09 06:00:00,314520.8895120719
2026-02-09 06:15:00,314520.8895120719
2026-02-09 06:30:00,314520.8895120719
2026-02-09 06:45:00,314520.8895120719
2026-02-09 07:00:00,314520.8895120719
2026-02-09 07:15:00,313881.8319474443
2026-02-09 07:30:00,313249.16495846293
2026-02-09 07:45:00,313249.16495846293
2026-02-09 08:00:00,313249.16495846293
2026-02-09 08:15:00,313249.16495846293
2026-02-09 08:30:00,312875.0143382846
2026-02-09 08:45:00,311878.2649052165
2026-02-09 09:00:00,311878.2649052165
2026-02-09 09:15:00,314383.6261815828
2026-02-09 09:30:00,313294.47559325513
2026-02-09 09:45:00,312649.34506459086
2026-02-09 10:00:00,310752.4039032369
2026-02-09 10:15:00,303800.4387817669
2026-02-09 10:30:00,303800.4387817669
2026-02-09 10:45:00,301731.76062454924
2026-02-09 11:00:00,299327.95573195023
2026-02-09 11:15:00,299327.95573195023
2026-02-09 11:30:00,304425.1288197254
2026-02-09 11:45:00,308471.8390868779
2026-02-09 12:00:00,317319.60206649767
2026-02-09 12:15:00,319699.88959747355
2026-02-09 12:30:00,304464.49159623904
2026-02-09 12:45:00,304464.49159623904
2026-02-09 13:00:00,303799.6135239497
2026-02-09 13:15:00,297777.701730993
2026-02-09 13:30:00,295810.4093870335
2026-02-09 13:45:00,295810.4093870335
2026-02-09 14:00:00,294500.5330968163
2026-02-09 14:15:00,293855.40256815194
2026-02-09 14:30:00,293862.7899665136
2026-02-09 14:45:00,293862.7899665136
2026-02-09 15:00:00,295184.0156887338
2026-02-09 15:15:00,294551.7232575899
2026-02-09 15:30:00,294199.4678758059
2026-02-09 15:45:00,293850.7350478398
2026-02-09 16:00:00,291538.19720419386
2026-02-09 16:15:00,289248.7847389843
2026-02-09 16:30:00,297015.1902726424
2026-02-09 16:45:00,296012.33071387553
2026-02-09 17:00:00,295345.697901306
2026-02-09 17:15:00,295345.697901306
2026-02-09 17:30:00,295345.697901306
2026-02-09 17:45:00,295345.697901306
2026-02-09 18:00:00,295345.697901306
2026-02-09 18:15:00,295345.697901306
2026-02-09 18:30:00,295345.697901306
2026-02-09 18:45:00,295345.697901306
2026-02-09 19:00:00,295345.697901306
2026-02-09 19:15:00,295345.697901306
2026-02-09 19:30:00,295345.697901306
2026-02-09 19:45:00,291430.7861368266
2026-02-09 20:00:00,291430.7861368266
2026-02-09 20:15:00,288838.63563451497
2026-02-09 20:30:00,288838.63563451497
2026-02-09 20:45:00,288838.63563451497
2026-02-09 21:00:00,288838.63563451497
2026-02-09 21:15:00,288838.63563451497
2026-02-09 21:30:00,288838.63563451497
2026-02-09 21:45:00,288838.63563451497
2026-02-09 22:00:00,288838.63563451497
2026-02-09 22:15:00,286348.62620467495
2026-02-09 22:30:00,287581.1186253538
2026-02-09 22:45:00,287581.1186253538
2026-02-09 23:00:00,287581.1186253538
2026-02-09 23:15:00,287581.1186253538
2026-02-09 23:30:00,287581.1186253538
2026-02-09 23:45:00,287581.1186253538
2026-02-10 00:00:00,287581.1186253538
2026-02-10 00:15:00,287581.1186253538
2026-02-10 00:30:00,287581.1186253538
2026-02-10 00:45:00,287581.1186253538
2026-02-10 01:00:00,293365.5483042978
2026-02-10 01:15:00,299323.5108736104
2026-02-10 01:30:00,297277.94372481306
2026-02-10 01:45:00,295252.8322475038
2026-02-10 02:00:00,294020.33982682496
2026-02-10 02:15:00,294020.33982682496
2026-02-10 02:30:00,294020.33982682496
2026-02-10 02:45:00,293413.3218260675
2026-02-10 03:00:00,293413.3218260675
2026-02-10 03:15:00,293413.3218260675
2026-02-10 03:30:00,293413.3218260675
2026-02-10 03:45:00,293413.3218260675
2026-02-10 04:00:00,287458.6860632987
2026-02-10 04:15:00,281680.90893731994
2026-02-10 04:30:00,283520.4193587563
2026-02-10 04:45:00,286343.3858545417
2026-02-10 05:00:00,285724.0429295774
2026-02-10 05:15:00,285724.0429295774
2026-02-10 05:30:00,285724.0429295774
2026-02-10 05:45:00,285724.0429295774
2026-02-10 06:00:00,285724.0429295774
2026-02-10 06:15:00,285724.0429295774
2026-02-10 06:30:00,285724.0429295774
2026-02-10 06:45:00,285724.0429295774
2026-02-10 07:00:00,285724.0429295774
2026-02-10 07:15:00,285724.0429295774
2026-02-10 07:30:00,285724.0429295774
2026-02-10 07:45:00,278286.3970420442
2026-02-10 08:00:00,274678.20909024513
2026-02-10 08:15:00,272857.09377302317
2026-02-10 08:30:00,272857.09377302317
2026-02-10 08:45:00,272857.09377302317
2026-02-10 09:00:00,272262.15543048084
2026-02-10 09:15:00,271673.16647136386
2026-02-10 09:30:00,271673.16647136386
2026-02-10 09:45:00,271090.067401838
2026-02-10 10:00:00,263510.403361621
2026-02-10 10:15:00,263510.403361621
2026-02-10 10:30:00,274120.9872748066
2026-02-10 10:45:00,274120.9872748066
2026-02-10 11:00:00,291286.18568855117
2026-02-10 11:15:00,291286.18568855117
2026-02-10 11:30:00,291286.18568855117
2026-02-10 11:45:00,291286.18568855117
2026-02-10 12:00:00,291286.18568855117
2026-02-10 12:15:00,291286.18568855117
2026-02-10 12:30:00,291286.18568855117
2026-02-10 12:45:00,291286.18568855117
2026-02-10 13:00:00,291914.1523834931
2026-02-10 13:15:00,291914.1523834931
2026-02-10 13:30:00,291914.1523834931
2026-02-10 13:45:00,291914.1523834931
2026-02-10 14:00:00,291914.1523834931
2026-02-10 14:15:00,291914.1523834931
2026-02-10 14:30:00,291914.1523834931
2026-02-10 14:45:00,291914.1523834931
2026-02-10 15:00:00,289929.34062458226
2026-02-10 15:15:00,287964.3769832605
2026-02-10 15:30:00,288359.9960103858
2026-02-10 15:45:00,285862.6397474841
2026-02-10 16:00:00,286510.58321623877
2026-02-10 16:15:00,288436.4440810982
2026-02-10 16:30:00,282782.8968294096
2026-02-10 16:45:00,282782.8968294096
2026-02-10 17:00:00,282205.9705105998
2026-02-10 17:15:00,282205.9705105998
2026-02-10 17:30:00,282205.9705105998
2026-02-10 17:45:00,282205.9705105998
2026-02-10 18:00:00,282205.9705105998
2026-02-10 18:15:00,282205.9705105998
2026-02-10 18:30:00,282205.9705105998
2026-02-10 18:45:00,282205.9705105998
2026-02-10 19:00:00,282205.9705105998
2026-02-10 19:15:00,278373.5073895295
2026-02-10 19:30:00,278373.5073895295
2026-02-10 19:45:00,275349.3686151935
2026-02-10 20:00:00,275349.3686151935
2026-02-10 20:15:00,275349.3686151935
2026-02-10 20:30:00,275349.3686151935
2026-02-10 20:45:00,275349.3686151935
2026-02-10 21:00:00,275349.3686151935
2026-02-10 21:15:00,275349.3686151935
2026-02-10 21:30:00,269799.2589613091
2026-02-10 21:45:00,269799.2589613091
2026-02-10 22:00:00,269799.2589613091
2026-02-10 22:15:00,269799.2589613091
2026-02-10 22:30:00,266191.07100950996
2026-02-10 22:45:00,266191.07100950996
2026-02-10 23:00:00,266191.07100950996
2026-02-10 23:15:00,266191.07100950996
2026-02-10 23:30:00,266191.07100950996
2026-02-10 23:45:00,266191.07100950996
2026-02-11 00:00:00,266191.07100950996
2026-02-11 00:15:00,266191.07100950996
2026-02-11 00:30:00,266191.07100950996
2026-02-11 00:45:00,266191.07100950996
2026-02-11 01:00:00,264528.43567066884
2026-02-11 01:15:00,278029.52295492555
2026-02-11 01:30:00,278029.52295492555
2026-02-11 01:45:00,278029.52295492555
2026-02-11 02:00:00,278029.52295492555
2026-02-11 02:15:00,278029.52295492555
2026-02-11 02:30:00,277480.871766212
2026-02-11 02:45:00,277480.871766212
2026-02-11 03:00:00,273961.01610335894
2026-02-11 03:15:00,273961.01610335894
2026-02-11 03:30:00,273961.01610335894
2026-02-11 03:45:00,276677.11381862743
2026-02-11 04:00:00,274789.5775849787
2026-02-11 04:15:00,274789.5775849787
2026-02-11 04:30:00,274789.5775849787
2026-02-11 04:45:00,274789.5775849787
2026-02-11 05:00:00,274789.5775849787
2026-02-11 05:15:00,273143.56859952596
2026-02-11 05:30:00,274235.384465066
2026-02-11 05:45:00,272496.73544812255
2026-02-11 06:00:00,272496.73544812255
2026-02-11 06:15:00,272496.73544812255
2026-02-11 06:30:00,270899.61457554676
2026-02-11 06:45:00,265349.5049216623
2026-02-11 07:00:00,267180.97944163537
2026-02-11 07:15:00,267180.97944163537
2026-02-11 07:30:00,265125.0296826189
2026-02-11 07:45:00,264623.8273588767
2026-02-11 08:00:00,262792.35283890355
2026-02-11 08:15:00,262792.35283890355
2026-02-11 08:30:00,262792.35283890355
2026-02-11 08:45:00,262792.35283890355
2026-02-11 09:00:00,262792.35283890355
2026-02-11 09:15:00,260483.00276362535
2026-02-11 09:30:00,259991.77436612555
2026-02-11 09:45:00,256419.66829384447
2026-02-11 10:00:00,260428.88592192353
2026-02-11 10:15:00,265310.11207080353
2026-02-11 10:30:00,265310.11207080353
2026-02-11 10:45:00,265310.11207080353
2026-02-11 11:00:00,265310.11207080353
2026-02-11 11:15:00,265310.11207080353
2026-02-11 11:30:00,265276.4666083839
2026-02-11 11:45:00,265276.4666083839
2026-02-11 12:00:00,270923.87266043975
2026-02-11 12:15:00,289224.53789161844
2026-02-11 12:30:00,379404.1914650271
2026-02-11 12:45:00,387883.74316458387
2026-02-11 13:00:00,388572.23138722114
2026-02-11 13:15:00,388572.23138722114
2026-02-11 13:30:00,388572.23138722114
2026-02-11 13:45:00,388572.23138722114
2026-02-11 14:00:00,388572.23138722114
2026-02-11 14:15:00,388246.77305188397
2026-02-11 14:30:00,388246.77305188397
2026-02-11 14:45:00,388246.77305188397
2026-02-11 15:00:00,388246.77305188397
2026-02-11 15:15:00,387924.5692999002
2026-02-11 15:30:00,391241.9086687912
2026-02-11 15:45:00,391241.9086687912
2026-02-11 16:00:00,391241.9086687912
2026-02-11 16:15:00,388330.59591860994
2026-02-11 16:30:00,387708.4543017011
2026-02-11 16:45:00,387402.04173952405
2026-02-11 17:00:00,384519.8421168446
2026-02-11 17:15:00,384519.8421168446
2026-02-11 17:30:00,384826.25467902166
2026-02-11 17:45:00,384137.7823208612
2026-02-11 18:00:00,383456.19468628225
2026-02-11 18:15:00,383456.19468628225
2026-02-11 18:30:00,377777.9732096414
2026-02-11 18:45:00,377777.9732096414
2026-02-11 19:00:00,377777.9732096414
2026-02-11 19:15:00,376435.1774107575
2026-02-11 19:30:00,373638.5819990713
2026-02-11 19:45:00,372977.238198827
2026-02-11 20:00:00,372977.238198827
2026-02-11 20:15:00,372977.238198827
2026-02-11 20:30:00,372977.238198827
2026-02-11 20:45:00,372977.238198827
2026-02-11 21:00:00,372322.50783658517
2026-02-11 21:15:00,372977.238198827
2026-02-11 21:30:00,372977.238198827
2026-02-11 21:45:00,370208.6087412577
2026-02-11 22:00:00,370208.6087412577
2026-02-11 22:15:00,370208.6087412577
2026-02-11 22:30:00,370208.6087412577
2026-02-11 22:45:00,370208.6087412577
2026-02-11 23:00:00,370208.6087412577
2026-02-11 23:15:00,370208.6087412577
2026-02-11 23:30:00,356775.25997673196
2026-02-11 23:45:00,356775.25997673196
2026-02-12 00:00:00,356775.25997673196
2026-02-12 00:15:00,356775.25997673196
2026-02-12 00:30:00,356775.25997673196
2026-02-12 00:45:00,356775.25997673196
2026-02-12 01:00:00,359408.19904274045
2026-02-12 01:15:00,356775.25997673196
2026-02-12 01:30:00,356775.25997673196
2026-02-12 01:45:00,356775.25997673196
2026-02-12 02:00:00,356775.25997673196
2026-02-12 02:15:00,356775.25997673196
2026-02-12 02:30:00,355472.34655587067
2026-02-12 02:45:00,354830.64532783744
2026-02-12 03:00:00,355472.34655587067
2026-02-12 03:15:00,355472.34655587067
2026-02-12 03:30:00,354195.3611120846
2026-02-12 03:45:00,353566.4297384892
2026-02-12 04:00:00,353566.4297384892
2026-02-12 04:15:00,353566.4297384892
2026-02-12 04:30:00,353566.4297384892
2026-02-12 04:45:00,353566.4297384892
2026-02-12 05:00:00,353566.4297384892
2026-02-12 05:15:00,353566.4297384892
2026-02-12 05:30:00,353566.4297384892
2026-02-12 05:45:00,353566.4297384892
2026-02-12 06:00:00,353566.4297384892
2026-02-12 06:15:00,353566.4297384892
2026-02-12 06:30:00,353566.4297384892
2026-02-12 06:45:00,353566.4297384892
2026-02-12 07:00:00,353566.4297384892
2026-02-12 07:15:00,353260.01717631216
2026-02-12 07:30:00,353260.01717631216
2026-02-12 07:45:00,353260.01717631216
2026-02-12 08:00:00,350653.4075009637
2026-02-12 08:15:00,342685.58658162353
2026-02-12 08:30:00,339881.37277566665
2026-02-12 08:45:00,339881.37277566665
2026-02-12 09:00:00,339881.37277566665
2026-02-12 09:15:00,340884.7839162174
2026-02-12 09:30:00,340884.7839162174
2026-02-12 09:45:00,340884.7839162174
2026-02-12 10:00:00,343438.8837922183
2026-02-12 10:15:00,343438.8837922183
2026-02-12 10:30:00,343438.8837922183
2026-02-12 10:45:00,343438.8837922183
2026-02-12 11:00:00,343438.8837922183
2026-02-12 11:15:00,343438.8837922183
2026-02-12 11:30:00,343438.8837922183
2026-02-12 11:45:00,343438.8837922183
2026-02-12 12:00:00,342790.70073359885
2026-02-12 12:15:00,333023.0037995087
2026-02-12 12:30:00,333023.0037995087
2026-02-12 12:45:00,337857.76960179233
2026-02-12 13:00:00,337857.76960179233
2026-02-12 13:15:00,337857.76960179233
2026-02-12 13:30:00,337857.76960179233
2026-02-12 13:45:00,337857.76960179233
2026-02-12 14:00:00,337857.76960179233
2026-02-12 14:15:00,337857.76960179233
2026-02-12 14:30:00,337857.76960179233
2026-02-12 14:45:00,336271.93371396454
2026-02-12 15:00:00,333743.3748367236
2026-02-12 15:15:00,334994.9482701784
2026-02-12 15:30:00,338197.03739806416
2026-02-12 15:45:00,340179.8941926868
2026-02-12 16:00:00,337093.8781114941
2026-02-12 16:15:00,334038.7221911134
2026-02-12 16:30:00,331014.11782993644
2026-02-12 16:45:00,339926.8766337334
2026-02-12 17:00:00,339926.8766337334
2026-02-12 17:15:00,339926.8766337334
2026-02-12 17:30:00,339926.8766337334
2026-02-12 17:45:00,339926.8766337334
2026-02-12 18:00:00,337497.346079822
2026-02-12 18:15:00,335092.11083144974
2026-02-12 18:30:00,335092.11083144974
2026-02-12 18:45:00,332710.9279355612
2026-02-12 19:00:00,332395.145074827
2026-02-12 19:15:00,332395.145074827
2026-02-12 19:30:00,332395.145074827
2026-02-12 19:45:00,332395.145074827
2026-02-12 20:00:00,332395.145074827
2026-02-12 20:15:00,331466.61746690713
2026-02-12 20:30:00,331466.61746690713
2026-02-12 20:45:00,331466.61746690713
2026-02-12 21:00:00,331466.61746690713
2026-02-12 21:15:00,331466.61746690713
2026-02-12 21:30:00,331466.61746690713
2026-02-12 21:45:00,331466.61746690713
2026-02-12 22:00:00,331466.61746690713
2026-02-12 22:15:00,331466.61746690713
2026-02-12 22:30:00,331466.61746690713
2026-02-12 22:45:00,331466.61746690713
2026-02-12 23:00:00,331466.61746690713
2026-02-12 23:15:00,331466.61746690713
2026-02-12 23:30:00,331466.61746690713
2026-02-12 23:45:00,330812.6621152153
2026-02-13 00:00:00,330812.6621152153
2026-02-13 00:15:00,330812.6621152153
2026-02-13 00:30:00,330812.6621152153
2026-02-13 00:45:00,330812.6621152153
2026-02-13 01:00:00,330812.6621152153
2026-02-13 01:15:00,330812.6621152153
2026-02-13 01:30:00,330812.6621152153
2026-02-13 01:45:00,330812.6621152153
2026-02-13 02:00:00,309778.05245999026
2026-02-13 02:15:00,309778.05245999026
2026-02-13 02:30:00,309778.05245999026
2026-02-13 02:45:00,309778.05245999026
2026-02-13 03:00:00,325474.0778938505
2026-02-13 03:15:00,311953.30410479754
2026-02-13 03:30:00,318479.05903921917
2026-02-13 03:45:00,325474.0778938505
2026-02-13 04:00:00,325474.0778938505
2026-02-13 04:15:00,325474.0778938505
2026-02-13 04:30:00,324833.1362536574
2026-02-13 04:45:00,324833.1362536574
2026-02-13 05:00:00,324833.1362536574
2026-02-13 05:15:00,324833.1362536574
2026-02-13 05:30:00,324833.1362536574
2026-02-13 05:45:00,324833.1362536574
2026-02-13 06:00:00,324833.1362536574
2026-02-13 06:15:00,329384.74123757205
2026-02-13 06:30:00,329384.74123757205
2026-02-13 06:45:00,329384.74123757205
2026-02-13 07:00:00,329081.40148152446
2026-02-13 07:15:00,329081.40148152446
2026-02-13 07:30:00,324393.010370776
2026-02-13 07:45:00,324092.7040122888
2026-02-13 08:00:00,323795.40071738657
2026-02-13 08:15:00,323795.40071738657
2026-02-13 08:30:00,334809.69612861745
2026-02-13 08:45:00,334521.22303887707
2026-02-13 09:00:00,333383.6251233773
2026-02-13 09:15:00,333086.321828475
2026-02-13 09:30:00,328537.18062210694
2026-02-13 09:45:00,328537.18062210694
2026-02-13 10:00:00,324078.5673257456
2026-02-13 10:15:00,324078.5673257456
2026-02-13 10:30:00,324078.5673257456
2026-02-13 10:45:00,324078.5673257456
2026-02-13 11:00:00,326460.65287374624
2026-02-13 11:15:00,319938.5417897123
2026-02-13 11:30:00,322090.7659819825
2026-02-13 11:45:00,322090.7659819825
2026-02-13 12:00:00,322090.7659819825
2026-02-13 12:15:00,322090.7659819825
2026-02-13 12:30:00,322090.7659819825
2026-02-13 12:45:00,307150.6218554124
2026-02-13 13:00:00,307266.8260301814
2026-02-13 13:15:00,306538.5852413958
2026-02-13 13:30:00,301126.5743636368
2026-02-13 13:45:00,301126.5743636368
2026-02-13 14:00:00,301126.5743636368
2026-02-13 14:15:00,301126.5743636368
2026-02-13 14:30:00,301126.5743636368
2026-02-13 14:45:00,301126.5743636368
2026-02-13 15:00:00,301126.5743636368
2026-02-13 15:15:00,301126.5743636368
2026-02-13 15:30:00,300459.7360915167
2026-02-13 15:45:00,299799.56620211777
2026-02-13 16:00:00,299799.56620211777
2026-02-13 16:15:00,335008.3575010491
2026-02-13 16:30:00,339029.6617115383
2026-02-13 16:45:00,338942.92384195473
2026-02-13 17:00:00,338942.92384195473
2026-02-13 17:15:00,338942.92384195473
2026-02-13 17:30:00,338942.92384195473
2026-02-13 17:45:00,338942.92384195473
2026-02-13 18:00:00,338942.92384195473
2026-02-13 18:15:00,339451.3704623587
2026-02-13 18:30:00,339451.3704623587
2026-02-13 18:45:00,339451.3704623587
2026-02-13 19:00:00,339451.3704623587
2026-02-13 19:15:00,343592.41812759126
2026-02-13 19:30:00,343592.41812759126
2026-02-13 19:45:00,343592.41812759126
2026-02-13 20:00:00,343592.41812759126
2026-02-13 20:15:00,343592.41812759126
2026-02-13 20:30:00,343592.41812759126
2026-02-13 20:45:00,343592.41812759126
2026-02-13 21:00:00,343592.41812759126
2026-02-13 21:15:00,343592.41812759126
2026-02-13 21:30:00,343592.41812759126
2026-02-13 21:45:00,336992.51691017515
2026-02-13 22:00:00,337678.547307377
2026-02-13 22:15:00,336992.51691017515
2026-02-13 22:30:00,336313.34681694536
2026-02-13 22:45:00,336313.34681694536
2026-02-13 23:00:00,336313.34681694536
2026-02-13 23:15:00,336313.34681694536
2026-02-13 23:30:00,336313.34681694536
2026-02-13 23:45:00,336313.34681694536
2026-02-16 00:00:00,336313.34681694536
2026-02-16 00:15:00,336313.34681694536
2026-02-16 00:30:00,336313.34681694536
2026-02-16 00:45:00,336313.34681694536
2026-02-16 01:00:00,313799.3354639702
2026-02-16 01:15:00,311669.8949530984
2026-02-16 01:30:00,311669.8949530984
2026-02-16 01:45:00,309561.7488473352
2026-02-16 02:00:00,329320.00690441026
2026-02-16 02:15:00,330072.7597361969
2026-02-16 02:30:00,330072.7597361969
2026-02-16 02:45:00,330072.7597361969
2026-02-16 03:00:00,330072.7597361969
2026-02-16 03:15:00,325526.3117578972
2026-02-16 03:30:00,325526.3117578972
2026-02-16 03:45:00,325526.3117578972
2026-02-16 04:00:00,325526.3117578972
2026-02-16 04:15:00,325526.3117578972
2026-02-16 04:30:00,321070.3380943657
2026-02-16 04:45:00,320397.95970206824
2026-02-16 05:00:00,320397.95970206824
2026-02-16 05:15:00,319073.30703140295
2026-02-16 05:30:00,319073.30703140295
2026-02-16 05:45:00,334929.67034906277
2026-02-16 06:00:00,334929.67034906277
2026-02-16 06:15:00,334929.67034906277
2026-02-16 06:30:00,334929.67034906277
2026-02-16 06:45:00,334929.67034906277
2026-02-16 07:00:00,334929.67034906277
2026-02-16 07:15:00,325657.1760579766
2026-02-16 07:30:00,324358.88397545763
2026-02-16 07:45:00,324358.88397545763
2026-02-16 08:00:00,324358.88397545763
2026-02-16 08:15:00,322098.4222763339
2026-02-16 08:30:00,319860.56519420154
2026-02-16 08:45:00,319860.56519420154
2026-02-16 09:00:00,320618.30305211985
2026-02-16 09:15:00,320618.30305211985
2026-02-16 09:30:00,329706.2747068134
2026-02-16 09:45:00,332035.92948242754
2026-02-16 10:00:00,329066.8495459707
2026-02-16 10:15:00,329066.8495459707
2026-02-16 10:30:00,329066.8495459707
2026-02-16 10:45:00,329066.8495459707
2026-02-16 11:00:00,329066.8495459707
2026-02-16 11:15:00,335635.47239575937
2026-02-16 11:30:00,335635.47239575937
2026-02-16 11:45:00,335635.47239575937
2026-02-16 12:00:00,334245.02529167244
2026-02-16 12:15:00,329655.372418235
2026-02-16 12:30:00,330347.1023845898
2026-02-16 12:45:00,330347.1023845898
2026-02-16 13:00:00,324696.4755720938
2026-02-16 13:15:00,324038.64725687273
2026-02-16 13:30:00,324038.64725687273
2026-02-16 13:45:00,324038.64725687273
2026-02-16 14:00:00,324038.64725687273
2026-02-16 14:15:00,319585.31166342925
2026-02-16 14:30:00,319585.31166342925
2026-02-16 14:45:00,319234.0323050618
2026-02-16 15:00:00,318886.26574027806
2026-02-16 15:15:00,318541.97684114205
2026-02-16 15:30:00,318201.1308309975
2026-02-16 15:45:00,318201.1308309975
2026-02-16 16:00:00,330198.0550748794
2026-02-16 16:15:00,333736.3163567141
2026-02-16 16:30:00,333946.94727791933
2026-02-16 16:45:00,336330.01483614795
2026-02-16 17:00:00,334701.8236447808
2026-02-16 17:15:00,334701.8236447808
2026-02-16 17:30:00,334701.8236447808
2026-02-16 17:45:00,334701.8236447808
2026-02-16 18:00:00,333899.91902836924
2026-02-16 18:15:00,333899.91902836924
2026-02-16 18:30:00,337107.5374940153
2026-02-16 18:45:00,337107.5374940153
2026-02-16 19:00:00,337107.5374940153
2026-02-16 19:15:00,337107.5374940153
2026-02-16 19:30:00,337107.5374940153
2026-02-16 19:45:00,337107.5374940153
2026-02-16 20:00:00,337107.5374940153
2026-02-16 20:15:00,337107.5374940153
2026-02-16 20:30:00,337107.5374940153
2026-02-16 20:45:00,337107.5374940153
2026-02-16 21:00:00,337107.5374940153
2026-02-16 21:15:00,337107.5374940153
2026-02-16 21:30:00,337107.5374940153
2026-02-16 21:45:00,337107.5374940153
2026-02-16 22:00:00,337107.5374940153
2026-02-16 22:15:00,337107.5374940153
2026-02-16 22:30:00,337107.5374940153
2026-02-16 22:45:00,337107.5374940153
2026-02-16 23:00:00,337107.5374940153
2026-02-16 23:15:00,337107.5374940153
2026-02-16 23:30:00,337107.5374940153
2026-02-16 23:45:00,337107.5374940153
2026-02-17 00:00:00,337107.5374940153
2026-02-17 00:15:00,337107.5374940153
2026-02-17 00:30:00,337107.5374940153
2026-02-17 00:45:00,337107.5374940153
2026-02-17 01:00:00,326358.0688566044
2026-02-17 01:15:00,330593.1466948347
2026-02-17 01:30:00,329767.1849399308
2026-02-17 01:45:00,329767.1849399308
2026-02-17 02:00:00,329767.1849399308
2026-02-17 02:15:00,336151.724394549
2026-02-17 02:30:00,336151.724394549
2026-02-17 02:45:00,335334.02225719416
2026-02-17 03:00:00,335334.02225719416
2026-02-17 03:15:00,334982.2323633558
2026-02-17 03:30:00,332577.8618163798
2026-02-17 03:45:00,331792.3804058683
2026-02-17 04:00:00,331014.75380946184
2026-02-17 04:15:00,331014.75380946184
2026-02-17 04:30:00,331014.75380946184
2026-02-17 04:45:00,331014.75380946184
2026-02-17 05:00:00,330321.692539611
2026-02-17 05:15:00,330321.692539611
2026-02-17 05:30:00,330321.692539611
2026-02-17 05:45:00,330321.692539611
2026-02-17 06:00:00,330321.692539611
2026-02-17 06:15:00,330321.692539611
2026-02-17 06:30:00,330321.692539611
2026-02-17 06:45:00,330321.692539611
2026-02-17 07:00:00,336897.7681778682
2026-02-17 07:15:00,357833.54013386526
2026-02-17 07:30:00,365234.97119994997
2026-02-17 07:45:00,365234.97119994997
2026-02-17 08:00:00,362693.8132005942
2026-02-17 08:15:00,362693.8132005942
2026-02-17 08:30:00,357687.4778260635
2026-02-17 08:45:00,355221.79476044665
2026-02-17 09:00:00,355221.79476044665
2026-02-17 09:15:00,355221.79476044665
2026-02-17 09:30:00,355221.79476044665
2026-02-17 09:45:00,354880.45337824523
2026-02-17 10:00:00,345261.83604303235
2026-02-17 10:15:00,345261.83604303235
2026-02-17 10:30:00,344491.98571259005
2026-02-17 10:45:00,346935.2870502183
2026-02-17 11:00:00,346935.2870502183
2026-02-17 11:15:00,346935.2870502183
2026-02-17 11:30:00,346935.2870502183
2026-02-17 11:45:00,346935.2870502183
2026-02-17 12:00:00,335443.23760902666
2026-02-17 12:15:00,334688.7073001601
2026-02-17 12:30:00,330240.1675673025
2026-02-17 12:45:00,324415.4343059999
2026-02-17 13:00:00,324415.4343059999
2026-02-17 13:15:00,324415.4343059999
2026-02-17 13:30:00,324415.4343059999
2026-02-17 13:45:00,324415.4343059999
2026-02-17 14:00:00,324415.4343059999
2026-02-17 14:15:00,324415.4343059999
2026-02-17 14:30:00,324415.4343059999
2026-02-17 14:45:00,324415.4343059999
2026-02-17 15:00:00,323313.33180180995
2026-02-17 15:15:00,318684.3659674318
2026-02-17 15:30:00,320804.9972879131
2026-02-17 15:45:00,340743.5979885226
2026-02-17 16:00:00,347703.6499709849
2026-02-17 16:15:00,345314.03212367283
2026-02-17 16:30:00,345314.03212367283
2026-02-17 16:45:00,345314.03212367283
2026-02-17 17:00:00,344226.6134712751
2026-02-17 17:15:00,343867.6198214813
2026-02-17 17:30:00,343512.2161081855
2026-02-17 17:45:00,343512.2161081855
2026-02-17 18:00:00,338804.429987196
2026-02-17 18:15:00,338804.429987196
2026-02-17 18:30:00,340109.19328559627
2026-02-17 18:45:00,340109.19328559627
2026-02-17 19:00:00,340109.19328559627
2026-02-17 19:15:00,340109.19328559627
2026-02-17 19:30:00,338681.267161597
2026-02-17 19:45:00,337281.7567674652
2026-02-17 20:00:00,337281.7567674652
2026-02-17 20:15:00,337281.7567674652
2026-02-17 20:30:00,337281.7567674652
2026-02-17 20:45:00,332667.65559028345
2026-02-17 21:00:00,332667.65559028345
2026-02-17 21:15:00,332667.65559028345
2026-02-17 21:30:00,332667.65559028345
2026-02-17 21:45:00,332667.65559028345
2026-02-17 22:00:00,331978.3791393847
2026-02-17 22:15:00,331978.3791393847
2026-02-17 22:30:00,329289.51514391816
2026-02-17 22:45:00,329289.51514391816
2026-02-17 23:00:00,329289.51514391816
2026-02-17 23:15:00,329289.51514391816
2026-02-17 23:30:00,329289.51514391816
2026-02-17 23:45:00,329289.51514391816
2026-02-18 00:00:00,329289.51514391816
2026-02-18 00:15:00,329289.51514391816
2026-02-18 00:30:00,329289.51514391816
2026-02-18 00:45:00,329289.51514391816
2026-02-18 01:00:00,328924.6178347713
2026-02-18 01:15:00,330931.09814384807
2026-02-18 01:30:00,330931.09814384807
2026-02-18 01:45:00,328924.6178347713
2026-02-18 02:00:00,328924.6178347713
2026-02-18 02:15:00,326652.115038914
2026-02-18 02:30:00,324402.3372710154
2026-02-18 02:45:00,322175.05728079577
2026-02-18 03:00:00,315625.9654248339
2026-02-18 03:15:00,313486.44915307604
2026-02-18 03:30:00,324402.3372710154
2026-02-18 03:45:00,324402.3372710154
2026-02-18 04:00:00,322175.05728079577
2026-02-18 04:15:00,322175.05728079577
2026-02-18 04:30:00,326652.115038914
2026-02-18 04:45:00,326652.115038914
2026-02-18 05:00:00,333538.7190119531
2026-02-18 05:15:00,333538.7190119531
2026-02-18 05:30:00,333538.7190119531
2026-02-18 05:45:00,333538.7190119531
2026-02-18 06:00:00,333538.7190119531
2026-02-18 06:15:00,333538.7190119531
2026-02-18 06:30:00,339616.9279290318
2026-02-18 06:45:00,346572.85935191915
2026-02-18 07:00:00,346572.85935191915
2026-02-18 07:15:00,346572.85935191915
2026-02-18 07:30:00,342461.1355741459
2026-02-18 07:45:00,342461.1355741459
2026-02-18 08:00:00,339152.180283938
2026-02-18 08:15:00,339152.180283938
2026-02-18 08:30:00,339152.180283938
2026-02-18 08:45:00,339152.180283938
2026-02-18 09:00:00,338510.109939012
2026-02-18 09:15:00,337245.1671524731
2026-02-18 09:30:00,337245.1671524731
2026-02-18 09:45:00,337245.1671524731
2026-02-18 10:00:00,354843.8842551795
2026-02-18 10:15:00,359399.4379805543
2026-02-18 10:30:00,359399.4379805543
2026-02-18 10:45:00,359399.4379805543
2026-02-18 11:00:00,361965.25505671836
2026-02-18 11:15:00,361965.25505671836
2026-02-18 11:30:00,361965.25505671836
2026-02-18 11:45:00,361965.25505671836
2026-02-18 12:00:00,357212.7308442212
2026-02-18 12:15:00,357212.7308442212
2026-02-18 12:30:00,357212.7308442212
2026-02-18 12:45:00,357212.7308442212
2026-02-18 13:00:00,355459.6790905499
2026-02-18 13:15:00,355459.6790905499
2026-02-18 13:30:00,354596.27907860355
2026-02-18 13:45:00,354596.27907860355
2026-02-18 14:00:00,340898.6670963679
2026-02-18 14:15:00,347653.4623444076
2026-02-18 14:30:00,342866.2759807139
2026-02-18 14:45:00,362965.8323453502
2026-02-18 15:00:00,362965.8323453502
2026-02-18 15:15:00,362965.8323453502
2026-02-18 15:30:00,360527.12832014787
2026-02-18 15:45:00,359730.4305399554
2026-02-18 16:00:00,359730.4305399554
2026-02-18 16:15:00,359357.10776030493
2026-02-18 16:30:00,358987.5182084509
2026-02-18 16:45:00,358987.5182084509
2026-02-18 17:00:00,360827.6015605496
2026-02-18 17:15:00,358476.7327180887
2026-02-18 17:30:00,358476.7327180887
2026-02-18 17:45:00,358476.7327180887
2026-02-18 18:00:00,358476.7327180887
2026-02-18 18:15:00,358110.8390617533
2026-02-18 18:30:00,357748.60434198123
2026-02-18 18:45:00,357389.99196940684
2026-02-18 19:00:00,357389.99196940684
2026-02-18 19:15:00,357389.99196940684
2026-02-18 19:30:00,354954.74124604836
2026-02-18 19:45:00,354954.74124604836
2026-02-18 20:00:00,354954.74124604836
2026-02-18 20:15:00,347794.1324543357
2026-02-18 20:30:00,341017.1455109704
2026-02-18 20:45:00,344351.31912683253
2026-02-18 21:00:00,344351.31912683253
2026-02-18 21:15:00,337403.38757684256
2026-02-18 21:30:00,334782.0987777745
2026-02-18 21:45:00,334029.3537010741
2026-02-18 22:00:00,334029.3537010741
2026-02-18 22:15:00,334029.3537010741
2026-02-18 22:30:00,331782.2390164932
2026-02-18 22:45:00,331782.2390164932
2026-02-18 23:00:00,329557.5954787582
2026-02-18 23:15:00,329557.5954787582
2026-02-18 23:30:00,329557.5954787582
2026-02-18 23:45:00,329557.5954787582
2026-02-19 00:00:00,329557.5954787582
2026-02-19 00:15:00,329557.5954787582
2026-02-19 00:30:00,329557.5954787582
2026-02-19 00:45:00,329557.5954787582
2026-02-19 01:00:00,342224.97620618274
2026-02-19 01:15:00,342224.97620618274
2026-02-19 01:30:00,337575.29526525916
2026-02-19 01:45:00,337575.29526525916
2026-02-19 02:00:00,337575.29526525916
2026-02-19 02:15:00,337575.29526525916
2026-02-19 02:30:00,337575.29526525916
2026-02-19 02:45:00,337575.29526525916
2026-02-19 03:00:00,337575.29526525916
2026-02-19 03:15:00,337575.29526525916
2026-02-19 03:30:00,337575.29526525916
2026-02-19 03:45:00,328551.6780154357
2026-02-19 04:00:00,333018.14297506
2026-02-19 04:15:00,333018.14297506
2026-02-19 04:30:00,333018.14297506
2026-02-19 04:45:00,333018.14297506
2026-02-19 05:00:00,333018.14297506
2026-02-19 05:15:00,333018.14297506
2026-02-19 05:30:00,328551.6780154357
2026-02-19 05:45:00,321280.31597791944
2026-02-19 06:00:00,326583.286046314
2026-02-19 06:15:00,326583.286046314
2026-02-19 06:30:00,335516.66712363926
2026-02-19 06:45:00,334063.1954112364
2026-02-19 07:00:00,326730.86789103097
2026-02-19 07:15:00,326730.86789103097
2026-02-19 07:30:00,326730.86789103097
2026-02-19 07:45:00,331742.85180601606
2026-02-19 08:00:00,331742.85180601606
2026-02-19 08:15:00,331742.85180601606
2026-02-19 08:30:00,331742.85180601606
2026-02-19 08:45:00,333956.1481550381
2026-02-19 09:00:00,333956.1481550381
2026-02-19 09:15:00,336235.8433945307
2026-02-19 09:30:00,335173.57862808905
2026-02-19 09:45:00,334390.88326252985
2026-02-19 10:00:00,333616.01485062623
2026-02-19 10:15:00,341740.6878171018
2026-02-19 10:30:00,340038.69582324615
2026-02-19 10:45:00,338370.5734700683
2026-02-19 11:00:00,337208.8779414118
2026-02-19 11:15:00,337208.8779414118
2026-02-19 11:30:00,336395.52243831323
2026-02-19 11:45:00,336395.52243831323
2026-02-19 12:00:00,336395.52243831323
2026-02-19 12:15:00,337463.53173083544
2026-02-19 12:30:00,337463.53173083544
2026-02-19 12:45:00,337463.53173083544
2026-02-19 13:00:00,335241.52152479126
2026-02-19 13:15:00,335241.52152479126
2026-02-19 13:30:00,335241.52152479126
2026-02-19 13:45:00,335241.52152479126
2026-02-19 14:00:00,334894.1183615947
2026-02-19 14:15:00,334550.18923003005
2026-02-19 14:30:00,332009.9092857974
2026-02-19 14:45:00,331672.8243439509
2026-02-19 15:00:00,331339.1102515229
2026-02-19 15:15:00,331008.7333000192
2026-02-19 15:30:00,322427.36308133113
2026-02-19 15:45:00,325218.8292359357
2026-02-19 16:00:00,324898.26481026865
2026-02-19 16:15:00,324898.26481026865
2026-02-19 16:30:00,357478.79343401163
2026-02-19 16:45:00,347164.82975342625
2026-02-19 17:00:00,350243.4873354334
2026-02-19 17:15:00,350243.4873354334
2026-02-19 17:30:00,348688.6882939672
2026-02-19 17:45:00,347922.93023339385
2026-02-19 18:00:00,345519.160192438
2026-02-19 18:15:00,340783.4928347508
2026-02-19 18:30:00,340783.4928347508
2026-02-19 18:45:00,338451.11716778134
2026-02-19 19:00:00,338451.11716778134
2026-02-19 19:15:00,338451.11716778134
2026-02-19 19:30:00,336142.0652574816
2026-02-19 19:45:00,343139.42785189167
2026-02-19 20:00:00,338451.11716778134
2026-02-19 20:15:00,336142.0652574816
2026-02-19 20:30:00,336142.0652574816
2026-02-19 20:45:00,336142.0652574816
2026-02-19 21:00:00,336142.0652574816
2026-02-19 21:15:00,336142.0652574816
2026-02-19 21:30:00,336142.0652574816
2026-02-19 21:45:00,336142.0652574816
2026-02-19 22:00:00,336142.0652574816
2026-02-19 22:15:00,333856.10386628483
2026-02-19 22:30:00,329352.53132948803
2026-02-19 22:45:00,325637.08466008806
2026-02-19 23:00:00,327843.91137435246
2026-02-19 23:15:00,327843.91137435246
2026-02-19 23:30:00,327843.91137435246
2026-02-19 23:45:00,327843.91137435246
2026-02-20 00:00:00,327843.91137435246
2026-02-20 00:15:00,327843.91137435246
2026-02-20 00:30:00,327843.91137435246
2026-02-20 00:45:00,327843.91137435246
2026-02-20 01:00:00,325625.84532243566
2026-02-20 01:15:00,325625.84532243566
2026-02-20 01:30:00,324882.83104201936
2026-02-20 01:45:00,312032.54253830767
2026-02-20 02:00:00,309965.1600319471
2026-02-20 02:15:00,309965.1600319471
2026-02-20 02:30:00,310708.1743123634
2026-02-20 02:45:00,310708.1743123634
2026-02-20 03:00:00,317598.8198314222
2026-02-20 03:15:00,315490.7098896863
2026-02-20 03:30:00,312653.1615721999
2026-02-20 03:45:00,311910.1472917836
2026-02-20 04:00:00,311910.1472917836
2026-02-20 04:15:00,311592.78851037315
2026-02-20 04:30:00,311592.78851037315
2026-02-20 04:45:00,310543.0191791647
2026-02-20 05:00:00,310543.0191791647
2026-02-20 05:15:00,310543.0191791647
2026-02-20 05:30:00,308476.8606252694
2026-02-20 05:45:00,308476.8606252694
2026-02-20 06:00:00,308476.8606252694
2026-02-20 06:15:00,308476.8606252694
2026-02-20 06:30:00,300416.78641665506
2026-02-20 06:45:00,300105.74307499465
2026-02-20 07:00:00,303482.49182917486
2026-02-20 07:15:00,303482.49182917486
2026-02-20 07:30:00,307963.1681478751
2026-02-20 07:45:00,305958.376569189
2026-02-20 08:00:00,305958.376569189
2026-02-20 08:15:00,308277.4817474579
2026-02-20 08:30:00,307481.25563625223
2026-02-20 08:45:00,307481.25563625223
2026-02-20 09:00:00,307481.25563625223
2026-02-20 09:15:00,307481.25563625223
2026-02-20 09:30:00,305140.0331750891
2026-02-20 09:45:00,305912.6105745659
2026-02-20 10:00:00,306692.9917861586
2026-02-20 10:15:00,305912.6105745659
2026-02-20 10:30:00,306549.5635107123
2026-02-20 10:45:00,306549.5635107123
2026-02-20 11:00:00,311303.11301722174
2026-02-20 11:15:00,357062.74032606976
2026-02-20 11:30:00,357062.74032606976
2026-02-20 11:45:00,352535.3554195862
2026-02-20 12:00:00,347372.92917411414
2026-02-20 12:15:00,347372.92917411414
2026-02-20 12:30:00,347372.92917411414
2026-02-20 12:45:00,342558.3275133663
2026-02-20 13:00:00,340187.0158304065
2026-02-20 13:15:00,340187.0158304065
2026-02-20 13:30:00,338261.2210390391
2026-02-20 13:45:00,332598.61596029706
2026-02-20 14:00:00,330748.7051676308
2026-02-20 14:15:00,330748.7051676308
2026-02-20 14:30:00,328917.29348289117
2026-02-20 14:45:00,328609.11891016
2026-02-20 15:00:00,328609.11891016
2026-02-20 15:15:00,327702.96270467585
2026-02-20 15:30:00,327702.96270467585
2026-02-20 15:45:00,328600.2269058892
2026-02-20 16:00:00,328600.2269058892
2026-02-20 16:15:00,328600.2269058892
2026-02-20 16:30:00,328600.2269058892
2026-02-20 16:45:00,339641.9910943529
2026-02-20 17:00:00,335490.1089994807
2026-02-20 17:15:00,332486.16617753124
2026-02-20 17:30:00,331341.5066091305
2026-02-20 17:45:00,331341.5066091305
2026-02-20 18:00:00,331341.5066091305
2026-02-20 18:15:00,331341.5066091305
2026-02-20 18:30:00,331341.5066091305
2026-02-20 18:45:00,331341.5066091305
2026-02-20 19:00:00,336829.238085118
2026-02-20 19:15:00,336726.4028897717
2026-02-20 19:30:00,336726.4028897717
2026-02-20 19:45:00,336726.4028897717
2026-02-20 20:00:00,336726.4028897717
2026-02-20 20:15:00,336726.4028897717
2026-02-20 20:30:00,336726.4028897717
2026-02-20 20:45:00,336726.4028897717
2026-02-20 21:00:00,336726.4028897717
2026-02-20 21:15:00,336726.4028897717
2026-02-20 21:30:00,336726.4028897717
2026-02-20 21:45:00,342378.76631003874
2026-02-20 22:00:00,342378.76631003874
2026-02-20 22:15:00,342378.76631003874
2026-02-20 22:30:00,342378.76631003874
2026-02-20 22:45:00,342378.76631003874
2026-02-20 23:00:00,342378.76631003874
2026-02-20 23:15:00,342378.76631003874
2026-02-20 23:30:00,348200.70063291374
2026-02-20 23:45:00,373288.20630708244
2026-02-23 00:00:00,373288.20630708244
2026-02-23 00:15:00,373288.20630708244
2026-02-23 00:30:00,373288.20630708244
2026-02-23 00:45:00,373288.20630708244
2026-02-23 01:00:00,496313.10492753563
2026-02-23 01:15:00,497222.85492917383
2026-02-23 01:30:00,499981.1395973817
2026-02-23 01:45:00,498591.4991406391
2026-02-23 02:00:00,487528.39597750216
2026-02-23 02:15:00,492863.42241980124
2026-02-23 02:30:00,492526.2933078403
2026-02-23 02:45:00,493625.84872205445
2026-02-23 03:00:00,493625.84872205445
2026-02-23 03:15:00,493625.84872205445
2026-02-23 03:30:00,493625.84872205445
2026-02-23 03:45:00,493625.84872205445
2026-02-23 04:00:00,493625.84872205445
2026-02-23 04:15:00,493625.84872205445
2026-02-23 04:30:00,493625.84872205445
2026-02-23 04:45:00,493625.84872205445
2026-02-23 05:00:00,490122.9034698893
2026-02-23 05:15:00,486654.9876702459
2026-02-23 05:30:00,486654.9876702459
2026-02-23 05:45:00,486654.9876702459
2026-02-23 06:00:00,486654.9876702459
2026-02-23 06:15:00,486654.9876702459
2026-02-23 06:30:00,486654.9876702459
2026-02-23 06:45:00,486654.9876702459
2026-02-23 07:00:00,479822.8467533682
2026-02-23 07:15:00,479822.8467533682
2026-02-23 07:30:00,479822.8467533682
2026-02-23 07:45:00,479822.8467533682
2026-02-23 08:00:00,479822.8467533682
2026-02-23 08:15:00,479489.0889325269
2026-02-23 08:30:00,462997.65616907796
2026-02-23 08:45:00,462997.65616907796
2026-02-23 09:00:00,476124.1737000487
2026-02-23 09:15:00,507229.6409970354
2026-02-23 09:30:00,507229.6409970354
2026-02-23 09:45:00,507229.6409970354
2026-02-23 10:00:00,503963.85146127804
2026-02-23 10:15:00,507642.9633331199
2026-02-23 10:30:00,506576.0658142633
2026-02-23 10:45:00,502896.9539424216
2026-02-23 11:00:00,499504.67503109283
2026-02-23 11:15:00,498847.13874825346
2026-02-23 11:30:00,498847.13874825346
2026-02-23 11:45:00,498523.29386844893
2026-02-23 12:00:00,495024.49508585845
2026-02-23 12:15:00,486646.25145798014
2026-02-23 12:30:00,485526.3619969136
2026-02-23 12:45:00,485526.3619969136
2026-02-23 13:00:00,487883.44943163753
2026-02-23 13:15:00,486287.410844592
2026-02-23 13:30:00,483721.8140353036
2026-02-23 13:45:00,482635.1864111203
2026-02-23 14:00:00,481559.42506317876
2026-02-23 14:15:00,489768.1343837573
2026-02-23 14:30:00,487471.3371825623
2026-02-23 14:45:00,487471.3371825623
2026-02-23 15:00:00,482945.25474678876
2026-02-23 15:15:00,479584.3225964395
2026-02-23 15:30:00,479584.3225964395
2026-02-23 15:45:00,476256.9997675937
2026-02-23 16:00:00,472962.9501670364
2026-02-23 16:15:00,469701.84106248454
2026-02-23 16:30:00,536168.1150974442
2026-02-23 16:45:00,537438.3063659873
2026-02-23 17:00:00,537438.3063659873
2026-02-23 17:15:00,537438.3063659873
2026-02-23 17:30:00,537438.3063659873
2026-02-23 17:45:00,533198.7194424497
2026-02-23 18:00:00,533198.7194424497
2026-02-23 18:15:00,533198.7194424497
2026-02-23 18:30:00,533198.7194424497
2026-02-23 18:45:00,533198.7194424497
2026-02-23 19:00:00,533198.7194424497
2026-02-23 19:15:00,533198.7194424497
2026-02-23 19:30:00,533198.7194424497
2026-02-23 19:45:00,533198.7194424497
2026-02-23 20:00:00,533198.7194424497
2026-02-23 20:15:00,533198.7194424497
2026-02-23 20:30:00,533198.7194424497
2026-02-23 20:45:00,533198.7194424497
2026-02-23 21:00:00,533198.7194424497
2026-02-23 21:15:00,533198.7194424497
2026-02-23 21:30:00,533198.7194424497
2026-02-23 21:45:00,533198.7194424497
2026-02-23 22:00:00,533198.7194424497
2026-02-23 22:15:00,533198.7194424497
2026-02-23 22:30:00,533198.7194424497
2026-02-23 22:45:00,533198.7194424497
2026-02-23 23:00:00,533198.7194424497
2026-02-23 23:15:00,533198.7194424497
2026-02-23 23:30:00,533198.7194424497
2026-02-23 23:45:00,533198.7194424497
2026-02-24 00:00:00,533198.7194424497
2026-02-24 00:15:00,533198.7194424497
2026-02-24 00:30:00,533198.7194424497
2026-02-24 00:45:00,533198.7194424497
2026-02-24 01:00:00,544777.4116525212
2026-02-24 01:15:00,544777.4116525215
2026-02-24 01:30:00,544777.4116525215
2026-02-24 01:45:00,544777.4116525215
2026-02-24 02:00:00,544777.4116525215
2026-02-24 02:15:00,542589.2963782353
2026-02-24 02:30:00,542589.2963782353
2026-02-24 02:45:00,542589.2963782353
2026-02-24 03:00:00,523106.1210028343
2026-02-24 03:15:00,523106.1210028343
2026-02-24 03:30:00,523106.1210028343
2026-02-24 03:45:00,523106.1210028343
2026-02-24 04:00:00,519325.6017644637
2026-02-24 04:15:00,519325.6017644637
2026-02-24 04:30:00,519325.6017644637
2026-02-24 04:45:00,515582.8877184769
2026-02-24 05:00:00,511877.6008129499
2026-02-24 05:15:00,515110.62359736353
2026-02-24 05:30:00,515110.62359736353
2026-02-24 05:45:00,515110.62359736353
2026-02-24 06:00:00,515110.62359736353
2026-02-24 06:15:00,515110.62359736353
2026-02-24 06:30:00,514368.61685409234
2026-02-24 06:45:00,514368.61685409234
2026-02-24 07:00:00,514368.61685409234
2026-02-24 07:15:00,514368.61685409234
2026-02-24 07:30:00,513258.61236477696
2026-02-24 07:45:00,494181.71121209476
2026-02-24 08:00:00,489605.3417427276
2026-02-24 08:15:00,488528.30549674935
2026-02-24 08:30:00,488528.30549674935
2026-02-24 08:45:00,488528.30549674935
2026-02-24 09:00:00,488528.30549674935
2026-02-24 09:15:00,481655.7021346459
2026-02-24 09:30:00,477204.5927560532
2026-02-24 09:45:00,476148.98953136994
2026-02-24 10:00:00,475103.9423389335
2026-02-24 10:15:00,477843.71182968334
2026-02-24 10:30:00,474492.7167695599
2026-02-24 10:45:00,480923.48916057654
2026-02-24 11:00:00,480923.48916057654
2026-02-24 11:15:00,480923.48916057654
2026-02-24 11:30:00,480141.7269386305
2026-02-24 11:45:00,480141.7269386305
2026-02-24 12:00:00,480141.7269386305
2026-02-24 12:15:00,467069.5119305544
2026-02-24 12:30:00,467069.5119305544
2026-02-24 12:45:00,467069.5119305544
2026-02-24 13:00:00,467069.5119305544
2026-02-24 13:15:00,467069.5119305544
2026-02-24 13:30:00,464882.69208615413
2026-02-24 13:45:00,464882.69208615413
2026-02-24 14:00:00,464882.69208615413
2026-02-24 14:15:00,558580.658838117
2026-02-24 14:30:00,557503.6225921388
2026-02-24 14:45:00,545138.3800112447
2026-02-24 15:00:00,545138.3800112447
2026-02-24 15:15:00,545138.3800112447
2026-02-24 15:30:00,609019.2749133022
2026-02-24 15:45:00,637335.1063301591
2026-02-24 16:00:00,652133.2666996885
2026-02-24 16:15:00,648998.0195620568
2026-02-24 16:30:00,650792.8101943722
2026-02-24 16:45:00,649243.1283038496
2026-02-24 17:00:00,648065.524541135
2026-02-24 17:15:00,643135.724736253
2026-02-24 17:30:00,643135.724736253
2026-02-24 17:45:00,643135.724736253
2026-02-24 18:00:00,646633.2079115156
2026-02-24 18:15:00,646633.2079115156
2026-02-24 18:30:00,646633.2079115156
2026-02-24 18:45:00,646633.2079115156
2026-02-24 19:00:00,640523.4169864382
2026-02-24 19:15:00,631004.4911428927
2026-02-24 19:30:00,631004.4911428927
2026-02-24 19:45:00,631004.4911428927
2026-02-24 20:00:00,621674.9919236337
2026-02-24 20:15:00,621674.9919236337
2026-02-24 20:30:00,621674.9919236337
2026-02-24 20:45:00,621674.9919236337
2026-02-24 21:00:00,612531.1497388381
2026-02-24 21:15:00,612531.1497388381
2026-02-24 21:30:00,612531.1497388381
2026-02-24 21:45:00,612531.1497388381
2026-02-24 22:00:00,612531.1497388381
2026-02-24 22:15:00,612531.1497388381
2026-02-24 22:30:00,608027.6925904369
2026-02-24 22:45:00,608027.6925904369
2026-02-24 23:00:00,608027.6925904369
2026-02-24 23:15:00,608027.6925904369
2026-02-24 23:30:00,617080.0963533847
2026-02-24 23:45:00,617080.0963533847
2026-02-25 00:00:00,617080.0963533847
2026-02-25 00:15:00,617080.0963533847
2026-02-25 00:30:00,617080.0963533847
2026-02-25 00:45:00,617080.0963533847
2026-02-25 01:00:00,617080.0963533847
2026-02-25 01:15:00,617080.0963533847
2026-02-25 01:30:00,612531.1497388381
2026-02-25 01:45:00,608027.6925904369
2026-02-25 02:00:00,608027.6925904369
2026-02-25 02:15:00,608027.6925904369
2026-02-25 02:30:00,608027.6925904369
2026-02-25 02:45:00,603569.2700135198
2026-02-25 03:00:00,599155.4316623718
2026-02-25 03:15:00,594785.7316947355
2026-02-25 03:30:00,594785.7316947355
2026-02-25 03:45:00,594785.7316947355
2026-02-25 04:00:00,594785.7316947355
2026-02-25 04:15:00,594785.7316947355
2026-02-25 04:30:00,594400.7039792936
2026-02-25 04:45:00,594019.5265410062
2026-02-25 05:00:00,593642.1608771016
2026-02-25 05:15:00,593642.1608771016
2026-02-25 05:30:00,593642.1608771016
2026-02-25 05:45:00,593642.1608771016
2026-02-25 06:00:00,593642.1608771016
2026-02-25 06:15:00,593642.1608771016
2026-02-25 06:30:00,593642.1608771016
2026-02-25 06:45:00,593268.568869836
2026-02-25 07:00:00,593268.568869836
2026-02-25 07:15:00,593268.568869836
2026-02-25 07:30:00,593268.568869836
2026-02-25 07:45:00,593268.568869836
2026-02-25 08:00:00,584659.8229635954
2026-02-25 08:15:00,580419.9074546978
2026-02-25 08:30:00,580419.9074546978
2026-02-25 08:45:00,580419.9074546978
2026-02-25 09:00:00,580419.9074546978
2026-02-25 09:15:00,572066.8499106183
2026-02-25 09:30:00,572066.8499106183
2026-02-25 09:45:00,567952.8641322504
2026-02-25 10:00:00,556126.5845049049
2026-02-25 10:15:00,564279.3653479572
2026-02-25 10:30:00,563079.2737022548
2026-02-25 10:45:00,559006.4277816705
2026-02-25 11:00:00,575546.3170247021
2026-02-25 11:15:00,575546.3170247021
2026-02-25 11:30:00,567193.2594806227
2026-02-25 11:45:00,567193.2594806227
2026-02-25 12:00:00,565119.7398479375
2026-02-25 12:15:00,581826.6986792824
2026-02-25 12:30:00,586109.441617563
2026-02-25 12:45:00,586109.441617563
2026-02-25 13:00:00,598957.6704324045
2026-02-25 13:15:00,612191.3461116913
2026-02-25 13:30:00,612191.3461116913
2026-02-25 13:45:00,612191.3461116913
2026-02-25 14:00:00,612191.3461116913
2026-02-25 14:15:00,612191.3461116913
2026-02-25 14:30:00,612191.3461116913
2026-02-25 14:45:00,612191.3461116913
2026-02-25 15:00:00,612191.3461116913
2026-02-25 15:15:00,612191.3461116913
2026-02-25 15:30:00,611003.2553824459
2026-02-25 15:45:00,611003.2553824459
2026-02-25 16:00:00,611003.2553824459
2026-02-25 16:15:00,611003.2553824459
2026-02-25 16:30:00,671421.7105733249
2026-02-25 16:45:00,677034.1443453082
2026-02-25 17:00:00,676598.7780620523
2026-02-25 17:15:00,674671.8424670045
2026-02-25 17:30:00,674671.8424670045
2026-02-25 17:45:00,670875.5866512011
2026-02-25 18:00:00,670875.5866512011
2026-02-25 18:15:00,670875.5866512011
2026-02-25 18:30:00,670875.5866512011
2026-02-25 18:45:00,670875.5866512011
2026-02-25 19:00:00,669597.1411530077
2026-02-25 19:15:00,669597.1411530077
2026-02-25 19:30:00,669597.1411530077
2026-02-25 19:45:00,669597.1411530077
2026-02-25 20:00:00,669597.1411530077
2026-02-25 20:15:00,669597.1411530077
2026-02-25 20:30:00,669597.1411530077
2026-02-25 20:45:00,665188.5275042496
2026-02-25 21:00:00,651151.3759049142
2026-02-25 21:15:00,647042.259890597
2026-02-25 21:30:00,642974.235036423
2026-02-25 21:45:00,642974.235036423
2026-02-25 22:00:00,638946.8904307906
2026-02-25 22:15:00,634959.8192712145
2026-02-25 22:30:00,632975.0756083154
2026-02-25 22:45:00,632975.0756083154
2026-02-25 23:00:00,632975.0756083154
2026-02-25 23:15:00,632975.0756083154
2026-02-25 23:30:00,816782.8628008903
2026-02-25 23:45:00,828191.785095478
2026-02-26 00:00:00,828191.785095478
2026-02-26 00:15:00,828191.785095478
2026-02-26 00:30:00,828191.785095478
2026-02-26 00:45:00,828191.785095478
2026-02-26 01:00:00,824274.7217743362
2026-02-26 01:15:00,820396.8290864059
2026-02-26 01:30:00,816557.7153253548
2026-02-26 01:45:00,812756.9927019142
2026-02-26 02:00:00,812756.9927019142
2026-02-26 02:15:00,812756.9927019142
2026-02-26 02:30:00,812756.9927019142
2026-02-26 02:45:00,811516.5183134628
2026-02-26 03:00:00,807348.5535783083
2026-02-26 03:15:00,806947.3567337396
2026-02-26 03:30:00,806550.1718576166
2026-02-26 03:45:00,806156.9588302546
2026-02-26 04:00:00,806156.9588302546
2026-02-26 04:15:00,806156.9588302546
2026-02-26 04:30:00,806156.9588302546
2026-02-26 04:45:00,806156.9588302546
2026-02-26 05:00:00,806156.9588302546
2026-02-26 05:15:00,806156.9588302546
2026-02-26 05:30:00,806156.9588302546
2026-02-26 05:45:00,806156.9588302546
2026-02-26 06:00:00,806156.9588302546
2026-02-26 06:15:00,806156.9588302546
2026-02-26 06:30:00,806156.9588302546
2026-02-26 06:45:00,806156.9588302546
2026-02-26 07:00:00,806156.9588302546
2026-02-26 07:15:00,798302.029938774
2026-02-26 07:30:00,798302.029938774
2026-02-26 07:45:00,798302.029938774
2026-02-26 08:00:00,798302.029938774
2026-02-26 08:15:00,798302.029938774
2026-02-26 08:30:00,798302.029938774
2026-02-26 08:45:00,798302.029938774
2026-02-26 09:00:00,802264.0375867693
2026-02-26 09:15:00,802264.0375867693
2026-02-26 09:30:00,802264.0375867693
2026-02-26 09:45:00,802264.0375867693
2026-02-26 10:00:00,813439.3023164717
2026-02-26 10:15:00,836805.6633398079
2026-02-26 10:30:00,836805.6633398079
2026-02-26 10:45:00,828705.3593832864
2026-02-26 11:00:00,828276.4584097184
2026-02-26 11:15:00,827431.4806016916
2026-02-26 11:30:00,856452.5058088023
2026-02-26 11:45:00,852622.5411613276
2026-02-26 12:00:00,851794.3784116807
2026-02-26 12:15:00,847475.9801868196
2026-02-26 12:30:00,838968.3038440209
2026-02-26 12:45:00,866780.5494705567
2026-02-26 13:00:00,866780.5494705567
2026-02-26 13:15:00,866780.5494705567
2026-02-26 13:30:00,866780.5494705567
2026-02-26 13:45:00,891047.437596025
2026-02-26 14:00:00,916792.179208336
2026-02-26 14:15:00,912307.3522171208
2026-02-26 14:30:00,890547.0386595083
2026-02-26 14:45:00,886324.6630737814
2026-02-26 15:00:00,880519.143080932
2026-02-26 15:15:00,880519.143080932
2026-02-26 15:30:00,880519.143080932
2026-02-26 15:45:00,919644.2628379953
2026-02-26 16:00:00,923067.7548608612
2026-02-26 16:15:00,884721.2249869634
2026-02-26 16:30:00,963085.0516086335
2026-02-26 16:45:00,948891.8680472632
2026-02-26 17:00:00,948891.8680472632
2026-02-26 17:15:00,994766.3519553315
2026-02-26 17:30:00,994766.3519553315
2026-02-26 17:45:00,989360.3443008821
2026-02-26 18:00:00,989360.3443008821
2026-02-26 18:15:00,989360.3443008821
2026-02-26 18:30:00,989360.3443008821
2026-02-26 18:45:00,989360.3443008821
2026-02-26 19:00:00,989360.3443008821
2026-02-26 19:15:00,988925.4421791269
2026-02-26 19:30:00,988925.4421791269
2026-02-26 19:45:00,967836.6332950979
2026-02-26 20:00:00,967836.6332950979
2026-02-26 20:15:00,967836.6332950979
2026-02-26 20:30:00,967836.6332950979
2026-02-26 20:45:00,967836.6332950979
2026-02-26 21:00:00,967836.6332950979
2026-02-26 21:15:00,967836.6332950979
2026-02-26 21:30:00,967836.6332950979
2026-02-26 21:45:00,967836.6332950979
2026-02-26 22:00:00,969172.5734636325
2026-02-26 22:15:00,969076.6551282885
2026-02-26 22:30:00,969175.7469167318
2026-02-26 22:45:00,969175.7469167318
2026-02-26 23:00:00,969175.7469167318
2026-02-26 23:15:00,969175.7469167318
2026-02-26 23:30:00,969175.7469167318
2026-02-26 23:45:00,969175.7469167318
2026-02-27 00:00:00,969175.7469167318
2026-02-27 00:15:00,969175.7469167318
2026-02-27 00:30:00,969175.7469167318
2026-02-27 00:45:00,969175.7469167318
2026-02-27 01:00:00,969175.7469167318
2026-02-27 01:15:00,969175.7469167318
2026-02-27 01:30:00,969175.7469167318
2026-02-27 01:45:00,969175.7469167318
2026-02-27 02:00:00,969175.7469167318
2026-02-27 02:15:00,969175.7469167318
2026-02-27 02:30:00,969175.7469167318
2026-02-27 02:45:00,969175.7469167318
2026-02-27 03:00:00,959927.9336843187
2026-02-27 03:15:00,959927.9336843187
2026-02-27 03:30:00,959927.9336843187
2026-02-27 03:45:00,959927.9336843187
2026-02-27 04:00:00,959927.9336843187
2026-02-27 04:15:00,955862.2474784035
2026-02-27 04:30:00,955862.2474784035
2026-02-27 04:45:00,947852.4390841301
2026-02-27 05:00:00,947852.4390841301
2026-02-27 05:15:00,947852.4390841301
2026-02-27 05:30:00,947852.4390841301
2026-02-27 05:45:00,947852.4390841301
2026-02-27 06:00:00,947852.4390841301
2026-02-27 06:15:00,947852.4390841301
2026-02-27 06:30:00,947408.494847376
2026-02-27 06:45:00,947408.494847376
2026-02-27 07:00:00,951393.2738977934
2026-02-27 07:15:00,955418.3032416494
2026-02-27 07:30:00,955418.3032416494
2026-02-27 07:45:00,955418.3032416494
2026-02-27 08:00:00,955418.3032416494
2026-02-27 08:15:00,943463.5635874628
2026-02-27 08:30:00,943463.5635874628
2026-02-27 08:45:00,943463.5635874628
2026-02-27 09:00:00,947511.3802285041
2026-02-27 09:15:00,963531.806088606
2026-02-27 09:30:00,963531.806088606
2026-02-27 09:45:00,963531.806088606
2026-02-27 10:00:00,963531.806088606
2026-02-27 10:15:00,963531.806088606
2026-02-27 10:30:00,963531.806088606
2026-02-27 10:45:00,963531.806088606
2026-02-27 11:00:00,963531.806088606
2026-02-27 11:15:00,959466.1198826908
2026-02-27 11:30:00,959466.1198826908
2026-02-27 11:45:00,959466.1198826908
2026-02-27 12:00:00,951456.3114884174
2026-02-27 12:15:00,951456.3114884174
2026-02-27 12:30:00,951456.3114884174
2026-02-27 12:45:00,951456.3114884174
2026-02-27 13:00:00,951456.3114884174
2026-02-27 13:15:00,951456.3114884174
2026-02-27 13:30:00,951456.3114884174
2026-02-27 13:45:00,951456.3114884174
2026-02-27 14:00:00,951456.3114884174
2026-02-27 14:15:00,952507.5076515506
2026-02-27 14:30:00,952507.5076515506
2026-02-27 14:45:00,952507.5076515506
2026-02-27 15:00:00,952507.5076515506
2026-02-27 15:15:00,1123785.5265047015
2026-02-27 15:30:00,1111095.6574377543
2026-02-27 15:45:00,1111095.6574377543
2026-02-27 16:00:00,1111095.6574377543
2026-02-27 16:15:00,1111095.6574377543
2026-02-27 16:30:00,1111095.6574377543
2026-02-27 16:45:00,1111095.6574377543
2026-02-27 17:00:00,1111095.6574377543
2026-02-27 17:15:00,1111095.6574377543
2026-02-27 17:30:00,1111095.6574377543
2026-02-27 17:45:00,1111095.6574377543
2026-02-27 18:00:00,1111095.6574377543
2026-02-27 18:15:00,1111095.6574377543
2026-02-27 18:30:00,1110605.162515326
2026-02-27 18:45:00,1110605.162515326
2026-02-27 19:00:00,1109638.8384686501
2026-02-27 19:15:00,1109638.8384686501
2026-02-27 19:30:00,1109638.8384686501
2026-02-27 19:45:00,1109638.8384686501
2026-02-27 20:00:00,1109638.8384686501
2026-02-27 20:15:00,1109638.8384686501
2026-02-27 20:30:00,1109638.8384686501
2026-02-27 20:45:00,1109638.8384686501
2026-02-27 21:00:00,1109638.8384686501
2026-02-27 21:15:00,1109638.8384686501
2026-02-27 21:30:00,1109638.8384686501
2026-02-27 21:45:00,1109638.8384686501
2026-02-27 22:00:00,1109638.8384686501
2026-02-27 22:15:00,1109638.8384686501
2026-02-27 22:30:00,1109638.8384686501
2026-02-27 22:45:00,1109638.8384686501
2026-02-27 23:00:00,1109638.8384686501
2026-02-27 23:15:00,1109638.8384686501
2026-02-27 23:30:00,1109638.8384686501
2026-02-27 23:45:00,1109638.8384686501
2026-03-02 00:00:00,1111630.8986627886
2026-03-02 00:15:00,1111630.8986627886
2026-03-02 00:30:00,1111630.8986627886
2026-03-02 00:45:00,1111630.8986627886
2026-03-02 01:00:00,1111135.05132811
2026-03-02 01:15:00,1110644.1624667782
2026-03-02 01:30:00,1110644.1624667782
2026-03-02 01:45:00,1111135.05132811
2026-03-02 02:00:00,1111135.05132811
2026-03-02 02:15:00,1111135.05132811
2026-03-02 02:30:00,1111135.05132811
2026-03-02 02:45:00,1111135.05132811
2026-03-02 03:00:00,1111135.05132811
2026-03-02 03:15:00,1111135.05132811
2026-03-02 03:30:00,1111135.05132811
2026-03-02 03:45:00,1111135.05132811
2026-03-02 04:00:00,1111135.05132811
2026-03-02 04:15:00,1111135.05132811
2026-03-02 04:30:00,1111135.05132811
2026-03-02 04:45:00,1111135.05132811
2026-03-02 05:00:00,1111135.05132811
2026-03-02 05:15:00,1111135.05132811
2026-03-02 05:30:00,1111135.05132811
2026-03-02 05:45:00,1111135.05132811
2026-03-02 06:00:00,1111135.05132811
2026-03-02 06:15:00,1111135.05132811
2026-03-02 06:30:00,1111135.05132811
2026-03-02 06:45:00,1111135.05132811
2026-03-02 07:00:00,1111135.05132811
2026-03-02 07:15:00,1111135.05132811
2026-03-02 07:30:00,1111135.05132811
2026-03-02 07:45:00,1111135.05132811
2026-03-02 08:00:00,1110158.1824940597
2026-03-02 08:15:00,1110158.1824940597
2026-03-02 08:30:00,1109677.0623210683
2026-03-02 08:45:00,1109200.7533498069
2026-03-02 09:00:00,1108729.2074682582
2026-03-02 09:15:00,1108262.3770455248
2026-03-02 09:30:00,1107800.214927019
2026-03-02 09:45:00,1107342.674429698
2026-03-02 10:00:00,1107342.674429698
2026-03-02 10:15:00,1106441.273895926
2026-03-02 10:30:00,1106441.273895926
2026-03-02 10:45:00,1106441.273895926
2026-03-02 11:00:00,1106441.273895926
2026-03-02 11:15:00,1106441.273895926
2026-03-02 11:30:00,1106441.273895926
2026-03-02 11:45:00,1106441.273895926
2026-03-02 12:00:00,1106441.273895926
2026-03-02 12:15:00,1106441.273895926
2026-03-02 12:30:00,1106441.273895926
2026-03-02 12:45:00,1106441.273895926
2026-03-02 13:00:00,1106441.273895926
2026-03-02 13:15:00,1106441.273895926
2026-03-02 13:30:00,1106441.273895926
2026-03-02 13:45:00,1106441.273895926
2026-03-02 14:00:00,1106441.273895926
2026-03-02 14:15:00,1106441.273895926
2026-03-02 14:30:00,1106441.273895926
2026-03-02 14:45:00,1106441.273895926
2026-03-02 15:00:00,1106441.273895926
2026-03-02 15:15:00,1106441.273895926
2026-03-02 15:30:00,1106441.273895926
2026-03-02 15:45:00,1106441.273895926
2026-03-02 16:00:00,1106441.273895926
2026-03-02 16:15:00,1106441.273895926
2026-03-02 16:30:00,1106441.273895926
2026-03-02 16:45:00,1106441.273895926
2026-03-02 17:00:00,1106441.273895926
2026-03-02 17:15:00,1106441.273895926
2026-03-02 17:30:00,1105997.3228089162
2026-03-02 17:45:00,1105997.3228089162
2026-03-02 18:00:00,1105997.3228089162
2026-03-02 18:15:00,1105997.3228089162
2026-03-02 18:30:00,1105997.3228089162
2026-03-02 18:45:00,1105997.3228089162
2026-03-02 19:00:00,1105997.3228089162
2026-03-02 19:15:00,1105997.3228089162
2026-03-02 19:30:00,1105997.3228089162
2026-03-02 19:45:00,1105997.3228089162
2026-03-02 20:00:00,1105997.3228089162
2026-03-02 20:15:00,1105997.3228089162
2026-03-02 20:30:00,1105997.3228089162
2026-03-02 20:45:00,1105997.3228089162
2026-03-02 21:00:00,1105997.3228089162
2026-03-02 21:15:00,1105997.3228089162
2026-03-02 21:30:00,1105997.3228089162
2026-03-02 21:45:00,1105997.3228089162
2026-03-02 22:00:00,1105997.3228089162
2026-03-02 22:15:00,1105997.3228089162
2026-03-02 22:30:00,1105997.3228089162
2026-03-02 22:45:00,1105997.3228089162
2026-03-02 23:00:00,1105997.3228089162
2026-03-02 23:15:00,1105997.3228089162
2026-03-02 23:30:00,1105997.3228089162
2026-03-02 23:45:00,1105997.3228089162
2026-03-03 00:00:00,1105997.3228089162
2026-03-03 00:15:00,1105997.3228089162
2026-03-03 00:30:00,1105997.3228089162
2026-03-03 00:45:00,1105997.3228089162
2026-03-03 01:00:00,1105997.3228089162
2026-03-03 01:15:00,1105997.3228089162
2026-03-03 01:30:00,1105997.3228089162
2026-03-03 01:45:00,1105997.3228089162
2026-03-03 02:00:00,1105997.3228089162
2026-03-03 02:15:00,1105997.3228089162
2026-03-03 02:30:00,1105997.3228089162
2026-03-03 02:45:00,1105997.3228089162
2026-03-03 03:00:00,1105997.3228089162
2026-03-03 03:15:00,1105997.3228089162
2026-03-03 03:30:00,1105997.3228089162
2026-03-03 03:45:00,1105997.3228089162
2026-03-03 04:00:00,1105997.3228089162
2026-03-03 04:15:00,1105997.3228089162
2026-03-03 04:30:00,1105997.3228089162
2026-03-03 04:45:00,1105997.3228089162
2026-03-03 05:00:00,1105997.3228089162
2026-03-03 05:15:00,1105997.3228089162
2026-03-03 05:30:00,1105997.3228089162
2026-03-03 05:45:00,1105997.3228089162
2026-03-03 06:00:00,1105997.3228089162
2026-03-03 06:15:00,1105997.3228089162
2026-03-03 06:30:00,1105997.3228089162
2026-03-03 06:45:00,1105997.3228089162
2026-03-03 07:00:00,1105997.3228089162
2026-03-03 07:15:00,1105557.8112327764
2026-03-03 07:30:00,1104691.9294766232
2026-03-03 07:45:00,1104691.9294766232
2026-03-03 08:00:00,1104265.4718338063
2026-03-03 08:15:00,1104265.4718338063
2026-03-03 08:30:00,1104265.4718338063
2026-03-03 08:45:00,1104265.4718338063
2026-03-03 09:00:00,1102601.862697201
2026-03-03 09:15:00,1102601.862697201
2026-03-03 09:30:00,1102601.862697201
2026-03-03 09:45:00,1102196.3057221784
2026-03-03 10:00:00,1101794.8043169058
2026-03-03 10:15:00,1101397.317925686
2026-03-03 10:30:00,1101003.8063983785
2026-03-03 10:45:00,1100614.229986344
2026-03-03 11:00:00,1100614.229986344
2026-03-03 11:15:00,1099846.7254969948
2026-03-03 11:30:00,1099846.7254969948
2026-03-03 11:45:00,1099468.7198939743
2026-03-03 12:00:00,1099468.7198939743
2026-03-03 12:15:00,1099468.7198939743
2026-03-03 12:30:00,1099094.4943469837
2026-03-03 12:45:00,1099094.4943469837
2026-03-03 13:00:00,1099094.4943469837
2026-03-03 13:15:00,1099094.4943469837
2026-03-03 13:30:00,1099094.4943469837
2026-03-03 13:45:00,1099094.4943469837
2026-03-03 14:00:00,1099094.4943469837
2026-03-03 14:15:00,1099094.4943469837
2026-03-03 14:30:00,1099094.4943469837
2026-03-03 14:45:00,1099094.4943469837
2026-03-03 15:00:00,1099094.4943469837
2026-03-03 15:15:00,1099094.4943469837
2026-03-03 15:30:00,1099094.4943469837
2026-03-03 15:45:00,1099094.4943469837
2026-03-03 16:00:00,1099094.4943469837
2026-03-03 16:15:00,1099094.4943469837
2026-03-03 16:30:00,1099094.4943469837
2026-03-03 16:45:00,1099094.4943469837
2026-03-03 17:00:00,1099094.4943469837
2026-03-03 17:15:00,1099094.4943469837
2026-03-03 17:30:00,1099094.4943469837
2026-03-03 17:45:00,1099094.4943469837
2026-03-03 18:00:00,1099094.4943469837
2026-03-03 18:15:00,1099094.4943469837
2026-03-03 18:30:00,1099094.4943469837
2026-03-03 18:45:00,1102326.8420589664
2026-03-03 19:00:00,1102326.8420589664
2026-03-03 19:15:00,1102326.8420589664
2026-03-03 19:30:00,1102326.8420589664
2026-03-03 19:45:00,1102326.8420589664
2026-03-03 20:00:00,1102326.8420589664
2026-03-03 20:15:00,1102326.8420589664
2026-03-03 20:30:00,1102326.8420589664
2026-03-03 20:45:00,1102326.8420589664
2026-03-03 21:00:00,1102326.8420589664
2026-03-03 21:15:00,1102326.8420589664
2026-03-03 21:30:00,1102326.8420589664
2026-03-03 21:45:00,1102326.8420589664
2026-03-03 22:00:00,1102326.8420589664
2026-03-03 22:15:00,1102326.8420589664
2026-03-03 22:30:00,1102326.8420589664
2026-03-03 22:45:00,1102326.8420589664
2026-03-03 23:00:00,1102326.8420589664
2026-03-03 23:15:00,1102326.8420589664
2026-03-03 23:30:00,1102326.8420589664
2026-03-03 23:45:00,1102326.8420589664
2026-03-04 00:00:00,1102326.8420589664
2026-03-04 00:15:00,1102326.8420589664
2026-03-04 00:30:00,1102326.8420589664
2026-03-04 00:45:00,1102326.8420589664
2026-03-04 01:00:00,1102326.8420589664
2026-03-04 01:15:00,1102326.8420589664
2026-03-04 01:30:00,1102326.8420589664
2026-03-04 01:45:00,1102326.8420589664
2026-03-04 02:00:00,1102326.8420589664
2026-03-04 02:15:00,1102326.8420589664
2026-03-04 02:30:00,1102326.8420589664
2026-03-04 02:45:00,1102326.8420589664
2026-03-04 03:00:00,1102326.8420589664
2026-03-04 03:15:00,1101924.035290326
2026-03-04 03:30:00,1101924.035290326
2026-03-04 03:45:00,1101924.035290326
2026-03-04 04:00:00,1101924.035290326
2026-03-04 04:15:00,1101924.035290326
2026-03-04 04:30:00,1101924.035290326
2026-03-04 04:45:00,1101924.035290326
2026-03-04 05:00:00,1101924.035290326
2026-03-04 05:15:00,1101924.035290326
2026-03-04 05:30:00,1101924.035290326
2026-03-04 05:45:00,1101924.035290326
2026-03-04 06:00:00,1103923.1140922373
2026-03-04 06:15:00,1103923.1140922373
2026-03-04 06:30:00,1103923.1140922373
2026-03-04 06:45:00,1103923.1140922373
2026-03-04 07:00:00,1103923.1140922373
2026-03-04 07:15:00,1103923.1140922373
2026-03-04 07:30:00,1103923.1140922373
2026-03-04 07:45:00,1103923.1140922373
2026-03-04 08:00:00,1103923.1140922373
2026-03-04 08:15:00,1103923.1140922373
2026-03-04 08:30:00,1103923.1140922373
2026-03-04 08:45:00,1103923.1140922373
2026-03-04 09:00:00,1103923.1140922373
2026-03-04 09:15:00,1103923.1140922373
2026-03-04 09:30:00,1103504.3446032642
2026-03-04 09:45:00,1103504.3446032642
2026-03-04 10:00:00,1103504.3446032642
2026-03-04 10:15:00,1106277.3855876632
2026-03-04 10:30:00,1106277.3855876632
2026-03-04 10:45:00,1106277.3855876632
2026-03-04 11:00:00,1106277.3855876632
2026-03-04 11:15:00,1106277.3855876632
2026-03-04 11:30:00,1106277.3855876632
2026-03-04 11:45:00,1106277.3855876632
2026-03-04 12:00:00,1106277.3855876632
2026-03-04 12:15:00,1106277.3855876632
2026-03-04 12:30:00,1106277.3855876632
2026-03-04 12:45:00,1106277.3855876632
2026-03-04 13:00:00,1105835.0733837357
2026-03-04 13:15:00,1105397.1843018476
2026-03-04 13:30:00,1105397.1843018476
2026-03-04 13:45:00,1105397.1843018476
2026-03-04 14:00:00,1105397.1843018476
2026-03-04 14:15:00,1105397.1843018476
2026-03-04 14:30:00,1105397.1843018476
2026-03-04 14:45:00,1105397.1843018476
2026-03-04 15:00:00,1105397.1843018476
2026-03-04 15:15:00,1105397.1843018476
2026-03-04 15:30:00,1105397.1843018476
2026-03-04 15:45:00,1105397.1843018476
2026-03-04 16:00:00,1105397.1843018476
2026-03-04 16:15:00,1105397.1843018476
2026-03-04 16:30:00,1105397.1843018476
2026-03-04 16:45:00,1105397.1843018476
2026-03-04 17:00:00,1105397.1843018476
2026-03-04 17:15:00,1105397.1843018476
2026-03-04 17:30:00,1105397.1843018476
2026-03-04 17:45:00,1105397.1843018476
2026-03-04 18:00:00,1105397.1843018476
2026-03-04 18:15:00,1105397.1843018476
2026-03-04 18:30:00,1105397.1843018476
2026-03-04 18:45:00,1105397.1843018476
2026-03-04 19:00:00,1105397.1843018476
2026-03-04 19:15:00,1105397.1843018476
2026-03-04 19:30:00,1105397.1843018476
2026-03-04 19:45:00,1105397.1843018476
2026-03-04 20:00:00,1105397.1843018476
2026-03-04 20:15:00,1105397.1843018476
2026-03-04 20:30:00,1105397.1843018476
2026-03-04 20:45:00,1105397.1843018476
2026-03-04 21:00:00,1105397.1843018476
2026-03-04 21:15:00,1105397.1843018476
2026-03-04 21:30:00,1105397.1843018476
2026-03-04 21:45:00,1105397.1843018476
2026-03-04 22:00:00,1105397.1843018476
2026-03-04 22:15:00,1105397.1843018476
2026-03-04 22:30:00,1105397.1843018476
2026-03-04 22:45:00,1105397.1843018476
2026-03-04 23:00:00,1105397.1843018476
2026-03-04 23:15:00,1105397.1843018476
2026-03-04 23:30:00,1105397.1843018476
2026-03-04 23:45:00,1105397.1843018476
2026-03-05 00:00:00,1105397.1843018476
2026-03-05 00:15:00,1105397.1843018476
2026-03-05 00:30:00,1105397.1843018476
2026-03-05 00:45:00,1105397.1843018476
2026-03-05 01:00:00,1105397.1843018476
2026-03-05 01:15:00,1105397.1843018476
2026-03-05 01:30:00,1105397.1843018476
2026-03-05 01:45:00,1105397.1843018476
2026-03-05 02:00:00,1105397.1843018476
2026-03-05 02:15:00,1105397.1843018476
2026-03-05 02:30:00,1105397.1843018476
2026-03-05 02:45:00,1105397.1843018476
2026-03-05 03:00:00,1105397.1843018476
2026-03-05 03:15:00,1105397.1843018476
2026-03-05 03:30:00,1105397.1843018476
2026-03-05 03:45:00,1105397.1843018476
2026-03-05 04:00:00,1105397.1843018476
2026-03-05 04:15:00,1105397.1843018476
2026-03-05 04:30:00,1105397.1843018476
2026-03-05 04:45:00,1105397.1843018476
2026-03-05 05:00:00,1105397.1843018476
2026-03-05 05:15:00,1105397.1843018476
2026-03-05 05:30:00,1106772.6262626806
2026-03-05 05:45:00,1106772.6262626806
2026-03-05 06:00:00,1106772.6262626806
2026-03-05 06:15:00,1106772.6262626806
2026-03-05 06:30:00,1106772.6262626806
2026-03-05 06:45:00,1106772.6262626806
2026-03-05 07:00:00,1106772.6262626806
2026-03-05 07:15:00,1106772.6262626806
2026-03-05 07:30:00,1106772.6262626806
2026-03-05 07:45:00,1106772.6262626806
2026-03-05 08:00:00,1106772.6262626806
2026-03-05 08:15:00,1106772.6262626806
2026-03-05 08:30:00,1106772.6262626806
2026-03-05 08:45:00,1106772.6262626806
2026-03-05 09:00:00,1106772.6262626806
2026-03-05 09:15:00,1106772.6262626806
2026-03-05 09:30:00,1106772.6262626806
2026-03-05 09:45:00,1106772.6262626806
2026-03-05 10:00:00,1106772.6262626806
2026-03-05 10:15:00,1106772.6262626806
2026-03-05 10:30:00,1106772.6262626806
2026-03-05 10:45:00,1106772.6262626806
2026-03-05 11:00:00,1106772.6262626806
2026-03-05 11:15:00,1106772.6262626806
2026-03-05 11:30:00,1106772.6262626806
2026-03-05 11:45:00,1106772.6262626806
2026-03-05 12:00:00,1106772.6262626806
2026-03-05 12:15:00,1106772.6262626806
2026-03-05 12:30:00,1106772.6262626806
2026-03-05 12:45:00,1106772.6262626806
2026-03-05 13:00:00,1106772.6262626806
2026-03-05 13:15:00,1106772.6262626806
2026-03-05 13:30:00,1106772.6262626806
2026-03-05 13:45:00,1106772.6262626806
2026-03-05 14:00:00,1106772.6262626806
2026-03-05 14:15:00,1106772.6262626806
2026-03-05 14:30:00,1106772.6262626806
2026-03-05 14:45:00,1106772.6262626806
2026-03-05 15:00:00,1106772.6262626806
2026-03-05 15:15:00,1106772.6262626806
2026-03-05 15:30:00,1106772.6262626806
2026-03-05 15:45:00,1106772.6262626806
2026-03-05 16:00:00,1106772.6262626806
2026-03-05 16:15:00,1106772.6262626806
2026-03-05 16:30:00,1106772.6262626806
2026-03-05 16:45:00,1106772.6262626806
2026-03-05 17:00:00,1106772.6262626806
2026-03-05 17:15:00,1106772.6262626806
2026-03-05 17:30:00,1106772.6262626806
2026-03-05 17:45:00,1106772.6262626806
2026-03-05 18:00:00,1106772.6262626806
2026-03-05 18:15:00,1106772.6262626806
2026-03-05 18:30:00,1106772.6262626806
2026-03-05 18:45:00,1106772.6262626806
2026-03-05 19:00:00,1106772.6262626806
2026-03-05 19:15:00,1106772.6262626806
2026-03-05 19:30:00,1106772.6262626806
2026-03-05 19:45:00,1106772.6262626806
2026-03-05 20:00:00,1106772.6262626806
2026-03-05 20:15:00,1106772.6262626806
2026-03-05 20:30:00,1106772.6262626806
2026-03-05 20:45:00,1106772.6262626806
2026-03-05 21:00:00,1106772.6262626806
2026-03-05 21:15:00,1106772.6262626806
2026-03-05 21:30:00,1106772.6262626806
2026-03-05 21:45:00,1106772.6262626806
2026-03-05 22:00:00,1106772.6262626806
2026-03-05 22:15:00,1106772.6262626806
2026-03-05 22:30:00,1106772.6262626806
2026-03-05 22:45:00,1106772.6262626806
2026-03-05 23:00:00,1106772.6262626806
2026-03-05 23:15:00,1106772.6262626806
2026-03-05 23:30:00,1106772.6262626806
2026-03-05 23:45:00,1106772.6262626806
2026-03-06 00:00:00,1106772.6262626806
2026-03-06 00:15:00,1106772.6262626806
2026-03-06 00:30:00,1106772.6262626806
2026-03-06 00:45:00,1106772.6262626806
2026-03-06 01:00:00,1106772.6262626806
2026-03-06 01:15:00,1106772.6262626806
2026-03-06 01:30:00,1106772.6262626806
2026-03-06 01:45:00,1106772.6262626806
2026-03-06 02:00:00,1106772.6262626806
2026-03-06 02:15:00,1106772.6262626806
2026-03-06 02:30:00,1106772.6262626806
2026-03-06 02:45:00,1106772.6262626806
2026-03-06 03:00:00,1106772.6262626806
2026-03-06 03:15:00,1106772.6262626806
2026-03-06 03:30:00,1106772.6262626806
2026-03-06 03:45:00,1106772.6262626806
2026-03-06 04:00:00,1106772.6262626806
2026-03-06 04:15:00,1106772.6262626806
2026-03-06 04:30:00,1106772.6262626806
2026-03-06 04:45:00,1106772.6262626806
2026-03-06 05:00:00,1106772.6262626806
2026-03-06 05:15:00,1106772.6262626806
2026-03-06 05:30:00,1106772.6262626806
2026-03-06 05:45:00,1106772.6262626806
2026-03-06 06:00:00,1106772.6262626806
2026-03-06 06:15:00,1106772.6262626806
2026-03-06 06:30:00,1106772.6262626806
2026-03-06 06:45:00,1106772.6262626806
2026-03-06 07:00:00,1106772.6262626806
2026-03-06 07:15:00,1106772.6262626806
2026-03-06 07:30:00,1106772.6262626806
2026-03-06 07:45:00,1106772.6262626806
2026-03-06 08:00:00,1106772.6262626806
2026-03-06 08:15:00,1106772.6262626806
2026-03-06 08:30:00,1106772.6262626806
2026-03-06 08:45:00,1106772.6262626806
2026-03-06 09:00:00,1106772.6262626806
2026-03-06 09:15:00,1106772.6262626806
2026-03-06 09:30:00,1106772.6262626806
2026-03-06 09:45:00,1106772.6262626806
2026-03-06 10:00:00,1106772.6262626806
2026-03-06 10:15:00,1106772.6262626806
2026-03-06 10:30:00,1106772.6262626806
2026-03-06 10:45:00,1106772.6262626806
2026-03-06 11:00:00,1106772.6262626806
2026-03-06 11:15:00,1106772.6262626806
2026-03-06 11:30:00,1106772.6262626806
2026-03-06 11:45:00,1106772.6262626806
2026-03-06 12:00:00,1106772.6262626806
2026-03-06 12:15:00,1106772.6262626806
2026-03-06 12:30:00,1106772.6262626806
2026-03-06 12:45:00,1106772.6262626806
2026-03-06 13:00:00,1106772.6262626806
2026-03-06 13:15:00,1106772.6262626806
2026-03-06 13:30:00,1106772.6262626806
2026-03-06 13:45:00,1106772.6262626806
2026-03-06 14:00:00,1106772.6262626806
2026-03-06 14:15:00,1106772.6262626806
2026-03-06 14:30:00,1106772.6262626806
2026-03-06 14:45:00,1106772.6262626806
2026-03-06 15:00:00,1106772.6262626806
2026-03-06 15:15:00,1106772.6262626806
2026-03-06 15:30:00,1106772.6262626806
2026-03-06 15:45:00,1106772.6262626806
2026-03-06 16:00:00,1106772.6262626806
2026-03-06 16:15:00,1106772.6262626806
2026-03-06 16:30:00,1106772.6262626806
2026-03-06 16:45:00,1106772.6262626806
2026-03-06 17:00:00,1106772.6262626806
2026-03-06 17:15:00,1106772.6262626806
2026-03-06 17:30:00,1106772.6262626806
2026-03-06 17:45:00,1106772.6262626806
2026-03-06 18:00:00,1106772.6262626806
2026-03-06 18:15:00,1106772.6262626806
2026-03-06 18:30:00,1106772.6262626806
2026-03-06 18:45:00,1106772.6262626806
2026-03-06 19:00:00,1106772.6262626806
2026-03-06 19:15:00,1106772.6262626806
2026-03-06 19:30:00,1106772.6262626806
2026-03-06 19:45:00,1106772.6262626806
2026-03-06 20:00:00,1106772.6262626806
2026-03-06 20:15:00,1106772.6262626806
2026-03-06 20:30:00,1106772.6262626806
2026-03-06 20:45:00,1106772.6262626806
2026-03-06 21:00:00,1106772.6262626806
2026-03-06 21:15:00,1106772.6262626806
2026-03-06 21:30:00,1106772.6262626806
2026-03-06 21:45:00,1106772.6262626806
2026-03-06 22:00:00,1106772.6262626806
2026-03-06 22:15:00,1106772.6262626806
2026-03-06 22:30:00,1106772.6262626806
2026-03-06 22:45:00,1106772.6262626806
2026-03-06 23:00:00,1106772.6262626806
2026-03-06 23:15:00,1106772.6262626806
2026-03-06 23:30:00,1106772.6262626806
2026-03-06 23:45:00,1106772.6262626806
2026-03-09 00:00:00,1106772.6262626806
2026-03-09 00:15:00,1106772.6262626806
2026-03-09 00:30:00,1106772.6262626806
2026-03-09 00:45:00,1106772.6262626806
2026-03-09 01:00:00,1106772.6262626806
2026-03-09 01:15:00,1106772.6262626806
2026-03-09 01:30:00,1106772.6262626806
2026-03-09 01:45:00,1106772.6262626806
2026-03-09 02:00:00,1106772.6262626806
2026-03-09 02:15:00,1106772.6262626806
2026-03-09 02:30:00,1106772.6262626806
2026-03-09 02:45:00,1106772.6262626806
2026-03-09 03:00:00,1106772.6262626806
2026-03-09 03:15:00,1106772.6262626806
2026-03-09 03:30:00,1106772.6262626806
2026-03-09 03:45:00,1106772.6262626806
2026-03-09 04:00:00,1106772.6262626806
2026-03-09 04:15:00,1106772.6262626806
2026-03-09 04:30:00,1106772.6262626806
2026-03-09 04:45:00,1106772.6262626806
2026-03-09 05:00:00,1106772.6262626806
2026-03-09 05:15:00,1106772.6262626806
2026-03-09 05:30:00,1106772.6262626806
2026-03-09 05:45:00,1106772.6262626806
2026-03-09 06:00:00,1106772.6262626806
2026-03-09 06:15:00,1106772.6262626806
2026-03-09 06:30:00,1106772.6262626806
2026-03-09 06:45:00,1106772.6262626806
2026-03-09 07:00:00,1106772.6262626806
2026-03-09 07:15:00,1106772.6262626806
2026-03-09 07:30:00,1106772.6262626806
2026-03-09 07:45:00,1106772.6262626806
2026-03-09 08:00:00,1106772.6262626806
2026-03-09 08:15:00,1106772.6262626806
2026-03-09 08:30:00,1106772.6262626806
2026-03-09 08:45:00,1106772.6262626806
2026-03-09 09:00:00,1106772.6262626806
2026-03-09 09:15:00,1106772.6262626806
2026-03-09 09:30:00,1106772.6262626806
2026-03-09 09:45:00,1106772.6262626806
2026-03-09 10:00:00,1106772.6262626806
2026-03-09 10:15:00,1106772.6262626806
2026-03-09 10:30:00,1106772.6262626806
2026-03-09 10:45:00,1106772.6262626806
2026-03-09 11:00:00,1106772.6262626806
2026-03-09 11:15:00,1106772.6262626806
2026-03-09 11:30:00,1106772.6262626806
2026-03-09 11:45:00,1106772.6262626806
2026-03-09 12:00:00,1106772.6262626806
2026-03-09 12:15:00,1106772.6262626806
2026-03-09 12:30:00,1106772.6262626806
2026-03-09 12:45:00,1106772.6262626806
2026-03-09 13:00:00,1106772.6262626806
2026-03-09 13:15:00,1106772.6262626806
2026-03-09 13:30:00,1106772.6262626806
2026-03-09 13:45:00,1106772.6262626806
2026-03-09 14:00:00,1106772.6262626806
2026-03-09 14:15:00,1106772.6262626806
2026-03-09 14:30:00,1106772.6262626806
2026-03-09 14:45:00,1106772.6262626806
2026-03-09 15:00:00,1106772.6262626806
2026-03-09 15:15:00,1106772.6262626806
2026-03-09 15:30:00,1106772.6262626806
2026-03-09 15:45:00,1106772.6262626806
2026-03-09 16:00:00,1106772.6262626806
2026-03-09 16:15:00,1106772.6262626806
2026-03-09 16:30:00,1106772.6262626806
2026-03-09 16:45:00,1106772.6262626806
2026-03-09 17:00:00,1106772.6262626806
2026-03-09 17:15:00,1106772.6262626806
2026-03-09 17:30:00,1106772.6262626806
2026-03-09 17:45:00,1106772.6262626806
2026-03-09 18:00:00,1106772.6262626806
2026-03-09 18:15:00,1106772.6262626806
2026-03-09 18:30:00,1106772.6262626806
2026-03-09 18:45:00,1106772.6262626806
2026-03-09 19:00:00,1106772.6262626806
2026-03-09 19:15:00,1106772.6262626806
2026-03-09 19:30:00,1106772.6262626806
2026-03-09 19:45:00,1106772.6262626806
2026-03-09 20:00:00,1106772.6262626806
2026-03-09 20:15:00,1106772.6262626806
2026-03-09 20:30:00,1106772.6262626806
2026-03-09 20:45:00,1106772.6262626806
2026-03-09 21:00:00,1106772.6262626806
2026-03-09 21:15:00,1106772.6262626806
2026-03-09 21:30:00,1106772.6262626806
2026-03-09 21:45:00,1106772.6262626806
2026-03-09 22:00:00,1106772.6262626806
2026-03-09 22:15:00,1106772.6262626806
2026-03-09 22:30:00,1106772.6262626806
2026-03-09 22:45:00,1106772.6262626806
2026-03-09 23:00:00,1106772.6262626806
2026-03-09 23:15:00,1106772.6262626806
2026-03-09 23:30:00,1106772.6262626806
2026-03-09 23:45:00,1106772.6262626806
2026-03-10 00:00:00,1106772.6262626806
2026-03-10 00:15:00,1106772.6262626806
2026-03-10 00:30:00,1106772.6262626806
2026-03-10 00:45:00,1106772.6262626806
2026-03-10 01:00:00,1106772.6262626806
2026-03-10 01:15:00,1106772.6262626806
2026-03-10 01:30:00,1106772.6262626806
2026-03-10 01:45:00,1106772.6262626806
2026-03-10 02:00:00,1106772.6262626806
2026-03-10 02:15:00,1106772.6262626806
2026-03-10 02:30:00,1106772.6262626806
2026-03-10 02:45:00,1106772.6262626806
2026-03-10 03:00:00,1106772.6262626806
2026-03-10 03:15:00,1106772.6262626806
2026-03-10 03:30:00,1106772.6262626806
2026-03-10 03:45:00,1106772.6262626806
2026-03-10 04:00:00,1106772.6262626806
2026-03-10 04:15:00,1106772.6262626806
2026-03-10 04:30:00,1106772.6262626806
2026-03-10 04:45:00,1106772.6262626806
2026-03-10 05:00:00,1106772.6262626806
2026-03-10 05:15:00,1106772.6262626806
2026-03-10 05:30:00,1106772.6262626806
2026-03-10 05:45:00,1106772.6262626806
2026-03-10 06:00:00,1106772.6262626806
2026-03-10 06:15:00,1106772.6262626806
2026-03-10 06:30:00,1106772.6262626806
2026-03-10 06:45:00,1106772.6262626806
2026-03-10 07:00:00,1106772.6262626806
2026-03-10 07:15:00,1106772.6262626806
2026-03-10 07:30:00,1106772.6262626806
2026-03-10 07:45:00,1106772.6262626806
2026-03-10 08:00:00,1106772.6262626806
2026-03-10 08:15:00,1106772.6262626806
2026-03-10 08:30:00,1106772.6262626806
2026-03-10 08:45:00,1106772.6262626806
2026-03-10 09:00:00,1106772.6262626806
2026-03-10 09:15:00,1106772.6262626806
2026-03-10 09:30:00,1106772.6262626806
2026-03-10 09:45:00,1106772.6262626806
2026-03-10 10:00:00,1106772.6262626806
2026-03-10 10:15:00,1106772.6262626806
2026-03-10 10:30:00,1106772.6262626806
2026-03-10 10:45:00,1106772.6262626806
2026-03-10 11:00:00,1106772.6262626806
2026-03-10 11:15:00,1106772.6262626806
2026-03-10 11:30:00,1106772.6262626806
2026-03-10 11:45:00,1106772.6262626806
2026-03-10 12:00:00,1106772.6262626806
2026-03-10 12:15:00,1106772.6262626806
2026-03-10 12:30:00,1106772.6262626806
2026-03-10 12:45:00,1106772.6262626806
2026-03-10 13:00:00,1106772.6262626806
2026-03-10 13:15:00,1106772.6262626806
2026-03-10 13:30:00,1106772.6262626806
2026-03-10 13:45:00,1106772.6262626806
2026-03-10 14:00:00,1106772.6262626806
2026-03-10 14:15:00,1106772.6262626806
2026-03-10 14:30:00,1106772.6262626806
2026-03-10 14:45:00,1106772.6262626806
2026-03-10 15:00:00,1106772.6262626806
2026-03-10 15:15:00,1106772.6262626806
2026-03-10 15:30:00,1106772.6262626806
2026-03-10 15:45:00,1106772.6262626806
2026-03-10 16:00:00,1106772.6262626806
2026-03-10 16:15:00,1106772.6262626806
2026-03-10 16:30:00,1106772.6262626806
2026-03-10 16:45:00,1106772.6262626806
2026-03-10 17:00:00,1106772.6262626806
2026-03-10 17:15:00,1106772.6262626806
2026-03-10 17:30:00,1106772.6262626806
2026-03-10 17:45:00,1106772.6262626806
2026-03-10 18:00:00,1106772.6262626806
2026-03-10 18:15:00,1106772.6262626806
2026-03-10 18:30:00,1106772.6262626806
2026-03-10 18:45:00,1106772.6262626806
2026-03-10 19:00:00,1106772.6262626806
2026-03-10 19:15:00,1106772.6262626806
2026-03-10 19:30:00,1106772.6262626806
2026-03-10 19:45:00,1106772.6262626806
2026-03-10 20:00:00,1106772.6262626806
2026-03-10 20:15:00,1106772.6262626806
2026-03-10 20:30:00,1106772.6262626806
2026-03-10 20:45:00,1106772.6262626806
2026-03-10 21:00:00,1106772.6262626806
2026-03-10 21:15:00,1106772.6262626806
2026-03-10 21:30:00,1106772.6262626806
2026-03-10 21:45:00,1106772.6262626806
2026-03-10 22:00:00,1106772.6262626806
2026-03-10 22:15:00,1106772.6262626806
2026-03-10 22:30:00,1106772.6262626806
2026-03-10 22:45:00,1106772.6262626806
2026-03-10 23:00:00,1106772.6262626806
2026-03-10 23:15:00,1106772.6262626806
2026-03-10 23:30:00,1106772.6262626806
2026-03-10 23:45:00,1106772.6262626806
2026-03-11 00:00:00,1106772.6262626806
2026-03-11 00:15:00,1106772.6262626806
2026-03-11 00:30:00,1106772.6262626806
2026-03-11 00:45:00,1106772.6262626806
2026-03-11 01:00:00,1106772.6262626806
2026-03-11 01:15:00,1106772.6262626806
2026-03-11 01:30:00,1106772.6262626806
2026-03-11 01:45:00,1106772.6262626806
2026-03-11 02:00:00,1106772.6262626806
2026-03-11 02:15:00,1106772.6262626806
2026-03-11 02:30:00,1106772.6262626806
2026-03-11 02:45:00,1106772.6262626806
2026-03-11 03:00:00,1106772.6262626806
2026-03-11 03:15:00,1106772.6262626806
2026-03-11 03:30:00,1106772.6262626806
2026-03-11 03:45:00,1106772.6262626806
2026-03-11 04:00:00,1106772.6262626806
2026-03-11 04:15:00,1106772.6262626806
2026-03-11 04:30:00,1106772.6262626806
2026-03-11 04:45:00,1106772.6262626806
2026-03-11 05:00:00,1106772.6262626806
2026-03-11 05:15:00,1106772.6262626806
2026-03-11 05:30:00,1106772.6262626806
2026-03-11 05:45:00,1106772.6262626806
2026-03-11 06:00:00,1106772.6262626806
2026-03-11 06:15:00,1106772.6262626806
2026-03-11 06:30:00,1106772.6262626806
2026-03-11 06:45:00,1106772.6262626806
2026-03-11 07:00:00,1106772.6262626806
2026-03-11 07:15:00,1106772.6262626806
2026-03-11 07:30:00,1106772.6262626806
2026-03-11 07:45:00,1106772.6262626806
2026-03-11 08:00:00,1106772.6262626806
2026-03-11 08:15:00,1106772.6262626806
2026-03-11 08:30:00,1106772.6262626806
2026-03-11 08:45:00,1106772.6262626806
2026-03-11 09:00:00,1106772.6262626806
2026-03-11 09:15:00,1106772.6262626806
2026-03-11 09:30:00,1106772.6262626806
2026-03-11 09:45:00,1106772.6262626806
2026-03-11 10:00:00,1106772.6262626806
2026-03-11 10:15:00,1106772.6262626806
2026-03-11 10:30:00,1106772.6262626806
2026-03-11 10:45:00,1106772.6262626806
2026-03-11 11:00:00,1106772.6262626806
2026-03-11 11:15:00,1106772.6262626806
2026-03-11 11:30:00,1106772.6262626806
2026-03-11 11:45:00,1106772.6262626806
2026-03-11 12:00:00,1106772.6262626806
2026-03-11 12:15:00,1106772.6262626806
2026-03-11 12:30:00,1106772.6262626806
2026-03-11 12:45:00,1106772.6262626806
2026-03-11 13:00:00,1106772.6262626806
2026-03-11 13:15:00,1106772.6262626806
2026-03-11 13:30:00,1106772.6262626806
2026-03-11 13:45:00,1106772.6262626806
2026-03-11 14:00:00,1106772.6262626806
2026-03-11 14:15:00,1106772.6262626806
2026-03-11 14:30:00,1106772.6262626806
2026-03-11 14:45:00,1106772.6262626806
2026-03-11 15:00:00,1106772.6262626806
2026-03-11 15:15:00,1106772.6262626806
2026-03-11 15:30:00,1106772.6262626806
2026-03-11 15:45:00,1106772.6262626806
2026-03-11 16:00:00,1106772.6262626806
2026-03-11 16:15:00,1106772.6262626806
2026-03-11 16:30:00,1106772.6262626806
2026-03-11 16:45:00,1106772.6262626806
2026-03-11 17:00:00,1106772.6262626806
2026-03-11 17:15:00,1106772.6262626806
2026-03-11 17:30:00,1106772.6262626806
2026-03-11 17:45:00,1106772.6262626806
2026-03-11 18:00:00,1106772.6262626806
2026-03-11 18:15:00,1106772.6262626806
2026-03-11 18:30:00,1106772.6262626806
2026-03-11 18:45:00,1106772.6262626806
2026-03-11 19:00:00,1106772.6262626806
2026-03-11 19:15:00,1106772.6262626806
2026-03-11 19:30:00,1106772.6262626806
2026-03-11 19:45:00,1106772.6262626806
2026-03-11 20:00:00,1106772.6262626806
2026-03-11 20:15:00,1106772.6262626806
2026-03-11 20:30:00,1106772.6262626806
2026-03-11 20:45:00,1106772.6262626806
2026-03-11 21:00:00,1106772.6262626806
2026-03-11 21:15:00,1106772.6262626806
2026-03-11 21:30:00,1106772.6262626806
2026-03-11 21:45:00,1106772.6262626806
2026-03-11 22:00:00,1106772.6262626806
2026-03-11 22:15:00,1106772.6262626806
2026-03-11 22:30:00,1106772.6262626806
2026-03-11 22:45:00,1106772.6262626806
2026-03-11 23:00:00,1106772.6262626806
2026-03-11 23:15:00,1106772.6262626806
2026-03-11 23:30:00,1106772.6262626806
2026-03-11 23:45:00,1106772.6262626806
2026-03-12 00:00:00,1106772.6262626806
2026-03-12 00:15:00,1106772.6262626806
2026-03-12 00:30:00,1106772.6262626806
2026-03-12 00:45:00,1106772.6262626806
2026-03-12 01:00:00,1106772.6262626806
2026-03-12 01:15:00,1106772.6262626806
2026-03-12 01:30:00,1106772.6262626806
2026-03-12 01:45:00,1106772.6262626806
2026-03-12 02:00:00,1106772.6262626806
2026-03-12 02:15:00,1106772.6262626806
2026-03-12 02:30:00,1106772.6262626806
2026-03-12 02:45:00,1106772.6262626806
2026-03-12 03:00:00,1106772.6262626806
2026-03-12 03:15:00,1106772.6262626806
2026-03-12 03:30:00,1106772.6262626806
2026-03-12 03:45:00,1106772.6262626806
2026-03-12 04:00:00,1106772.6262626806
2026-03-12 04:15:00,1106772.6262626806
2026-03-12 04:30:00,1106772.6262626806
2026-03-12 04:45:00,1106772.6262626806
2026-03-12 05:00:00,1106772.6262626806
2026-03-12 05:15:00,1106772.6262626806
2026-03-12 05:30:00,1106772.6262626806
2026-03-12 05:45:00,1106772.6262626806
2026-03-12 06:00:00,1106772.6262626806
2026-03-12 06:15:00,1106772.6262626806
2026-03-12 06:30:00,1106772.6262626806
2026-03-12 06:45:00,1106772.6262626806
2026-03-12 07:00:00,1106772.6262626806
2026-03-12 07:15:00,1106772.6262626806
2026-03-12 07:30:00,1106772.6262626806
2026-03-12 07:45:00,1106772.6262626806
2026-03-12 08:00:00,1106772.6262626806
2026-03-12 08:15:00,1106772.6262626806
2026-03-12 08:30:00,1106772.6262626806
2026-03-12 08:45:00,1106772.6262626806
2026-03-12 09:00:00,1106772.6262626806
2026-03-12 09:15:00,1106772.6262626806
2026-03-12 09:30:00,1106772.6262626806
2026-03-12 09:45:00,1106772.6262626806
2026-03-12 10:00:00,1106772.6262626806
2026-03-12 10:15:00,1106772.6262626806
2026-03-12 10:30:00,1106772.6262626806
2026-03-12 10:45:00,1106772.6262626806
2026-03-12 11:00:00,1106772.6262626806
2026-03-12 11:15:00,1106772.6262626806
2026-03-12 11:30:00,1106772.6262626806
2026-03-12 11:45:00,1106772.6262626806
2026-03-12 12:00:00,1106772.6262626806
2026-03-12 12:15:00,1106772.6262626806
2026-03-12 12:30:00,1106772.6262626806
2026-03-12 12:45:00,1106772.6262626806
2026-03-12 13:00:00,1106772.6262626806
2026-03-12 13:15:00,1106772.6262626806
2026-03-12 13:30:00,1106772.6262626806
2026-03-12 13:45:00,1106772.6262626806
2026-03-12 14:00:00,1106772.6262626806
2026-03-12 14:15:00,1106772.6262626806
2026-03-12 14:30:00,1106772.6262626806
2026-03-12 14:45:00,1106772.6262626806
2026-03-12 15:00:00,1106772.6262626806
2026-03-12 15:15:00,1106772.6262626806
2026-03-12 15:30:00,1106772.6262626806
2026-03-12 15:45:00,1106772.6262626806
2026-03-12 16:00:00,1106772.6262626806
2026-03-12 16:15:00,1106772.6262626806
2026-03-12 16:30:00,1106772.6262626806
2026-03-12 16:45:00,1106772.6262626806
2026-03-12 17:00:00,1106772.6262626806
2026-03-12 17:15:00,1106772.6262626806
2026-03-12 17:30:00,1106772.6262626806
2026-03-12 17:45:00,1106772.6262626806
2026-03-12 18:00:00,1106772.6262626806
2026-03-12 18:15:00,1106772.6262626806
2026-03-12 18:30:00,1106772.6262626806
2026-03-12 18:45:00,1106772.6262626806
2026-03-12 19:00:00,1106772.6262626806
2026-03-12 19:15:00,1106772.6262626806
2026-03-12 19:30:00,1106772.6262626806
2026-03-12 19:45:00,1106772.6262626806
2026-03-12 20:00:00,1106772.6262626806
2026-03-12 20:15:00,1106772.6262626806
2026-03-12 20:30:00,1106772.6262626806
2026-03-12 20:45:00,1106772.6262626806
2026-03-12 21:00:00,1106772.6262626806
2026-03-12 21:15:00,1106772.6262626806
2026-03-12 21:30:00,1106772.6262626806
2026-03-12 21:45:00,1106772.6262626806
2026-03-12 22:00:00,1106772.6262626806
2026-03-12 22:15:00,1106772.6262626806
2026-03-12 22:30:00,1106772.6262626806
2026-03-12 22:45:00,1106772.6262626806
2026-03-12 23:00:00,1106772.6262626806
2026-03-12 23:15:00,1106772.6262626806
2026-03-12 23:30:00,1106772.6262626806
2026-03-12 23:45:00,1106772.6262626806
2026-03-13 00:00:00,1106772.6262626806
2026-03-13 00:15:00,1106772.6262626806
2026-03-13 00:30:00,1106772.6262626806
2026-03-13 00:45:00,1106772.6262626806
2026-03-13 01:00:00,1106772.6262626806
2026-03-13 01:15:00,1106772.6262626806
2026-03-13 01:30:00,1106772.6262626806
2026-03-13 01:45:00,1106772.6262626806
2026-03-13 02:00:00,1106772.6262626806
2026-03-13 02:15:00,1106772.6262626806
2026-03-13 02:30:00,1106772.6262626806
2026-03-13 02:45:00,1106772.6262626806
2026-03-13 03:00:00,1106772.6262626806
2026-03-13 03:15:00,1106772.6262626806
2026-03-13 03:30:00,1106772.6262626806
2026-03-13 03:45:00,1106772.6262626806
2026-03-13 04:00:00,1106772.6262626806
2026-03-13 04:15:00,1106772.6262626806
2026-03-13 04:30:00,1106772.6262626806
2026-03-13 04:45:00,1106772.6262626806
2026-03-13 05:00:00,1106772.6262626806
2026-03-13 05:15:00,1106772.6262626806
2026-03-13 05:30:00,1106772.6262626806
2026-03-13 05:45:00,1106772.6262626806
2026-03-13 06:00:00,1106772.6262626806
2026-03-13 06:15:00,1106772.6262626806
2026-03-13 06:30:00,1106772.6262626806
2026-03-13 06:45:00,1106772.6262626806
2026-03-13 07:00:00,1106772.6262626806
2026-03-13 07:15:00,1106772.6262626806
2026-03-13 07:30:00,1106772.6262626806
2026-03-13 07:45:00,1106772.6262626806
2026-03-13 08:00:00,1106772.6262626806
2026-03-13 08:15:00,1106772.6262626806
2026-03-13 08:30:00,1106772.6262626806
2026-03-13 08:45:00,1106772.6262626806
2026-03-13 09:00:00,1106772.6262626806
2026-03-13 09:15:00,1106772.6262626806
2026-03-13 09:30:00,1106772.6262626806
2026-03-13 09:45:00,1106772.6262626806
2026-03-13 10:00:00,1106772.6262626806
2026-03-13 10:15:00,1106772.6262626806
2026-03-13 10:30:00,1106772.6262626806
2026-03-13 10:45:00,1106772.6262626806
2026-03-13 11:00:00,1106772.6262626806
2026-03-13 11:15:00,1106772.6262626806
2026-03-13 11:30:00,1106772.6262626806
2026-03-13 11:45:00,1106772.6262626806
2026-03-13 12:00:00,1106772.6262626806
2026-03-13 12:15:00,1106772.6262626806
2026-03-13 12:30:00,1106772.6262626806
2026-03-13 12:45:00,1106772.6262626806
2026-03-13 13:00:00,1106772.6262626806
2026-03-13 13:15:00,1106772.6262626806
2026-03-13 13:30:00,1106772.6262626806
2026-03-13 13:45:00,1106772.6262626806
2026-03-13 14:00:00,1106772.6262626806
2026-03-13 14:15:00,1106772.6262626806
2026-03-13 14:30:00,1106772.6262626806
2026-03-13 14:45:00,1106772.6262626806
2026-03-13 15:00:00,1106772.6262626806
2026-03-13 15:15:00,1106772.6262626806
2026-03-13 15:30:00,1106772.6262626806
2026-03-13 15:45:00,1106772.6262626806
2026-03-13 16:00:00,1106772.6262626806
2026-03-13 16:15:00,1106772.6262626806
2026-03-13 16:30:00,1106772.6262626806
2026-03-13 16:45:00,1106772.6262626806
2026-03-13 17:00:00,1106772.6262626806
2026-03-13 17:15:00,1106772.6262626806
2026-03-13 17:30:00,1106772.6262626806
2026-03-13 17:45:00,1106772.6262626806
2026-03-13 18:00:00,1106772.6262626806
2026-03-13 18:15:00,1106772.6262626806
2026-03-13 18:30:00,1106772.6262626806
2026-03-13 18:45:00,1106772.6262626806
2026-03-13 19:00:00,1106772.6262626806
2026-03-13 19:15:00,1106772.6262626806
2026-03-13 19:30:00,1106772.6262626806
2026-03-13 19:45:00,1106772.6262626806
2026-03-13 20:00:00,1106772.6262626806
2026-03-13 20:15:00,1106772.6262626806
2026-03-13 20:30:00,1106772.6262626806
2026-03-13 20:45:00,1106772.6262626806
2026-03-13 21:00:00,1106772.6262626806
2026-03-13 21:15:00,1106772.6262626806
2026-03-13 21:30:00,1106772.6262626806
2026-03-13 21:45:00,1106772.6262626806
2026-03-13 22:00:00,1106772.6262626806
2026-03-13 22:15:00,1106772.6262626806
2026-03-13 22:30:00,1106772.6262626806
2026-03-13 22:45:00,1106772.6262626806
2026-03-13 23:00:00,1106772.6262626806
2026-03-13 23:15:00,1106772.6262626806
2026-03-13 23:30:00,1106772.6262626806
2026-03-13 23:45:00,1106772.6262626806
2026-03-16 00:00:00,1106772.6262626806
2026-03-16 00:15:00,1106772.6262626806
2026-03-16 00:30:00,1106772.6262626806
2026-03-16 00:45:00,1106772.6262626806
2026-03-16 01:00:00,1106772.6262626806
2026-03-16 01:15:00,1106772.6262626806
2026-03-16 01:30:00,1106772.6262626806
2026-03-16 01:45:00,1106772.6262626806
2026-03-16 02:00:00,1106772.6262626806
2026-03-16 02:15:00,1106772.6262626806
2026-03-16 02:30:00,1106772.6262626806
2026-03-16 02:45:00,1106772.6262626806
2026-03-16 03:00:00,1106772.6262626806
2026-03-16 03:15:00,1106772.6262626806
2026-03-16 03:30:00,1106772.6262626806
2026-03-16 03:45:00,1106772.6262626806
2026-03-16 04:00:00,1106772.6262626806
2026-03-16 04:15:00,1106772.6262626806
2026-03-16 04:30:00,1106772.6262626806
2026-03-16 04:45:00,1106772.6262626806
2026-03-16 05:00:00,1106772.6262626806
2026-03-16 05:15:00,1106772.6262626806
2026-03-16 05:30:00,1106772.6262626806
2026-03-16 05:45:00,1106772.6262626806
2026-03-16 06:00:00,1106772.6262626806
2026-03-16 06:15:00,1106772.6262626806
2026-03-16 06:30:00,1106772.6262626806
2026-03-16 06:45:00,1106772.6262626806
2026-03-16 07:00:00,1106772.6262626806
2026-03-16 07:15:00,1106772.6262626806
2026-03-16 07:30:00,1106772.6262626806
2026-03-16 07:45:00,1106772.6262626806
2026-03-16 08:00:00,1106772.6262626806
2026-03-16 08:15:00,1106772.6262626806
2026-03-16 08:30:00,1106772.6262626806
2026-03-16 08:45:00,1106772.6262626806
2026-03-16 09:00:00,1106772.6262626806
2026-03-16 09:15:00,1106772.6262626806
2026-03-16 09:30:00,1106772.6262626806
2026-03-16 09:45:00,1106772.6262626806
2026-03-16 10:00:00,1106772.6262626806
2026-03-16 10:15:00,1106772.6262626806
2026-03-16 10:30:00,1106772.6262626806
2026-03-16 10:45:00,1106772.6262626806
2026-03-16 11:00:00,1106772.6262626806
2026-03-16 11:15:00,1106772.6262626806
2026-03-16 11:30:00,1106772.6262626806
2026-03-16 11:45:00,1106772.6262626806
2026-03-16 12:00:00,1106772.6262626806
2026-03-16 12:15:00,1106772.6262626806
2026-03-16 12:30:00,1106772.6262626806
2026-03-16 12:45:00,1106772.6262626806
2026-03-16 13:00:00,1106772.6262626806
2026-03-16 13:15:00,1106772.6262626806
2026-03-16 13:30:00,1106772.6262626806
2026-03-16 13:45:00,1106772.6262626806
2026-03-16 14:00:00,1106772.6262626806
2026-03-16 14:15:00,1106772.6262626806
2026-03-16 14:30:00,1106772.6262626806
2026-03-16 14:45:00,1106772.6262626806
2026-03-16 15:00:00,1106772.6262626806
2026-03-16 15:15:00,1106772.6262626806
2026-03-16 15:30:00,1106772.6262626806
2026-03-16 15:45:00,1106772.6262626806
2026-03-16 16:00:00,1106772.6262626806
2026-03-16 16:15:00,1106772.6262626806
2026-03-16 16:30:00,1106772.6262626806
2026-03-16 16:45:00,1106772.6262626806
2026-03-16 17:00:00,1106772.6262626806
2026-03-16 17:15:00,1106772.6262626806
2026-03-16 17:30:00,1106772.6262626806
2026-03-16 17:45:00,1106772.6262626806
2026-03-16 18:00:00,1106772.6262626806
2026-03-16 18:15:00,1106772.6262626806
2026-03-16 18:30:00,1106772.6262626806
2026-03-16 18:45:00,1106772.6262626806
2026-03-16 19:00:00,1106772.6262626806
2026-03-16 19:15:00,1106772.6262626806
2026-03-16 19:30:00,1106772.6262626806
2026-03-16 19:45:00,1106772.6262626806
2026-03-16 20:00:00,1106772.6262626806
2026-03-16 20:15:00,1106772.6262626806
2026-03-16 20:30:00,1106772.6262626806
2026-03-16 20:45:00,1106772.6262626806
2026-03-16 21:00:00,1106772.6262626806
2026-03-16 21:15:00,1106772.6262626806
2026-03-16 21:30:00,1106772.6262626806
2026-03-16 21:45:00,1106772.6262626806
2026-03-16 22:00:00,1106772.6262626806
2026-03-16 22:15:00,1106772.6262626806
2026-03-16 22:30:00,1106772.6262626806
2026-03-16 22:45:00,1106772.6262626806
2026-03-16 23:00:00,1106772.6262626806
2026-03-16 23:15:00,1106772.6262626806
2026-03-16 23:30:00,1106772.6262626806
2026-03-16 23:45:00,1106772.6262626806
2026-03-17 00:00:00,1106772.6262626806
2026-03-17 00:15:00,1106772.6262626806
2026-03-17 00:30:00,1106772.6262626806
2026-03-17 00:45:00,1106772.6262626806
2026-03-17 01:00:00,1106772.6262626806
2026-03-17 01:15:00,1106772.6262626806
2026-03-17 01:30:00,1106772.6262626806
2026-03-17 01:45:00,1106772.6262626806
2026-03-17 02:00:00,1106772.6262626806
2026-03-17 02:15:00,1106772.6262626806
2026-03-17 02:30:00,1106772.6262626806
2026-03-17 02:45:00,1106772.6262626806
2026-03-17 03:00:00,1106772.6262626806
2026-03-17 03:15:00,1106772.6262626806
2026-03-17 03:30:00,1106772.6262626806
2026-03-17 03:45:00,1106772.6262626806
2026-03-17 04:00:00,1106772.6262626806
2026-03-17 04:15:00,1106772.6262626806
2026-03-17 04:30:00,1106772.6262626806
2026-03-17 04:45:00,1106772.6262626806
2026-03-17 05:00:00,1106772.6262626806
2026-03-17 05:15:00,1106772.6262626806
2026-03-17 05:30:00,1106772.6262626806
2026-03-17 05:45:00,1106772.6262626806
2026-03-17 06:00:00,1106772.6262626806
2026-03-17 06:15:00,1106772.6262626806
2026-03-17 06:30:00,1106772.6262626806
2026-03-17 06:45:00,1106772.6262626806
2026-03-17 07:00:00,1106772.6262626806
2026-03-17 07:15:00,1106772.6262626806
2026-03-17 07:30:00,1106772.6262626806
2026-03-17 07:45:00,1106772.6262626806
2026-03-17 08:00:00,1106772.6262626806
2026-03-17 08:15:00,1106772.6262626806
2026-03-17 08:30:00,1106772.6262626806
2026-03-17 08:45:00,1106772.6262626806
2026-03-17 09:00:00,1106772.6262626806
2026-03-17 09:15:00,1106772.6262626806
2026-03-17 09:30:00,1106772.6262626806
2026-03-17 09:45:00,1106772.6262626806
2026-03-17 10:00:00,1106772.6262626806
2026-03-17 10:15:00,1106772.6262626806
2026-03-17 10:30:00,1106772.6262626806
2026-03-17 10:45:00,1106772.6262626806
2026-03-17 11:00:00,1106772.6262626806
2026-03-17 11:15:00,1106772.6262626806
2026-03-17 11:30:00,1106772.6262626806
2026-03-17 11:45:00,1106772.6262626806
2026-03-17 12:00:00,1106772.6262626806
2026-03-17 12:15:00,1106772.6262626806
2026-03-17 12:30:00,1106772.6262626806
2026-03-17 12:45:00,1106772.6262626806
2026-03-17 13:00:00,1106772.6262626806
2026-03-17 13:15:00,1106772.6262626806
2026-03-17 13:30:00,1106772.6262626806
2026-03-17 13:45:00,1106772.6262626806
2026-03-17 14:00:00,1106772.6262626806
2026-03-17 14:15:00,1106772.6262626806
2026-03-17 14:30:00,1106772.6262626806
2026-03-17 14:45:00,1106772.6262626806
2026-03-17 15:00:00,1106772.6262626806
2026-03-17 15:15:00,1106772.6262626806
2026-03-17 15:30:00,1106772.6262626806
2026-03-17 15:45:00,1106772.6262626806
2026-03-17 16:00:00,1106772.6262626806
2026-03-17 16:15:00,1106772.6262626806
2026-03-17 16:30:00,1106772.6262626806
2026-03-17 16:45:00,1106772.6262626806
2026-03-17 17:00:00,1106772.6262626806
2026-03-17 17:15:00,1106772.6262626806
2026-03-17 17:30:00,1106772.6262626806
2026-03-17 17:45:00,1106772.6262626806
2026-03-17 18:00:00,1106772.6262626806
2026-03-17 18:15:00,1106772.6262626806
2026-03-17 18:30:00,1106772.6262626806
2026-03-17 18:45:00,1106772.6262626806
2026-03-17 19:00:00,1106772.6262626806
2026-03-17 19:15:00,1106772.6262626806
2026-03-17 19:30:00,1106772.6262626806
2026-03-17 19:45:00,1106772.6262626806
2026-03-17 20:00:00,1106772.6262626806
2026-03-17 20:15:00,1106772.6262626806
2026-03-17 20:30:00,1106772.6262626806
2026-03-17 20:45:00,1106772.6262626806
2026-03-17 21:00:00,1106772.6262626806
2026-03-17 21:15:00,1106772.6262626806
2026-03-17 21:30:00,1106772.6262626806
2026-03-17 21:45:00,1106772.6262626806
2026-03-17 22:00:00,1106772.6262626806
2026-03-17 22:15:00,1106772.6262626806
2026-03-17 22:30:00,1106772.6262626806
2026-03-17 22:45:00,1106772.6262626806
2026-03-17 23:00:00,1106772.6262626806
2026-03-17 23:15:00,1106772.6262626806
2026-03-17 23:30:00,1106772.6262626806
2026-03-17 23:45:00,1106772.6262626806
2026-03-18 00:00:00,1106772.6262626806
2026-03-18 00:15:00,1106772.6262626806
2026-03-18 00:30:00,1106772.6262626806
2026-03-18 00:45:00,1106772.6262626806
2026-03-18 01:00:00,1106772.6262626806
2026-03-18 01:15:00,1106772.6262626806
2026-03-18 01:30:00,1106772.6262626806
2026-03-18 01:45:00,1106772.6262626806
2026-03-18 02:00:00,1106772.6262626806
2026-03-18 02:15:00,1106772.6262626806
2026-03-18 02:30:00,1106772.6262626806
2026-03-18 02:45:00,1106772.6262626806
2026-03-18 03:00:00,1106772.6262626806
2026-03-18 03:15:00,1106772.6262626806
2026-03-18 03:30:00,1106772.6262626806
2026-03-18 03:45:00,1106772.6262626806
2026-03-18 04:00:00,1106772.6262626806
2026-03-18 04:15:00,1106772.6262626806
2026-03-18 04:30:00,1106772.6262626806
2026-03-18 04:45:00,1106772.6262626806
2026-03-18 05:00:00,1106772.6262626806
2026-03-18 05:15:00,1106772.6262626806
2026-03-18 05:30:00,1106772.6262626806
2026-03-18 05:45:00,1106772.6262626806
2026-03-18 06:00:00,1106772.6262626806
2026-03-18 06:15:00,1106772.6262626806
2026-03-18 06:30:00,1106772.6262626806
2026-03-18 06:45:00,1106772.6262626806
2026-03-18 07:00:00,1106772.6262626806
2026-03-18 07:15:00,1106772.6262626806
2026-03-18 07:30:00,1106772.6262626806
2026-03-18 07:45:00,1106772.6262626806
2026-03-18 08:00:00,1106772.6262626806
2026-03-18 08:15:00,1106772.6262626806
2026-03-18 08:30:00,1106772.6262626806
2026-03-18 08:45:00,1106772.6262626806
2026-03-18 09:00:00,1106772.6262626806
2026-03-18 09:15:00,1106772.6262626806
2026-03-18 09:30:00,1106772.6262626806
2026-03-18 09:45:00,1106772.6262626806
2026-03-18 10:00:00,1106772.6262626806
2026-03-18 10:15:00,1106772.6262626806
2026-03-18 10:30:00,1106772.6262626806
2026-03-18 10:45:00,1106772.6262626806
2026-03-18 11:00:00,1106772.6262626806
2026-03-18 11:15:00,1106772.6262626806
2026-03-18 11:30:00,1106772.6262626806
2026-03-18 11:45:00,1106772.6262626806
2026-03-18 12:00:00,1106772.6262626806
2026-03-18 12:15:00,1106772.6262626806
2026-03-18 12:30:00,1106772.6262626806
2026-03-18 12:45:00,1106772.6262626806
2026-03-18 13:00:00,1106772.6262626806
2026-03-18 13:15:00,1106772.6262626806
2026-03-18 13:30:00,1106772.6262626806
2026-03-18 13:45:00,1106772.6262626806
2026-03-18 14:00:00,1106772.6262626806
2026-03-18 14:15:00,1106772.6262626806
2026-03-18 14:30:00,1106772.6262626806
2026-03-18 14:45:00,1106772.6262626806
2026-03-18 15:00:00,1106772.6262626806
2026-03-18 15:15:00,1106772.6262626806
2026-03-18 15:30:00,1106772.6262626806
2026-03-18 15:45:00,1106772.6262626806
2026-03-18 16:00:00,1106772.6262626806
2026-03-18 16:15:00,1106772.6262626806
2026-03-18 16:30:00,1106772.6262626806
2026-03-18 16:45:00,1106772.6262626806
2026-03-18 17:00:00,1106772.6262626806
2026-03-18 17:15:00,1106772.6262626806
2026-03-18 17:30:00,1106772.6262626806
2026-03-18 17:45:00,1106772.6262626806
2026-03-18 18:00:00,1106772.6262626806
2026-03-18 18:15:00,1106772.6262626806
2026-03-18 18:30:00,1106772.6262626806
2026-03-18 18:45:00,1106772.6262626806
2026-03-18 19:00:00,1106772.6262626806
2026-03-18 19:15:00,1106772.6262626806
2026-03-18 19:30:00,1106772.6262626806
2026-03-18 19:45:00,1106772.6262626806
2026-03-18 20:00:00,1106772.6262626806
2026-03-18 20:15:00,1106772.6262626806
2026-03-18 20:30:00,1106772.6262626806
2026-03-18 20:45:00,1106772.6262626806
2026-03-18 21:00:00,1106772.6262626806
2026-03-18 21:15:00,1106772.6262626806
2026-03-18 21:30:00,1106772.6262626806
2026-03-18 21:45:00,1106772.6262626806
2026-03-18 22:00:00,1106772.6262626806
2026-03-18 22:15:00,1106772.6262626806
2026-03-18 22:30:00,1106772.6262626806
2026-03-18 22:45:00,1106772.6262626806
2026-03-18 23:00:00,1106772.6262626806
2026-03-18 23:15:00,1106772.6262626806
2026-03-18 23:30:00,1106772.6262626806
2026-03-18 23:45:00,1106772.6262626806
2026-03-19 00:00:00,1106772.6262626806
2026-03-19 00:15:00,1106772.6262626806
2026-03-19 00:30:00,1106772.6262626806
2026-03-19 00:45:00,1106772.6262626806
2026-03-19 01:00:00,1106772.6262626806
2026-03-19 01:15:00,1106772.6262626806
2026-03-19 01:30:00,1106772.6262626806
2026-03-19 01:45:00,1106772.6262626806
2026-03-19 02:00:00,1106772.6262626806
2026-03-19 02:15:00,1106772.6262626806
2026-03-19 02:30:00,1106772.6262626806
2026-03-19 02:45:00,1106772.6262626806
2026-03-19 03:00:00,1106772.6262626806
2026-03-19 03:15:00,1106772.6262626806
2026-03-19 03:30:00,1106772.6262626806
2026-03-19 03:45:00,1106772.6262626806
2026-03-19 04:00:00,1106772.6262626806
2026-03-19 04:15:00,1106772.6262626806
2026-03-19 04:30:00,1106772.6262626806
2026-03-19 04:45:00,1106772.6262626806
2026-03-19 05:00:00,1106772.6262626806
2026-03-19 05:15:00,1106772.6262626806
2026-03-19 05:30:00,1106772.6262626806
2026-03-19 05:45:00,1106772.6262626806
2026-03-19 06:00:00,1106772.6262626806
2026-03-19 06:15:00,1106772.6262626806
2026-03-19 06:30:00,1106772.6262626806
2026-03-19 06:45:00,1106772.6262626806
2026-03-19 07:00:00,1106772.6262626806
2026-03-19 07:15:00,1106772.6262626806
2026-03-19 07:30:00,1106772.6262626806
2026-03-19 07:45:00,1106772.6262626806
2026-03-19 08:00:00,1106772.6262626806
2026-03-19 08:15:00,1106772.6262626806
2026-03-19 08:30:00,1106772.6262626806
2026-03-19 08:45:00,1106772.6262626806
2026-03-19 09:00:00,1106772.6262626806
2026-03-19 09:15:00,1106772.6262626806
2026-03-19 09:30:00,1106772.6262626806
2026-03-19 09:45:00,1106772.6262626806
2026-03-19 10:00:00,1106772.6262626806
2026-03-19 10:15:00,1106772.6262626806
2026-03-19 10:30:00,1106772.6262626806
2026-03-19 10:45:00,1106772.6262626806
2026-03-19 11:00:00,1106772.6262626806
2026-03-19 11:15:00,1106772.6262626806
2026-03-19 11:30:00,1106772.6262626806
2026-03-19 11:45:00,1106772.6262626806
2026-03-19 12:00:00,1106772.6262626806
2026-03-19 12:15:00,1106772.6262626806
2026-03-19 12:30:00,1106772.6262626806
2026-03-19 12:45:00,1106772.6262626806
2026-03-19 13:00:00,1106772.6262626806
2026-03-19 13:15:00,1106772.6262626806
2026-03-19 13:30:00,1106772.6262626806
2026-03-19 13:45:00,1106772.6262626806
2026-03-19 14:00:00,1106772.6262626806
2026-03-19 14:15:00,1106772.6262626806
2026-03-19 14:30:00,1106772.6262626806
2026-03-19 14:45:00,1106772.6262626806
2026-03-19 15:00:00,1106772.6262626806
2026-03-19 15:15:00,1106772.6262626806
2026-03-19 15:30:00,1106772.6262626806
2026-03-19 15:45:00,1106772.6262626806
2026-03-19 16:00:00,1106772.6262626806
2026-03-19 16:15:00,1106772.6262626806
2026-03-19 16:30:00,1106772.6262626806
2026-03-19 16:45:00,1106772.6262626806
2026-03-19 17:00:00,1106772.6262626806
2026-03-19 17:15:00,1106772.6262626806
2026-03-19 17:30:00,1106772.6262626806
2026-03-19 17:45:00,1106772.6262626806
2026-03-19 18:00:00,1106772.6262626806
2026-03-19 18:15:00,1106772.6262626806
2026-03-19 18:30:00,1106772.6262626806
2026-03-19 18:45:00,1106772.6262626806
2026-03-19 19:00:00,1106772.6262626806
2026-03-19 19:15:00,1106772.6262626806
2026-03-19 19:30:00,1106772.6262626806
2026-03-19 19:45:00,1106772.6262626806
2026-03-19 20:00:00,1106772.6262626806
2026-03-19 20:15:00,1106772.6262626806
2026-03-19 20:30:00,1106772.6262626806
2026-03-19 20:45:00,1106772.6262626806
2026-03-19 21:00:00,1106772.6262626806
2026-03-19 21:15:00,1106772.6262626806
2026-03-19 21:30:00,1106772.6262626806
2026-03-19 21:45:00,1106772.6262626806
2026-03-19 22:00:00,1106772.6262626806
2026-03-19 22:15:00,1106772.6262626806
2026-03-19 22:30:00,1106772.6262626806
2026-03-19 22:45:00,1106772.6262626806
2026-03-19 23:00:00,1106772.6262626806
2026-03-19 23:15:00,1106772.6262626806
2026-03-19 23:30:00,1106772.6262626806
2026-03-19 23:45:00,1106772.6262626806
2026-03-20 00:00:00,1106772.6262626806
2026-03-20 00:15:00,1106772.6262626806
2026-03-20 00:30:00,1106772.6262626806
2026-03-20 00:45:00,1106772.6262626806
2026-03-20 01:00:00,1106772.6262626806
2026-03-20 01:15:00,1106772.6262626806
2026-03-20 01:30:00,1106772.6262626806
2026-03-20 01:45:00,1106772.6262626806
2026-03-20 02:00:00,1106772.6262626806
2026-03-20 02:15:00,1106772.6262626806
2026-03-20 02:30:00,1106772.6262626806
2026-03-20 02:45:00,1106772.6262626806
2026-03-20 03:00:00,1106772.6262626806
2026-03-20 03:15:00,1106772.6262626806
2026-03-20 03:30:00,1106772.6262626806
2026-03-20 03:45:00,1106772.6262626806
2026-03-20 04:00:00,1106772.6262626806
2026-03-20 04:15:00,1106772.6262626806
2026-03-20 04:30:00,1106772.6262626806
2026-03-20 04:45:00,1106772.6262626806
2026-03-20 05:00:00,1106772.6262626806
2026-03-20 05:15:00,1106772.6262626806
2026-03-20 05:30:00,1106772.6262626806
2026-03-20 05:45:00,1106772.6262626806
2026-03-20 06:00:00,1106772.6262626806
2026-03-20 06:15:00,1106772.6262626806
2026-03-20 06:30:00,1106772.6262626806
2026-03-20 06:45:00,1106772.6262626806
2026-03-20 07:00:00,1106772.6262626806
2026-03-20 07:15:00,1106772.6262626806
2026-03-20 07:30:00,1106772.6262626806
2026-03-20 07:45:00,1106772.6262626806
2026-03-20 08:00:00,1106772.6262626806
2026-03-20 08:15:00,1106772.6262626806
2026-03-20 08:30:00,1106772.6262626806
2026-03-20 08:45:00,1106772.6262626806
2026-03-20 09:00:00,1106772.6262626806
2026-03-20 09:15:00,1106772.6262626806
2026-03-20 09:30:00,1106772.6262626806
2026-03-20 09:45:00,1106772.6262626806
2026-03-20 10:00:00,1106772.6262626806
2026-03-20 10:15:00,1106772.6262626806
2026-03-20 10:30:00,1106772.6262626806
2026-03-20 10:45:00,1106772.6262626806
2026-03-20 11:00:00,1106772.6262626806
2026-03-20 11:15:00,1106772.6262626806
2026-03-20 11:30:00,1106772.6262626806
2026-03-20 11:45:00,1106772.6262626806
2026-03-20 12:00:00,1106772.6262626806
2026-03-20 12:15:00,1106772.6262626806
2026-03-20 12:30:00,1106772.6262626806
2026-03-20 12:45:00,1106772.6262626806
2026-03-20 13:00:00,1106772.6262626806
2026-03-20 13:15:00,1106772.6262626806
2026-03-20 13:30:00,1106772.6262626806
2026-03-20 13:45:00,1106772.6262626806
2026-03-20 14:00:00,1106772.6262626806
2026-03-20 14:15:00,1106772.6262626806
2026-03-20 14:30:00,1106772.6262626806
2026-03-20 14:45:00,1106772.6262626806
2026-03-20 15:00:00,1106772.6262626806
2026-03-20 15:15:00,1106772.6262626806
2026-03-20 15:30:00,1106772.6262626806
2026-03-20 15:45:00,1106772.6262626806
2026-03-20 16:00:00,1106772.6262626806
2026-03-20 16:15:00,1106772.6262626806
2026-03-20 16:30:00,1106772.6262626806
2026-03-20 16:45:00,1106772.6262626806
2026-03-20 17:00:00,1106772.6262626806
2026-03-20 17:15:00,1106772.6262626806
2026-03-20 17:30:00,1106772.6262626806
2026-03-20 17:45:00,1106772.6262626806
2026-03-20 18:00:00,1106772.6262626806
2026-03-20 18:15:00,1106772.6262626806
2026-03-20 18:30:00,1106772.6262626806
2026-03-20 18:45:00,1106772.6262626806
2026-03-20 19:00:00,1106772.6262626806
2026-03-20 19:15:00,1106772.6262626806
2026-03-20 19:30:00,1106772.6262626806
2026-03-20 19:45:00,1106772.6262626806
2026-03-20 20:00:00,1106772.6262626806
2026-03-20 20:15:00,1106772.6262626806
2026-03-20 20:30:00,1106772.6262626806
2026-03-20 20:45:00,1106772.6262626806
2026-03-20 21:00:00,1106772.6262626806
2026-03-20 21:15:00,1106772.6262626806
2026-03-20 21:30:00,1106772.6262626806
2026-03-20 21:45:00,1106772.6262626806
2026-03-20 22:00:00,1106772.6262626806
2026-03-20 22:15:00,1106772.6262626806
2026-03-20 22:30:00,1106772.6262626806
2026-03-20 22:45:00,1106772.6262626806
2026-03-20 23:00:00,1106772.6262626806
2026-03-20 23:15:00,1106772.6262626806
2026-03-20 23:30:00,1106772.6262626806
2026-03-20 23:45:00,1106772.6262626806
2026-03-23 00:00:00,1106772.6262626806
2026-03-23 00:15:00,1106772.6262626806
2026-03-23 00:30:00,1106772.6262626806
2026-03-23 00:45:00,1106772.6262626806
2026-03-23 01:00:00,1106772.6262626806
2026-03-23 01:15:00,1106772.6262626806
2026-03-23 01:30:00,1106772.6262626806
2026-03-23 01:45:00,1106772.6262626806
2026-03-23 02:00:00,1106772.6262626806
2026-03-23 02:15:00,1106772.6262626806
2026-03-23 02:30:00,1106772.6262626806
2026-03-23 02:45:00,1106772.6262626806
2026-03-23 03:00:00,1106772.6262626806
2026-03-23 03:15:00,1106772.6262626806
2026-03-23 03:30:00,1106772.6262626806
2026-03-23 03:45:00,1106772.6262626806
2026-03-23 04:00:00,1106772.6262626806
2026-03-23 04:15:00,1106772.6262626806
2026-03-23 04:30:00,1106772.6262626806
2026-03-23 04:45:00,1106772.6262626806
2026-03-23 05:00:00,1106772.6262626806
2026-03-23 05:15:00,1106772.6262626806
2026-03-23 05:30:00,1106772.6262626806
2026-03-23 05:45:00,1106772.6262626806
2026-03-23 06:00:00,1106772.6262626806
2026-03-23 06:15:00,1106772.6262626806
2026-03-23 06:30:00,1106772.6262626806
2026-03-23 06:45:00,1106772.6262626806
2026-03-23 07:00:00,1106772.6262626806
2026-03-23 07:15:00,1106772.6262626806
2026-03-23 07:30:00,1106772.6262626806
2026-03-23 07:45:00,1106772.6262626806
2026-03-23 08:00:00,1106772.6262626806
2026-03-23 08:15:00,1106772.6262626806
2026-03-23 08:30:00,1106772.6262626806
2026-03-23 08:45:00,1106772.6262626806
2026-03-23 09:00:00,1106772.6262626806
2026-03-23 09:15:00,1106772.6262626806
2026-03-23 09:30:00,1106772.6262626806
2026-03-23 09:45:00,1106772.6262626806
2026-03-23 10:00:00,1106772.6262626806
2026-03-23 10:15:00,1106772.6262626806
2026-03-23 10:30:00,1106772.6262626806
2026-03-23 10:45:00,1106772.6262626806
2026-03-23 11:00:00,1106772.6262626806
2026-03-23 11:15:00,1106772.6262626806
2026-03-23 11:30:00,1106772.6262626806
2026-03-23 11:45:00,1106772.6262626806
2026-03-23 12:00:00,1106772.6262626806
2026-03-23 12:15:00,1106772.6262626806
2026-03-23 12:30:00,1106772.6262626806
2026-03-23 12:45:00,1106772.6262626806
2026-03-23 13:00:00,1106772.6262626806
2026-03-23 13:15:00,1106772.6262626806
2026-03-23 13:30:00,1106772.6262626806
2026-03-23 13:45:00,1106772.6262626806
2026-03-23 14:00:00,1106772.6262626806
2026-03-23 14:15:00,1106772.6262626806
2026-03-23 14:30:00,1106772.6262626806
2026-03-23 14:45:00,1106772.6262626806
2026-03-23 15:00:00,1106772.6262626806
2026-03-23 15:15:00,1106772.6262626806
2026-03-23 15:30:00,1106772.6262626806
2026-03-23 15:45:00,1106772.6262626806
2026-03-23 16:00:00,1106772.6262626806
2026-03-23 16:15:00,1106772.6262626806
2026-03-23 16:30:00,1106772.6262626806
2026-03-23 16:45:00,1106772.6262626806
2026-03-23 17:00:00,1106772.6262626806
2026-03-23 17:15:00,1106772.6262626806
2026-03-23 17:30:00,1106772.6262626806
2026-03-23 17:45:00,1106772.6262626806
2026-03-23 18:00:00,1106772.6262626806
2026-03-23 18:15:00,1106772.6262626806
2026-03-23 18:30:00,1106772.6262626806
2026-03-23 18:45:00,1106772.6262626806
2026-03-23 19:00:00,1106772.6262626806
2026-03-23 19:15:00,1106772.6262626806
2026-03-23 19:30:00,1106772.6262626806
2026-03-23 19:45:00,1106772.6262626806
2026-03-23 20:00:00,1106772.6262626806
2026-03-23 20:15:00,1106772.6262626806
2026-03-23 20:30:00,1106772.6262626806
2026-03-23 20:45:00,1106772.6262626806
2026-03-23 21:00:00,1106772.6262626806
2026-03-23 21:15:00,1106772.6262626806
2026-03-23 21:30:00,1106772.6262626806
2026-03-23 21:45:00,1106772.6262626806
2026-03-23 22:00:00,1106772.6262626806
2026-03-23 22:15:00,1106772.6262626806
2026-03-23 22:30:00,1106772.6262626806
2026-03-23 22:45:00,1106772.6262626806
2026-03-23 23:00:00,1106772.6262626806
2026-03-23 23:15:00,1106772.6262626806
2026-03-23 23:30:00,1106772.6262626806
2026-03-23 23:45:00,1106772.6262626806
2026-03-24 00:00:00,1106772.6262626806
2026-03-24 00:15:00,1106772.6262626806
2026-03-24 00:30:00,1106772.6262626806
2026-03-24 00:45:00,1106772.6262626806
2026-03-24 01:00:00,1106772.6262626806
2026-03-24 01:15:00,1106772.6262626806
2026-03-24 01:30:00,1106772.6262626806
2026-03-24 01:45:00,1106772.6262626806
2026-03-24 02:00:00,1106772.6262626806
2026-03-24 02:15:00,1106772.6262626806
2026-03-24 02:30:00,1106772.6262626806
2026-03-24 02:45:00,1106772.6262626806
2026-03-24 03:00:00,1106772.6262626806
2026-03-24 03:15:00,1106772.6262626806
2026-03-24 03:30:00,1106772.6262626806
2026-03-24 03:45:00,1106772.6262626806
2026-03-24 04:00:00,1106772.6262626806
2026-03-24 04:15:00,1106772.6262626806
2026-03-24 04:30:00,1106772.6262626806
2026-03-24 04:45:00,1106772.6262626806
2026-03-24 05:00:00,1106772.6262626806
2026-03-24 05:15:00,1106772.6262626806
2026-03-24 05:30:00,1106772.6262626806
2026-03-24 05:45:00,1106772.6262626806
2026-03-24 06:00:00,1106772.6262626806
2026-03-24 06:15:00,1106772.6262626806
2026-03-24 06:30:00,1106772.6262626806
2026-03-24 06:45:00,1106772.6262626806
2026-03-24 07:00:00,1106772.6262626806
2026-03-24 07:15:00,1106772.6262626806
2026-03-24 07:30:00,1106772.6262626806
2026-03-24 07:45:00,1106772.6262626806
2026-03-24 08:00:00,1106772.6262626806
2026-03-24 08:15:00,1106772.6262626806
2026-03-24 08:30:00,1106772.6262626806
2026-03-24 08:45:00,1106772.6262626806
2026-03-24 09:00:00,1106772.6262626806
2026-03-24 09:15:00,1106772.6262626806
2026-03-24 09:30:00,1106772.6262626806
2026-03-24 09:45:00,1106772.6262626806
2026-03-24 10:00:00,1106772.6262626806
2026-03-24 10:15:00,1106772.6262626806
2026-03-24 10:30:00,1106772.6262626806
2026-03-24 10:45:00,1106772.6262626806
2026-03-24 11:00:00,1106772.6262626806
2026-03-24 11:15:00,1106772.6262626806
2026-03-24 11:30:00,1106772.6262626806
2026-03-24 11:45:00,1106772.6262626806
2026-03-24 12:00:00,1106772.6262626806
2026-03-24 12:15:00,1106772.6262626806
2026-03-24 12:30:00,1106772.6262626806
2026-03-24 12:45:00,1106772.6262626806
2026-03-24 13:00:00,1106772.6262626806
2026-03-24 13:15:00,1106772.6262626806
2026-03-24 13:30:00,1106772.6262626806
2026-03-24 13:45:00,1106772.6262626806
2026-03-24 14:00:00,1106772.6262626806
2026-03-24 14:15:00,1106772.6262626806
2026-03-24 14:30:00,1106772.6262626806
2026-03-24 14:45:00,1106772.6262626806
2026-03-24 15:00:00,1106772.6262626806
2026-03-24 15:15:00,1106772.6262626806
2026-03-24 15:30:00,1106772.6262626806
2026-03-24 15:45:00,1106772.6262626806
2026-03-24 16:00:00,1106772.6262626806
2026-03-24 16:15:00,1106772.6262626806
2026-03-24 16:30:00,1106772.6262626806
2026-03-24 16:45:00,1106772.6262626806
2026-03-24 17:00:00,1106772.6262626806
2026-03-24 17:15:00,1106772.6262626806
2026-03-24 17:30:00,1106772.6262626806
2026-03-24 17:45:00,1106772.6262626806
2026-03-24 18:00:00,1106772.6262626806
2026-03-24 18:15:00,1106772.6262626806
2026-03-24 18:30:00,1106772.6262626806
2026-03-24 18:45:00,1106772.6262626806
2026-03-24 19:00:00,1106772.6262626806
2026-03-24 19:15:00,1106772.6262626806
2026-03-24 19:30:00,1106772.6262626806
2026-03-24 19:45:00,1106772.6262626806
2026-03-24 20:00:00,1106772.6262626806
2026-03-24 20:15:00,1106772.6262626806
2026-03-24 20:30:00,1106772.6262626806
2026-03-24 20:45:00,1106772.6262626806
2026-03-24 21:00:00,1106772.6262626806
2026-03-24 21:15:00,1106772.6262626806
2026-03-24 21:30:00,1106772.6262626806
2026-03-24 21:45:00,1106772.6262626806
2026-03-24 22:00:00,1106772.6262626806
2026-03-24 22:15:00,1106772.6262626806
2026-03-24 22:30:00,1106772.6262626806
2026-03-24 22:45:00,1106772.6262626806
2026-03-24 23:00:00,1106772.6262626806
2026-03-24 23:15:00,1106772.6262626806
2026-03-24 23:30:00,1106772.6262626806
2026-03-24 23:45:00,1106772.6262626806
2026-03-25 00:00:00,1106772.6262626806
2026-03-25 00:15:00,1106772.6262626806
2026-03-25 00:30:00,1106772.6262626806
2026-03-25 00:45:00,1106772.6262626806
2026-03-25 01:00:00,1106772.6262626806
2026-03-25 01:15:00,1106772.6262626806
2026-03-25 01:30:00,1106772.6262626806
2026-03-25 01:45:00,1106772.6262626806
2026-03-25 02:00:00,1106772.6262626806
2026-03-25 02:15:00,1106772.6262626806
2026-03-25 02:30:00,1106772.6262626806
2026-03-25 02:45:00,1106772.6262626806
2026-03-25 03:00:00,1106772.6262626806
2026-03-25 03:15:00,1106772.6262626806
2026-03-25 03:30:00,1106772.6262626806
2026-03-25 03:45:00,1106772.6262626806
2026-03-25 04:00:00,1106772.6262626806
2026-03-25 04:15:00,1106772.6262626806
2026-03-25 04:30:00,1106772.6262626806
2026-03-25 04:45:00,1106772.6262626806
2026-03-25 05:00:00,1106772.6262626806
2026-03-25 05:15:00,1106772.6262626806
2026-03-25 05:30:00,1106772.6262626806
2026-03-25 05:45:00,1106772.6262626806
2026-03-25 06:00:00,1106772.6262626806
2026-03-25 06:15:00,1106772.6262626806
2026-03-25 06:30:00,1106772.6262626806
2026-03-25 06:45:00,1106772.6262626806
2026-03-25 07:00:00,1106772.6262626806
2026-03-25 07:15:00,1106772.6262626806
2026-03-25 07:30:00,1106772.6262626806
2026-03-25 07:45:00,1106772.6262626806
2026-03-25 08:00:00,1106772.6262626806
2026-03-25 08:15:00,1106772.6262626806
2026-03-25 08:30:00,1106772.6262626806
2026-03-25 08:45:00,1106772.6262626806
2026-03-25 09:00:00,1106772.6262626806
2026-03-25 09:15:00,1106772.6262626806
2026-03-25 09:30:00,1106772.6262626806
2026-03-25 09:45:00,1106772.6262626806
2026-03-25 10:00:00,1106772.6262626806
2026-03-25 10:15:00,1106772.6262626806
2026-03-25 10:30:00,1106772.6262626806
2026-03-25 10:45:00,1106772.6262626806
2026-03-25 11:00:00,1106772.6262626806
2026-03-25 11:15:00,1106772.6262626806
2026-03-25 11:30:00,1106772.6262626806
2026-03-25 11:45:00,1106772.6262626806
2026-03-25 12:00:00,1106772.6262626806
2026-03-25 12:15:00,1106772.6262626806
2026-03-25 12:30:00,1106772.6262626806
2026-03-25 12:45:00,1106772.6262626806
2026-03-25 13:00:00,1106772.6262626806
2026-03-25 13:15:00,1106772.6262626806
2026-03-25 13:30:00,1106772.6262626806
2026-03-25 13:45:00,1106772.6262626806
2026-03-25 14:00:00,1106772.6262626806
2026-03-25 14:15:00,1106772.6262626806
2026-03-25 14:30:00,1106772.6262626806
2026-03-25 14:45:00,1106772.6262626806
2026-03-25 15:00:00,1106772.6262626806
2026-03-25 15:15:00,1106772.6262626806
2026-03-25 15:30:00,1106772.6262626806
2026-03-25 15:45:00,1106772.6262626806
2026-03-25 16:00:00,1106772.6262626806
2026-03-25 16:15:00,1106772.6262626806
2026-03-25 16:30:00,1106772.6262626806
2026-03-25 16:45:00,1106772.6262626806
2026-03-25 17:00:00,1106772.6262626806
2026-03-25 17:15:00,1106772.6262626806
2026-03-25 17:30:00,1106772.6262626806
2026-03-25 17:45:00,1106772.6262626806
2026-03-25 18:00:00,1106772.6262626806
2026-03-25 18:15:00,1106772.6262626806
2026-03-25 18:30:00,1106772.6262626806
2026-03-25 18:45:00,1106772.6262626806
2026-03-25 19:00:00,1106772.6262626806
2026-03-25 19:15:00,1106772.6262626806
2026-03-25 19:30:00,1106772.6262626806
2026-03-25 19:45:00,1106772.6262626806
2026-03-25 20:00:00,1106772.6262626806
2026-03-25 20:15:00,1106772.6262626806
2026-03-25 20:30:00,1106772.6262626806
2026-03-25 20:45:00,1106772.6262626806
2026-03-25 21:00:00,1106772.6262626806
2026-03-25 21:15:00,1106772.6262626806
2026-03-25 21:30:00,1106772.6262626806
2026-03-25 21:45:00,1106772.6262626806
2026-03-25 22:00:00,1106772.6262626806
2026-03-25 22:15:00,1106772.6262626806
2026-03-25 22:30:00,1106772.6262626806
2026-03-25 22:45:00,1106772.6262626806
2026-03-25 23:00:00,1106772.6262626806
2026-03-25 23:15:00,1106772.6262626806
2026-03-25 23:30:00,1106772.6262626806
2026-03-25 23:45:00,1106772.6262626806
2026-03-26 00:00:00,1106772.6262626806
2026-03-26 00:15:00,1106772.6262626806
2026-03-26 00:30:00,1106772.6262626806
2026-03-26 00:45:00,1106772.6262626806
2026-03-26 01:00:00,1106772.6262626806
2026-03-26 01:15:00,1106772.6262626806
2026-03-26 01:30:00,1106772.6262626806
2026-03-26 01:45:00,1106772.6262626806
2026-03-26 02:00:00,1106772.6262626806
2026-03-26 02:15:00,1106772.6262626806
2026-03-26 02:30:00,1106772.6262626806
2026-03-26 02:45:00,1106772.6262626806
2026-03-26 03:00:00,1106772.6262626806
2026-03-26 03:15:00,1106772.6262626806
2026-03-26 03:30:00,1106772.6262626806
2026-03-26 03:45:00,1106772.6262626806
2026-03-26 04:00:00,1106772.6262626806
2026-03-26 04:15:00,1106772.6262626806
2026-03-26 04:30:00,1106772.6262626806
2026-03-26 04:45:00,1106772.6262626806
2026-03-26 05:00:00,1106772.6262626806
2026-03-26 05:15:00,1106772.6262626806
2026-03-26 05:30:00,1106772.6262626806
2026-03-26 05:45:00,1106772.6262626806
2026-03-26 06:00:00,1106772.6262626806
2026-03-26 06:15:00,1106772.6262626806
2026-03-26 06:30:00,1106772.6262626806
2026-03-26 06:45:00,1106772.6262626806
2026-03-26 07:00:00,1106772.6262626806
2026-03-26 07:15:00,1106772.6262626806
2026-03-26 07:30:00,1106772.6262626806
2026-03-26 07:45:00,1106772.6262626806
2026-03-26 08:00:00,1106772.6262626806
2026-03-26 08:15:00,1106772.6262626806
2026-03-26 08:30:00,1106772.6262626806
2026-03-26 08:45:00,1106772.6262626806
2026-03-26 09:00:00,1106772.6262626806
2026-03-26 09:15:00,1106772.6262626806
2026-03-26 09:30:00,1106772.6262626806
2026-03-26 09:45:00,1106772.6262626806
2026-03-26 10:00:00,1106772.6262626806
2026-03-26 10:15:00,1106772.6262626806
2026-03-26 10:30:00,1106772.6262626806
2026-03-26 10:45:00,1106772.6262626806
2026-03-26 11:00:00,1106772.6262626806
2026-03-26 11:15:00,1106772.6262626806
2026-03-26 11:30:00,1106772.6262626806
2026-03-26 11:45:00,1106772.6262626806
2026-03-26 12:00:00,1106772.6262626806
2026-03-26 12:15:00,1106772.6262626806
2026-03-26 12:30:00,1106772.6262626806
2026-03-26 12:45:00,1106772.6262626806
2026-03-26 13:00:00,1106772.6262626806
2026-03-26 13:15:00,1106772.6262626806
2026-03-26 13:30:00,1106772.6262626806
2026-03-26 13:45:00,1106772.6262626806
2026-03-26 14:00:00,1106772.6262626806
2026-03-26 14:15:00,1106772.6262626806
2026-03-26 14:30:00,1106772.6262626806
2026-03-26 14:45:00,1106772.6262626806
2026-03-26 15:00:00,1106772.6262626806
2026-03-26 15:15:00,1106772.6262626806
2026-03-26 15:30:00,1106772.6262626806
2026-03-26 15:45:00,1106772.6262626806
2026-03-26 16:00:00,1106772.6262626806
2026-03-26 16:15:00,1106772.6262626806
2026-03-26 16:30:00,1106772.6262626806
2026-03-26 16:45:00,1106772.6262626806
2026-03-26 17:00:00,1106772.6262626806
2026-03-26 17:15:00,1106772.6262626806
2026-03-26 17:30:00,1106772.6262626806
2026-03-26 17:45:00,1106772.6262626806
2026-03-26 18:00:00,1106772.6262626806
2026-03-26 18:15:00,1106772.6262626806
2026-03-26 18:30:00,1106772.6262626806
2026-03-26 18:45:00,1106772.6262626806
2026-03-26 19:00:00,1106772.6262626806
2026-03-26 19:15:00,1106772.6262626806
2026-03-26 19:30:00,1106772.6262626806
2026-03-26 19:45:00,1106772.6262626806
2026-03-26 20:00:00,1106772.6262626806
2026-03-26 20:15:00,1106772.6262626806
2026-03-26 20:30:00,1106772.6262626806
2026-03-26 20:45:00,1106772.6262626806
2026-03-26 21:00:00,1106772.6262626806
2026-03-26 21:15:00,1106772.6262626806
2026-03-26 21:30:00,1106772.6262626806
2026-03-26 21:45:00,1106772.6262626806
2026-03-26 22:00:00,1106772.6262626806
2026-03-26 22:15:00,1106772.6262626806
2026-03-26 22:30:00,1106772.6262626806
2026-03-26 22:45:00,1106772.6262626806
2026-03-26 23:00:00,1106772.6262626806
2026-03-26 23:15:00,1106772.6262626806
2026-03-26 23:30:00,1106772.6262626806
2026-03-26 23:45:00,1106772.6262626806
2026-03-27 00:00:00,1106772.6262626806
2026-03-27 00:15:00,1106772.6262626806
2026-03-27 00:30:00,1106772.6262626806
2026-03-27 00:45:00,1106772.6262626806
2026-03-27 01:00:00,1106772.6262626806
2026-03-27 01:15:00,1106772.6262626806
2026-03-27 01:30:00,1106772.6262626806
2026-03-27 01:45:00,1106772.6262626806
2026-03-27 02:00:00,1106772.6262626806
2026-03-27 02:15:00,1106772.6262626806
2026-03-27 02:30:00,1106772.6262626806
2026-03-27 02:45:00,1106772.6262626806
2026-03-27 03:00:00,1106772.6262626806
2026-03-27 03:15:00,1106772.6262626806
2026-03-27 03:30:00,1106772.6262626806
2026-03-27 03:45:00,1106772.6262626806
2026-03-27 04:00:00,1106772.6262626806
2026-03-27 04:15:00,1106772.6262626806
2026-03-27 04:30:00,1106772.6262626806
2026-03-27 04:45:00,1106772.6262626806
2026-03-27 05:00:00,1106772.6262626806
2026-03-27 05:15:00,1106772.6262626806
2026-03-27 05:30:00,1106772.6262626806
2026-03-27 05:45:00,1106772.6262626806
2026-03-27 06:00:00,1106772.6262626806
2026-03-27 06:15:00,1106772.6262626806
2026-03-27 06:30:00,1106772.6262626806
2026-03-27 06:45:00,1106772.6262626806
2026-03-27 07:00:00,1106772.6262626806
2026-03-27 07:15:00,1106772.6262626806
2026-03-27 07:30:00,1106772.6262626806
2026-03-27 07:45:00,1106772.6262626806
2026-03-27 08:00:00,1106772.6262626806
2026-03-27 08:15:00,1106772.6262626806
2026-03-27 08:30:00,1106772.6262626806
2026-03-27 08:45:00,1106772.6262626806
2026-03-27 09:00:00,1106772.6262626806
2026-03-27 09:15:00,1106772.6262626806
2026-03-27 09:30:00,1106772.6262626806
2026-03-27 09:45:00,1106772.6262626806
2026-03-27 10:00:00,1106772.6262626806
2026-03-27 10:15:00,1106772.6262626806
2026-03-27 10:30:00,1106772.6262626806
2026-03-27 10:45:00,1106772.6262626806
2026-03-27 11:00:00,1106772.6262626806
2026-03-27 11:15:00,1106772.6262626806
2026-03-27 11:30:00,1106772.6262626806
2026-03-27 11:45:00,1106772.6262626806
2026-03-27 12:00:00,1106772.6262626806
2026-03-27 12:15:00,1106772.6262626806
2026-03-27 12:30:00,1106772.6262626806
2026-03-27 12:45:00,1106772.6262626806
2026-03-27 13:00:00,1106772.6262626806
2026-03-27 13:15:00,1106772.6262626806
2026-03-27 13:30:00,1106772.6262626806
2026-03-27 13:45:00,1106772.6262626806
2026-03-27 14:00:00,1106772.6262626806
2026-03-27 14:15:00,1106772.6262626806
2026-03-27 14:30:00,1106772.6262626806
2026-03-27 14:45:00,1106772.6262626806
2026-03-27 15:00:00,1106772.6262626806
2026-03-27 15:15:00,1106772.6262626806
2026-03-27 15:30:00,1106772.6262626806
2026-03-27 15:45:00,1106772.6262626806
2026-03-27 16:00:00,1106772.6262626806
2026-03-27 16:15:00,1106772.6262626806
2026-03-27 16:30:00,1106772.6262626806
2026-03-27 16:45:00,1106772.6262626806
2026-03-27 17:00:00,1106772.6262626806
2026-03-27 17:15:00,1106772.6262626806
2026-03-27 17:30:00,1106772.6262626806
2026-03-27 17:45:00,1106772.6262626806
2026-03-27 18:00:00,1106772.6262626806
2026-03-27 18:15:00,1106772.6262626806
2026-03-27 18:30:00,1106772.6262626806
2026-03-27 18:45:00,1106772.6262626806
2026-03-27 19:00:00,1106772.6262626806
2026-03-27 19:15:00,1106772.6262626806
2026-03-27 19:30:00,1106772.6262626806
2026-03-27 19:45:00,1106772.6262626806
2026-03-27 20:00:00,1106772.6262626806
2026-03-27 20:15:00,1106772.6262626806
2026-03-27 20:30:00,1106772.6262626806
2026-03-27 20:45:00,1106772.6262626806
2026-03-27 21:00:00,1106772.6262626806
2026-03-27 21:15:00,1106772.6262626806
2026-03-27 21:30:00,1106772.6262626806
2026-03-27 21:45:00,1106772.6262626806
2026-03-27 22:00:00,1106772.6262626806
2026-03-27 22:15:00,1106772.6262626806
2026-03-27 22:30:00,1106772.6262626806
2026-03-27 22:45:00,1106772.6262626806
2026-03-27 23:00:00,1106772.6262626806
2026-03-27 23:15:00,1106772.6262626806
2026-03-27 23:30:00,1106772.6262626806
2026-03-27 23:45:00,1106772.6262626806
2026-03-30 00:00:00,1106772.6262626806
2026-03-30 00:15:00,1106772.6262626806
2026-03-30 00:30:00,1106772.6262626806
2026-03-30 00:45:00,1106772.6262626806
2026-03-30 01:00:00,1106772.6262626806
2026-03-30 01:15:00,1106772.6262626806
2026-03-30 01:30:00,1106772.6262626806
2026-03-30 01:45:00,1106772.6262626806
2026-03-30 02:00:00,1106772.6262626806
2026-03-30 02:15:00,1106772.6262626806
2026-03-30 02:30:00,1106772.6262626806
2026-03-30 02:45:00,1106772.6262626806
2026-03-30 03:00:00,1106772.6262626806
2026-03-30 03:15:00,1106772.6262626806
2026-03-30 03:30:00,1106772.6262626806
2026-03-30 03:45:00,1106772.6262626806
2026-03-30 04:00:00,1106772.6262626806
2026-03-30 04:15:00,1106772.6262626806
2026-03-30 04:30:00,1106772.6262626806
2026-03-30 04:45:00,1106772.6262626806
2026-03-30 05:00:00,1106772.6262626806
2026-03-30 05:15:00,1106772.6262626806
2026-03-30 05:30:00,1106772.6262626806
2026-03-30 05:45:00,1106772.6262626806
2026-03-30 06:00:00,1106772.6262626806
2026-03-30 06:15:00,1106772.6262626806
2026-03-30 06:30:00,1106772.6262626806
2026-03-30 06:45:00,1106772.6262626806
2026-03-30 07:00:00,1106772.6262626806
2026-03-30 07:15:00,1106772.6262626806
2026-03-30 07:30:00,1106772.6262626806
2026-03-30 07:45:00,1106772.6262626806
2026-03-30 08:00:00,1106772.6262626806
2026-03-30 08:15:00,1106772.6262626806
2026-03-30 08:30:00,1106772.6262626806
2026-03-30 08:45:00,1106772.6262626806
2026-03-30 09:00:00,1106772.6262626806
2026-03-30 09:15:00,1106772.6262626806
2026-03-30 09:30:00,1106772.6262626806
2026-03-30 09:45:00,1106772.6262626806
2026-03-30 10:00:00,1106772.6262626806
2026-03-30 10:15:00,1106772.6262626806
2026-03-30 10:30:00,1106772.6262626806
2026-03-30 10:45:00,1106772.6262626806
2026-03-30 11:00:00,1106772.6262626806
2026-03-30 11:15:00,1106772.6262626806
2026-03-30 11:30:00,1106772.6262626806
2026-03-30 11:45:00,1106772.6262626806
2026-03-30 12:00:00,1106772.6262626806
2026-03-30 12:15:00,1106772.6262626806
2026-03-30 12:30:00,1106772.6262626806
2026-03-30 12:45:00,1106772.6262626806
2026-03-30 13:00:00,1106772.6262626806
2026-03-30 13:15:00,1106772.6262626806
2026-03-30 13:30:00,1106772.6262626806
2026-03-30 13:45:00,1106772.6262626806
2026-03-30 14:00:00,1106772.6262626806
2026-03-30 14:15:00,1106772.6262626806
2026-03-30 14:30:00,1106772.6262626806
2026-03-30 14:45:00,1106772.6262626806
2026-03-30 15:00:00,1106772.6262626806
2026-03-30 15:15:00,1106772.6262626806
2026-03-30 15:30:00,1106772.6262626806
2026-03-30 15:45:00,1106772.6262626806
2026-03-30 16:00:00,1106772.6262626806
2026-03-30 16:15:00,1106772.6262626806
2026-03-30 16:30:00,1106772.6262626806
2026-03-30 16:45:00,1106772.6262626806
2026-03-30 17:00:00,1106772.6262626806
2026-03-30 17:15:00,1106772.6262626806
2026-03-30 17:30:00,1106772.6262626806
2026-03-30 17:45:00,1106772.6262626806
2026-03-30 18:00:00,1106772.6262626806
2026-03-30 18:15:00,1106772.6262626806
2026-03-30 18:30:00,1106772.6262626806
2026-03-30 18:45:00,1106772.6262626806
2026-03-30 19:00:00,1106772.6262626806
2026-03-30 19:15:00,1106772.6262626806
2026-03-30 19:30:00,1106772.6262626806
2026-03-30 19:45:00,1106772.6262626806
2026-03-30 20:00:00,1106772.6262626806
2026-03-30 20:15:00,1106772.6262626806
2026-03-30 20:30:00,1106772.6262626806
2026-03-30 20:45:00,1106772.6262626806
2026-03-30 21:00:00,1106772.6262626806
2026-03-30 21:15:00,1106772.6262626806
2026-03-30 21:30:00,1106772.6262626806
2026-03-30 21:45:00,1106772.6262626806
2026-03-30 22:00:00,1106772.6262626806
2026-03-30 22:15:00,1106772.6262626806
2026-03-30 22:30:00,1106772.6262626806
2026-03-30 22:45:00,1106772.6262626806
2026-03-30 23:00:00,1106772.6262626806
2026-03-30 23:15:00,1106772.6262626806
2026-03-30 23:30:00,1106772.6262626806
2026-03-30 23:45:00,1106772.6262626806
2026-03-31 00:00:00,1106772.6262626806
2026-03-31 00:15:00,1106772.6262626806
2026-03-31 00:30:00,1106772.6262626806
2026-03-31 00:45:00,1106772.6262626806
2026-03-31 01:00:00,1106772.6262626806
2026-03-31 01:15:00,1106772.6262626806
2026-03-31 01:30:00,1106772.6262626806
2026-03-31 01:45:00,1106772.6262626806
2026-03-31 02:00:00,1106772.6262626806
2026-03-31 02:15:00,1106772.6262626806
2026-03-31 02:30:00,1106772.6262626806
2026-03-31 02:45:00,1106772.6262626806
2026-03-31 03:00:00,1106772.6262626806
2026-03-31 03:15:00,1106772.6262626806
2026-03-31 03:30:00,1106772.6262626806
2026-03-31 03:45:00,1106772.6262626806
2026-03-31 04:00:00,1106772.6262626806
2026-03-31 04:15:00,1106772.6262626806
2026-03-31 04:30:00,1106772.6262626806
2026-03-31 04:45:00,1106772.6262626806
2026-03-31 05:00:00,1106772.6262626806
2026-03-31 05:15:00,1106772.6262626806
2026-03-31 05:30:00,1106772.6262626806
2026-03-31 05:45:00,1106772.6262626806
2026-03-31 06:00:00,1106772.6262626806
2026-03-31 06:15:00,1106772.6262626806
2026-03-31 06:30:00,1106772.6262626806
2026-03-31 06:45:00,1106772.6262626806
2026-03-31 07:00:00,1106772.6262626806
2026-03-31 07:15:00,1106772.6262626806
2026-03-31 07:30:00,1106772.6262626806
2026-03-31 07:45:00,1106772.6262626806
2026-03-31 08:00:00,1106772.6262626806
2026-03-31 08:15:00,1106772.6262626806
2026-03-31 08:30:00,1106772.6262626806
2026-03-31 08:45:00,1106772.6262626806
2026-03-31 09:00:00,1106772.6262626806
2026-03-31 09:15:00,1106772.6262626806
2026-03-31 09:30:00,1106772.6262626806
2026-03-31 09:45:00,1106772.6262626806
2026-03-31 10:00:00,1106772.6262626806
2026-03-31 10:15:00,1106772.6262626806
2026-03-31 10:30:00,1106772.6262626806
2026-03-31 10:45:00,1106772.6262626806
2026-03-31 11:00:00,1106772.6262626806
2026-03-31 11:15:00,1106772.6262626806
2026-03-31 11:30:00,1106772.6262626806
2026-03-31 11:45:00,1106772.6262626806
2026-03-31 12:00:00,1106772.6262626806
2026-03-31 12:15:00,1106772.6262626806
2026-03-31 12:30:00,1106772.6262626806
2026-03-31 12:45:00,1106772.6262626806
2026-03-31 13:00:00,1106772.6262626806
2026-03-31 13:15:00,1106772.6262626806
2026-03-31 13:30:00,1106772.6262626806
2026-03-31 13:45:00,1106772.6262626806
2026-03-31 14:00:00,1106772.6262626806
2026-03-31 14:15:00,1106772.6262626806
2026-03-31 14:30:00,1106772.6262626806
2026-03-31 14:45:00,1106772.6262626806
2026-03-31 15:00:00,1106772.6262626806
2026-03-31 15:15:00,1106772.6262626806
2026-03-31 15:30:00,1106772.6262626806
2026-03-31 15:45:00,1106772.6262626806
2026-03-31 16:00:00,1106772.6262626806
2026-03-31 16:15:00,1106772.6262626806
2026-03-31 16:30:00,1106772.6262626806
2026-03-31 16:45:00,1106772.6262626806
2026-03-31 17:00:00,1106772.6262626806
2026-03-31 17:15:00,1106772.6262626806
2026-03-31 17:30:00,1106772.6262626806
2026-03-31 17:45:00,1106772.6262626806
2026-03-31 18:00:00,1106772.6262626806
2026-03-31 18:15:00,1106772.6262626806
2026-03-31 18:30:00,1106772.6262626806
2026-03-31 18:45:00,1106772.6262626806
2026-03-31 19:00:00,1106772.6262626806
2026-03-31 19:15:00,1106772.6262626806
2026-03-31 19:30:00,1106772.6262626806
2026-03-31 19:45:00,1106772.6262626806
2026-03-31 20:00:00,1106772.6262626806
2026-03-31 20:15:00,1106772.6262626806
2026-03-31 20:30:00,1106772.6262626806
2026-03-31 20:45:00,1106772.6262626806
2026-03-31 21:00:00,1106772.6262626806
2026-03-31 21:15:00,1106772.6262626806
2026-03-31 21:30:00,1106772.6262626806
2026-03-31 21:45:00,1106772.6262626806
2026-03-31 22:00:00,1106772.6262626806
2026-03-31 22:15:00,1106772.6262626806
2026-03-31 22:30:00,1106772.6262626806
2026-03-31 22:45:00,1106772.6262626806
2026-03-31 23:00:00,1106772.6262626806
2026-03-31 23:15:00,1106772.6262626806
2026-03-31 23:30:00,1106772.6262626806
2026-03-31 23:45:00,1106772.6262626806
2026-04-01 00:00:00,1106772.6262626806
2026-04-01 00:15:00,1106772.6262626806
2026-04-01 00:30:00,1106772.6262626806
2026-04-01 00:45:00,1106772.6262626806
2026-04-01 01:00:00,1106772.6262626806
2026-04-01 01:15:00,1106772.6262626806
2026-04-01 01:30:00,1106772.6262626806
2026-04-01 01:45:00,1106772.6262626806
2026-04-01 02:00:00,1106772.6262626806
2026-04-01 02:15:00,1106772.6262626806
2026-04-01 02:30:00,1106772.6262626806
2026-04-01 02:45:00,1106772.6262626806
2026-04-01 03:00:00,1106772.6262626806
2026-04-01 03:15:00,1106772.6262626806
2026-04-01 03:30:00,1106772.6262626806
2026-04-01 03:45:00,1106772.6262626806
2026-04-01 04:00:00,1106772.6262626806
2026-04-01 04:15:00,1106772.6262626806
2026-04-01 04:30:00,1106772.6262626806
2026-04-01 04:45:00,1106772.6262626806
2026-04-01 05:00:00,1106772.6262626806
2026-04-01 05:15:00,1106772.6262626806
2026-04-01 05:30:00,1106772.6262626806
2026-04-01 05:45:00,1106772.6262626806
2026-04-01 06:00:00,1106772.6262626806
2026-04-01 06:15:00,1106772.6262626806
2026-04-01 06:30:00,1106772.6262626806
2026-04-01 06:45:00,1106772.6262626806
2026-04-01 07:00:00,1106772.6262626806
2026-04-01 07:15:00,1106772.6262626806
2026-04-01 07:30:00,1106772.6262626806
2026-04-01 07:45:00,1106772.6262626806
2026-04-01 08:00:00,1106772.6262626806
2026-04-01 08:15:00,1106772.6262626806
2026-04-01 08:30:00,1106772.6262626806
2026-04-01 08:45:00,1106772.6262626806
2026-04-01 09:00:00,1106772.6262626806
2026-04-01 09:15:00,1106772.6262626806
2026-04-01 09:30:00,1106772.6262626806
2026-04-01 09:45:00,1106772.6262626806
2026-04-01 10:00:00,1106772.6262626806
2026-04-01 10:15:00,1106772.6262626806
2026-04-01 10:30:00,1106772.6262626806
2026-04-01 10:45:00,1106772.6262626806
2026-04-01 11:00:00,1106772.6262626806
2026-04-01 11:15:00,1106772.6262626806
2026-04-01 11:30:00,1106772.6262626806
2026-04-01 11:45:00,1106772.6262626806
2026-04-01 12:00:00,1106772.6262626806
2026-04-01 12:15:00,1106772.6262626806
2026-04-01 12:30:00,1106772.6262626806
2026-04-01 12:45:00,1106772.6262626806
2026-04-01 13:00:00,1106772.6262626806
2026-04-01 13:15:00,1106772.6262626806
2026-04-01 13:30:00,1106772.6262626806
2026-04-01 13:45:00,1106772.6262626806
2026-04-01 14:00:00,1106772.6262626806
2026-04-01 14:15:00,1106772.6262626806
2026-04-01 14:30:00,1106772.6262626806
2026-04-01 14:45:00,1106772.6262626806
2026-04-01 15:00:00,1106772.6262626806
2026-04-01 15:15:00,1106772.6262626806
2026-04-01 15:30:00,1106772.6262626806
2026-04-01 15:45:00,1106772.6262626806
2026-04-01 16:00:00,1106772.6262626806
2026-04-01 16:15:00,1106772.6262626806
2026-04-01 16:30:00,1106772.6262626806
2026-04-01 16:45:00,1106772.6262626806
2026-04-01 17:00:00,1106772.6262626806
2026-04-01 17:15:00,1106772.6262626806
2026-04-01 17:30:00,1106772.6262626806
2026-04-01 17:45:00,1106772.6262626806
2026-04-01 18:00:00,1106772.6262626806
2026-04-01 18:15:00,1106772.6262626806
2026-04-01 18:30:00,1106772.6262626806
2026-04-01 18:45:00,1106772.6262626806
2026-04-01 19:00:00,1106772.6262626806
2026-04-01 19:15:00,1106772.6262626806
2026-04-01 19:30:00,1106772.6262626806
2026-04-01 19:45:00,1106772.6262626806
2026-04-01 20:00:00,1106772.6262626806
2026-04-01 20:15:00,1106772.6262626806
2026-04-01 20:30:00,1106772.6262626806
2026-04-01 20:45:00,1106772.6262626806
2026-04-01 21:00:00,1106772.6262626806
2026-04-01 21:15:00,1106772.6262626806
2026-04-01 21:30:00,1106772.6262626806
2026-04-01 21:45:00,1106772.6262626806
2026-04-01 22:00:00,1106772.6262626806
2026-04-01 22:15:00,1106772.6262626806
2026-04-01 22:30:00,1106772.6262626806
2026-04-01 22:45:00,1106772.6262626806
2026-04-01 23:00:00,1106772.6262626806
2026-04-01 23:15:00,1106772.6262626806
2026-04-01 23:30:00,1106772.6262626806
2026-04-01 23:45:00,1106772.6262626806
2026-04-02 00:00:00,1106772.6262626806
2026-04-02 00:15:00,1106772.6262626806
2026-04-02 00:30:00,1106772.6262626806
2026-04-02 00:45:00,1106772.6262626806
2026-04-02 01:00:00,1106772.6262626806
2026-04-02 01:15:00,1106772.6262626806
2026-04-02 01:30:00,1106772.6262626806
2026-04-02 01:45:00,1106772.6262626806
2026-04-02 02:00:00,1106772.6262626806
2026-04-02 02:15:00,1106772.6262626806
2026-04-02 02:30:00,1106772.6262626806
2026-04-02 02:45:00,1106772.6262626806
2026-04-02 03:00:00,1106772.6262626806
2026-04-02 03:15:00,1106772.6262626806
2026-04-02 03:30:00,1106772.6262626806
2026-04-02 03:45:00,1106772.6262626806
2026-04-02 04:00:00,1106772.6262626806
2026-04-02 04:15:00,1106772.6262626806
2026-04-02 04:30:00,1106772.6262626806
2026-04-02 04:45:00,1106772.6262626806
2026-04-02 05:00:00,1106772.6262626806
2026-04-02 05:15:00,1106772.6262626806
2026-04-02 05:30:00,1106772.6262626806
2026-04-02 05:45:00,1106772.6262626806
2026-04-02 06:00:00,1106772.6262626806
2026-04-02 06:15:00,1106772.6262626806
2026-04-02 06:30:00,1106772.6262626806
2026-04-02 06:45:00,1106772.6262626806
2026-04-02 07:00:00,1106772.6262626806
2026-04-02 07:15:00,1106772.6262626806
2026-04-02 07:30:00,1106772.6262626806
2026-04-02 07:45:00,1106772.6262626806
2026-04-02 08:00:00,1106772.6262626806
2026-04-02 08:15:00,1106772.6262626806
2026-04-02 08:30:00,1106772.6262626806
2026-04-02 08:45:00,1106772.6262626806
2026-04-02 09:00:00,1106772.6262626806
2026-04-02 09:15:00,1106772.6262626806
2026-04-02 09:30:00,1106772.6262626806
2026-04-02 09:45:00,1106772.6262626806
2026-04-02 10:00:00,1106772.6262626806
2026-04-02 10:15:00,1106772.6262626806
2026-04-02 10:30:00,1106772.6262626806
2026-04-02 10:45:00,1106772.6262626806
2026-04-02 11:00:00,1106772.6262626806
2026-04-02 11:15:00,1106772.6262626806
2026-04-02 11:30:00,1106772.6262626806
2026-04-02 11:45:00,1106772.6262626806
2026-04-02 12:00:00,1106772.6262626806
2026-04-02 12:15:00,1106772.6262626806
2026-04-02 12:30:00,1106772.6262626806
2026-04-02 12:45:00,1106772.6262626806
2026-04-02 13:00:00,1106772.6262626806
2026-04-02 13:15:00,1106772.6262626806
2026-04-02 13:30:00,1106772.6262626806
2026-04-02 13:45:00,1106772.6262626806
2026-04-02 14:00:00,1106772.6262626806
2026-04-02 14:15:00,1106772.6262626806
2026-04-02 14:30:00,1106772.6262626806
2026-04-02 14:45:00,1106772.6262626806
2026-04-02 15:00:00,1106772.6262626806
2026-04-02 15:15:00,1106772.6262626806
2026-04-02 15:30:00,1106772.6262626806
2026-04-02 15:45:00,1106772.6262626806
2026-04-02 16:00:00,1106772.6262626806
2026-04-02 16:15:00,1106772.6262626806
2026-04-02 16:30:00,1106772.6262626806
2026-04-02 16:45:00,1106772.6262626806
2026-04-02 17:00:00,1106772.6262626806
2026-04-02 17:15:00,1106772.6262626806
2026-04-02 17:30:00,1106772.6262626806
2026-04-02 17:45:00,1106772.6262626806
2026-04-02 18:00:00,1106772.6262626806
2026-04-02 18:15:00,1106772.6262626806
2026-04-02 18:30:00,1106772.6262626806
2026-04-02 18:45:00,1106772.6262626806
2026-04-02 19:00:00,1106772.6262626806
2026-04-02 19:15:00,1106772.6262626806
2026-04-02 19:30:00,1106772.6262626806
2026-04-02 19:45:00,1106772.6262626806
2026-04-02 20:00:00,1106772.6262626806
2026-04-02 20:15:00,1106772.6262626806
2026-04-02 20:30:00,1106772.6262626806
2026-04-02 20:45:00,1106772.6262626806
2026-04-02 21:00:00,1106772.6262626806
2026-04-02 21:15:00,1106772.6262626806
2026-04-02 21:30:00,1106772.6262626806
2026-04-02 21:45:00,1106772.6262626806
2026-04-02 22:00:00,1106772.6262626806
2026-04-02 22:15:00,1106772.6262626806
2026-04-02 22:30:00,1106772.6262626806
2026-04-02 22:45:00,1106772.6262626806
2026-04-02 23:00:00,1106772.6262626806
2026-04-02 23:15:00,1106772.6262626806
2026-04-02 23:30:00,1106772.6262626806
2026-04-02 23:45:00,1106772.6262626806
2026-04-03 00:00:00,1106772.6262626806
2026-04-03 00:15:00,1106772.6262626806
2026-04-03 00:30:00,1106772.6262626806
2026-04-03 00:45:00,1106772.6262626806
2026-04-03 01:00:00,1106772.6262626806
2026-04-03 01:15:00,1106772.6262626806
2026-04-03 01:30:00,1106772.6262626806
2026-04-03 01:45:00,1106772.6262626806
2026-04-03 02:00:00,1106772.6262626806
2026-04-03 02:15:00,1106772.6262626806
2026-04-03 02:30:00,1106772.6262626806
2026-04-03 02:45:00,1106772.6262626806
2026-04-03 03:00:00,1106772.6262626806
2026-04-03 03:15:00,1106772.6262626806
2026-04-03 03:30:00,1106772.6262626806
2026-04-03 03:45:00,1106772.6262626806
2026-04-03 04:00:00,1106772.6262626806
2026-04-03 04:15:00,1106772.6262626806
2026-04-03 04:30:00,1106772.6262626806
2026-04-03 04:45:00,1106772.6262626806
2026-04-03 05:00:00,1106772.6262626806
2026-04-03 05:15:00,1106772.6262626806
2026-04-03 05:30:00,1106772.6262626806
2026-04-03 05:45:00,1106772.6262626806
2026-04-03 06:00:00,1106772.6262626806
2026-04-03 06:15:00,1106772.6262626806
2026-04-03 06:30:00,1106772.6262626806
2026-04-03 06:45:00,1106772.6262626806
2026-04-03 07:00:00,1106772.6262626806
2026-04-03 07:15:00,1106772.6262626806
2026-04-03 07:30:00,1106772.6262626806
2026-04-03 07:45:00,1106772.6262626806
2026-04-03 08:00:00,1106772.6262626806
2026-04-03 08:15:00,1106772.6262626806
2026-04-03 08:30:00,1106772.6262626806
2026-04-03 08:45:00,1106772.6262626806
2026-04-03 09:00:00,1106772.6262626806
2026-04-03 09:15:00,1106772.6262626806
2026-04-03 09:30:00,1106772.6262626806
2026-04-03 09:45:00,1106772.6262626806
2026-04-03 10:00:00,1106772.6262626806
2026-04-03 10:15:00,1106772.6262626806
2026-04-03 10:30:00,1106772.6262626806
2026-04-03 10:45:00,1106772.6262626806
2026-04-03 11:00:00,1106772.6262626806
2026-04-03 11:15:00,1106772.6262626806
2026-04-03 11:30:00,1106772.6262626806
2026-04-03 11:45:00,1106772.6262626806
2026-04-03 12:00:00,1106772.6262626806
2026-04-03 12:15:00,1106772.6262626806
2026-04-03 12:30:00,1106772.6262626806
2026-04-03 12:45:00,1106772.6262626806
2026-04-03 13:00:00,1106772.6262626806
2026-04-03 13:15:00,1106772.6262626806
2026-04-03 13:30:00,1106772.6262626806
2026-04-03 13:45:00,1106772.6262626806
2026-04-03 14:00:00,1106772.6262626806
2026-04-03 14:15:00,1106772.6262626806
2026-04-03 14:30:00,1106772.6262626806
2026-04-03 14:45:00,1106772.6262626806
2026-04-03 15:00:00,1106772.6262626806
2026-04-03 15:15:00,1106772.6262626806
2026-04-03 15:30:00,1106772.6262626806
2026-04-03 15:45:00,1106772.6262626806
2026-04-03 16:00:00,1106772.6262626806
2026-04-03 16:15:00,1106772.6262626806
2026-04-03 16:30:00,1106772.6262626806
2026-04-03 16:45:00,1106772.6262626806
2026-04-03 17:00:00,1106772.6262626806
2026-04-03 17:15:00,1106772.6262626806
2026-04-03 17:30:00,1106772.6262626806
2026-04-03 17:45:00,1106772.6262626806
2026-04-03 18:00:00,1106772.6262626806
2026-04-03 18:15:00,1106772.6262626806
2026-04-03 18:30:00,1106772.6262626806
2026-04-03 18:45:00,1106772.6262626806
2026-04-03 19:00:00,1106772.6262626806
2026-04-03 19:15:00,1106772.6262626806
2026-04-03 19:30:00,1106772.6262626806
2026-04-03 19:45:00,1106772.6262626806
2026-04-03 20:00:00,1106772.6262626806
2026-04-03 20:15:00,1106772.6262626806
2026-04-03 20:30:00,1106772.6262626806
2026-04-03 20:45:00,1106772.6262626806
2026-04-03 21:00:00,1106772.6262626806
2026-04-03 21:15:00,1106772.6262626806
2026-04-03 21:30:00,1106772.6262626806
2026-04-03 21:45:00,1106772.6262626806
2026-04-03 22:00:00,1106772.6262626806
2026-04-03 22:15:00,1106772.6262626806
2026-04-03 22:30:00,1106772.6262626806
2026-04-03 22:45:00,1106772.6262626806
2026-04-03 23:00:00,1106772.6262626806
2026-04-03 23:15:00,1106772.6262626806
2026-04-03 23:30:00,1106772.6262626806
2026-04-03 23:45:00,1106772.6262626806
2026-04-06 00:00:00,1106772.6262626806
2026-04-06 00:15:00,1106772.6262626806
2026-04-06 00:30:00,1106772.6262626806
2026-04-06 00:45:00,1106772.6262626806
2026-04-06 01:00:00,1106772.6262626806
2026-04-06 01:15:00,1106772.6262626806
2026-04-06 01:30:00,1106772.6262626806
2026-04-06 01:45:00,1106772.6262626806
2026-04-06 02:00:00,1106772.6262626806
2026-04-06 02:15:00,1106772.6262626806
2026-04-06 02:30:00,1106772.6262626806
2026-04-06 02:45:00,1106772.6262626806
2026-04-06 03:00:00,1106772.6262626806
2026-04-06 03:15:00,1106772.6262626806
2026-04-06 03:30:00,1106772.6262626806
2026-04-06 03:45:00,1106772.6262626806
2026-04-06 04:00:00,1106772.6262626806
2026-04-06 04:15:00,1106772.6262626806
2026-04-06 04:30:00,1106772.6262626806
2026-04-06 04:45:00,1106772.6262626806
2026-04-06 05:00:00,1106772.6262626806
2026-04-06 05:15:00,1106772.6262626806
2026-04-06 05:30:00,1106772.6262626806
2026-04-06 05:45:00,1106772.6262626806
2026-04-06 06:00:00,1106772.6262626806
2026-04-06 06:15:00,1106772.6262626806
2026-04-06 06:30:00,1106772.6262626806
2026-04-06 06:45:00,1106772.6262626806
2026-04-06 07:00:00,1106772.6262626806
2026-04-06 07:15:00,1106772.6262626806
2026-04-06 07:30:00,1106772.6262626806
2026-04-06 07:45:00,1106772.6262626806
2026-04-06 08:00:00,1106772.6262626806
2026-04-06 08:15:00,1106772.6262626806
2026-04-06 08:30:00,1106772.6262626806
2026-04-06 08:45:00,1106772.6262626806
2026-04-06 09:00:00,1106772.6262626806
2026-04-06 09:15:00,1106772.6262626806
2026-04-06 09:30:00,1106772.6262626806
2026-04-06 09:45:00,1106772.6262626806
2026-04-06 10:00:00,1106772.6262626806
2026-04-06 10:15:00,1106772.6262626806
2026-04-06 10:30:00,1106772.6262626806
2026-04-06 10:45:00,1106772.6262626806
2026-04-06 11:00:00,1106772.6262626806
2026-04-06 11:15:00,1106772.6262626806
2026-04-06 11:30:00,1106772.6262626806
2026-04-06 11:45:00,1106772.6262626806
2026-04-06 12:00:00,1106772.6262626806
2026-04-06 12:15:00,1106772.6262626806
2026-04-06 12:30:00,1106772.6262626806
2026-04-06 12:45:00,1106772.6262626806
2026-04-06 13:00:00,1106772.6262626806
2026-04-06 13:15:00,1106772.6262626806
2026-04-06 13:30:00,1106772.6262626806
2026-04-06 13:45:00,1106772.6262626806
2026-04-06 14:00:00,1106772.6262626806
2026-04-06 14:15:00,1106772.6262626806
2026-04-06 14:30:00,1106772.6262626806
2026-04-06 14:45:00,1106772.6262626806
2026-04-06 15:00:00,1106772.6262626806
2026-04-06 15:15:00,1106772.6262626806
2026-04-06 15:30:00,1106772.6262626806
2026-04-06 15:45:00,1106772.6262626806
2026-04-06 16:00:00,1106772.6262626806
2026-04-06 16:15:00,1106772.6262626806
2026-04-06 16:30:00,1106772.6262626806
2026-04-06 16:45:00,1106772.6262626806
2026-04-06 17:00:00,1106772.6262626806
2026-04-06 17:15:00,1106772.6262626806
2026-04-06 17:30:00,1106772.6262626806
2026-04-06 17:45:00,1106772.6262626806
2026-04-06 18:00:00,1106772.6262626806
2026-04-06 18:15:00,1106772.6262626806
2026-04-06 18:30:00,1106772.6262626806
2026-04-06 18:45:00,1106772.6262626806
2026-04-06 19:00:00,1106772.6262626806
2026-04-06 19:15:00,1106772.6262626806
2026-04-06 19:30:00,1106772.6262626806
2026-04-06 19:45:00,1106772.6262626806
2026-04-06 20:00:00,1106772.6262626806
2026-04-06 20:15:00,1106772.6262626806
2026-04-06 20:30:00,1106772.6262626806
2026-04-06 20:45:00,1106772.6262626806
2026-04-06 21:00:00,1106772.6262626806
2026-04-06 21:15:00,1106772.6262626806
2026-04-06 21:30:00,1106772.6262626806
2026-04-06 21:45:00,1106772.6262626806
2026-04-06 22:00:00,1106772.6262626806
2026-04-06 22:15:00,1106772.6262626806
2026-04-06 22:30:00,1106772.6262626806
2026-04-06 22:45:00,1106772.6262626806
2026-04-06 23:00:00,1106772.6262626806
2026-04-06 23:15:00,1106772.6262626806
2026-04-06 23:30:00,1106772.6262626806
2026-04-06 23:45:00,1106772.6262626806
2026-04-07 00:00:00,1106772.6262626806
2026-04-07 00:15:00,1106772.6262626806
2026-04-07 00:30:00,1106772.6262626806
2026-04-07 00:45:00,1106772.6262626806
2026-04-07 01:00:00,1106772.6262626806
2026-04-07 01:15:00,1106772.6262626806
2026-04-07 01:30:00,1106772.6262626806
2026-04-07 01:45:00,1106772.6262626806
2026-04-07 02:00:00,1106772.6262626806
2026-04-07 02:15:00,1106772.6262626806
2026-04-07 02:30:00,1106772.6262626806
2026-04-07 02:45:00,1106772.6262626806
2026-04-07 03:00:00,1106772.6262626806
2026-04-07 03:15:00,1106772.6262626806
2026-04-07 03:30:00,1106772.6262626806
2026-04-07 03:45:00,1106772.6262626806
2026-04-07 04:00:00,1106772.6262626806
2026-04-07 04:15:00,1106772.6262626806
2026-04-07 04:30:00,1106772.6262626806
2026-04-07 04:45:00,1106772.6262626806
2026-04-07 05:00:00,1106772.6262626806
2026-04-07 05:15:00,1106772.6262626806
2026-04-07 05:30:00,1106772.6262626806
2026-04-07 05:45:00,1106772.6262626806
2026-04-07 06:00:00,1106772.6262626806
2026-04-07 06:15:00,1106772.6262626806
2026-04-07 06:30:00,1106772.6262626806
2026-04-07 06:45:00,1106772.6262626806
2026-04-07 07:00:00,1106772.6262626806
2026-04-07 07:15:00,1106772.6262626806
2026-04-07 07:30:00,1106772.6262626806
2026-04-07 07:45:00,1106772.6262626806
2026-04-07 08:00:00,1106772.6262626806
2026-04-07 08:15:00,1106772.6262626806
2026-04-07 08:30:00,1106772.6262626806
2026-04-07 08:45:00,1106772.6262626806
2026-04-07 09:00:00,1106772.6262626806
2026-04-07 09:15:00,1106772.6262626806
2026-04-07 09:30:00,1106772.6262626806
2026-04-07 09:45:00,1106772.6262626806
2026-04-07 10:00:00,1106772.6262626806
2026-04-07 10:15:00,1106772.6262626806
2026-04-07 10:30:00,1106772.6262626806
2026-04-07 10:45:00,1106772.6262626806
2026-04-07 11:00:00,1106772.6262626806
2026-04-07 11:15:00,1106772.6262626806
2026-04-07 11:30:00,1106772.6262626806
2026-04-07 11:45:00,1106772.6262626806
2026-04-07 12:00:00,1106772.6262626806
2026-04-07 12:15:00,1106772.6262626806
2026-04-07 12:30:00,1106772.6262626806
2026-04-07 12:45:00,1106772.6262626806
2026-04-07 13:00:00,1106772.6262626806
2026-04-07 13:15:00,1106772.6262626806
2026-04-07 13:30:00,1106772.6262626806
2026-04-07 13:45:00,1106772.6262626806
2026-04-07 14:00:00,1106772.6262626806
2026-04-07 14:15:00,1106772.6262626806
2026-04-07 14:30:00,1106772.6262626806
2026-04-07 14:45:00,1106772.6262626806
2026-04-07 15:00:00,1106772.6262626806
2026-04-07 15:15:00,1106772.6262626806
2026-04-07 15:30:00,1106772.6262626806
2026-04-07 15:45:00,1106772.6262626806
2026-04-07 16:00:00,1106772.6262626806
2026-04-07 16:15:00,1106772.6262626806
2026-04-07 16:30:00,1106772.6262626806
2026-04-07 16:45:00,1106772.6262626806
2026-04-07 17:00:00,1106772.6262626806
2026-04-07 17:15:00,1106772.6262626806
2026-04-07 17:30:00,1106772.6262626806
2026-04-07 17:45:00,1106772.6262626806
2026-04-07 18:00:00,1106772.6262626806
2026-04-07 18:15:00,1106772.6262626806
2026-04-07 18:30:00,1106772.6262626806
2026-04-07 18:45:00,1106772.6262626806
2026-04-07 19:00:00,1106772.6262626806
2026-04-07 19:15:00,1106772.6262626806
2026-04-07 19:30:00,1106772.6262626806
2026-04-07 19:45:00,1106772.6262626806
2026-04-07 20:00:00,1106772.6262626806
2026-04-07 20:15:00,1106772.6262626806
2026-04-07 20:30:00,1106772.6262626806
2026-04-07 20:45:00,1106772.6262626806
2026-04-07 21:00:00,1106772.6262626806
2026-04-07 21:15:00,1106772.6262626806
2026-04-07 21:30:00,1106772.6262626806
2026-04-07 21:45:00,1106772.6262626806
2026-04-07 22:00:00,1106772.6262626806
2026-04-07 22:15:00,1106772.6262626806
2026-04-07 22:30:00,1106772.6262626806
2026-04-07 22:45:00,1106772.6262626806
2026-04-07 23:00:00,1106772.6262626806
2026-04-07 23:15:00,1106772.6262626806
2026-04-07 23:30:00,1106772.6262626806
2026-04-07 23:45:00,1106772.6262626806
2026-04-08 00:00:00,1106772.6262626806
2026-04-08 00:15:00,1106772.6262626806
2026-04-08 00:30:00,1106772.6262626806
2026-04-08 00:45:00,1106772.6262626806
2026-04-08 01:00:00,1106772.6262626806
2026-04-08 01:15:00,1106772.6262626806
2026-04-08 01:30:00,1106772.6262626806
2026-04-08 01:45:00,1106772.6262626806
2026-04-08 02:00:00,1106772.6262626806
2026-04-08 02:15:00,1106772.6262626806
2026-04-08 02:30:00,1106772.6262626806
2026-04-08 02:45:00,1106772.6262626806
2026-04-08 03:00:00,1106772.6262626806
2026-04-08 03:15:00,1106772.6262626806
2026-04-08 03:30:00,1106772.6262626806
2026-04-08 03:45:00,1106772.6262626806
2026-04-08 04:00:00,1106772.6262626806
2026-04-08 04:15:00,1106772.6262626806
2026-04-08 04:30:00,1106772.6262626806
2026-04-08 04:45:00,1106772.6262626806
2026-04-08 05:00:00,1106772.6262626806
2026-04-08 05:15:00,1106772.6262626806
2026-04-08 05:30:00,1106772.6262626806
2026-04-08 05:45:00,1106772.6262626806
2026-04-08 06:00:00,1106772.6262626806
2026-04-08 06:15:00,1106772.6262626806
2026-04-08 06:30:00,1106772.6262626806
2026-04-08 06:45:00,1106772.6262626806
2026-04-08 07:00:00,1106772.6262626806
2026-04-08 07:15:00,1106772.6262626806
2026-04-08 07:30:00,1106772.6262626806
2026-04-08 07:45:00,1106772.6262626806
2026-04-08 08:00:00,1106772.6262626806
2026-04-08 08:15:00,1106772.6262626806
2026-04-08 08:30:00,1106772.6262626806
2026-04-08 08:45:00,1106772.6262626806
2026-04-08 09:00:00,1106772.6262626806
2026-04-08 09:15:00,1106772.6262626806
2026-04-08 09:30:00,1106772.6262626806
2026-04-08 09:45:00,1106772.6262626806
2026-04-08 10:00:00,1106772.6262626806
2026-04-08 10:15:00,1106772.6262626806
2026-04-08 10:30:00,1106772.6262626806
2026-04-08 10:45:00,1106772.6262626806
2026-04-08 11:00:00,1106772.6262626806
2026-04-08 11:15:00,1106772.6262626806
2026-04-08 11:30:00,1106772.6262626806
2026-04-08 11:45:00,1106772.6262626806
2026-04-08 12:00:00,1106772.6262626806
2026-04-08 12:15:00,1106772.6262626806
2026-04-08 12:30:00,1106772.6262626806
2026-04-08 12:45:00,1106772.6262626806
2026-04-08 13:00:00,1106772.6262626806
2026-04-08 13:15:00,1106772.6262626806
2026-04-08 13:30:00,1106772.6262626806
2026-04-08 13:45:00,1106772.6262626806
2026-04-08 14:00:00,1106772.6262626806
2026-04-08 14:15:00,1106772.6262626806
2026-04-08 14:30:00,1106772.6262626806
2026-04-08 14:45:00,1106772.6262626806
2026-04-08 15:00:00,1106772.6262626806
2026-04-08 15:15:00,1106772.6262626806
2026-04-08 15:30:00,1106772.6262626806
2026-04-08 15:45:00,1106772.6262626806
2026-04-08 16:00:00,1106772.6262626806
2026-04-08 16:15:00,1106772.6262626806
2026-04-08 16:30:00,1106772.6262626806
2026-04-08 16:45:00,1106772.6262626806
2026-04-08 17:00:00,1106772.6262626806
2026-04-08 17:15:00,1106772.6262626806
2026-04-08 17:30:00,1106772.6262626806
2026-04-08 17:45:00,1106772.6262626806
2026-04-08 18:00:00,1106772.6262626806
2026-04-08 18:15:00,1106772.6262626806
2026-04-08 18:30:00,1106772.6262626806
2026-04-08 18:45:00,1106772.6262626806
2026-04-08 19:00:00,1106772.6262626806
2026-04-08 19:15:00,1106772.6262626806
2026-04-08 19:30:00,1106772.6262626806
2026-04-08 19:45:00,1106772.6262626806
2026-04-08 20:00:00,1106772.6262626806
2026-04-08 20:15:00,1106772.6262626806
2026-04-08 20:30:00,1106772.6262626806
2026-04-08 20:45:00,1106772.6262626806
2026-04-08 21:00:00,1106772.6262626806
2026-04-08 21:15:00,1106772.6262626806
2026-04-08 21:30:00,1106772.6262626806
2026-04-08 21:45:00,1106772.6262626806
2026-04-08 22:00:00,1106772.6262626806
2026-04-08 22:15:00,1106772.6262626806
2026-04-08 22:30:00,1106772.6262626806
2026-04-08 22:45:00,1106772.6262626806
2026-04-08 23:00:00,1106772.6262626806
2026-04-08 23:15:00,1106772.6262626806
2026-04-08 23:30:00,1106772.6262626806
2026-04-08 23:45:00,1106772.6262626806
2026-04-09 00:00:00,1106772.6262626806
2026-04-09 00:15:00,1106772.6262626806
2026-04-09 00:30:00,1106772.6262626806
2026-04-09 00:45:00,1106772.6262626806
2026-04-09 01:00:00,1106772.6262626806
2026-04-09 01:15:00,1106772.6262626806
2026-04-09 01:30:00,1106772.6262626806
2026-04-09 01:45:00,1106772.6262626806
2026-04-09 02:00:00,1106772.6262626806
2026-04-09 02:15:00,1106772.6262626806
2026-04-09 02:30:00,1106772.6262626806
2026-04-09 02:45:00,1106772.6262626806
2026-04-09 03:00:00,1106772.6262626806
2026-04-09 03:15:00,1106772.6262626806
2026-04-09 03:30:00,1106772.6262626806
2026-04-09 03:45:00,1106772.6262626806
2026-04-09 04:00:00,1106772.6262626806
2026-04-09 04:15:00,1106772.6262626806
2026-04-09 04:30:00,1106772.6262626806
2026-04-09 04:45:00,1106772.6262626806
2026-04-09 05:00:00,1106772.6262626806
2026-04-09 05:15:00,1106772.6262626806
2026-04-09 05:30:00,1106772.6262626806
2026-04-09 05:45:00,1106772.6262626806
2026-04-09 06:00:00,1106772.6262626806
2026-04-09 06:15:00,1106772.6262626806
2026-04-09 06:30:00,1106772.6262626806
2026-04-09 06:45:00,1106772.6262626806
2026-04-09 07:00:00,1106772.6262626806
2026-04-09 07:15:00,1106772.6262626806
2026-04-09 07:30:00,1106772.6262626806
2026-04-09 07:45:00,1106772.6262626806
2026-04-09 08:00:00,1106772.6262626806
2026-04-09 08:15:00,1106772.6262626806
2026-04-09 08:30:00,1106772.6262626806
2026-04-09 08:45:00,1106772.6262626806
2026-04-09 09:00:00,1106772.6262626806
2026-04-09 09:15:00,1106772.6262626806
2026-04-09 09:30:00,1106772.6262626806
2026-04-09 09:45:00,1106772.6262626806
2026-04-09 10:00:00,1106772.6262626806
2026-04-09 10:15:00,1106772.6262626806
2026-04-09 10:30:00,1106772.6262626806
2026-04-09 10:45:00,1106772.6262626806
2026-04-09 11:00:00,1106772.6262626806
2026-04-09 11:15:00,1106772.6262626806
2026-04-09 11:30:00,1106772.6262626806
2026-04-09 11:45:00,1106772.6262626806
2026-04-09 12:00:00,1106772.6262626806
2026-04-09 12:15:00,1106772.6262626806
2026-04-09 12:30:00,1106772.6262626806
2026-04-09 12:45:00,1106772.6262626806
2026-04-09 13:00:00,1106772.6262626806
2026-04-09 13:15:00,1106772.6262626806
2026-04-09 13:30:00,1106772.6262626806
2026-04-09 13:45:00,1106772.6262626806
2026-04-09 14:00:00,1106772.6262626806
2026-04-09 14:15:00,1106772.6262626806
2026-04-09 14:30:00,1106772.6262626806
2026-04-09 14:45:00,1106772.6262626806
2026-04-09 15:00:00,1106772.6262626806
2026-04-09 15:15:00,1106772.6262626806
2026-04-09 15:30:00,1106772.6262626806
2026-04-09 15:45:00,1106772.6262626806
2026-04-09 16:00:00,1106772.6262626806
2026-04-09 16:15:00,1106772.6262626806
2026-04-09 16:30:00,1106772.6262626806
2026-04-09 16:45:00,1106772.6262626806
2026-04-09 17:00:00,1106772.6262626806
2026-04-09 17:15:00,1106772.6262626806
2026-04-09 17:30:00,1106772.6262626806
2026-04-09 17:45:00,1106772.6262626806
2026-04-09 18:00:00,1106772.6262626806
2026-04-09 18:15:00,1106772.6262626806
2026-04-09 18:30:00,1106772.6262626806
2026-04-09 18:45:00,1106772.6262626806
2026-04-09 19:00:00,1106772.6262626806
2026-04-09 19:15:00,1106772.6262626806
2026-04-09 19:30:00,1106772.6262626806
2026-04-09 19:45:00,1106772.6262626806
2026-04-09 20:00:00,1106772.6262626806
2026-04-09 20:15:00,1106772.6262626806
2026-04-09 20:30:00,1106772.6262626806
2026-04-09 20:45:00,1106772.6262626806
2026-04-09 21:00:00,1106772.6262626806
2026-04-09 21:15:00,1106772.6262626806
2026-04-09 21:30:00,1106772.6262626806
2026-04-09 21:45:00,1106772.6262626806
2026-04-09 22:00:00,1106772.6262626806
2026-04-09 22:15:00,1106772.6262626806
2026-04-09 22:30:00,1106772.6262626806
2026-04-09 22:45:00,1106772.6262626806
2026-04-09 23:00:00,1106772.6262626806
2026-04-09 23:15:00,1106772.6262626806
2026-04-09 23:30:00,1106772.6262626806
2026-04-09 23:45:00,1106772.6262626806
2026-04-10 00:00:00,1106772.6262626806
2026-04-10 00:15:00,1106772.6262626806
2026-04-10 00:30:00,1106772.6262626806
2026-04-10 00:45:00,1106772.6262626806
2026-04-10 01:00:00,1106772.6262626806
2026-04-10 01:15:00,1106772.6262626806
2026-04-10 01:30:00,1106772.6262626806
2026-04-10 01:45:00,1106772.6262626806
2026-04-10 02:00:00,1106772.6262626806
2026-04-10 02:15:00,1106772.6262626806
2026-04-10 02:30:00,1106772.6262626806
2026-04-10 02:45:00,1106772.6262626806
2026-04-10 03:00:00,1106772.6262626806
2026-04-10 03:15:00,1106772.6262626806
2026-04-10 03:30:00,1106772.6262626806
2026-04-10 03:45:00,1106772.6262626806
2026-04-10 04:00:00,1106772.6262626806
2026-04-10 04:15:00,1106772.6262626806
2026-04-10 04:30:00,1106772.6262626806
2026-04-10 04:45:00,1106772.6262626806
2026-04-10 05:00:00,1106772.6262626806
2026-04-10 05:15:00,1106772.6262626806
2026-04-10 05:30:00,1106772.6262626806
2026-04-10 05:45:00,1106772.6262626806
2026-04-10 06:00:00,1106772.6262626806
2026-04-10 06:15:00,1106772.6262626806
2026-04-10 06:30:00,1106772.6262626806
2026-04-10 06:45:00,1106772.6262626806
2026-04-10 07:00:00,1106772.6262626806
2026-04-10 07:15:00,1106772.6262626806
2026-04-10 07:30:00,1106772.6262626806
2026-04-10 07:45:00,1106772.6262626806
2026-04-10 08:00:00,1106772.6262626806
2026-04-10 08:15:00,1106772.6262626806
2026-04-10 08:30:00,1106772.6262626806
2026-04-10 08:45:00,1106772.6262626806
2026-04-10 09:00:00,1106772.6262626806
2026-04-10 09:15:00,1106772.6262626806
2026-04-10 09:30:00,1106772.6262626806
2026-04-10 09:45:00,1106772.6262626806
2026-04-10 10:00:00,1106772.6262626806
2026-04-10 10:15:00,1106772.6262626806
2026-04-10 10:30:00,1106772.6262626806
2026-04-10 10:45:00,1106772.6262626806
2026-04-10 11:00:00,1106772.6262626806
2026-04-10 11:15:00,1106772.6262626806
2026-04-10 11:30:00,1106772.6262626806
2026-04-10 11:45:00,1106772.6262626806
2026-04-10 12:00:00,1106772.6262626806
2026-04-10 12:15:00,1106772.6262626806
2026-04-10 12:30:00,1106772.6262626806
2026-04-10 12:45:00,1106772.6262626806
2026-04-10 13:00:00,1106772.6262626806
2026-04-10 13:15:00,1106772.6262626806
2026-04-10 13:30:00,1106772.6262626806
2026-04-10 13:45:00,1106772.6262626806
2026-04-10 14:00:00,1106772.6262626806
2026-04-10 14:15:00,1106772.6262626806
2026-04-10 14:30:00,1106772.6262626806
2026-04-10 14:45:00,1106772.6262626806
2026-04-10 15:00:00,1106772.6262626806
2026-04-10 15:15:00,1106772.6262626806
2026-04-10 15:30:00,1106772.6262626806
2026-04-10 15:45:00,1106772.6262626806
2026-04-10 16:00:00,1106772.6262626806
2026-04-10 16:15:00,1106772.6262626806
2026-04-10 16:30:00,1106772.6262626806
2026-04-10 16:45:00,1106772.6262626806
2026-04-10 17:00:00,1106772.6262626806
2026-04-10 17:15:00,1106772.6262626806
2026-04-10 17:30:00,1106772.6262626806
2026-04-10 17:45:00,1106772.6262626806
2026-04-10 18:00:00,1106772.6262626806
2026-04-10 18:15:00,1106772.6262626806
2026-04-10 18:30:00,1106772.6262626806
2026-04-10 18:45:00,1106772.6262626806
2026-04-10 19:00:00,1106772.6262626806
2026-04-10 19:15:00,1106772.6262626806
2026-04-10 19:30:00,1106772.6262626806
2026-04-10 19:45:00,1106772.6262626806
2026-04-10 20:00:00,1106772.6262626806
2026-04-10 20:15:00,1106772.6262626806
2026-04-10 20:30:00,1106772.6262626806
2026-04-10 20:45:00,1106772.6262626806
2026-04-10 21:00:00,1106772.6262626806
2026-04-10 21:15:00,1106772.6262626806
2026-04-10 21:30:00,1106772.6262626806
2026-04-10 21:45:00,1106772.6262626806
2026-04-10 22:00:00,1106772.6262626806
2026-04-10 22:15:00,1106772.6262626806
2026-04-10 22:30:00,1106772.6262626806
2026-04-10 22:45:00,1106772.6262626806
2026-04-10 23:00:00,1106772.6262626806
2026-04-10 23:15:00,1106772.6262626806
2026-04-10 23:30:00,1106772.6262626806
2026-04-10 23:45:00,1106772.6262626806
2026-04-13 00:00:00,1106772.6262626806
2026-04-13 00:15:00,1106772.6262626806
2026-04-13 00:30:00,1106772.6262626806
2026-04-13 00:45:00,1106772.6262626806
2026-04-13 01:00:00,1106772.6262626806
2026-04-13 01:15:00,1106772.6262626806
2026-04-13 01:30:00,1106772.6262626806
2026-04-13 01:45:00,1106772.6262626806
2026-04-13 02:00:00,1106772.6262626806
2026-04-13 02:15:00,1106772.6262626806
2026-04-13 02:30:00,1106772.6262626806
2026-04-13 02:45:00,1106772.6262626806
2026-04-13 03:00:00,1106772.6262626806
2026-04-13 03:15:00,1106772.6262626806
2026-04-13 03:30:00,1106772.6262626806
2026-04-13 03:45:00,1106772.6262626806
2026-04-13 04:00:00,1106772.6262626806
2026-04-13 04:15:00,1106772.6262626806
2026-04-13 04:30:00,1106772.6262626806
2026-04-13 04:45:00,1106772.6262626806
2026-04-13 05:00:00,1106772.6262626806
2026-04-13 05:15:00,1106772.6262626806
2026-04-13 05:30:00,1106772.6262626806
2026-04-13 05:45:00,1106772.6262626806
2026-04-13 06:00:00,1106772.6262626806
2026-04-13 06:15:00,1106772.6262626806
2026-04-13 06:30:00,1106772.6262626806
2026-04-13 06:45:00,1106772.6262626806
2026-04-13 07:00:00,1106772.6262626806
2026-04-13 07:15:00,1106772.6262626806
2026-04-13 07:30:00,1106772.6262626806
2026-04-13 07:45:00,1106772.6262626806
2026-04-13 08:00:00,1106772.6262626806
2026-04-13 08:15:00,1106772.6262626806
2026-04-13 08:30:00,1106772.6262626806
2026-04-13 08:45:00,1106772.6262626806
2026-04-13 09:00:00,1106772.6262626806
2026-04-13 09:15:00,1106772.6262626806
2026-04-13 09:30:00,1106772.6262626806
2026-04-13 09:45:00,1106772.6262626806
2026-04-13 10:00:00,1106772.6262626806
2026-04-13 10:15:00,1106772.6262626806
2026-04-13 10:30:00,1106772.6262626806
2026-04-13 10:45:00,1106772.6262626806
2026-04-13 11:00:00,1106772.6262626806
2026-04-13 11:15:00,1106772.6262626806
2026-04-13 11:30:00,1106772.6262626806
2026-04-13 11:45:00,1106772.6262626806
2026-04-13 12:00:00,1106772.6262626806
2026-04-13 12:15:00,1106772.6262626806
2026-04-13 12:30:00,1106772.6262626806
2026-04-13 12:45:00,1106772.6262626806
2026-04-13 13:00:00,1106772.6262626806
2026-04-13 13:15:00,1106772.6262626806
2026-04-13 13:30:00,1106772.6262626806
2026-04-13 13:45:00,1106772.6262626806
2026-04-13 14:00:00,1106772.6262626806
2026-04-13 14:15:00,1106772.6262626806
2026-04-13 14:30:00,1106772.6262626806
2026-04-13 14:45:00,1106772.6262626806
2026-04-13 15:00:00,1106772.6262626806
2026-04-13 15:15:00,1106772.6262626806
2026-04-13 15:30:00,1106772.6262626806
2026-04-13 15:45:00,1106772.6262626806
2026-04-13 16:00:00,1106772.6262626806
2026-04-13 16:15:00,1106772.6262626806
2026-04-13 16:30:00,1106772.6262626806
2026-04-13 16:45:00,1106772.6262626806
2026-04-13 17:00:00,1106772.6262626806
2026-04-13 17:15:00,1106772.6262626806
2026-04-13 17:30:00,1106772.6262626806
2026-04-13 17:45:00,1106772.6262626806
2026-04-13 18:00:00,1106772.6262626806
2026-04-13 18:15:00,1106772.6262626806
2026-04-13 18:30:00,1106772.6262626806
2026-04-13 18:45:00,1106772.6262626806
2026-04-13 19:00:00,1106772.6262626806
2026-04-13 19:15:00,1106772.6262626806
2026-04-13 19:30:00,1106772.6262626806
2026-04-13 19:45:00,1106772.6262626806
2026-04-13 20:00:00,1106772.6262626806
2026-04-13 20:15:00,1106772.6262626806
2026-04-13 20:30:00,1106772.6262626806
2026-04-13 20:45:00,1106772.6262626806
2026-04-13 21:00:00,1106772.6262626806
2026-04-13 21:15:00,1106772.6262626806
2026-04-13 21:30:00,1106772.6262626806
2026-04-13 21:45:00,1106772.6262626806
2026-04-13 22:00:00,1106772.6262626806
2026-04-13 22:15:00,1106772.6262626806
2026-04-13 22:30:00,1106772.6262626806
2026-04-13 22:45:00,1106772.6262626806
2026-04-13 23:00:00,1106772.6262626806
2026-04-13 23:15:00,1106772.6262626806
2026-04-13 23:30:00,1106772.6262626806
2026-04-13 23:45:00,1106772.6262626806
2026-04-14 00:00:00,1106772.6262626806
2026-04-14 00:15:00,1106772.6262626806
2026-04-14 00:30:00,1106772.6262626806
2026-04-14 00:45:00,1106772.6262626806
2026-04-14 01:00:00,1106772.6262626806
2026-04-14 01:15:00,1106772.6262626806
2026-04-14 01:30:00,1106772.6262626806
2026-04-14 01:45:00,1106772.6262626806
2026-04-14 02:00:00,1106772.6262626806
2026-04-14 02:15:00,1106772.6262626806
2026-04-14 02:30:00,1106772.6262626806
2026-04-14 02:45:00,1106772.6262626806
2026-04-14 03:00:00,1106772.6262626806
2026-04-14 03:15:00,1106772.6262626806
2026-04-14 03:30:00,1106772.6262626806
2026-04-14 03:45:00,1106772.6262626806
2026-04-14 04:00:00,1106772.6262626806
2026-04-14 04:15:00,1106772.6262626806
2026-04-14 04:30:00,1106772.6262626806
2026-04-14 04:45:00,1106772.6262626806
2026-04-14 05:00:00,1106772.6262626806
2026-04-14 05:15:00,1106772.6262626806
2026-04-14 05:30:00,1106772.6262626806
2026-04-14 05:45:00,1106772.6262626806
2026-04-14 06:00:00,1106772.6262626806
2026-04-14 06:15:00,1106772.6262626806
2026-04-14 06:30:00,1106772.6262626806
2026-04-14 06:45:00,1106772.6262626806
2026-04-14 07:00:00,1106772.6262626806
2026-04-14 07:15:00,1106772.6262626806
2026-04-14 07:30:00,1106772.6262626806
2026-04-14 07:45:00,1106772.6262626806
2026-04-14 08:00:00,1106772.6262626806
2026-04-14 08:15:00,1106772.6262626806
2026-04-14 08:30:00,1106772.6262626806
2026-04-14 08:45:00,1106772.6262626806
2026-04-14 09:00:00,1106772.6262626806
2026-04-14 09:15:00,1106772.6262626806
2026-04-14 09:30:00,1106772.6262626806
2026-04-14 09:45:00,1106772.6262626806
2026-04-14 10:00:00,1106772.6262626806
2026-04-14 10:15:00,1106772.6262626806
2026-04-14 10:30:00,1106772.6262626806
2026-04-14 10:45:00,1106772.6262626806
2026-04-14 11:00:00,1106772.6262626806
2026-04-14 11:15:00,1106772.6262626806
2026-04-14 11:30:00,1106772.6262626806
2026-04-14 11:45:00,1106772.6262626806
2026-04-14 12:00:00,1106772.6262626806
2026-04-14 12:15:00,1106772.6262626806
2026-04-14 12:30:00,1106772.6262626806
2026-04-14 12:45:00,1106772.6262626806
2026-04-14 13:00:00,1106772.6262626806
2026-04-14 13:15:00,1106772.6262626806
2026-04-14 13:30:00,1106772.6262626806
2026-04-14 13:45:00,1106772.6262626806
2026-04-14 14:00:00,1106772.6262626806
2026-04-14 14:15:00,1106772.6262626806
2026-04-14 14:30:00,1106772.6262626806
2026-04-14 14:45:00,1106772.6262626806
2026-04-14 15:00:00,1106772.6262626806
2026-04-14 15:15:00,1106772.6262626806
2026-04-14 15:30:00,1106772.6262626806
2026-04-14 15:45:00,1106772.6262626806
2026-04-14 16:00:00,1106772.6262626806
2026-04-14 16:15:00,1106772.6262626806
2026-04-14 16:30:00,1106772.6262626806
2026-04-14 16:45:00,1106772.6262626806
2026-04-14 17:00:00,1106772.6262626806
2026-04-14 17:15:00,1106772.6262626806
2026-04-14 17:30:00,1106772.6262626806
2026-04-14 17:45:00,1106772.6262626806
2026-04-14 18:00:00,1106772.6262626806
2026-04-14 18:15:00,1106772.6262626806
2026-04-14 18:30:00,1106772.6262626806
2026-04-14 18:45:00,1106772.6262626806
2026-04-14 19:00:00,1106772.6262626806
2026-04-14 19:15:00,1106772.6262626806
2026-04-14 19:30:00,1106772.6262626806
2026-04-14 19:45:00,1106772.6262626806
2026-04-14 20:00:00,1106772.6262626806
2026-04-14 20:15:00,1106772.6262626806
2026-04-14 20:30:00,1106772.6262626806
2026-04-14 20:45:00,1106772.6262626806
2026-04-14 21:00:00,1106772.6262626806
2026-04-14 21:15:00,1106772.6262626806
2026-04-14 21:30:00,1106772.6262626806
2026-04-14 21:45:00,1106772.6262626806
2026-04-14 22:00:00,1106772.6262626806
2026-04-14 22:15:00,1106772.6262626806
2026-04-14 22:30:00,1106772.6262626806
2026-04-14 22:45:00,1106772.6262626806
2026-04-14 23:00:00,1106772.6262626806
2026-04-14 23:15:00,1106772.6262626806
2026-04-14 23:30:00,1106772.6262626806
2026-04-14 23:45:00,1106772.6262626806
2026-04-15 00:00:00,1106772.6262626806
2026-04-15 00:15:00,1106772.6262626806
2026-04-15 00:30:00,1106772.6262626806
2026-04-15 00:45:00,1106772.6262626806
2026-04-15 01:00:00,1106772.6262626806
2026-04-15 01:15:00,1106772.6262626806
2026-04-15 01:30:00,1106772.6262626806
2026-04-15 01:45:00,1106772.6262626806
2026-04-15 02:00:00,1106772.6262626806
2026-04-15 02:15:00,1106772.6262626806
2026-04-15 02:30:00,1106772.6262626806
2026-04-15 02:45:00,1106772.6262626806
2026-04-15 03:00:00,1106772.6262626806
2026-04-15 03:15:00,1106772.6262626806
2026-04-15 03:30:00,1106772.6262626806
2026-04-15 03:45:00,1106772.6262626806
2026-04-15 04:00:00,1106772.6262626806
2026-04-15 04:15:00,1106772.6262626806
2026-04-15 04:30:00,1106772.6262626806
2026-04-15 04:45:00,1106772.6262626806
2026-04-15 05:00:00,1106772.6262626806
2026-04-15 05:15:00,1106772.6262626806
2026-04-15 05:30:00,1106772.6262626806
2026-04-15 05:45:00,1106772.6262626806
2026-04-15 06:00:00,1106772.6262626806
2026-04-15 06:15:00,1106772.6262626806
2026-04-15 06:30:00,1106772.6262626806
2026-04-15 06:45:00,1106772.6262626806
2026-04-15 07:00:00,1106772.6262626806
2026-04-15 07:15:00,1106772.6262626806
2026-04-15 07:30:00,1106772.6262626806
2026-04-15 07:45:00,1106772.6262626806
2026-04-15 08:00:00,1106772.6262626806
2026-04-15 08:15:00,1106772.6262626806
2026-04-15 08:30:00,1106772.6262626806
2026-04-15 08:45:00,1106772.6262626806
2026-04-15 09:00:00,1106772.6262626806
2026-04-15 09:15:00,1106772.6262626806
2026-04-15 09:30:00,1106772.6262626806
2026-04-15 09:45:00,1106772.6262626806
2026-04-15 10:00:00,1106772.6262626806
2026-04-15 10:15:00,1106772.6262626806
2026-04-15 10:30:00,1106772.6262626806
2026-04-15 10:45:00,1106772.6262626806
2026-04-15 11:00:00,1106772.6262626806
2026-04-15 11:15:00,1106772.6262626806
2026-04-15 11:30:00,1106772.6262626806
2026-04-15 11:45:00,1106772.6262626806
2026-04-15 12:00:00,1106772.6262626806
2026-04-15 12:15:00,1106772.6262626806
2026-04-15 12:30:00,1106772.6262626806
2026-04-15 12:45:00,1106772.6262626806
2026-04-15 13:00:00,1106772.6262626806
2026-04-15 13:15:00,1106772.6262626806
2026-04-15 13:30:00,1106772.6262626806
2026-04-15 13:45:00,1106772.6262626806
2026-04-15 14:00:00,1106772.6262626806
2026-04-15 14:15:00,1106772.6262626806
2026-04-15 14:30:00,1106772.6262626806
2026-04-15 14:45:00,1106772.6262626806
2026-04-15 15:00:00,1106772.6262626806
2026-04-15 15:15:00,1106772.6262626806
2026-04-15 15:30:00,1106772.6262626806
2026-04-15 15:45:00,1106772.6262626806
2026-04-15 16:00:00,1106772.6262626806
2026-04-15 16:15:00,1106772.6262626806
2026-04-15 16:30:00,1106772.6262626806
2026-04-15 16:45:00,1106772.6262626806
2026-04-15 17:00:00,1106772.6262626806
2026-04-15 17:15:00,1106772.6262626806
2026-04-15 17:30:00,1106772.6262626806
2026-04-15 17:45:00,1106772.6262626806
2026-04-15 18:00:00,1106772.6262626806
2026-04-15 18:15:00,1106772.6262626806
2026-04-15 18:30:00,1106772.6262626806
2026-04-15 18:45:00,1106772.6262626806
2026-04-15 19:00:00,1106772.6262626806
2026-04-15 19:15:00,1106772.6262626806
2026-04-15 19:30:00,1106772.6262626806
2026-04-15 19:45:00,1106772.6262626806
2026-04-15 20:00:00,1106772.6262626806
2026-04-15 20:15:00,1106772.6262626806
2026-04-15 20:30:00,1106772.6262626806
2026-04-15 20:45:00,1106772.6262626806
2026-04-15 21:00:00,1106772.6262626806
2026-04-15 21:15:00,1106772.6262626806
2026-04-15 21:30:00,1106772.6262626806
2026-04-15 21:45:00,1106772.6262626806
2026-04-15 22:00:00,1106772.6262626806
2026-04-15 22:15:00,1106772.6262626806
2026-04-15 22:30:00,1106772.6262626806
2026-04-15 22:45:00,1106772.6262626806
2026-04-15 23:00:00,1106772.6262626806
2026-04-15 23:15:00,1106772.6262626806
2026-04-15 23:30:00,1106772.6262626806
2026-04-15 23:45:00,1106772.6262626806
2026-04-16 00:00:00,1106772.6262626806
2026-04-16 00:15:00,1106772.6262626806
2026-04-16 00:30:00,1106772.6262626806
2026-04-16 00:45:00,1106772.6262626806
2026-04-16 01:00:00,1106772.6262626806
2026-04-16 01:15:00,1106772.6262626806
2026-04-16 01:30:00,1106772.6262626806
2026-04-16 01:45:00,1106772.6262626806
2026-04-16 02:00:00,1106772.6262626806
2026-04-16 02:15:00,1106772.6262626806
2026-04-16 02:30:00,1106772.6262626806
2026-04-16 02:45:00,1106772.6262626806
2026-04-16 03:00:00,1106772.6262626806
2026-04-16 03:15:00,1106772.6262626806
2026-04-16 03:30:00,1106772.6262626806
2026-04-16 03:45:00,1106772.6262626806
2026-04-16 04:00:00,1106772.6262626806
2026-04-16 04:15:00,1106772.6262626806
2026-04-16 04:30:00,1106772.6262626806
2026-04-16 04:45:00,1106772.6262626806
2026-04-16 05:00:00,1106772.6262626806
2026-04-16 05:15:00,1106772.6262626806
2026-04-16 05:30:00,1106772.6262626806
2026-04-16 05:45:00,1106772.6262626806
2026-04-16 06:00:00,1106772.6262626806
2026-04-16 06:15:00,1106772.6262626806
2026-04-16 06:30:00,1106772.6262626806
2026-04-16 06:45:00,1106772.6262626806
2026-04-16 07:00:00,1106772.6262626806
2026-04-16 07:15:00,1106772.6262626806
2026-04-16 07:30:00,1106772.6262626806
2026-04-16 07:45:00,1106772.6262626806
2026-04-16 08:00:00,1106772.6262626806
2026-04-16 08:15:00,1106772.6262626806
2026-04-16 08:30:00,1106772.6262626806
2026-04-16 08:45:00,1106772.6262626806
2026-04-16 09:00:00,1106772.6262626806
2026-04-16 09:15:00,1106772.6262626806
2026-04-16 09:30:00,1106772.6262626806
2026-04-16 09:45:00,1106772.6262626806
2026-04-16 10:00:00,1106772.6262626806
2026-04-16 10:15:00,1106772.6262626806
2026-04-16 10:30:00,1106772.6262626806
2026-04-16 10:45:00,1106772.6262626806
2026-04-16 11:00:00,1106772.6262626806
2026-04-16 11:15:00,1106772.6262626806
2026-04-16 11:30:00,1106772.6262626806
2026-04-16 11:45:00,1106772.6262626806
2026-04-16 12:00:00,1106772.6262626806
2026-04-16 12:15:00,1106772.6262626806
2026-04-16 12:30:00,1106772.6262626806
2026-04-16 12:45:00,1106772.6262626806
2026-04-16 13:00:00,1106772.6262626806
2026-04-16 13:15:00,1106772.6262626806
2026-04-16 13:30:00,1106772.6262626806
2026-04-16 13:45:00,1106772.6262626806
2026-04-16 14:00:00,1106772.6262626806
2026-04-16 14:15:00,1106772.6262626806
2026-04-16 14:30:00,1106772.6262626806
2026-04-16 14:45:00,1106772.6262626806
2026-04-16 15:00:00,1106772.6262626806
2026-04-16 15:15:00,1106772.6262626806
2026-04-16 15:30:00,1106772.6262626806
2026-04-16 15:45:00,1106772.6262626806
2026-04-16 16:00:00,1106772.6262626806
2026-04-16 16:15:00,1106772.6262626806
2026-04-16 16:30:00,1106772.6262626806
2026-04-16 16:45:00,1106772.6262626806
2026-04-16 17:00:00,1106772.6262626806
2026-04-16 17:15:00,1106772.6262626806
2026-04-16 17:30:00,1106772.6262626806
2026-04-16 17:45:00,1106772.6262626806
2026-04-16 18:00:00,1106772.6262626806
2026-04-16 18:15:00,1106772.6262626806
2026-04-16 18:30:00,1106772.6262626806
2026-04-16 18:45:00,1106772.6262626806
2026-04-16 19:00:00,1106772.6262626806
2026-04-16 19:15:00,1106772.6262626806
2026-04-16 19:30:00,1106772.6262626806
2026-04-16 19:45:00,1106772.6262626806
2026-04-16 20:00:00,1106772.6262626806
2026-04-16 20:15:00,1106772.6262626806
2026-04-16 20:30:00,1106772.6262626806
2026-04-16 20:45:00,1106772.6262626806
2026-04-16 21:00:00,1106772.6262626806
2026-04-16 21:15:00,1106772.6262626806
2026-04-16 21:30:00,1106772.6262626806
2026-04-16 21:45:00,1106772.6262626806
2026-04-16 22:00:00,1106772.6262626806
2026-04-16 22:15:00,1106772.6262626806
2026-04-16 22:30:00,1106772.6262626806
2026-04-16 22:45:00,1106772.6262626806
2026-04-16 23:00:00,1106772.6262626806
2026-04-16 23:15:00,1106772.6262626806
2026-04-16 23:30:00,1106772.6262626806
2026-04-16 23:45:00,1106772.6262626806
2026-04-17 00:00:00,1106772.6262626806
2026-04-17 00:15:00,1106772.6262626806
2026-04-17 00:30:00,1106772.6262626806
2026-04-17 00:45:00,1106772.6262626806
2026-04-17 01:00:00,1106772.6262626806
2026-04-17 01:15:00,1106772.6262626806
2026-04-17 01:30:00,1106772.6262626806
2026-04-17 01:45:00,1106772.6262626806
2026-04-17 02:00:00,1106772.6262626806
2026-04-17 02:15:00,1106772.6262626806
2026-04-17 02:30:00,1106772.6262626806
2026-04-17 02:45:00,1106772.6262626806
2026-04-17 03:00:00,1106772.6262626806
2026-04-17 03:15:00,1106772.6262626806
2026-04-17 03:30:00,1106772.6262626806
2026-04-17 03:45:00,1106772.6262626806
2026-04-17 04:00:00,1106772.6262626806
2026-04-17 04:15:00,1106772.6262626806
2026-04-17 04:30:00,1106772.6262626806
2026-04-17 04:45:00,1106772.6262626806
2026-04-17 05:00:00,1106772.6262626806
2026-04-17 05:15:00,1106772.6262626806
2026-04-17 05:30:00,1106772.6262626806
2026-04-17 05:45:00,1106772.6262626806
2026-04-17 06:00:00,1106772.6262626806
2026-04-17 06:15:00,1106772.6262626806
2026-04-17 06:30:00,1106772.6262626806
2026-04-17 06:45:00,1106772.6262626806
2026-04-17 07:00:00,1106772.6262626806
2026-04-17 07:15:00,1106772.6262626806
2026-04-17 07:30:00,1106772.6262626806
2026-04-17 07:45:00,1106772.6262626806
2026-04-17 08:00:00,1106772.6262626806
2026-04-17 08:15:00,1106772.6262626806
2026-04-17 08:30:00,1106772.6262626806
2026-04-17 08:45:00,1106772.6262626806
2026-04-17 09:00:00,1106772.6262626806
2026-04-17 09:15:00,1106772.6262626806
2026-04-17 09:30:00,1106772.6262626806
2026-04-17 09:45:00,1106772.6262626806
2026-04-17 10:00:00,1106772.6262626806
2026-04-17 10:15:00,1106772.6262626806
2026-04-17 10:30:00,1106772.6262626806
2026-04-17 10:45:00,1106772.6262626806
2026-04-17 11:00:00,1106772.6262626806
2026-04-17 11:15:00,1106772.6262626806
2026-04-17 11:30:00,1106772.6262626806
2026-04-17 11:45:00,1106772.6262626806
2026-04-17 12:00:00,1106772.6262626806
2026-04-17 12:15:00,1106772.6262626806
2026-04-17 12:30:00,1106772.6262626806
2026-04-17 12:45:00,1106772.6262626806
2026-04-17 13:00:00,1106772.6262626806
2026-04-17 13:15:00,1106772.6262626806
2026-04-17 13:30:00,1106772.6262626806
2026-04-17 13:45:00,1106772.6262626806
2026-04-17 14:00:00,1106772.6262626806
2026-04-17 14:15:00,1106772.6262626806
2026-04-17 14:30:00,1106772.6262626806
2026-04-17 14:45:00,1106772.6262626806
2026-04-17 15:00:00,1106772.6262626806
2026-04-17 15:15:00,1106772.6262626806
2026-04-17 15:30:00,1106772.6262626806
2026-04-17 15:45:00,1106772.6262626806
2026-04-17 16:00:00,1106772.6262626806
2026-04-17 16:15:00,1106772.6262626806
2026-04-17 16:30:00,1106772.6262626806
2026-04-17 16:45:00,1106772.6262626806
2026-04-17 17:00:00,1106772.6262626806
2026-04-17 17:15:00,1106772.6262626806
2026-04-17 17:30:00,1106772.6262626806
2026-04-17 17:45:00,1106772.6262626806
2026-04-17 18:00:00,1106772.6262626806
2026-04-17 18:15:00,1106772.6262626806
2026-04-17 18:30:00,1106772.6262626806
2026-04-17 18:45:00,1106772.6262626806
2026-04-17 19:00:00,1106772.6262626806
2026-04-17 19:15:00,1106772.6262626806
2026-04-17 19:30:00,1106772.6262626806
2026-04-17 19:45:00,1106772.6262626806
2026-04-17 20:00:00,1106772.6262626806
2026-04-17 20:15:00,1106772.6262626806
2026-04-17 20:30:00,1106772.6262626806
2026-04-17 20:45:00,1106772.6262626806
2026-04-17 21:00:00,1106772.6262626806
2026-04-17 21:15:00,1106772.6262626806
2026-04-17 21:30:00,1106772.6262626806
2026-04-17 21:45:00,1106772.6262626806
2026-04-17 22:00:00,1106772.6262626806
2026-04-17 22:15:00,1106772.6262626806
2026-04-17 22:30:00,1106772.6262626806
2026-04-17 22:45:00,1106772.6262626806
2026-04-17 23:00:00,1106772.6262626806
2026-04-17 23:15:00,1106772.6262626806
2026-04-17 23:30:00,1106772.6262626806
2026-04-17 23:45:00,1106772.6262626806
2026-04-20 00:00:00,1106772.6262626806
2026-04-20 00:15:00,1106772.6262626806
2026-04-20 00:30:00,1106772.6262626806
2026-04-20 00:45:00,1106772.6262626806
2026-04-20 01:00:00,1106772.6262626806
2026-04-20 01:15:00,1106772.6262626806
2026-04-20 01:30:00,1106772.6262626806
2026-04-20 01:45:00,1106772.6262626806
2026-04-20 02:00:00,1106772.6262626806
2026-04-20 02:15:00,1106772.6262626806
2026-04-20 02:30:00,1106772.6262626806
2026-04-20 02:45:00,1106772.6262626806
2026-04-20 03:00:00,1106772.6262626806
2026-04-20 03:15:00,1106772.6262626806
2026-04-20 03:30:00,1106772.6262626806
2026-04-20 03:45:00,1106772.6262626806
2026-04-20 04:00:00,1106772.6262626806
2026-04-20 04:15:00,1106772.6262626806
2026-04-20 04:30:00,1106772.6262626806
2026-04-20 04:45:00,1106772.6262626806
2026-04-20 05:00:00,1106772.6262626806
2026-04-20 05:15:00,1106772.6262626806
2026-04-20 05:30:00,1106772.6262626806
2026-04-20 05:45:00,1106772.6262626806
2026-04-20 06:00:00,1106772.6262626806
2026-04-20 06:15:00,1106772.6262626806
2026-04-20 06:30:00,1106772.6262626806
2026-04-20 06:45:00,1106772.6262626806
2026-04-20 07:00:00,1106772.6262626806
2026-04-20 07:15:00,1106772.6262626806
2026-04-20 07:30:00,1106772.6262626806
2026-04-20 07:45:00,1106772.6262626806
2026-04-20 08:00:00,1106772.6262626806
2026-04-20 08:15:00,1106772.6262626806
2026-04-20 08:30:00,1106772.6262626806
2026-04-20 08:45:00,1106772.6262626806
2026-04-20 09:00:00,1106772.6262626806
2026-04-20 09:15:00,1106772.6262626806
2026-04-20 09:30:00,1106772.6262626806
2026-04-20 09:45:00,1106772.6262626806
2026-04-20 10:00:00,1106772.6262626806
2026-04-20 10:15:00,1106772.6262626806
2026-04-20 10:30:00,1106772.6262626806
2026-04-20 10:45:00,1106772.6262626806
2026-04-20 11:00:00,1106772.6262626806
2026-04-20 11:15:00,1106772.6262626806
2026-04-20 11:30:00,1106772.6262626806
2026-04-20 11:45:00,1106772.6262626806
2026-04-20 12:00:00,1106772.6262626806
2026-04-20 12:15:00,1106772.6262626806
2026-04-20 12:30:00,1106772.6262626806
2026-04-20 12:45:00,1106772.6262626806
2026-04-20 13:00:00,1106772.6262626806
2026-04-20 13:15:00,1106772.6262626806
2026-04-20 13:30:00,1106772.6262626806
2026-04-20 13:45:00,1106772.6262626806
2026-04-20 14:00:00,1106772.6262626806
2026-04-20 14:15:00,1106772.6262626806
2026-04-20 14:30:00,1106772.6262626806
2026-04-20 14:45:00,1106772.6262626806
2026-04-20 15:00:00,1106772.6262626806
2026-04-20 15:15:00,1106772.6262626806
2026-04-20 15:30:00,1106772.6262626806
2026-04-20 15:45:00,1106772.6262626806
2026-04-20 16:00:00,1106772.6262626806
2026-04-20 16:15:00,1106772.6262626806
2026-04-20 16:30:00,1106772.6262626806
2026-04-20 16:45:00,1106772.6262626806
2026-04-20 17:00:00,1106772.6262626806
2026-04-20 17:15:00,1106772.6262626806
2026-04-20 17:30:00,1106772.6262626806
2026-04-20 17:45:00,1106772.6262626806
2026-04-20 18:00:00,1106772.6262626806
2026-04-20 18:15:00,1106772.6262626806
2026-04-20 18:30:00,1106772.6262626806
2026-04-20 18:45:00,1106772.6262626806
2026-04-20 19:00:00,1106772.6262626806
2026-04-20 19:15:00,1106772.6262626806
2026-04-20 19:30:00,1106772.6262626806
2026-04-20 19:45:00,1106772.6262626806
2026-04-20 20:00:00,1106772.6262626806
2026-04-20 20:15:00,1106772.6262626806
2026-04-20 20:30:00,1106772.6262626806
2026-04-20 20:45:00,1106772.6262626806
2026-04-20 21:00:00,1106772.6262626806
2026-04-20 21:15:00,1106772.6262626806
2026-04-20 21:30:00,1106772.6262626806
2026-04-20 21:45:00,1106772.6262626806
2026-04-20 22:00:00,1106772.6262626806
2026-04-20 22:15:00,1106772.6262626806
2026-04-20 22:30:00,1106772.6262626806
2026-04-20 22:45:00,1106772.6262626806
2026-04-20 23:00:00,1106772.6262626806
2026-04-20 23:15:00,1106772.6262626806
2026-04-20 23:30:00,1106772.6262626806
2026-04-20 23:45:00,1106772.6262626806
2026-04-21 00:00:00,1106772.6262626806
2026-04-21 00:15:00,1106772.6262626806
2026-04-21 00:30:00,1106772.6262626806
2026-04-21 00:45:00,1106772.6262626806
2026-04-21 01:00:00,1106772.6262626806
2026-04-21 01:15:00,1106772.6262626806
2026-04-21 01:30:00,1106772.6262626806
2026-04-21 01:45:00,1106772.6262626806
2026-04-21 02:00:00,1106772.6262626806
2026-04-21 02:15:00,1106772.6262626806
2026-04-21 02:30:00,1106772.6262626806
2026-04-21 02:45:00,1106772.6262626806
2026-04-21 03:00:00,1106772.6262626806
2026-04-21 03:15:00,1106772.6262626806
2026-04-21 03:30:00,1106772.6262626806
2026-04-21 03:45:00,1106772.6262626806
2026-04-21 04:00:00,1106772.6262626806
2026-04-21 04:15:00,1106772.6262626806
2026-04-21 04:30:00,1106772.6262626806
2026-04-21 04:45:00,1106772.6262626806
2026-04-21 05:00:00,1106772.6262626806
2026-04-21 05:15:00,1106772.6262626806
2026-04-21 05:30:00,1106772.6262626806
2026-04-21 05:45:00,1106772.6262626806
2026-04-21 06:00:00,1106772.6262626806
2026-04-21 06:15:00,1106772.6262626806
2026-04-21 06:30:00,1106772.6262626806
2026-04-21 06:45:00,1106772.6262626806
2026-04-21 07:00:00,1106772.6262626806
2026-04-21 07:15:00,1106772.6262626806
2026-04-21 07:30:00,1106772.6262626806
2026-04-21 07:45:00,1106772.6262626806
2026-04-21 08:00:00,1106772.6262626806
2026-04-21 08:15:00,1106772.6262626806
2026-04-21 08:30:00,1106772.6262626806
2026-04-21 08:45:00,1106772.6262626806
2026-04-21 09:00:00,1106772.6262626806
2026-04-21 09:15:00,1106772.6262626806
2026-04-21 09:30:00,1106772.6262626806
2026-04-21 09:45:00,1106772.6262626806
2026-04-21 10:00:00,1106772.6262626806
2026-04-21 10:15:00,1106772.6262626806
2026-04-21 10:30:00,1106772.6262626806
2026-04-21 10:45:00,1106772.6262626806
2026-04-21 11:00:00,1106772.6262626806
2026-04-21 11:15:00,1106772.6262626806
2026-04-21 11:30:00,1106772.6262626806
2026-04-21 11:45:00,1106772.6262626806
2026-04-21 12:00:00,1106772.6262626806
2026-04-21 12:15:00,1106772.6262626806
2026-04-21 12:30:00,1106772.6262626806
2026-04-21 12:45:00,1106772.6262626806
2026-04-21 13:00:00,1106772.6262626806
2026-04-21 13:15:00,1106772.6262626806
2026-04-21 13:30:00,1106772.6262626806
2026-04-21 13:45:00,1106772.6262626806
2026-04-21 14:00:00,1106772.6262626806
2026-04-21 14:15:00,1106772.6262626806
2026-04-21 14:30:00,1106772.6262626806
2026-04-21 14:45:00,1106772.6262626806
2026-04-21 15:00:00,1106772.6262626806
2026-04-21 15:15:00,1106772.6262626806
2026-04-21 15:30:00,1106772.6262626806
2026-04-21 15:45:00,1106772.6262626806
2026-04-21 16:00:00,1106772.6262626806
2026-04-21 16:15:00,1106772.6262626806
2026-04-21 16:30:00,1106772.6262626806
2026-04-21 16:45:00,1106772.6262626806
2026-04-21 17:00:00,1106772.6262626806
2026-04-21 17:15:00,1106772.6262626806
2026-04-21 17:30:00,1106772.6262626806
2026-04-21 17:45:00,1106772.6262626806
2026-04-21 18:00:00,1106772.6262626806
2026-04-21 18:15:00,1106772.6262626806
2026-04-21 18:30:00,1106772.6262626806
2026-04-21 18:45:00,1106772.6262626806
2026-04-21 19:00:00,1106772.6262626806
2026-04-21 19:15:00,1106772.6262626806
2026-04-21 19:30:00,1106772.6262626806
2026-04-21 19:45:00,1106772.6262626806
2026-04-21 20:00:00,1106772.6262626806
2026-04-21 20:15:00,1106772.6262626806
2026-04-21 20:30:00,1106772.6262626806
2026-04-21 20:45:00,1106772.6262626806
2026-04-21 21:00:00,1106772.6262626806
2026-04-21 21:15:00,1106772.6262626806
2026-04-21 21:30:00,1106772.6262626806
2026-04-21 21:45:00,1106772.6262626806
2026-04-21 22:00:00,1106772.6262626806
2026-04-21 22:15:00,1106772.6262626806
2026-04-21 22:30:00,1106772.6262626806
2026-04-21 22:45:00,1106772.6262626806
2026-04-21 23:00:00,1106772.6262626806
2026-04-21 23:15:00,1106772.6262626806
2026-04-21 23:30:00,1106772.6262626806
2026-04-21 23:45:00,1106772.6262626806
2026-04-22 00:00:00,1106772.6262626806
2026-04-22 00:15:00,1106772.6262626806
2026-04-22 00:30:00,1106772.6262626806
2026-04-22 00:45:00,1106772.6262626806
2026-04-22 01:00:00,1106772.6262626806
2026-04-22 01:15:00,1106772.6262626806
2026-04-22 01:30:00,1106772.6262626806
2026-04-22 01:45:00,1106772.6262626806
2026-04-22 02:00:00,1106772.6262626806
2026-04-22 02:15:00,1106772.6262626806
2026-04-22 02:30:00,1106772.6262626806
2026-04-22 02:45:00,1106772.6262626806
2026-04-22 03:00:00,1106772.6262626806
2026-04-22 03:15:00,1106772.6262626806
2026-04-22 03:30:00,1106772.6262626806
2026-04-22 03:45:00,1106772.6262626806
2026-04-22 04:00:00,1106772.6262626806
2026-04-22 04:15:00,1106772.6262626806
2026-04-22 04:30:00,1106772.6262626806
2026-04-22 04:45:00,1106772.6262626806
2026-04-22 05:00:00,1106772.6262626806
2026-04-22 05:15:00,1106772.6262626806
2026-04-22 05:30:00,1106772.6262626806
2026-04-22 05:45:00,1106772.6262626806
2026-04-22 06:00:00,1106772.6262626806
2026-04-22 06:15:00,1106772.6262626806
2026-04-22 06:30:00,1106772.6262626806
2026-04-22 06:45:00,1106772.6262626806
2026-04-22 07:00:00,1106772.6262626806
2026-04-22 07:15:00,1106772.6262626806
2026-04-22 07:30:00,1106772.6262626806
2026-04-22 07:45:00,1106772.6262626806
2026-04-22 08:00:00,1106772.6262626806
2026-04-22 08:15:00,1106772.6262626806
2026-04-22 08:30:00,1106772.6262626806
2026-04-22 08:45:00,1106772.6262626806
2026-04-22 09:00:00,1106772.6262626806
2026-04-22 09:15:00,1106772.6262626806
2026-04-22 09:30:00,1106772.6262626806
2026-04-22 09:45:00,1106772.6262626806
2026-04-22 10:00:00,1106772.6262626806
2026-04-22 10:15:00,1106772.6262626806
2026-04-22 10:30:00,1106772.6262626806
2026-04-22 10:45:00,1106772.6262626806
2026-04-22 11:00:00,1106772.6262626806
2026-04-22 11:15:00,1106772.6262626806
2026-04-22 11:30:00,1106772.6262626806
2026-04-22 11:45:00,1106772.6262626806
2026-04-22 12:00:00,1106772.6262626806
2026-04-22 12:15:00,1106772.6262626806
2026-04-22 12:30:00,1106772.6262626806
2026-04-22 12:45:00,1106772.6262626806
2026-04-22 13:00:00,1106772.6262626806
2026-04-22 13:15:00,1106772.6262626806
2026-04-22 13:30:00,1106772.6262626806
2026-04-22 13:45:00,1106772.6262626806
2026-04-22 14:00:00,1106772.6262626806
2026-04-22 14:15:00,1106772.6262626806
2026-04-22 14:30:00,1106772.6262626806
2026-04-22 14:45:00,1106772.6262626806
2026-04-22 15:00:00,1106772.6262626806
2026-04-22 15:15:00,1106772.6262626806
2026-04-22 15:30:00,1106772.6262626806
2026-04-22 15:45:00,1106772.6262626806
2026-04-22 16:00:00,1106772.6262626806
2026-04-22 16:15:00,1106772.6262626806
2026-04-22 16:30:00,1106772.6262626806
2026-04-22 16:45:00,1106772.6262626806
2026-04-22 17:00:00,1106772.6262626806
2026-04-22 17:15:00,1106772.6262626806
2026-04-22 17:30:00,1106772.6262626806
2026-04-22 17:45:00,1106772.6262626806
2026-04-22 18:00:00,1106772.6262626806
2026-04-22 18:15:00,1106772.6262626806
2026-04-22 18:30:00,1106772.6262626806
2026-04-22 18:45:00,1106772.6262626806
2026-04-22 19:00:00,1106772.6262626806
2026-04-22 19:15:00,1106772.6262626806
2026-04-22 19:30:00,1106772.6262626806
2026-04-22 19:45:00,1106772.6262626806
2026-04-22 20:00:00,1106772.6262626806
2026-04-22 20:15:00,1106772.6262626806
2026-04-22 20:30:00,1106772.6262626806
2026-04-22 20:45:00,1106772.6262626806
2026-04-22 21:00:00,1106772.6262626806
2026-04-22 21:15:00,1106772.6262626806
2026-04-22 21:30:00,1106772.6262626806
2026-04-22 21:45:00,1106772.6262626806
2026-04-22 22:00:00,1106772.6262626806
2026-04-22 22:15:00,1106772.6262626806
2026-04-22 22:30:00,1106772.6262626806
2026-04-22 22:45:00,1106772.6262626806
2026-04-22 23:00:00,1106772.6262626806
2026-04-22 23:15:00,1106772.6262626806
2026-04-22 23:30:00,1106772.6262626806
2026-04-22 23:45:00,1106772.6262626806
2026-04-23 00:00:00,1106772.6262626806
2026-04-23 00:15:00,1106772.6262626806
2026-04-23 00:30:00,1106772.6262626806
2026-04-23 00:45:00,1106772.6262626806
2026-04-23 01:00:00,1106772.6262626806
2026-04-23 01:15:00,1106772.6262626806
2026-04-23 01:30:00,1106772.6262626806
2026-04-23 01:45:00,1106772.6262626806
2026-04-23 02:00:00,1106772.6262626806
2026-04-23 02:15:00,1106772.6262626806
2026-04-23 02:30:00,1106772.6262626806
2026-04-23 02:45:00,1106772.6262626806
2026-04-23 03:00:00,1106772.6262626806
2026-04-23 03:15:00,1106772.6262626806
2026-04-23 03:30:00,1106772.6262626806
2026-04-23 03:45:00,1106772.6262626806
2026-04-23 04:00:00,1106772.6262626806
2026-04-23 04:15:00,1106772.6262626806
2026-04-23 04:30:00,1106772.6262626806
2026-04-23 04:45:00,1106772.6262626806
2026-04-23 05:00:00,1106772.6262626806
2026-04-23 05:15:00,1106772.6262626806
2026-04-23 05:30:00,1106772.6262626806
2026-04-23 05:45:00,1106772.6262626806
2026-04-23 06:00:00,1106772.6262626806
2026-04-23 06:15:00,1106772.6262626806
2026-04-23 06:30:00,1106772.6262626806
2026-04-23 06:45:00,1106772.6262626806
2026-04-23 07:00:00,1106772.6262626806
2026-04-23 07:15:00,1106772.6262626806
2026-04-23 07:30:00,1106772.6262626806
2026-04-23 07:45:00,1106772.6262626806
2026-04-23 08:00:00,1106772.6262626806
2026-04-23 08:15:00,1106772.6262626806
2026-04-23 08:30:00,1106772.6262626806
2026-04-23 08:45:00,1106772.6262626806
2026-04-23 09:00:00,1106772.6262626806
2026-04-23 09:15:00,1106772.6262626806
2026-04-23 09:30:00,1106772.6262626806
2026-04-23 09:45:00,1106772.6262626806
2026-04-23 10:00:00,1106772.6262626806
2026-04-23 10:15:00,1106772.6262626806
2026-04-23 10:30:00,1106772.6262626806
2026-04-23 10:45:00,1106772.6262626806
2026-04-23 11:00:00,1106772.6262626806
2026-04-23 11:15:00,1106772.6262626806
2026-04-23 11:30:00,1106772.6262626806
2026-04-23 11:45:00,1106772.6262626806
2026-04-23 12:00:00,1106772.6262626806
2026-04-23 12:15:00,1106772.6262626806
2026-04-23 12:30:00,1106772.6262626806
2026-04-23 12:45:00,1106772.6262626806
2026-04-23 13:00:00,1106772.6262626806
2026-04-23 13:15:00,1106772.6262626806
2026-04-23 13:30:00,1106772.6262626806
2026-04-23 13:45:00,1106772.6262626806
2026-04-23 14:00:00,1106772.6262626806
2026-04-23 14:15:00,1106772.6262626806
2026-04-23 14:30:00,1106772.6262626806
2026-04-23 14:45:00,1106772.6262626806
2026-04-23 15:00:00,1106772.6262626806
2026-04-23 15:15:00,1106772.6262626806
2026-04-23 15:30:00,1106772.6262626806
2026-04-23 15:45:00,1106772.6262626806
2026-04-23 16:00:00,1106772.6262626806
2026-04-23 16:15:00,1106772.6262626806
2026-04-23 16:30:00,1106772.6262626806
2026-04-23 16:45:00,1106772.6262626806
2026-04-23 17:00:00,1106772.6262626806
2026-04-23 17:15:00,1106772.6262626806
2026-04-23 17:30:00,1106772.6262626806
2026-04-23 17:45:00,1106772.6262626806
2026-04-23 18:00:00,1106772.6262626806
2026-04-23 18:15:00,1106772.6262626806
2026-04-23 18:30:00,1106772.6262626806
2026-04-23 18:45:00,1106772.6262626806
2026-04-23 19:00:00,1106772.6262626806
2026-04-23 19:15:00,1106772.6262626806
2026-04-23 19:30:00,1106772.6262626806
2026-04-23 19:45:00,1106772.6262626806
2026-04-23 20:00:00,1106772.6262626806
2026-04-23 20:15:00,1106772.6262626806
2026-04-23 20:30:00,1106772.6262626806
2026-04-23 20:45:00,1106772.6262626806
2026-04-23 21:00:00,1106772.6262626806
2026-04-23 21:15:00,1106772.6262626806
2026-04-23 21:30:00,1106772.6262626806
2026-04-23 21:45:00,1106772.6262626806
2026-04-23 22:00:00,1106772.6262626806
2026-04-23 22:15:00,1106772.6262626806
2026-04-23 22:30:00,1106772.6262626806
2026-04-23 22:45:00,1106772.6262626806
2026-04-23 23:00:00,1106772.6262626806
2026-04-23 23:15:00,1106772.6262626806
2026-04-23 23:30:00,1106772.6262626806
2026-04-23 23:45:00,1106772.6262626806
2026-04-24 00:00:00,1106772.6262626806
2026-04-24 00:15:00,1106772.6262626806
2026-04-24 00:30:00,1106772.6262626806
2026-04-24 00:45:00,1106772.6262626806
2026-04-24 01:00:00,1106772.6262626806
2026-04-24 01:15:00,1106772.6262626806
2026-04-24 01:30:00,1106772.6262626806
2026-04-24 01:45:00,1106772.6262626806
2026-04-24 02:00:00,1106772.6262626806
2026-04-24 02:15:00,1106772.6262626806
2026-04-24 02:30:00,1106772.6262626806
2026-04-24 02:45:00,1106772.6262626806
2026-04-24 03:00:00,1106772.6262626806
2026-04-24 03:15:00,1106772.6262626806
2026-04-24 03:30:00,1106772.6262626806
2026-04-24 03:45:00,1106772.6262626806
2026-04-24 04:00:00,1106772.6262626806
2026-04-24 04:15:00,1106772.6262626806
2026-04-24 04:30:00,1106772.6262626806
2026-04-24 04:45:00,1106772.6262626806
2026-04-24 05:00:00,1106772.6262626806
2026-04-24 05:15:00,1106772.6262626806
2026-04-24 05:30:00,1106772.6262626806
2026-04-24 05:45:00,1106772.6262626806
2026-04-24 06:00:00,1106772.6262626806
2026-04-24 06:15:00,1106772.6262626806
2026-04-24 06:30:00,1106772.6262626806
2026-04-24 06:45:00,1106772.6262626806
2026-04-24 07:00:00,1106772.6262626806
2026-04-24 07:15:00,1106772.6262626806
2026-04-24 07:30:00,1106772.6262626806
2026-04-24 07:45:00,1106772.6262626806
2026-04-24 08:00:00,1106772.6262626806
2026-04-24 08:15:00,1106772.6262626806
2026-04-24 08:30:00,1106772.6262626806
2026-04-24 08:45:00,1106772.6262626806
2026-04-24 09:00:00,1106772.6262626806
2026-04-24 09:15:00,1106772.6262626806
2026-04-24 09:30:00,1106772.6262626806
2026-04-24 09:45:00,1106772.6262626806
2026-04-24 10:00:00,1106772.6262626806
2026-04-24 10:15:00,1106772.6262626806
2026-04-24 10:30:00,1106772.6262626806
2026-04-24 10:45:00,1106772.6262626806
2026-04-24 11:00:00,1106772.6262626806
2026-04-24 11:15:00,1106772.6262626806
2026-04-24 11:30:00,1106772.6262626806
2026-04-24 11:45:00,1106772.6262626806
2026-04-24 12:00:00,1106772.6262626806
2026-04-24 12:15:00,1106772.6262626806
2026-04-24 12:30:00,1106772.6262626806
2026-04-24 12:45:00,1106772.6262626806
2026-04-24 13:00:00,1106772.6262626806
2026-04-24 13:15:00,1106772.6262626806
2026-04-24 13:30:00,1106772.6262626806
2026-04-24 13:45:00,1106772.6262626806
2026-04-24 14:00:00,1106772.6262626806
2026-04-24 14:15:00,1106772.6262626806
2026-04-24 14:30:00,1106772.6262626806
2026-04-24 14:45:00,1106772.6262626806
2026-04-24 15:00:00,1106772.6262626806
2026-04-24 15:15:00,1106772.6262626806
2026-04-24 15:30:00,1106772.6262626806
2026-04-24 15:45:00,1106772.6262626806
2026-04-24 16:00:00,1106772.6262626806
2026-04-24 16:15:00,1106772.6262626806
2026-04-24 16:30:00,1106772.6262626806
2026-04-24 16:45:00,1106772.6262626806
2026-04-24 17:00:00,1106772.6262626806
2026-04-24 17:15:00,1106772.6262626806
2026-04-24 17:30:00,1106772.6262626806
2026-04-24 17:45:00,1106772.6262626806
2026-04-24 18:00:00,1106772.6262626806
2026-04-24 18:15:00,1106772.6262626806
2026-04-24 18:30:00,1106772.6262626806
2026-04-24 18:45:00,1106772.6262626806
2026-04-24 19:00:00,1106772.6262626806
2026-04-24 19:15:00,1106772.6262626806
2026-04-24 19:30:00,1106772.6262626806
2026-04-24 19:45:00,1106772.6262626806
2026-04-24 20:00:00,1106772.6262626806
2026-04-24 20:15:00,1106772.6262626806
2026-04-24 20:30:00,1106772.6262626806
2026-04-24 20:45:00,1106772.6262626806
2026-04-24 21:00:00,1106772.6262626806
2026-04-24 21:15:00,1106772.6262626806
2026-04-24 21:30:00,1106772.6262626806
2026-04-24 21:45:00,1106772.6262626806
2026-04-24 22:00:00,1106772.6262626806
2026-04-24 22:15:00,1106772.6262626806
2026-04-24 22:30:00,1106772.6262626806
2026-04-24 22:45:00,1106772.6262626806
2026-04-24 23:00:00,1106772.6262626806
2026-04-24 23:15:00,1106772.6262626806
2026-04-24 23:30:00,1106772.6262626806
2026-04-24 23:45:00,1106772.6262626806
2026-04-27 00:00:00,1106772.6262626806
2026-04-27 00:15:00,1106772.6262626806
2026-04-27 00:30:00,1106772.6262626806
2026-04-27 00:45:00,1106772.6262626806
2026-04-27 01:00:00,1106772.6262626806
2026-04-27 01:15:00,1106772.6262626806
2026-04-27 01:30:00,1106772.6262626806
2026-04-27 01:45:00,1106772.6262626806
2026-04-27 02:00:00,1106772.6262626806
2026-04-27 02:15:00,1106772.6262626806
2026-04-27 02:30:00,1106772.6262626806
2026-04-27 02:45:00,1106772.6262626806
2026-04-27 03:00:00,1106772.6262626806
2026-04-27 03:15:00,1106772.6262626806
2026-04-27 03:30:00,1106772.6262626806
2026-04-27 03:45:00,1106772.6262626806
2026-04-27 04:00:00,1106772.6262626806
2026-04-27 04:15:00,1106772.6262626806
2026-04-27 04:30:00,1106772.6262626806
2026-04-27 04:45:00,1106772.6262626806
2026-04-27 05:00:00,1106772.6262626806
2026-04-27 05:15:00,1106772.6262626806
2026-04-27 05:30:00,1106772.6262626806
2026-04-27 05:45:00,1106772.6262626806
2026-04-27 06:00:00,1106772.6262626806
2026-04-27 06:15:00,1106772.6262626806
2026-04-27 06:30:00,1106772.6262626806
2026-04-27 06:45:00,1106772.6262626806
2026-04-27 07:00:00,1106772.6262626806
2026-04-27 07:15:00,1106772.6262626806
2026-04-27 07:30:00,1106772.6262626806
2026-04-27 07:45:00,1106772.6262626806
2026-04-27 08:00:00,1106772.6262626806
2026-04-27 08:15:00,1106772.6262626806
2026-04-27 08:30:00,1106772.6262626806
2026-04-27 08:45:00,1106772.6262626806
2026-04-27 09:00:00,1106772.6262626806
2026-04-27 09:15:00,1106772.6262626806
2026-04-27 09:30:00,1106772.6262626806
2026-04-27 09:45:00,1106772.6262626806
2026-04-27 10:00:00,1106772.6262626806
2026-04-27 10:15:00,1106772.6262626806
2026-04-27 10:30:00,1106772.6262626806
2026-04-27 10:45:00,1106772.6262626806
2026-04-27 11:00:00,1106772.6262626806
2026-04-27 11:15:00,1106772.6262626806
2026-04-27 11:30:00,1106772.6262626806
2026-04-27 11:45:00,1106772.6262626806
2026-04-27 12:00:00,1106772.6262626806
2026-04-27 12:15:00,1106772.6262626806
2026-04-27 12:30:00,1106772.6262626806
2026-04-27 12:45:00,1106772.6262626806
2026-04-27 13:00:00,1106772.6262626806
2026-04-27 13:15:00,1106772.6262626806
2026-04-27 13:30:00,1106772.6262626806
2026-04-27 13:45:00,1106772.6262626806
2026-04-27 14:00:00,1106772.6262626806
2026-04-27 14:15:00,1106772.6262626806
2026-04-27 14:30:00,1106772.6262626806
2026-04-27 14:45:00,1106772.6262626806
2026-04-27 15:00:00,1106772.6262626806
2026-04-27 15:15:00,1106772.6262626806
2026-04-27 15:30:00,1106772.6262626806
2026-04-27 15:45:00,1106772.6262626806
2026-04-27 16:00:00,1106772.6262626806
2026-04-27 16:15:00,1106772.6262626806
2026-04-27 16:30:00,1106772.6262626806
2026-04-27 16:45:00,1106772.6262626806
2026-04-27 17:00:00,1106772.6262626806
2026-04-27 17:15:00,1106772.6262626806
2026-04-27 17:30:00,1106772.6262626806
2026-04-27 17:45:00,1106772.6262626806
2026-04-27 18:00:00,1106772.6262626806
2026-04-27 18:15:00,1106772.6262626806
2026-04-27 18:30:00,1106772.6262626806
2026-04-27 18:45:00,1106772.6262626806
2026-04-27 19:00:00,1106772.6262626806
2026-04-27 19:15:00,1106772.6262626806
2026-04-27 19:30:00,1106772.6262626806
2026-04-27 19:45:00,1106772.6262626806
2026-04-27 20:00:00,1106772.6262626806
2026-04-27 20:15:00,1106772.6262626806
2026-04-27 20:30:00,1106772.6262626806
2026-04-27 20:45:00,1106772.6262626806
2026-04-27 21:00:00,1106772.6262626806
2026-04-27 21:15:00,1106772.6262626806
2026-04-27 21:30:00,1106772.6262626806
2026-04-27 21:45:00,1106772.6262626806
2026-04-27 22:00:00,1106772.6262626806
2026-04-27 22:15:00,1106772.6262626806
2026-04-27 22:30:00,1106772.6262626806
2026-04-27 22:45:00,1106772.6262626806
2026-04-27 23:00:00,1106772.6262626806
2026-04-27 23:15:00,1106772.6262626806
2026-04-27 23:30:00,1106772.6262626806
2026-04-27 23:45:00,1106772.6262626806
2026-04-28 00:00:00,1106772.6262626806
2026-04-28 00:15:00,1106772.6262626806
2026-04-28 00:30:00,1106772.6262626806
2026-04-28 00:45:00,1106772.6262626806
2026-04-28 01:00:00,1106772.6262626806
2026-04-28 01:15:00,1106772.6262626806
2026-04-28 01:30:00,1106772.6262626806
2026-04-28 01:45:00,1106772.6262626806
2026-04-28 02:00:00,1106772.6262626806
2026-04-28 02:15:00,1106772.6262626806
2026-04-28 02:30:00,1106772.6262626806
2026-04-28 02:45:00,1106772.6262626806
2026-04-28 03:00:00,1106772.6262626806
2026-04-28 03:15:00,1106772.6262626806
2026-04-28 03:30:00,1106772.6262626806
2026-04-28 03:45:00,1106772.6262626806
2026-04-28 04:00:00,1106772.6262626806
2026-04-28 04:15:00,1106772.6262626806
2026-04-28 04:30:00,1106772.6262626806
2026-04-28 04:45:00,1106772.6262626806
2026-04-28 05:00:00,1106772.6262626806
2026-04-28 05:15:00,1106772.6262626806
2026-04-28 05:30:00,1106772.6262626806
2026-04-28 05:45:00,1106772.6262626806
2026-04-28 06:00:00,1106772.6262626806
2026-04-28 06:15:00,1106772.6262626806
2026-04-28 06:30:00,1106772.6262626806
2026-04-28 06:45:00,1106772.6262626806
2026-04-28 07:00:00,1106772.6262626806
2026-04-28 07:15:00,1106772.6262626806
2026-04-28 07:30:00,1106772.6262626806
2026-04-28 07:45:00,1106772.6262626806
2026-04-28 08:00:00,1106772.6262626806
2026-04-28 08:15:00,1106772.6262626806
2026-04-28 08:30:00,1106772.6262626806
2026-04-28 08:45:00,1106772.6262626806
2026-04-28 09:00:00,1106772.6262626806
2026-04-28 09:15:00,1106772.6262626806
2026-04-28 09:30:00,1106772.6262626806
2026-04-28 09:45:00,1106772.6262626806
2026-04-28 10:00:00,1106772.6262626806
2026-04-28 10:15:00,1106772.6262626806
2026-04-28 10:30:00,1106772.6262626806
2026-04-28 10:45:00,1106772.6262626806
2026-04-28 11:00:00,1106772.6262626806
2026-04-28 11:15:00,1106772.6262626806
2026-04-28 11:30:00,1106772.6262626806
2026-04-28 11:45:00,1106772.6262626806
2026-04-28 12:00:00,1106772.6262626806
2026-04-28 12:15:00,1106772.6262626806
2026-04-28 12:30:00,1106772.6262626806
2026-04-28 12:45:00,1106772.6262626806
2026-04-28 13:00:00,1106772.6262626806
2026-04-28 13:15:00,1106772.6262626806
2026-04-28 13:30:00,1106772.6262626806
2026-04-28 13:45:00,1106772.6262626806
2026-04-28 14:00:00,1106772.6262626806
2026-04-28 14:15:00,1106772.6262626806
2026-04-28 14:30:00,1106772.6262626806
2026-04-28 14:45:00,1106772.6262626806
2026-04-28 15:00:00,1106772.6262626806
2026-04-28 15:15:00,1106772.6262626806
2026-04-28 15:30:00,1106772.6262626806
2026-04-28 15:45:00,1106772.6262626806
2026-04-28 16:00:00,1106772.6262626806
2026-04-28 16:15:00,1106772.6262626806
2026-04-28 16:30:00,1106772.6262626806
2026-04-28 16:45:00,1106772.6262626806
2026-04-28 17:00:00,1106772.6262626806
2026-04-28 17:15:00,1106772.6262626806
2026-04-28 17:30:00,1106772.6262626806
2026-04-28 17:45:00,1106772.6262626806
2026-04-28 18:00:00,1106772.6262626806
2026-04-28 18:15:00,1106772.6262626806
2026-04-28 18:30:00,1106772.6262626806
2026-04-28 18:45:00,1106772.6262626806
2026-04-28 19:00:00,1106772.6262626806
2026-04-28 19:15:00,1106772.6262626806
2026-04-28 19:30:00,1106772.6262626806
2026-04-28 19:45:00,1106772.6262626806
2026-04-28 20:00:00,1106772.6262626806
2026-04-28 20:15:00,1106772.6262626806
2026-04-28 20:30:00,1106772.6262626806
2026-04-28 20:45:00,1106772.6262626806
2026-04-28 21:00:00,1106772.6262626806
2026-04-28 21:15:00,1106772.6262626806
2026-04-28 21:30:00,1106772.6262626806
2026-04-28 21:45:00,1106772.6262626806
2026-04-28 22:00:00,1106772.6262626806
2026-04-28 22:15:00,1106772.6262626806
2026-04-28 22:30:00,1106772.6262626806
2026-04-28 22:45:00,1106772.6262626806
2026-04-28 23:00:00,1106772.6262626806
2026-04-28 23:15:00,1106772.6262626806
2026-04-28 23:30:00,1106772.6262626806
2026-04-28 23:45:00,1106772.6262626806
2026-04-29 00:00:00,1106772.6262626806
2026-04-29 00:15:00,1106772.6262626806
2026-04-29 00:30:00,1106772.6262626806
2026-04-29 00:45:00,1106772.6262626806
2026-04-29 01:00:00,1106772.6262626806
2026-04-29 01:15:00,1106772.6262626806
2026-04-29 01:30:00,1106772.6262626806
2026-04-29 01:45:00,1106772.6262626806
2026-04-29 02:00:00,1106772.6262626806
2026-04-29 02:15:00,1106772.6262626806
2026-04-29 02:30:00,1106772.6262626806
2026-04-29 02:45:00,1106772.6262626806
2026-04-29 03:00:00,1106772.6262626806
2026-04-29 03:15:00,1106772.6262626806
2026-04-29 03:30:00,1106772.6262626806
2026-04-29 03:45:00,1106772.6262626806
2026-04-29 04:00:00,1106772.6262626806
2026-04-29 04:15:00,1106772.6262626806
2026-04-29 04:30:00,1106772.6262626806
2026-04-29 04:45:00,1106772.6262626806
2026-04-29 05:00:00,1106772.6262626806
2026-04-29 05:15:00,1106772.6262626806
2026-04-29 05:30:00,1106772.6262626806
2026-04-29 05:45:00,1106772.6262626806
2026-04-29 06:00:00,1106772.6262626806
2026-04-29 06:15:00,1106772.6262626806
2026-04-29 06:30:00,1106772.6262626806
2026-04-29 06:45:00,1106772.6262626806
2026-04-29 07:00:00,1106772.6262626806
2026-04-29 07:15:00,1106772.6262626806
2026-04-29 07:30:00,1106772.6262626806
2026-04-29 07:45:00,1106772.6262626806
2026-04-29 08:00:00,1106772.6262626806
2026-04-29 08:15:00,1106772.6262626806
2026-04-29 08:30:00,1106772.6262626806
2026-04-29 08:45:00,1106772.6262626806
2026-04-29 09:00:00,1106772.6262626806
2026-04-29 09:15:00,1106772.6262626806
2026-04-29 09:30:00,1106772.6262626806
2026-04-29 09:45:00,1106772.6262626806
2026-04-29 10:00:00,1106772.6262626806
2026-04-29 10:15:00,1106772.6262626806
2026-04-29 10:30:00,1106772.6262626806
2026-04-29 10:45:00,1106772.6262626806
2026-04-29 11:00:00,1106772.6262626806
2026-04-29 11:15:00,1106772.6262626806
2026-04-29 11:30:00,1106772.6262626806
2026-04-29 11:45:00,1106772.6262626806
2026-04-29 12:00:00,1106772.6262626806
2026-04-29 12:15:00,1106772.6262626806
2026-04-29 12:30:00,1106772.6262626806
2026-04-29 12:45:00,1106772.6262626806
2026-04-29 13:00:00,1106772.6262626806
2026-04-29 13:15:00,1106772.6262626806
2026-04-29 13:30:00,1106772.6262626806
2026-04-29 13:45:00,1106772.6262626806
2026-04-29 14:00:00,1106772.6262626806
2026-04-29 14:15:00,1106772.6262626806
2026-04-29 14:30:00,1106772.6262626806
2026-04-29 14:45:00,1106772.6262626806
2026-04-29 15:00:00,1106772.6262626806
2026-04-29 15:15:00,1106772.6262626806
2026-04-29 15:30:00,1106772.6262626806
2026-04-29 15:45:00,1106772.6262626806
2026-04-29 16:00:00,1106772.6262626806
2026-04-29 16:15:00,1106772.6262626806
2026-04-29 16:30:00,1106772.6262626806
2026-04-29 16:45:00,1106772.6262626806
2026-04-29 17:00:00,1106772.6262626806
2026-04-29 17:15:00,1106772.6262626806
2026-04-29 17:30:00,1106772.6262626806
2026-04-29 17:45:00,1106772.6262626806
2026-04-29 18:00:00,1106772.6262626806
2026-04-29 18:15:00,1106772.6262626806
2026-04-29 18:30:00,1106772.6262626806
2026-04-29 18:45:00,1106772.6262626806
2026-04-29 19:00:00,1106772.6262626806
2026-04-29 19:15:00,1106772.6262626806
2026-04-29 19:30:00,1106772.6262626806
2026-04-29 19:45:00,1106772.6262626806
2026-04-29 20:00:00,1106772.6262626806
2026-04-29 20:15:00,1106772.6262626806
2026-04-29 20:30:00,1106772.6262626806
2026-04-29 20:45:00,1106772.6262626806
2026-04-29 21:00:00,1106772.6262626806
2026-04-29 21:15:00,1106772.6262626806
2026-04-29 21:30:00,1106772.6262626806
2026-04-29 21:45:00,1106772.6262626806
2026-04-29 22:00:00,1106772.6262626806
2026-04-29 22:15:00,1106772.6262626806
2026-04-29 22:30:00,1106772.6262626806
2026-04-29 22:45:00,1106772.6262626806
2026-04-29 23:00:00,1106772.6262626806
2026-04-29 23:15:00,1106772.6262626806
2026-04-29 23:30:00,1106772.6262626806
2026-04-29 23:45:00,1106772.6262626806
2026-04-30 00:00:00,1106772.6262626806
2026-04-30 00:15:00,1106772.6262626806
2026-04-30 00:30:00,1106772.6262626806
2026-04-30 00:45:00,1106772.6262626806
2026-04-30 01:00:00,1106772.6262626806
2026-04-30 01:15:00,1106772.6262626806
2026-04-30 01:30:00,1106772.6262626806
2026-04-30 01:45:00,1106772.6262626806
2026-04-30 02:00:00,1106772.6262626806
2026-04-30 02:15:00,1106772.6262626806
2026-04-30 02:30:00,1106772.6262626806
2026-04-30 02:45:00,1106772.6262626806
2026-04-30 03:00:00,1106772.6262626806
2026-04-30 03:15:00,1106772.6262626806
2026-04-30 03:30:00,1106772.6262626806
2026-04-30 03:45:00,1106772.6262626806
2026-04-30 04:00:00,1106772.6262626806
2026-04-30 04:15:00,1106772.6262626806
2026-04-30 04:30:00,1106772.6262626806
2026-04-30 04:45:00,1106772.6262626806
2026-04-30 05:00:00,1106772.6262626806
2026-04-30 05:15:00,1106772.6262626806
2026-04-30 05:30:00,1106772.6262626806
2026-04-30 05:45:00,1106772.6262626806
2026-04-30 06:00:00,1106772.6262626806
2026-04-30 06:15:00,1106772.6262626806
2026-04-30 06:30:00,1106772.6262626806
2026-04-30 06:45:00,1106772.6262626806
2026-04-30 07:00:00,1106772.6262626806
2026-04-30 07:15:00,1106772.6262626806
2026-04-30 07:30:00,1106772.6262626806
2026-04-30 07:45:00,1106772.6262626806
2026-04-30 08:00:00,1106772.6262626806
2026-04-30 08:15:00,1106772.6262626806
2026-04-30 08:30:00,1106772.6262626806
2026-04-30 08:45:00,1106772.6262626806
2026-04-30 09:00:00,1106772.6262626806
2026-04-30 09:15:00,1106772.6262626806
2026-04-30 09:30:00,1106772.6262626806
2026-04-30 09:45:00,1106772.6262626806
2026-04-30 10:00:00,1106772.6262626806
2026-04-30 10:15:00,1106772.6262626806
2026-04-30 10:30:00,1106772.6262626806
2026-04-30 10:45:00,1106772.6262626806
2026-04-30 11:00:00,1106772.6262626806
2026-04-30 11:15:00,1106772.6262626806
2026-04-30 11:30:00,1106772.6262626806
2026-04-30 11:45:00,1106772.6262626806
2026-04-30 12:00:00,1106772.6262626806
2026-04-30 12:15:00,1106772.6262626806
2026-04-30 12:30:00,1106772.6262626806
2026-04-30 12:45:00,1106772.6262626806
2026-04-30 13:00:00,1106772.6262626806
2026-04-30 13:15:00,1106772.6262626806
2026-04-30 13:30:00,1106772.6262626806
2026-04-30 13:45:00,1106772.6262626806
2026-04-30 14:00:00,1106772.6262626806
2026-04-30 14:15:00,1106772.6262626806
2026-04-30 14:30:00,1106772.6262626806
2026-04-30 14:45:00,1106772.6262626806
2026-04-30 15:00:00,1106772.6262626806
2026-04-30 15:15:00,1106772.6262626806
2026-04-30 15:30:00,1106772.6262626806
2026-04-30 15:45:00,1106772.6262626806
2026-04-30 16:00:00,1106772.6262626806
2026-04-30 16:15:00,1106772.6262626806
2026-04-30 16:30:00,1106772.6262626806
2026-04-30 16:45:00,1106772.6262626806
2026-04-30 17:00:00,1106772.6262626806
2026-04-30 17:15:00,1106772.6262626806
2026-04-30 17:30:00,1106772.6262626806
2026-04-30 17:45:00,1106772.6262626806
2026-04-30 18:00:00,1106772.6262626806
2026-04-30 18:15:00,1106772.6262626806
2026-04-30 18:30:00,1106772.6262626806
2026-04-30 18:45:00,1106772.6262626806
2026-04-30 19:00:00,1106772.6262626806
2026-04-30 19:15:00,1106772.6262626806
2026-04-30 19:30:00,1106772.6262626806
2026-04-30 19:45:00,1106772.6262626806
2026-04-30 20:00:00,1106772.6262626806
2026-04-30 20:15:00,1106772.6262626806
2026-04-30 20:30:00,1106772.6262626806
2026-04-30 20:45:00,1106772.6262626806
2026-04-30 21:00:00,1106772.6262626806
2026-04-30 21:15:00,1106772.6262626806
2026-04-30 21:30:00,1106772.6262626806
2026-04-30 21:45:00,1106772.6262626806
2026-04-30 22:00:00,1106772.6262626806
2026-04-30 22:15:00,1106772.6262626806
2026-04-30 22:30:00,1106772.6262626806
2026-04-30 22:45:00,1106772.6262626806
2026-04-30 23:00:00,1106772.6262626806
2026-04-30 23:15:00,1106772.6262626806
2026-04-30 23:30:00,1106772.6262626806
2026-04-30 23:45:00,1106772.6262626806
2026-05-01 00:00:00,1106772.6262626806
2026-05-01 00:15:00,1106772.6262626806
2026-05-01 00:30:00,1106772.6262626806
2026-05-01 00:45:00,1106772.6262626806
2026-05-01 01:00:00,1106772.6262626806
2026-05-01 01:15:00,1106772.6262626806
2026-05-01 01:30:00,1106772.6262626806
2026-05-01 01:45:00,1106772.6262626806
2026-05-01 02:00:00,1106772.6262626806
2026-05-01 02:15:00,1106772.6262626806
2026-05-01 02:30:00,1106772.6262626806
2026-05-01 02:45:00,1106772.6262626806
2026-05-01 03:00:00,1106772.6262626806
2026-05-01 03:15:00,1106772.6262626806
2026-05-01 03:30:00,1106772.6262626806
2026-05-01 03:45:00,1106772.6262626806
2026-05-01 04:00:00,1106772.6262626806
2026-05-01 04:15:00,1106772.6262626806
2026-05-01 04:30:00,1106772.6262626806
2026-05-01 04:45:00,1106772.6262626806
2026-05-01 05:00:00,1106772.6262626806
2026-05-01 05:15:00,1106772.6262626806
2026-05-01 05:30:00,1106772.6262626806
2026-05-01 05:45:00,1106772.6262626806
2026-05-01 06:00:00,1106772.6262626806
2026-05-01 06:15:00,1106772.6262626806
2026-05-01 06:30:00,1106772.6262626806
2026-05-01 06:45:00,1106772.6262626806
2026-05-01 07:00:00,1106772.6262626806
2026-05-01 07:15:00,1106772.6262626806
2026-05-01 07:30:00,1106772.6262626806
2026-05-01 07:45:00,1106772.6262626806
2026-05-01 08:00:00,1106772.6262626806
2026-05-01 08:15:00,1106772.6262626806
2026-05-01 08:30:00,1106772.6262626806
2026-05-01 08:45:00,1106772.6262626806
2026-05-01 09:00:00,1106772.6262626806
2026-05-01 09:15:00,1106772.6262626806
2026-05-01 09:30:00,1106772.6262626806
2026-05-01 09:45:00,1106772.6262626806
2026-05-01 10:00:00,1106772.6262626806
2026-05-01 10:15:00,1106772.6262626806
2026-05-01 10:30:00,1106772.6262626806
2026-05-01 10:45:00,1106772.6262626806
2026-05-01 11:00:00,1106772.6262626806
2026-05-01 11:15:00,1106772.6262626806
2026-05-01 11:30:00,1106772.6262626806
2026-05-01 11:45:00,1106772.6262626806
2026-05-01 12:00:00,1106772.6262626806
2026-05-01 12:15:00,1106772.6262626806
2026-05-01 12:30:00,1106772.6262626806
2026-05-01 12:45:00,1106772.6262626806
2026-05-01 13:00:00,1106772.6262626806
2026-05-01 13:15:00,1106772.6262626806
2026-05-01 13:30:00,1106772.6262626806
2026-05-01 13:45:00,1106772.6262626806
2026-05-01 14:00:00,1106772.6262626806
2026-05-01 14:15:00,1106772.6262626806
2026-05-01 14:30:00,1106772.6262626806
2026-05-01 14:45:00,1106772.6262626806
2026-05-01 15:00:00,1106772.6262626806
2026-05-01 15:15:00,1106772.6262626806
2026-05-01 15:30:00,1106772.6262626806
2026-05-01 15:45:00,1106772.6262626806
2026-05-01 16:00:00,1106772.6262626806
2026-05-01 16:15:00,1106772.6262626806
2026-05-01 16:30:00,1106772.6262626806
2026-05-01 16:45:00,1106772.6262626806
2026-05-01 17:00:00,1106772.6262626806
2026-05-01 17:15:00,1106772.6262626806
2026-05-01 17:30:00,1106772.6262626806
2026-05-01 17:45:00,1106772.6262626806
2026-05-01 18:00:00,1106772.6262626806
2026-05-01 18:15:00,1106772.6262626806
2026-05-01 18:30:00,1106772.6262626806
2026-05-01 18:45:00,1106772.6262626806
2026-05-01 19:00:00,1106772.6262626806
2026-05-01 19:15:00,1106772.6262626806
2026-05-01 19:30:00,1106772.6262626806
2026-05-01 19:45:00,1106772.6262626806
2026-05-01 20:00:00,1106772.6262626806
2026-05-01 20:15:00,1106772.6262626806
2026-05-01 20:30:00,1106772.6262626806
2026-05-01 20:45:00,1106772.6262626806
2026-05-01 21:00:00,1106772.6262626806
2026-05-01 21:15:00,1106772.6262626806
2026-05-01 21:30:00,1106772.6262626806
2026-05-01 21:45:00,1106772.6262626806
2026-05-01 22:00:00,1106772.6262626806
2026-05-01 22:15:00,1106772.6262626806
2026-05-01 22:30:00,1106772.6262626806
2026-05-01 22:45:00,1106772.6262626806
2026-05-01 23:00:00,1106772.6262626806
2026-05-01 23:15:00,1106772.6262626806
2026-05-01 23:30:00,1106772.6262626806
2026-05-01 23:45:00,1106772.6262626806
2026-05-04 00:00:00,1106772.6262626806
2026-05-04 00:15:00,1106772.6262626806
2026-05-04 00:30:00,1106772.6262626806
2026-05-04 00:45:00,1106772.6262626806
2026-05-04 01:00:00,1106772.6262626806
2026-05-04 01:15:00,1106772.6262626806
2026-05-04 01:30:00,1106772.6262626806
2026-05-04 01:45:00,1106772.6262626806
2026-05-04 02:00:00,1106772.6262626806
2026-05-04 02:15:00,1106772.6262626806
2026-05-04 02:30:00,1106772.6262626806
2026-05-04 02:45:00,1106772.6262626806
2026-05-04 03:00:00,1106772.6262626806
2026-05-04 03:15:00,1106772.6262626806
2026-05-04 03:30:00,1106772.6262626806
2026-05-04 03:45:00,1106772.6262626806
2026-05-04 04:00:00,1106772.6262626806
2026-05-04 04:15:00,1106772.6262626806
2026-05-04 04:30:00,1106772.6262626806
2026-05-04 04:45:00,1106772.6262626806
2026-05-04 05:00:00,1106772.6262626806
2026-05-04 05:15:00,1106772.6262626806
2026-05-04 05:30:00,1106772.6262626806
2026-05-04 05:45:00,1106772.6262626806
2026-05-04 06:00:00,1106772.6262626806
2026-05-04 06:15:00,1106772.6262626806
2026-05-04 06:30:00,1106772.6262626806
2026-05-04 06:45:00,1106772.6262626806
2026-05-04 07:00:00,1106772.6262626806
2026-05-04 07:15:00,1106772.6262626806
2026-05-04 07:30:00,1106772.6262626806
2026-05-04 07:45:00,1106772.6262626806
2026-05-04 08:00:00,1106772.6262626806
2026-05-04 08:15:00,1106772.6262626806
2026-05-04 08:30:00,1106772.6262626806
2026-05-04 08:45:00,1106772.6262626806
2026-05-04 09:00:00,1106772.6262626806
2026-05-04 09:15:00,1106772.6262626806
2026-05-04 09:30:00,1106772.6262626806
2026-05-04 09:45:00,1106772.6262626806
2026-05-04 10:00:00,1106772.6262626806
2026-05-04 10:15:00,1106772.6262626806
2026-05-04 10:30:00,1106772.6262626806
2026-05-04 10:45:00,1106772.6262626806
2026-05-04 11:00:00,1106772.6262626806
2026-05-04 11:15:00,1106772.6262626806
2026-05-04 11:30:00,1106772.6262626806
2026-05-04 11:45:00,1106772.6262626806
2026-05-04 12:00:00,1106772.6262626806
2026-05-04 12:15:00,1106772.6262626806
2026-05-04 12:30:00,1106772.6262626806
2026-05-04 12:45:00,1106772.6262626806
2026-05-04 13:00:00,1106772.6262626806
2026-05-04 13:15:00,1106772.6262626806
2026-05-04 13:30:00,1106772.6262626806
2026-05-04 13:45:00,1106772.6262626806
2026-05-04 14:00:00,1106772.6262626806
2026-05-04 14:15:00,1106772.6262626806
2026-05-04 14:30:00,1106772.6262626806
2026-05-04 14:45:00,1106772.6262626806
2026-05-04 15:00:00,1106772.6262626806
2026-05-04 15:15:00,1106772.6262626806
2026-05-04 15:30:00,1106772.6262626806
2026-05-04 15:45:00,1106772.6262626806
2026-05-04 16:00:00,1106772.6262626806
2026-05-04 16:15:00,1106772.6262626806
2026-05-04 16:30:00,1106772.6262626806
2026-05-04 16:45:00,1106772.6262626806
2026-05-04 17:00:00,1106772.6262626806
2026-05-04 17:15:00,1106772.6262626806
2026-05-04 17:30:00,1106772.6262626806
2026-05-04 17:45:00,1106772.6262626806
2026-05-04 18:00:00,1106772.6262626806
2026-05-04 18:15:00,1106772.6262626806
2026-05-04 18:30:00,1106772.6262626806
2026-05-04 18:45:00,1106772.6262626806
2026-05-04 19:00:00,1106772.6262626806
2026-05-04 19:15:00,1106772.6262626806
2026-05-04 19:30:00,1106772.6262626806
2026-05-04 19:45:00,1106772.6262626806
2026-05-04 20:00:00,1106772.6262626806
2026-05-04 20:15:00,1106772.6262626806
2026-05-04 20:30:00,1106772.6262626806
2026-05-04 20:45:00,1106772.6262626806
2026-05-04 21:00:00,1106772.6262626806
2026-05-04 21:15:00,1106772.6262626806
2026-05-04 21:30:00,1106772.6262626806
2026-05-04 21:45:00,1106772.6262626806
2026-05-04 22:00:00,1106772.6262626806
2026-05-04 22:15:00,1106772.6262626806
2026-05-04 22:30:00,1106772.6262626806
2026-05-04 22:45:00,1106772.6262626806
2026-05-04 23:00:00,1106772.6262626806
2026-05-04 23:15:00,1106772.6262626806
2026-05-04 23:30:00,1106772.6262626806
2026-05-04 23:45:00,1106772.6262626806
2026-05-05 00:00:00,1106772.6262626806
2026-05-05 00:15:00,1106772.6262626806
2026-05-05 00:30:00,1106772.6262626806
2026-05-05 00:45:00,1106772.6262626806
2026-05-05 01:00:00,1106772.6262626806
2026-05-05 01:15:00,1106772.6262626806
2026-05-05 01:30:00,1106772.6262626806
2026-05-05 01:45:00,1106772.6262626806
2026-05-05 02:00:00,1106772.6262626806
2026-05-05 02:15:00,1106772.6262626806
2026-05-05 02:30:00,1106772.6262626806
2026-05-05 02:45:00,1106772.6262626806
2026-05-05 03:00:00,1106772.6262626806
2026-05-05 03:15:00,1106772.6262626806
2026-05-05 03:30:00,1106772.6262626806
2026-05-05 03:45:00,1106772.6262626806
2026-05-05 04:00:00,1106772.6262626806
2026-05-05 04:15:00,1106772.6262626806
2026-05-05 04:30:00,1106772.6262626806
2026-05-05 04:45:00,1106772.6262626806
2026-05-05 05:00:00,1106772.6262626806
2026-05-05 05:15:00,1106772.6262626806
2026-05-05 05:30:00,1106772.6262626806
2026-05-05 05:45:00,1106772.6262626806
2026-05-05 06:00:00,1106772.6262626806
2026-05-05 06:15:00,1106772.6262626806
2026-05-05 06:30:00,1106772.6262626806
2026-05-05 06:45:00,1106772.6262626806
2026-05-05 07:00:00,1106772.6262626806
2026-05-05 07:15:00,1106772.6262626806
2026-05-05 07:30:00,1106772.6262626806
2026-05-05 07:45:00,1106772.6262626806
2026-05-05 08:00:00,1106772.6262626806
2026-05-05 08:15:00,1106772.6262626806
2026-05-05 08:30:00,1106772.6262626806
2026-05-05 08:45:00,1106772.6262626806
2026-05-05 09:00:00,1106772.6262626806
2026-05-05 09:15:00,1106772.6262626806
2026-05-05 09:30:00,1106772.6262626806
2026-05-05 09:45:00,1106772.6262626806
2026-05-05 10:00:00,1106772.6262626806
2026-05-05 10:15:00,1106772.6262626806
2026-05-05 10:30:00,1106772.6262626806
2026-05-05 10:45:00,1106772.6262626806
2026-05-05 11:00:00,1106772.6262626806
2026-05-05 11:15:00,1106772.6262626806
2026-05-05 11:30:00,1106772.6262626806
2026-05-05 11:45:00,1106772.6262626806
2026-05-05 12:00:00,1106772.6262626806
2026-05-05 12:15:00,1106772.6262626806
2026-05-05 12:30:00,1106772.6262626806
2026-05-05 12:45:00,1106772.6262626806
2026-05-05 13:00:00,1106772.6262626806
2026-05-05 13:15:00,1106772.6262626806
2026-05-05 13:30:00,1106772.6262626806
2026-05-05 13:45:00,1106772.6262626806
2026-05-05 14:00:00,1106772.6262626806
2026-05-05 14:15:00,1106772.6262626806
2026-05-05 14:30:00,1106772.6262626806
2026-05-05 14:45:00,1106772.6262626806
2026-05-05 15:00:00,1106772.6262626806
2026-05-05 15:15:00,1106772.6262626806
2026-05-05 15:30:00,1106772.6262626806
2026-05-05 15:45:00,1106772.6262626806
2026-05-05 16:00:00,1106772.6262626806
2026-05-05 16:15:00,1106772.6262626806
2026-05-05 16:30:00,1106772.6262626806
2026-05-05 16:45:00,1106772.6262626806
2026-05-05 17:00:00,1106772.6262626806
2026-05-05 17:15:00,1106772.6262626806
2026-05-05 17:30:00,1106772.6262626806
2026-05-05 17:45:00,1106772.6262626806
2026-05-05 18:00:00,1106772.6262626806
2026-05-05 18:15:00,1106772.6262626806
2026-05-05 18:30:00,1106772.6262626806
2026-05-05 18:45:00,1106772.6262626806
2026-05-05 19:00:00,1106772.6262626806
2026-05-05 19:15:00,1106772.6262626806
2026-05-05 19:30:00,1106772.6262626806
2026-05-05 19:45:00,1106772.6262626806
2026-05-05 20:00:00,1106772.6262626806
2026-05-05 20:15:00,1106772.6262626806
2026-05-05 20:30:00,1106772.6262626806
2026-05-05 20:45:00,1106772.6262626806
2026-05-05 21:00:00,1106772.6262626806
2026-05-05 21:15:00,1106772.6262626806
2026-05-05 21:30:00,1106772.6262626806
2026-05-05 21:45:00,1106772.6262626806
2026-05-05 22:00:00,1106772.6262626806
2026-05-05 22:15:00,1106772.6262626806
2026-05-05 22:30:00,1106772.6262626806
2026-05-05 22:45:00,1106772.6262626806
2026-05-05 23:00:00,1106772.6262626806
2026-05-05 23:15:00,1106772.6262626806
2026-05-05 23:30:00,1106772.6262626806
2026-05-05 23:45:00,1106772.6262626806
2026-05-06 00:00:00,1106772.6262626806
2026-05-06 00:15:00,1106772.6262626806
2026-05-06 00:30:00,1106772.6262626806
2026-05-06 00:45:00,1106772.6262626806
2026-05-06 01:00:00,1106772.6262626806
2026-05-06 01:15:00,1106772.6262626806
2026-05-06 01:30:00,1106772.6262626806
2026-05-06 01:45:00,1106772.6262626806
2026-05-06 02:00:00,1106772.6262626806
2026-05-06 02:15:00,1106772.6262626806
2026-05-06 02:30:00,1106772.6262626806
2026-05-06 02:45:00,1106772.6262626806
2026-05-06 03:00:00,1106772.6262626806
2026-05-06 03:15:00,1106772.6262626806
2026-05-06 03:30:00,1106772.6262626806
2026-05-06 03:45:00,1106772.6262626806
2026-05-06 04:00:00,1106772.6262626806
2026-05-06 04:15:00,1106772.6262626806
2026-05-06 04:30:00,1106772.6262626806
2026-05-06 04:45:00,1106772.6262626806
2026-05-06 05:00:00,1106772.6262626806
2026-05-06 05:15:00,1106772.6262626806
2026-05-06 05:30:00,1106772.6262626806
2026-05-06 05:45:00,1106772.6262626806
2026-05-06 06:00:00,1106772.6262626806
2026-05-06 06:15:00,1106772.6262626806
2026-05-06 06:30:00,1106772.6262626806
2026-05-06 06:45:00,1106772.6262626806
2026-05-06 07:00:00,1106772.6262626806
2026-05-06 07:15:00,1106772.6262626806
2026-05-06 07:30:00,1106772.6262626806
2026-05-06 07:45:00,1106772.6262626806
2026-05-06 08:00:00,1106772.6262626806
2026-05-06 08:15:00,1106772.6262626806
2026-05-06 08:30:00,1106772.6262626806
2026-05-06 08:45:00,1106772.6262626806
2026-05-06 09:00:00,1106772.6262626806
2026-05-06 09:15:00,1106772.6262626806
2026-05-06 09:30:00,1106772.6262626806
2026-05-06 09:45:00,1106772.6262626806
2026-05-06 10:00:00,1106772.6262626806
2026-05-06 10:15:00,1106772.6262626806
2026-05-06 10:30:00,1106772.6262626806
2026-05-06 10:45:00,1106772.6262626806
2026-05-06 11:00:00,1106772.6262626806
2026-05-06 11:15:00,1106772.6262626806
2026-05-06 11:30:00,1106772.6262626806
2026-05-06 11:45:00,1106772.6262626806
2026-05-06 12:00:00,1106772.6262626806
2026-05-06 12:15:00,1106772.6262626806
2026-05-06 12:30:00,1106772.6262626806
2026-05-06 12:45:00,1106772.6262626806
2026-05-06 13:00:00,1106772.6262626806
2026-05-06 13:15:00,1106772.6262626806
2026-05-06 13:30:00,1106772.6262626806
2026-05-06 13:45:00,1106772.6262626806
2026-05-06 14:00:00,1106772.6262626806
2026-05-06 14:15:00,1106772.6262626806
2026-05-06 14:30:00,1106772.6262626806
2026-05-06 14:45:00,1106772.6262626806
2026-05-06 15:00:00,1106772.6262626806
2026-05-06 15:15:00,1106772.6262626806
2026-05-06 15:30:00,1106772.6262626806
2026-05-06 15:45:00,1106772.6262626806
2026-05-06 16:00:00,1106772.6262626806
2026-05-06 16:15:00,1106772.6262626806
2026-05-06 16:30:00,1106772.6262626806
2026-05-06 16:45:00,1106772.6262626806
2026-05-06 17:00:00,1106772.6262626806
2026-05-06 17:15:00,1106772.6262626806
2026-05-06 17:30:00,1106772.6262626806
2026-05-06 17:45:00,1106772.6262626806
2026-05-06 18:00:00,1106772.6262626806
2026-05-06 18:15:00,1106772.6262626806
2026-05-06 18:30:00,1106772.6262626806
2026-05-06 18:45:00,1106772.6262626806
2026-05-06 19:00:00,1106772.6262626806
2026-05-06 19:15:00,1106772.6262626806
2026-05-06 19:30:00,1106772.6262626806
2026-05-06 19:45:00,1106772.6262626806
2026-05-06 20:00:00,1106772.6262626806
2026-05-06 20:15:00,1106772.6262626806
2026-05-06 20:30:00,1106772.6262626806
2026-05-06 20:45:00,1106772.6262626806
2026-05-06 21:00:00,1106772.6262626806
2026-05-06 21:15:00,1106772.6262626806
2026-05-06 21:30:00,1106772.6262626806
2026-05-06 21:45:00,1106772.6262626806
2026-05-06 22:00:00,1106772.6262626806
2026-05-06 22:15:00,1106772.6262626806
2026-05-06 22:30:00,1106772.6262626806
2026-05-06 22:45:00,1106772.6262626806
2026-05-06 23:00:00,1106772.6262626806
2026-05-06 23:15:00,1106772.6262626806
2026-05-06 23:30:00,1106772.6262626806
2026-05-06 23:45:00,1106772.6262626806
2026-05-07 00:00:00,1106772.6262626806
2026-05-07 00:15:00,1106772.6262626806
2026-05-07 00:30:00,1106772.6262626806
2026-05-07 00:45:00,1106772.6262626806
2026-05-07 01:00:00,1106772.6262626806
2026-05-07 01:15:00,1106772.6262626806
2026-05-07 01:30:00,1106772.6262626806
2026-05-07 01:45:00,1106772.6262626806
2026-05-07 02:00:00,1106772.6262626806
2026-05-07 02:15:00,1106772.6262626806
2026-05-07 02:30:00,1106772.6262626806
2026-05-07 02:45:00,1106772.6262626806
2026-05-07 03:00:00,1106772.6262626806
2026-05-07 03:15:00,1106772.6262626806
2026-05-07 03:30:00,1106772.6262626806
2026-05-07 03:45:00,1106772.6262626806
2026-05-07 04:00:00,1106772.6262626806
2026-05-07 04:15:00,1106772.6262626806
2026-05-07 04:30:00,1106772.6262626806
2026-05-07 04:45:00,1106772.6262626806
2026-05-07 05:00:00,1106772.6262626806
2026-05-07 05:15:00,1106772.6262626806
2026-05-07 05:30:00,1106772.6262626806
2026-05-07 05:45:00,1106772.6262626806
2026-05-07 06:00:00,1106772.6262626806
2026-05-07 06:15:00,1106772.6262626806
2026-05-07 06:30:00,1106772.6262626806
2026-05-07 06:45:00,1106772.6262626806
2026-05-07 07:00:00,1106772.6262626806
2026-05-07 07:15:00,1106772.6262626806
2026-05-07 07:30:00,1106772.6262626806
2026-05-07 07:45:00,1106772.6262626806
2026-05-07 08:00:00,1106772.6262626806
2026-05-07 08:15:00,1106772.6262626806
2026-05-07 08:30:00,1106772.6262626806
2026-05-07 08:45:00,1106772.6262626806
2026-05-07 09:00:00,1106772.6262626806
2026-05-07 09:15:00,1106772.6262626806
2026-05-07 09:30:00,1106772.6262626806
2026-05-07 09:45:00,1106772.6262626806
2026-05-07 10:00:00,1106772.6262626806
2026-05-07 10:15:00,1106772.6262626806
2026-05-07 10:30:00,1106772.6262626806
2026-05-07 10:45:00,1106772.6262626806
2026-05-07 11:00:00,1106772.6262626806
2026-05-07 11:15:00,1106772.6262626806
2026-05-07 11:30:00,1106772.6262626806
2026-05-07 11:45:00,1106772.6262626806
2026-05-07 12:00:00,1106772.6262626806
2026-05-07 12:15:00,1106772.6262626806
2026-05-07 12:30:00,1106772.6262626806
2026-05-07 12:45:00,1106772.6262626806
2026-05-07 13:00:00,1106772.6262626806
2026-05-07 13:15:00,1106772.6262626806
2026-05-07 13:30:00,1106772.6262626806
2026-05-07 13:45:00,1106772.6262626806
2026-05-07 14:00:00,1106772.6262626806
2026-05-07 14:15:00,1106772.6262626806
2026-05-07 14:30:00,1106772.6262626806
2026-05-07 14:45:00,1106772.6262626806
2026-05-07 15:00:00,1106772.6262626806
2026-05-07 15:15:00,1106772.6262626806
2026-05-07 15:30:00,1106772.6262626806
2026-05-07 15:45:00,1106772.6262626806
2026-05-07 16:00:00,1106772.6262626806
2026-05-07 16:15:00,1106772.6262626806
2026-05-07 16:30:00,1106772.6262626806
2026-05-07 16:45:00,1106772.6262626806
2026-05-07 17:00:00,1106772.6262626806
2026-05-07 17:15:00,1106772.6262626806
2026-05-07 17:30:00,1106772.6262626806
2026-05-07 17:45:00,1106772.6262626806
2026-05-07 18:00:00,1106772.6262626806
2026-05-07 18:15:00,1106772.6262626806
2026-05-07 18:30:00,1106772.6262626806
2026-05-07 18:45:00,1106772.6262626806
2026-05-07 19:00:00,1106772.6262626806
2026-05-07 19:15:00,1106772.6262626806
2026-05-07 19:30:00,1106772.6262626806
2026-05-07 19:45:00,1106772.6262626806
2026-05-07 20:00:00,1106772.6262626806
2026-05-07 20:15:00,1106772.6262626806
2026-05-07 20:30:00,1106772.6262626806
2026-05-07 20:45:00,1106772.6262626806
2026-05-07 21:00:00,1106772.6262626806
2026-05-07 21:15:00,1106772.6262626806
2026-05-07 21:30:00,1106772.6262626806
2026-05-07 21:45:00,1106772.6262626806
2026-05-07 22:00:00,1106772.6262626806
2026-05-07 22:15:00,1106772.6262626806
2026-05-07 22:30:00,1106772.6262626806
2026-05-07 22:45:00,1106772.6262626806
2026-05-07 23:00:00,1106772.6262626806
2026-05-07 23:15:00,1106772.6262626806
2026-05-07 23:30:00,1106772.6262626806
2026-05-07 23:45:00,1106772.6262626806
2026-05-08 00:00:00,1106772.6262626806
2026-05-08 00:15:00,1106772.6262626806
2026-05-08 00:30:00,1106772.6262626806
2026-05-08 00:45:00,1106772.6262626806
2026-05-08 01:00:00,1106772.6262626806
2026-05-08 01:15:00,1106772.6262626806
2026-05-08 01:30:00,1106772.6262626806
2026-05-08 01:45:00,1106772.6262626806
2026-05-08 02:00:00,1106772.6262626806
2026-05-08 02:15:00,1106772.6262626806
2026-05-08 02:30:00,1106772.6262626806
2026-05-08 02:45:00,1106772.6262626806
2026-05-08 03:00:00,1106772.6262626806
2026-05-08 03:15:00,1106772.6262626806
2026-05-08 03:30:00,1106772.6262626806
2026-05-08 03:45:00,1106772.6262626806
2026-05-08 04:00:00,1106772.6262626806
2026-05-08 04:15:00,1106772.6262626806
2026-05-08 04:30:00,1106772.6262626806
2026-05-08 04:45:00,1106772.6262626806
2026-05-08 05:00:00,1106772.6262626806
2026-05-08 05:15:00,1106772.6262626806
2026-05-08 05:30:00,1106772.6262626806
2026-05-08 05:45:00,1106772.6262626806
2026-05-08 06:00:00,1106772.6262626806
2026-05-08 06:15:00,1106772.6262626806
2026-05-08 06:30:00,1106772.6262626806
2026-05-08 06:45:00,1106772.6262626806
2026-05-08 07:00:00,1106772.6262626806
2026-05-08 07:15:00,1106772.6262626806
2026-05-08 07:30:00,1106772.6262626806
2026-05-08 07:45:00,1106772.6262626806
2026-05-08 08:00:00,1106772.6262626806
2026-05-08 08:15:00,1106772.6262626806
2026-05-08 08:30:00,1106772.6262626806
2026-05-08 08:45:00,1106772.6262626806
2026-05-08 09:00:00,1106772.6262626806
2026-05-08 09:15:00,1106772.6262626806
2026-05-08 09:30:00,1106772.6262626806
2026-05-08 09:45:00,1106772.6262626806
2026-05-08 10:00:00,1106772.6262626806
2026-05-08 10:15:00,1106772.6262626806
2026-05-08 10:30:00,1106772.6262626806
2026-05-08 10:45:00,1106772.6262626806
2026-05-08 11:00:00,1106772.6262626806
2026-05-08 11:15:00,1106772.6262626806
2026-05-08 11:30:00,1106772.6262626806
2026-05-08 11:45:00,1106772.6262626806
2026-05-08 12:00:00,1106772.6262626806
2026-05-08 12:15:00,1106772.6262626806
2026-05-08 12:30:00,1106772.6262626806
2026-05-08 12:45:00,1106772.6262626806
2026-05-08 13:00:00,1106772.6262626806
2026-05-08 13:15:00,1106772.6262626806
2026-05-08 13:30:00,1106772.6262626806
2026-05-08 13:45:00,1106772.6262626806
2026-05-08 14:00:00,1106772.6262626806
2026-05-08 14:15:00,1106772.6262626806
2026-05-08 14:30:00,1106772.6262626806
2026-05-08 14:45:00,1106772.6262626806
2026-05-08 15:00:00,1106772.6262626806
2026-05-08 15:15:00,1106772.6262626806
2026-05-08 15:30:00,1106772.6262626806
2026-05-08 15:45:00,1106772.6262626806
2026-05-08 16:00:00,1106772.6262626806
2026-05-08 16:15:00,1106772.6262626806
2026-05-08 16:30:00,1106772.6262626806
2026-05-08 16:45:00,1106772.6262626806
2026-05-08 17:00:00,1106772.6262626806
2026-05-08 17:15:00,1106772.6262626806
2026-05-08 17:30:00,1106772.6262626806
2026-05-08 17:45:00,1106772.6262626806
2026-05-08 18:00:00,1106772.6262626806
2026-05-08 18:15:00,1106772.6262626806
2026-05-08 18:30:00,1106772.6262626806
2026-05-08 18:45:00,1106772.6262626806
2026-05-08 19:00:00,1106772.6262626806
2026-05-08 19:15:00,1106772.6262626806
2026-05-08 19:30:00,1106772.6262626806
2026-05-08 19:45:00,1106772.6262626806
2026-05-08 20:00:00,1106772.6262626806
2026-05-08 20:15:00,1106772.6262626806
2026-05-08 20:30:00,1106772.6262626806
2026-05-08 20:45:00,1106772.6262626806
2026-05-08 21:00:00,1106772.6262626806
2026-05-08 21:15:00,1106772.6262626806
2026-05-08 21:30:00,1106772.6262626806
2026-05-08 21:45:00,1106772.6262626806
2026-05-08 22:00:00,1106772.6262626806
2026-05-08 22:15:00,1106772.6262626806
2026-05-08 22:30:00,1106772.6262626806
2026-05-08 22:45:00,1106772.6262626806
2026-05-08 23:00:00,1106772.6262626806
2026-05-08 23:15:00,1106772.6262626806
2026-05-08 23:30:00,1106772.6262626806
2026-05-08 23:45:00,1106772.6262626806
2026-05-11 00:00:00,1106772.6262626806
2026-05-11 00:15:00,1106772.6262626806
2026-05-11 00:30:00,1106772.6262626806
2026-05-11 00:45:00,1106772.6262626806
2026-05-11 01:00:00,1106772.6262626806
2026-05-11 01:15:00,1106772.6262626806
2026-05-11 01:30:00,1106772.6262626806
2026-05-11 01:45:00,1106772.6262626806
2026-05-11 02:00:00,1106772.6262626806
2026-05-11 02:15:00,1106772.6262626806
2026-05-11 02:30:00,1106772.6262626806
2026-05-11 02:45:00,1106772.6262626806
2026-05-11 03:00:00,1106772.6262626806
2026-05-11 03:15:00,1106772.6262626806
2026-05-11 03:30:00,1106772.6262626806
2026-05-11 03:45:00,1106772.6262626806
2026-05-11 04:00:00,1106772.6262626806
2026-05-11 04:15:00,1106772.6262626806
2026-05-11 04:30:00,1106772.6262626806
2026-05-11 04:45:00,1106772.6262626806
2026-05-11 05:00:00,1106772.6262626806
2026-05-11 05:15:00,1106772.6262626806
2026-05-11 05:30:00,1106772.6262626806
2026-05-11 05:45:00,1106772.6262626806
2026-05-11 06:00:00,1106772.6262626806
2026-05-11 06:15:00,1106772.6262626806
2026-05-11 06:30:00,1106772.6262626806
2026-05-11 06:45:00,1106772.6262626806
2026-05-11 07:00:00,1106772.6262626806
2026-05-11 07:15:00,1106772.6262626806
2026-05-11 07:30:00,1106772.6262626806
2026-05-11 07:45:00,1106772.6262626806
2026-05-11 08:00:00,1106772.6262626806
2026-05-11 08:15:00,1106772.6262626806
2026-05-11 08:30:00,1106772.6262626806
2026-05-11 08:45:00,1106772.6262626806
2026-05-11 09:00:00,1106772.6262626806
2026-05-11 09:15:00,1106772.6262626806
2026-05-11 09:30:00,1106772.6262626806
2026-05-11 09:45:00,1106772.6262626806
2026-05-11 10:00:00,1106772.6262626806
2026-05-11 10:15:00,1106772.6262626806
2026-05-11 10:30:00,1106772.6262626806
2026-05-11 10:45:00,1106772.6262626806
2026-05-11 11:00:00,1106772.6262626806
2026-05-11 11:15:00,1106772.6262626806
2026-05-11 11:30:00,1106772.6262626806
2026-05-11 11:45:00,1106772.6262626806
2026-05-11 12:00:00,1106772.6262626806
2026-05-11 12:15:00,1106772.6262626806
2026-05-11 12:30:00,1106772.6262626806
2026-05-11 12:45:00,1106772.6262626806
2026-05-11 13:00:00,1106772.6262626806
2026-05-11 13:15:00,1106772.6262626806
2026-05-11 13:30:00,1106772.6262626806
2026-05-11 13:45:00,1106772.6262626806
2026-05-11 14:00:00,1106772.6262626806
2026-05-11 14:15:00,1106772.6262626806
2026-05-11 14:30:00,1106772.6262626806
2026-05-11 14:45:00,1106772.6262626806
2026-05-11 15:00:00,1106772.6262626806
2026-05-11 15:15:00,1106772.6262626806
2026-05-11 15:30:00,1106772.6262626806
2026-05-11 15:45:00,1106772.6262626806
2026-05-11 16:00:00,1106772.6262626806
2026-05-11 16:15:00,1106772.6262626806
2026-05-11 16:30:00,1106772.6262626806
2026-05-11 16:45:00,1106772.6262626806
2026-05-11 17:00:00,1106772.6262626806
2026-05-11 17:15:00,1106772.6262626806
2026-05-11 17:30:00,1106772.6262626806
2026-05-11 17:45:00,1106772.6262626806
2026-05-11 18:00:00,1106772.6262626806
2026-05-11 18:15:00,1106772.6262626806
2026-05-11 18:30:00,1106772.6262626806
2026-05-11 18:45:00,1106772.6262626806
2026-05-11 19:00:00,1106772.6262626806
2026-05-11 19:15:00,1106772.6262626806
2026-05-11 19:30:00,1106772.6262626806
2026-05-11 19:45:00,1106772.6262626806
2026-05-11 20:00:00,1106772.6262626806
2026-05-11 20:15:00,1106772.6262626806
2026-05-11 20:30:00,1106772.6262626806
2026-05-11 20:45:00,1106772.6262626806
2026-05-11 21:00:00,1106772.6262626806
2026-05-11 21:15:00,1106772.6262626806
2026-05-11 21:30:00,1106772.6262626806
2026-05-11 21:45:00,1106772.6262626806
2026-05-11 22:00:00,1106772.6262626806
2026-05-11 22:15:00,1106772.6262626806
2026-05-11 22:30:00,1106772.6262626806
2026-05-11 22:45:00,1106772.6262626806
2026-05-11 23:00:00,1106772.6262626806
2026-05-11 23:15:00,1106772.6262626806
2026-05-11 23:30:00,1106772.6262626806
2026-05-11 23:45:00,1106772.6262626806
2026-05-12 00:00:00,1106772.6262626806
2026-05-12 00:15:00,1106772.6262626806
2026-05-12 00:30:00,1106772.6262626806
2026-05-12 00:45:00,1106772.6262626806
2026-05-12 01:00:00,1106772.6262626806
2026-05-12 01:15:00,1106772.6262626806
2026-05-12 01:30:00,1106772.6262626806
2026-05-12 01:45:00,1106772.6262626806
2026-05-12 02:00:00,1106772.6262626806
2026-05-12 02:15:00,1106772.6262626806
2026-05-12 02:30:00,1106772.6262626806
2026-05-12 02:45:00,1106772.6262626806
2026-05-12 03:00:00,1106772.6262626806
2026-05-12 03:15:00,1106772.6262626806
2026-05-12 03:30:00,1106772.6262626806
2026-05-12 03:45:00,1106772.6262626806
2026-05-12 04:00:00,1106772.6262626806
2026-05-12 04:15:00,1106772.6262626806
2026-05-12 04:30:00,1106772.6262626806
2026-05-12 04:45:00,1106772.6262626806
2026-05-12 05:00:00,1106772.6262626806
2026-05-12 05:15:00,1106772.6262626806
2026-05-12 05:30:00,1106772.6262626806
2026-05-12 05:45:00,1106772.6262626806
2026-05-12 06:00:00,1106772.6262626806
2026-05-12 06:15:00,1106772.6262626806
2026-05-12 06:30:00,1106772.6262626806
2026-05-12 06:45:00,1106772.6262626806
2026-05-12 07:00:00,1106772.6262626806
2026-05-12 07:15:00,1106772.6262626806
2026-05-12 07:30:00,1106772.6262626806
2026-05-12 07:45:00,1106772.6262626806
2026-05-12 08:00:00,1106772.6262626806
2026-05-12 08:15:00,1106772.6262626806
2026-05-12 08:30:00,1106772.6262626806
2026-05-12 08:45:00,1106772.6262626806
2026-05-12 09:00:00,1106772.6262626806
2026-05-12 09:15:00,1106772.6262626806
2026-05-12 09:30:00,1106772.6262626806
2026-05-12 09:45:00,1106772.6262626806
2026-05-12 10:00:00,1106772.6262626806
2026-05-12 10:15:00,1106772.6262626806
2026-05-12 10:30:00,1106772.6262626806
2026-05-12 10:45:00,1106772.6262626806
2026-05-12 11:00:00,1106772.6262626806
2026-05-12 11:15:00,1106772.6262626806
2026-05-12 11:30:00,1106772.6262626806
2026-05-12 11:45:00,1106772.6262626806
2026-05-12 12:00:00,1106772.6262626806
2026-05-12 12:15:00,1106772.6262626806
2026-05-12 12:30:00,1106772.6262626806
2026-05-12 12:45:00,1106772.6262626806
2026-05-12 13:00:00,1106772.6262626806
2026-05-12 13:15:00,1106772.6262626806
2026-05-12 13:30:00,1106772.6262626806
2026-05-12 13:45:00,1106772.6262626806
2026-05-12 14:00:00,1106772.6262626806
2026-05-12 14:15:00,1106772.6262626806
2026-05-12 14:30:00,1106772.6262626806
2026-05-12 14:45:00,1106772.6262626806
2026-05-12 15:00:00,1106772.6262626806
2026-05-12 15:15:00,1106772.6262626806
2026-05-12 15:30:00,1106772.6262626806
2026-05-12 15:45:00,1106772.6262626806
2026-05-12 16:00:00,1106772.6262626806
2026-05-12 16:15:00,1106772.6262626806
2026-05-12 16:30:00,1106772.6262626806
2026-05-12 16:45:00,1106772.6262626806
2026-05-12 17:00:00,1106772.6262626806
2026-05-12 17:15:00,1106772.6262626806
2026-05-12 17:30:00,1106772.6262626806
2026-05-12 17:45:00,1106772.6262626806
2026-05-12 18:00:00,1106772.6262626806
2026-05-12 18:15:00,1106772.6262626806
2026-05-12 18:30:00,1106772.6262626806
2026-05-12 18:45:00,1106772.6262626806
2026-05-12 19:00:00,1106772.6262626806
2026-05-12 19:15:00,1106772.6262626806
2026-05-12 19:30:00,1106772.6262626806
2026-05-12 19:45:00,1106772.6262626806
2026-05-12 20:00:00,1106772.6262626806
2026-05-12 20:15:00,1106772.6262626806
2026-05-12 20:30:00,1106772.6262626806
2026-05-12 20:45:00,1106772.6262626806
2026-05-12 21:00:00,1106772.6262626806
2026-05-12 21:15:00,1106772.6262626806
2026-05-12 21:30:00,1106772.6262626806
2026-05-12 21:45:00,1106772.6262626806
2026-05-12 22:00:00,1106772.6262626806
2026-05-12 22:15:00,1106772.6262626806
2026-05-12 22:30:00,1106772.6262626806
2026-05-12 22:45:00,1106772.6262626806
2026-05-12 23:00:00,1106772.6262626806
2026-05-12 23:15:00,1106772.6262626806
2026-05-12 23:30:00,1106772.6262626806
2026-05-12 23:45:00,1106772.6262626806
2026-05-13 00:00:00,1106772.6262626806
2026-05-13 00:15:00,1106772.6262626806
2026-05-13 00:30:00,1106772.6262626806
2026-05-13 00:45:00,1106772.6262626806
2026-05-13 01:00:00,1106772.6262626806
2026-05-13 01:15:00,1106772.6262626806
2026-05-13 01:30:00,1106772.6262626806
2026-05-13 01:45:00,1106772.6262626806
2026-05-13 02:00:00,1106772.6262626806
2026-05-13 02:15:00,1106772.6262626806
2026-05-13 02:30:00,1106772.6262626806
2026-05-13 02:45:00,1106772.6262626806
2026-05-13 03:00:00,1106772.6262626806
2026-05-13 03:15:00,1106772.6262626806
2026-05-13 03:30:00,1106772.6262626806
2026-05-13 03:45:00,1106772.6262626806
2026-05-13 04:00:00,1106772.6262626806
2026-05-13 04:15:00,1106772.6262626806
2026-05-13 04:30:00,1106772.6262626806
2026-05-13 04:45:00,1106772.6262626806
2026-05-13 05:00:00,1106772.6262626806
2026-05-13 05:15:00,1106772.6262626806
2026-05-13 05:30:00,1106772.6262626806
2026-05-13 05:45:00,1106772.6262626806
2026-05-13 06:00:00,1106772.6262626806
2026-05-13 06:15:00,1106772.6262626806
2026-05-13 06:30:00,1106772.6262626806
2026-05-13 06:45:00,1106772.6262626806
2026-05-13 07:00:00,1106772.6262626806
2026-05-13 07:15:00,1106772.6262626806
2026-05-13 07:30:00,1106772.6262626806
2026-05-13 07:45:00,1106772.6262626806
2026-05-13 08:00:00,1106772.6262626806
2026-05-13 08:15:00,1106772.6262626806
2026-05-13 08:30:00,1106772.6262626806
2026-05-13 08:45:00,1106772.6262626806
2026-05-13 09:00:00,1106772.6262626806
2026-05-13 09:15:00,1106772.6262626806
2026-05-13 09:30:00,1106772.6262626806
2026-05-13 09:45:00,1106772.6262626806
2026-05-13 10:00:00,1106772.6262626806
2026-05-13 10:15:00,1106772.6262626806
2026-05-13 10:30:00,1106772.6262626806
2026-05-13 10:45:00,1106772.6262626806
2026-05-13 11:00:00,1106772.6262626806
2026-05-13 11:15:00,1106772.6262626806
2026-05-13 11:30:00,1106772.6262626806
2026-05-13 11:45:00,1106772.6262626806
2026-05-13 12:00:00,1106772.6262626806
2026-05-13 12:15:00,1106772.6262626806
2026-05-13 12:30:00,1106772.6262626806
2026-05-13 12:45:00,1106772.6262626806
2026-05-13 13:00:00,1106772.6262626806
2026-05-13 13:15:00,1106772.6262626806
2026-05-13 13:30:00,1106772.6262626806
2026-05-13 13:45:00,1106772.6262626806
2026-05-13 14:00:00,1106772.6262626806
2026-05-13 14:15:00,1106772.6262626806
2026-05-13 14:30:00,1106772.6262626806
2026-05-13 14:45:00,1106772.6262626806
2026-05-13 15:00:00,1106772.6262626806
2026-05-13 15:15:00,1106772.6262626806
2026-05-13 15:30:00,1106772.6262626806
2026-05-13 15:45:00,1106772.6262626806
2026-05-13 16:00:00,1106772.6262626806
2026-05-13 16:15:00,1106772.6262626806
2026-05-13 16:30:00,1106772.6262626806
2026-05-13 16:45:00,1106772.6262626806
2026-05-13 17:00:00,1106772.6262626806
2026-05-13 17:15:00,1106772.6262626806
2026-05-13 17:30:00,1106772.6262626806
2026-05-13 17:45:00,1106772.6262626806
2026-05-13 18:00:00,1106772.6262626806
2026-05-13 18:15:00,1106772.6262626806
2026-05-13 18:30:00,1106772.6262626806
2026-05-13 18:45:00,1106772.6262626806
2026-05-13 19:00:00,1106772.6262626806
2026-05-13 19:15:00,1106772.6262626806
2026-05-13 19:30:00,1106772.6262626806
2026-05-13 19:45:00,1106772.6262626806
2026-05-13 20:00:00,1106772.6262626806
2026-05-13 20:15:00,1106772.6262626806
2026-05-13 20:30:00,1106772.6262626806
2026-05-13 20:45:00,1106772.6262626806
2026-05-13 21:00:00,1106772.6262626806
2026-05-13 21:15:00,1106772.6262626806
2026-05-13 21:30:00,1106772.6262626806
2026-05-13 21:45:00,1106772.6262626806
2026-05-13 22:00:00,1106772.6262626806
2026-05-13 22:15:00,1106772.6262626806
2026-05-13 22:30:00,1106772.6262626806
2026-05-13 22:45:00,1106772.6262626806
2026-05-13 23:00:00,1106772.6262626806
2026-05-13 23:15:00,1106772.6262626806
2026-05-13 23:30:00,1106772.6262626806
2026-05-13 23:45:00,1106772.6262626806
2026-05-14 00:00:00,1106772.6262626806
2026-05-14 00:15:00,1106772.6262626806
2026-05-14 00:30:00,1106772.6262626806
2026-05-14 00:45:00,1106772.6262626806
2026-05-14 01:00:00,1106772.6262626806
2026-05-14 01:15:00,1106772.6262626806
2026-05-14 01:30:00,1106772.6262626806
2026-05-14 01:45:00,1106772.6262626806
2026-05-14 02:00:00,1106772.6262626806
2026-05-14 02:15:00,1106772.6262626806
2026-05-14 02:30:00,1106772.6262626806
2026-05-14 02:45:00,1106772.6262626806
2026-05-14 03:00:00,1106772.6262626806
2026-05-14 03:15:00,1106772.6262626806
2026-05-14 03:30:00,1106772.6262626806
2026-05-14 03:45:00,1106772.6262626806
2026-05-14 04:00:00,1106772.6262626806
2026-05-14 04:15:00,1106772.6262626806
2026-05-14 04:30:00,1106772.6262626806
2026-05-14 04:45:00,1106772.6262626806
2026-05-14 05:00:00,1106772.6262626806
2026-05-14 05:15:00,1106772.6262626806
2026-05-14 05:30:00,1106772.6262626806
2026-05-14 05:45:00,1106772.6262626806
2026-05-14 06:00:00,1106772.6262626806
2026-05-14 06:15:00,1106772.6262626806
2026-05-14 06:30:00,1106772.6262626806
2026-05-14 06:45:00,1106772.6262626806
2026-05-14 07:00:00,1106772.6262626806
2026-05-14 07:15:00,1106772.6262626806
2026-05-14 07:30:00,1106772.6262626806
2026-05-14 07:45:00,1106772.6262626806
2026-05-14 08:00:00,1106772.6262626806
2026-05-14 08:15:00,1106772.6262626806
2026-05-14 08:30:00,1106772.6262626806
2026-05-14 08:45:00,1106772.6262626806
2026-05-14 09:00:00,1106772.6262626806
2026-05-14 09:15:00,1106772.6262626806
2026-05-14 09:30:00,1106772.6262626806
2026-05-14 09:45:00,1106772.6262626806
2026-05-14 10:00:00,1106772.6262626806
2026-05-14 10:15:00,1106772.6262626806
2026-05-14 10:30:00,1106772.6262626806
2026-05-14 10:45:00,1106772.6262626806
2026-05-14 11:00:00,1106772.6262626806
2026-05-14 11:15:00,1106772.6262626806
2026-05-14 11:30:00,1106772.6262626806
2026-05-14 11:45:00,1106772.6262626806
2026-05-14 12:00:00,1106772.6262626806
2026-05-14 12:15:00,1106772.6262626806
2026-05-14 12:30:00,1106772.6262626806
2026-05-14 12:45:00,1106772.6262626806
2026-05-14 13:00:00,1106772.6262626806
2026-05-14 13:15:00,1106772.6262626806
2026-05-14 13:30:00,1106772.6262626806
2026-05-14 13:45:00,1106772.6262626806
2026-05-14 14:00:00,1106772.6262626806
2026-05-14 14:15:00,1106772.6262626806
2026-05-14 14:30:00,1106772.6262626806
2026-05-14 14:45:00,1106772.6262626806
2026-05-14 15:00:00,1106772.6262626806
2026-05-14 15:15:00,1106772.6262626806
2026-05-14 15:30:00,1106772.6262626806
2026-05-14 15:45:00,1106772.6262626806
2026-05-14 16:00:00,1106772.6262626806
2026-05-14 16:15:00,1106772.6262626806
2026-05-14 16:30:00,1106772.6262626806
2026-05-14 16:45:00,1106772.6262626806
2026-05-14 17:00:00,1106772.6262626806
2026-05-14 17:15:00,1106772.6262626806
2026-05-14 17:30:00,1106772.6262626806
2026-05-14 17:45:00,1106772.6262626806
2026-05-14 18:00:00,1106772.6262626806
2026-05-14 18:15:00,1106772.6262626806
2026-05-14 18:30:00,1106772.6262626806
2026-05-14 18:45:00,1106772.6262626806
2026-05-14 19:00:00,1106772.6262626806
2026-05-14 19:15:00,1106772.6262626806
2026-05-14 19:30:00,1106772.6262626806
2026-05-14 19:45:00,1106772.6262626806
2026-05-14 20:00:00,1106772.6262626806
2026-05-14 20:15:00,1106772.6262626806
2026-05-14 20:30:00,1106772.6262626806
2026-05-14 20:45:00,1106772.6262626806
2026-05-14 21:00:00,1106772.6262626806
2026-05-14 21:15:00,1106772.6262626806
2026-05-14 21:30:00,1106772.6262626806
2026-05-14 21:45:00,1106772.6262626806
2026-05-14 22:00:00,1106772.6262626806
2026-05-14 22:15:00,1106772.6262626806
2026-05-14 22:30:00,1106772.6262626806
2026-05-14 22:45:00,1106772.6262626806
2026-05-14 23:00:00,1106772.6262626806
2026-05-14 23:15:00,1106772.6262626806
2026-05-14 23:30:00,1106772.6262626806
2026-05-14 23:45:00,1106772.6262626806
2026-05-15 00:00:00,1106772.6262626806
2026-05-15 00:15:00,1106772.6262626806
2026-05-15 00:30:00,1106772.6262626806
2026-05-15 00:45:00,1106772.6262626806
2026-05-15 01:00:00,1106772.6262626806
2026-05-15 01:15:00,1106772.6262626806
2026-05-15 01:30:00,1106772.6262626806
2026-05-15 01:45:00,1106772.6262626806
2026-05-15 02:00:00,1106772.6262626806
2026-05-15 02:15:00,1106772.6262626806
2026-05-15 02:30:00,1106772.6262626806
2026-05-15 02:45:00,1106772.6262626806
2026-05-15 03:00:00,1106772.6262626806
2026-05-15 03:15:00,1106772.6262626806
2026-05-15 03:30:00,1106772.6262626806
2026-05-15 03:45:00,1106772.6262626806
2026-05-15 04:00:00,1106772.6262626806
2026-05-15 04:15:00,1106772.6262626806
2026-05-15 04:30:00,1106772.6262626806
2026-05-15 04:45:00,1106772.6262626806
2026-05-15 05:00:00,1106772.6262626806
2026-05-15 05:15:00,1106772.6262626806
2026-05-15 05:30:00,1106772.6262626806
2026-05-15 05:45:00,1106772.6262626806
2026-05-15 06:00:00,1106772.6262626806
2026-05-15 06:15:00,1106772.6262626806
2026-05-15 06:30:00,1106772.6262626806
2026-05-15 06:45:00,1106772.6262626806
2026-05-15 07:00:00,1106772.6262626806
2026-05-15 07:15:00,1106772.6262626806
2026-05-15 07:30:00,1106772.6262626806
2026-05-15 07:45:00,1106772.6262626806
2026-05-15 08:00:00,1106772.6262626806
2026-05-15 08:15:00,1106772.6262626806
2026-05-15 08:30:00,1106772.6262626806
2026-05-15 08:45:00,1106772.6262626806
2026-05-15 09:00:00,1106772.6262626806
2026-05-15 09:15:00,1106772.6262626806
2026-05-15 09:30:00,1106772.6262626806
2026-05-15 09:45:00,1106772.6262626806
2026-05-15 10:00:00,1106772.6262626806
2026-05-15 10:15:00,1106772.6262626806
2026-05-15 10:30:00,1106772.6262626806
2026-05-15 10:45:00,1106772.6262626806
2026-05-15 11:00:00,1106772.6262626806
2026-05-15 11:15:00,1106772.6262626806
2026-05-15 11:30:00,1106772.6262626806
2026-05-15 11:45:00,1106772.6262626806
2026-05-15 12:00:00,1106772.6262626806
2026-05-15 12:15:00,1106772.6262626806
2026-05-15 12:30:00,1106772.6262626806
2026-05-15 12:45:00,1106772.6262626806
2026-05-15 13:00:00,1106772.6262626806
2026-05-15 13:15:00,1106772.6262626806
2026-05-15 13:30:00,1106772.6262626806
2026-05-15 13:45:00,1106772.6262626806
2026-05-15 14:00:00,1106772.6262626806
2026-05-15 14:15:00,1106772.6262626806
2026-05-15 14:30:00,1106772.6262626806
2026-05-15 14:45:00,1106772.6262626806
2026-05-15 15:00:00,1106772.6262626806
2026-05-15 15:15:00,1106772.6262626806
2026-05-15 15:30:00,1106772.6262626806
2026-05-15 15:45:00,1106772.6262626806
2026-05-15 16:00:00,1106772.6262626806
2026-05-15 16:15:00,1106772.6262626806
2026-05-15 16:30:00,1106772.6262626806
2026-05-15 16:45:00,1106772.6262626806
2026-05-15 17:00:00,1106772.6262626806
2026-05-15 17:15:00,1106772.6262626806
2026-05-15 17:30:00,1106772.6262626806
2026-05-15 17:45:00,1106772.6262626806
2026-05-15 18:00:00,1106772.6262626806
2026-05-15 18:15:00,1106772.6262626806
2026-05-15 18:30:00,1106772.6262626806
2026-05-15 18:45:00,1106772.6262626806
2026-05-15 19:00:00,1106772.6262626806
2026-05-15 19:15:00,1106772.6262626806
2026-05-15 19:30:00,1106772.6262626806
2026-05-15 19:45:00,1106772.6262626806
2026-05-15 20:00:00,1106772.6262626806
2026-05-15 20:15:00,1106772.6262626806
2026-05-15 20:30:00,1106772.6262626806
2026-05-15 20:45:00,1106772.6262626806
2026-05-15 21:00:00,1106772.6262626806
2026-05-15 21:15:00,1106772.6262626806
2026-05-15 21:30:00,1106772.6262626806
2026-05-15 21:45:00,1106772.6262626806
2026-05-15 22:00:00,1106772.6262626806
2026-05-15 22:15:00,1106772.6262626806
2026-05-15 22:30:00,1106772.6262626806
2026-05-15 22:45:00,1106772.6262626806
2026-05-15 23:00:00,1106772.6262626806
2026-05-15 23:15:00,1106772.6262626806
2026-05-15 23:30:00,1106772.6262626806
2026-05-15 23:45:00,1106772.6262626806
2026-05-18 00:00:00,1106772.6262626806
2026-05-18 00:15:00,1106772.6262626806
2026-05-18 00:30:00,1106772.6262626806
2026-05-18 00:45:00,1106772.6262626806
2026-05-18 01:00:00,1106772.6262626806
2026-05-18 01:15:00,1106772.6262626806
2026-05-18 01:30:00,1106772.6262626806
2026-05-18 01:45:00,1106772.6262626806
2026-05-18 02:00:00,1106772.6262626806
2026-05-18 02:15:00,1106772.6262626806
2026-05-18 02:30:00,1106772.6262626806
2026-05-18 02:45:00,1106772.6262626806
2026-05-18 03:00:00,1106772.6262626806
2026-05-18 03:15:00,1106772.6262626806
2026-05-18 03:30:00,1106772.6262626806
2026-05-18 03:45:00,1106772.6262626806
2026-05-18 04:00:00,1106772.6262626806
2026-05-18 04:15:00,1106772.6262626806
2026-05-18 04:30:00,1106772.6262626806
2026-05-18 04:45:00,1106772.6262626806
2026-05-18 05:00:00,1106772.6262626806
2026-05-18 05:15:00,1106772.6262626806
2026-05-18 05:30:00,1106772.6262626806
2026-05-18 05:45:00,1106772.6262626806
2026-05-18 06:00:00,1106772.6262626806
2026-05-18 06:15:00,1106772.6262626806
2026-05-18 06:30:00,1106772.6262626806
2026-05-18 06:45:00,1106772.6262626806
2026-05-18 07:00:00,1106772.6262626806
2026-05-18 07:15:00,1106772.6262626806
2026-05-18 07:30:00,1106772.6262626806
2026-05-18 07:45:00,1106772.6262626806
2026-05-18 08:00:00,1106772.6262626806
2026-05-18 08:15:00,1106772.6262626806
2026-05-18 08:30:00,1106772.6262626806
2026-05-18 08:45:00,1106772.6262626806
2026-05-18 09:00:00,1106772.6262626806
2026-05-18 09:15:00,1106772.6262626806
2026-05-18 09:30:00,1106772.6262626806
2026-05-18 09:45:00,1106772.6262626806
2026-05-18 10:00:00,1106772.6262626806
2026-05-18 10:15:00,1106772.6262626806
2026-05-18 10:30:00,1106772.6262626806
2026-05-18 10:45:00,1106772.6262626806
2026-05-18 11:00:00,1106772.6262626806
2026-05-18 11:15:00,1106772.6262626806
2026-05-18 11:30:00,1106772.6262626806
2026-05-18 11:45:00,1106772.6262626806
2026-05-18 12:00:00,1106772.6262626806
2026-05-18 12:15:00,1106772.6262626806
2026-05-18 12:30:00,1106772.6262626806
2026-05-18 12:45:00,1106772.6262626806
2026-05-18 13:00:00,1106772.6262626806
2026-05-18 13:15:00,1106772.6262626806
2026-05-18 13:30:00,1106772.6262626806
2026-05-18 13:45:00,1106772.6262626806
2026-05-18 14:00:00,1106772.6262626806
2026-05-18 14:15:00,1106772.6262626806
2026-05-18 14:30:00,1106772.6262626806
2026-05-18 14:45:00,1106772.6262626806
2026-05-18 15:00:00,1106772.6262626806
2026-05-18 15:15:00,1106772.6262626806
2026-05-18 15:30:00,1106772.6262626806
2026-05-18 15:45:00,1106772.6262626806
2026-05-18 16:00:00,1106772.6262626806
2026-05-18 16:15:00,1106772.6262626806
2026-05-18 16:30:00,1106772.6262626806
2026-05-18 16:45:00,1106772.6262626806
2026-05-18 17:00:00,1106772.6262626806
2026-05-18 17:15:00,1106772.6262626806
2026-05-18 17:30:00,1106772.6262626806
2026-05-18 17:45:00,1106772.6262626806
2026-05-18 18:00:00,1106772.6262626806
2026-05-18 18:15:00,1106772.6262626806
2026-05-18 18:30:00,1106772.6262626806
2026-05-18 18:45:00,1106772.6262626806
2026-05-18 19:00:00,1106772.6262626806
2026-05-18 19:15:00,1106772.6262626806
2026-05-18 19:30:00,1106772.6262626806
2026-05-18 19:45:00,1106772.6262626806
2026-05-18 20:00:00,1106772.6262626806
2026-05-18 20:15:00,1106772.6262626806
2026-05-18 20:30:00,1106772.6262626806
2026-05-18 20:45:00,1106772.6262626806
2026-05-18 21:00:00,1106772.6262626806
2026-05-18 21:15:00,1106772.6262626806
2026-05-18 21:30:00,1106772.6262626806
2026-05-18 21:45:00,1106772.6262626806
2026-05-18 22:00:00,1106772.6262626806
2026-05-18 22:15:00,1106772.6262626806
2026-05-18 22:30:00,1106772.6262626806
2026-05-18 22:45:00,1106772.6262626806
2026-05-18 23:00:00,1106772.6262626806
2026-05-18 23:15:00,1106772.6262626806
2026-05-18 23:30:00,1106772.6262626806
2026-05-18 23:45:00,1106772.6262626806
2026-05-19 00:00:00,1106772.6262626806
2026-05-19 00:15:00,1106772.6262626806
2026-05-19 00:30:00,1106772.6262626806
2026-05-19 00:45:00,1106772.6262626806
2026-05-19 01:00:00,1106772.6262626806
2026-05-19 01:15:00,1106772.6262626806
2026-05-19 01:30:00,1106772.6262626806
2026-05-19 01:45:00,1106772.6262626806
2026-05-19 02:00:00,1106772.6262626806
2026-05-19 02:15:00,1106772.6262626806
2026-05-19 02:30:00,1106772.6262626806
2026-05-19 02:45:00,1106772.6262626806
2026-05-19 03:00:00,1106772.6262626806
2026-05-19 03:15:00,1106772.6262626806
2026-05-19 03:30:00,1106772.6262626806
2026-05-19 03:45:00,1106772.6262626806
2026-05-19 04:00:00,1106772.6262626806
2026-05-19 04:15:00,1106772.6262626806
2026-05-19 04:30:00,1106772.6262626806
2026-05-19 04:45:00,1106772.6262626806
2026-05-19 05:00:00,1106772.6262626806
2026-05-19 05:15:00,1106772.6262626806
2026-05-19 05:30:00,1106772.6262626806
2026-05-19 05:45:00,1106772.6262626806
2026-05-19 06:00:00,1106772.6262626806
2026-05-19 06:15:00,1106772.6262626806
2026-05-19 06:30:00,1106772.6262626806
2026-05-19 06:45:00,1106772.6262626806
2026-05-19 07:00:00,1106772.6262626806
2026-05-19 07:15:00,1106772.6262626806
2026-05-19 07:30:00,1106772.6262626806
2026-05-19 07:45:00,1106772.6262626806
2026-05-19 08:00:00,1106772.6262626806
2026-05-19 08:15:00,1106772.6262626806
2026-05-19 08:30:00,1106772.6262626806
2026-05-19 08:45:00,1106772.6262626806
2026-05-19 09:00:00,1106772.6262626806
2026-05-19 09:15:00,1106772.6262626806
2026-05-19 09:30:00,1106772.6262626806
2026-05-19 09:45:00,1106772.6262626806
2026-05-19 10:00:00,1106772.6262626806
2026-05-19 10:15:00,1106772.6262626806
2026-05-19 10:30:00,1106772.6262626806
2026-05-19 10:45:00,1106772.6262626806
2026-05-19 11:00:00,1106772.6262626806
2026-05-19 11:15:00,1106772.6262626806
2026-05-19 11:30:00,1106772.6262626806
2026-05-19 11:45:00,1106772.6262626806
2026-05-19 12:00:00,1106772.6262626806
2026-05-19 12:15:00,1106772.6262626806
2026-05-19 12:30:00,1106772.6262626806
2026-05-19 12:45:00,1106772.6262626806
2026-05-19 13:00:00,1106772.6262626806
2026-05-19 13:15:00,1106772.6262626806
2026-05-19 13:30:00,1106772.6262626806
2026-05-19 13:45:00,1106772.6262626806
2026-05-19 14:00:00,1106772.6262626806
2026-05-19 14:15:00,1106772.6262626806
2026-05-19 14:30:00,1106772.6262626806
2026-05-19 14:45:00,1106772.6262626806
2026-05-19 15:00:00,1106772.6262626806
2026-05-19 15:15:00,1106772.6262626806
2026-05-19 15:30:00,1106772.6262626806
2026-05-19 15:45:00,1106772.6262626806
2026-05-19 16:00:00,1106772.6262626806
2026-05-19 16:15:00,1106772.6262626806
2026-05-19 16:30:00,1106772.6262626806
2026-05-19 16:45:00,1106772.6262626806
2026-05-19 17:00:00,1106772.6262626806
2026-05-19 17:15:00,1106772.6262626806
2026-05-19 17:30:00,1106772.6262626806
2026-05-19 17:45:00,1106772.6262626806
2026-05-19 18:00:00,1106772.6262626806
2026-05-19 18:15:00,1106772.6262626806
2026-05-19 18:30:00,1106772.6262626806
2026-05-19 18:45:00,1106772.6262626806
2026-05-19 19:00:00,1106772.6262626806
2026-05-19 19:15:00,1106772.6262626806
2026-05-19 19:30:00,1106772.6262626806
2026-05-19 19:45:00,1106772.6262626806
2026-05-19 20:00:00,1106772.6262626806
2026-05-19 20:15:00,1106772.6262626806
2026-05-19 20:30:00,1106772.6262626806
2026-05-19 20:45:00,1106772.6262626806
2026-05-19 21:00:00,1106772.6262626806
2026-05-19 21:15:00,1106772.6262626806
2026-05-19 21:30:00,1106772.6262626806
2026-05-19 21:45:00,1106772.6262626806
2026-05-19 22:00:00,1106772.6262626806
2026-05-19 22:15:00,1106772.6262626806
2026-05-19 22:30:00,1106772.6262626806
2026-05-19 22:45:00,1106772.6262626806
2026-05-19 23:00:00,1106772.6262626806
2026-05-19 23:15:00,1106772.6262626806
2026-05-19 23:30:00,1106772.6262626806
2026-05-19 23:45:00,1106772.6262626806
2026-05-20 00:00:00,1106772.6262626806
2026-05-20 00:15:00,1106772.6262626806
2026-05-20 00:30:00,1106772.6262626806
2026-05-20 00:45:00,1106772.6262626806
2026-05-20 01:00:00,1106772.6262626806
2026-05-20 01:15:00,1106772.6262626806
2026-05-20 01:30:00,1106772.6262626806
2026-05-20 01:45:00,1106772.6262626806
2026-05-20 02:00:00,1106772.6262626806
2026-05-20 02:15:00,1106772.6262626806
2026-05-20 02:30:00,1106772.6262626806
2026-05-20 02:45:00,1106772.6262626806
2026-05-20 03:00:00,1106772.6262626806
2026-05-20 03:15:00,1106772.6262626806
2026-05-20 03:30:00,1106772.6262626806
2026-05-20 03:45:00,1106772.6262626806
2026-05-20 04:00:00,1106772.6262626806
2026-05-20 04:15:00,1106772.6262626806
2026-05-20 04:30:00,1106772.6262626806
2026-05-20 04:45:00,1106772.6262626806
2026-05-20 05:00:00,1106772.6262626806
2026-05-20 05:15:00,1106772.6262626806
2026-05-20 05:30:00,1106772.6262626806
2026-05-20 05:45:00,1106772.6262626806
2026-05-20 06:00:00,1106772.6262626806
2026-05-20 06:15:00,1106772.6262626806
2026-05-20 06:30:00,1106772.6262626806
2026-05-20 06:45:00,1106772.6262626806
2026-05-20 07:00:00,1106772.6262626806
2026-05-20 07:15:00,1106772.6262626806
2026-05-20 07:30:00,1106772.6262626806
2026-05-20 07:45:00,1106772.6262626806
2026-05-20 08:00:00,1106772.6262626806
2026-05-20 08:15:00,1106772.6262626806
2026-05-20 08:30:00,1106772.6262626806
2026-05-20 08:45:00,1106772.6262626806
2026-05-20 09:00:00,1106772.6262626806
2026-05-20 09:15:00,1106772.6262626806
2026-05-20 09:30:00,1106772.6262626806
2026-05-20 09:45:00,1106772.6262626806
2026-05-20 10:00:00,1106772.6262626806
2026-05-20 10:15:00,1106772.6262626806
2026-05-20 10:30:00,1106772.6262626806
2026-05-20 10:45:00,1106772.6262626806
2026-05-20 11:00:00,1106772.6262626806
2026-05-20 11:15:00,1106772.6262626806
2026-05-20 11:30:00,1106772.6262626806
2026-05-20 11:45:00,1106772.6262626806
2026-05-20 12:00:00,1106772.6262626806
2026-05-20 12:15:00,1106772.6262626806
2026-05-20 12:30:00,1106772.6262626806
2026-05-20 12:45:00,1106772.6262626806
2026-05-20 13:00:00,1106772.6262626806
2026-05-20 13:15:00,1106772.6262626806
2026-05-20 13:30:00,1106772.6262626806
2026-05-20 13:45:00,1106772.6262626806
2026-05-20 14:00:00,1106772.6262626806
2026-05-20 14:15:00,1106772.6262626806
2026-05-20 14:30:00,1106772.6262626806
2026-05-20 14:45:00,1106772.6262626806
2026-05-20 15:00:00,1106772.6262626806
2026-05-20 15:15:00,1106772.6262626806
2026-05-20 15:30:00,1106772.6262626806
2026-05-20 15:45:00,1106772.6262626806
2026-05-20 16:00:00,1106772.6262626806
2026-05-20 16:15:00,1106772.6262626806
2026-05-20 16:30:00,1106772.6262626806
2026-05-20 16:45:00,1106772.6262626806
2026-05-20 17:00:00,1106772.6262626806
2026-05-20 17:15:00,1106772.6262626806
2026-05-20 17:30:00,1106772.6262626806
2026-05-20 17:45:00,1106772.6262626806
2026-05-20 18:00:00,1106772.6262626806
2026-05-20 18:15:00,1106772.6262626806
2026-05-20 18:30:00,1106772.6262626806
2026-05-20 18:45:00,1106772.6262626806
2026-05-20 19:00:00,1106772.6262626806
2026-05-20 19:15:00,1106772.6262626806
2026-05-20 19:30:00,1106772.6262626806
2026-05-20 19:45:00,1106772.6262626806
2026-05-20 20:00:00,1106772.6262626806
2026-05-20 20:15:00,1106772.6262626806
2026-05-20 20:30:00,1106772.6262626806
2026-05-20 20:45:00,1106772.6262626806
2026-05-20 21:00:00,1106772.6262626806
2026-05-20 21:15:00,1106772.6262626806
2026-05-20 21:30:00,1106772.6262626806
2026-05-20 21:45:00,1106772.6262626806
2026-05-20 22:00:00,1106772.6262626806
2026-05-20 22:15:00,1106772.6262626806
2026-05-20 22:30:00,1106772.6262626806
2026-05-20 22:45:00,1106772.6262626806
2026-05-20 23:00:00,1106772.6262626806
2026-05-20 23:15:00,1106772.6262626806
2026-05-20 23:30:00,1106772.6262626806
2026-05-20 23:45:00,1106772.6262626806
2026-05-21 00:00:00,1106772.6262626806
2026-05-21 00:15:00,1106772.6262626806
2026-05-21 00:30:00,1106772.6262626806
2026-05-21 00:45:00,1106772.6262626806
2026-05-21 01:00:00,1106772.6262626806
2026-05-21 01:15:00,1106772.6262626806
2026-05-21 01:30:00,1106772.6262626806
2026-05-21 01:45:00,1106772.6262626806
2026-05-21 02:00:00,1106772.6262626806
2026-05-21 02:15:00,1106772.6262626806
2026-05-21 02:30:00,1106772.6262626806
2026-05-21 02:45:00,1106772.6262626806
2026-05-21 03:00:00,1106772.6262626806
2026-05-21 03:15:00,1106772.6262626806
2026-05-21 03:30:00,1106772.6262626806
2026-05-21 03:45:00,1106772.6262626806
2026-05-21 04:00:00,1106772.6262626806
2026-05-21 04:15:00,1106772.6262626806
2026-05-21 04:30:00,1106772.6262626806
2026-05-21 04:45:00,1106772.6262626806
2026-05-21 05:00:00,1106772.6262626806
2026-05-21 05:15:00,1106772.6262626806
2026-05-21 05:30:00,1106772.6262626806
2026-05-21 05:45:00,1106772.6262626806
2026-05-21 06:00:00,1106772.6262626806
2026-05-21 06:15:00,1106772.6262626806
2026-05-21 06:30:00,1106772.6262626806
2026-05-21 06:45:00,1106772.6262626806
2026-05-21 07:00:00,1106772.6262626806
2026-05-21 07:15:00,1106772.6262626806
2026-05-21 07:30:00,1106772.6262626806
2026-05-21 07:45:00,1106772.6262626806
2026-05-21 08:00:00,1106772.6262626806
2026-05-21 08:15:00,1106772.6262626806
2026-05-21 08:30:00,1106772.6262626806
2026-05-21 08:45:00,1106772.6262626806
2026-05-21 09:00:00,1106772.6262626806
2026-05-21 09:15:00,1106772.6262626806
2026-05-21 09:30:00,1106772.6262626806
2026-05-21 09:45:00,1106772.6262626806
2026-05-21 10:00:00,1106772.6262626806
2026-05-21 10:15:00,1106772.6262626806
2026-05-21 10:30:00,1106772.6262626806
2026-05-21 10:45:00,1106772.6262626806
2026-05-21 11:00:00,1106772.6262626806
2026-05-21 11:15:00,1106772.6262626806
2026-05-21 11:30:00,1106772.6262626806
2026-05-21 11:45:00,1106772.6262626806
2026-05-21 12:00:00,1106772.6262626806
2026-05-21 12:15:00,1106772.6262626806
2026-05-21 12:30:00,1106772.6262626806
2026-05-21 12:45:00,1106772.6262626806
2026-05-21 13:00:00,1106772.6262626806
2026-05-21 13:15:00,1106772.6262626806
2026-05-21 13:30:00,1106772.6262626806
2026-05-21 13:45:00,1106772.6262626806
2026-05-21 14:00:00,1106772.6262626806
2026-05-21 14:15:00,1106772.6262626806
2026-05-21 14:30:00,1106772.6262626806
2026-05-21 14:45:00,1106772.6262626806
2026-05-21 15:00:00,1106772.6262626806
2026-05-21 15:15:00,1106772.6262626806
2026-05-21 15:30:00,1106772.6262626806
2026-05-21 15:45:00,1106772.6262626806
2026-05-21 16:00:00,1106772.6262626806
2026-05-21 16:15:00,1106772.6262626806
2026-05-21 16:30:00,1106772.6262626806
2026-05-21 16:45:00,1106772.6262626806
2026-05-21 17:00:00,1106772.6262626806
2026-05-21 17:15:00,1106772.6262626806
2026-05-21 17:30:00,1106772.6262626806
2026-05-21 17:45:00,1106772.6262626806
2026-05-21 18:00:00,1106772.6262626806
2026-05-21 18:15:00,1106772.6262626806
2026-05-21 18:30:00,1106772.6262626806
2026-05-21 18:45:00,1106772.6262626806
2026-05-21 19:00:00,1106772.6262626806
2026-05-21 19:15:00,1106772.6262626806
2026-05-21 19:30:00,1106772.6262626806
2026-05-21 19:45:00,1106772.6262626806
2026-05-21 20:00:00,1106772.6262626806
2026-05-21 20:15:00,1106772.6262626806
2026-05-21 20:30:00,1106772.6262626806
2026-05-21 20:45:00,1106772.6262626806
2026-05-21 21:00:00,1106772.6262626806
2026-05-21 21:15:00,1106772.6262626806
2026-05-21 21:30:00,1106772.6262626806
2026-05-21 21:45:00,1106772.6262626806
2026-05-21 22:00:00,1106772.6262626806
2026-05-21 22:15:00,1106772.6262626806
2026-05-21 22:30:00,1106772.6262626806
2026-05-21 22:45:00,1106772.6262626806
2026-05-21 23:00:00,1106772.6262626806
2026-05-21 23:15:00,1106772.6262626806
2026-05-21 23:30:00,1106772.6262626806
2026-05-21 23:45:00,1106772.6262626806
2026-05-22 00:00:00,1106772.6262626806
2026-05-22 00:15:00,1106772.6262626806
2026-05-22 00:30:00,1106772.6262626806
2026-05-22 00:45:00,1106772.6262626806
2026-05-22 01:00:00,1106772.6262626806
2026-05-22 01:15:00,1106772.6262626806
2026-05-22 01:30:00,1106772.6262626806
2026-05-22 01:45:00,1106772.6262626806
2026-05-22 02:00:00,1106772.6262626806
2026-05-22 02:15:00,1106772.6262626806
2026-05-22 02:30:00,1106772.6262626806
2026-05-22 02:45:00,1106772.6262626806
2026-05-22 03:00:00,1106772.6262626806
2026-05-22 03:15:00,1106772.6262626806
2026-05-22 03:30:00,1106772.6262626806
2026-05-22 03:45:00,1106772.6262626806
2026-05-22 04:00:00,1106772.6262626806
2026-05-22 04:15:00,1106772.6262626806
2026-05-22 04:30:00,1106772.6262626806
2026-05-22 04:45:00,1106772.6262626806
2026-05-22 05:00:00,1106772.6262626806
2026-05-22 05:15:00,1106772.6262626806
2026-05-22 05:30:00,1106772.6262626806
2026-05-22 05:45:00,1106772.6262626806
2026-05-22 06:00:00,1106772.6262626806
2026-05-22 06:15:00,1106772.6262626806
2026-05-22 06:30:00,1106772.6262626806
2026-05-22 06:45:00,1106772.6262626806
2026-05-22 07:00:00,1106772.6262626806
2026-05-22 07:15:00,1106772.6262626806
2026-05-22 07:30:00,1106772.6262626806
2026-05-22 07:45:00,1106772.6262626806
2026-05-22 08:00:00,1106772.6262626806
2026-05-22 08:15:00,1106772.6262626806
2026-05-22 08:30:00,1106772.6262626806
2026-05-22 08:45:00,1106772.6262626806
2026-05-22 09:00:00,1106772.6262626806
2026-05-22 09:15:00,1106772.6262626806
2026-05-22 09:30:00,1106772.6262626806
2026-05-22 09:45:00,1106772.6262626806
2026-05-22 10:00:00,1106772.6262626806
2026-05-22 10:15:00,1106772.6262626806
2026-05-22 10:30:00,1106772.6262626806
2026-05-22 10:45:00,1106772.6262626806
2026-05-22 11:00:00,1106772.6262626806
2026-05-22 11:15:00,1106772.6262626806
2026-05-22 11:30:00,1106772.6262626806
2026-05-22 11:45:00,1106772.6262626806
2026-05-22 12:00:00,1106772.6262626806
2026-05-22 12:15:00,1106772.6262626806
2026-05-22 12:30:00,1106772.6262626806
2026-05-22 12:45:00,1106772.6262626806
2026-05-22 13:00:00,1106772.6262626806
2026-05-22 13:15:00,1106772.6262626806
2026-05-22 13:30:00,1106772.6262626806
2026-05-22 13:45:00,1106772.6262626806
2026-05-22 14:00:00,1106772.6262626806
2026-05-22 14:15:00,1106772.6262626806
2026-05-22 14:30:00,1106772.6262626806
2026-05-22 14:45:00,1106772.6262626806
2026-05-22 15:00:00,1106772.6262626806
2026-05-22 15:15:00,1106772.6262626806
2026-05-22 15:30:00,1106772.6262626806
2026-05-22 15:45:00,1106772.6262626806
2026-05-22 16:00:00,1106772.6262626806
2026-05-22 16:15:00,1106772.6262626806
2026-05-22 16:30:00,1106772.6262626806
2026-05-22 16:45:00,1106772.6262626806
2026-05-22 17:00:00,1106772.6262626806
2026-05-22 17:15:00,1106772.6262626806
2026-05-22 17:30:00,1106772.6262626806
2026-05-22 17:45:00,1106772.6262626806
2026-05-22 18:00:00,1106772.6262626806
2026-05-22 18:15:00,1106772.6262626806
2026-05-22 18:30:00,1106772.6262626806
2026-05-22 18:45:00,1106772.6262626806
2026-05-22 19:00:00,1106772.6262626806
2026-05-22 19:15:00,1106772.6262626806
2026-05-22 19:30:00,1106772.6262626806
2026-05-22 19:45:00,1106772.6262626806
2026-05-22 20:00:00,1106772.6262626806
2026-05-22 20:15:00,1106772.6262626806
2026-05-22 20:30:00,1106772.6262626806
2026-05-22 20:45:00,1106772.6262626806
2026-05-22 21:00:00,1106772.6262626806
2026-05-22 21:15:00,1106772.6262626806
2026-05-22 21:30:00,1106772.6262626806
2026-05-22 21:45:00,1106772.6262626806
2026-05-22 22:00:00,1106772.6262626806
2026-05-22 22:15:00,1106772.6262626806
2026-05-22 22:30:00,1106772.6262626806
2026-05-22 22:45:00,1106772.6262626806
2026-05-22 23:00:00,1106772.6262626806
2026-05-22 23:15:00,1106772.6262626806
2026-05-22 23:30:00,1106772.6262626806
2026-05-22 23:45:00,1106772.6262626806
2026-05-25 00:00:00,1106772.6262626806
2026-05-25 00:15:00,1106772.6262626806
2026-05-25 00:30:00,1106772.6262626806
2026-05-25 00:45:00,1106772.6262626806
2026-05-25 01:00:00,1106772.6262626806
2026-05-25 01:15:00,1106772.6262626806
2026-05-25 01:30:00,1106772.6262626806
2026-05-25 01:45:00,1106772.6262626806
2026-05-25 02:00:00,1106772.6262626806
2026-05-25 02:15:00,1106772.6262626806
2026-05-25 02:30:00,1106772.6262626806
2026-05-25 02:45:00,1106772.6262626806
2026-05-25 03:00:00,1106772.6262626806
2026-05-25 03:15:00,1106772.6262626806
2026-05-25 03:30:00,1106772.6262626806
2026-05-25 03:45:00,1106772.6262626806
2026-05-25 04:00:00,1106772.6262626806
2026-05-25 04:15:00,1106772.6262626806
2026-05-25 04:30:00,1106772.6262626806
2026-05-25 04:45:00,1106772.6262626806
2026-05-25 05:00:00,1106772.6262626806
2026-05-25 05:15:00,1106772.6262626806
2026-05-25 05:30:00,1106772.6262626806
2026-05-25 05:45:00,1106772.6262626806
2026-05-25 06:00:00,1106772.6262626806
2026-05-25 06:15:00,1106772.6262626806
2026-05-25 06:30:00,1106772.6262626806
2026-05-25 06:45:00,1106772.6262626806
2026-05-25 07:00:00,1106772.6262626806
2026-05-25 07:15:00,1106772.6262626806
2026-05-25 07:30:00,1106772.6262626806
2026-05-25 07:45:00,1106772.6262626806
2026-05-25 08:00:00,1106772.6262626806
2026-05-25 08:15:00,1106772.6262626806
2026-05-25 08:30:00,1106772.6262626806
2026-05-25 08:45:00,1106772.6262626806
2026-05-25 09:00:00,1106772.6262626806
2026-05-25 09:15:00,1106772.6262626806
2026-05-25 09:30:00,1106772.6262626806
2026-05-25 09:45:00,1106772.6262626806
2026-05-25 10:00:00,1106772.6262626806
2026-05-25 10:15:00,1106772.6262626806
2026-05-25 10:30:00,1106772.6262626806
2026-05-25 10:45:00,1106772.6262626806
2026-05-25 11:00:00,1106772.6262626806
2026-05-25 11:15:00,1106772.6262626806
2026-05-25 11:30:00,1106772.6262626806
2026-05-25 11:45:00,1106772.6262626806
2026-05-25 12:00:00,1106772.6262626806
2026-05-25 12:15:00,1106772.6262626806
2026-05-25 12:30:00,1106772.6262626806
2026-05-25 12:45:00,1106772.6262626806
2026-05-25 13:00:00,1106772.6262626806
2026-05-25 13:15:00,1106772.6262626806
2026-05-25 13:30:00,1106772.6262626806
2026-05-25 13:45:00,1106772.6262626806
2026-05-25 14:00:00,1106772.6262626806
2026-05-25 14:15:00,1106772.6262626806
2026-05-25 14:30:00,1106772.6262626806
2026-05-25 14:45:00,1106772.6262626806
2026-05-25 15:00:00,1106772.6262626806
2026-05-25 15:15:00,1106772.6262626806
2026-05-25 15:30:00,1106772.6262626806
2026-05-25 15:45:00,1106772.6262626806
2026-05-25 16:00:00,1106772.6262626806
2026-05-25 16:15:00,1106772.6262626806
2026-05-25 16:30:00,1106772.6262626806
2026-05-25 16:45:00,1106772.6262626806
2026-05-25 17:00:00,1106772.6262626806
2026-05-25 17:15:00,1106772.6262626806
2026-05-25 17:30:00,1106772.6262626806
2026-05-25 17:45:00,1106772.6262626806
2026-05-25 18:00:00,1106772.6262626806
2026-05-25 18:15:00,1106772.6262626806
2026-05-25 18:30:00,1106772.6262626806
2026-05-25 18:45:00,1106772.6262626806
2026-05-25 19:00:00,1106772.6262626806
2026-05-25 19:15:00,1106772.6262626806
2026-05-25 19:30:00,1106772.6262626806
2026-05-25 19:45:00,1106772.6262626806
2026-05-25 20:00:00,1106772.6262626806
2026-05-25 20:15:00,1106772.6262626806
2026-05-25 20:30:00,1106772.6262626806
2026-05-25 20:45:00,1106772.6262626806
2026-05-25 21:00:00,1106772.6262626806
2026-05-25 21:15:00,1106772.6262626806
2026-05-25 21:30:00,1106772.6262626806
2026-05-25 21:45:00,1106772.6262626806
2026-05-25 22:00:00,1106772.6262626806
2026-05-25 22:15:00,1106772.6262626806
2026-05-25 22:30:00,1106772.6262626806
2026-05-25 22:45:00,1106772.6262626806
2026-05-25 23:00:00,1106772.6262626806
2026-05-25 23:15:00,1106772.6262626806
2026-05-25 23:30:00,1106772.6262626806
2026-05-25 23:45:00,1106772.6262626806
2026-05-26 00:00:00,1106772.6262626806
2026-05-26 00:15:00,1106772.6262626806
2026-05-26 00:30:00,1106772.6262626806
2026-05-26 00:45:00,1106772.6262626806
2026-05-26 01:00:00,1106772.6262626806
2026-05-26 01:15:00,1106772.6262626806
2026-05-26 01:30:00,1106772.6262626806
2026-05-26 01:45:00,1106772.6262626806
2026-05-26 02:00:00,1106772.6262626806
2026-05-26 02:15:00,1106772.6262626806
2026-05-26 02:30:00,1106772.6262626806
2026-05-26 02:45:00,1106772.6262626806
2026-05-26 03:00:00,1106772.6262626806
2026-05-26 03:15:00,1106772.6262626806
2026-05-26 03:30:00,1106772.6262626806
2026-05-26 03:45:00,1106772.6262626806
2026-05-26 04:00:00,1106772.6262626806
2026-05-26 04:15:00,1106772.6262626806
2026-05-26 04:30:00,1106772.6262626806
2026-05-26 04:45:00,1106772.6262626806
2026-05-26 05:00:00,1106772.6262626806
2026-05-26 05:15:00,1106772.6262626806
2026-05-26 05:30:00,1106772.6262626806
2026-05-26 05:45:00,1106772.6262626806
2026-05-26 06:00:00,1106772.6262626806
2026-05-26 06:15:00,1106772.6262626806
2026-05-26 06:30:00,1106772.6262626806
2026-05-26 06:45:00,1106772.6262626806
2026-05-26 07:00:00,1106772.6262626806
2026-05-26 07:15:00,1106772.6262626806
2026-05-26 07:30:00,1106772.6262626806
2026-05-26 07:45:00,1106772.6262626806
2026-05-26 08:00:00,1106772.6262626806
2026-05-26 08:15:00,1106772.6262626806
2026-05-26 08:30:00,1106772.6262626806
2026-05-26 08:45:00,1106772.6262626806
2026-05-26 09:00:00,1106772.6262626806
2026-05-26 09:15:00,1106772.6262626806
2026-05-26 09:30:00,1106772.6262626806
2026-05-26 09:45:00,1106772.6262626806
2026-05-26 10:00:00,1106772.6262626806
2026-05-26 10:15:00,1106772.6262626806
2026-05-26 10:30:00,1106772.6262626806
2026-05-26 10:45:00,1106772.6262626806
2026-05-26 11:00:00,1106772.6262626806
2026-05-26 11:15:00,1106772.6262626806
2026-05-26 11:30:00,1106772.6262626806
2026-05-26 11:45:00,1106772.6262626806
2026-05-26 12:00:00,1106772.6262626806
2026-05-26 12:15:00,1106772.6262626806
2026-05-26 12:30:00,1106772.6262626806
2026-05-26 12:45:00,1106772.6262626806
2026-05-26 13:00:00,1106772.6262626806
2026-05-26 13:15:00,1106772.6262626806
2026-05-26 13:30:00,1106772.6262626806
2026-05-26 13:45:00,1106772.6262626806
2026-05-26 14:00:00,1106772.6262626806
2026-05-26 14:15:00,1106772.6262626806
2026-05-26 14:30:00,1106772.6262626806
2026-05-26 14:45:00,1106772.6262626806
2026-05-26 15:00:00,1106772.6262626806
2026-05-26 15:15:00,1106772.6262626806
2026-05-26 15:30:00,1106772.6262626806
2026-05-26 15:45:00,1106772.6262626806
2026-05-26 16:00:00,1106772.6262626806
2026-05-26 16:15:00,1106772.6262626806
2026-05-26 16:30:00,1106772.6262626806
2026-05-26 16:45:00,1106772.6262626806
2026-05-26 17:00:00,1106772.6262626806
2026-05-26 17:15:00,1106772.6262626806
2026-05-26 17:30:00,1106772.6262626806
2026-05-26 17:45:00,1106772.6262626806
2026-05-26 18:00:00,1106772.6262626806
2026-05-26 18:15:00,1106772.6262626806
2026-05-26 18:30:00,1106772.6262626806
2026-05-26 18:45:00,1106772.6262626806
2026-05-26 19:00:00,1106772.6262626806
2026-05-26 19:15:00,1106772.6262626806
2026-05-26 19:30:00,1106772.6262626806
2026-05-26 19:45:00,1106772.6262626806
2026-05-26 20:00:00,1106772.6262626806
2026-05-26 20:15:00,1106772.6262626806
2026-05-26 20:30:00,1106772.6262626806
2026-05-26 20:45:00,1106772.6262626806
2026-05-26 21:00:00,1106772.6262626806
2026-05-26 21:15:00,1106772.6262626806
2026-05-26 21:30:00,1106772.6262626806
2026-05-26 21:45:00,1106772.6262626806
2026-05-26 22:00:00,1106772.6262626806
2026-05-26 22:15:00,1106772.6262626806
2026-05-26 22:30:00,1106772.6262626806
2026-05-26 22:45:00,1106772.6262626806
2026-05-26 23:00:00,1106772.6262626806
2026-05-26 23:15:00,1106772.6262626806
2026-05-26 23:30:00,1106772.6262626806
2026-05-26 23:45:00,1106772.6262626806
2026-05-27 00:00:00,1106772.6262626806
2026-05-27 00:15:00,1106772.6262626806
2026-05-27 00:30:00,1106772.6262626806
2026-05-27 00:45:00,1106772.6262626806
2026-05-27 01:00:00,1106772.6262626806
2026-05-27 01:15:00,1106772.6262626806
2026-05-27 01:30:00,1106772.6262626806
2026-05-27 01:45:00,1106772.6262626806
2026-05-27 02:00:00,1106772.6262626806
2026-05-27 02:15:00,1106772.6262626806
2026-05-27 02:30:00,1106772.6262626806
2026-05-27 02:45:00,1106772.6262626806
2026-05-27 03:00:00,1106772.6262626806
2026-05-27 03:15:00,1106772.6262626806
2026-05-27 03:30:00,1106772.6262626806
2026-05-27 03:45:00,1106772.6262626806
2026-05-27 04:00:00,1106772.6262626806
2026-05-27 04:15:00,1106772.6262626806
2026-05-27 04:30:00,1106772.6262626806
2026-05-27 04:45:00,1106772.6262626806
2026-05-27 05:00:00,1106772.6262626806
2026-05-27 05:15:00,1106772.6262626806
2026-05-27 05:30:00,1106772.6262626806
2026-05-27 05:45:00,1106772.6262626806
2026-05-27 06:00:00,1106772.6262626806
2026-05-27 06:15:00,1106772.6262626806
2026-05-27 06:30:00,1106772.6262626806
2026-05-27 06:45:00,1106772.6262626806
2026-05-27 07:00:00,1106772.6262626806
2026-05-27 07:15:00,1106772.6262626806
2026-05-27 07:30:00,1106772.6262626806
2026-05-27 07:45:00,1106772.6262626806
2026-05-27 08:00:00,1106772.6262626806
2026-05-27 08:15:00,1106772.6262626806
2026-05-27 08:30:00,1106772.6262626806
2026-05-27 08:45:00,1106772.6262626806
2026-05-27 09:00:00,1106772.6262626806
2026-05-27 09:15:00,1106772.6262626806
2026-05-27 09:30:00,1106772.6262626806
2026-05-27 09:45:00,1106772.6262626806
2026-05-27 10:00:00,1106772.6262626806
2026-05-27 10:15:00,1106772.6262626806
2026-05-27 10:30:00,1106772.6262626806
2026-05-27 10:45:00,1106772.6262626806
2026-05-27 11:00:00,1106772.6262626806
2026-05-27 11:15:00,1106772.6262626806
2026-05-27 11:30:00,1106772.6262626806
2026-05-27 11:45:00,1106772.6262626806
2026-05-27 12:00:00,1106772.6262626806
2026-05-27 12:15:00,1106772.6262626806
2026-05-27 12:30:00,1106772.6262626806
2026-05-27 12:45:00,1106772.6262626806
2026-05-27 13:00:00,1106772.6262626806
2026-05-27 13:15:00,1106772.6262626806
2026-05-27 13:30:00,1106772.6262626806
2026-05-27 13:45:00,1106772.6262626806
2026-05-27 14:00:00,1106772.6262626806
2026-05-27 14:15:00,1106772.6262626806
2026-05-27 14:30:00,1106772.6262626806
2026-05-27 14:45:00,1106772.6262626806
2026-05-27 15:00:00,1106772.6262626806
2026-05-27 15:15:00,1106772.6262626806
2026-05-27 15:30:00,1106772.6262626806
2026-05-27 15:45:00,1106772.6262626806
2026-05-27 16:00:00,1106772.6262626806
2026-05-27 16:15:00,1106772.6262626806
2026-05-27 16:30:00,1106772.6262626806
2026-05-27 16:45:00,1106772.6262626806
2026-05-27 17:00:00,1106772.6262626806
2026-05-27 17:15:00,1106772.6262626806
2026-05-27 17:30:00,1106772.6262626806
2026-05-27 17:45:00,1106772.6262626806
2026-05-27 18:00:00,1106772.6262626806
2026-05-27 18:15:00,1106772.6262626806
2026-05-27 18:30:00,1106772.6262626806
2026-05-27 18:45:00,1106772.6262626806
2026-05-27 19:00:00,1106772.6262626806
2026-05-27 19:15:00,1106772.6262626806
2026-05-27 19:30:00,1106772.6262626806
2026-05-27 19:45:00,1106772.6262626806
2026-05-27 20:00:00,1106772.6262626806
2026-05-27 20:15:00,1106772.6262626806
2026-05-27 20:30:00,1106772.6262626806
2026-05-27 20:45:00,1106772.6262626806
2026-05-27 21:00:00,1106772.6262626806
2026-05-27 21:15:00,1106772.6262626806
2026-05-27 21:30:00,1106772.6262626806
2026-05-27 21:45:00,1106772.6262626806
2026-05-27 22:00:00,1106772.6262626806
2026-05-27 22:15:00,1106772.6262626806
2026-05-27 22:30:00,1106772.6262626806
2026-05-27 22:45:00,1106772.6262626806
2026-05-27 23:00:00,1106772.6262626806
2026-05-27 23:15:00,1106772.6262626806
2026-05-27 23:30:00,1106772.6262626806
2026-05-27 23:45:00,1106772.6262626806
2026-05-28 00:00:00,1106772.6262626806
2026-05-28 00:15:00,1106772.6262626806
2026-05-28 00:30:00,1106772.6262626806
2026-05-28 00:45:00,1106772.6262626806
2026-05-28 01:00:00,1106772.6262626806
2026-05-28 01:15:00,1106772.6262626806
2026-05-28 01:30:00,1106772.6262626806
2026-05-28 01:45:00,1106772.6262626806
2026-05-28 02:00:00,1106772.6262626806
2026-05-28 02:15:00,1106772.6262626806
2026-05-28 02:30:00,1106772.6262626806
2026-05-28 02:45:00,1106772.6262626806
2026-05-28 03:00:00,1106772.6262626806
2026-05-28 03:15:00,1106772.6262626806
2026-05-28 03:30:00,1106772.6262626806
2026-05-28 03:45:00,1106772.6262626806
2026-05-28 04:00:00,1106772.6262626806
2026-05-28 04:15:00,1106772.6262626806
2026-05-28 04:30:00,1106772.6262626806
2026-05-28 04:45:00,1106772.6262626806
2026-05-28 05:00:00,1106772.6262626806
2026-05-28 05:15:00,1106772.6262626806
2026-05-28 05:30:00,1106772.6262626806
2026-05-28 05:45:00,1106772.6262626806
2026-05-28 06:00:00,1106772.6262626806
2026-05-28 06:15:00,1106772.6262626806
2026-05-28 06:30:00,1106772.6262626806
2026-05-28 06:45:00,1106772.6262626806
2026-05-28 07:00:00,1106772.6262626806
2026-05-28 07:15:00,1106772.6262626806
2026-05-28 07:30:00,1106772.6262626806
2026-05-28 07:45:00,1106772.6262626806
2026-05-28 08:00:00,1106772.6262626806
2026-05-28 08:15:00,1106772.6262626806
2026-05-28 08:30:00,1106772.6262626806
2026-05-28 08:45:00,1106772.6262626806
2026-05-28 09:00:00,1106772.6262626806
2026-05-28 09:15:00,1106772.6262626806
2026-05-28 09:30:00,1106772.6262626806
2026-05-28 09:45:00,1106772.6262626806
2026-05-28 10:00:00,1106772.6262626806
2026-05-28 10:15:00,1106772.6262626806
2026-05-28 10:30:00,1106772.6262626806
2026-05-28 10:45:00,1106772.6262626806
2026-05-28 11:00:00,1106772.6262626806
2026-05-28 11:15:00,1106772.6262626806
2026-05-28 11:30:00,1106772.6262626806
2026-05-28 11:45:00,1106772.6262626806
2026-05-28 12:00:00,1106772.6262626806
2026-05-28 12:15:00,1106772.6262626806
2026-05-28 12:30:00,1106772.6262626806
2026-05-28 12:45:00,1106772.6262626806
2026-05-28 13:00:00,1106772.6262626806
2026-05-28 13:15:00,1106772.6262626806
2026-05-28 13:30:00,1106772.6262626806
2026-05-28 13:45:00,1106772.6262626806
2026-05-28 14:00:00,1106772.6262626806
2026-05-28 14:15:00,1106772.6262626806
2026-05-28 14:30:00,1106772.6262626806
2026-05-28 14:45:00,1106772.6262626806
2026-05-28 15:00:00,1106772.6262626806
2026-05-28 15:15:00,1106772.6262626806
2026-05-28 15:30:00,1106772.6262626806
2026-05-28 15:45:00,1106772.6262626806
2026-05-28 16:00:00,1106772.6262626806
2026-05-28 16:15:00,1106772.6262626806
2026-05-28 16:30:00,1106772.6262626806
2026-05-28 16:45:00,1106772.6262626806
2026-05-28 17:00:00,1106772.6262626806
2026-05-28 17:15:00,1106772.6262626806
2026-05-28 17:30:00,1106772.6262626806
2026-05-28 17:45:00,1106772.6262626806
2026-05-28 18:00:00,1106772.6262626806
2026-05-28 18:15:00,1106772.6262626806
2026-05-28 18:30:00,1106772.6262626806
2026-05-28 18:45:00,1106772.6262626806
2026-05-28 19:00:00,1106772.6262626806
2026-05-28 19:15:00,1106772.6262626806
2026-05-28 19:30:00,1106772.6262626806
2026-05-28 19:45:00,1106772.6262626806
2026-05-28 20:00:00,1106772.6262626806
2026-05-28 20:15:00,1106772.6262626806
2026-05-28 20:30:00,1106772.6262626806
2026-05-28 20:45:00,1106772.6262626806
2026-05-28 21:00:00,1106772.6262626806
2026-05-28 21:15:00,1106772.6262626806
2026-05-28 21:30:00,1106772.6262626806
2026-05-28 21:45:00,1106772.6262626806
2026-05-28 22:00:00,1106772.6262626806
2026-05-28 22:15:00,1106772.6262626806
2026-05-28 22:30:00,1106772.6262626806
2026-05-28 22:45:00,1106772.6262626806
2026-05-28 23:00:00,1106772.6262626806
2026-05-28 23:15:00,1106772.6262626806
2026-05-28 23:30:00,1106772.6262626806
2026-05-28 23:45:00,1106772.6262626806
2026-05-29 00:00:00,1106772.6262626806
2026-05-29 00:15:00,1106772.6262626806
2026-05-29 00:30:00,1106772.6262626806
2026-05-29 00:45:00,1106772.6262626806
2026-05-29 01:00:00,1106772.6262626806
2026-05-29 01:15:00,1106772.6262626806
2026-05-29 01:30:00,1106772.6262626806
2026-05-29 01:45:00,1106772.6262626806
2026-05-29 02:00:00,1106772.6262626806
2026-05-29 02:15:00,1106772.6262626806
2026-05-29 02:30:00,1106772.6262626806
2026-05-29 02:45:00,1106772.6262626806
2026-05-29 03:00:00,1106772.6262626806
2026-05-29 03:15:00,1106772.6262626806
2026-05-29 03:30:00,1106772.6262626806
2026-05-29 03:45:00,1106772.6262626806
2026-05-29 04:00:00,1106772.6262626806
2026-05-29 04:15:00,1106772.6262626806
2026-05-29 04:30:00,1106772.6262626806
2026-05-29 04:45:00,1106772.6262626806
2026-05-29 05:00:00,1106772.6262626806
2026-05-29 05:15:00,1106772.6262626806
2026-05-29 05:30:00,1106772.6262626806
2026-05-29 05:45:00,1106772.6262626806
2026-05-29 06:00:00,1106772.6262626806
2026-05-29 06:15:00,1106772.6262626806
2026-05-29 06:30:00,1106772.6262626806
2026-05-29 06:45:00,1106772.6262626806
2026-05-29 07:00:00,1106772.6262626806
2026-05-29 07:15:00,1106772.6262626806
2026-05-29 07:30:00,1106772.6262626806
2026-05-29 07:45:00,1106772.6262626806
2026-05-29 08:00:00,1106772.6262626806
2026-05-29 08:15:00,1106772.6262626806
2026-05-29 08:30:00,1106772.6262626806
2026-05-29 08:45:00,1106772.6262626806
2026-05-29 09:00:00,1106772.6262626806
2026-05-29 09:15:00,1106772.6262626806
2026-05-29 09:30:00,1106772.6262626806
2026-05-29 09:45:00,1106772.6262626806
2026-05-29 10:00:00,1106772.6262626806
2026-05-29 10:15:00,1106772.6262626806
2026-05-29 10:30:00,1106772.6262626806
2026-05-29 10:45:00,1106772.6262626806
2026-05-29 11:00:00,1106772.6262626806
2026-05-29 11:15:00,1106772.6262626806
2026-05-29 11:30:00,1106772.6262626806
2026-05-29 11:45:00,1106772.6262626806
2026-05-29 12:00:00,1106772.6262626806
2026-05-29 12:15:00,1106772.6262626806
2026-05-29 12:30:00,1106772.6262626806
2026-05-29 12:45:00,1106772.6262626806
2026-05-29 13:00:00,1106772.6262626806
2026-05-29 13:15:00,1106772.6262626806
2026-05-29 13:30:00,1106772.6262626806
2026-05-29 13:45:00,1106772.6262626806
2026-05-29 14:00:00,1106772.6262626806
2026-05-29 14:15:00,1106772.6262626806
2026-05-29 14:30:00,1106772.6262626806
2026-05-29 14:45:00,1106772.6262626806
2026-05-29 15:00:00,1106772.6262626806
2026-05-29 15:15:00,1106772.6262626806
2026-05-29 15:30:00,1106772.6262626806
2026-05-29 15:45:00,1106772.6262626806
2026-05-29 16:00:00,1106772.6262626806
2026-05-29 16:15:00,1106772.6262626806
2026-05-29 16:30:00,1106772.6262626806
2026-05-29 16:45:00,1106772.6262626806
2026-05-29 17:00:00,1106772.6262626806
2026-05-29 17:15:00,1106772.6262626806
2026-05-29 17:30:00,1106772.6262626806
2026-05-29 17:45:00,1106772.6262626806
2026-05-29 18:00:00,1106772.6262626806
2026-05-29 18:15:00,1106772.6262626806
2026-05-29 18:30:00,1106772.6262626806
2026-05-29 18:45:00,1106772.6262626806
2026-05-29 19:00:00,1106772.6262626806
2026-05-29 19:15:00,1106772.6262626806
2026-05-29 19:30:00,1106772.6262626806
2026-05-29 19:45:00,1106772.6262626806
2026-05-29 20:00:00,1106772.6262626806
2026-05-29 20:15:00,1106772.6262626806
2026-05-29 20:30:00,1106772.6262626806
2026-05-29 20:45:00,1106772.6262626806
2026-05-29 21:00:00,1106772.6262626806
