time,equity
2026-02-09 22:00:00,10000.0
2026-02-09 22:15:00,10000.0
2026-02-09 22:30:00,10000.0
2026-02-09 22:45:00,10000.0
2026-02-09 23:00:00,10000.0
2026-02-09 23:15:00,10000.0
2026-02-09 23:30:00,10000.0
2026-02-09 23:45:00,10000.0
2026-02-10 01:00:00,10000.0
2026-02-10 01:15:00,10000.0
2026-02-10 01:30:00,10000.0
2026-02-10 01:45:00,9900.0
2026-02-10 02:00:00,9801.0
2026-02-10 02:15:00,9702.99
2026-02-10 02:30:00,9994.0797
2026-02-10 02:45:00,9994.0797
2026-02-10 03:00:00,9994.0797
2026-02-10 03:15:00,9994.0797
2026-02-10 03:30:00,9994.0797
2026-02-10 03:45:00,9994.0797
2026-02-10 04:00:00,9697.2455388303
2026-02-10 04:15:00,9504.270352607578
2026-02-10 04:30:00,9504.270352607578
2026-02-10 04:45:00,9504.270352607578
2026-02-10 05:00:00,9504.270352607578
2026-02-10 05:15:00,9504.270352607578
2026-02-10 05:30:00,9504.270352607578
2026-02-10 05:45:00,9504.270352607578
2026-02-10 06:00:00,9504.270352607578
2026-02-10 06:15:00,9504.270352607578
2026-02-10 06:30:00,9504.270352607578
2026-02-10 06:45:00,9504.270352607578
2026-02-10 07:00:00,9504.270352607578
2026-02-10 07:15:00,9504.270352607578
2026-02-10 07:30:00,9504.270352607578
2026-02-10 07:45:00,9409.227649081502
2026-02-10 08:00:00,9315.135372590687
2026-02-10 08:15:00,9315.135372590687
2026-02-10 08:30:00,9221.98401886478
2026-02-10 08:45:00,9038.466536889371
2026-02-10 09:00:00,9038.466536889371
2026-02-10 09:15:00,9038.466536889371
2026-02-10 09:30:00,9038.466536889371
2026-02-10 09:45:00,9038.466536889371
2026-02-10 10:00:00,9038.466536889371
2026-02-10 10:15:00,9038.466536889371
2026-02-10 10:30:00,9221.98401886478
2026-02-10 10:45:00,9221.98401886478
2026-02-10 11:00:00,9894.138903000001
2026-02-10 11:15:00,9894.138903000001
2026-02-10 11:30:00,9894.138903000001
2026-02-10 11:45:00,9894.138903000001
2026-02-10 12:00:00,9894.138903000001
2026-02-10 12:15:00,9697.2455388303
2026-02-10 12:30:00,9697.2455388303
2026-02-10 12:45:00,9697.2455388303
2026-02-10 13:00:00,9697.2455388303
2026-02-10 13:15:00,9697.2455388303
2026-02-10 13:30:00,9697.2455388303
2026-02-10 13:45:00,9697.2455388303
2026-02-10 14:00:00,9600.273083441998
2026-02-10 14:15:00,9504.270352607578
2026-02-10 14:30:00,9129.764178676132
2026-02-10 14:45:00,9697.2455388303
2026-02-10 15:00:00,9600.273083441998
2026-02-10 15:15:00,9504.270352607578
2026-02-10 15:30:00,9409.227649081502
2026-02-10 15:45:00,9315.135372590687
2026-02-10 16:00:00,9315.135372590687
2026-02-10 16:15:00,9888.281275945264
2026-02-10 16:30:00,9888.281275945264
2026-02-10 16:45:00,9888.281275945264
2026-02-10 17:00:00,9888.281275945264
2026-02-10 17:15:00,9888.281275945264
2026-02-10 17:30:00,9888.281275945264
2026-02-10 17:45:00,9888.281275945264
2026-02-10 18:00:00,9888.281275945264
2026-02-10 18:15:00,9888.281275945264
2026-02-10 18:30:00,9888.281275945264
2026-02-10 18:45:00,9888.281275945264
2026-02-10 19:00:00,9888.281275945264
2026-02-10 19:15:00,9691.504478553952
2026-02-10 19:30:00,9691.504478553952
2026-02-10 19:45:00,9594.589433768413
2026-02-10 20:00:00,9594.589433768413
2026-02-10 20:15:00,9594.589433768413
2026-02-10 20:30:00,9594.589433768413
2026-02-10 20:45:00,9594.589433768413
2026-02-10 21:00:00,9594.589433768413
2026-02-10 21:15:00,9594.589433768413
2026-02-10 21:30:00,9403.657104036422
2026-02-10 21:45:00,9403.657104036422
2026-02-10 22:00:00,9403.657104036422
2026-02-10 22:15:00,9403.657104036422
2026-02-10 22:30:00,9403.657104036422
2026-02-10 22:45:00,9216.524327666097
2026-02-10 23:00:00,9124.359084389436
2026-02-10 23:15:00,9124.359084389436
2026-02-10 23:30:00,9124.359084389436
2026-02-10 23:45:00,9124.359084389436
2026-02-11 01:00:00,9124.359084389436
2026-02-11 01:15:00,10083.080417081386
2026-02-11 01:30:00,10083.080417081386
2026-02-11 01:45:00,10083.080417081386
2026-02-11 02:00:00,10083.080417081386
2026-02-11 02:15:00,10083.080417081386
2026-02-11 02:30:00,10083.080417081386
2026-02-11 02:45:00,10083.080417081386
2026-02-11 03:00:00,9982.249612910573
2026-02-11 03:15:00,9982.249612910573
2026-02-11 03:30:00,9982.249612910573
2026-02-11 03:45:00,9982.249612910573
2026-02-11 04:00:00,9882.427116781475
2026-02-11 04:15:00,9882.427116781475
2026-02-11 04:30:00,9882.427116781475
2026-02-11 04:45:00,9882.427116781475
2026-02-11 05:00:00,9882.427116781475
2026-02-11 05:15:00,9882.427116781475
2026-02-11 05:30:00,9882.427116781475
2026-02-11 05:45:00,9882.427116781475
2026-02-11 06:00:00,9882.427116781475
2026-02-11 06:15:00,9882.427116781475
2026-02-11 06:30:00,9882.427116781475
2026-02-11 06:45:00,9882.427116781475
2026-02-11 07:00:00,9882.427116781475
2026-02-11 07:15:00,9882.427116781475
2026-02-11 07:30:00,10484.266928193476
2026-02-11 07:45:00,10484.266928193476
2026-02-11 08:00:00,10484.266928193476
2026-02-11 08:15:00,10484.266928193476
2026-02-11 08:30:00,10484.266928193476
2026-02-11 08:45:00,10484.266928193476
2026-02-11 09:00:00,10798.79493603929
2026-02-11 09:15:00,10798.79493603929
2026-02-11 09:30:00,10798.79493603929
2026-02-11 09:45:00,10798.79493603929
2026-02-11 10:00:00,10798.79493603929
2026-02-11 10:15:00,10798.79493603929
2026-02-11 10:30:00,10798.79493603929
2026-02-11 10:45:00,10798.79493603929
2026-02-11 11:00:00,10798.79493603929
2026-02-11 11:15:00,10798.79493603929
2026-02-11 11:30:00,10373.279328367546
2026-02-11 11:45:00,11011.531196279273
2026-02-11 12:00:00,11011.531196279273
2026-02-11 12:15:00,11456.441547644094
2026-02-11 12:30:00,11800.134794073403
2026-02-11 12:45:00,12154.138837895593
2026-02-11 13:00:00,12032.597449516637
2026-02-11 13:15:00,12032.597449516637
2026-02-11 13:30:00,12032.597449516637
2026-02-11 13:45:00,12032.597449516637
2026-02-11 14:00:00,12032.597449516637
2026-02-11 14:15:00,11912.27147502147
2026-02-11 14:30:00,11675.217272668544
2026-02-11 14:45:00,11558.465099941859
2026-02-11 15:00:00,11558.465099941859
2026-02-11 15:15:00,11442.88044894244
2026-02-11 15:30:00,11328.451644453016
2026-02-11 15:45:00,11215.167128008487
2026-02-11 16:00:00,11215.167128008487
2026-02-11 16:15:00,11215.167128008487
2026-02-11 16:30:00,11215.167128008487
2026-02-11 16:45:00,11215.167128008487
2026-02-11 17:00:00,11215.167128008487
2026-02-11 17:15:00,11215.167128008487
2026-02-11 17:30:00,11215.167128008487
2026-02-11 17:45:00,11215.167128008487
2026-02-11 18:00:00,11215.167128008487
2026-02-11 18:15:00,11215.167128008487
2026-02-11 18:30:00,11215.167128008487
2026-02-11 18:45:00,11215.167128008487
2026-02-11 19:00:00,11215.167128008487
2026-02-11 19:15:00,11215.167128008487
2026-02-11 19:30:00,11215.167128008487
2026-02-11 19:45:00,11215.167128008487
2026-02-11 20:00:00,10991.985302161116
2026-02-11 20:15:00,10882.065449139505
2026-02-11 20:30:00,10882.065449139505
2026-02-11 20:45:00,10882.065449139505
2026-02-11 21:00:00,10882.065449139505
2026-02-11 21:15:00,10882.065449139505
2026-02-11 21:30:00,10882.065449139505
2026-02-11 21:45:00,10773.24479464811
2026-02-11 22:00:00,10773.24479464811
2026-02-11 22:15:00,10773.24479464811
2026-02-11 22:30:00,10773.24479464811
2026-02-11 22:45:00,10773.24479464811
2026-02-11 23:00:00,10773.24479464811
2026-02-11 23:15:00,10773.24479464811
2026-02-11 23:30:00,10142.796118798848
2026-02-11 23:45:00,10142.796118798848
2026-02-12 01:00:00,10348.735964492244
2026-02-12 01:15:00,10245.24860484732
2026-02-12 01:30:00,10245.24860484732
2026-02-12 01:45:00,10245.24860484732
2026-02-12 02:00:00,10245.24860484732
2026-02-12 02:15:00,10245.24860484732
2026-02-12 02:30:00,10245.24860484732
2026-02-12 02:45:00,10245.24860484732
2026-02-12 03:00:00,10245.24860484732
2026-02-12 03:15:00,10245.24860484732
2026-02-12 03:30:00,10245.24860484732
2026-02-12 03:45:00,10245.24860484732
2026-02-12 04:00:00,10245.24860484732
2026-02-12 04:15:00,10245.24860484732
2026-02-12 04:30:00,10245.24860484732
2026-02-12 04:45:00,10245.24860484732
2026-02-12 05:00:00,10245.24860484732
2026-02-12 05:15:00,10245.24860484732
2026-02-12 05:30:00,10245.24860484732
2026-02-12 05:45:00,10245.24860484732
2026-02-12 06:00:00,10245.24860484732
2026-02-12 06:15:00,10245.24860484732
2026-02-12 06:30:00,10245.24860484732
2026-02-12 06:45:00,10245.24860484732
2026-02-12 07:00:00,10245.24860484732
2026-02-12 07:15:00,10245.24860484732
2026-02-12 07:30:00,10245.24860484732
2026-02-12 07:45:00,10245.24860484732
2026-02-12 08:00:00,10142.796118798848
2026-02-12 08:15:00,9841.544931274404
2026-02-12 08:30:00,9743.12948196166
2026-02-12 08:45:00,9743.12948196166
2026-02-12 09:00:00,9743.12948196166
2026-02-12 09:15:00,9743.12948196166
2026-02-12 09:30:00,9743.12948196166
2026-02-12 09:45:00,9743.12948196166
2026-02-12 10:00:00,9743.12948196166
2026-02-12 10:15:00,9743.12948196166
2026-02-12 10:30:00,9743.12948196166
2026-02-12 10:45:00,9743.12948196166
2026-02-12 11:00:00,9743.12948196166
2026-02-12 11:15:00,9743.12948196166
2026-02-12 11:30:00,9743.12948196166
2026-02-12 11:45:00,9743.12948196166
2026-02-12 12:00:00,9743.12948196166
2026-02-12 12:15:00,9359.211305285737
2026-02-12 12:30:00,9359.211305285737
2026-02-12 12:45:00,9549.241205270622
2026-02-12 13:00:00,9549.241205270622
2026-02-12 13:15:00,9549.241205270622
2026-02-12 13:30:00,9549.241205270622
2026-02-12 13:45:00,9549.241205270622
2026-02-12 14:00:00,9549.241205270622
2026-02-12 14:15:00,9549.241205270622
2026-02-12 14:30:00,9549.241205270622
2026-02-12 14:45:00,9453.748793217916
2026-02-12 15:00:00,9359.211305285737
2026-02-12 15:15:00,9172.96300031055
2026-02-12 15:30:00,9081.233370307446
2026-02-12 15:45:00,8990.421036604372
2026-02-12 16:00:00,8990.421036604372
2026-02-12 16:15:00,8900.516826238329
2026-02-12 16:30:00,8900.516826238329
2026-02-12 16:45:00,9645.698187142043
2026-02-12 17:00:00,9645.698187142043
2026-02-12 17:15:00,9453.748793217916
2026-02-12 17:30:00,9453.748793217916
2026-02-12 17:45:00,9453.748793217916
2026-02-12 18:00:00,9359.211305285737
2026-02-12 18:15:00,9265.61919223288
2026-02-12 18:30:00,9265.61919223288
2026-02-12 18:45:00,9265.61919223288
2026-02-12 19:00:00,9265.61919223288
2026-02-12 19:15:00,9265.61919223288
2026-02-12 19:30:00,9265.61919223288
2026-02-12 19:45:00,9265.61919223288
2026-02-12 20:00:00,9265.61919223288
2026-02-12 20:15:00,9265.61919223288
2026-02-12 20:30:00,9265.61919223288
2026-02-12 20:45:00,9265.61919223288
2026-02-12 21:00:00,9265.61919223288
2026-02-12 21:15:00,9265.61919223288
2026-02-12 21:30:00,9265.61919223288
2026-02-12 21:45:00,9265.61919223288
2026-02-12 22:00:00,9265.61919223288
2026-02-12 22:15:00,9265.61919223288
2026-02-12 22:30:00,9265.61919223288
2026-02-12 22:45:00,9265.61919223288
2026-02-12 23:00:00,9265.61919223288
2026-02-12 23:15:00,9265.61919223288
2026-02-12 23:30:00,9265.61919223288
2026-02-12 23:45:00,9265.61919223288
2026-02-13 01:00:00,9265.61919223288
2026-02-13 01:15:00,9265.61919223288
2026-02-13 01:30:00,9265.61919223288
2026-02-13 01:45:00,9265.61919223288
2026-02-13 02:00:00,9081.233370307446
2026-02-13 02:15:00,8990.421036604372
2026-02-13 02:30:00,8990.421036604372
2026-02-13 02:45:00,8990.421036604372
2026-02-13 03:00:00,8990.421036604372
2026-02-13 03:15:00,8990.421036604372
2026-02-13 03:30:00,8990.421036604372
2026-02-13 03:45:00,8990.421036604372
2026-02-13 04:00:00,8990.421036604372
2026-02-13 04:15:00,8990.421036604372
2026-02-13 04:30:00,8990.421036604372
2026-02-13 04:45:00,8990.421036604372
2026-02-13 05:00:00,8990.421036604372
2026-02-13 05:15:00,8990.421036604372
2026-02-13 05:30:00,8990.421036604372
2026-02-13 05:45:00,8990.421036604372
2026-02-13 06:00:00,8990.421036604372
2026-02-13 06:15:00,8990.421036604372
2026-02-13 06:30:00,8990.421036604372
2026-02-13 06:45:00,8990.421036604372
2026-02-13 07:00:00,8990.421036604372
2026-02-13 07:15:00,8379.659911312976
2026-02-13 07:30:00,8212.904679077848
2026-02-13 07:45:00,8212.904679077848
2026-02-13 08:00:00,8212.904679077848
2026-02-13 08:15:00,8130.77563228707
2026-02-13 08:30:00,8130.77563228707
2026-02-13 08:45:00,8130.77563228707
2026-02-13 09:00:00,8130.77563228707
2026-02-13 09:15:00,8049.467875964199
2026-02-13 09:30:00,8049.467875964199
2026-02-13 09:45:00,8049.467875964199
2026-02-13 10:00:00,8049.467875964199
2026-02-13 10:15:00,8049.467875964199
2026-02-13 10:30:00,8049.467875964199
2026-02-13 10:45:00,8049.467875964199
2026-02-13 11:00:00,8049.467875964199
2026-02-13 11:15:00,7810.390630580187
2026-02-13 11:30:00,7889.283465232512
2026-02-13 11:45:00,7889.283465232512
2026-02-13 12:00:00,7889.283465232512
2026-02-13 12:15:00,7889.283465232512
2026-02-13 12:30:00,7889.283465232512
2026-02-13 12:45:00,7578.414218461325
2026-02-13 13:00:00,7502.630076276711
2026-02-13 13:15:00,7502.630076276711
2026-02-13 13:30:00,7502.630076276711
2026-02-13 13:45:00,7502.630076276711
2026-02-13 14:00:00,7502.630076276711
2026-02-13 14:15:00,7502.630076276711
2026-02-13 14:30:00,7502.630076276711
2026-02-13 14:45:00,7502.630076276711
2026-02-13 15:00:00,7502.630076276711
2026-02-13 15:15:00,7502.630076276711
2026-02-13 15:30:00,7502.630076276711
2026-02-13 15:45:00,7502.630076276711
2026-02-13 16:00:00,7502.630076276711
2026-02-13 16:15:00,7727.708978565013
2026-02-13 16:30:00,7498.188294192654
2026-02-13 16:45:00,7498.188294192654
2026-02-13 17:00:00,7498.188294192654
2026-02-13 17:15:00,7498.188294192654
2026-02-13 17:30:00,7498.188294192654
2026-02-13 17:45:00,7130.702460053868
2026-02-13 18:00:00,7059.395435453329
2026-02-13 18:15:00,7059.395435453329
2026-02-13 18:30:00,7059.395435453329
2026-02-13 18:45:00,7059.395435453329
2026-02-13 19:00:00,7059.395435453329
2026-02-13 19:15:00,7059.395435453329
2026-02-13 19:30:00,7059.395435453329
2026-02-13 19:45:00,7059.395435453329
2026-02-13 20:00:00,7059.395435453329
2026-02-13 20:15:00,7059.395435453329
2026-02-13 20:30:00,7059.395435453329
2026-02-13 20:45:00,7059.395435453329
2026-02-13 21:00:00,7271.1772985169255
2026-02-13 21:15:00,7271.1772985169255
2026-02-13 21:30:00,7271.1772985169255
2026-02-13 21:45:00,7271.1772985169255
2026-02-13 22:00:00,7271.1772985169255
2026-02-13 22:15:00,7271.1772985169255
2026-02-13 22:30:00,7271.1772985169255
2026-02-13 22:45:00,7271.1772985169255
2026-02-13 23:00:00,7271.1772985169255
2026-02-13 23:15:00,7271.1772985169255
2026-02-13 23:30:00,7271.1772985169255
2026-02-13 23:45:00,7271.1772985169255
2026-02-16 01:00:00,7271.1772985169255
2026-02-16 01:15:00,7271.1772985169255
2026-02-16 01:30:00,7271.1772985169255
2026-02-16 01:45:00,7271.1772985169255
2026-02-16 02:00:00,7198.465525531756
2026-02-16 02:15:00,7198.465525531756
2026-02-16 02:30:00,7198.465525531756
2026-02-16 02:45:00,7198.465525531756
2026-02-16 03:00:00,7198.465525531756
2026-02-16 03:15:00,6845.669089328874
2026-02-16 03:30:00,6845.669089328874
2026-02-16 03:45:00,6845.669089328874
2026-02-16 04:00:00,6845.669089328874
2026-02-16 04:15:00,6845.669089328874
2026-02-16 04:30:00,6845.669089328874
2026-02-16 04:45:00,7262.570336868992
2026-02-16 05:00:00,7262.570336868992
2026-02-16 05:15:00,7262.570336868992
2026-02-16 05:30:00,7262.570336868992
2026-02-16 05:45:00,7865.957638317735
2026-02-16 06:00:00,7865.957638317735
2026-02-16 06:15:00,7865.957638317735
2026-02-16 06:30:00,7865.957638317735
2026-02-16 06:45:00,7865.957638317735
2026-02-16 07:00:00,8101.936367467267
2026-02-16 07:15:00,7940.707833754668
2026-02-16 07:30:00,7940.707833754668
2026-02-16 07:45:00,7940.707833754668
2026-02-16 08:00:00,7940.707833754668
2026-02-16 08:15:00,7861.300755417122
2026-02-16 08:30:00,7551.534139063673
2026-02-16 08:45:00,7551.534139063673
2026-02-16 09:00:00,7551.534139063673
2026-02-16 09:15:00,7551.534139063673
2026-02-16 09:30:00,7861.300755417122
2026-02-16 09:45:00,7940.707833754668
2026-02-16 10:00:00,7861.300755417122
2026-02-16 10:15:00,7861.300755417122
2026-02-16 10:30:00,7861.300755417122
2026-02-16 10:45:00,7861.300755417122
2026-02-16 11:00:00,7861.300755417122
2026-02-16 11:15:00,7861.300755417122
2026-02-16 11:30:00,7861.300755417122
2026-02-16 11:45:00,7861.300755417122
2026-02-16 12:00:00,7861.300755417122
2026-02-16 12:15:00,7782.68774786295
2026-02-16 12:30:00,7782.68774786295
2026-02-16 12:45:00,7782.68774786295
2026-02-16 13:00:00,7782.68774786295
2026-02-16 13:15:00,7782.68774786295
2026-02-16 13:30:00,7782.68774786295
2026-02-16 13:45:00,7782.68774786295
2026-02-16 14:00:00,7782.68774786295
2026-02-16 14:15:00,7782.68774786295
2026-02-16 14:30:00,7704.860870384321
2026-02-16 14:45:00,7627.812261680478
2026-02-16 15:00:00,7627.812261680478
2026-02-16 15:15:00,7627.812261680478
2026-02-16 15:30:00,7627.812261680478
2026-02-16 15:45:00,7627.812261680478
2026-02-16 16:00:00,7627.812261680478
2026-02-16 16:15:00,7627.812261680478
2026-02-16 16:30:00,7856.646629530892
2026-02-16 16:45:00,7856.646629530892
2026-02-16 17:00:00,7856.646629530892
2026-02-16 17:15:00,7856.646629530892
2026-02-16 17:30:00,7856.646629530892
2026-02-16 17:45:00,7856.646629530892
2026-02-16 18:00:00,7856.646629530892
2026-02-16 18:15:00,7778.080163235583
2026-02-16 18:30:00,7471.592770264249
2026-02-16 18:45:00,7471.592770264249
2026-02-16 19:00:00,7471.592770264249
2026-02-16 19:15:00,7396.876842561607
2026-02-16 19:30:00,7778.080163235583
2026-02-16 19:45:00,7778.080163235583
2026-02-16 20:00:00,7778.080163235583
2026-02-16 20:15:00,7623.296367987195
2026-02-16 20:30:00,7623.296367987195
2026-02-16 20:45:00,7623.296367987195
2026-02-16 21:00:00,7623.296367987195
2026-02-16 21:15:00,7623.296367987195
2026-02-17 01:00:00,7623.296367987195
2026-02-17 01:15:00,7471.592770264249
2026-02-17 01:30:00,7471.592770264249
2026-02-17 01:45:00,7471.592770264249
2026-02-17 02:00:00,7249.678993394631
2026-02-17 02:15:00,7249.678993394631
2026-02-17 02:30:00,7249.678993394631
2026-02-17 02:45:00,7249.678993394631
2026-02-17 03:00:00,7249.678993394631
2026-02-17 03:15:00,7249.678993394631
2026-02-17 03:30:00,7249.678993394631
2026-02-17 03:45:00,7249.678993394631
2026-02-17 04:00:00,7249.678993394631
2026-02-17 04:15:00,7249.678993394631
2026-02-17 04:30:00,7249.678993394631
2026-02-17 04:45:00,7249.678993394631
2026-02-17 05:00:00,7249.678993394631
2026-02-17 05:15:00,7249.678993394631
2026-02-17 05:30:00,7249.678993394631
2026-02-17 05:45:00,7249.678993394631
2026-02-17 06:00:00,7249.678993394631
2026-02-17 06:15:00,7249.678993394631
2026-02-17 06:30:00,7249.678993394631
2026-02-17 06:45:00,7249.678993394631
2026-02-17 07:00:00,7249.678993394631
2026-02-17 07:15:00,7249.678993394631
2026-02-17 07:30:00,7249.678993394631
2026-02-17 07:45:00,7249.678993394631
2026-02-17 08:00:00,7249.678993394631
2026-02-17 08:15:00,7249.678993394631
2026-02-17 08:30:00,7249.678993394631
2026-02-17 08:45:00,7249.678993394631
2026-02-17 09:00:00,7249.678993394631
2026-02-17 09:15:00,7249.678993394631
2026-02-17 09:30:00,7249.678993394631
2026-02-17 09:45:00,7249.678993394631
2026-02-17 10:00:00,7249.678993394631
2026-02-17 10:15:00,7249.678993394631
2026-02-17 10:30:00,7249.678993394631
2026-02-17 10:45:00,7249.678993394631
2026-02-17 11:00:00,7249.678993394631
2026-02-17 11:15:00,7249.678993394631
2026-02-17 11:30:00,7249.678993394631
2026-02-17 11:45:00,7249.678993394631
2026-02-17 12:00:00,7177.182203460685
2026-02-17 12:15:00,7177.182203460685
2026-02-17 12:30:00,7177.182203460685
2026-02-17 12:45:00,7177.182203460685
2026-02-17 13:00:00,7177.182203460685
2026-02-17 13:15:00,7177.182203460685
2026-02-17 13:30:00,7177.182203460685
2026-02-17 13:45:00,7177.182203460685
2026-02-17 14:00:00,7177.182203460685
2026-02-17 14:15:00,7177.182203460685
2026-02-17 14:30:00,7177.182203460685
2026-02-17 14:45:00,7177.182203460685
2026-02-17 15:00:00,7177.182203460685
2026-02-17 15:15:00,7177.182203460685
2026-02-17 15:30:00,7177.182203460685
2026-02-17 15:45:00,7177.182203460685
2026-02-17 16:00:00,7177.182203460685
2026-02-17 16:15:00,7177.182203460685
2026-02-17 16:30:00,7177.182203460685
2026-02-17 16:45:00,7177.182203460685
2026-02-17 17:00:00,7177.182203460685
2026-02-17 17:15:00,7177.182203460685
2026-02-17 17:30:00,7177.182203460685
2026-02-17 17:45:00,7105.410381426078
2026-02-17 18:00:00,6964.012714835699
2026-02-17 18:15:00,6964.012714835699
2026-02-17 18:30:00,6964.012714835699
2026-02-17 18:45:00,6964.012714835699
2026-02-17 19:00:00,6964.012714835699
2026-02-17 19:15:00,6964.012714835699
2026-02-17 19:30:00,6964.012714835699
2026-02-17 19:45:00,6964.012714835699
2026-02-17 20:00:00,6964.012714835699
2026-02-17 20:15:00,6689.6028274604405
2026-02-17 20:30:00,6825.428861810468
2026-02-17 20:45:00,6622.706799185836
2026-02-17 21:00:00,6622.706799185836
2026-02-17 21:15:00,6622.706799185836
2026-02-17 21:30:00,6622.706799185836
2026-02-17 21:45:00,6622.706799185836
2026-02-17 22:00:00,6622.706799185836
2026-02-17 22:15:00,6622.706799185836
2026-02-17 22:30:00,6622.706799185836
2026-02-17 22:45:00,6622.706799185836
2026-02-17 23:00:00,6622.706799185836
2026-02-17 23:15:00,6622.706799185836
2026-02-17 23:30:00,6622.706799185836
2026-02-17 23:45:00,6622.706799185836
2026-02-18 01:00:00,6622.706799185836
2026-02-18 01:15:00,6622.706799185836
2026-02-18 01:30:00,6622.706799185836
2026-02-18 01:45:00,6622.706799185836
2026-02-18 02:00:00,6622.706799185836
2026-02-18 02:15:00,6556.479731193977
2026-02-18 02:30:00,6490.914933882038
2026-02-18 02:45:00,6426.0057845432175
2026-02-18 03:00:00,6235.1469867364995
2026-02-18 03:15:00,6172.795516869134
2026-02-18 03:30:00,6490.914933882038
2026-02-18 03:45:00,6490.914933882038
2026-02-18 04:00:00,6426.0057845432175
2026-02-18 04:15:00,6426.0057845432175
2026-02-18 04:30:00,6556.479731193977
2026-02-18 04:45:00,6556.479731193977
2026-02-18 05:00:00,6556.479731193977
2026-02-18 05:15:00,6556.479731193977
2026-02-18 05:30:00,6556.479731193977
2026-02-18 05:45:00,6556.479731193977
2026-02-18 06:00:00,6556.479731193977
2026-02-18 06:15:00,6556.479731193977
2026-02-18 06:30:00,6556.479731193977
2026-02-18 06:45:00,6556.479731193977
2026-02-18 07:00:00,6556.479731193977
2026-02-18 07:15:00,6556.479731193977
2026-02-18 07:30:00,6556.479731193977
2026-02-18 07:45:00,6556.479731193977
2026-02-18 08:00:00,6556.479731193977
2026-02-18 08:15:00,6556.479731193977
2026-02-18 08:30:00,6556.479731193977
2026-02-18 08:45:00,6556.479731193977
2026-02-18 09:00:00,6556.479731193977
2026-02-18 09:15:00,6556.479731193977
2026-02-18 09:30:00,6556.479731193977
2026-02-18 09:45:00,6490.914933882038
2026-02-18 10:00:00,6490.914933882038
2026-02-18 10:15:00,6490.914933882038
2026-02-18 10:30:00,6490.914933882038
2026-02-18 10:45:00,6490.914933882038
2026-02-18 11:00:00,6490.914933882038
2026-02-18 11:15:00,6490.914933882038
2026-02-18 11:30:00,6490.914933882038
2026-02-18 11:45:00,6490.914933882038
2026-02-18 12:00:00,6361.745726697785
2026-02-18 12:15:00,6361.745726697785
2026-02-18 12:30:00,6361.745726697785
2026-02-18 12:45:00,6361.745726697785
2026-02-18 13:00:00,6361.745726697785
2026-02-18 13:15:00,6361.745726697785
2026-02-18 13:30:00,6361.745726697785
2026-02-18 13:45:00,6361.745726697785
2026-02-18 14:00:00,5989.457317222604
2026-02-18 14:15:00,6111.067561700443
2026-02-18 14:30:00,6049.956886083438
2026-02-18 14:45:00,5989.457317222604
2026-02-18 15:00:00,5989.457317222604
2026-02-18 15:15:00,5989.457317222604
2026-02-18 15:30:00,5989.457317222604
2026-02-18 15:45:00,5989.457317222604
2026-02-18 16:00:00,5989.457317222604
2026-02-18 16:15:00,5989.457317222604
2026-02-18 16:30:00,5989.457317222604
2026-02-18 16:45:00,5989.457317222604
2026-02-18 17:00:00,5989.457317222604
2026-02-18 17:15:00,5989.457317222604
2026-02-18 17:30:00,5989.457317222604
2026-02-18 17:45:00,5989.457317222604
2026-02-18 18:00:00,5989.457317222604
2026-02-18 18:15:00,5989.457317222604
2026-02-18 18:30:00,5989.457317222604
2026-02-18 18:45:00,5989.457317222604
2026-02-18 19:00:00,5989.457317222604
2026-02-18 19:15:00,5989.457317222604
2026-02-18 19:30:00,5989.457317222604
2026-02-18 19:45:00,5989.457317222604
2026-02-18 20:00:00,5989.457317222604
2026-02-18 20:15:00,5989.457317222604
2026-02-18 20:30:00,5989.457317222604
2026-02-18 20:45:00,5989.457317222604
2026-02-18 21:00:00,5989.457317222604
2026-02-18 21:15:00,5989.457317222604
2026-02-18 21:30:00,5989.457317222604
2026-02-18 21:45:00,5989.457317222604
2026-02-18 22:00:00,5989.457317222604
2026-02-18 22:15:00,5989.457317222604
2026-02-18 22:30:00,5929.562744050378
2026-02-18 22:45:00,5929.562744050378
2026-02-18 23:00:00,5870.2671166098735
2026-02-18 23:15:00,5870.2671166098735
2026-02-18 23:30:00,5870.2671166098735
2026-02-18 23:45:00,5870.2671166098735
2026-02-19 01:00:00,6227.766384011408
2026-02-19 01:15:00,6227.766384011408
2026-02-19 01:30:00,5811.564445443774
2026-02-19 01:45:00,5811.564445443774
2026-02-19 02:00:00,5811.564445443774
2026-02-19 02:15:00,5811.564445443774
2026-02-19 02:30:00,5811.564445443774
2026-02-19 02:45:00,5811.564445443774
2026-02-19 03:00:00,5811.564445443774
2026-02-19 03:15:00,5811.564445443774
2026-02-19 03:30:00,5811.564445443774
2026-02-19 03:45:00,5582.565618151152
2026-02-19 04:00:00,5695.914312979443
2026-02-19 04:15:00,5695.914312979443
2026-02-19 04:30:00,5695.914312979443
2026-02-19 04:45:00,5695.914312979443
2026-02-19 05:00:00,5695.914312979443
2026-02-19 05:15:00,5695.914312979443
2026-02-19 05:30:00,5582.565618151152
2026-02-19 05:45:00,5416.757836726445
2026-02-19 06:00:00,5526.739961969641
2026-02-19 06:15:00,5526.739961969641
2026-02-19 06:30:00,5753.448800989337
2026-02-19 06:45:00,5753.448800989337
2026-02-19 07:00:00,5526.739961969641
2026-02-19 07:15:00,5526.739961969641
2026-02-19 07:30:00,5526.739961969641
2026-02-19 07:45:00,5526.739961969641
2026-02-19 08:00:00,5526.739961969641
2026-02-19 08:15:00,5526.739961969641
2026-02-19 08:30:00,5526.739961969641
2026-02-19 08:45:00,5526.739961969641
2026-02-19 09:00:00,5526.739961969641
2026-02-19 09:15:00,5526.739961969641
2026-02-19 09:30:00,5526.739961969641
2026-02-19 09:45:00,5526.739961969641
2026-02-19 10:00:00,5526.739961969641
2026-02-19 10:15:00,5526.739961969641
2026-02-19 10:30:00,5526.739961969641
2026-02-19 10:45:00,5526.739961969641
2026-02-19 11:00:00,5526.739961969641
2026-02-19 11:15:00,5526.739961969641
2026-02-19 11:30:00,5526.739961969641
2026-02-19 11:45:00,5526.739961969641
2026-02-19 12:00:00,5526.739961969641
2026-02-19 12:15:00,5526.739961969641
2026-02-19 12:30:00,5526.739961969641
2026-02-19 12:45:00,5526.739961969641
2026-02-19 13:00:00,5471.472562349944
2026-02-19 13:15:00,5471.472562349944
2026-02-19 13:30:00,5471.472562349944
2026-02-19 13:45:00,5471.472562349944
2026-02-19 14:00:00,5471.472562349944
2026-02-19 14:15:00,5471.472562349944
2026-02-19 14:30:00,5416.757836726445
2026-02-19 14:45:00,5416.757836726445
2026-02-19 15:00:00,5416.757836726445
2026-02-19 15:15:00,5416.757836726445
2026-02-19 15:30:00,5203.315965095654
2026-02-19 15:45:00,5308.964355775589
2026-02-19 16:00:00,5308.964355775589
2026-02-19 16:15:00,5308.964355775589
2026-02-19 16:30:00,6220.394517775896
2026-02-19 16:45:00,5919.037540652583
2026-02-19 17:00:00,5859.847165246057
2026-02-19 17:15:00,5859.847165246057
2026-02-19 17:30:00,5859.847165246057
2026-02-19 17:45:00,5859.847165246057
2026-02-19 18:00:00,5859.847165246057
2026-02-19 18:15:00,5859.847165246057
2026-02-19 18:30:00,5859.847165246057
2026-02-19 18:45:00,5859.847165246057
2026-02-19 19:00:00,5859.847165246057
2026-02-19 19:15:00,5859.847165246057
2026-02-19 19:30:00,5801.248693593596
2026-02-19 19:45:00,5801.248693593596
2026-02-19 20:00:00,5743.23620665766
2026-02-19 20:15:00,5685.803844591083
2026-02-19 20:30:00,5685.803844591083
2026-02-19 20:45:00,5685.803844591083
2026-02-19 21:00:00,5685.803844591083
2026-02-19 21:15:00,5685.803844591083
2026-02-19 21:30:00,5685.803844591083
2026-02-19 21:45:00,5685.803844591083
2026-02-19 22:00:00,5685.803844591083
2026-02-19 22:15:00,5685.803844591083
2026-02-19 22:30:00,5685.803844591083
2026-02-19 22:45:00,5685.803844591083
2026-02-19 23:00:00,5685.803844591083
2026-02-19 23:15:00,5628.945806145172
2026-02-19 23:30:00,5628.945806145172
2026-02-19 23:45:00,5628.945806145172
2026-02-20 01:00:00,5628.945806145172
2026-02-20 01:15:00,5628.945806145172
2026-02-20 01:30:00,5628.945806145172
2026-02-20 01:45:00,5299.540738539688
2026-02-20 02:00:00,5246.5453311542915
2026-02-20 02:15:00,5246.5453311542915
2026-02-20 02:30:00,5246.5453311542915
2026-02-20 02:45:00,5246.5453311542915
2026-02-20 03:00:00,5246.5453311542915
2026-02-20 03:15:00,5194.079877842749
2026-02-20 03:30:00,5142.139079064321
2026-02-20 03:45:00,5142.139079064321
2026-02-20 04:00:00,5142.139079064321
2026-02-20 04:15:00,5142.139079064321
2026-02-20 04:30:00,5142.139079064321
2026-02-20 04:45:00,5142.139079064321
2026-02-20 05:00:00,5142.139079064321
2026-02-20 05:15:00,5142.139079064321
2026-02-20 05:30:00,5142.139079064321
2026-02-20 05:45:00,5142.139079064321
2026-02-20 06:00:00,5142.139079064321
2026-02-20 06:15:00,5142.139079064321
2026-02-20 06:30:00,4939.518282214261
2026-02-20 06:45:00,4939.518282214261
2026-02-20 07:00:00,5039.8105113909405
2026-02-20 07:15:00,5039.8105113909405
2026-02-20 07:30:00,5039.8105113909405
2026-02-20 07:45:00,4989.412406277031
2026-02-20 08:00:00,4989.412406277031
2026-02-20 08:15:00,4989.412406277031
2026-02-20 08:30:00,4989.412406277031
2026-02-20 08:45:00,4989.412406277031
2026-02-20 09:00:00,4989.412406277031
2026-02-20 09:15:00,4989.412406277031
2026-02-20 09:30:00,4989.412406277031
2026-02-20 09:45:00,4939.518282214261
2026-02-20 10:00:00,4890.123099392118
2026-02-20 10:15:00,4890.123099392118
2026-02-20 10:30:00,4890.123099392118
2026-02-20 10:45:00,4890.123099392118
2026-02-20 11:00:00,5036.826792373887
2026-02-20 11:15:00,5036.826792373887
2026-02-20 11:30:00,5036.826792373887
2026-02-20 11:45:00,5036.826792373887
2026-02-20 12:00:00,4936.593939205646
2026-02-20 12:15:00,4936.593939205646
2026-02-20 12:30:00,4936.593939205646
2026-02-20 12:45:00,4936.593939205646
2026-02-20 13:00:00,4936.593939205646
2026-02-20 13:15:00,4936.593939205646
2026-02-20 13:30:00,4838.355719815454
2026-02-20 13:45:00,4694.651716581215
2026-02-20 14:00:00,4647.705199415403
2026-02-20 14:15:00,4647.705199415403
2026-02-20 14:30:00,4647.705199415403
2026-02-20 14:45:00,4647.705199415403
2026-02-20 15:00:00,4647.705199415403
2026-02-20 15:15:00,4601.228147421249
2026-02-20 15:30:00,4601.228147421249
2026-02-20 15:45:00,4601.228147421249
2026-02-20 16:00:00,4601.228147421249
2026-02-20 16:15:00,4601.228147421249
2026-02-20 16:30:00,4601.228147421249
2026-02-20 16:45:00,4881.442941599197
2026-02-20 17:00:00,4689.0946127428515
2026-02-20 17:15:00,4642.203666615423
2026-02-20 17:30:00,4642.203666615423
2026-02-20 17:45:00,4642.203666615423
2026-02-20 18:00:00,4642.203666615423
2026-02-20 18:15:00,4642.203666615423
2026-02-20 18:30:00,4642.203666615423
2026-02-20 18:45:00,4642.203666615423
2026-02-20 19:00:00,4781.469776613888
2026-02-20 19:15:00,4781.469776613888
2026-02-20 19:30:00,4781.469776613888
2026-02-20 19:45:00,4781.469776613888
2026-02-20 20:00:00,4781.469776613888
2026-02-20 20:15:00,4781.469776613888
2026-02-20 20:30:00,4781.469776613888
2026-02-20 20:45:00,4781.469776613888
2026-02-20 21:00:00,4781.469776613888
2026-02-20 21:15:00,4781.469776613888
2026-02-20 21:30:00,4781.469776613888
2026-02-20 21:45:00,4924.913869912305
2026-02-20 22:00:00,4924.913869912305
2026-02-20 22:15:00,4924.913869912305
2026-02-20 22:30:00,4924.913869912305
2026-02-20 22:45:00,4924.913869912305
2026-02-20 23:00:00,4924.913869912305
2026-02-20 23:15:00,4924.913869912305
2026-02-20 23:30:00,5072.661286009672
2026-02-20 23:45:00,5709.324967549807
2026-02-23 01:00:00,8894.942270227839
2026-02-23 01:15:00,9161.790538334684
2026-02-23 01:30:00,9161.790538334684
2026-02-23 01:45:00,9161.790538334684
2026-02-23 02:00:00,8889.676197555606
2026-02-23 02:15:00,8800.779435580049
2026-02-23 02:30:00,8800.779435580049
2026-02-23 02:45:00,8712.771641224248
2026-02-23 03:00:00,8712.771641224248
2026-02-23 03:15:00,8712.771641224248
2026-02-23 03:30:00,8712.771641224248
2026-02-23 03:45:00,8712.771641224248
2026-02-23 04:00:00,8712.771641224248
2026-02-23 04:15:00,8712.771641224248
2026-02-23 04:30:00,8712.771641224248
2026-02-23 04:45:00,8712.771641224248
2026-02-23 05:00:00,8625.643924812006
2026-02-23 05:15:00,8539.387485563886
2026-02-23 05:30:00,8539.387485563886
2026-02-23 05:45:00,8539.387485563886
2026-02-23 06:00:00,8539.387485563886
2026-02-23 06:15:00,8539.387485563886
2026-02-23 06:30:00,8539.387485563886
2026-02-23 06:45:00,8539.387485563886
2026-02-23 07:00:00,8369.453674601164
2026-02-23 07:15:00,8369.453674601164
2026-02-23 07:30:00,8369.453674601164
2026-02-23 07:45:00,8369.453674601164
2026-02-23 08:00:00,8369.453674601164
2026-02-23 08:15:00,8369.453674601164
2026-02-23 08:30:00,7800.877751008568
2026-02-23 08:45:00,7800.877751008568
2026-02-23 09:00:00,8285.759137855151
2026-02-23 09:15:00,8539.387485563886
2026-02-23 09:30:00,8539.387485563886
2026-02-23 09:45:00,8539.387485563886
2026-02-23 10:00:00,8539.387485563886
2026-02-23 10:15:00,9150.945639833068
2026-02-23 10:30:00,9150.945639833068
2026-02-23 10:45:00,9059.436183434736
2026-02-23 11:00:00,8702.458250657033
2026-02-23 11:15:00,8702.458250657033
2026-02-23 11:30:00,8702.458250657033
2026-02-23 11:45:00,8702.458250657033
2026-02-23 12:00:00,8615.433668150463
2026-02-23 12:15:00,8529.279331468959
2026-02-23 12:30:00,8443.98653815427
2026-02-23 12:45:00,8443.98653815427
2026-02-23 13:00:00,8443.98653815427
2026-02-23 13:15:00,8443.98653815427
2026-02-23 13:30:00,8443.98653815427
2026-02-23 13:45:00,8443.98653815427
2026-02-23 14:00:00,8443.98653815427
2026-02-23 14:15:00,8443.98653815427
2026-02-23 14:30:00,8443.98653815427
2026-02-23 14:45:00,8443.98653815427
2026-02-23 15:00:00,8443.98653815427
2026-02-23 15:15:00,8443.98653815427
2026-02-23 15:30:00,8443.98653815427
2026-02-23 15:45:00,8443.98653815427
2026-02-23 16:00:00,8359.546672772727
2026-02-23 16:15:00,8359.546672772727
2026-02-23 16:30:00,8958.225318327864
2026-02-23 16:45:00,9226.972077877701
2026-02-23 17:00:00,9226.972077877701
2026-02-23 17:15:00,9226.972077877701
2026-02-23 17:30:00,9134.702357098924
2026-02-23 17:45:00,9134.702357098924
2026-02-23 18:00:00,8863.392562390729
2026-02-23 18:15:00,8863.392562390729
2026-02-23 18:30:00,8863.392562390729
2026-02-23 18:45:00,8863.392562390729
2026-02-23 19:00:00,8863.392562390729
2026-02-23 19:15:00,8863.392562390729
2026-02-23 19:30:00,8863.392562390729
2026-02-23 19:45:00,8863.392562390729
2026-02-23 20:00:00,8863.392562390729
2026-02-23 20:15:00,8863.392562390729
2026-02-23 20:30:00,8863.392562390729
2026-02-23 20:45:00,8863.392562390729
2026-02-23 21:00:00,8863.392562390729
2026-02-23 21:15:00,8863.392562390729
2026-02-23 21:30:00,8863.392562390729
2026-02-23 21:45:00,8863.392562390729
2026-02-23 22:00:00,8863.392562390729
2026-02-23 22:15:00,8863.392562390729
2026-02-23 22:30:00,8863.392562390729
2026-02-23 22:45:00,8863.392562390729
2026-02-23 23:00:00,8863.392562390729
2026-02-23 23:15:00,8863.392562390729
2026-02-23 23:30:00,8863.392562390729
2026-02-23 23:45:00,8863.392562390729
2026-02-24 01:00:00,9129.294339262444
2026-02-24 01:15:00,9403.173169440324
2026-02-24 01:30:00,9403.173169440324
2026-02-24 01:45:00,9309.14143774592
2026-02-24 02:00:00,9123.889523134776
2026-02-24 02:15:00,9032.650627903427
2026-02-24 02:30:00,9032.650627903427
2026-02-24 02:45:00,9032.650627903427
2026-02-24 03:00:00,8769.563716411098
2026-02-24 03:15:00,8681.868079246986
2026-02-24 03:30:00,8681.868079246986
2026-02-24 03:45:00,8681.868079246986
2026-02-24 04:00:00,8681.868079246986
2026-02-24 04:15:00,8681.868079246986
2026-02-24 04:30:00,8681.868079246986
2026-02-24 04:45:00,8681.868079246986
2026-02-24 05:00:00,8681.868079246986
2026-02-24 05:15:00,8681.868079246986
2026-02-24 05:30:00,8681.868079246986
2026-02-24 05:45:00,8681.868079246986
2026-02-24 06:00:00,8681.868079246986
2026-02-24 06:15:00,8681.868079246986
2026-02-24 06:30:00,8681.868079246986
2026-02-24 06:45:00,8681.868079246986
2026-02-24 07:00:00,8681.868079246986
2026-02-24 07:15:00,8681.868079246986
2026-02-24 07:30:00,8681.868079246986
2026-02-24 07:45:00,8339.767836271018
2026-02-24 08:00:00,8256.370157908308
2026-02-24 08:15:00,8256.370157908308
2026-02-24 08:30:00,8256.370157908308
2026-02-24 08:45:00,8256.370157908308
2026-02-24 09:00:00,8256.370157908308
2026-02-24 09:15:00,8092.068391765933
2026-02-24 09:30:00,8011.147707848273
2026-02-24 09:45:00,8011.147707848273
2026-02-24 10:00:00,8011.147707848273
2026-02-24 10:15:00,8011.147707848273
2026-02-24 10:30:00,7931.036230769791
2026-02-24 10:45:00,7931.036230769791
2026-02-24 11:00:00,7931.036230769791
2026-02-24 11:15:00,7931.036230769791
2026-02-24 11:30:00,7931.036230769791
2026-02-24 11:45:00,7931.036230769791
2026-02-24 12:00:00,7931.036230769791
2026-02-24 12:15:00,7851.725868462093
2026-02-24 12:30:00,7851.725868462093
2026-02-24 12:45:00,7851.725868462093
2026-02-24 13:00:00,7851.725868462093
2026-02-24 13:15:00,7851.725868462093
2026-02-24 13:30:00,7851.725868462093
2026-02-24 13:45:00,7851.725868462093
2026-02-24 14:00:00,7618.521758442899
2026-02-24 14:15:00,8931.739007605249
2026-02-24 14:30:00,8931.739007605249
2026-02-24 14:45:00,8931.739007605249
2026-02-24 15:00:00,8931.739007605249
2026-02-24 15:15:00,8931.739007605249
2026-02-24 15:30:00,9021.958593540678
2026-02-24 15:45:00,8942.324121624402
2026-02-24 16:00:00,9210.593845273135
2026-02-24 16:15:00,9210.593845273135
2026-02-24 16:30:00,9027.303027752201
2026-02-24 16:45:00,9027.303027752201
2026-02-24 17:00:00,9027.303027752201
2026-02-24 17:15:00,9027.303027752201
2026-02-24 17:30:00,9027.303027752201
2026-02-24 17:45:00,9027.303027752201
2026-02-24 18:00:00,9027.303027752201
2026-02-24 18:15:00,9027.303027752201
2026-02-24 18:30:00,9027.303027752201
2026-02-24 18:45:00,9027.303027752201
2026-02-24 19:00:00,9027.303027752201
2026-02-24 19:15:00,8937.02999747468
2026-02-24 19:30:00,8937.02999747468
2026-02-24 19:45:00,8937.02999747468
2026-02-24 20:00:00,8937.02999747468
2026-02-24 20:15:00,8937.02999747468
2026-02-24 20:30:00,8937.02999747468
2026-02-24 20:45:00,8937.02999747468
2026-02-24 21:00:00,8937.02999747468
2026-02-24 21:15:00,8937.02999747468
2026-02-24 21:30:00,8937.02999747468
2026-02-24 21:45:00,8937.02999747468
2026-02-24 22:00:00,8937.02999747468
2026-02-24 22:15:00,8937.02999747468
2026-02-24 22:30:00,8847.659697499932
2026-02-24 22:45:00,8847.659697499932
2026-02-24 23:00:00,8847.659697499932
2026-02-24 23:15:00,8847.659697499932
2026-02-24 23:30:00,8847.659697499932
2026-02-24 23:45:00,8847.659697499932
2026-02-25 01:00:00,8847.659697499932
2026-02-25 01:15:00,8847.659697499932
2026-02-25 01:30:00,8847.659697499932
2026-02-25 01:45:00,8847.659697499932
2026-02-25 02:00:00,8847.659697499932
2026-02-25 02:15:00,8847.659697499932
2026-02-25 02:30:00,8759.183100524933
2026-02-25 02:45:00,8759.183100524933
2026-02-25 03:00:00,8759.183100524933
2026-02-25 03:15:00,8759.183100524933
2026-02-25 03:30:00,8759.183100524933
2026-02-25 03:45:00,8759.183100524933
2026-02-25 04:00:00,8759.183100524933
2026-02-25 04:15:00,8759.183100524933
2026-02-25 04:30:00,8759.183100524933
2026-02-25 04:45:00,8499.026603256241
2026-02-25 05:00:00,8499.026603256241
2026-02-25 05:15:00,8499.026603256241
2026-02-25 05:30:00,8499.026603256241
2026-02-25 05:45:00,8499.026603256241
2026-02-25 06:00:00,8246.597014112927
2026-02-25 06:15:00,8246.597014112927
2026-02-25 06:30:00,8246.597014112927
2026-02-25 06:45:00,8246.597014112927
2026-02-25 07:00:00,8246.597014112927
2026-02-25 07:15:00,8246.597014112927
2026-02-25 07:30:00,8246.597014112927
2026-02-25 07:45:00,8246.597014112927
2026-02-25 08:00:00,8082.48973353208
2026-02-25 08:15:00,8001.664836196759
2026-02-25 08:30:00,8001.664836196759
2026-02-25 08:45:00,8001.664836196759
2026-02-25 09:00:00,8001.664836196759
2026-02-25 09:15:00,7842.431705956444
2026-02-25 09:30:00,7842.431705956444
2026-02-25 09:45:00,7764.007388896879
2026-02-25 10:00:00,7764.007388896879
2026-02-25 10:15:00,7764.007388896879
2026-02-25 10:30:00,7764.007388896879
2026-02-25 10:45:00,7686.36731500791
2026-02-25 11:00:00,7921.648187834791
2026-02-25 11:15:00,7921.648187834791
2026-02-25 11:30:00,7921.648187834791
2026-02-25 11:45:00,7921.648187834791
2026-02-25 12:00:00,7921.648187834791
2026-02-25 12:15:00,8001.664836196759
2026-02-25 12:30:00,8082.48973353208
2026-02-25 12:45:00,8082.48973353208
2026-02-25 13:00:00,8246.597014112927
2026-02-25 13:15:00,8931.739007605274
2026-02-25 13:30:00,8842.421617529222
2026-02-25 13:45:00,8842.421617529222
2026-02-25 14:00:00,8842.421617529222
2026-02-25 14:15:00,8666.45742734039
2026-02-25 14:30:00,8666.45742734039
2026-02-25 14:45:00,8666.45742734039
2026-02-25 15:00:00,8666.45742734039
2026-02-25 15:15:00,8666.45742734039
2026-02-25 15:30:00,8666.45742734039
2026-02-25 15:45:00,8666.45742734039
2026-02-25 16:00:00,8666.45742734039
2026-02-25 16:15:00,8324.964425538044
2026-02-25 16:30:00,8493.994924536317
2026-02-25 16:45:00,8493.994924536317
2026-02-25 17:00:00,8493.994924536317
2026-02-25 17:15:00,8409.054975290954
2026-02-25 17:30:00,8409.054975290954
2026-02-25 17:45:00,8409.054975290954
2026-02-25 18:00:00,8409.054975290954
2026-02-25 18:15:00,8748.814772272406
2026-02-25 18:30:00,8748.814772272406
2026-02-25 18:45:00,8748.814772272406
2026-02-25 19:00:00,8748.814772272406
2026-02-25 19:15:00,8748.814772272406
2026-02-25 19:30:00,8748.814772272406
2026-02-25 19:45:00,8748.814772272406
2026-02-25 20:00:00,8748.814772272406
2026-02-25 20:15:00,8748.814772272406
2026-02-25 20:30:00,8748.814772272406
2026-02-25 20:45:00,8748.814772272406
2026-02-25 21:00:00,8748.814772272406
2026-02-25 21:15:00,8748.814772272406
2026-02-25 21:30:00,8748.814772272406
2026-02-25 21:45:00,8748.814772272406
2026-02-25 22:00:00,8748.814772272406
2026-02-25 22:15:00,8748.814772272406
2026-02-25 22:30:00,8748.814772272406
2026-02-25 22:45:00,9011.279215440556
2026-02-25 23:00:00,9011.279215440556
2026-02-25 23:15:00,9011.279215440556
2026-02-25 23:30:00,9011.279215440556
2026-02-25 23:45:00,9011.279215440556
2026-02-26 01:00:00,9011.279215440556
2026-02-26 01:15:00,9011.279215440556
2026-02-26 01:30:00,9011.279215440556
2026-02-26 01:45:00,9011.279215440556
2026-02-26 02:00:00,9011.279215440556
2026-02-26 02:15:00,8921.166423286151
2026-02-26 02:30:00,8831.95475905329
2026-02-26 02:45:00,8831.95475905329
2026-02-26 03:00:00,8831.95475905329
2026-02-26 03:15:00,8831.95475905329
2026-02-26 03:30:00,8831.95475905329
2026-02-26 03:45:00,8831.95475905329
2026-02-26 04:00:00,8831.95475905329
2026-02-26 04:15:00,8831.95475905329
2026-02-26 04:30:00,8831.95475905329
2026-02-26 04:45:00,8831.95475905329
2026-02-26 05:00:00,8831.95475905329
2026-02-26 05:15:00,8831.95475905329
2026-02-26 05:30:00,8831.95475905329
2026-02-26 05:45:00,8831.95475905329
2026-02-26 06:00:00,8831.95475905329
2026-02-26 06:15:00,8831.95475905329
2026-02-26 06:30:00,8831.95475905329
2026-02-26 06:45:00,8831.95475905329
2026-02-26 07:00:00,8831.95475905329
2026-02-26 07:15:00,8656.19885934813
2026-02-26 07:30:00,8656.19885934813
2026-02-26 07:45:00,8569.636870754648
2026-02-26 08:00:00,8569.636870754648
2026-02-26 08:15:00,8569.636870754648
2026-02-26 08:30:00,8569.636870754648
2026-02-26 08:45:00,8315.110086056364
2026-02-26 09:00:00,8231.9589851958
2026-02-26 09:15:00,8231.9589851958
2026-02-26 09:30:00,8231.9589851958
2026-02-26 09:45:00,8231.9589851958
2026-02-26 10:00:00,8231.9589851958
2026-02-26 10:15:00,8483.940502047102
2026-02-26 10:30:00,8483.940502047102
2026-02-26 10:45:00,8483.940502047102
2026-02-26 11:00:00,8483.940502047102
2026-02-26 11:15:00,8483.940502047102
2026-02-26 11:30:00,8399.10109702663
2026-02-26 11:45:00,8315.110086056364
2026-02-26 12:00:00,8315.110086056364
2026-02-26 12:15:00,8315.110086056364
2026-02-26 12:30:00,8315.110086056364
2026-02-26 12:45:00,8738.458717108524
2026-02-26 13:00:00,8738.458717108524
2026-02-26 13:15:00,8738.458717108524
2026-02-26 13:30:00,8738.458717108524
2026-02-26 13:45:00,9270.630852980401
2026-02-26 14:00:00,9835.212271926917
2026-02-26 14:15:00,9736.860149207649
2026-02-26 14:30:00,9259.657119164302
2026-02-26 14:45:00,9167.060547972658
2026-02-26 15:00:00,9167.060547972658
2026-02-26 15:15:00,9167.060547972658
2026-02-26 15:30:00,9167.060547972658
2026-02-26 15:45:00,9167.060547972658
2026-02-26 16:00:00,9442.072364411828
2026-02-26 16:15:00,9442.072364411828
2026-02-26 16:30:00,10747.202000265903
2026-02-26 16:45:00,10639.729980263244
2026-02-26 17:00:00,10639.729980263244
2026-02-26 17:15:00,11626.320222143084
2026-02-26 17:30:00,11510.057019921653
2026-02-26 17:45:00,11394.956449722436
2026-02-26 18:00:00,11394.956449722436
2026-02-26 18:15:00,11394.956449722436
2026-02-26 18:30:00,11394.956449722436
2026-02-26 18:45:00,11394.956449722436
2026-02-26 19:00:00,11394.956449722436
2026-02-26 19:15:00,11394.956449722436
2026-02-26 19:30:00,11394.956449722436
2026-02-26 19:45:00,11394.956449722436
2026-02-26 20:00:00,11394.956449722436
2026-02-26 20:15:00,11394.956449722436
2026-02-26 20:30:00,11394.956449722436
2026-02-26 20:45:00,11394.956449722436
2026-02-26 21:00:00,11281.006885225212
2026-02-26 21:15:00,11281.006885225212
2026-02-26 21:30:00,11281.006885225212
2026-02-26 21:45:00,11281.006885225212
2026-02-26 22:00:00,11281.006885225212
2026-02-26 22:15:00,11281.006885225212
2026-02-26 22:30:00,11281.006885225212
2026-02-26 22:45:00,11281.006885225212
2026-02-26 23:00:00,11281.006885225212
2026-02-26 23:15:00,11281.006885225212
2026-02-26 23:30:00,11281.006885225212
2026-02-26 23:45:00,11281.006885225212
2026-02-27 01:00:00,11281.006885225212
2026-02-27 01:15:00,11281.006885225212
2026-02-27 01:30:00,11281.006885225212
2026-02-27 01:45:00,11281.006885225212
2026-02-27 02:00:00,11281.006885225212
2026-02-27 02:15:00,11056.51484820923
2026-02-27 02:30:00,11056.51484820923
2026-02-27 02:45:00,11056.51484820923
2026-02-27 03:00:00,11056.51484820923
2026-02-27 03:15:00,11056.51484820923
2026-02-27 03:30:00,10728.125300702568
2026-02-27 03:45:00,10836.490202729867
2026-02-27 04:00:00,10728.125300702568
2026-02-27 04:15:00,10728.125300702568
2026-02-27 04:30:00,10728.125300702568
2026-02-27 04:45:00,10728.125300702568
2026-02-27 05:00:00,10728.125300702568
2026-02-27 05:15:00,10728.125300702568
2026-02-27 05:30:00,10728.125300702568
2026-02-27 05:45:00,10728.125300702568
2026-02-27 06:00:00,10728.125300702568
2026-02-27 06:15:00,10728.125300702568
2026-02-27 06:30:00,10728.125300702568
2026-02-27 06:45:00,10728.125300702568
2026-02-27 07:00:00,10728.125300702568
2026-02-27 07:15:00,10620.844047695542
2026-02-27 07:30:00,10620.844047695542
2026-02-27 07:45:00,10620.844047695542
2026-02-27 08:00:00,10620.844047695542
2026-02-27 08:15:00,10620.844047695542
2026-02-27 08:30:00,10620.844047695542
2026-02-27 08:45:00,10620.844047695542
2026-02-27 09:00:00,10514.635607218586
2026-02-27 09:15:00,9999.313840789118
2026-02-27 09:30:00,9999.313840789118
2026-02-27 09:45:00,9999.313840789118
2026-02-27 10:00:00,9999.313840789118
2026-02-27 10:15:00,10409.4892511464
2026-02-27 10:30:00,10409.4892511464
2026-02-27 10:45:00,10409.4892511464
2026-02-27 11:00:00,10409.4892511464
2026-02-27 11:15:00,10409.4892511464
2026-02-27 11:30:00,10409.4892511464
2026-02-27 11:45:00,10409.4892511464
2026-02-27 12:00:00,10409.4892511464
2026-02-27 12:15:00,10409.4892511464
2026-02-27 12:30:00,10409.4892511464
2026-02-27 12:45:00,10409.4892511464
2026-02-27 13:00:00,10409.4892511464
2026-02-27 13:15:00,10409.4892511464
2026-02-27 13:30:00,10202.340415048586
2026-02-27 13:45:00,9509.247968417803
2026-02-27 14:00:00,9999.313840789118
2026-02-27 14:15:00,9999.313840789118
2026-02-27 14:30:00,9999.313840789118
2026-02-27 14:45:00,9999.313840789118
2026-02-27 15:00:00,11168.19681637296
2026-02-27 15:15:00,11168.19681637296
2026-02-27 15:30:00,11168.19681637296
2026-02-27 15:45:00,11168.19681637296
2026-02-27 16:00:00,11168.19681637296
2026-02-27 16:15:00,11168.19681637296
2026-02-27 16:30:00,11168.19681637296
2026-02-27 16:45:00,11168.19681637296
2026-02-27 17:00:00,11168.19681637296
2026-02-27 17:15:00,11168.19681637296
2026-02-27 17:30:00,11168.19681637296
2026-02-27 17:45:00,11168.19681637296
2026-02-27 18:00:00,11168.19681637296
2026-02-27 18:15:00,11168.19681637296
2026-02-27 18:30:00,11168.19681637296
2026-02-27 18:45:00,11168.19681637296
2026-02-27 19:00:00,11168.19681637296
2026-02-27 19:15:00,11168.19681637296
2026-02-27 19:30:00,11168.19681637296
2026-02-27 19:45:00,11168.19681637296
2026-02-27 20:00:00,11168.19681637296
2026-02-27 20:15:00,11168.19681637296
2026-02-27 20:30:00,11168.19681637296
2026-02-27 20:45:00,11168.19681637296
2026-02-27 21:00:00,11168.19681637296
2026-02-27 21:15:00,11168.19681637296
2026-02-27 21:30:00,11168.19681637296
2026-02-27 21:45:00,11168.19681637296
2026-02-27 22:00:00,11168.19681637296
2026-02-27 22:15:00,11168.19681637296
2026-02-27 22:30:00,11168.19681637296
2026-02-27 22:45:00,11168.19681637296
2026-02-27 23:00:00,11168.19681637296
2026-02-27 23:15:00,11168.19681637296
2026-02-27 23:30:00,11168.19681637296
2026-02-27 23:45:00,11168.19681637296
2026-03-02 01:00:00,11168.19681637296
2026-03-02 01:15:00,11168.19681637296
2026-03-02 01:30:00,11168.19681637296
2026-03-02 01:45:00,11168.19681637296
2026-03-02 02:00:00,11168.19681637296
2026-03-02 02:15:00,11168.19681637296
2026-03-02 02:30:00,11168.19681637296
2026-03-02 02:45:00,11168.19681637296
2026-03-02 03:00:00,11168.19681637296
2026-03-02 03:15:00,11168.19681637296
2026-03-02 03:30:00,11168.19681637296
2026-03-02 03:45:00,11168.19681637296
2026-03-02 04:00:00,11168.19681637296
2026-03-02 04:15:00,11168.19681637296
2026-03-02 04:30:00,11168.19681637296
2026-03-02 04:45:00,11168.19681637296
2026-03-02 05:00:00,11168.19681637296
2026-03-02 05:15:00,11168.19681637296
2026-03-02 05:30:00,11168.19681637296
2026-03-02 05:45:00,11168.19681637296
2026-03-02 06:00:00,11168.19681637296
2026-03-02 06:15:00,11168.19681637296
2026-03-02 06:30:00,11056.51484820923
2026-03-02 06:45:00,11056.51484820923
2026-03-02 07:00:00,11056.51484820923
2026-03-02 07:15:00,10836.490202729867
2026-03-02 07:30:00,10836.490202729867
2026-03-02 07:45:00,10836.490202729867
2026-03-02 08:00:00,10836.490202729867
2026-03-02 08:15:00,10836.490202729867
2026-03-02 08:30:00,10836.490202729867
2026-03-02 08:45:00,11496.432456076109
2026-03-02 09:00:00,11960.934777533754
2026-03-02 09:15:00,13735.473388378363
2026-03-02 09:30:00,13735.473388378363
2026-03-02 09:45:00,13735.473388378363
2026-03-02 10:00:00,13735.473388378363
2026-03-02 10:15:00,13735.473388378363
2026-03-02 10:30:00,13735.473388378363
2026-03-02 10:45:00,13462.137467949633
2026-03-02 11:00:00,13462.137467949633
2026-03-02 11:15:00,13462.137467949633
2026-03-02 11:30:00,13462.137467949633
2026-03-02 11:45:00,13462.137467949633
2026-03-02 12:00:00,13194.240932337436
2026-03-02 12:15:00,13194.240932337436
2026-03-02 12:30:00,13194.240932337436
2026-03-02 12:45:00,13194.240932337436
2026-03-02 13:00:00,13062.298523014062
2026-03-02 13:15:00,13062.298523014062
2026-03-02 13:30:00,13062.298523014062
2026-03-02 13:45:00,13062.298523014062
2026-03-02 14:00:00,13062.298523014062
2026-03-02 14:15:00,13062.298523014062
2026-03-02 14:30:00,13062.298523014062
2026-03-02 14:45:00,13062.298523014062
2026-03-02 15:00:00,12931.675537783922
2026-03-02 15:15:00,12931.675537783922
2026-03-02 15:30:00,12802.358782406083
2026-03-02 15:45:00,12802.358782406083
2026-03-02 16:00:00,12802.358782406083
2026-03-02 16:15:00,11496.432456076118
2026-03-02 16:30:00,11841.325429758403
2026-03-02 16:45:00,11841.325429758403
2026-03-02 17:00:00,11841.325429758403
2026-03-02 17:15:00,11841.325429758403
2026-03-02 17:30:00,11841.325429758403
2026-03-02 17:45:00,11841.325429758403
2026-03-02 18:00:00,12444.204869555293
2026-03-02 18:15:00,12444.204869555293
2026-03-02 18:30:00,12444.204869555293
2026-03-02 18:45:00,12444.204869555293
2026-03-02 19:00:00,12444.204869555293
2026-03-02 19:15:00,12444.204869555293
2026-03-02 19:30:00,12444.204869555293
2026-03-02 19:45:00,12444.204869555293
2026-03-02 20:00:00,12444.204869555293
2026-03-02 20:15:00,12444.204869555293
2026-03-02 20:30:00,12444.204869555293
2026-03-02 20:45:00,12444.204869555293
2026-03-02 21:00:00,11715.971859765568
2026-03-02 21:15:00,11715.971859765568
2026-03-02 21:30:00,11715.971859765568
2026-03-02 21:45:00,11715.971859765568
2026-03-02 22:00:00,11598.812141167913
2026-03-02 22:15:00,11598.812141167913
2026-03-02 22:30:00,11598.812141167913
2026-03-02 22:45:00,11598.812141167913
2026-03-02 23:00:00,11598.812141167913
2026-03-02 23:15:00,11598.812141167913
2026-03-02 23:30:00,11482.824019756234
2026-03-02 23:45:00,11482.824019756234
2026-03-03 01:00:00,11482.824019756234
2026-03-03 01:15:00,11482.824019756234
2026-03-03 01:30:00,11482.824019756234
2026-03-03 01:45:00,11482.824019756234
2026-03-03 02:00:00,11482.824019756234
2026-03-03 02:15:00,12196.565192651142
2026-03-03 02:30:00,12562.462148430684
2026-03-03 02:45:00,12562.462148430684
2026-03-03 03:00:00,12809.942652754768
2026-03-03 03:15:00,13194.24093233738
2026-03-03 03:30:00,13194.24093233738
2026-03-03 03:45:00,12547.591842636148
2026-03-03 04:00:00,12802.358782406027
2026-03-03 04:15:00,12802.358782406027
2026-03-03 04:30:00,12802.358782406027
2026-03-03 04:45:00,12802.358782406027
2026-03-03 05:00:00,12802.358782406027
2026-03-03 05:15:00,12802.358782406027
2026-03-03 05:30:00,12802.358782406027
2026-03-03 05:45:00,12802.358782406027
2026-03-03 06:00:00,12802.358782406027
2026-03-03 06:15:00,12802.358782406027
2026-03-03 06:30:00,12802.358782406027
2026-03-03 06:45:00,12802.358782406027
2026-03-03 07:00:00,12422.115924209786
2026-03-03 07:15:00,12547.591842636148
2026-03-03 07:30:00,11813.308642627848
2026-03-03 07:45:00,11598.812141167913
2026-03-03 08:00:00,11598.812141167913
2026-03-03 08:15:00,11598.812141167913
2026-03-03 08:30:00,11598.812141167913
2026-03-03 08:45:00,11598.812141167913
2026-03-03 09:00:00,11598.812141167913
2026-03-03 09:15:00,11598.812141167913
2026-03-03 09:30:00,11598.812141167913
2026-03-03 09:45:00,11598.812141167913
2026-03-03 10:00:00,11598.812141167913
2026-03-03 10:15:00,11598.812141167913
2026-03-03 10:30:00,11598.812141167913
2026-03-03 10:45:00,11598.812141167913
2026-03-03 11:00:00,11598.812141167913
2026-03-03 11:15:00,11598.812141167913
2026-03-03 11:30:00,11598.812141167913
2026-03-03 11:45:00,11598.812141167913
2026-03-03 12:00:00,11598.812141167913
2026-03-03 12:15:00,11598.812141167913
2026-03-03 12:30:00,11598.812141167913
2026-03-03 12:45:00,11598.812141167913
2026-03-03 13:00:00,11598.812141167913
2026-03-03 13:15:00,11598.812141167913
2026-03-03 13:30:00,11946.776505402948
2026-03-03 13:45:00,11946.776505402948
2026-03-03 14:00:00,11709.03565294543
2026-03-03 14:15:00,11709.03565294543
2026-03-03 14:30:00,11709.03565294543
2026-03-03 14:45:00,11709.03565294543
2026-03-03 15:00:00,11709.03565294543
2026-03-03 15:15:00,11709.03565294543
2026-03-03 15:30:00,11709.03565294543
2026-03-03 15:45:00,11709.03565294543
2026-03-03 16:00:00,11709.03565294543
2026-03-03 16:15:00,11709.03565294543
2026-03-03 16:30:00,11709.03565294543
2026-03-03 16:45:00,11709.03565294543
2026-03-03 17:00:00,11709.03565294543
2026-03-03 17:15:00,11709.03565294543
2026-03-03 17:30:00,11709.03565294543
2026-03-03 17:45:00,11709.03565294543
2026-03-03 18:00:00,11709.03565294543
2026-03-03 18:15:00,11709.03565294543
2026-03-03 18:30:00,11709.03565294543
2026-03-03 18:45:00,11709.03565294543
2026-03-03 19:00:00,11709.03565294543
2026-03-03 19:15:00,11709.03565294543
2026-03-03 19:30:00,11709.03565294543
2026-03-03 19:45:00,11709.03565294543
2026-03-03 20:00:00,11709.03565294543
2026-03-03 20:15:00,11591.945296415975
2026-03-03 20:30:00,11361.265585017298
2026-03-03 20:45:00,11591.945296415975
2026-03-03 21:00:00,11476.025843451816
2026-03-03 21:15:00,11476.025843451816
2026-03-03 21:30:00,11476.025843451816
2026-03-03 21:45:00,11476.025843451816
2026-03-03 22:00:00,11476.025843451816
2026-03-03 22:15:00,11476.025843451816
2026-03-03 22:30:00,11476.025843451816
2026-03-03 22:45:00,11476.025843451816
2026-03-03 23:00:00,11476.025843451816
2026-03-03 23:15:00,11476.025843451816
2026-03-03 23:30:00,11361.265585017298
2026-03-03 23:45:00,11361.265585017298
2026-03-04 01:00:00,11361.265585017298
2026-03-04 01:15:00,11361.265585017298
2026-03-04 01:30:00,11361.265585017298
2026-03-04 01:45:00,11361.265585017298
2026-03-04 02:00:00,11135.176399875454
2026-03-04 02:15:00,11135.176399875454
2026-03-04 02:30:00,11135.176399875454
2026-03-04 02:45:00,11135.176399875454
2026-03-04 03:00:00,11135.176399875454
2026-03-04 03:15:00,11702.103552567813
2026-03-04 03:30:00,11585.082517042134
2026-03-04 03:45:00,12787.204508686766
2026-03-04 04:00:00,13565.945263265787
2026-03-04 04:15:00,13565.945263265787
2026-03-04 04:30:00,13565.945263265787
2026-03-04 04:45:00,13565.945263265787
2026-03-04 05:00:00,13565.945263265787
2026-03-04 05:15:00,13565.945263265787
2026-03-04 05:30:00,13565.945263265787
2026-03-04 05:45:00,13565.945263265787
2026-03-04 06:00:00,13565.945263265787
2026-03-04 06:15:00,13565.945263265787
2026-03-04 06:30:00,13565.945263265787
2026-03-04 06:45:00,13565.945263265787
2026-03-04 07:00:00,13565.945263265787
2026-03-04 07:15:00,13565.945263265787
2026-03-04 07:30:00,13565.945263265787
2026-03-04 07:45:00,13565.945263265787
2026-03-04 08:00:00,13163.02312300153
2026-03-04 08:15:00,13031.392891771515
2026-03-04 08:30:00,13031.392891771515
2026-03-04 08:45:00,13031.392891771515
2026-03-04 09:00:00,12901.078962853799
2026-03-04 09:15:00,12901.078962853799
2026-03-04 09:30:00,12901.078962853799
2026-03-04 09:45:00,12901.078962853799
2026-03-04 10:00:00,12901.078962853799
2026-03-04 10:15:00,12901.078962853799
2026-03-04 10:30:00,12901.078962853799
2026-03-04 10:45:00,12772.06817322526
2026-03-04 11:00:00,12772.06817322526
2026-03-04 11:15:00,12772.06817322526
2026-03-04 11:30:00,12644.347491493007
2026-03-04 11:45:00,12644.347491493007
2026-03-04 12:00:00,12644.347491493007
2026-03-04 12:15:00,12644.347491493007
2026-03-04 12:30:00,12644.347491493007
2026-03-04 12:45:00,12644.347491493007
2026-03-04 13:00:00,12644.347491493007
2026-03-04 13:15:00,12644.347491493007
2026-03-04 13:30:00,12644.347491493007
2026-03-04 13:45:00,12644.347491493007
2026-03-04 14:00:00,12644.347491493007
2026-03-04 14:15:00,12392.724976412295
2026-03-04 14:30:00,12392.724976412295
2026-03-04 14:45:00,12392.724976412295
2026-03-04 15:00:00,12392.724976412295
2026-03-04 15:15:00,12268.797726648172
2026-03-04 15:30:00,12268.797726648172
2026-03-04 15:45:00,12146.10974938169
2026-03-04 16:00:00,12146.10974938169
2026-03-04 16:15:00,12146.10974938169
2026-03-04 16:30:00,12146.10974938169
2026-03-04 16:45:00,12146.10974938169
2026-03-04 17:00:00,12146.10974938169
2026-03-04 17:15:00,12146.10974938169
2026-03-04 17:30:00,11904.402165368994
2026-03-04 17:45:00,11904.402165368994
2026-03-04 18:00:00,11904.402165368994
2026-03-04 18:15:00,11904.402165368994
2026-03-04 18:30:00,11904.402165368994
2026-03-04 18:45:00,11904.402165368994
2026-03-04 19:00:00,11904.402165368994
2026-03-04 19:15:00,11904.402165368994
2026-03-04 19:30:00,11904.402165368994
2026-03-04 19:45:00,11904.402165368994
2026-03-04 20:00:00,11904.402165368994
2026-03-04 20:15:00,11904.402165368994
2026-03-04 20:30:00,11904.402165368994
2026-03-04 20:45:00,11904.402165368994
2026-03-04 21:00:00,11904.402165368994
2026-03-04 21:15:00,11904.402165368994
2026-03-04 21:30:00,11904.402165368994
2026-03-04 21:45:00,11904.402165368994
2026-03-04 22:00:00,11904.402165368994
2026-03-04 22:15:00,11904.402165368994
2026-03-04 22:30:00,11207.758329181188
2026-03-04 22:45:00,11207.758329181188
2026-03-04 23:00:00,11207.758329181188
2026-03-04 23:15:00,11207.758329181188
2026-03-04 23:30:00,11207.758329181188
2026-03-04 23:45:00,11207.758329181188
2026-03-05 01:00:00,10984.723938430483
2026-03-05 01:15:00,11785.358143715304
2026-03-05 01:30:00,11785.358143715304
2026-03-05 01:45:00,11435.321221488815
2026-03-05 02:00:00,11207.758329181188
2026-03-05 02:15:00,11667.50456227815
2026-03-05 02:30:00,11667.50456227815
2026-03-05 02:45:00,11667.50456227815
2026-03-05 03:00:00,11667.50456227815
2026-03-05 03:15:00,11667.50456227815
2026-03-05 03:30:00,11667.50456227815
2026-03-05 03:45:00,11667.50456227815
2026-03-05 04:00:00,11667.50456227815
2026-03-05 04:15:00,11667.50456227815
2026-03-05 04:30:00,11667.50456227815
2026-03-05 04:45:00,11667.50456227815
2026-03-05 05:00:00,11667.50456227815
2026-03-05 05:15:00,11667.50456227815
2026-03-05 05:30:00,11667.50456227815
2026-03-05 05:45:00,11667.50456227815
2026-03-05 06:00:00,11667.50456227815
2026-03-05 06:15:00,11667.50456227815
2026-03-05 06:30:00,11667.50456227815
2026-03-05 06:45:00,11667.50456227815
2026-03-05 07:00:00,11667.50456227815
2026-03-05 07:15:00,11667.50456227815
2026-03-05 07:30:00,11667.50456227815
2026-03-05 07:45:00,11667.50456227815
2026-03-05 08:00:00,12017.529699146486
2026-03-05 08:15:00,12017.529699146486
2026-03-05 08:30:00,12017.529699146486
2026-03-05 08:45:00,12017.529699146486
2026-03-05 09:00:00,11897.35440215502
2026-03-05 09:15:00,11897.35440215502
2026-03-05 09:30:00,11897.35440215502
2026-03-05 09:45:00,11897.35440215502
2026-03-05 10:00:00,11897.35440215502
2026-03-05 10:15:00,11897.35440215502
2026-03-05 10:30:00,11778.38085813347
2026-03-05 10:45:00,11660.597049552136
2026-03-05 11:00:00,11314.265656583386
2026-03-05 11:15:00,11314.265656583386
2026-03-05 11:30:00,11314.265656583386
2026-03-05 11:45:00,11314.265656583386
2026-03-05 12:00:00,11314.265656583386
2026-03-05 12:15:00,11314.265656583386
2026-03-05 12:30:00,11314.265656583386
2026-03-05 12:45:00,11314.265656583386
2026-03-05 13:00:00,11201.123000017551
2026-03-05 13:15:00,11201.123000017551
2026-03-05 13:30:00,11201.123000017551
2026-03-05 13:45:00,11201.123000017551
2026-03-05 14:00:00,10978.2206523172
2026-03-05 14:15:00,10978.2206523172
2026-03-05 14:30:00,10978.2206523172
2026-03-05 14:45:00,10978.2206523172
2026-03-05 15:00:00,10978.2206523172
2026-03-05 15:15:00,13000.56038380366
2026-03-05 15:30:00,13390.57719531777
2026-03-05 15:45:00,13390.57719531777
2026-03-05 16:00:00,13390.57719531777
2026-03-05 16:15:00,13390.57719531777
2026-03-05 16:30:00,13390.57719531777
2026-03-05 16:45:00,13390.57719531777
2026-03-05 17:00:00,15368.115492620263
2026-03-05 17:15:00,15368.115492620263
2026-03-05 17:30:00,15368.115492620263
2026-03-05 17:45:00,15368.115492620263
2026-03-05 18:00:00,15368.115492620263
2026-03-05 18:15:00,15368.115492620263
2026-03-05 18:30:00,15368.115492620263
2026-03-05 18:45:00,15368.115492620263
2026-03-05 19:00:00,15368.115492620263
2026-03-05 19:15:00,15368.115492620263
2026-03-05 19:30:00,15368.115492620263
2026-03-05 19:45:00,15368.115492620263
2026-03-05 20:00:00,15368.115492620263
2026-03-05 20:15:00,15368.115492620263
2026-03-05 20:30:00,15368.115492620263
2026-03-05 20:45:00,15368.115492620263
2026-03-05 21:00:00,15368.115492620263
2026-03-05 21:15:00,15368.115492620263
2026-03-05 21:30:00,15368.115492620263
2026-03-05 21:45:00,15368.115492620263
2026-03-05 22:00:00,15368.115492620263
2026-03-05 22:15:00,15214.434337694061
2026-03-05 22:30:00,15214.434337694061
2026-03-05 22:45:00,15214.434337694061
2026-03-05 23:00:00,15214.434337694061
2026-03-05 23:15:00,15214.434337694061
2026-03-05 23:30:00,15214.434337694061
2026-03-05 23:45:00,15214.434337694061
2026-03-06 01:00:00,15214.434337694061
2026-03-06 01:15:00,15214.434337694061
2026-03-06 01:30:00,15214.434337694061
2026-03-06 01:45:00,15214.434337694061
2026-03-06 02:00:00,15214.434337694061
2026-03-06 02:15:00,15214.434337694061
2026-03-06 02:30:00,15214.434337694061
2026-03-06 02:45:00,15214.434337694061
2026-03-06 03:00:00,15214.434337694061
2026-03-06 03:15:00,15214.434337694061
2026-03-06 03:30:00,15214.434337694061
2026-03-06 03:45:00,15214.434337694061
2026-03-06 04:00:00,15214.434337694061
2026-03-06 04:15:00,15214.434337694061
2026-03-06 04:30:00,15214.434337694061
2026-03-06 04:45:00,15214.434337694061
2026-03-06 05:00:00,15214.434337694061
2026-03-06 05:15:00,15214.434337694061
2026-03-06 05:30:00,15214.434337694061
2026-03-06 05:45:00,15214.434337694061
2026-03-06 06:00:00,15214.434337694061
2026-03-06 06:15:00,15214.434337694061
2026-03-06 06:30:00,15214.434337694061
2026-03-06 06:45:00,15214.434337694061
2026-03-06 07:00:00,15214.434337694061
2026-03-06 07:15:00,15214.434337694061
2026-03-06 07:30:00,15214.434337694061
2026-03-06 07:45:00,15214.434337694061
2026-03-06 08:00:00,15214.434337694061
2026-03-06 08:15:00,15214.434337694061
2026-03-06 08:30:00,15214.434337694061
2026-03-06 08:45:00,15214.434337694061
2026-03-06 09:00:00,15214.434337694061
2026-03-06 09:15:00,15214.434337694061
2026-03-06 09:30:00,15214.434337694061
2026-03-06 09:45:00,15214.434337694061
2026-03-06 10:00:00,15214.434337694061
2026-03-06 10:15:00,15214.434337694061
2026-03-06 10:30:00,15214.434337694061
2026-03-06 10:45:00,15214.434337694061
2026-03-06 11:00:00,15214.434337694061
2026-03-06 11:15:00,15214.434337694061
2026-03-06 11:30:00,15214.434337694061
2026-03-06 11:45:00,15214.434337694061
2026-03-06 12:00:00,15214.434337694061
2026-03-06 12:15:00,15214.434337694061
2026-03-06 12:30:00,15214.434337694061
2026-03-06 12:45:00,15214.434337694061
2026-03-06 13:00:00,15214.434337694061
2026-03-06 13:15:00,15214.434337694061
2026-03-06 13:30:00,15214.434337694061
2026-03-06 13:45:00,15214.434337694061
2026-03-06 14:00:00,15214.434337694061
2026-03-06 14:15:00,15214.434337694061
2026-03-06 14:30:00,15214.434337694061
2026-03-06 14:45:00,15214.434337694061
2026-03-06 15:00:00,15214.434337694061
2026-03-06 15:15:00,15214.434337694061
2026-03-06 15:30:00,15214.434337694061
2026-03-06 15:45:00,15214.434337694061
2026-03-06 16:00:00,15214.434337694061
2026-03-06 16:15:00,15214.434337694061
2026-03-06 16:30:00,15214.434337694061
2026-03-06 16:45:00,15214.434337694061
2026-03-06 17:00:00,15214.434337694061
2026-03-06 17:15:00,15214.434337694061
2026-03-06 17:30:00,15214.434337694061
2026-03-06 17:45:00,15214.434337694061
2026-03-06 18:00:00,15214.434337694061
2026-03-06 18:15:00,15214.434337694061
2026-03-06 18:30:00,15214.434337694061
2026-03-06 18:45:00,15214.434337694061
2026-03-06 19:00:00,15214.434337694061
2026-03-06 19:15:00,15214.434337694061
2026-03-06 19:30:00,15214.434337694061
2026-03-06 19:45:00,15214.434337694061
2026-03-06 20:00:00,15214.434337694061
2026-03-06 20:15:00,15214.434337694061
2026-03-06 20:30:00,15214.434337694061
2026-03-06 20:45:00,15214.434337694061
2026-03-06 21:00:00,15214.434337694061
2026-03-06 21:15:00,15214.434337694061
2026-03-06 21:30:00,15214.434337694061
2026-03-06 21:45:00,15214.434337694061
2026-03-06 22:00:00,15214.434337694061
2026-03-06 22:15:00,15214.434337694061
2026-03-06 22:30:00,15214.434337694061
2026-03-06 22:45:00,15214.434337694061
2026-03-06 23:00:00,15214.434337694061
2026-03-06 23:15:00,15214.434337694061
2026-03-06 23:30:00,15214.434337694061
2026-03-06 23:45:00,15214.434337694061
2026-03-09 01:00:00,15214.434337694061
2026-03-09 01:15:00,15214.434337694061
2026-03-09 01:30:00,15214.434337694061
2026-03-09 01:45:00,15214.434337694061
2026-03-09 02:00:00,15214.434337694061
2026-03-09 02:15:00,15214.434337694061
2026-03-09 02:30:00,15214.434337694061
2026-03-09 02:45:00,15214.434337694061
2026-03-09 03:00:00,15214.434337694061
2026-03-09 03:15:00,15214.434337694061
2026-03-09 03:30:00,15214.434337694061
2026-03-09 03:45:00,15214.434337694061
2026-03-09 04:00:00,15214.434337694061
2026-03-09 04:15:00,15214.434337694061
2026-03-09 04:30:00,15214.434337694061
2026-03-09 04:45:00,15214.434337694061
2026-03-09 05:00:00,15214.434337694061
2026-03-09 05:15:00,15214.434337694061
2026-03-09 05:30:00,15214.434337694061
2026-03-09 05:45:00,15214.434337694061
2026-03-09 06:00:00,15214.434337694061
2026-03-09 06:15:00,15214.434337694061
2026-03-09 06:30:00,15214.434337694061
2026-03-09 06:45:00,15214.434337694061
2026-03-09 07:00:00,15214.434337694061
2026-03-09 07:15:00,15214.434337694061
2026-03-09 07:30:00,15214.434337694061
2026-03-09 07:45:00,15214.434337694061
2026-03-09 08:00:00,15214.434337694061
2026-03-09 08:15:00,15214.434337694061
2026-03-09 08:30:00,15214.434337694061
2026-03-09 08:45:00,15214.434337694061
2026-03-09 09:00:00,15214.434337694061
2026-03-09 09:15:00,15214.434337694061
2026-03-09 09:30:00,15214.434337694061
2026-03-09 09:45:00,15214.434337694061
2026-03-09 10:00:00,15214.434337694061
2026-03-09 10:15:00,15214.434337694061
2026-03-09 10:30:00,15214.434337694061
2026-03-09 10:45:00,15214.434337694061
2026-03-09 11:00:00,15214.434337694061
2026-03-09 11:15:00,15214.434337694061
2026-03-09 11:30:00,15214.434337694061
2026-03-09 11:45:00,15214.434337694061
2026-03-09 12:00:00,15214.434337694061
2026-03-09 12:15:00,15214.434337694061
2026-03-09 12:30:00,15214.434337694061
2026-03-09 12:45:00,15214.434337694061
2026-03-09 13:00:00,15214.434337694061
2026-03-09 13:15:00,15214.434337694061
2026-03-09 13:30:00,15214.434337694061
2026-03-09 13:45:00,15214.434337694061
2026-03-09 14:00:00,15214.434337694061
2026-03-09 14:15:00,15214.434337694061
2026-03-09 14:30:00,15214.434337694061
2026-03-09 14:45:00,15214.434337694061
2026-03-09 15:00:00,15214.434337694061
2026-03-09 15:15:00,15214.434337694061
2026-03-09 15:30:00,15214.434337694061
2026-03-09 15:45:00,15214.434337694061
2026-03-09 16:00:00,15214.434337694061
2026-03-09 16:15:00,15214.434337694061
2026-03-09 16:30:00,15214.434337694061
2026-03-09 16:45:00,15214.434337694061
2026-03-09 17:00:00,15214.434337694061
2026-03-09 17:15:00,15214.434337694061
2026-03-09 17:30:00,15214.434337694061
2026-03-09 17:45:00,15214.434337694061
2026-03-09 18:00:00,15214.434337694061
2026-03-09 18:15:00,15214.434337694061
2026-03-09 18:30:00,15214.434337694061
2026-03-09 18:45:00,15214.434337694061
2026-03-09 19:00:00,15214.434337694061
2026-03-09 19:15:00,15214.434337694061
2026-03-09 19:30:00,15214.434337694061
2026-03-09 19:45:00,15214.434337694061
2026-03-09 20:00:00,15214.434337694061
2026-03-09 20:15:00,15214.434337694061
2026-03-09 20:30:00,15214.434337694061
2026-03-09 20:45:00,15214.434337694061
2026-03-09 21:00:00,15214.434337694061
2026-03-09 21:15:00,15214.434337694061
2026-03-09 21:30:00,15214.434337694061
2026-03-09 21:45:00,15214.434337694061
2026-03-09 22:00:00,15214.434337694061
2026-03-09 22:15:00,15214.434337694061
2026-03-09 22:30:00,15214.434337694061
2026-03-09 22:45:00,15214.434337694061
2026-03-09 23:00:00,15214.434337694061
2026-03-09 23:15:00,15214.434337694061
2026-03-09 23:30:00,15214.434337694061
2026-03-09 23:45:00,15214.434337694061
2026-03-10 01:00:00,15214.434337694061
2026-03-10 01:15:00,15214.434337694061
2026-03-10 01:30:00,15214.434337694061
2026-03-10 01:45:00,15214.434337694061
2026-03-10 02:00:00,15214.434337694061
2026-03-10 02:15:00,15214.434337694061
2026-03-10 02:30:00,15214.434337694061
2026-03-10 02:45:00,15214.434337694061
2026-03-10 03:00:00,15214.434337694061
2026-03-10 03:15:00,15214.434337694061
2026-03-10 03:30:00,15214.434337694061
2026-03-10 03:45:00,15214.434337694061
2026-03-10 04:00:00,15214.434337694061
2026-03-10 04:15:00,15214.434337694061
2026-03-10 04:30:00,15214.434337694061
2026-03-10 04:45:00,15214.434337694061
2026-03-10 05:00:00,15214.434337694061
2026-03-10 05:15:00,15214.434337694061
2026-03-10 05:30:00,15214.434337694061
2026-03-10 05:45:00,15214.434337694061
2026-03-10 06:00:00,15214.434337694061
2026-03-10 06:15:00,15214.434337694061
2026-03-10 06:30:00,15214.434337694061
2026-03-10 06:45:00,15214.434337694061
2026-03-10 07:00:00,15214.434337694061
2026-03-10 07:15:00,15214.434337694061
2026-03-10 07:30:00,15214.434337694061
2026-03-10 07:45:00,15214.434337694061
2026-03-10 08:00:00,15214.434337694061
2026-03-10 08:15:00,15214.434337694061
2026-03-10 08:30:00,15214.434337694061
2026-03-10 08:45:00,15214.434337694061
2026-03-10 09:00:00,15214.434337694061
2026-03-10 09:15:00,15214.434337694061
2026-03-10 09:30:00,15214.434337694061
2026-03-10 09:45:00,15214.434337694061
2026-03-10 10:00:00,15214.434337694061
2026-03-10 10:15:00,15214.434337694061
2026-03-10 10:30:00,15214.434337694061
2026-03-10 10:45:00,15214.434337694061
2026-03-10 11:00:00,15214.434337694061
2026-03-10 11:15:00,15214.434337694061
2026-03-10 11:30:00,15214.434337694061
2026-03-10 11:45:00,15214.434337694061
2026-03-10 12:00:00,15214.434337694061
2026-03-10 12:15:00,15214.434337694061
2026-03-10 12:30:00,15214.434337694061
2026-03-10 12:45:00,15214.434337694061
2026-03-10 13:00:00,15214.434337694061
2026-03-10 13:15:00,15214.434337694061
2026-03-10 13:30:00,15214.434337694061
2026-03-10 13:45:00,15214.434337694061
2026-03-10 14:00:00,15214.434337694061
2026-03-10 14:15:00,15214.434337694061
2026-03-10 14:30:00,15214.434337694061
2026-03-10 14:45:00,15214.434337694061
2026-03-10 15:00:00,15214.434337694061
2026-03-10 15:15:00,15214.434337694061
2026-03-10 15:30:00,15214.434337694061
2026-03-10 15:45:00,15214.434337694061
2026-03-10 16:00:00,15214.434337694061
2026-03-10 16:15:00,15214.434337694061
2026-03-10 16:30:00,15214.434337694061
2026-03-10 16:45:00,15214.434337694061
2026-03-10 17:00:00,15214.434337694061
2026-03-10 17:15:00,15214.434337694061
2026-03-10 17:30:00,15214.434337694061
2026-03-10 17:45:00,15214.434337694061
2026-03-10 18:00:00,15214.434337694061
2026-03-10 18:15:00,15214.434337694061
2026-03-10 18:30:00,15214.434337694061
2026-03-10 18:45:00,15214.434337694061
2026-03-10 19:00:00,15214.434337694061
2026-03-10 19:15:00,15214.434337694061
2026-03-10 19:30:00,15214.434337694061
2026-03-10 19:45:00,15214.434337694061
2026-03-10 20:00:00,15214.434337694061
2026-03-10 20:15:00,15214.434337694061
2026-03-10 20:30:00,15214.434337694061
2026-03-10 20:45:00,15214.434337694061
2026-03-10 21:00:00,15214.434337694061
2026-03-10 21:15:00,15214.434337694061
2026-03-10 21:30:00,15214.434337694061
2026-03-10 21:45:00,15214.434337694061
2026-03-10 22:00:00,15214.434337694061
2026-03-10 22:15:00,15214.434337694061
2026-03-10 22:30:00,15214.434337694061
2026-03-10 22:45:00,15214.434337694061
2026-03-10 23:00:00,15214.434337694061
2026-03-10 23:15:00,15214.434337694061
2026-03-10 23:30:00,15214.434337694061
2026-03-10 23:45:00,15214.434337694061
2026-03-11 01:00:00,15214.434337694061
2026-03-11 01:15:00,15214.434337694061
2026-03-11 01:30:00,15214.434337694061
2026-03-11 01:45:00,15214.434337694061
2026-03-11 02:00:00,15214.434337694061
2026-03-11 02:15:00,15214.434337694061
2026-03-11 02:30:00,15214.434337694061
2026-03-11 02:45:00,15214.434337694061
2026-03-11 03:00:00,15214.434337694061
2026-03-11 03:15:00,15214.434337694061
2026-03-11 03:30:00,15214.434337694061
2026-03-11 03:45:00,15214.434337694061
2026-03-11 04:00:00,15214.434337694061
2026-03-11 04:15:00,15214.434337694061
2026-03-11 04:30:00,15214.434337694061
2026-03-11 04:45:00,15214.434337694061
2026-03-11 05:00:00,15214.434337694061
2026-03-11 05:15:00,15214.434337694061
2026-03-11 05:30:00,15214.434337694061
2026-03-11 05:45:00,15214.434337694061
2026-03-11 06:00:00,15214.434337694061
2026-03-11 06:15:00,15214.434337694061
2026-03-11 06:30:00,15214.434337694061
2026-03-11 06:45:00,15214.434337694061
2026-03-11 07:00:00,15214.434337694061
2026-03-11 07:15:00,15214.434337694061
2026-03-11 07:30:00,15214.434337694061
2026-03-11 07:45:00,15214.434337694061
2026-03-11 08:00:00,15214.434337694061
2026-03-11 08:15:00,15214.434337694061
2026-03-11 08:30:00,15214.434337694061
2026-03-11 08:45:00,15214.434337694061
2026-03-11 09:00:00,15214.434337694061
2026-03-11 09:15:00,15214.434337694061
2026-03-11 09:30:00,15214.434337694061
2026-03-11 09:45:00,15214.434337694061
2026-03-11 10:00:00,15214.434337694061
2026-03-11 10:15:00,15214.434337694061
2026-03-11 10:30:00,15214.434337694061
2026-03-11 10:45:00,15214.434337694061
2026-03-11 11:00:00,15214.434337694061
2026-03-11 11:15:00,15214.434337694061
2026-03-11 11:30:00,15214.434337694061
2026-03-11 11:45:00,15214.434337694061
2026-03-11 12:00:00,15214.434337694061
2026-03-11 12:15:00,15214.434337694061
2026-03-11 12:30:00,15214.434337694061
2026-03-11 12:45:00,15214.434337694061
2026-03-11 13:00:00,15214.434337694061
2026-03-11 13:15:00,15214.434337694061
2026-03-11 13:30:00,15214.434337694061
2026-03-11 13:45:00,15214.434337694061
2026-03-11 14:00:00,15214.434337694061
2026-03-11 14:15:00,15214.434337694061
2026-03-11 14:30:00,15214.434337694061
2026-03-11 14:45:00,15214.434337694061
2026-03-11 15:00:00,15214.434337694061
2026-03-11 15:15:00,15214.434337694061
2026-03-11 15:30:00,15214.434337694061
2026-03-11 15:45:00,15214.434337694061
2026-03-11 16:00:00,15214.434337694061
2026-03-11 16:15:00,15214.434337694061
2026-03-11 16:30:00,15214.434337694061
2026-03-11 16:45:00,15214.434337694061
2026-03-11 17:00:00,15214.434337694061
2026-03-11 17:15:00,15214.434337694061
2026-03-11 17:30:00,15214.434337694061
2026-03-11 17:45:00,15214.434337694061
2026-03-11 18:00:00,15214.434337694061
2026-03-11 18:15:00,15214.434337694061
2026-03-11 18:30:00,15214.434337694061
2026-03-11 18:45:00,15214.434337694061
2026-03-11 19:00:00,15214.434337694061
2026-03-11 19:15:00,15214.434337694061
2026-03-11 19:30:00,15214.434337694061
2026-03-11 19:45:00,15214.434337694061
2026-03-11 20:00:00,15214.434337694061
2026-03-11 20:15:00,15214.434337694061
2026-03-11 20:30:00,15214.434337694061
2026-03-11 20:45:00,15214.434337694061
2026-03-11 21:00:00,15214.434337694061
2026-03-11 21:15:00,15214.434337694061
2026-03-11 21:30:00,15214.434337694061
2026-03-11 21:45:00,15214.434337694061
2026-03-11 22:00:00,15214.434337694061
2026-03-11 22:15:00,15214.434337694061
2026-03-11 22:30:00,15214.434337694061
2026-03-11 22:45:00,15214.434337694061
2026-03-11 23:00:00,15214.434337694061
2026-03-11 23:15:00,15214.434337694061
2026-03-11 23:30:00,15214.434337694061
2026-03-11 23:45:00,15214.434337694061
2026-03-12 01:00:00,15214.434337694061
2026-03-12 01:15:00,15214.434337694061
2026-03-12 01:30:00,15214.434337694061
2026-03-12 01:45:00,15214.434337694061
2026-03-12 02:00:00,15214.434337694061
2026-03-12 02:15:00,15214.434337694061
2026-03-12 02:30:00,15214.434337694061
2026-03-12 02:45:00,15214.434337694061
2026-03-12 03:00:00,15214.434337694061
2026-03-12 03:15:00,15214.434337694061
2026-03-12 03:30:00,15214.434337694061
2026-03-12 03:45:00,15214.434337694061
2026-03-12 04:00:00,15214.434337694061
2026-03-12 04:15:00,15214.434337694061
2026-03-12 04:30:00,15214.434337694061
2026-03-12 04:45:00,15214.434337694061
2026-03-12 05:00:00,15214.434337694061
2026-03-12 05:15:00,15214.434337694061
2026-03-12 05:30:00,15214.434337694061
2026-03-12 05:45:00,15214.434337694061
2026-03-12 06:00:00,15214.434337694061
2026-03-12 06:15:00,15214.434337694061
2026-03-12 06:30:00,15214.434337694061
2026-03-12 06:45:00,15214.434337694061
2026-03-12 07:00:00,15214.434337694061
2026-03-12 07:15:00,15214.434337694061
2026-03-12 07:30:00,15214.434337694061
2026-03-12 07:45:00,15214.434337694061
2026-03-12 08:00:00,15214.434337694061
2026-03-12 08:15:00,15214.434337694061
2026-03-12 08:30:00,15214.434337694061
2026-03-12 08:45:00,15214.434337694061
2026-03-12 09:00:00,15214.434337694061
2026-03-12 09:15:00,15214.434337694061
2026-03-12 09:30:00,15214.434337694061
2026-03-12 09:45:00,15214.434337694061
2026-03-12 10:00:00,15214.434337694061
2026-03-12 10:15:00,15214.434337694061
2026-03-12 10:30:00,15214.434337694061
2026-03-12 10:45:00,15214.434337694061
2026-03-12 11:00:00,15214.434337694061
2026-03-12 11:15:00,15214.434337694061
2026-03-12 11:30:00,15214.434337694061
2026-03-12 11:45:00,15214.434337694061
2026-03-12 12:00:00,15214.434337694061
2026-03-12 12:15:00,15214.434337694061
2026-03-12 12:30:00,15214.434337694061
2026-03-12 12:45:00,15214.434337694061
2026-03-12 13:00:00,15214.434337694061
2026-03-12 13:15:00,15214.434337694061
2026-03-12 13:30:00,15214.434337694061
2026-03-12 13:45:00,15214.434337694061
2026-03-12 14:00:00,15214.434337694061
2026-03-12 14:15:00,15214.434337694061
2026-03-12 14:30:00,15214.434337694061
2026-03-12 14:45:00,15214.434337694061
2026-03-12 15:00:00,15214.434337694061
2026-03-12 15:15:00,15214.434337694061
2026-03-12 15:30:00,15214.434337694061
2026-03-12 15:45:00,15214.434337694061
2026-03-12 16:00:00,15214.434337694061
2026-03-12 16:15:00,15214.434337694061
2026-03-12 16:30:00,15214.434337694061
2026-03-12 16:45:00,15214.434337694061
2026-03-12 17:00:00,15214.434337694061
2026-03-12 17:15:00,15214.434337694061
2026-03-12 17:30:00,15214.434337694061
2026-03-12 17:45:00,15214.434337694061
2026-03-12 18:00:00,15214.434337694061
2026-03-12 18:15:00,15214.434337694061
2026-03-12 18:30:00,15214.434337694061
2026-03-12 18:45:00,15214.434337694061
2026-03-12 19:00:00,15214.434337694061
2026-03-12 19:15:00,15214.434337694061
2026-03-12 19:30:00,15214.434337694061
2026-03-12 19:45:00,15214.434337694061
2026-03-12 20:00:00,15214.434337694061
2026-03-12 20:15:00,15214.434337694061
2026-03-12 20:30:00,15214.434337694061
2026-03-12 20:45:00,15214.434337694061
2026-03-12 21:00:00,15214.434337694061
2026-03-12 21:15:00,15214.434337694061
2026-03-12 21:30:00,15214.434337694061
2026-03-12 21:45:00,15214.434337694061
2026-03-12 22:00:00,15214.434337694061
2026-03-12 22:15:00,15214.434337694061
2026-03-12 22:30:00,15214.434337694061
2026-03-12 22:45:00,15214.434337694061
2026-03-12 23:00:00,15214.434337694061
2026-03-12 23:15:00,15214.434337694061
2026-03-12 23:30:00,15214.434337694061
2026-03-12 23:45:00,15214.434337694061
2026-03-13 01:00:00,15214.434337694061
2026-03-13 01:15:00,15214.434337694061
2026-03-13 01:30:00,15214.434337694061
2026-03-13 01:45:00,15214.434337694061
2026-03-13 02:00:00,15214.434337694061
2026-03-13 02:15:00,15214.434337694061
2026-03-13 02:30:00,15214.434337694061
2026-03-13 02:45:00,15214.434337694061
2026-03-13 03:00:00,15214.434337694061
2026-03-13 03:15:00,15214.434337694061
2026-03-13 03:30:00,15214.434337694061
2026-03-13 03:45:00,15214.434337694061
2026-03-13 04:00:00,15214.434337694061
2026-03-13 04:15:00,15214.434337694061
2026-03-13 04:30:00,15214.434337694061
2026-03-13 04:45:00,15214.434337694061
2026-03-13 05:00:00,15214.434337694061
2026-03-13 05:15:00,15214.434337694061
2026-03-13 05:30:00,15214.434337694061
2026-03-13 05:45:00,15214.434337694061
2026-03-13 06:00:00,15214.434337694061
2026-03-13 06:15:00,15214.434337694061
2026-03-13 06:30:00,15214.434337694061
2026-03-13 06:45:00,15214.434337694061
2026-03-13 07:00:00,15214.434337694061
2026-03-13 07:15:00,15214.434337694061
2026-03-13 07:30:00,15214.434337694061
2026-03-13 07:45:00,15214.434337694061
2026-03-13 08:00:00,15214.434337694061
2026-03-13 08:15:00,15214.434337694061
2026-03-13 08:30:00,15214.434337694061
2026-03-13 08:45:00,15214.434337694061
2026-03-13 09:00:00,15214.434337694061
2026-03-13 09:15:00,15214.434337694061
2026-03-13 09:30:00,15214.434337694061
2026-03-13 09:45:00,15214.434337694061
2026-03-13 10:00:00,15214.434337694061
2026-03-13 10:15:00,15214.434337694061
2026-03-13 10:30:00,15214.434337694061
2026-03-13 10:45:00,15214.434337694061
2026-03-13 11:00:00,15214.434337694061
2026-03-13 11:15:00,15214.434337694061
2026-03-13 11:30:00,15214.434337694061
2026-03-13 11:45:00,15214.434337694061
2026-03-13 12:00:00,15214.434337694061
2026-03-13 12:15:00,15214.434337694061
2026-03-13 12:30:00,15214.434337694061
2026-03-13 12:45:00,15214.434337694061
2026-03-13 13:00:00,15214.434337694061
2026-03-13 13:15:00,15214.434337694061
2026-03-13 13:30:00,15214.434337694061
2026-03-13 13:45:00,15214.434337694061
2026-03-13 14:00:00,15214.434337694061
2026-03-13 14:15:00,15214.434337694061
2026-03-13 14:30:00,15214.434337694061
2026-03-13 14:45:00,15214.434337694061
2026-03-13 15:00:00,15214.434337694061
2026-03-13 15:15:00,15214.434337694061
2026-03-13 15:30:00,15214.434337694061
2026-03-13 15:45:00,15214.434337694061
2026-03-13 16:00:00,15214.434337694061
2026-03-13 16:15:00,15214.434337694061
2026-03-13 16:30:00,15214.434337694061
2026-03-13 16:45:00,15214.434337694061
2026-03-13 17:00:00,15214.434337694061
2026-03-13 17:15:00,15214.434337694061
2026-03-13 17:30:00,15214.434337694061
2026-03-13 17:45:00,15214.434337694061
2026-03-13 18:00:00,15214.434337694061
2026-03-13 18:15:00,15214.434337694061
2026-03-13 18:30:00,15214.434337694061
2026-03-13 18:45:00,15214.434337694061
2026-03-13 19:00:00,15214.434337694061
2026-03-13 19:15:00,15214.434337694061
2026-03-13 19:30:00,15214.434337694061
2026-03-13 19:45:00,15214.434337694061
2026-03-13 20:00:00,15214.434337694061
2026-03-13 20:15:00,15214.434337694061
2026-03-13 20:30:00,15214.434337694061
2026-03-13 20:45:00,15214.434337694061
2026-03-13 21:00:00,15214.434337694061
2026-03-13 21:15:00,15214.434337694061
2026-03-13 21:30:00,15214.434337694061
2026-03-13 21:45:00,15214.434337694061
2026-03-13 22:00:00,15214.434337694061
2026-03-13 22:15:00,15214.434337694061
2026-03-13 22:30:00,15214.434337694061
2026-03-13 22:45:00,15214.434337694061
2026-03-13 23:00:00,15214.434337694061
2026-03-13 23:15:00,15214.434337694061
2026-03-13 23:30:00,15214.434337694061
2026-03-13 23:45:00,15214.434337694061
2026-03-16 01:00:00,15214.434337694061
2026-03-16 01:15:00,15214.434337694061
2026-03-16 01:30:00,15214.434337694061
2026-03-16 01:45:00,15214.434337694061
2026-03-16 02:00:00,15214.434337694061
2026-03-16 02:15:00,15214.434337694061
2026-03-16 02:30:00,15214.434337694061
2026-03-16 02:45:00,15214.434337694061
2026-03-16 03:00:00,15214.434337694061
2026-03-16 03:15:00,15214.434337694061
2026-03-16 03:30:00,15214.434337694061
2026-03-16 03:45:00,15214.434337694061
2026-03-16 04:00:00,15214.434337694061
2026-03-16 04:15:00,15214.434337694061
2026-03-16 04:30:00,15214.434337694061
2026-03-16 04:45:00,15214.434337694061
2026-03-16 05:00:00,15214.434337694061
2026-03-16 05:15:00,15214.434337694061
2026-03-16 05:30:00,15214.434337694061
2026-03-16 05:45:00,15214.434337694061
2026-03-16 06:00:00,15214.434337694061
2026-03-16 06:15:00,15214.434337694061
2026-03-16 06:30:00,15214.434337694061
2026-03-16 06:45:00,15214.434337694061
2026-03-16 07:00:00,15214.434337694061
2026-03-16 07:15:00,15214.434337694061
2026-03-16 07:30:00,15214.434337694061
2026-03-16 07:45:00,15214.434337694061
2026-03-16 08:00:00,15214.434337694061
2026-03-16 08:15:00,15214.434337694061
2026-03-16 08:30:00,15214.434337694061
2026-03-16 08:45:00,15214.434337694061
2026-03-16 09:00:00,15214.434337694061
2026-03-16 09:15:00,15214.434337694061
2026-03-16 09:30:00,15214.434337694061
2026-03-16 09:45:00,15214.434337694061
2026-03-16 10:00:00,15214.434337694061
2026-03-16 10:15:00,15214.434337694061
2026-03-16 10:30:00,15214.434337694061
2026-03-16 10:45:00,15214.434337694061
2026-03-16 11:00:00,15214.434337694061
2026-03-16 11:15:00,15214.434337694061
2026-03-16 11:30:00,15214.434337694061
2026-03-16 11:45:00,15214.434337694061
2026-03-16 12:00:00,15214.434337694061
2026-03-16 12:15:00,15214.434337694061
2026-03-16 12:30:00,15214.434337694061
2026-03-16 12:45:00,15214.434337694061
2026-03-16 13:00:00,15214.434337694061
2026-03-16 13:15:00,15214.434337694061
2026-03-16 13:30:00,15214.434337694061
2026-03-16 13:45:00,15214.434337694061
2026-03-16 14:00:00,15214.434337694061
2026-03-16 14:15:00,15214.434337694061
2026-03-16 14:30:00,15214.434337694061
2026-03-16 14:45:00,15214.434337694061
2026-03-16 15:00:00,15214.434337694061
2026-03-16 15:15:00,15214.434337694061
2026-03-16 15:30:00,15214.434337694061
2026-03-16 15:45:00,15214.434337694061
2026-03-16 16:00:00,15214.434337694061
2026-03-16 16:15:00,15214.434337694061
2026-03-16 16:30:00,15214.434337694061
2026-03-16 16:45:00,15214.434337694061
2026-03-16 17:00:00,15214.434337694061
2026-03-16 17:15:00,15214.434337694061
2026-03-16 17:30:00,15214.434337694061
2026-03-16 17:45:00,15214.434337694061
2026-03-16 18:00:00,15214.434337694061
2026-03-16 18:15:00,15214.434337694061
2026-03-16 18:30:00,15214.434337694061
2026-03-16 18:45:00,15214.434337694061
2026-03-16 19:00:00,15214.434337694061
2026-03-16 19:15:00,15214.434337694061
2026-03-16 19:30:00,15214.434337694061
2026-03-16 19:45:00,15214.434337694061
2026-03-16 20:00:00,15214.434337694061
2026-03-16 20:15:00,15214.434337694061
2026-03-16 20:30:00,15214.434337694061
2026-03-16 20:45:00,15214.434337694061
2026-03-16 21:00:00,15214.434337694061
2026-03-16 21:15:00,15214.434337694061
2026-03-16 21:30:00,15214.434337694061
2026-03-16 21:45:00,15214.434337694061
2026-03-16 22:00:00,15214.434337694061
2026-03-16 22:15:00,15214.434337694061
2026-03-16 22:30:00,15214.434337694061
2026-03-16 22:45:00,15214.434337694061
2026-03-16 23:00:00,15214.434337694061
2026-03-16 23:15:00,15214.434337694061
2026-03-16 23:30:00,15214.434337694061
2026-03-16 23:45:00,15214.434337694061
2026-03-17 01:00:00,15214.434337694061
2026-03-17 01:15:00,15214.434337694061
2026-03-17 01:30:00,15214.434337694061
2026-03-17 01:45:00,15214.434337694061
2026-03-17 02:00:00,15214.434337694061
2026-03-17 02:15:00,15214.434337694061
2026-03-17 02:30:00,15214.434337694061
2026-03-17 02:45:00,15214.434337694061
2026-03-17 03:00:00,15214.434337694061
2026-03-17 03:15:00,15214.434337694061
2026-03-17 03:30:00,15214.434337694061
2026-03-17 03:45:00,15214.434337694061
2026-03-17 04:00:00,15214.434337694061
2026-03-17 04:15:00,15214.434337694061
2026-03-17 04:30:00,15214.434337694061
2026-03-17 04:45:00,15214.434337694061
2026-03-17 05:00:00,15214.434337694061
2026-03-17 05:15:00,15214.434337694061
2026-03-17 05:30:00,15214.434337694061
2026-03-17 05:45:00,15214.434337694061
2026-03-17 06:00:00,15214.434337694061
2026-03-17 06:15:00,15214.434337694061
2026-03-17 06:30:00,15214.434337694061
2026-03-17 06:45:00,15214.434337694061
2026-03-17 07:00:00,15214.434337694061
2026-03-17 07:15:00,15214.434337694061
2026-03-17 07:30:00,15214.434337694061
2026-03-17 07:45:00,15214.434337694061
2026-03-17 08:00:00,15214.434337694061
2026-03-17 08:15:00,15214.434337694061
2026-03-17 08:30:00,15214.434337694061
2026-03-17 08:45:00,15214.434337694061
2026-03-17 09:00:00,15214.434337694061
2026-03-17 09:15:00,15214.434337694061
2026-03-17 09:30:00,15214.434337694061
2026-03-17 09:45:00,15214.434337694061
2026-03-17 10:00:00,15214.434337694061
2026-03-17 10:15:00,15214.434337694061
2026-03-17 10:30:00,15214.434337694061
2026-03-17 10:45:00,15214.434337694061
2026-03-17 11:00:00,15214.434337694061
2026-03-17 11:15:00,15214.434337694061
2026-03-17 11:30:00,15214.434337694061
2026-03-17 11:45:00,15214.434337694061
2026-03-17 12:00:00,15214.434337694061
2026-03-17 12:15:00,15214.434337694061
2026-03-17 12:30:00,15214.434337694061
2026-03-17 12:45:00,15214.434337694061
2026-03-17 13:00:00,15214.434337694061
2026-03-17 13:15:00,15214.434337694061
2026-03-17 13:30:00,15214.434337694061
2026-03-17 13:45:00,15214.434337694061
2026-03-17 14:00:00,15214.434337694061
2026-03-17 14:15:00,15214.434337694061
2026-03-17 14:30:00,15214.434337694061
2026-03-17 14:45:00,15214.434337694061
2026-03-17 15:00:00,15214.434337694061
2026-03-17 15:15:00,15214.434337694061
2026-03-17 15:30:00,15214.434337694061
2026-03-17 15:45:00,15214.434337694061
2026-03-17 16:00:00,15214.434337694061
2026-03-17 16:15:00,15214.434337694061
2026-03-17 16:30:00,15214.434337694061
2026-03-17 16:45:00,15214.434337694061
2026-03-17 17:00:00,15214.434337694061
2026-03-17 17:15:00,15214.434337694061
2026-03-17 17:30:00,15214.434337694061
2026-03-17 17:45:00,15214.434337694061
2026-03-17 18:00:00,15214.434337694061
2026-03-17 18:15:00,15214.434337694061
2026-03-17 18:30:00,15214.434337694061
2026-03-17 18:45:00,15214.434337694061
2026-03-17 19:00:00,15214.434337694061
2026-03-17 19:15:00,15214.434337694061
2026-03-17 19:30:00,15214.434337694061
2026-03-17 19:45:00,15214.434337694061
2026-03-17 20:00:00,15214.434337694061
2026-03-17 20:15:00,15214.434337694061
2026-03-17 20:30:00,15214.434337694061
2026-03-17 20:45:00,15214.434337694061
2026-03-17 21:00:00,15214.434337694061
2026-03-17 21:15:00,15214.434337694061
2026-03-17 21:30:00,15214.434337694061
2026-03-17 21:45:00,15214.434337694061
2026-03-17 22:00:00,15214.434337694061
2026-03-17 22:15:00,15214.434337694061
2026-03-17 22:30:00,15214.434337694061
2026-03-17 22:45:00,15214.434337694061
2026-03-17 23:00:00,15214.434337694061
2026-03-17 23:15:00,15214.434337694061
2026-03-17 23:30:00,15214.434337694061
2026-03-17 23:45:00,15214.434337694061
2026-03-18 01:00:00,15214.434337694061
2026-03-18 01:15:00,15214.434337694061
2026-03-18 01:30:00,15214.434337694061
2026-03-18 01:45:00,15214.434337694061
2026-03-18 02:00:00,15214.434337694061
2026-03-18 02:15:00,15214.434337694061
2026-03-18 02:30:00,15214.434337694061
2026-03-18 02:45:00,15214.434337694061
2026-03-18 03:00:00,15214.434337694061
2026-03-18 03:15:00,15214.434337694061
2026-03-18 03:30:00,15214.434337694061
2026-03-18 03:45:00,15214.434337694061
2026-03-18 04:00:00,15214.434337694061
2026-03-18 04:15:00,15214.434337694061
2026-03-18 04:30:00,15214.434337694061
2026-03-18 04:45:00,15214.434337694061
2026-03-18 05:00:00,15214.434337694061
2026-03-18 05:15:00,15214.434337694061
2026-03-18 05:30:00,15214.434337694061
2026-03-18 05:45:00,15214.434337694061
2026-03-18 06:00:00,15214.434337694061
2026-03-18 06:15:00,15214.434337694061
2026-03-18 06:30:00,15214.434337694061
2026-03-18 06:45:00,15214.434337694061
2026-03-18 07:00:00,15214.434337694061
2026-03-18 07:15:00,15214.434337694061
2026-03-18 07:30:00,15214.434337694061
2026-03-18 07:45:00,15214.434337694061
2026-03-18 08:00:00,15214.434337694061
2026-03-18 08:15:00,15214.434337694061
2026-03-18 08:30:00,15214.434337694061
2026-03-18 08:45:00,15214.434337694061
2026-03-18 09:00:00,15214.434337694061
2026-03-18 09:15:00,15214.434337694061
2026-03-18 09:30:00,15214.434337694061
2026-03-18 09:45:00,15214.434337694061
2026-03-18 10:00:00,15214.434337694061
2026-03-18 10:15:00,15214.434337694061
2026-03-18 10:30:00,15214.434337694061
2026-03-18 10:45:00,15214.434337694061
2026-03-18 11:00:00,15214.434337694061
2026-03-18 11:15:00,15214.434337694061
2026-03-18 11:30:00,15214.434337694061
2026-03-18 11:45:00,15214.434337694061
2026-03-18 12:00:00,15214.434337694061
2026-03-18 12:15:00,15214.434337694061
2026-03-18 12:30:00,15214.434337694061
2026-03-18 12:45:00,15214.434337694061
2026-03-18 13:00:00,15214.434337694061
2026-03-18 13:15:00,15214.434337694061
2026-03-18 13:30:00,15214.434337694061
2026-03-18 13:45:00,15214.434337694061
2026-03-18 14:00:00,15214.434337694061
2026-03-18 14:15:00,15214.434337694061
2026-03-18 14:30:00,15214.434337694061
2026-03-18 14:45:00,15214.434337694061
2026-03-18 15:00:00,15214.434337694061
2026-03-18 15:15:00,15214.434337694061
2026-03-18 15:30:00,15214.434337694061
2026-03-18 15:45:00,15214.434337694061
2026-03-18 16:00:00,15214.434337694061
2026-03-18 16:15:00,15214.434337694061
2026-03-18 16:30:00,15214.434337694061
2026-03-18 16:45:00,15214.434337694061
2026-03-18 17:00:00,15214.434337694061
2026-03-18 17:15:00,15214.434337694061
2026-03-18 17:30:00,15214.434337694061
2026-03-18 17:45:00,15214.434337694061
2026-03-18 18:00:00,15214.434337694061
2026-03-18 18:15:00,15214.434337694061
2026-03-18 18:30:00,15214.434337694061
2026-03-18 18:45:00,15214.434337694061
2026-03-18 19:00:00,15214.434337694061
2026-03-18 19:15:00,15214.434337694061
2026-03-18 19:30:00,15214.434337694061
2026-03-18 19:45:00,15214.434337694061
2026-03-18 20:00:00,15214.434337694061
2026-03-18 20:15:00,15214.434337694061
2026-03-18 20:30:00,15214.434337694061
2026-03-18 20:45:00,15214.434337694061
2026-03-18 21:00:00,15214.434337694061
2026-03-18 21:15:00,15214.434337694061
2026-03-18 21:30:00,15214.434337694061
2026-03-18 21:45:00,15214.434337694061
2026-03-18 22:00:00,15214.434337694061
2026-03-18 22:15:00,15214.434337694061
2026-03-18 22:30:00,15214.434337694061
2026-03-18 22:45:00,15214.434337694061
2026-03-18 23:00:00,15214.434337694061
2026-03-18 23:15:00,15214.434337694061
2026-03-18 23:30:00,15214.434337694061
2026-03-18 23:45:00,15214.434337694061
2026-03-19 01:00:00,15214.434337694061
2026-03-19 01:15:00,15214.434337694061
2026-03-19 01:30:00,15214.434337694061
2026-03-19 01:45:00,15214.434337694061
2026-03-19 02:00:00,15214.434337694061
2026-03-19 02:15:00,15214.434337694061
2026-03-19 02:30:00,15214.434337694061
2026-03-19 02:45:00,15214.434337694061
2026-03-19 03:00:00,15214.434337694061
2026-03-19 03:15:00,15214.434337694061
2026-03-19 03:30:00,15214.434337694061
2026-03-19 03:45:00,15214.434337694061
2026-03-19 04:00:00,15214.434337694061
2026-03-19 04:15:00,15214.434337694061
2026-03-19 04:30:00,15214.434337694061
2026-03-19 04:45:00,15214.434337694061
2026-03-19 05:00:00,15214.434337694061
2026-03-19 05:15:00,15214.434337694061
2026-03-19 05:30:00,15214.434337694061
2026-03-19 05:45:00,15214.434337694061
2026-03-19 06:00:00,15214.434337694061
2026-03-19 06:15:00,15214.434337694061
2026-03-19 06:30:00,15214.434337694061
2026-03-19 06:45:00,15214.434337694061
2026-03-19 07:00:00,15214.434337694061
2026-03-19 07:15:00,15214.434337694061
2026-03-19 07:30:00,15214.434337694061
2026-03-19 07:45:00,15214.434337694061
2026-03-19 08:00:00,15214.434337694061
2026-03-19 08:15:00,15214.434337694061
2026-03-19 08:30:00,15214.434337694061
2026-03-19 08:45:00,15214.434337694061
2026-03-19 09:00:00,15214.434337694061
2026-03-19 09:15:00,15214.434337694061
2026-03-19 09:30:00,15214.434337694061
2026-03-19 09:45:00,15214.434337694061
2026-03-19 10:00:00,15214.434337694061
2026-03-19 10:15:00,15214.434337694061
2026-03-19 10:30:00,15214.434337694061
2026-03-19 10:45:00,15214.434337694061
2026-03-19 11:00:00,15214.434337694061
2026-03-19 11:15:00,15214.434337694061
2026-03-19 11:30:00,15214.434337694061
2026-03-19 11:45:00,15214.434337694061
2026-03-19 12:00:00,15214.434337694061
2026-03-19 12:15:00,15214.434337694061
2026-03-19 12:30:00,15214.434337694061
2026-03-19 12:45:00,15214.434337694061
2026-03-19 13:00:00,15214.434337694061
2026-03-19 13:15:00,15214.434337694061
2026-03-19 13:30:00,15214.434337694061
2026-03-19 13:45:00,15214.434337694061
2026-03-19 14:00:00,15214.434337694061
2026-03-19 14:15:00,15214.434337694061
2026-03-19 14:30:00,15214.434337694061
2026-03-19 14:45:00,15214.434337694061
2026-03-19 15:00:00,15214.434337694061
2026-03-19 15:15:00,15214.434337694061
2026-03-19 15:30:00,15214.434337694061
2026-03-19 15:45:00,15214.434337694061
2026-03-19 16:00:00,15214.434337694061
2026-03-19 16:15:00,15214.434337694061
2026-03-19 16:30:00,15214.434337694061
2026-03-19 16:45:00,15214.434337694061
2026-03-19 17:00:00,15214.434337694061
2026-03-19 17:15:00,15214.434337694061
2026-03-19 17:30:00,15214.434337694061
2026-03-19 17:45:00,15214.434337694061
2026-03-19 18:00:00,15214.434337694061
2026-03-19 18:15:00,15214.434337694061
2026-03-19 18:30:00,15214.434337694061
2026-03-19 18:45:00,15214.434337694061
2026-03-19 19:00:00,15214.434337694061
2026-03-19 19:15:00,15214.434337694061
2026-03-19 19:30:00,15214.434337694061
2026-03-19 19:45:00,15214.434337694061
2026-03-19 20:00:00,15214.434337694061
2026-03-19 20:15:00,15214.434337694061
2026-03-19 20:30:00,15214.434337694061
2026-03-19 20:45:00,15214.434337694061
2026-03-19 21:00:00,15214.434337694061
2026-03-19 21:15:00,15214.434337694061
2026-03-19 21:30:00,15214.434337694061
2026-03-19 21:45:00,15214.434337694061
2026-03-19 22:00:00,15214.434337694061
2026-03-19 22:15:00,15214.434337694061
2026-03-19 22:30:00,15214.434337694061
2026-03-19 22:45:00,15214.434337694061
2026-03-19 23:00:00,15214.434337694061
2026-03-19 23:15:00,15214.434337694061
2026-03-19 23:30:00,15214.434337694061
2026-03-19 23:45:00,15214.434337694061
2026-03-20 01:00:00,15214.434337694061
2026-03-20 01:15:00,15214.434337694061
2026-03-20 01:30:00,15214.434337694061
2026-03-20 01:45:00,15214.434337694061
2026-03-20 02:00:00,15214.434337694061
2026-03-20 02:15:00,15214.434337694061
2026-03-20 02:30:00,15214.434337694061
2026-03-20 02:45:00,15214.434337694061
2026-03-20 03:00:00,15214.434337694061
2026-03-20 03:15:00,15214.434337694061
2026-03-20 03:30:00,15214.434337694061
2026-03-20 03:45:00,15214.434337694061
2026-03-20 04:00:00,15214.434337694061
2026-03-20 04:15:00,15214.434337694061
2026-03-20 04:30:00,15214.434337694061
2026-03-20 04:45:00,15214.434337694061
2026-03-20 05:00:00,15214.434337694061
2026-03-20 05:15:00,15214.434337694061
2026-03-20 05:30:00,15214.434337694061
2026-03-20 05:45:00,15214.434337694061
2026-03-20 06:00:00,15214.434337694061
2026-03-20 06:15:00,15214.434337694061
2026-03-20 06:30:00,15214.434337694061
2026-03-20 06:45:00,15214.434337694061
2026-03-20 07:00:00,15214.434337694061
2026-03-20 07:15:00,15214.434337694061
2026-03-20 07:30:00,15214.434337694061
2026-03-20 07:45:00,15214.434337694061
2026-03-20 08:00:00,15214.434337694061
2026-03-20 08:15:00,15214.434337694061
2026-03-20 08:30:00,15214.434337694061
2026-03-20 08:45:00,15214.434337694061
2026-03-20 09:00:00,15214.434337694061
2026-03-20 09:15:00,15214.434337694061
2026-03-20 09:30:00,15214.434337694061
2026-03-20 09:45:00,15214.434337694061
2026-03-20 10:00:00,15214.434337694061
2026-03-20 10:15:00,15214.434337694061
2026-03-20 10:30:00,15214.434337694061
2026-03-20 10:45:00,15214.434337694061
2026-03-20 11:00:00,15214.434337694061
2026-03-20 11:15:00,15214.434337694061
2026-03-20 11:30:00,15214.434337694061
2026-03-20 11:45:00,15214.434337694061
2026-03-20 12:00:00,15214.434337694061
2026-03-20 12:15:00,15214.434337694061
2026-03-20 12:30:00,15214.434337694061
2026-03-20 12:45:00,15214.434337694061
2026-03-20 13:00:00,15214.434337694061
2026-03-20 13:15:00,15214.434337694061
2026-03-20 13:30:00,15214.434337694061
2026-03-20 13:45:00,15214.434337694061
2026-03-20 14:00:00,15214.434337694061
2026-03-20 14:15:00,15214.434337694061
2026-03-20 14:30:00,15214.434337694061
2026-03-20 14:45:00,15214.434337694061
2026-03-20 15:00:00,15214.434337694061
2026-03-20 15:15:00,15214.434337694061
2026-03-20 15:30:00,15214.434337694061
2026-03-20 15:45:00,15214.434337694061
2026-03-20 16:00:00,15214.434337694061
2026-03-20 16:15:00,15214.434337694061
2026-03-20 16:30:00,15214.434337694061
2026-03-20 16:45:00,15214.434337694061
2026-03-20 17:00:00,15214.434337694061
2026-03-20 17:15:00,15214.434337694061
2026-03-20 17:30:00,15214.434337694061
2026-03-20 17:45:00,15214.434337694061
2026-03-20 18:00:00,15214.434337694061
2026-03-20 18:15:00,15214.434337694061
2026-03-20 18:30:00,15214.434337694061
2026-03-20 18:45:00,15214.434337694061
2026-03-20 19:00:00,15214.434337694061
2026-03-20 19:15:00,15214.434337694061
2026-03-20 19:30:00,15214.434337694061
2026-03-20 19:45:00,15214.434337694061
2026-03-20 20:00:00,15214.434337694061
2026-03-20 20:15:00,15214.434337694061
2026-03-20 20:30:00,15214.434337694061
2026-03-20 20:45:00,15214.434337694061
2026-03-20 21:00:00,15214.434337694061
2026-03-20 21:15:00,15214.434337694061
2026-03-20 21:30:00,15214.434337694061
2026-03-20 21:45:00,15214.434337694061
2026-03-20 22:00:00,15214.434337694061
2026-03-20 22:15:00,15214.434337694061
2026-03-20 22:30:00,15214.434337694061
2026-03-20 22:45:00,15214.434337694061
2026-03-20 23:00:00,15214.434337694061
2026-03-20 23:15:00,15214.434337694061
2026-03-20 23:30:00,15214.434337694061
2026-03-20 23:45:00,15214.434337694061
2026-03-23 01:00:00,15214.434337694061
2026-03-23 01:15:00,15214.434337694061
2026-03-23 01:30:00,15214.434337694061
2026-03-23 01:45:00,15214.434337694061
2026-03-23 02:00:00,15214.434337694061
2026-03-23 02:15:00,15214.434337694061
2026-03-23 02:30:00,15214.434337694061
2026-03-23 02:45:00,15214.434337694061
2026-03-23 03:00:00,15214.434337694061
2026-03-23 03:15:00,15214.434337694061
2026-03-23 03:30:00,15214.434337694061
2026-03-23 03:45:00,15214.434337694061
2026-03-23 04:00:00,15214.434337694061
2026-03-23 04:15:00,15214.434337694061
2026-03-23 04:30:00,15214.434337694061
2026-03-23 04:45:00,15214.434337694061
2026-03-23 05:00:00,15214.434337694061
2026-03-23 05:15:00,15214.434337694061
2026-03-23 05:30:00,15214.434337694061
2026-03-23 05:45:00,15214.434337694061
2026-03-23 06:00:00,15214.434337694061
2026-03-23 06:15:00,15214.434337694061
2026-03-23 06:30:00,15214.434337694061
2026-03-23 06:45:00,15214.434337694061
2026-03-23 07:00:00,15214.434337694061
2026-03-23 07:15:00,15214.434337694061
2026-03-23 07:30:00,15214.434337694061
2026-03-23 07:45:00,15214.434337694061
2026-03-23 08:00:00,15214.434337694061
2026-03-23 08:15:00,15214.434337694061
2026-03-23 08:30:00,15214.434337694061
2026-03-23 08:45:00,15214.434337694061
2026-03-23 09:00:00,15214.434337694061
2026-03-23 09:15:00,15214.434337694061
2026-03-23 09:30:00,15214.434337694061
2026-03-23 09:45:00,15214.434337694061
2026-03-23 10:00:00,15214.434337694061
2026-03-23 10:15:00,15214.434337694061
2026-03-23 10:30:00,15214.434337694061
2026-03-23 10:45:00,15214.434337694061
2026-03-23 11:00:00,15214.434337694061
2026-03-23 11:15:00,15214.434337694061
2026-03-23 11:30:00,15214.434337694061
2026-03-23 11:45:00,15214.434337694061
2026-03-23 12:00:00,15214.434337694061
2026-03-23 12:15:00,15214.434337694061
2026-03-23 12:30:00,15214.434337694061
2026-03-23 12:45:00,15214.434337694061
2026-03-23 13:00:00,15214.434337694061
2026-03-23 13:15:00,15214.434337694061
2026-03-23 13:30:00,15214.434337694061
2026-03-23 13:45:00,15214.434337694061
2026-03-23 14:00:00,15214.434337694061
2026-03-23 14:15:00,15214.434337694061
2026-03-23 14:30:00,15214.434337694061
2026-03-23 14:45:00,15214.434337694061
2026-03-23 15:00:00,15214.434337694061
2026-03-23 15:15:00,15214.434337694061
2026-03-23 15:30:00,15214.434337694061
2026-03-23 15:45:00,15214.434337694061
2026-03-23 16:00:00,15214.434337694061
2026-03-23 16:15:00,15214.434337694061
2026-03-23 16:30:00,15214.434337694061
2026-03-23 16:45:00,15214.434337694061
2026-03-23 17:00:00,15214.434337694061
2026-03-23 17:15:00,15214.434337694061
2026-03-23 17:30:00,15214.434337694061
2026-03-23 17:45:00,15214.434337694061
2026-03-23 18:00:00,15214.434337694061
2026-03-23 18:15:00,15214.434337694061
2026-03-23 18:30:00,15214.434337694061
2026-03-23 18:45:00,15214.434337694061
2026-03-23 19:00:00,15214.434337694061
2026-03-23 19:15:00,15214.434337694061
2026-03-23 19:30:00,15214.434337694061
2026-03-23 19:45:00,15214.434337694061
2026-03-23 20:00:00,15214.434337694061
2026-03-23 20:15:00,15214.434337694061
2026-03-23 20:30:00,15214.434337694061
2026-03-23 20:45:00,15214.434337694061
2026-03-23 21:00:00,15214.434337694061
2026-03-23 21:15:00,15214.434337694061
2026-03-23 21:30:00,15214.434337694061
2026-03-23 21:45:00,15214.434337694061
2026-03-23 22:00:00,15214.434337694061
2026-03-23 22:15:00,15214.434337694061
2026-03-23 22:30:00,15214.434337694061
2026-03-23 22:45:00,15214.434337694061
2026-03-23 23:00:00,15214.434337694061
2026-03-23 23:15:00,15214.434337694061
2026-03-23 23:30:00,15214.434337694061
2026-03-23 23:45:00,15214.434337694061
2026-03-24 01:00:00,15214.434337694061
2026-03-24 01:15:00,15214.434337694061
2026-03-24 01:30:00,15214.434337694061
2026-03-24 01:45:00,15214.434337694061
2026-03-24 02:00:00,15214.434337694061
2026-03-24 02:15:00,15214.434337694061
2026-03-24 02:30:00,15214.434337694061
2026-03-24 02:45:00,15214.434337694061
2026-03-24 03:00:00,15214.434337694061
2026-03-24 03:15:00,15214.434337694061
2026-03-24 03:30:00,15214.434337694061
2026-03-24 03:45:00,15214.434337694061
2026-03-24 04:00:00,15214.434337694061
2026-03-24 04:15:00,15214.434337694061
2026-03-24 04:30:00,15214.434337694061
2026-03-24 04:45:00,15214.434337694061
2026-03-24 05:00:00,15214.434337694061
2026-03-24 05:15:00,15214.434337694061
2026-03-24 05:30:00,15214.434337694061
2026-03-24 05:45:00,15214.434337694061
2026-03-24 06:00:00,15214.434337694061
2026-03-24 06:15:00,15214.434337694061
2026-03-24 06:30:00,15214.434337694061
2026-03-24 06:45:00,15214.434337694061
2026-03-24 07:00:00,15214.434337694061
2026-03-24 07:15:00,15214.434337694061
2026-03-24 07:30:00,15214.434337694061
2026-03-24 07:45:00,15214.434337694061
2026-03-24 08:00:00,15214.434337694061
2026-03-24 08:15:00,15214.434337694061
2026-03-24 08:30:00,15214.434337694061
2026-03-24 08:45:00,15214.434337694061
2026-03-24 09:00:00,15214.434337694061
2026-03-24 09:15:00,15214.434337694061
2026-03-24 09:30:00,15214.434337694061
2026-03-24 09:45:00,15214.434337694061
2026-03-24 10:00:00,15214.434337694061
2026-03-24 10:15:00,15214.434337694061
2026-03-24 10:30:00,15214.434337694061
2026-03-24 10:45:00,15214.434337694061
2026-03-24 11:00:00,15214.434337694061
2026-03-24 11:15:00,15214.434337694061
2026-03-24 11:30:00,15214.434337694061
2026-03-24 11:45:00,15214.434337694061
2026-03-24 12:00:00,15214.434337694061
2026-03-24 12:15:00,15214.434337694061
2026-03-24 12:30:00,15214.434337694061
2026-03-24 12:45:00,15214.434337694061
2026-03-24 13:00:00,15214.434337694061
2026-03-24 13:15:00,15214.434337694061
2026-03-24 13:30:00,15214.434337694061
2026-03-24 13:45:00,15214.434337694061
2026-03-24 14:00:00,15214.434337694061
2026-03-24 14:15:00,15214.434337694061
2026-03-24 14:30:00,15214.434337694061
2026-03-24 14:45:00,15214.434337694061
2026-03-24 15:00:00,15214.434337694061
2026-03-24 15:15:00,15214.434337694061
2026-03-24 15:30:00,15214.434337694061
2026-03-24 15:45:00,15214.434337694061
2026-03-24 16:00:00,15214.434337694061
2026-03-24 16:15:00,15214.434337694061
2026-03-24 16:30:00,15214.434337694061
2026-03-24 16:45:00,15214.434337694061
2026-03-24 17:00:00,15214.434337694061
2026-03-24 17:15:00,15214.434337694061
2026-03-24 17:30:00,15214.434337694061
2026-03-24 17:45:00,15214.434337694061
2026-03-24 18:00:00,15214.434337694061
2026-03-24 18:15:00,15214.434337694061
2026-03-24 18:30:00,15214.434337694061
2026-03-24 18:45:00,15214.434337694061
2026-03-24 19:00:00,15214.434337694061
2026-03-24 19:15:00,15214.434337694061
2026-03-24 19:30:00,15214.434337694061
2026-03-24 19:45:00,15214.434337694061
2026-03-24 20:00:00,15214.434337694061
2026-03-24 20:15:00,15214.434337694061
2026-03-24 20:30:00,15214.434337694061
2026-03-24 20:45:00,15214.434337694061
2026-03-24 21:00:00,15214.434337694061
2026-03-24 21:15:00,15214.434337694061
2026-03-24 21:30:00,15214.434337694061
2026-03-24 21:45:00,15214.434337694061
2026-03-24 22:00:00,15214.434337694061
2026-03-24 22:15:00,15214.434337694061
2026-03-24 22:30:00,15214.434337694061
2026-03-24 22:45:00,15214.434337694061
2026-03-24 23:00:00,15214.434337694061
2026-03-24 23:15:00,15214.434337694061
2026-03-24 23:30:00,15214.434337694061
2026-03-24 23:45:00,15214.434337694061
2026-03-25 01:00:00,15214.434337694061
2026-03-25 01:15:00,15214.434337694061
2026-03-25 01:30:00,15214.434337694061
2026-03-25 01:45:00,15214.434337694061
2026-03-25 02:00:00,15214.434337694061
2026-03-25 02:15:00,15214.434337694061
2026-03-25 02:30:00,15214.434337694061
2026-03-25 02:45:00,15214.434337694061
2026-03-25 03:00:00,15214.434337694061
2026-03-25 03:15:00,15214.434337694061
2026-03-25 03:30:00,15214.434337694061
2026-03-25 03:45:00,15214.434337694061
2026-03-25 04:00:00,15214.434337694061
2026-03-25 04:15:00,15214.434337694061
2026-03-25 04:30:00,15214.434337694061
2026-03-25 04:45:00,15214.434337694061
2026-03-25 05:00:00,15214.434337694061
2026-03-25 05:15:00,15214.434337694061
2026-03-25 05:30:00,15214.434337694061
2026-03-25 05:45:00,15214.434337694061
2026-03-25 06:00:00,15214.434337694061
2026-03-25 06:15:00,15214.434337694061
2026-03-25 06:30:00,15214.434337694061
2026-03-25 06:45:00,15214.434337694061
2026-03-25 07:00:00,15214.434337694061
2026-03-25 07:15:00,15214.434337694061
2026-03-25 07:30:00,15214.434337694061
2026-03-25 07:45:00,15214.434337694061
2026-03-25 08:00:00,15214.434337694061
2026-03-25 08:15:00,15214.434337694061
2026-03-25 08:30:00,15214.434337694061
2026-03-25 08:45:00,15214.434337694061
2026-03-25 09:00:00,15214.434337694061
2026-03-25 09:15:00,15214.434337694061
2026-03-25 09:30:00,15214.434337694061
2026-03-25 09:45:00,15214.434337694061
2026-03-25 10:00:00,15214.434337694061
2026-03-25 10:15:00,15214.434337694061
2026-03-25 10:30:00,15214.434337694061
2026-03-25 10:45:00,15214.434337694061
2026-03-25 11:00:00,15214.434337694061
2026-03-25 11:15:00,15214.434337694061
2026-03-25 11:30:00,15214.434337694061
2026-03-25 11:45:00,15214.434337694061
2026-03-25 12:00:00,15214.434337694061
2026-03-25 12:15:00,15214.434337694061
2026-03-25 12:30:00,15214.434337694061
2026-03-25 12:45:00,15214.434337694061
2026-03-25 13:00:00,15214.434337694061
2026-03-25 13:15:00,15214.434337694061
2026-03-25 13:30:00,15214.434337694061
2026-03-25 13:45:00,15214.434337694061
2026-03-25 14:00:00,15214.434337694061
2026-03-25 14:15:00,15214.434337694061
2026-03-25 14:30:00,15214.434337694061
2026-03-25 14:45:00,15214.434337694061
2026-03-25 15:00:00,15214.434337694061
2026-03-25 15:15:00,15214.434337694061
2026-03-25 15:30:00,15214.434337694061
2026-03-25 15:45:00,15214.434337694061
2026-03-25 16:00:00,15214.434337694061
2026-03-25 16:15:00,15214.434337694061
2026-03-25 16:30:00,15214.434337694061
2026-03-25 16:45:00,15214.434337694061
2026-03-25 17:00:00,15214.434337694061
2026-03-25 17:15:00,15214.434337694061
2026-03-25 17:30:00,15214.434337694061
2026-03-25 17:45:00,15214.434337694061
2026-03-25 18:00:00,15214.434337694061
2026-03-25 18:15:00,15214.434337694061
2026-03-25 18:30:00,15214.434337694061
2026-03-25 18:45:00,15214.434337694061
2026-03-25 19:00:00,15214.434337694061
2026-03-25 19:15:00,15214.434337694061
2026-03-25 19:30:00,15214.434337694061
2026-03-25 19:45:00,15214.434337694061
2026-03-25 20:00:00,15214.434337694061
2026-03-25 20:15:00,15214.434337694061
2026-03-25 20:30:00,15214.434337694061
2026-03-25 20:45:00,15214.434337694061
2026-03-25 21:00:00,15214.434337694061
2026-03-25 21:15:00,15214.434337694061
2026-03-25 21:30:00,15214.434337694061
2026-03-25 21:45:00,15214.434337694061
2026-03-25 22:00:00,15214.434337694061
2026-03-25 22:15:00,15214.434337694061
2026-03-25 22:30:00,15214.434337694061
2026-03-25 22:45:00,15214.434337694061
2026-03-25 23:00:00,15214.434337694061
2026-03-25 23:15:00,15214.434337694061
2026-03-25 23:30:00,15214.434337694061
2026-03-25 23:45:00,15214.434337694061
2026-03-26 01:00:00,15214.434337694061
2026-03-26 01:15:00,15214.434337694061
2026-03-26 01:30:00,15214.434337694061
2026-03-26 01:45:00,15214.434337694061
2026-03-26 02:00:00,15214.434337694061
2026-03-26 02:15:00,15214.434337694061
2026-03-26 02:30:00,15214.434337694061
2026-03-26 02:45:00,15214.434337694061
2026-03-26 03:00:00,15214.434337694061
2026-03-26 03:15:00,15214.434337694061
2026-03-26 03:30:00,15214.434337694061
2026-03-26 03:45:00,15214.434337694061
2026-03-26 04:00:00,15214.434337694061
2026-03-26 04:15:00,15214.434337694061
2026-03-26 04:30:00,15214.434337694061
2026-03-26 04:45:00,15214.434337694061
2026-03-26 05:00:00,15214.434337694061
2026-03-26 05:15:00,15214.434337694061
2026-03-26 05:30:00,15214.434337694061
2026-03-26 05:45:00,15214.434337694061
2026-03-26 06:00:00,15214.434337694061
2026-03-26 06:15:00,15214.434337694061
2026-03-26 06:30:00,15214.434337694061
2026-03-26 06:45:00,15214.434337694061
2026-03-26 07:00:00,15214.434337694061
2026-03-26 07:15:00,15214.434337694061
2026-03-26 07:30:00,15214.434337694061
2026-03-26 07:45:00,15214.434337694061
2026-03-26 08:00:00,15214.434337694061
2026-03-26 08:15:00,15214.434337694061
2026-03-26 08:30:00,15214.434337694061
2026-03-26 08:45:00,15214.434337694061
2026-03-26 09:00:00,15214.434337694061
2026-03-26 09:15:00,15214.434337694061
2026-03-26 09:30:00,15214.434337694061
2026-03-26 09:45:00,15214.434337694061
2026-03-26 10:00:00,15214.434337694061
2026-03-26 10:15:00,15214.434337694061
2026-03-26 10:30:00,15214.434337694061
2026-03-26 10:45:00,15214.434337694061
2026-03-26 11:00:00,15214.434337694061
2026-03-26 11:15:00,15214.434337694061
2026-03-26 11:30:00,15214.434337694061
2026-03-26 11:45:00,15214.434337694061
2026-03-26 12:00:00,15214.434337694061
2026-03-26 12:15:00,15214.434337694061
2026-03-26 12:30:00,15214.434337694061
2026-03-26 12:45:00,15214.434337694061
2026-03-26 13:00:00,15214.434337694061
2026-03-26 13:15:00,15214.434337694061
2026-03-26 13:30:00,15214.434337694061
2026-03-26 13:45:00,15214.434337694061
2026-03-26 14:00:00,15214.434337694061
2026-03-26 14:15:00,15214.434337694061
2026-03-26 14:30:00,15214.434337694061
2026-03-26 14:45:00,15214.434337694061
2026-03-26 15:00:00,15214.434337694061
2026-03-26 15:15:00,15214.434337694061
2026-03-26 15:30:00,15214.434337694061
2026-03-26 15:45:00,15214.434337694061
2026-03-26 16:00:00,15214.434337694061
2026-03-26 16:15:00,15214.434337694061
2026-03-26 16:30:00,15214.434337694061
2026-03-26 16:45:00,15214.434337694061
2026-03-26 17:00:00,15214.434337694061
2026-03-26 17:15:00,15214.434337694061
2026-03-26 17:30:00,15214.434337694061
2026-03-26 17:45:00,15214.434337694061
2026-03-26 18:00:00,15214.434337694061
2026-03-26 18:15:00,15214.434337694061
2026-03-26 18:30:00,15214.434337694061
2026-03-26 18:45:00,15214.434337694061
2026-03-26 19:00:00,15214.434337694061
2026-03-26 19:15:00,15214.434337694061
2026-03-26 19:30:00,15214.434337694061
2026-03-26 19:45:00,15214.434337694061
2026-03-26 20:00:00,15214.434337694061
2026-03-26 20:15:00,15214.434337694061
2026-03-26 20:30:00,15214.434337694061
2026-03-26 20:45:00,15214.434337694061
2026-03-26 21:00:00,15214.434337694061
2026-03-26 21:15:00,15214.434337694061
2026-03-26 21:30:00,15214.434337694061
2026-03-26 21:45:00,15214.434337694061
2026-03-26 22:00:00,15214.434337694061
2026-03-26 22:15:00,15214.434337694061
2026-03-26 22:30:00,15214.434337694061
2026-03-26 22:45:00,15214.434337694061
2026-03-26 23:00:00,15214.434337694061
2026-03-26 23:15:00,15214.434337694061
2026-03-26 23:30:00,15214.434337694061
2026-03-26 23:45:00,15214.434337694061
2026-03-27 01:00:00,15214.434337694061
2026-03-27 01:15:00,15214.434337694061
2026-03-27 01:30:00,15214.434337694061
2026-03-27 01:45:00,15214.434337694061
2026-03-27 02:00:00,15214.434337694061
2026-03-27 02:15:00,15214.434337694061
2026-03-27 02:30:00,15214.434337694061
2026-03-27 02:45:00,15214.434337694061
2026-03-27 03:00:00,15214.434337694061
2026-03-27 03:15:00,15214.434337694061
2026-03-27 03:30:00,15214.434337694061
2026-03-27 03:45:00,15214.434337694061
2026-03-27 04:00:00,15214.434337694061
2026-03-27 04:15:00,15214.434337694061
2026-03-27 04:30:00,15214.434337694061
2026-03-27 04:45:00,15214.434337694061
2026-03-27 05:00:00,15214.434337694061
2026-03-27 05:15:00,15214.434337694061
2026-03-27 05:30:00,15214.434337694061
2026-03-27 05:45:00,15214.434337694061
2026-03-27 06:00:00,15214.434337694061
2026-03-27 06:15:00,15214.434337694061
2026-03-27 06:30:00,15214.434337694061
2026-03-27 06:45:00,15214.434337694061
2026-03-27 07:00:00,15214.434337694061
2026-03-27 07:15:00,15214.434337694061
2026-03-27 07:30:00,15214.434337694061
2026-03-27 07:45:00,15214.434337694061
2026-03-27 08:00:00,15214.434337694061
2026-03-27 08:15:00,15214.434337694061
2026-03-27 08:30:00,15214.434337694061
2026-03-27 08:45:00,15214.434337694061
2026-03-27 09:00:00,15214.434337694061
2026-03-27 09:15:00,15214.434337694061
2026-03-27 09:30:00,15214.434337694061
2026-03-27 09:45:00,15214.434337694061
2026-03-27 10:00:00,15214.434337694061
2026-03-27 10:15:00,15214.434337694061
2026-03-27 10:30:00,15214.434337694061
2026-03-27 10:45:00,15214.434337694061
2026-03-27 11:00:00,15214.434337694061
2026-03-27 11:15:00,15214.434337694061
2026-03-27 11:30:00,15214.434337694061
2026-03-27 11:45:00,15214.434337694061
2026-03-27 12:00:00,15214.434337694061
2026-03-27 12:15:00,15214.434337694061
2026-03-27 12:30:00,15214.434337694061
2026-03-27 12:45:00,15214.434337694061
2026-03-27 13:00:00,15214.434337694061
2026-03-27 13:15:00,15214.434337694061
2026-03-27 13:30:00,15214.434337694061
2026-03-27 13:45:00,15214.434337694061
2026-03-27 14:00:00,15214.434337694061
2026-03-27 14:15:00,15214.434337694061
2026-03-27 14:30:00,15214.434337694061
2026-03-27 14:45:00,15214.434337694061
2026-03-27 15:00:00,15214.434337694061
2026-03-27 15:15:00,15214.434337694061
2026-03-27 15:30:00,15214.434337694061
2026-03-27 15:45:00,15214.434337694061
2026-03-27 16:00:00,15214.434337694061
2026-03-27 16:15:00,15214.434337694061
2026-03-27 16:30:00,15214.434337694061
2026-03-27 16:45:00,15214.434337694061
2026-03-27 17:00:00,15214.434337694061
2026-03-27 17:15:00,15214.434337694061
2026-03-27 17:30:00,15214.434337694061
2026-03-27 17:45:00,15214.434337694061
2026-03-27 18:00:00,15214.434337694061
2026-03-27 18:15:00,15214.434337694061
2026-03-27 18:30:00,15214.434337694061
2026-03-27 18:45:00,15214.434337694061
2026-03-27 19:00:00,15214.434337694061
2026-03-27 19:15:00,15214.434337694061
2026-03-27 19:30:00,15214.434337694061
2026-03-27 19:45:00,15214.434337694061
2026-03-27 20:00:00,15214.434337694061
2026-03-27 20:15:00,15214.434337694061
2026-03-27 20:30:00,15214.434337694061
2026-03-27 20:45:00,15214.434337694061
2026-03-27 21:00:00,15214.434337694061
2026-03-27 21:15:00,15214.434337694061
2026-03-27 21:30:00,15214.434337694061
2026-03-27 21:45:00,15214.434337694061
2026-03-27 22:00:00,15214.434337694061
2026-03-27 22:15:00,15214.434337694061
2026-03-27 22:30:00,15214.434337694061
2026-03-27 22:45:00,15214.434337694061
2026-03-27 23:00:00,15214.434337694061
2026-03-27 23:15:00,15214.434337694061
2026-03-27 23:30:00,15214.434337694061
2026-03-27 23:45:00,15214.434337694061
2026-03-30 01:00:00,15214.434337694061
2026-03-30 01:15:00,15214.434337694061
2026-03-30 01:30:00,15214.434337694061
2026-03-30 01:45:00,15214.434337694061
2026-03-30 02:00:00,15214.434337694061
2026-03-30 02:15:00,15214.434337694061
2026-03-30 02:30:00,15214.434337694061
2026-03-30 02:45:00,15214.434337694061
2026-03-30 03:00:00,15214.434337694061
2026-03-30 03:15:00,15214.434337694061
2026-03-30 03:30:00,15214.434337694061
2026-03-30 03:45:00,15214.434337694061
2026-03-30 04:00:00,15214.434337694061
2026-03-30 04:15:00,15214.434337694061
2026-03-30 04:30:00,15214.434337694061
2026-03-30 04:45:00,15214.434337694061
2026-03-30 05:00:00,15214.434337694061
2026-03-30 05:15:00,15214.434337694061
2026-03-30 05:30:00,15214.434337694061
2026-03-30 05:45:00,15214.434337694061
2026-03-30 06:00:00,15214.434337694061
2026-03-30 06:15:00,15214.434337694061
2026-03-30 06:30:00,15214.434337694061
2026-03-30 06:45:00,15214.434337694061
2026-03-30 07:00:00,15214.434337694061
2026-03-30 07:15:00,15214.434337694061
2026-03-30 07:30:00,15214.434337694061
2026-03-30 07:45:00,15214.434337694061
2026-03-30 08:00:00,15214.434337694061
2026-03-30 08:15:00,15214.434337694061
2026-03-30 08:30:00,15214.434337694061
2026-03-30 08:45:00,15214.434337694061
2026-03-30 09:00:00,15214.434337694061
2026-03-30 09:15:00,15214.434337694061
2026-03-30 09:30:00,15214.434337694061
2026-03-30 09:45:00,15214.434337694061
2026-03-30 10:00:00,15214.434337694061
2026-03-30 10:15:00,15214.434337694061
2026-03-30 10:30:00,15214.434337694061
2026-03-30 10:45:00,15214.434337694061
2026-03-30 11:00:00,15214.434337694061
2026-03-30 11:15:00,15214.434337694061
2026-03-30 11:30:00,15214.434337694061
2026-03-30 11:45:00,15214.434337694061
2026-03-30 12:00:00,15214.434337694061
2026-03-30 12:15:00,15214.434337694061
2026-03-30 12:30:00,15214.434337694061
2026-03-30 12:45:00,15214.434337694061
2026-03-30 13:00:00,15214.434337694061
2026-03-30 13:15:00,15214.434337694061
2026-03-30 13:30:00,15214.434337694061
2026-03-30 13:45:00,15214.434337694061
2026-03-30 14:00:00,15214.434337694061
2026-03-30 14:15:00,15214.434337694061
2026-03-30 14:30:00,15214.434337694061
2026-03-30 14:45:00,15214.434337694061
2026-03-30 15:00:00,15214.434337694061
2026-03-30 15:15:00,15214.434337694061
2026-03-30 15:30:00,15214.434337694061
2026-03-30 15:45:00,15214.434337694061
2026-03-30 16:00:00,15214.434337694061
2026-03-30 16:15:00,15214.434337694061
2026-03-30 16:30:00,15214.434337694061
2026-03-30 16:45:00,15214.434337694061
2026-03-30 17:00:00,15214.434337694061
2026-03-30 17:15:00,15214.434337694061
2026-03-30 17:30:00,15214.434337694061
2026-03-30 17:45:00,15214.434337694061
2026-03-30 18:00:00,15214.434337694061
2026-03-30 18:15:00,15214.434337694061
2026-03-30 18:30:00,15214.434337694061
2026-03-30 18:45:00,15214.434337694061
2026-03-30 19:00:00,15214.434337694061
2026-03-30 19:15:00,15214.434337694061
2026-03-30 19:30:00,15214.434337694061
2026-03-30 19:45:00,15214.434337694061
2026-03-30 20:00:00,15214.434337694061
2026-03-30 20:15:00,15214.434337694061
2026-03-30 20:30:00,15214.434337694061
2026-03-30 20:45:00,15214.434337694061
2026-03-30 21:00:00,15214.434337694061
2026-03-30 21:15:00,15214.434337694061
2026-03-30 21:30:00,15214.434337694061
2026-03-30 21:45:00,15214.434337694061
2026-03-30 22:00:00,15214.434337694061
2026-03-30 22:15:00,15214.434337694061
2026-03-30 22:30:00,15214.434337694061
2026-03-30 22:45:00,15214.434337694061
2026-03-30 23:00:00,15214.434337694061
2026-03-30 23:15:00,15214.434337694061
2026-03-30 23:30:00,15214.434337694061
2026-03-30 23:45:00,15214.434337694061
2026-03-31 01:00:00,15214.434337694061
2026-03-31 01:15:00,15214.434337694061
2026-03-31 01:30:00,15214.434337694061
2026-03-31 01:45:00,15214.434337694061
2026-03-31 02:00:00,15214.434337694061
2026-03-31 02:15:00,15214.434337694061
2026-03-31 02:30:00,15214.434337694061
2026-03-31 02:45:00,15214.434337694061
2026-03-31 03:00:00,15214.434337694061
2026-03-31 03:15:00,15214.434337694061
2026-03-31 03:30:00,15214.434337694061
2026-03-31 03:45:00,15214.434337694061
2026-03-31 04:00:00,15214.434337694061
2026-03-31 04:15:00,15214.434337694061
2026-03-31 04:30:00,15214.434337694061
2026-03-31 04:45:00,15214.434337694061
2026-03-31 05:00:00,15214.434337694061
2026-03-31 05:15:00,15214.434337694061
2026-03-31 05:30:00,15214.434337694061
2026-03-31 05:45:00,15214.434337694061
2026-03-31 06:00:00,15214.434337694061
2026-03-31 06:15:00,15214.434337694061
2026-03-31 06:30:00,15214.434337694061
2026-03-31 06:45:00,15214.434337694061
2026-03-31 07:00:00,15214.434337694061
2026-03-31 07:15:00,15214.434337694061
2026-03-31 07:30:00,15214.434337694061
2026-03-31 07:45:00,15214.434337694061
2026-03-31 08:00:00,15214.434337694061
2026-03-31 08:15:00,15214.434337694061
2026-03-31 08:30:00,15214.434337694061
2026-03-31 08:45:00,15214.434337694061
2026-03-31 09:00:00,15214.434337694061
2026-03-31 09:15:00,15214.434337694061
2026-03-31 09:30:00,15214.434337694061
2026-03-31 09:45:00,15214.434337694061
2026-03-31 10:00:00,15214.434337694061
2026-03-31 10:15:00,15214.434337694061
2026-03-31 10:30:00,15214.434337694061
2026-03-31 10:45:00,15214.434337694061
2026-03-31 11:00:00,15214.434337694061
2026-03-31 11:15:00,15214.434337694061
2026-03-31 11:30:00,15214.434337694061
2026-03-31 11:45:00,15214.434337694061
2026-03-31 12:00:00,15214.434337694061
2026-03-31 12:15:00,15214.434337694061
2026-03-31 12:30:00,15214.434337694061
2026-03-31 12:45:00,15214.434337694061
2026-03-31 13:00:00,15214.434337694061
2026-03-31 13:15:00,15214.434337694061
2026-03-31 13:30:00,15214.434337694061
2026-03-31 13:45:00,15214.434337694061
2026-03-31 14:00:00,15214.434337694061
2026-03-31 14:15:00,15214.434337694061
2026-03-31 14:30:00,15214.434337694061
2026-03-31 14:45:00,15214.434337694061
2026-03-31 15:00:00,15214.434337694061
2026-03-31 15:15:00,15214.434337694061
2026-03-31 15:30:00,15214.434337694061
2026-03-31 15:45:00,15214.434337694061
2026-03-31 16:00:00,15214.434337694061
2026-03-31 16:15:00,15214.434337694061
2026-03-31 16:30:00,15214.434337694061
2026-03-31 16:45:00,15214.434337694061
2026-03-31 17:00:00,15214.434337694061
2026-03-31 17:15:00,15214.434337694061
2026-03-31 17:30:00,15214.434337694061
2026-03-31 17:45:00,15214.434337694061
2026-03-31 18:00:00,15214.434337694061
2026-03-31 18:15:00,15214.434337694061
2026-03-31 18:30:00,15214.434337694061
2026-03-31 18:45:00,15214.434337694061
2026-03-31 19:00:00,15214.434337694061
2026-03-31 19:15:00,15214.434337694061
2026-03-31 19:30:00,15214.434337694061
2026-03-31 19:45:00,15214.434337694061
2026-03-31 20:00:00,15214.434337694061
2026-03-31 20:15:00,15214.434337694061
2026-03-31 20:30:00,15214.434337694061
2026-03-31 20:45:00,15214.434337694061
2026-03-31 21:00:00,15214.434337694061
2026-03-31 21:15:00,15214.434337694061
2026-03-31 21:30:00,15214.434337694061
2026-03-31 21:45:00,15214.434337694061
2026-03-31 22:00:00,15214.434337694061
2026-03-31 22:15:00,15214.434337694061
2026-03-31 22:30:00,15214.434337694061
2026-03-31 22:45:00,15214.434337694061
2026-03-31 23:00:00,15214.434337694061
2026-03-31 23:15:00,15214.434337694061
2026-03-31 23:30:00,15214.434337694061
2026-03-31 23:45:00,15214.434337694061
2026-04-01 01:00:00,15214.434337694061
2026-04-01 01:15:00,15214.434337694061
2026-04-01 01:30:00,15214.434337694061
2026-04-01 01:45:00,15214.434337694061
2026-04-01 02:00:00,15214.434337694061
2026-04-01 02:15:00,15214.434337694061
2026-04-01 02:30:00,15214.434337694061
2026-04-01 02:45:00,15214.434337694061
2026-04-01 03:00:00,15214.434337694061
2026-04-01 03:15:00,15214.434337694061
2026-04-01 03:30:00,15214.434337694061
2026-04-01 03:45:00,15214.434337694061
2026-04-01 04:00:00,15214.434337694061
2026-04-01 04:15:00,15214.434337694061
2026-04-01 04:30:00,15214.434337694061
2026-04-01 04:45:00,15214.434337694061
2026-04-01 05:00:00,15214.434337694061
2026-04-01 05:15:00,15214.434337694061
2026-04-01 05:30:00,15214.434337694061
2026-04-01 05:45:00,15214.434337694061
2026-04-01 06:00:00,15214.434337694061
2026-04-01 06:15:00,15214.434337694061
2026-04-01 06:30:00,15214.434337694061
2026-04-01 06:45:00,15214.434337694061
2026-04-01 07:00:00,15214.434337694061
2026-04-01 07:15:00,15214.434337694061
2026-04-01 07:30:00,15214.434337694061
2026-04-01 07:45:00,15214.434337694061
2026-04-01 08:00:00,15214.434337694061
2026-04-01 08:15:00,15214.434337694061
2026-04-01 08:30:00,15214.434337694061
2026-04-01 08:45:00,15214.434337694061
2026-04-01 09:00:00,15214.434337694061
2026-04-01 09:15:00,15214.434337694061
2026-04-01 09:30:00,15214.434337694061
2026-04-01 09:45:00,15214.434337694061
2026-04-01 10:00:00,15214.434337694061
2026-04-01 10:15:00,15214.434337694061
2026-04-01 10:30:00,15214.434337694061
2026-04-01 10:45:00,15214.434337694061
2026-04-01 11:00:00,15214.434337694061
2026-04-01 11:15:00,15214.434337694061
2026-04-01 11:30:00,15214.434337694061
2026-04-01 11:45:00,15214.434337694061
2026-04-01 12:00:00,15214.434337694061
2026-04-01 12:15:00,15214.434337694061
2026-04-01 12:30:00,15214.434337694061
2026-04-01 12:45:00,15214.434337694061
2026-04-01 13:00:00,15214.434337694061
2026-04-01 13:15:00,15214.434337694061
2026-04-01 13:30:00,15214.434337694061
2026-04-01 13:45:00,15214.434337694061
2026-04-01 14:00:00,15214.434337694061
2026-04-01 14:15:00,15214.434337694061
2026-04-01 14:30:00,15214.434337694061
2026-04-01 14:45:00,15214.434337694061
2026-04-01 15:00:00,15214.434337694061
2026-04-01 15:15:00,15214.434337694061
2026-04-01 15:30:00,15214.434337694061
2026-04-01 15:45:00,15214.434337694061
2026-04-01 16:00:00,15214.434337694061
2026-04-01 16:15:00,15214.434337694061
2026-04-01 16:30:00,15214.434337694061
2026-04-01 16:45:00,15214.434337694061
2026-04-01 17:00:00,15214.434337694061
2026-04-01 17:15:00,15214.434337694061
2026-04-01 17:30:00,15214.434337694061
2026-04-01 17:45:00,15214.434337694061
2026-04-01 18:00:00,15214.434337694061
2026-04-01 18:15:00,15214.434337694061
2026-04-01 18:30:00,15214.434337694061
2026-04-01 18:45:00,15214.434337694061
2026-04-01 19:00:00,15214.434337694061
2026-04-01 19:15:00,15214.434337694061
2026-04-01 19:30:00,15214.434337694061
2026-04-01 19:45:00,15214.434337694061
2026-04-01 20:00:00,15214.434337694061
2026-04-01 20:15:00,15214.434337694061
2026-04-01 20:30:00,15214.434337694061
2026-04-01 20:45:00,15214.434337694061
2026-04-01 21:00:00,15214.434337694061
2026-04-01 21:15:00,15214.434337694061
2026-04-01 21:30:00,15214.434337694061
2026-04-01 21:45:00,15214.434337694061
2026-04-01 22:00:00,15214.434337694061
2026-04-01 22:15:00,15214.434337694061
2026-04-01 22:30:00,15214.434337694061
2026-04-01 22:45:00,15214.434337694061
2026-04-01 23:00:00,15214.434337694061
2026-04-01 23:15:00,15214.434337694061
2026-04-01 23:30:00,15214.434337694061
2026-04-01 23:45:00,15214.434337694061
2026-04-02 01:00:00,15214.434337694061
2026-04-02 01:15:00,15214.434337694061
2026-04-02 01:30:00,15214.434337694061
2026-04-02 01:45:00,15214.434337694061
2026-04-02 02:00:00,15214.434337694061
2026-04-02 02:15:00,15214.434337694061
2026-04-02 02:30:00,15214.434337694061
2026-04-02 02:45:00,15214.434337694061
2026-04-02 03:00:00,15214.434337694061
2026-04-02 03:15:00,15214.434337694061
2026-04-02 03:30:00,15214.434337694061
2026-04-02 03:45:00,15214.434337694061
2026-04-02 04:00:00,15214.434337694061
2026-04-02 04:15:00,15214.434337694061
2026-04-02 04:30:00,15214.434337694061
2026-04-02 04:45:00,15214.434337694061
2026-04-02 05:00:00,15214.434337694061
2026-04-02 05:15:00,15214.434337694061
2026-04-02 05:30:00,15214.434337694061
2026-04-02 05:45:00,15214.434337694061
2026-04-02 06:00:00,15214.434337694061
2026-04-02 06:15:00,15214.434337694061
2026-04-02 06:30:00,15214.434337694061
2026-04-02 06:45:00,15214.434337694061
2026-04-02 07:00:00,15214.434337694061
2026-04-02 07:15:00,15214.434337694061
2026-04-02 07:30:00,15214.434337694061
2026-04-02 07:45:00,15214.434337694061
2026-04-02 08:00:00,15214.434337694061
2026-04-02 08:15:00,15214.434337694061
2026-04-02 08:30:00,15214.434337694061
2026-04-02 08:45:00,15214.434337694061
2026-04-02 09:00:00,15214.434337694061
2026-04-02 09:15:00,15214.434337694061
2026-04-02 09:30:00,15214.434337694061
2026-04-02 09:45:00,15214.434337694061
2026-04-02 10:00:00,15214.434337694061
2026-04-02 10:15:00,15214.434337694061
2026-04-02 10:30:00,15214.434337694061
2026-04-02 10:45:00,15214.434337694061
2026-04-02 11:00:00,15214.434337694061
2026-04-02 11:15:00,15214.434337694061
2026-04-02 11:30:00,15214.434337694061
2026-04-02 11:45:00,15214.434337694061
2026-04-02 12:00:00,15214.434337694061
2026-04-02 12:15:00,15214.434337694061
2026-04-02 12:30:00,15214.434337694061
2026-04-02 12:45:00,15214.434337694061
2026-04-02 13:00:00,15214.434337694061
2026-04-02 13:15:00,15214.434337694061
2026-04-02 13:30:00,15214.434337694061
2026-04-02 13:45:00,15214.434337694061
2026-04-02 14:00:00,15214.434337694061
2026-04-02 14:15:00,15214.434337694061
2026-04-02 14:30:00,15214.434337694061
2026-04-02 14:45:00,15214.434337694061
2026-04-02 15:00:00,15214.434337694061
2026-04-02 15:15:00,15214.434337694061
2026-04-02 15:30:00,15214.434337694061
2026-04-02 15:45:00,15214.434337694061
2026-04-02 16:00:00,15214.434337694061
2026-04-02 16:15:00,15214.434337694061
2026-04-02 16:30:00,15214.434337694061
2026-04-02 16:45:00,15214.434337694061
2026-04-02 17:00:00,15214.434337694061
2026-04-02 17:15:00,15214.434337694061
2026-04-02 17:30:00,15214.434337694061
2026-04-02 17:45:00,15214.434337694061
2026-04-02 18:00:00,15214.434337694061
2026-04-02 18:15:00,15214.434337694061
2026-04-02 18:30:00,15214.434337694061
2026-04-02 18:45:00,15214.434337694061
2026-04-02 19:00:00,15214.434337694061
2026-04-02 19:15:00,15214.434337694061
2026-04-02 19:30:00,15214.434337694061
2026-04-02 19:45:00,15214.434337694061
2026-04-02 20:00:00,15214.434337694061
2026-04-02 20:15:00,15214.434337694061
2026-04-02 20:30:00,15214.434337694061
2026-04-02 20:45:00,15214.434337694061
2026-04-02 21:00:00,15214.434337694061
2026-04-02 21:15:00,15214.434337694061
2026-04-02 21:30:00,15214.434337694061
2026-04-02 21:45:00,15214.434337694061
2026-04-02 22:00:00,15214.434337694061
2026-04-02 22:15:00,15214.434337694061
2026-04-02 22:30:00,15214.434337694061
2026-04-02 22:45:00,15214.434337694061
2026-04-02 23:00:00,15214.434337694061
2026-04-02 23:15:00,15214.434337694061
2026-04-02 23:30:00,15214.434337694061
2026-04-02 23:45:00,15214.434337694061
2026-04-06 01:00:00,15214.434337694061
2026-04-06 01:15:00,15214.434337694061
2026-04-06 01:30:00,15214.434337694061
2026-04-06 01:45:00,15214.434337694061
2026-04-06 02:00:00,15214.434337694061
2026-04-06 02:15:00,15214.434337694061
2026-04-06 02:30:00,15214.434337694061
2026-04-06 02:45:00,15214.434337694061
2026-04-06 03:00:00,15214.434337694061
2026-04-06 03:15:00,15214.434337694061
2026-04-06 03:30:00,15214.434337694061
2026-04-06 03:45:00,15214.434337694061
2026-04-06 04:00:00,15214.434337694061
2026-04-06 04:15:00,15214.434337694061
2026-04-06 04:30:00,15214.434337694061
2026-04-06 04:45:00,15214.434337694061
2026-04-06 05:00:00,15214.434337694061
2026-04-06 05:15:00,15214.434337694061
2026-04-06 05:30:00,15214.434337694061
2026-04-06 05:45:00,15214.434337694061
2026-04-06 06:00:00,15214.434337694061
2026-04-06 06:15:00,15214.434337694061
2026-04-06 06:30:00,15214.434337694061
2026-04-06 06:45:00,15214.434337694061
2026-04-06 07:00:00,15214.434337694061
2026-04-06 07:15:00,15214.434337694061
2026-04-06 07:30:00,15214.434337694061
2026-04-06 07:45:00,15214.434337694061
2026-04-06 08:00:00,15214.434337694061
2026-04-06 08:15:00,15214.434337694061
2026-04-06 08:30:00,15214.434337694061
2026-04-06 08:45:00,15214.434337694061
2026-04-06 09:00:00,15214.434337694061
2026-04-06 09:15:00,15214.434337694061
2026-04-06 09:30:00,15214.434337694061
2026-04-06 09:45:00,15214.434337694061
2026-04-06 10:00:00,15214.434337694061
2026-04-06 10:15:00,15214.434337694061
2026-04-06 10:30:00,15214.434337694061
2026-04-06 10:45:00,15214.434337694061
2026-04-06 11:00:00,15214.434337694061
2026-04-06 11:15:00,15214.434337694061
2026-04-06 11:30:00,15214.434337694061
2026-04-06 11:45:00,15214.434337694061
2026-04-06 12:00:00,15214.434337694061
2026-04-06 12:15:00,15214.434337694061
2026-04-06 12:30:00,15214.434337694061
2026-04-06 12:45:00,15214.434337694061
2026-04-06 13:00:00,15214.434337694061
2026-04-06 13:15:00,15214.434337694061
2026-04-06 13:30:00,15214.434337694061
2026-04-06 13:45:00,15214.434337694061
2026-04-06 14:00:00,15214.434337694061
2026-04-06 14:15:00,15214.434337694061
2026-04-06 14:30:00,15214.434337694061
2026-04-06 14:45:00,15214.434337694061
2026-04-06 15:00:00,15214.434337694061
2026-04-06 15:15:00,15214.434337694061
2026-04-06 15:30:00,15214.434337694061
2026-04-06 15:45:00,15214.434337694061
2026-04-06 16:00:00,15214.434337694061
2026-04-06 16:15:00,15214.434337694061
2026-04-06 16:30:00,15214.434337694061
2026-04-06 16:45:00,15214.434337694061
2026-04-06 17:00:00,15214.434337694061
2026-04-06 17:15:00,15214.434337694061
2026-04-06 17:30:00,15214.434337694061
2026-04-06 17:45:00,15214.434337694061
2026-04-06 18:00:00,15214.434337694061
2026-04-06 18:15:00,15214.434337694061
2026-04-06 18:30:00,15214.434337694061
2026-04-06 18:45:00,15214.434337694061
2026-04-06 19:00:00,15214.434337694061
2026-04-06 19:15:00,15214.434337694061
2026-04-06 19:30:00,15214.434337694061
2026-04-06 19:45:00,15214.434337694061
2026-04-06 20:00:00,15214.434337694061
2026-04-06 20:15:00,15214.434337694061
2026-04-06 20:30:00,15214.434337694061
2026-04-06 20:45:00,15214.434337694061
2026-04-06 21:00:00,15214.434337694061
2026-04-06 21:15:00,15214.434337694061
2026-04-06 21:30:00,15214.434337694061
2026-04-06 21:45:00,15214.434337694061
2026-04-06 22:00:00,15214.434337694061
2026-04-06 22:15:00,15214.434337694061
2026-04-06 22:30:00,15214.434337694061
2026-04-06 22:45:00,15214.434337694061
2026-04-06 23:00:00,15214.434337694061
2026-04-06 23:15:00,15214.434337694061
2026-04-06 23:30:00,15214.434337694061
2026-04-06 23:45:00,15214.434337694061
2026-04-07 01:00:00,15214.434337694061
2026-04-07 01:15:00,15214.434337694061
2026-04-07 01:30:00,15214.434337694061
2026-04-07 01:45:00,15214.434337694061
2026-04-07 02:00:00,15214.434337694061
2026-04-07 02:15:00,15214.434337694061
2026-04-07 02:30:00,15214.434337694061
2026-04-07 02:45:00,15214.434337694061
2026-04-07 03:00:00,15214.434337694061
2026-04-07 03:15:00,15214.434337694061
2026-04-07 03:30:00,15214.434337694061
2026-04-07 03:45:00,15214.434337694061
2026-04-07 04:00:00,15214.434337694061
2026-04-07 04:15:00,15214.434337694061
2026-04-07 04:30:00,15214.434337694061
2026-04-07 04:45:00,15214.434337694061
2026-04-07 05:00:00,15214.434337694061
2026-04-07 05:15:00,15214.434337694061
2026-04-07 05:30:00,15214.434337694061
2026-04-07 05:45:00,15214.434337694061
2026-04-07 06:00:00,15214.434337694061
2026-04-07 06:15:00,15214.434337694061
2026-04-07 06:30:00,15214.434337694061
2026-04-07 06:45:00,15214.434337694061
2026-04-07 07:00:00,15214.434337694061
2026-04-07 07:15:00,15214.434337694061
2026-04-07 07:30:00,15214.434337694061
2026-04-07 07:45:00,15214.434337694061
2026-04-07 08:00:00,15214.434337694061
2026-04-07 08:15:00,15214.434337694061
2026-04-07 08:30:00,15214.434337694061
2026-04-07 08:45:00,15214.434337694061
2026-04-07 09:00:00,15214.434337694061
2026-04-07 09:15:00,15214.434337694061
2026-04-07 09:30:00,15214.434337694061
2026-04-07 09:45:00,15214.434337694061
2026-04-07 10:00:00,15214.434337694061
2026-04-07 10:15:00,15214.434337694061
2026-04-07 10:30:00,15214.434337694061
2026-04-07 10:45:00,15214.434337694061
2026-04-07 11:00:00,15214.434337694061
2026-04-07 11:15:00,15214.434337694061
2026-04-07 11:30:00,15214.434337694061
2026-04-07 11:45:00,15214.434337694061
2026-04-07 12:00:00,15214.434337694061
2026-04-07 12:15:00,15214.434337694061
2026-04-07 12:30:00,15214.434337694061
2026-04-07 12:45:00,15214.434337694061
2026-04-07 13:00:00,15214.434337694061
2026-04-07 13:15:00,15214.434337694061
2026-04-07 13:30:00,15214.434337694061
2026-04-07 13:45:00,15214.434337694061
2026-04-07 14:00:00,15214.434337694061
2026-04-07 14:15:00,15214.434337694061
2026-04-07 14:30:00,15214.434337694061
2026-04-07 14:45:00,15214.434337694061
2026-04-07 15:00:00,15214.434337694061
2026-04-07 15:15:00,15214.434337694061
2026-04-07 15:30:00,15214.434337694061
2026-04-07 15:45:00,15214.434337694061
2026-04-07 16:00:00,15214.434337694061
2026-04-07 16:15:00,15214.434337694061
2026-04-07 16:30:00,15214.434337694061
2026-04-07 16:45:00,15214.434337694061
2026-04-07 17:00:00,15214.434337694061
2026-04-07 17:15:00,15214.434337694061
2026-04-07 17:30:00,15214.434337694061
2026-04-07 17:45:00,15214.434337694061
2026-04-07 18:00:00,15214.434337694061
2026-04-07 18:15:00,15214.434337694061
2026-04-07 18:30:00,15214.434337694061
2026-04-07 18:45:00,15214.434337694061
2026-04-07 19:00:00,15214.434337694061
2026-04-07 19:15:00,15214.434337694061
2026-04-07 19:30:00,15214.434337694061
2026-04-07 19:45:00,15214.434337694061
2026-04-07 20:00:00,15214.434337694061
2026-04-07 20:15:00,15214.434337694061
2026-04-07 20:30:00,15214.434337694061
2026-04-07 20:45:00,15214.434337694061
2026-04-07 21:00:00,15214.434337694061
2026-04-07 21:15:00,15214.434337694061
2026-04-07 21:30:00,15214.434337694061
2026-04-07 21:45:00,15214.434337694061
2026-04-07 22:00:00,15214.434337694061
2026-04-07 22:15:00,15214.434337694061
2026-04-07 22:30:00,15214.434337694061
2026-04-07 22:45:00,15214.434337694061
2026-04-07 23:00:00,15214.434337694061
2026-04-07 23:15:00,15214.434337694061
2026-04-07 23:30:00,15214.434337694061
2026-04-07 23:45:00,15214.434337694061
2026-04-08 01:00:00,15214.434337694061
2026-04-08 01:15:00,15214.434337694061
2026-04-08 01:30:00,15214.434337694061
2026-04-08 01:45:00,15214.434337694061
2026-04-08 02:00:00,15214.434337694061
2026-04-08 02:15:00,15214.434337694061
2026-04-08 02:30:00,15214.434337694061
2026-04-08 02:45:00,15214.434337694061
2026-04-08 03:00:00,15214.434337694061
2026-04-08 03:15:00,15214.434337694061
2026-04-08 03:30:00,15214.434337694061
2026-04-08 03:45:00,15214.434337694061
2026-04-08 04:00:00,15214.434337694061
2026-04-08 04:15:00,15214.434337694061
2026-04-08 04:30:00,15214.434337694061
2026-04-08 04:45:00,15214.434337694061
2026-04-08 05:00:00,15214.434337694061
2026-04-08 05:15:00,15214.434337694061
2026-04-08 05:30:00,15214.434337694061
2026-04-08 05:45:00,15214.434337694061
2026-04-08 06:00:00,15214.434337694061
2026-04-08 06:15:00,15214.434337694061
2026-04-08 06:30:00,15214.434337694061
2026-04-08 06:45:00,15214.434337694061
2026-04-08 07:00:00,15214.434337694061
2026-04-08 07:15:00,15214.434337694061
2026-04-08 07:30:00,15214.434337694061
2026-04-08 07:45:00,15214.434337694061
2026-04-08 08:00:00,15214.434337694061
2026-04-08 08:15:00,15214.434337694061
2026-04-08 08:30:00,15214.434337694061
2026-04-08 08:45:00,15214.434337694061
2026-04-08 09:00:00,15214.434337694061
2026-04-08 09:15:00,15214.434337694061
2026-04-08 09:30:00,15214.434337694061
2026-04-08 09:45:00,15214.434337694061
2026-04-08 10:00:00,15214.434337694061
2026-04-08 10:15:00,15214.434337694061
2026-04-08 10:30:00,15214.434337694061
2026-04-08 10:45:00,15214.434337694061
2026-04-08 11:00:00,15214.434337694061
2026-04-08 11:15:00,15214.434337694061
2026-04-08 11:30:00,15214.434337694061
2026-04-08 11:45:00,15214.434337694061
2026-04-08 12:00:00,15214.434337694061
2026-04-08 12:15:00,15214.434337694061
2026-04-08 12:30:00,15214.434337694061
2026-04-08 12:45:00,15214.434337694061
2026-04-08 13:00:00,15214.434337694061
2026-04-08 13:15:00,15214.434337694061
2026-04-08 13:30:00,15214.434337694061
2026-04-08 13:45:00,15214.434337694061
2026-04-08 14:00:00,15214.434337694061
2026-04-08 14:15:00,15214.434337694061
2026-04-08 14:30:00,15214.434337694061
2026-04-08 14:45:00,15214.434337694061
2026-04-08 15:00:00,15214.434337694061
2026-04-08 15:15:00,15214.434337694061
2026-04-08 15:30:00,15214.434337694061
2026-04-08 15:45:00,15214.434337694061
2026-04-08 16:00:00,15214.434337694061
2026-04-08 16:15:00,15214.434337694061
2026-04-08 16:30:00,15214.434337694061
2026-04-08 16:45:00,15214.434337694061
2026-04-08 17:00:00,15214.434337694061
2026-04-08 17:15:00,15214.434337694061
2026-04-08 17:30:00,15214.434337694061
2026-04-08 17:45:00,15214.434337694061
2026-04-08 18:00:00,15214.434337694061
2026-04-08 18:15:00,15214.434337694061
2026-04-08 18:30:00,15214.434337694061
2026-04-08 18:45:00,15214.434337694061
2026-04-08 19:00:00,15214.434337694061
2026-04-08 19:15:00,15214.434337694061
2026-04-08 19:30:00,15214.434337694061
2026-04-08 19:45:00,15214.434337694061
2026-04-08 20:00:00,15214.434337694061
2026-04-08 20:15:00,15214.434337694061
2026-04-08 20:30:00,15214.434337694061
2026-04-08 20:45:00,15214.434337694061
2026-04-08 21:00:00,15214.434337694061
2026-04-08 21:15:00,15214.434337694061
2026-04-08 21:30:00,15214.434337694061
2026-04-08 21:45:00,15214.434337694061
2026-04-08 22:00:00,15214.434337694061
2026-04-08 22:15:00,15214.434337694061
2026-04-08 22:30:00,15214.434337694061
2026-04-08 22:45:00,15214.434337694061
2026-04-08 23:00:00,15214.434337694061
2026-04-08 23:15:00,15214.434337694061
2026-04-08 23:30:00,15214.434337694061
2026-04-08 23:45:00,15214.434337694061
2026-04-09 01:00:00,15214.434337694061
2026-04-09 01:15:00,15214.434337694061
2026-04-09 01:30:00,15214.434337694061
2026-04-09 01:45:00,15214.434337694061
2026-04-09 02:00:00,15214.434337694061
2026-04-09 02:15:00,15214.434337694061
2026-04-09 02:30:00,15214.434337694061
2026-04-09 02:45:00,15214.434337694061
2026-04-09 03:00:00,15214.434337694061
2026-04-09 03:15:00,15214.434337694061
2026-04-09 03:30:00,15214.434337694061
2026-04-09 03:45:00,15214.434337694061
2026-04-09 04:00:00,15214.434337694061
2026-04-09 04:15:00,15214.434337694061
2026-04-09 04:30:00,15214.434337694061
2026-04-09 04:45:00,15214.434337694061
2026-04-09 05:00:00,15214.434337694061
2026-04-09 05:15:00,15214.434337694061
2026-04-09 05:30:00,15214.434337694061
2026-04-09 05:45:00,15214.434337694061
2026-04-09 06:00:00,15214.434337694061
2026-04-09 06:15:00,15214.434337694061
2026-04-09 06:30:00,15214.434337694061
2026-04-09 06:45:00,15214.434337694061
2026-04-09 07:00:00,15214.434337694061
2026-04-09 07:15:00,15214.434337694061
2026-04-09 07:30:00,15214.434337694061
2026-04-09 07:45:00,15214.434337694061
2026-04-09 08:00:00,15214.434337694061
2026-04-09 08:15:00,15214.434337694061
2026-04-09 08:30:00,15214.434337694061
2026-04-09 08:45:00,15214.434337694061
2026-04-09 09:00:00,15214.434337694061
2026-04-09 09:15:00,15214.434337694061
2026-04-09 09:30:00,15214.434337694061
2026-04-09 09:45:00,15214.434337694061
2026-04-09 10:00:00,15214.434337694061
2026-04-09 10:15:00,15214.434337694061
2026-04-09 10:30:00,15214.434337694061
2026-04-09 10:45:00,15214.434337694061
2026-04-09 11:00:00,15214.434337694061
2026-04-09 11:15:00,15214.434337694061
2026-04-09 11:30:00,15214.434337694061
2026-04-09 11:45:00,15214.434337694061
2026-04-09 12:00:00,15214.434337694061
2026-04-09 12:15:00,15214.434337694061
2026-04-09 12:30:00,15214.434337694061
2026-04-09 12:45:00,15214.434337694061
2026-04-09 13:00:00,15214.434337694061
2026-04-09 13:15:00,15214.434337694061
2026-04-09 13:30:00,15214.434337694061
2026-04-09 13:45:00,15214.434337694061
2026-04-09 14:00:00,15214.434337694061
2026-04-09 14:15:00,15214.434337694061
2026-04-09 14:30:00,15214.434337694061
2026-04-09 14:45:00,15214.434337694061
2026-04-09 15:00:00,15214.434337694061
2026-04-09 15:15:00,15214.434337694061
2026-04-09 15:30:00,15214.434337694061
2026-04-09 15:45:00,15214.434337694061
2026-04-09 16:00:00,15214.434337694061
2026-04-09 16:15:00,15214.434337694061
2026-04-09 16:30:00,15214.434337694061
2026-04-09 16:45:00,15214.434337694061
2026-04-09 17:00:00,15214.434337694061
2026-04-09 17:15:00,15214.434337694061
2026-04-09 17:30:00,15214.434337694061
2026-04-09 17:45:00,15214.434337694061
2026-04-09 18:00:00,15214.434337694061
2026-04-09 18:15:00,15214.434337694061
2026-04-09 18:30:00,15214.434337694061
2026-04-09 18:45:00,15214.434337694061
2026-04-09 19:00:00,15214.434337694061
2026-04-09 19:15:00,15214.434337694061
2026-04-09 19:30:00,15214.434337694061
2026-04-09 19:45:00,15214.434337694061
2026-04-09 20:00:00,15214.434337694061
2026-04-09 20:15:00,15214.434337694061
2026-04-09 20:30:00,15214.434337694061
2026-04-09 20:45:00,15214.434337694061
2026-04-09 21:00:00,15214.434337694061
2026-04-09 21:15:00,15214.434337694061
2026-04-09 21:30:00,15214.434337694061
2026-04-09 21:45:00,15214.434337694061
2026-04-09 22:00:00,15214.434337694061
2026-04-09 22:15:00,15214.434337694061
2026-04-09 22:30:00,15214.434337694061
2026-04-09 22:45:00,15214.434337694061
2026-04-09 23:00:00,15214.434337694061
2026-04-09 23:15:00,15214.434337694061
2026-04-09 23:30:00,15214.434337694061
2026-04-09 23:45:00,15214.434337694061
2026-04-10 01:00:00,15214.434337694061
2026-04-10 01:15:00,15214.434337694061
2026-04-10 01:30:00,15214.434337694061
2026-04-10 01:45:00,15214.434337694061
2026-04-10 02:00:00,15214.434337694061
2026-04-10 02:15:00,15214.434337694061
2026-04-10 02:30:00,15214.434337694061
2026-04-10 02:45:00,15214.434337694061
2026-04-10 03:00:00,15214.434337694061
2026-04-10 03:15:00,15214.434337694061
2026-04-10 03:30:00,15214.434337694061
2026-04-10 03:45:00,15214.434337694061
2026-04-10 04:00:00,15214.434337694061
2026-04-10 04:15:00,15214.434337694061
2026-04-10 04:30:00,15214.434337694061
2026-04-10 04:45:00,15214.434337694061
2026-04-10 05:00:00,15214.434337694061
2026-04-10 05:15:00,15214.434337694061
2026-04-10 05:30:00,15214.434337694061
2026-04-10 05:45:00,15214.434337694061
2026-04-10 06:00:00,15214.434337694061
2026-04-10 06:15:00,15214.434337694061
2026-04-10 06:30:00,15214.434337694061
2026-04-10 06:45:00,15214.434337694061
2026-04-10 07:00:00,15214.434337694061
2026-04-10 07:15:00,15214.434337694061
2026-04-10 07:30:00,15214.434337694061
2026-04-10 07:45:00,15214.434337694061
2026-04-10 08:00:00,15214.434337694061
2026-04-10 08:15:00,15214.434337694061
2026-04-10 08:30:00,15214.434337694061
2026-04-10 08:45:00,15214.434337694061
2026-04-10 09:00:00,15214.434337694061
2026-04-10 09:15:00,15214.434337694061
2026-04-10 09:30:00,15214.434337694061
2026-04-10 09:45:00,15214.434337694061
2026-04-10 10:00:00,15214.434337694061
2026-04-10 10:15:00,15214.434337694061
2026-04-10 10:30:00,15214.434337694061
2026-04-10 10:45:00,15214.434337694061
2026-04-10 11:00:00,15214.434337694061
2026-04-10 11:15:00,15214.434337694061
2026-04-10 11:30:00,15214.434337694061
2026-04-10 11:45:00,15214.434337694061
2026-04-10 12:00:00,15214.434337694061
2026-04-10 12:15:00,15214.434337694061
2026-04-10 12:30:00,15214.434337694061
2026-04-10 12:45:00,15214.434337694061
2026-04-10 13:00:00,15214.434337694061
2026-04-10 13:15:00,15214.434337694061
2026-04-10 13:30:00,15214.434337694061
2026-04-10 13:45:00,15214.434337694061
2026-04-10 14:00:00,15214.434337694061
2026-04-10 14:15:00,15214.434337694061
2026-04-10 14:30:00,15214.434337694061
2026-04-10 14:45:00,15214.434337694061
2026-04-10 15:00:00,15214.434337694061
2026-04-10 15:15:00,15214.434337694061
2026-04-10 15:30:00,15214.434337694061
2026-04-10 15:45:00,15214.434337694061
2026-04-10 16:00:00,15214.434337694061
2026-04-10 16:15:00,15214.434337694061
2026-04-10 16:30:00,15214.434337694061
2026-04-10 16:45:00,15214.434337694061
2026-04-10 17:00:00,15214.434337694061
2026-04-10 17:15:00,15214.434337694061
2026-04-10 17:30:00,15214.434337694061
2026-04-10 17:45:00,15214.434337694061
2026-04-10 18:00:00,15214.434337694061
2026-04-10 18:15:00,15214.434337694061
2026-04-10 18:30:00,15214.434337694061
2026-04-10 18:45:00,15214.434337694061
2026-04-10 19:00:00,15214.434337694061
2026-04-10 19:15:00,15214.434337694061
2026-04-10 19:30:00,15214.434337694061
2026-04-10 19:45:00,15214.434337694061
2026-04-10 20:00:00,15214.434337694061
2026-04-10 20:15:00,15214.434337694061
2026-04-10 20:30:00,15214.434337694061
2026-04-10 20:45:00,15214.434337694061
2026-04-10 21:00:00,15214.434337694061
2026-04-10 21:15:00,15214.434337694061
2026-04-10 21:30:00,15214.434337694061
2026-04-10 21:45:00,15214.434337694061
2026-04-10 22:00:00,15214.434337694061
2026-04-10 22:15:00,15214.434337694061
2026-04-10 22:30:00,15214.434337694061
2026-04-10 22:45:00,15214.434337694061
2026-04-10 23:00:00,15214.434337694061
2026-04-10 23:15:00,15214.434337694061
2026-04-10 23:30:00,15214.434337694061
2026-04-10 23:45:00,15214.434337694061
2026-04-13 01:00:00,15214.434337694061
2026-04-13 01:15:00,15214.434337694061
2026-04-13 01:30:00,15214.434337694061
2026-04-13 01:45:00,15214.434337694061
2026-04-13 02:00:00,15214.434337694061
2026-04-13 02:15:00,15214.434337694061
2026-04-13 02:30:00,15214.434337694061
2026-04-13 02:45:00,15214.434337694061
2026-04-13 03:00:00,15214.434337694061
2026-04-13 03:15:00,15214.434337694061
2026-04-13 03:30:00,15214.434337694061
2026-04-13 03:45:00,15214.434337694061
2026-04-13 04:00:00,15214.434337694061
2026-04-13 04:15:00,15214.434337694061
2026-04-13 04:30:00,15214.434337694061
2026-04-13 04:45:00,15214.434337694061
2026-04-13 05:00:00,15214.434337694061
2026-04-13 05:15:00,15214.434337694061
2026-04-13 05:30:00,15214.434337694061
2026-04-13 05:45:00,15214.434337694061
2026-04-13 06:00:00,15214.434337694061
2026-04-13 06:15:00,15214.434337694061
2026-04-13 06:30:00,15214.434337694061
2026-04-13 06:45:00,15214.434337694061
2026-04-13 07:00:00,15214.434337694061
2026-04-13 07:15:00,15214.434337694061
2026-04-13 07:30:00,15214.434337694061
2026-04-13 07:45:00,15214.434337694061
2026-04-13 08:00:00,15214.434337694061
2026-04-13 08:15:00,15214.434337694061
2026-04-13 08:30:00,15214.434337694061
2026-04-13 08:45:00,15214.434337694061
2026-04-13 09:00:00,15214.434337694061
2026-04-13 09:15:00,15214.434337694061
2026-04-13 09:30:00,15214.434337694061
2026-04-13 09:45:00,15214.434337694061
2026-04-13 10:00:00,15214.434337694061
2026-04-13 10:15:00,15214.434337694061
2026-04-13 10:30:00,15214.434337694061
2026-04-13 10:45:00,15214.434337694061
2026-04-13 11:00:00,15214.434337694061
2026-04-13 11:15:00,15214.434337694061
2026-04-13 11:30:00,15214.434337694061
2026-04-13 11:45:00,15214.434337694061
2026-04-13 12:00:00,15214.434337694061
2026-04-13 12:15:00,15214.434337694061
2026-04-13 12:30:00,15214.434337694061
2026-04-13 12:45:00,15214.434337694061
2026-04-13 13:00:00,15214.434337694061
2026-04-13 13:15:00,15214.434337694061
2026-04-13 13:30:00,15214.434337694061
2026-04-13 13:45:00,15214.434337694061
2026-04-13 14:00:00,15214.434337694061
2026-04-13 14:15:00,15214.434337694061
2026-04-13 14:30:00,15214.434337694061
2026-04-13 14:45:00,15214.434337694061
2026-04-13 15:00:00,15214.434337694061
2026-04-13 15:15:00,15214.434337694061
2026-04-13 15:30:00,15214.434337694061
2026-04-13 15:45:00,15214.434337694061
2026-04-13 16:00:00,15214.434337694061
2026-04-13 16:15:00,15214.434337694061
2026-04-13 16:30:00,15214.434337694061
2026-04-13 16:45:00,15214.434337694061
2026-04-13 17:00:00,15214.434337694061
2026-04-13 17:15:00,15214.434337694061
2026-04-13 17:30:00,15214.434337694061
2026-04-13 17:45:00,15214.434337694061
2026-04-13 18:00:00,15214.434337694061
2026-04-13 18:15:00,15214.434337694061
2026-04-13 18:30:00,15214.434337694061
2026-04-13 18:45:00,15214.434337694061
2026-04-13 19:00:00,15214.434337694061
2026-04-13 19:15:00,15214.434337694061
2026-04-13 19:30:00,15214.434337694061
2026-04-13 19:45:00,15214.434337694061
2026-04-13 20:00:00,15214.434337694061
2026-04-13 20:15:00,15214.434337694061
2026-04-13 20:30:00,15214.434337694061
2026-04-13 20:45:00,15214.434337694061
2026-04-13 21:00:00,15214.434337694061
2026-04-13 21:15:00,15214.434337694061
2026-04-13 21:30:00,15214.434337694061
2026-04-13 21:45:00,15214.434337694061
2026-04-13 22:00:00,15214.434337694061
2026-04-13 22:15:00,15214.434337694061
2026-04-13 22:30:00,15214.434337694061
2026-04-13 22:45:00,15214.434337694061
2026-04-13 23:00:00,15214.434337694061
2026-04-13 23:15:00,15214.434337694061
2026-04-13 23:30:00,15214.434337694061
2026-04-13 23:45:00,15214.434337694061
2026-04-14 01:00:00,15214.434337694061
2026-04-14 01:15:00,15214.434337694061
2026-04-14 01:30:00,15214.434337694061
2026-04-14 01:45:00,15214.434337694061
2026-04-14 02:00:00,15214.434337694061
2026-04-14 02:15:00,15214.434337694061
2026-04-14 02:30:00,15214.434337694061
2026-04-14 02:45:00,15214.434337694061
2026-04-14 03:00:00,15214.434337694061
2026-04-14 03:15:00,15214.434337694061
2026-04-14 03:30:00,15214.434337694061
2026-04-14 03:45:00,15214.434337694061
2026-04-14 04:00:00,15214.434337694061
2026-04-14 04:15:00,15214.434337694061
2026-04-14 04:30:00,15214.434337694061
2026-04-14 04:45:00,15214.434337694061
2026-04-14 05:00:00,15214.434337694061
2026-04-14 05:15:00,15214.434337694061
2026-04-14 05:30:00,15214.434337694061
2026-04-14 05:45:00,15214.434337694061
2026-04-14 06:00:00,15214.434337694061
2026-04-14 06:15:00,15214.434337694061
2026-04-14 06:30:00,15214.434337694061
2026-04-14 06:45:00,15214.434337694061
2026-04-14 07:00:00,15214.434337694061
2026-04-14 07:15:00,15214.434337694061
2026-04-14 07:30:00,15214.434337694061
2026-04-14 07:45:00,15214.434337694061
2026-04-14 08:00:00,15214.434337694061
2026-04-14 08:15:00,15214.434337694061
2026-04-14 08:30:00,15214.434337694061
2026-04-14 08:45:00,15214.434337694061
2026-04-14 09:00:00,15214.434337694061
2026-04-14 09:15:00,15214.434337694061
2026-04-14 09:30:00,15214.434337694061
2026-04-14 09:45:00,15214.434337694061
2026-04-14 10:00:00,15214.434337694061
2026-04-14 10:15:00,15214.434337694061
2026-04-14 10:30:00,15214.434337694061
2026-04-14 10:45:00,15214.434337694061
2026-04-14 11:00:00,15214.434337694061
2026-04-14 11:15:00,15214.434337694061
2026-04-14 11:30:00,15214.434337694061
2026-04-14 11:45:00,15214.434337694061
2026-04-14 12:00:00,15214.434337694061
2026-04-14 12:15:00,15214.434337694061
2026-04-14 12:30:00,15214.434337694061
2026-04-14 12:45:00,15214.434337694061
2026-04-14 13:00:00,15214.434337694061
2026-04-14 13:15:00,15214.434337694061
2026-04-14 13:30:00,15214.434337694061
2026-04-14 13:45:00,15214.434337694061
2026-04-14 14:00:00,15214.434337694061
2026-04-14 14:15:00,15214.434337694061
2026-04-14 14:30:00,15214.434337694061
2026-04-14 14:45:00,15214.434337694061
2026-04-14 15:00:00,15214.434337694061
2026-04-14 15:15:00,15214.434337694061
2026-04-14 15:30:00,15214.434337694061
2026-04-14 15:45:00,15214.434337694061
2026-04-14 16:00:00,15214.434337694061
2026-04-14 16:15:00,15214.434337694061
2026-04-14 16:30:00,15214.434337694061
2026-04-14 16:45:00,15214.434337694061
2026-04-14 17:00:00,15214.434337694061
2026-04-14 17:15:00,15214.434337694061
2026-04-14 17:30:00,15214.434337694061
2026-04-14 17:45:00,15214.434337694061
2026-04-14 18:00:00,15214.434337694061
2026-04-14 18:15:00,15214.434337694061
2026-04-14 18:30:00,15214.434337694061
2026-04-14 18:45:00,15214.434337694061
2026-04-14 19:00:00,15214.434337694061
2026-04-14 19:15:00,15214.434337694061
2026-04-14 19:30:00,15214.434337694061
2026-04-14 19:45:00,15214.434337694061
2026-04-14 20:00:00,15214.434337694061
2026-04-14 20:15:00,15214.434337694061
2026-04-14 20:30:00,15214.434337694061
2026-04-14 20:45:00,15214.434337694061
2026-04-14 21:00:00,15214.434337694061
2026-04-14 21:15:00,15214.434337694061
2026-04-14 21:30:00,15214.434337694061
2026-04-14 21:45:00,15214.434337694061
2026-04-14 22:00:00,15214.434337694061
2026-04-14 22:15:00,15214.434337694061
2026-04-14 22:30:00,15214.434337694061
2026-04-14 22:45:00,15214.434337694061
2026-04-14 23:00:00,15214.434337694061
2026-04-14 23:15:00,15214.434337694061
2026-04-14 23:30:00,15214.434337694061
2026-04-14 23:45:00,15214.434337694061
2026-04-15 01:00:00,15214.434337694061
2026-04-15 01:15:00,15214.434337694061
2026-04-15 01:30:00,15214.434337694061
2026-04-15 01:45:00,15214.434337694061
2026-04-15 02:00:00,15214.434337694061
2026-04-15 02:15:00,15214.434337694061
2026-04-15 02:30:00,15214.434337694061
2026-04-15 02:45:00,15214.434337694061
2026-04-15 03:00:00,15214.434337694061
2026-04-15 03:15:00,15214.434337694061
2026-04-15 03:30:00,15214.434337694061
2026-04-15 03:45:00,15214.434337694061
2026-04-15 04:00:00,15214.434337694061
2026-04-15 04:15:00,15214.434337694061
2026-04-15 04:30:00,15214.434337694061
2026-04-15 04:45:00,15214.434337694061
2026-04-15 05:00:00,15214.434337694061
2026-04-15 05:15:00,15214.434337694061
2026-04-15 05:30:00,15214.434337694061
2026-04-15 05:45:00,15214.434337694061
2026-04-15 06:00:00,15214.434337694061
2026-04-15 06:15:00,15214.434337694061
2026-04-15 06:30:00,15214.434337694061
2026-04-15 06:45:00,15214.434337694061
2026-04-15 07:00:00,15214.434337694061
2026-04-15 07:15:00,15214.434337694061
2026-04-15 07:30:00,15214.434337694061
2026-04-15 07:45:00,15214.434337694061
2026-04-15 08:00:00,15214.434337694061
2026-04-15 08:15:00,15214.434337694061
2026-04-15 08:30:00,15214.434337694061
2026-04-15 08:45:00,15214.434337694061
2026-04-15 09:00:00,15214.434337694061
2026-04-15 09:15:00,15214.434337694061
2026-04-15 09:30:00,15214.434337694061
2026-04-15 09:45:00,15214.434337694061
2026-04-15 10:00:00,15214.434337694061
2026-04-15 10:15:00,15214.434337694061
2026-04-15 10:30:00,15214.434337694061
2026-04-15 10:45:00,15214.434337694061
2026-04-15 11:00:00,15214.434337694061
2026-04-15 11:15:00,15214.434337694061
2026-04-15 11:30:00,15214.434337694061
2026-04-15 11:45:00,15214.434337694061
2026-04-15 12:00:00,15214.434337694061
2026-04-15 12:15:00,15214.434337694061
2026-04-15 12:30:00,15214.434337694061
2026-04-15 12:45:00,15214.434337694061
2026-04-15 13:00:00,15214.434337694061
2026-04-15 13:15:00,15214.434337694061
2026-04-15 13:30:00,15214.434337694061
2026-04-15 13:45:00,15214.434337694061
2026-04-15 14:00:00,15214.434337694061
2026-04-15 14:15:00,15214.434337694061
2026-04-15 14:30:00,15214.434337694061
2026-04-15 14:45:00,15214.434337694061
2026-04-15 15:00:00,15214.434337694061
2026-04-15 15:15:00,15214.434337694061
2026-04-15 15:30:00,15214.434337694061
2026-04-15 15:45:00,15214.434337694061
2026-04-15 16:00:00,15214.434337694061
2026-04-15 16:15:00,15214.434337694061
2026-04-15 16:30:00,15214.434337694061
2026-04-15 16:45:00,15214.434337694061
2026-04-15 17:00:00,15214.434337694061
2026-04-15 17:15:00,15214.434337694061
2026-04-15 17:30:00,15214.434337694061
2026-04-15 17:45:00,15214.434337694061
2026-04-15 18:00:00,15214.434337694061
2026-04-15 18:15:00,15214.434337694061
2026-04-15 18:30:00,15214.434337694061
2026-04-15 18:45:00,15214.434337694061
2026-04-15 19:00:00,15214.434337694061
2026-04-15 19:15:00,15214.434337694061
2026-04-15 19:30:00,15214.434337694061
2026-04-15 19:45:00,15214.434337694061
2026-04-15 20:00:00,15214.434337694061
2026-04-15 20:15:00,15214.434337694061
2026-04-15 20:30:00,15214.434337694061
2026-04-15 20:45:00,15214.434337694061
2026-04-15 21:00:00,15214.434337694061
2026-04-15 21:15:00,15214.434337694061
2026-04-15 21:30:00,15214.434337694061
2026-04-15 21:45:00,15214.434337694061
2026-04-15 22:00:00,15214.434337694061
2026-04-15 22:15:00,15214.434337694061
2026-04-15 22:30:00,15214.434337694061
2026-04-15 22:45:00,15214.434337694061
2026-04-15 23:00:00,15214.434337694061
2026-04-15 23:15:00,15214.434337694061
2026-04-15 23:30:00,15214.434337694061
2026-04-15 23:45:00,15214.434337694061
2026-04-16 01:00:00,15214.434337694061
2026-04-16 01:15:00,15214.434337694061
2026-04-16 01:30:00,15214.434337694061
2026-04-16 01:45:00,15214.434337694061
2026-04-16 02:00:00,15214.434337694061
2026-04-16 02:15:00,15214.434337694061
2026-04-16 02:30:00,15214.434337694061
2026-04-16 02:45:00,15214.434337694061
2026-04-16 03:00:00,15214.434337694061
2026-04-16 03:15:00,15214.434337694061
2026-04-16 03:30:00,15214.434337694061
2026-04-16 03:45:00,15214.434337694061
2026-04-16 04:00:00,15214.434337694061
2026-04-16 04:15:00,15214.434337694061
2026-04-16 04:30:00,15214.434337694061
2026-04-16 04:45:00,15214.434337694061
2026-04-16 05:00:00,15214.434337694061
2026-04-16 05:15:00,15214.434337694061
2026-04-16 05:30:00,15214.434337694061
2026-04-16 05:45:00,15214.434337694061
2026-04-16 06:00:00,15214.434337694061
2026-04-16 06:15:00,15214.434337694061
2026-04-16 06:30:00,15214.434337694061
2026-04-16 06:45:00,15214.434337694061
2026-04-16 07:00:00,15214.434337694061
2026-04-16 07:15:00,15214.434337694061
2026-04-16 07:30:00,15214.434337694061
2026-04-16 07:45:00,15214.434337694061
2026-04-16 08:00:00,15214.434337694061
2026-04-16 08:15:00,15214.434337694061
2026-04-16 08:30:00,15214.434337694061
2026-04-16 08:45:00,15214.434337694061
2026-04-16 09:00:00,15214.434337694061
2026-04-16 09:15:00,15214.434337694061
2026-04-16 09:30:00,15214.434337694061
2026-04-16 09:45:00,15214.434337694061
2026-04-16 10:00:00,15214.434337694061
2026-04-16 10:15:00,15214.434337694061
2026-04-16 10:30:00,15214.434337694061
2026-04-16 10:45:00,15214.434337694061
2026-04-16 11:00:00,15214.434337694061
2026-04-16 11:15:00,15214.434337694061
2026-04-16 11:30:00,15214.434337694061
2026-04-16 11:45:00,15214.434337694061
2026-04-16 12:00:00,15214.434337694061
2026-04-16 12:15:00,15214.434337694061
2026-04-16 12:30:00,15214.434337694061
2026-04-16 12:45:00,15214.434337694061
2026-04-16 13:00:00,15214.434337694061
2026-04-16 13:15:00,15214.434337694061
2026-04-16 13:30:00,15214.434337694061
2026-04-16 13:45:00,15214.434337694061
2026-04-16 14:00:00,15214.434337694061
2026-04-16 14:15:00,15214.434337694061
2026-04-16 14:30:00,15214.434337694061
2026-04-16 14:45:00,15214.434337694061
2026-04-16 15:00:00,15214.434337694061
2026-04-16 15:15:00,15214.434337694061
2026-04-16 15:30:00,15214.434337694061
2026-04-16 15:45:00,15214.434337694061
2026-04-16 16:00:00,15214.434337694061
2026-04-16 16:15:00,15214.434337694061
2026-04-16 16:30:00,15214.434337694061
2026-04-16 16:45:00,15214.434337694061
2026-04-16 17:00:00,15214.434337694061
2026-04-16 17:15:00,15214.434337694061
2026-04-16 17:30:00,15214.434337694061
2026-04-16 17:45:00,15214.434337694061
2026-04-16 18:00:00,15214.434337694061
2026-04-16 18:15:00,15214.434337694061
2026-04-16 18:30:00,15214.434337694061
2026-04-16 18:45:00,15214.434337694061
2026-04-16 19:00:00,15214.434337694061
2026-04-16 19:15:00,15214.434337694061
2026-04-16 19:30:00,15214.434337694061
2026-04-16 19:45:00,15214.434337694061
2026-04-16 20:00:00,15214.434337694061
2026-04-16 20:15:00,15214.434337694061
2026-04-16 20:30:00,15214.434337694061
2026-04-16 20:45:00,15214.434337694061
2026-04-16 21:00:00,15214.434337694061
2026-04-16 21:15:00,15214.434337694061
2026-04-16 21:30:00,15214.434337694061
2026-04-16 21:45:00,15214.434337694061
2026-04-16 22:00:00,15214.434337694061
2026-04-16 22:15:00,15214.434337694061
2026-04-16 22:30:00,15214.434337694061
2026-04-16 22:45:00,15214.434337694061
2026-04-16 23:00:00,15214.434337694061
2026-04-16 23:15:00,15214.434337694061
2026-04-16 23:30:00,15214.434337694061
2026-04-16 23:45:00,15214.434337694061
2026-04-17 01:00:00,15214.434337694061
2026-04-17 01:15:00,15214.434337694061
2026-04-17 01:30:00,15214.434337694061
2026-04-17 01:45:00,15214.434337694061
2026-04-17 02:00:00,15214.434337694061
2026-04-17 02:15:00,15214.434337694061
2026-04-17 02:30:00,15214.434337694061
2026-04-17 02:45:00,15214.434337694061
2026-04-17 03:00:00,15214.434337694061
2026-04-17 03:15:00,15214.434337694061
2026-04-17 03:30:00,15214.434337694061
2026-04-17 03:45:00,15214.434337694061
2026-04-17 04:00:00,15214.434337694061
2026-04-17 04:15:00,15214.434337694061
2026-04-17 04:30:00,15214.434337694061
2026-04-17 04:45:00,15214.434337694061
2026-04-17 05:00:00,15214.434337694061
2026-04-17 05:15:00,15214.434337694061
2026-04-17 05:30:00,15214.434337694061
2026-04-17 05:45:00,15214.434337694061
2026-04-17 06:00:00,15214.434337694061
2026-04-17 06:15:00,15214.434337694061
2026-04-17 06:30:00,15214.434337694061
2026-04-17 06:45:00,15214.434337694061
2026-04-17 07:00:00,15214.434337694061
2026-04-17 07:15:00,15214.434337694061
2026-04-17 07:30:00,15214.434337694061
2026-04-17 07:45:00,15214.434337694061
2026-04-17 08:00:00,15214.434337694061
2026-04-17 08:15:00,15214.434337694061
2026-04-17 08:30:00,15214.434337694061
2026-04-17 08:45:00,15214.434337694061
2026-04-17 09:00:00,15214.434337694061
2026-04-17 09:15:00,15214.434337694061
2026-04-17 09:30:00,15214.434337694061
2026-04-17 09:45:00,15214.434337694061
2026-04-17 10:00:00,15214.434337694061
2026-04-17 10:15:00,15214.434337694061
2026-04-17 10:30:00,15214.434337694061
2026-04-17 10:45:00,15214.434337694061
2026-04-17 11:00:00,15214.434337694061
2026-04-17 11:15:00,15214.434337694061
2026-04-17 11:30:00,15214.434337694061
2026-04-17 11:45:00,15214.434337694061
2026-04-17 12:00:00,15214.434337694061
2026-04-17 12:15:00,15214.434337694061
2026-04-17 12:30:00,15214.434337694061
2026-04-17 12:45:00,15214.434337694061
2026-04-17 13:00:00,15214.434337694061
2026-04-17 13:15:00,15214.434337694061
2026-04-17 13:30:00,15214.434337694061
2026-04-17 13:45:00,15214.434337694061
2026-04-17 14:00:00,15214.434337694061
2026-04-17 14:15:00,15214.434337694061
2026-04-17 14:30:00,15214.434337694061
2026-04-17 14:45:00,15214.434337694061
2026-04-17 15:00:00,15214.434337694061
2026-04-17 15:15:00,15214.434337694061
2026-04-17 15:30:00,15214.434337694061
2026-04-17 15:45:00,15214.434337694061
2026-04-17 16:00:00,15214.434337694061
2026-04-17 16:15:00,15214.434337694061
2026-04-17 16:30:00,15214.434337694061
2026-04-17 16:45:00,15214.434337694061
2026-04-17 17:00:00,15214.434337694061
2026-04-17 17:15:00,15214.434337694061
2026-04-17 17:30:00,15214.434337694061
2026-04-17 17:45:00,15214.434337694061
2026-04-17 18:00:00,15214.434337694061
2026-04-17 18:15:00,15214.434337694061
2026-04-17 18:30:00,15214.434337694061
2026-04-17 18:45:00,15214.434337694061
2026-04-17 19:00:00,15214.434337694061
2026-04-17 19:15:00,15214.434337694061
2026-04-17 19:30:00,15214.434337694061
2026-04-17 19:45:00,15214.434337694061
2026-04-17 20:00:00,15214.434337694061
2026-04-17 20:15:00,15214.434337694061
2026-04-17 20:30:00,15214.434337694061
2026-04-17 20:45:00,15214.434337694061
2026-04-17 21:00:00,15214.434337694061
2026-04-17 21:15:00,15214.434337694061
2026-04-17 21:30:00,15214.434337694061
2026-04-17 21:45:00,15214.434337694061
2026-04-17 22:00:00,15214.434337694061
2026-04-17 22:15:00,15214.434337694061
2026-04-17 22:30:00,15214.434337694061
2026-04-17 22:45:00,15214.434337694061
2026-04-17 23:00:00,15214.434337694061
2026-04-17 23:15:00,15214.434337694061
2026-04-17 23:30:00,15214.434337694061
2026-04-17 23:45:00,15214.434337694061
2026-04-20 01:00:00,15214.434337694061
2026-04-20 01:15:00,15214.434337694061
2026-04-20 01:30:00,15214.434337694061
2026-04-20 01:45:00,15214.434337694061
2026-04-20 02:00:00,15214.434337694061
2026-04-20 02:15:00,15214.434337694061
2026-04-20 02:30:00,15214.434337694061
2026-04-20 02:45:00,15214.434337694061
2026-04-20 03:00:00,15214.434337694061
2026-04-20 03:15:00,15214.434337694061
2026-04-20 03:30:00,15214.434337694061
2026-04-20 03:45:00,15214.434337694061
2026-04-20 04:00:00,15214.434337694061
2026-04-20 04:15:00,15214.434337694061
2026-04-20 04:30:00,15214.434337694061
2026-04-20 04:45:00,15214.434337694061
2026-04-20 05:00:00,15214.434337694061
2026-04-20 05:15:00,15214.434337694061
2026-04-20 05:30:00,15214.434337694061
2026-04-20 05:45:00,15214.434337694061
2026-04-20 06:00:00,15214.434337694061
2026-04-20 06:15:00,15214.434337694061
2026-04-20 06:30:00,15214.434337694061
2026-04-20 06:45:00,15214.434337694061
2026-04-20 07:00:00,15214.434337694061
2026-04-20 07:15:00,15214.434337694061
2026-04-20 07:30:00,15214.434337694061
2026-04-20 07:45:00,15214.434337694061
2026-04-20 08:00:00,15214.434337694061
2026-04-20 08:15:00,15214.434337694061
2026-04-20 08:30:00,15214.434337694061
2026-04-20 08:45:00,15214.434337694061
2026-04-20 09:00:00,15214.434337694061
2026-04-20 09:15:00,15214.434337694061
2026-04-20 09:30:00,15214.434337694061
2026-04-20 09:45:00,15214.434337694061
2026-04-20 10:00:00,15214.434337694061
2026-04-20 10:15:00,15214.434337694061
2026-04-20 10:30:00,15214.434337694061
2026-04-20 10:45:00,15214.434337694061
2026-04-20 11:00:00,15214.434337694061
2026-04-20 11:15:00,15214.434337694061
2026-04-20 11:30:00,15214.434337694061
2026-04-20 11:45:00,15214.434337694061
2026-04-20 12:00:00,15214.434337694061
2026-04-20 12:15:00,15214.434337694061
2026-04-20 12:30:00,15214.434337694061
2026-04-20 12:45:00,15214.434337694061
2026-04-20 13:00:00,15214.434337694061
2026-04-20 13:15:00,15214.434337694061
2026-04-20 13:30:00,15214.434337694061
2026-04-20 13:45:00,15214.434337694061
2026-04-20 14:00:00,15214.434337694061
2026-04-20 14:15:00,15214.434337694061
2026-04-20 14:30:00,15214.434337694061
2026-04-20 14:45:00,15214.434337694061
2026-04-20 15:00:00,15214.434337694061
2026-04-20 15:15:00,15214.434337694061
2026-04-20 15:30:00,15214.434337694061
2026-04-20 15:45:00,15214.434337694061
2026-04-20 16:00:00,15214.434337694061
2026-04-20 16:15:00,15214.434337694061
2026-04-20 16:30:00,15214.434337694061
2026-04-20 16:45:00,15214.434337694061
2026-04-20 17:00:00,15214.434337694061
2026-04-20 17:15:00,15214.434337694061
2026-04-20 17:30:00,15214.434337694061
2026-04-20 17:45:00,15214.434337694061
2026-04-20 18:00:00,15214.434337694061
2026-04-20 18:15:00,15214.434337694061
2026-04-20 18:30:00,15214.434337694061
2026-04-20 18:45:00,15214.434337694061
2026-04-20 19:00:00,15214.434337694061
2026-04-20 19:15:00,15214.434337694061
2026-04-20 19:30:00,15214.434337694061
2026-04-20 19:45:00,15214.434337694061
2026-04-20 20:00:00,15214.434337694061
2026-04-20 20:15:00,15214.434337694061
2026-04-20 20:30:00,15214.434337694061
2026-04-20 20:45:00,15214.434337694061
2026-04-20 21:00:00,15214.434337694061
2026-04-20 21:15:00,15214.434337694061
2026-04-20 21:30:00,15214.434337694061
2026-04-20 21:45:00,15214.434337694061
2026-04-20 22:00:00,15214.434337694061
2026-04-20 22:15:00,15214.434337694061
2026-04-20 22:30:00,15214.434337694061
2026-04-20 22:45:00,15214.434337694061
2026-04-20 23:00:00,15214.434337694061
2026-04-20 23:15:00,15214.434337694061
2026-04-20 23:30:00,15214.434337694061
2026-04-20 23:45:00,15214.434337694061
2026-04-21 01:00:00,15214.434337694061
2026-04-21 01:15:00,15214.434337694061
2026-04-21 01:30:00,15214.434337694061
2026-04-21 01:45:00,15214.434337694061
2026-04-21 02:00:00,15214.434337694061
2026-04-21 02:15:00,15214.434337694061
2026-04-21 02:30:00,15214.434337694061
2026-04-21 02:45:00,15214.434337694061
2026-04-21 03:00:00,15214.434337694061
2026-04-21 03:15:00,15214.434337694061
2026-04-21 03:30:00,15214.434337694061
2026-04-21 03:45:00,15214.434337694061
2026-04-21 04:00:00,15214.434337694061
2026-04-21 04:15:00,15214.434337694061
2026-04-21 04:30:00,15214.434337694061
2026-04-21 04:45:00,15214.434337694061
2026-04-21 05:00:00,15214.434337694061
2026-04-21 05:15:00,15214.434337694061
2026-04-21 05:30:00,15214.434337694061
2026-04-21 05:45:00,15214.434337694061
2026-04-21 06:00:00,15214.434337694061
2026-04-21 06:15:00,15214.434337694061
2026-04-21 06:30:00,15214.434337694061
2026-04-21 06:45:00,15214.434337694061
2026-04-21 07:00:00,15214.434337694061
2026-04-21 07:15:00,15214.434337694061
2026-04-21 07:30:00,15214.434337694061
2026-04-21 07:45:00,15214.434337694061
2026-04-21 08:00:00,15214.434337694061
2026-04-21 08:15:00,15214.434337694061
2026-04-21 08:30:00,15214.434337694061
2026-04-21 08:45:00,15214.434337694061
2026-04-21 09:00:00,15214.434337694061
2026-04-21 09:15:00,15214.434337694061
2026-04-21 09:30:00,15214.434337694061
2026-04-21 09:45:00,15214.434337694061
2026-04-21 10:00:00,15214.434337694061
2026-04-21 10:15:00,15214.434337694061
2026-04-21 10:30:00,15214.434337694061
2026-04-21 10:45:00,15214.434337694061
2026-04-21 11:00:00,15214.434337694061
2026-04-21 11:15:00,15214.434337694061
2026-04-21 11:30:00,15214.434337694061
2026-04-21 11:45:00,15214.434337694061
2026-04-21 12:00:00,15214.434337694061
2026-04-21 12:15:00,15214.434337694061
2026-04-21 12:30:00,15214.434337694061
2026-04-21 12:45:00,15214.434337694061
2026-04-21 13:00:00,15214.434337694061
2026-04-21 13:15:00,15214.434337694061
2026-04-21 13:30:00,15214.434337694061
2026-04-21 13:45:00,15214.434337694061
2026-04-21 14:00:00,15214.434337694061
2026-04-21 14:15:00,15214.434337694061
2026-04-21 14:30:00,15214.434337694061
2026-04-21 14:45:00,15214.434337694061
2026-04-21 15:00:00,15214.434337694061
2026-04-21 15:15:00,15214.434337694061
2026-04-21 15:30:00,15214.434337694061
2026-04-21 15:45:00,15214.434337694061
2026-04-21 16:00:00,15214.434337694061
2026-04-21 16:15:00,15214.434337694061
2026-04-21 16:30:00,15214.434337694061
2026-04-21 16:45:00,15214.434337694061
2026-04-21 17:00:00,15214.434337694061
2026-04-21 17:15:00,15214.434337694061
2026-04-21 17:30:00,15214.434337694061
2026-04-21 17:45:00,15214.434337694061
2026-04-21 18:00:00,15214.434337694061
2026-04-21 18:15:00,15214.434337694061
2026-04-21 18:30:00,15214.434337694061
2026-04-21 18:45:00,15214.434337694061
2026-04-21 19:00:00,15214.434337694061
2026-04-21 19:15:00,15214.434337694061
2026-04-21 19:30:00,15214.434337694061
2026-04-21 19:45:00,15214.434337694061
2026-04-21 20:00:00,15214.434337694061
2026-04-21 20:15:00,15214.434337694061
2026-04-21 20:30:00,15214.434337694061
2026-04-21 20:45:00,15214.434337694061
2026-04-21 21:00:00,15214.434337694061
2026-04-21 21:15:00,15214.434337694061
2026-04-21 21:30:00,15214.434337694061
2026-04-21 21:45:00,15214.434337694061
2026-04-21 22:00:00,15214.434337694061
2026-04-21 22:15:00,15214.434337694061
2026-04-21 22:30:00,15214.434337694061
2026-04-21 22:45:00,15214.434337694061
2026-04-21 23:00:00,15214.434337694061
2026-04-21 23:15:00,15214.434337694061
2026-04-21 23:30:00,15214.434337694061
2026-04-21 23:45:00,15214.434337694061
2026-04-22 01:00:00,15214.434337694061
2026-04-22 01:15:00,15214.434337694061
2026-04-22 01:30:00,15214.434337694061
2026-04-22 01:45:00,15214.434337694061
2026-04-22 02:00:00,15214.434337694061
2026-04-22 02:15:00,15214.434337694061
2026-04-22 02:30:00,15214.434337694061
2026-04-22 02:45:00,15214.434337694061
2026-04-22 03:00:00,15214.434337694061
2026-04-22 03:15:00,15214.434337694061
2026-04-22 03:30:00,15214.434337694061
2026-04-22 03:45:00,15214.434337694061
2026-04-22 04:00:00,15214.434337694061
2026-04-22 04:15:00,15214.434337694061
2026-04-22 04:30:00,15214.434337694061
2026-04-22 04:45:00,15214.434337694061
2026-04-22 05:00:00,15214.434337694061
2026-04-22 05:15:00,15214.434337694061
2026-04-22 05:30:00,15214.434337694061
2026-04-22 05:45:00,15214.434337694061
2026-04-22 06:00:00,15214.434337694061
2026-04-22 06:15:00,15214.434337694061
2026-04-22 06:30:00,15214.434337694061
2026-04-22 06:45:00,15214.434337694061
2026-04-22 07:00:00,15214.434337694061
2026-04-22 07:15:00,15214.434337694061
2026-04-22 07:30:00,15214.434337694061
2026-04-22 07:45:00,15214.434337694061
2026-04-22 08:00:00,15214.434337694061
2026-04-22 08:15:00,15214.434337694061
2026-04-22 08:30:00,15214.434337694061
2026-04-22 08:45:00,15214.434337694061
2026-04-22 09:00:00,15214.434337694061
2026-04-22 09:15:00,15214.434337694061
2026-04-22 09:30:00,15214.434337694061
2026-04-22 09:45:00,15214.434337694061
2026-04-22 10:00:00,15214.434337694061
2026-04-22 10:15:00,15214.434337694061
2026-04-22 10:30:00,15214.434337694061
2026-04-22 10:45:00,15214.434337694061
2026-04-22 11:00:00,15214.434337694061
2026-04-22 11:15:00,15214.434337694061
2026-04-22 11:30:00,15214.434337694061
2026-04-22 11:45:00,15214.434337694061
2026-04-22 12:00:00,15214.434337694061
2026-04-22 12:15:00,15214.434337694061
2026-04-22 12:30:00,15214.434337694061
2026-04-22 12:45:00,15214.434337694061
2026-04-22 13:00:00,15214.434337694061
2026-04-22 13:15:00,15214.434337694061
2026-04-22 13:30:00,15214.434337694061
2026-04-22 13:45:00,15214.434337694061
2026-04-22 14:00:00,15214.434337694061
2026-04-22 14:15:00,15214.434337694061
2026-04-22 14:30:00,15214.434337694061
2026-04-22 14:45:00,15214.434337694061
2026-04-22 15:00:00,15214.434337694061
2026-04-22 15:15:00,15214.434337694061
2026-04-22 15:30:00,15214.434337694061
2026-04-22 15:45:00,15214.434337694061
2026-04-22 16:00:00,15214.434337694061
2026-04-22 16:15:00,15214.434337694061
2026-04-22 16:30:00,15214.434337694061
2026-04-22 16:45:00,15214.434337694061
2026-04-22 17:00:00,15214.434337694061
2026-04-22 17:15:00,15214.434337694061
2026-04-22 17:30:00,15214.434337694061
2026-04-22 17:45:00,15214.434337694061
2026-04-22 18:00:00,15214.434337694061
2026-04-22 18:15:00,15214.434337694061
2026-04-22 18:30:00,15214.434337694061
2026-04-22 18:45:00,15214.434337694061
2026-04-22 19:00:00,15214.434337694061
2026-04-22 19:15:00,15214.434337694061
2026-04-22 19:30:00,15214.434337694061
2026-04-22 19:45:00,15214.434337694061
2026-04-22 20:00:00,15214.434337694061
2026-04-22 20:15:00,15214.434337694061
2026-04-22 20:30:00,15214.434337694061
2026-04-22 20:45:00,15214.434337694061
2026-04-22 21:00:00,15214.434337694061
2026-04-22 21:15:00,15214.434337694061
2026-04-22 21:30:00,15214.434337694061
2026-04-22 21:45:00,15214.434337694061
2026-04-22 22:00:00,15214.434337694061
2026-04-22 22:15:00,15214.434337694061
2026-04-22 22:30:00,15214.434337694061
2026-04-22 22:45:00,15214.434337694061
2026-04-22 23:00:00,15214.434337694061
2026-04-22 23:15:00,15214.434337694061
2026-04-22 23:30:00,15214.434337694061
2026-04-22 23:45:00,15214.434337694061
2026-04-23 01:00:00,15214.434337694061
2026-04-23 01:15:00,15214.434337694061
2026-04-23 01:30:00,15214.434337694061
2026-04-23 01:45:00,15214.434337694061
2026-04-23 02:00:00,15214.434337694061
2026-04-23 02:15:00,15214.434337694061
2026-04-23 02:30:00,15214.434337694061
2026-04-23 02:45:00,15214.434337694061
2026-04-23 03:00:00,15214.434337694061
2026-04-23 03:15:00,15214.434337694061
2026-04-23 03:30:00,15214.434337694061
2026-04-23 03:45:00,15214.434337694061
2026-04-23 04:00:00,15214.434337694061
2026-04-23 04:15:00,15214.434337694061
2026-04-23 04:30:00,15214.434337694061
2026-04-23 04:45:00,15214.434337694061
2026-04-23 05:00:00,15214.434337694061
2026-04-23 05:15:00,15214.434337694061
2026-04-23 05:30:00,15214.434337694061
2026-04-23 05:45:00,15214.434337694061
2026-04-23 06:00:00,15214.434337694061
2026-04-23 06:15:00,15214.434337694061
2026-04-23 06:30:00,15214.434337694061
2026-04-23 06:45:00,15214.434337694061
2026-04-23 07:00:00,15214.434337694061
2026-04-23 07:15:00,15214.434337694061
2026-04-23 07:30:00,15214.434337694061
2026-04-23 07:45:00,15214.434337694061
2026-04-23 08:00:00,15214.434337694061
2026-04-23 08:15:00,15214.434337694061
2026-04-23 08:30:00,15214.434337694061
2026-04-23 08:45:00,15214.434337694061
2026-04-23 09:00:00,15214.434337694061
2026-04-23 09:15:00,15214.434337694061
2026-04-23 09:30:00,15214.434337694061
2026-04-23 09:45:00,15214.434337694061
2026-04-23 10:00:00,15214.434337694061
2026-04-23 10:15:00,15214.434337694061
2026-04-23 10:30:00,15214.434337694061
2026-04-23 10:45:00,15214.434337694061
2026-04-23 11:00:00,15214.434337694061
2026-04-23 11:15:00,15214.434337694061
2026-04-23 11:30:00,15214.434337694061
2026-04-23 11:45:00,15214.434337694061
2026-04-23 12:00:00,15214.434337694061
2026-04-23 12:15:00,15214.434337694061
2026-04-23 12:30:00,15214.434337694061
2026-04-23 12:45:00,15214.434337694061
2026-04-23 13:00:00,15214.434337694061
2026-04-23 13:15:00,15214.434337694061
2026-04-23 13:30:00,15214.434337694061
2026-04-23 13:45:00,15214.434337694061
2026-04-23 14:00:00,15214.434337694061
2026-04-23 14:15:00,15214.434337694061
2026-04-23 14:30:00,15214.434337694061
2026-04-23 14:45:00,15214.434337694061
2026-04-23 15:00:00,15214.434337694061
2026-04-23 15:15:00,15214.434337694061
2026-04-23 15:30:00,15214.434337694061
2026-04-23 15:45:00,15214.434337694061
2026-04-23 16:00:00,15214.434337694061
2026-04-23 16:15:00,15214.434337694061
2026-04-23 16:30:00,15214.434337694061
2026-04-23 16:45:00,15214.434337694061
2026-04-23 17:00:00,15214.434337694061
2026-04-23 17:15:00,15214.434337694061
2026-04-23 17:30:00,15214.434337694061
2026-04-23 17:45:00,15214.434337694061
2026-04-23 18:00:00,15214.434337694061
2026-04-23 18:15:00,15214.434337694061
2026-04-23 18:30:00,15214.434337694061
2026-04-23 18:45:00,15214.434337694061
2026-04-23 19:00:00,15214.434337694061
2026-04-23 19:15:00,15214.434337694061
2026-04-23 19:30:00,15214.434337694061
2026-04-23 19:45:00,15214.434337694061
2026-04-23 20:00:00,15214.434337694061
2026-04-23 20:15:00,15214.434337694061
2026-04-23 20:30:00,15214.434337694061
2026-04-23 20:45:00,15214.434337694061
2026-04-23 21:00:00,15214.434337694061
2026-04-23 21:15:00,15214.434337694061
2026-04-23 21:30:00,15214.434337694061
2026-04-23 21:45:00,15214.434337694061
2026-04-23 22:00:00,15214.434337694061
2026-04-23 22:15:00,15214.434337694061
2026-04-23 22:30:00,15214.434337694061
2026-04-23 22:45:00,15214.434337694061
2026-04-23 23:00:00,15214.434337694061
2026-04-23 23:15:00,15214.434337694061
2026-04-23 23:30:00,15214.434337694061
2026-04-23 23:45:00,15214.434337694061
2026-04-24 01:00:00,15214.434337694061
2026-04-24 01:15:00,15214.434337694061
2026-04-24 01:30:00,15214.434337694061
2026-04-24 01:45:00,15214.434337694061
2026-04-24 02:00:00,15214.434337694061
2026-04-24 02:15:00,15214.434337694061
2026-04-24 02:30:00,15214.434337694061
2026-04-24 02:45:00,15214.434337694061
2026-04-24 03:00:00,15214.434337694061
2026-04-24 03:15:00,15214.434337694061
2026-04-24 03:30:00,15214.434337694061
2026-04-24 03:45:00,15214.434337694061
2026-04-24 04:00:00,15214.434337694061
2026-04-24 04:15:00,15214.434337694061
2026-04-24 04:30:00,15214.434337694061
2026-04-24 04:45:00,15214.434337694061
2026-04-24 05:00:00,15214.434337694061
2026-04-24 05:15:00,15214.434337694061
2026-04-24 05:30:00,15214.434337694061
2026-04-24 05:45:00,15214.434337694061
2026-04-24 06:00:00,15214.434337694061
2026-04-24 06:15:00,15214.434337694061
2026-04-24 06:30:00,15214.434337694061
2026-04-24 06:45:00,15214.434337694061
2026-04-24 07:00:00,15214.434337694061
2026-04-24 07:15:00,15214.434337694061
2026-04-24 07:30:00,15214.434337694061
2026-04-24 07:45:00,15214.434337694061
2026-04-24 08:00:00,15214.434337694061
2026-04-24 08:15:00,15214.434337694061
2026-04-24 08:30:00,15214.434337694061
2026-04-24 08:45:00,15214.434337694061
2026-04-24 09:00:00,15214.434337694061
2026-04-24 09:15:00,15214.434337694061
2026-04-24 09:30:00,15214.434337694061
2026-04-24 09:45:00,15214.434337694061
2026-04-24 10:00:00,15214.434337694061
2026-04-24 10:15:00,15214.434337694061
2026-04-24 10:30:00,15214.434337694061
2026-04-24 10:45:00,15214.434337694061
2026-04-24 11:00:00,15214.434337694061
2026-04-24 11:15:00,15214.434337694061
2026-04-24 11:30:00,15214.434337694061
2026-04-24 11:45:00,15214.434337694061
2026-04-24 12:00:00,15214.434337694061
2026-04-24 12:15:00,15214.434337694061
2026-04-24 12:30:00,15214.434337694061
2026-04-24 12:45:00,15214.434337694061
2026-04-24 13:00:00,15214.434337694061
2026-04-24 13:15:00,15214.434337694061
2026-04-24 13:30:00,15214.434337694061
2026-04-24 13:45:00,15214.434337694061
2026-04-24 14:00:00,15214.434337694061
2026-04-24 14:15:00,15214.434337694061
2026-04-24 14:30:00,15214.434337694061
2026-04-24 14:45:00,15214.434337694061
2026-04-24 15:00:00,15214.434337694061
2026-04-24 15:15:00,15214.434337694061
2026-04-24 15:30:00,15214.434337694061
2026-04-24 15:45:00,15214.434337694061
2026-04-24 16:00:00,15214.434337694061
2026-04-24 16:15:00,15214.434337694061
2026-04-24 16:30:00,15214.434337694061
2026-04-24 16:45:00,15214.434337694061
2026-04-24 17:00:00,15214.434337694061
2026-04-24 17:15:00,15214.434337694061
2026-04-24 17:30:00,15214.434337694061
2026-04-24 17:45:00,15214.434337694061
2026-04-24 18:00:00,15214.434337694061
2026-04-24 18:15:00,15214.434337694061
2026-04-24 18:30:00,15214.434337694061
2026-04-24 18:45:00,15214.434337694061
2026-04-24 19:00:00,15214.434337694061
2026-04-24 19:15:00,15214.434337694061
2026-04-24 19:30:00,15214.434337694061
2026-04-24 19:45:00,15214.434337694061
2026-04-24 20:00:00,15214.434337694061
2026-04-24 20:15:00,15214.434337694061
2026-04-24 20:30:00,15214.434337694061
2026-04-24 20:45:00,15214.434337694061
2026-04-24 21:00:00,15214.434337694061
2026-04-24 21:15:00,15214.434337694061
2026-04-24 21:30:00,15214.434337694061
2026-04-24 21:45:00,15214.434337694061
2026-04-24 22:00:00,15214.434337694061
2026-04-24 22:15:00,15214.434337694061
2026-04-24 22:30:00,15214.434337694061
2026-04-24 22:45:00,15214.434337694061
2026-04-24 23:00:00,15214.434337694061
2026-04-24 23:15:00,15214.434337694061
2026-04-24 23:30:00,15214.434337694061
2026-04-24 23:45:00,15214.434337694061
2026-04-27 01:00:00,15214.434337694061
2026-04-27 01:15:00,15214.434337694061
2026-04-27 01:30:00,15214.434337694061
2026-04-27 01:45:00,15214.434337694061
2026-04-27 02:00:00,15214.434337694061
2026-04-27 02:15:00,15214.434337694061
2026-04-27 02:30:00,15214.434337694061
2026-04-27 02:45:00,15214.434337694061
2026-04-27 03:00:00,15214.434337694061
2026-04-27 03:15:00,15214.434337694061
2026-04-27 03:30:00,15214.434337694061
2026-04-27 03:45:00,15214.434337694061
2026-04-27 04:00:00,15214.434337694061
2026-04-27 04:15:00,15214.434337694061
2026-04-27 04:30:00,15214.434337694061
2026-04-27 04:45:00,15214.434337694061
2026-04-27 05:00:00,15214.434337694061
2026-04-27 05:15:00,15214.434337694061
2026-04-27 05:30:00,15214.434337694061
2026-04-27 05:45:00,15214.434337694061
2026-04-27 06:00:00,15214.434337694061
2026-04-27 06:15:00,15214.434337694061
2026-04-27 06:30:00,15214.434337694061
2026-04-27 06:45:00,15214.434337694061
2026-04-27 07:00:00,15214.434337694061
2026-04-27 07:15:00,15214.434337694061
2026-04-27 07:30:00,15214.434337694061
2026-04-27 07:45:00,15214.434337694061
2026-04-27 08:00:00,15214.434337694061
2026-04-27 08:15:00,15214.434337694061
2026-04-27 08:30:00,15214.434337694061
2026-04-27 08:45:00,15214.434337694061
2026-04-27 09:00:00,15214.434337694061
2026-04-27 09:15:00,15214.434337694061
2026-04-27 09:30:00,15214.434337694061
2026-04-27 09:45:00,15214.434337694061
2026-04-27 10:00:00,15214.434337694061
2026-04-27 10:15:00,15214.434337694061
2026-04-27 10:30:00,15214.434337694061
2026-04-27 10:45:00,15214.434337694061
2026-04-27 11:00:00,15214.434337694061
2026-04-27 11:15:00,15214.434337694061
2026-04-27 11:30:00,15214.434337694061
2026-04-27 11:45:00,15214.434337694061
2026-04-27 12:00:00,15214.434337694061
2026-04-27 12:15:00,15214.434337694061
2026-04-27 12:30:00,15214.434337694061
2026-04-27 12:45:00,15214.434337694061
2026-04-27 13:00:00,15214.434337694061
2026-04-27 13:15:00,15214.434337694061
2026-04-27 13:30:00,15214.434337694061
2026-04-27 13:45:00,15214.434337694061
2026-04-27 14:00:00,15214.434337694061
2026-04-27 14:15:00,15214.434337694061
2026-04-27 14:30:00,15214.434337694061
2026-04-27 14:45:00,15214.434337694061
2026-04-27 15:00:00,15214.434337694061
2026-04-27 15:15:00,15214.434337694061
2026-04-27 15:30:00,15214.434337694061
2026-04-27 15:45:00,15214.434337694061
2026-04-27 16:00:00,15214.434337694061
2026-04-27 16:15:00,15214.434337694061
2026-04-27 16:30:00,15214.434337694061
2026-04-27 16:45:00,15214.434337694061
2026-04-27 17:00:00,15214.434337694061
2026-04-27 17:15:00,15214.434337694061
2026-04-27 17:30:00,15214.434337694061
2026-04-27 17:45:00,15214.434337694061
2026-04-27 18:00:00,15214.434337694061
2026-04-27 18:15:00,15214.434337694061
2026-04-27 18:30:00,15214.434337694061
2026-04-27 18:45:00,15214.434337694061
2026-04-27 19:00:00,15214.434337694061
2026-04-27 19:15:00,15214.434337694061
2026-04-27 19:30:00,15214.434337694061
2026-04-27 19:45:00,15214.434337694061
2026-04-27 20:00:00,15214.434337694061
2026-04-27 20:15:00,15214.434337694061
2026-04-27 20:30:00,15214.434337694061
2026-04-27 20:45:00,15214.434337694061
2026-04-27 21:00:00,15214.434337694061
2026-04-27 21:15:00,15214.434337694061
2026-04-27 21:30:00,15214.434337694061
2026-04-27 21:45:00,15214.434337694061
2026-04-27 22:00:00,15214.434337694061
2026-04-27 22:15:00,15214.434337694061
2026-04-27 22:30:00,15214.434337694061
2026-04-27 22:45:00,15214.434337694061
2026-04-27 23:00:00,15214.434337694061
2026-04-27 23:15:00,15214.434337694061
2026-04-27 23:30:00,15214.434337694061
2026-04-27 23:45:00,15214.434337694061
2026-04-28 01:00:00,15214.434337694061
2026-04-28 01:15:00,15214.434337694061
2026-04-28 01:30:00,15214.434337694061
2026-04-28 01:45:00,15214.434337694061
2026-04-28 02:00:00,15214.434337694061
2026-04-28 02:15:00,15214.434337694061
2026-04-28 02:30:00,15214.434337694061
2026-04-28 02:45:00,15214.434337694061
2026-04-28 03:00:00,15214.434337694061
2026-04-28 03:15:00,15214.434337694061
2026-04-28 03:30:00,15214.434337694061
2026-04-28 03:45:00,15214.434337694061
2026-04-28 04:00:00,15214.434337694061
2026-04-28 04:15:00,15214.434337694061
2026-04-28 04:30:00,15214.434337694061
2026-04-28 04:45:00,15214.434337694061
2026-04-28 05:00:00,15214.434337694061
2026-04-28 05:15:00,15214.434337694061
2026-04-28 05:30:00,15214.434337694061
2026-04-28 05:45:00,15214.434337694061
2026-04-28 06:00:00,15214.434337694061
2026-04-28 06:15:00,15214.434337694061
2026-04-28 06:30:00,15214.434337694061
2026-04-28 06:45:00,15214.434337694061
2026-04-28 07:00:00,15214.434337694061
2026-04-28 07:15:00,15214.434337694061
2026-04-28 07:30:00,15214.434337694061
2026-04-28 07:45:00,15214.434337694061
2026-04-28 08:00:00,15214.434337694061
2026-04-28 08:15:00,15214.434337694061
2026-04-28 08:30:00,15214.434337694061
2026-04-28 08:45:00,15214.434337694061
2026-04-28 09:00:00,15214.434337694061
2026-04-28 09:15:00,15214.434337694061
2026-04-28 09:30:00,15214.434337694061
2026-04-28 09:45:00,15214.434337694061
2026-04-28 10:00:00,15214.434337694061
2026-04-28 10:15:00,15214.434337694061
2026-04-28 10:30:00,15214.434337694061
2026-04-28 10:45:00,15214.434337694061
2026-04-28 11:00:00,15214.434337694061
2026-04-28 11:15:00,15214.434337694061
2026-04-28 11:30:00,15214.434337694061
2026-04-28 11:45:00,15214.434337694061
2026-04-28 12:00:00,15214.434337694061
2026-04-28 12:15:00,15214.434337694061
2026-04-28 12:30:00,15214.434337694061
2026-04-28 12:45:00,15214.434337694061
2026-04-28 13:00:00,15214.434337694061
2026-04-28 13:15:00,15214.434337694061
2026-04-28 13:30:00,15214.434337694061
2026-04-28 13:45:00,15214.434337694061
2026-04-28 14:00:00,15214.434337694061
2026-04-28 14:15:00,15214.434337694061
2026-04-28 14:30:00,15214.434337694061
2026-04-28 14:45:00,15214.434337694061
2026-04-28 15:00:00,15214.434337694061
2026-04-28 15:15:00,15214.434337694061
2026-04-28 15:30:00,15214.434337694061
2026-04-28 15:45:00,15214.434337694061
2026-04-28 16:00:00,15214.434337694061
2026-04-28 16:15:00,15214.434337694061
2026-04-28 16:30:00,15214.434337694061
2026-04-28 16:45:00,15214.434337694061
2026-04-28 17:00:00,15214.434337694061
2026-04-28 17:15:00,15214.434337694061
2026-04-28 17:30:00,15214.434337694061
2026-04-28 17:45:00,15214.434337694061
2026-04-28 18:00:00,15214.434337694061
2026-04-28 18:15:00,15214.434337694061
2026-04-28 18:30:00,15214.434337694061
2026-04-28 18:45:00,15214.434337694061
2026-04-28 19:00:00,15214.434337694061
2026-04-28 19:15:00,15214.434337694061
2026-04-28 19:30:00,15214.434337694061
2026-04-28 19:45:00,15214.434337694061
2026-04-28 20:00:00,15214.434337694061
2026-04-28 20:15:00,15214.434337694061
2026-04-28 20:30:00,15214.434337694061
2026-04-28 20:45:00,15214.434337694061
2026-04-28 21:00:00,15214.434337694061
2026-04-28 21:15:00,15214.434337694061
2026-04-28 21:30:00,15214.434337694061
2026-04-28 21:45:00,15214.434337694061
2026-04-28 22:00:00,15214.434337694061
2026-04-28 22:15:00,15214.434337694061
2026-04-28 22:30:00,15214.434337694061
2026-04-28 22:45:00,15214.434337694061
2026-04-28 23:00:00,15214.434337694061
2026-04-28 23:15:00,15214.434337694061
2026-04-28 23:30:00,15214.434337694061
2026-04-28 23:45:00,15214.434337694061
2026-04-29 01:00:00,15214.434337694061
2026-04-29 01:15:00,15214.434337694061
2026-04-29 01:30:00,15214.434337694061
2026-04-29 01:45:00,15214.434337694061
2026-04-29 02:00:00,15214.434337694061
2026-04-29 02:15:00,15214.434337694061
2026-04-29 02:30:00,15214.434337694061
2026-04-29 02:45:00,15214.434337694061
2026-04-29 03:00:00,15214.434337694061
2026-04-29 03:15:00,15214.434337694061
2026-04-29 03:30:00,15214.434337694061
2026-04-29 03:45:00,15214.434337694061
2026-04-29 04:00:00,15214.434337694061
2026-04-29 04:15:00,15214.434337694061
2026-04-29 04:30:00,15214.434337694061
2026-04-29 04:45:00,15214.434337694061
2026-04-29 05:00:00,15214.434337694061
2026-04-29 05:15:00,15214.434337694061
2026-04-29 05:30:00,15214.434337694061
2026-04-29 05:45:00,15214.434337694061
2026-04-29 06:00:00,15214.434337694061
2026-04-29 06:15:00,15214.434337694061
2026-04-29 06:30:00,15214.434337694061
2026-04-29 06:45:00,15214.434337694061
2026-04-29 07:00:00,15214.434337694061
2026-04-29 07:15:00,15214.434337694061
2026-04-29 07:30:00,15214.434337694061
2026-04-29 07:45:00,15214.434337694061
2026-04-29 08:00:00,15214.434337694061
2026-04-29 08:15:00,15214.434337694061
2026-04-29 08:30:00,15214.434337694061
2026-04-29 08:45:00,15214.434337694061
2026-04-29 09:00:00,15214.434337694061
2026-04-29 09:15:00,15214.434337694061
2026-04-29 09:30:00,15214.434337694061
2026-04-29 09:45:00,15214.434337694061
2026-04-29 10:00:00,15214.434337694061
2026-04-29 10:15:00,15214.434337694061
2026-04-29 10:30:00,15214.434337694061
2026-04-29 10:45:00,15214.434337694061
2026-04-29 11:00:00,15214.434337694061
2026-04-29 11:15:00,15214.434337694061
2026-04-29 11:30:00,15214.434337694061
2026-04-29 11:45:00,15214.434337694061
2026-04-29 12:00:00,15214.434337694061
2026-04-29 12:15:00,15214.434337694061
2026-04-29 12:30:00,15214.434337694061
2026-04-29 12:45:00,15214.434337694061
2026-04-29 13:00:00,15214.434337694061
2026-04-29 13:15:00,15214.434337694061
2026-04-29 13:30:00,15214.434337694061
2026-04-29 13:45:00,15214.434337694061
2026-04-29 14:00:00,15214.434337694061
2026-04-29 14:15:00,15214.434337694061
2026-04-29 14:30:00,15214.434337694061
2026-04-29 14:45:00,15214.434337694061
2026-04-29 15:00:00,15214.434337694061
2026-04-29 15:15:00,15214.434337694061
2026-04-29 15:30:00,15214.434337694061
2026-04-29 15:45:00,15214.434337694061
2026-04-29 16:00:00,15214.434337694061
2026-04-29 16:15:00,15214.434337694061
2026-04-29 16:30:00,15214.434337694061
2026-04-29 16:45:00,15214.434337694061
2026-04-29 17:00:00,15214.434337694061
2026-04-29 17:15:00,15214.434337694061
2026-04-29 17:30:00,15214.434337694061
2026-04-29 17:45:00,15214.434337694061
2026-04-29 18:00:00,15214.434337694061
2026-04-29 18:15:00,15214.434337694061
2026-04-29 18:30:00,15214.434337694061
2026-04-29 18:45:00,15214.434337694061
2026-04-29 19:00:00,15214.434337694061
2026-04-29 19:15:00,15214.434337694061
2026-04-29 19:30:00,15214.434337694061
2026-04-29 19:45:00,15214.434337694061
2026-04-29 20:00:00,15214.434337694061
2026-04-29 20:15:00,15214.434337694061
2026-04-29 20:30:00,15214.434337694061
2026-04-29 20:45:00,15214.434337694061
2026-04-29 21:00:00,15214.434337694061
2026-04-29 21:15:00,15214.434337694061
2026-04-29 21:30:00,15214.434337694061
2026-04-29 21:45:00,15214.434337694061
2026-04-29 22:00:00,15214.434337694061
2026-04-29 22:15:00,15214.434337694061
2026-04-29 22:30:00,15214.434337694061
2026-04-29 22:45:00,15214.434337694061
2026-04-29 23:00:00,15214.434337694061
2026-04-29 23:15:00,15214.434337694061
2026-04-29 23:30:00,15214.434337694061
2026-04-29 23:45:00,15214.434337694061
2026-04-30 01:00:00,15214.434337694061
2026-04-30 01:15:00,15214.434337694061
2026-04-30 01:30:00,15214.434337694061
2026-04-30 01:45:00,15214.434337694061
2026-04-30 02:00:00,15214.434337694061
2026-04-30 02:15:00,15214.434337694061
2026-04-30 02:30:00,15214.434337694061
2026-04-30 02:45:00,15214.434337694061
2026-04-30 03:00:00,15214.434337694061
2026-04-30 03:15:00,15214.434337694061
2026-04-30 03:30:00,15214.434337694061
2026-04-30 03:45:00,15214.434337694061
2026-04-30 04:00:00,15214.434337694061
2026-04-30 04:15:00,15214.434337694061
2026-04-30 04:30:00,15214.434337694061
2026-04-30 04:45:00,15214.434337694061
2026-04-30 05:00:00,15214.434337694061
2026-04-30 05:15:00,15214.434337694061
2026-04-30 05:30:00,15214.434337694061
2026-04-30 05:45:00,15214.434337694061
2026-04-30 06:00:00,15214.434337694061
2026-04-30 06:15:00,15214.434337694061
2026-04-30 06:30:00,15214.434337694061
2026-04-30 06:45:00,15214.434337694061
2026-04-30 07:00:00,15214.434337694061
2026-04-30 07:15:00,15214.434337694061
2026-04-30 07:30:00,15214.434337694061
2026-04-30 07:45:00,15214.434337694061
2026-04-30 08:00:00,15214.434337694061
2026-04-30 08:15:00,15214.434337694061
2026-04-30 08:30:00,15214.434337694061
2026-04-30 08:45:00,15214.434337694061
2026-04-30 09:00:00,15214.434337694061
2026-04-30 09:15:00,15214.434337694061
2026-04-30 09:30:00,15214.434337694061
2026-04-30 09:45:00,15214.434337694061
2026-04-30 10:00:00,15214.434337694061
2026-04-30 10:15:00,15214.434337694061
2026-04-30 10:30:00,15214.434337694061
2026-04-30 10:45:00,15214.434337694061
2026-04-30 11:00:00,15214.434337694061
2026-04-30 11:15:00,15214.434337694061
2026-04-30 11:30:00,15214.434337694061
2026-04-30 11:45:00,15214.434337694061
2026-04-30 12:00:00,15214.434337694061
2026-04-30 12:15:00,15214.434337694061
2026-04-30 12:30:00,15214.434337694061
2026-04-30 12:45:00,15214.434337694061
2026-04-30 13:00:00,15214.434337694061
2026-04-30 13:15:00,15214.434337694061
2026-04-30 13:30:00,15214.434337694061
2026-04-30 13:45:00,15214.434337694061
2026-04-30 14:00:00,15214.434337694061
2026-04-30 14:15:00,15214.434337694061
2026-04-30 14:30:00,15214.434337694061
2026-04-30 14:45:00,15214.434337694061
2026-04-30 15:00:00,15214.434337694061
2026-04-30 15:15:00,15214.434337694061
2026-04-30 15:30:00,15214.434337694061
2026-04-30 15:45:00,15214.434337694061
2026-04-30 16:00:00,15214.434337694061
2026-04-30 16:15:00,15214.434337694061
2026-04-30 16:30:00,15214.434337694061
2026-04-30 16:45:00,15214.434337694061
2026-04-30 17:00:00,15214.434337694061
2026-04-30 17:15:00,15214.434337694061
2026-04-30 17:30:00,15214.434337694061
2026-04-30 17:45:00,15214.434337694061
2026-04-30 18:00:00,15214.434337694061
2026-04-30 18:15:00,15214.434337694061
2026-04-30 18:30:00,15214.434337694061
2026-04-30 18:45:00,15214.434337694061
2026-04-30 19:00:00,15214.434337694061
2026-04-30 19:15:00,15214.434337694061
2026-04-30 19:30:00,15214.434337694061
2026-04-30 19:45:00,15214.434337694061
2026-04-30 20:00:00,15214.434337694061
2026-04-30 20:15:00,15214.434337694061
2026-04-30 20:30:00,15214.434337694061
2026-04-30 20:45:00,15214.434337694061
2026-04-30 21:00:00,15214.434337694061
2026-04-30 21:15:00,15214.434337694061
2026-04-30 21:30:00,15214.434337694061
2026-04-30 21:45:00,15214.434337694061
2026-04-30 22:00:00,15214.434337694061
2026-04-30 22:15:00,15214.434337694061
2026-04-30 22:30:00,15214.434337694061
2026-04-30 22:45:00,15214.434337694061
2026-04-30 23:00:00,15214.434337694061
2026-04-30 23:15:00,15214.434337694061
2026-04-30 23:30:00,15214.434337694061
2026-04-30 23:45:00,15214.434337694061
2026-05-01 01:00:00,15214.434337694061
2026-05-01 01:15:00,15214.434337694061
2026-05-01 01:30:00,15214.434337694061
2026-05-01 01:45:00,15214.434337694061
2026-05-01 02:00:00,15214.434337694061
2026-05-01 02:15:00,15214.434337694061
2026-05-01 02:30:00,15214.434337694061
2026-05-01 02:45:00,15214.434337694061
2026-05-01 03:00:00,15214.434337694061
2026-05-01 03:15:00,15214.434337694061
2026-05-01 03:30:00,15214.434337694061
2026-05-01 03:45:00,15214.434337694061
2026-05-01 04:00:00,15214.434337694061
2026-05-01 04:15:00,15214.434337694061
2026-05-01 04:30:00,15214.434337694061
2026-05-01 04:45:00,15214.434337694061
2026-05-01 05:00:00,15214.434337694061
2026-05-01 05:15:00,15214.434337694061
2026-05-01 05:30:00,15214.434337694061
2026-05-01 05:45:00,15214.434337694061
2026-05-01 06:00:00,15214.434337694061
2026-05-01 06:15:00,15214.434337694061
2026-05-01 06:30:00,15214.434337694061
2026-05-01 06:45:00,15214.434337694061
2026-05-01 07:00:00,15214.434337694061
2026-05-01 07:15:00,15214.434337694061
2026-05-01 07:30:00,15214.434337694061
2026-05-01 07:45:00,15214.434337694061
2026-05-01 08:00:00,15214.434337694061
2026-05-01 08:15:00,15214.434337694061
2026-05-01 08:30:00,15214.434337694061
2026-05-01 08:45:00,15214.434337694061
2026-05-01 09:00:00,15214.434337694061
2026-05-01 09:15:00,15214.434337694061
2026-05-01 09:30:00,15214.434337694061
2026-05-01 09:45:00,15214.434337694061
2026-05-01 10:00:00,15214.434337694061
2026-05-01 10:15:00,15214.434337694061
2026-05-01 10:30:00,15214.434337694061
2026-05-01 10:45:00,15214.434337694061
2026-05-01 11:00:00,15214.434337694061
2026-05-01 11:15:00,15214.434337694061
2026-05-01 11:30:00,15214.434337694061
2026-05-01 11:45:00,15214.434337694061
2026-05-01 12:00:00,15214.434337694061
2026-05-01 12:15:00,15214.434337694061
2026-05-01 12:30:00,15214.434337694061
2026-05-01 12:45:00,15214.434337694061
2026-05-01 13:00:00,15214.434337694061
2026-05-01 13:15:00,15214.434337694061
2026-05-01 13:30:00,15214.434337694061
2026-05-01 13:45:00,15214.434337694061
2026-05-01 14:00:00,15214.434337694061
2026-05-01 14:15:00,15214.434337694061
2026-05-01 14:30:00,15214.434337694061
2026-05-01 14:45:00,15214.434337694061
2026-05-01 15:00:00,15214.434337694061
2026-05-01 15:15:00,15214.434337694061
2026-05-01 15:30:00,15214.434337694061
2026-05-01 15:45:00,15214.434337694061
2026-05-01 16:00:00,15214.434337694061
2026-05-01 16:15:00,15214.434337694061
2026-05-01 16:30:00,15214.434337694061
2026-05-01 16:45:00,15214.434337694061
2026-05-01 17:00:00,15214.434337694061
2026-05-01 17:15:00,15214.434337694061
2026-05-01 17:30:00,15214.434337694061
2026-05-01 17:45:00,15214.434337694061
2026-05-01 18:00:00,15214.434337694061
2026-05-01 18:15:00,15214.434337694061
2026-05-01 18:30:00,15214.434337694061
2026-05-01 18:45:00,15214.434337694061
2026-05-01 19:00:00,15214.434337694061
2026-05-01 19:15:00,15214.434337694061
2026-05-01 19:30:00,15214.434337694061
2026-05-01 19:45:00,15214.434337694061
2026-05-01 20:00:00,15214.434337694061
2026-05-01 20:15:00,15214.434337694061
2026-05-01 20:30:00,15214.434337694061
2026-05-01 20:45:00,15214.434337694061
2026-05-01 21:00:00,15214.434337694061
2026-05-01 21:15:00,15214.434337694061
2026-05-01 21:30:00,15214.434337694061
2026-05-01 21:45:00,15214.434337694061
2026-05-01 22:00:00,15214.434337694061
2026-05-01 22:15:00,15214.434337694061
2026-05-01 22:30:00,15214.434337694061
2026-05-01 22:45:00,15214.434337694061
2026-05-01 23:00:00,15214.434337694061
2026-05-01 23:15:00,15214.434337694061
2026-05-01 23:30:00,15214.434337694061
2026-05-01 23:45:00,15214.434337694061
2026-05-04 01:00:00,15214.434337694061
2026-05-04 01:15:00,15214.434337694061
2026-05-04 01:30:00,15214.434337694061
2026-05-04 01:45:00,15214.434337694061
2026-05-04 02:00:00,15214.434337694061
2026-05-04 02:15:00,15214.434337694061
2026-05-04 02:30:00,15214.434337694061
2026-05-04 02:45:00,15214.434337694061
2026-05-04 03:00:00,15214.434337694061
2026-05-04 03:15:00,15214.434337694061
2026-05-04 03:30:00,15214.434337694061
2026-05-04 03:45:00,15214.434337694061
2026-05-04 04:00:00,15214.434337694061
2026-05-04 04:15:00,15214.434337694061
2026-05-04 04:30:00,15214.434337694061
2026-05-04 04:45:00,15214.434337694061
2026-05-04 05:00:00,15214.434337694061
2026-05-04 05:15:00,15214.434337694061
2026-05-04 05:30:00,15214.434337694061
2026-05-04 05:45:00,15214.434337694061
2026-05-04 06:00:00,15214.434337694061
2026-05-04 06:15:00,15214.434337694061
2026-05-04 06:30:00,15214.434337694061
2026-05-04 06:45:00,15214.434337694061
2026-05-04 07:00:00,15214.434337694061
2026-05-04 07:15:00,15214.434337694061
2026-05-04 07:30:00,15214.434337694061
2026-05-04 07:45:00,15214.434337694061
2026-05-04 08:00:00,15214.434337694061
2026-05-04 08:15:00,15214.434337694061
2026-05-04 08:30:00,15214.434337694061
2026-05-04 08:45:00,15214.434337694061
2026-05-04 09:00:00,15214.434337694061
2026-05-04 09:15:00,15214.434337694061
2026-05-04 09:30:00,15214.434337694061
2026-05-04 09:45:00,15214.434337694061
2026-05-04 10:00:00,15214.434337694061
2026-05-04 10:15:00,15214.434337694061
2026-05-04 10:30:00,15214.434337694061
2026-05-04 10:45:00,15214.434337694061
2026-05-04 11:00:00,15214.434337694061
2026-05-04 11:15:00,15214.434337694061
2026-05-04 11:30:00,15214.434337694061
2026-05-04 11:45:00,15214.434337694061
2026-05-04 12:00:00,15214.434337694061
2026-05-04 12:15:00,15214.434337694061
2026-05-04 12:30:00,15214.434337694061
2026-05-04 12:45:00,15214.434337694061
2026-05-04 13:00:00,15214.434337694061
2026-05-04 13:15:00,15214.434337694061
2026-05-04 13:30:00,15214.434337694061
2026-05-04 13:45:00,15214.434337694061
2026-05-04 14:00:00,15214.434337694061
2026-05-04 14:15:00,15214.434337694061
2026-05-04 14:30:00,15214.434337694061
2026-05-04 14:45:00,15214.434337694061
2026-05-04 15:00:00,15214.434337694061
2026-05-04 15:15:00,15214.434337694061
2026-05-04 15:30:00,15214.434337694061
2026-05-04 15:45:00,15214.434337694061
2026-05-04 16:00:00,15214.434337694061
2026-05-04 16:15:00,15214.434337694061
2026-05-04 16:30:00,15214.434337694061
2026-05-04 16:45:00,15214.434337694061
2026-05-04 17:00:00,15214.434337694061
2026-05-04 17:15:00,15214.434337694061
2026-05-04 17:30:00,15214.434337694061
2026-05-04 17:45:00,15214.434337694061
2026-05-04 18:00:00,15214.434337694061
2026-05-04 18:15:00,15214.434337694061
2026-05-04 18:30:00,15214.434337694061
2026-05-04 18:45:00,15214.434337694061
2026-05-04 19:00:00,15214.434337694061
2026-05-04 19:15:00,15214.434337694061
2026-05-04 19:30:00,15214.434337694061
2026-05-04 19:45:00,15214.434337694061
2026-05-04 20:00:00,15214.434337694061
2026-05-04 20:15:00,15214.434337694061
2026-05-04 20:30:00,15214.434337694061
2026-05-04 20:45:00,15214.434337694061
2026-05-04 21:00:00,15214.434337694061
2026-05-04 21:15:00,15214.434337694061
2026-05-04 21:30:00,15214.434337694061
2026-05-04 21:45:00,15214.434337694061
2026-05-04 22:00:00,15214.434337694061
2026-05-04 22:15:00,15214.434337694061
2026-05-04 22:30:00,15214.434337694061
2026-05-04 22:45:00,15214.434337694061
2026-05-04 23:00:00,15214.434337694061
2026-05-04 23:15:00,15214.434337694061
2026-05-04 23:30:00,15214.434337694061
2026-05-04 23:45:00,15214.434337694061
2026-05-05 01:00:00,15214.434337694061
2026-05-05 01:15:00,15214.434337694061
2026-05-05 01:30:00,15214.434337694061
2026-05-05 01:45:00,15214.434337694061
2026-05-05 02:00:00,15214.434337694061
2026-05-05 02:15:00,15214.434337694061
2026-05-05 02:30:00,15214.434337694061
2026-05-05 02:45:00,15214.434337694061
2026-05-05 03:00:00,15214.434337694061
2026-05-05 03:15:00,15214.434337694061
2026-05-05 03:30:00,15214.434337694061
2026-05-05 03:45:00,15214.434337694061
2026-05-05 04:00:00,15214.434337694061
2026-05-05 04:15:00,15214.434337694061
2026-05-05 04:30:00,15214.434337694061
2026-05-05 04:45:00,15214.434337694061
2026-05-05 05:00:00,15214.434337694061
2026-05-05 05:15:00,15214.434337694061
2026-05-05 05:30:00,15214.434337694061
2026-05-05 05:45:00,15214.434337694061
2026-05-05 06:00:00,15214.434337694061
2026-05-05 06:15:00,15214.434337694061
2026-05-05 06:30:00,15214.434337694061
2026-05-05 06:45:00,15214.434337694061
2026-05-05 07:00:00,15214.434337694061
2026-05-05 07:15:00,15214.434337694061
2026-05-05 07:30:00,15214.434337694061
2026-05-05 07:45:00,15214.434337694061
2026-05-05 08:00:00,15214.434337694061
2026-05-05 08:15:00,15214.434337694061
2026-05-05 08:30:00,15214.434337694061
2026-05-05 08:45:00,15214.434337694061
2026-05-05 09:00:00,15214.434337694061
2026-05-05 09:15:00,15214.434337694061
2026-05-05 09:30:00,15214.434337694061
2026-05-05 09:45:00,15214.434337694061
2026-05-05 10:00:00,15214.434337694061
2026-05-05 10:15:00,15214.434337694061
2026-05-05 10:30:00,15214.434337694061
2026-05-05 10:45:00,15214.434337694061
2026-05-05 11:00:00,15214.434337694061
2026-05-05 11:15:00,15214.434337694061
2026-05-05 11:30:00,15214.434337694061
2026-05-05 11:45:00,15214.434337694061
2026-05-05 12:00:00,15214.434337694061
2026-05-05 12:15:00,15214.434337694061
2026-05-05 12:30:00,15214.434337694061
2026-05-05 12:45:00,15214.434337694061
2026-05-05 13:00:00,15214.434337694061
2026-05-05 13:15:00,15214.434337694061
2026-05-05 13:30:00,15214.434337694061
2026-05-05 13:45:00,15214.434337694061
2026-05-05 14:00:00,15214.434337694061
2026-05-05 14:15:00,15214.434337694061
2026-05-05 14:30:00,15214.434337694061
2026-05-05 14:45:00,15214.434337694061
2026-05-05 15:00:00,15214.434337694061
2026-05-05 15:15:00,15214.434337694061
2026-05-05 15:30:00,15214.434337694061
2026-05-05 15:45:00,15214.434337694061
2026-05-05 16:00:00,15214.434337694061
2026-05-05 16:15:00,15214.434337694061
2026-05-05 16:30:00,15214.434337694061
2026-05-05 16:45:00,15214.434337694061
2026-05-05 17:00:00,15214.434337694061
2026-05-05 17:15:00,15214.434337694061
2026-05-05 17:30:00,15214.434337694061
2026-05-05 17:45:00,15214.434337694061
2026-05-05 18:00:00,15214.434337694061
2026-05-05 18:15:00,15214.434337694061
2026-05-05 18:30:00,15214.434337694061
2026-05-05 18:45:00,15214.434337694061
2026-05-05 19:00:00,15214.434337694061
2026-05-05 19:15:00,15214.434337694061
2026-05-05 19:30:00,15214.434337694061
2026-05-05 19:45:00,15214.434337694061
2026-05-05 20:00:00,15214.434337694061
2026-05-05 20:15:00,15214.434337694061
2026-05-05 20:30:00,15214.434337694061
2026-05-05 20:45:00,15214.434337694061
2026-05-05 21:00:00,15214.434337694061
2026-05-05 21:15:00,15214.434337694061
2026-05-05 21:30:00,15214.434337694061
2026-05-05 21:45:00,15214.434337694061
2026-05-05 22:00:00,15214.434337694061
2026-05-05 22:15:00,15214.434337694061
2026-05-05 22:30:00,15214.434337694061
2026-05-05 22:45:00,15214.434337694061
2026-05-05 23:00:00,15214.434337694061
2026-05-05 23:15:00,15214.434337694061
2026-05-05 23:30:00,15214.434337694061
2026-05-05 23:45:00,15214.434337694061
2026-05-06 01:00:00,15214.434337694061
2026-05-06 01:15:00,15214.434337694061
2026-05-06 01:30:00,15214.434337694061
2026-05-06 01:45:00,15214.434337694061
2026-05-06 02:00:00,15214.434337694061
2026-05-06 02:15:00,15214.434337694061
2026-05-06 02:30:00,15214.434337694061
2026-05-06 02:45:00,15214.434337694061
2026-05-06 03:00:00,15214.434337694061
2026-05-06 03:15:00,15214.434337694061
2026-05-06 03:30:00,15214.434337694061
2026-05-06 03:45:00,15214.434337694061
2026-05-06 04:00:00,15214.434337694061
2026-05-06 04:15:00,15214.434337694061
2026-05-06 04:30:00,15214.434337694061
2026-05-06 04:45:00,15214.434337694061
2026-05-06 05:00:00,15214.434337694061
2026-05-06 05:15:00,15214.434337694061
2026-05-06 05:30:00,15214.434337694061
2026-05-06 05:45:00,15214.434337694061
2026-05-06 06:00:00,15214.434337694061
2026-05-06 06:15:00,15214.434337694061
2026-05-06 06:30:00,15214.434337694061
2026-05-06 06:45:00,15214.434337694061
2026-05-06 07:00:00,15214.434337694061
2026-05-06 07:15:00,15214.434337694061
2026-05-06 07:30:00,15214.434337694061
2026-05-06 07:45:00,15214.434337694061
2026-05-06 08:00:00,15214.434337694061
2026-05-06 08:15:00,15214.434337694061
2026-05-06 08:30:00,15214.434337694061
2026-05-06 08:45:00,15214.434337694061
2026-05-06 09:00:00,15214.434337694061
2026-05-06 09:15:00,15214.434337694061
2026-05-06 09:30:00,15214.434337694061
2026-05-06 09:45:00,15214.434337694061
2026-05-06 10:00:00,15214.434337694061
2026-05-06 10:15:00,15214.434337694061
2026-05-06 10:30:00,15214.434337694061
2026-05-06 10:45:00,15214.434337694061
2026-05-06 11:00:00,15214.434337694061
2026-05-06 11:15:00,15214.434337694061
2026-05-06 11:30:00,15214.434337694061
2026-05-06 11:45:00,15214.434337694061
2026-05-06 12:00:00,15214.434337694061
2026-05-06 12:15:00,15214.434337694061
2026-05-06 12:30:00,15214.434337694061
2026-05-06 12:45:00,15214.434337694061
2026-05-06 13:00:00,15214.434337694061
2026-05-06 13:15:00,15214.434337694061
2026-05-06 13:30:00,15214.434337694061
2026-05-06 13:45:00,15214.434337694061
2026-05-06 14:00:00,15214.434337694061
2026-05-06 14:15:00,15214.434337694061
2026-05-06 14:30:00,15214.434337694061
2026-05-06 14:45:00,15214.434337694061
2026-05-06 15:00:00,15214.434337694061
2026-05-06 15:15:00,15214.434337694061
2026-05-06 15:30:00,15214.434337694061
2026-05-06 15:45:00,15214.434337694061
2026-05-06 16:00:00,15214.434337694061
2026-05-06 16:15:00,15214.434337694061
2026-05-06 16:30:00,15214.434337694061
2026-05-06 16:45:00,15214.434337694061
2026-05-06 17:00:00,15214.434337694061
2026-05-06 17:15:00,15214.434337694061
2026-05-06 17:30:00,15214.434337694061
2026-05-06 17:45:00,15214.434337694061
2026-05-06 18:00:00,15214.434337694061
2026-05-06 18:15:00,15214.434337694061
2026-05-06 18:30:00,15214.434337694061
2026-05-06 18:45:00,15214.434337694061
2026-05-06 19:00:00,15214.434337694061
2026-05-06 19:15:00,15214.434337694061
2026-05-06 19:30:00,15214.434337694061
2026-05-06 19:45:00,15214.434337694061
2026-05-06 20:00:00,15214.434337694061
2026-05-06 20:15:00,15214.434337694061
2026-05-06 20:30:00,15214.434337694061
2026-05-06 20:45:00,15214.434337694061
2026-05-06 21:00:00,15214.434337694061
2026-05-06 21:15:00,15214.434337694061
2026-05-06 21:30:00,15214.434337694061
2026-05-06 21:45:00,15214.434337694061
2026-05-06 22:00:00,15214.434337694061
2026-05-06 22:15:00,15214.434337694061
2026-05-06 22:30:00,15214.434337694061
2026-05-06 22:45:00,15214.434337694061
2026-05-06 23:00:00,15214.434337694061
2026-05-06 23:15:00,15214.434337694061
2026-05-06 23:30:00,15214.434337694061
2026-05-06 23:45:00,15214.434337694061
2026-05-07 01:00:00,15214.434337694061
2026-05-07 01:15:00,15214.434337694061
2026-05-07 01:30:00,15214.434337694061
2026-05-07 01:45:00,15214.434337694061
2026-05-07 02:00:00,15214.434337694061
2026-05-07 02:15:00,15214.434337694061
2026-05-07 02:30:00,15214.434337694061
2026-05-07 02:45:00,15214.434337694061
2026-05-07 03:00:00,15214.434337694061
2026-05-07 03:15:00,15214.434337694061
2026-05-07 03:30:00,15214.434337694061
2026-05-07 03:45:00,15214.434337694061
2026-05-07 04:00:00,15214.434337694061
2026-05-07 04:15:00,15214.434337694061
2026-05-07 04:30:00,15214.434337694061
2026-05-07 04:45:00,15214.434337694061
2026-05-07 05:00:00,15214.434337694061
2026-05-07 05:15:00,15214.434337694061
2026-05-07 05:30:00,15214.434337694061
2026-05-07 05:45:00,15214.434337694061
2026-05-07 06:00:00,15214.434337694061
2026-05-07 06:15:00,15214.434337694061
2026-05-07 06:30:00,15214.434337694061
2026-05-07 06:45:00,15214.434337694061
2026-05-07 07:00:00,15214.434337694061
2026-05-07 07:15:00,15214.434337694061
2026-05-07 07:30:00,15214.434337694061
2026-05-07 07:45:00,15214.434337694061
2026-05-07 08:00:00,15214.434337694061
2026-05-07 08:15:00,15214.434337694061
2026-05-07 08:30:00,15214.434337694061
2026-05-07 08:45:00,15214.434337694061
2026-05-07 09:00:00,15214.434337694061
2026-05-07 09:15:00,15214.434337694061
2026-05-07 09:30:00,15214.434337694061
2026-05-07 09:45:00,15214.434337694061
2026-05-07 10:00:00,15214.434337694061
2026-05-07 10:15:00,15214.434337694061
2026-05-07 10:30:00,15214.434337694061
2026-05-07 10:45:00,15214.434337694061
2026-05-07 11:00:00,15214.434337694061
2026-05-07 11:15:00,15214.434337694061
2026-05-07 11:30:00,15214.434337694061
2026-05-07 11:45:00,15214.434337694061
2026-05-07 12:00:00,15214.434337694061
2026-05-07 12:15:00,15214.434337694061
2026-05-07 12:30:00,15214.434337694061
2026-05-07 12:45:00,15214.434337694061
2026-05-07 13:00:00,15214.434337694061
2026-05-07 13:15:00,15214.434337694061
2026-05-07 13:30:00,15214.434337694061
2026-05-07 13:45:00,15214.434337694061
2026-05-07 14:00:00,15214.434337694061
2026-05-07 14:15:00,15214.434337694061
2026-05-07 14:30:00,15214.434337694061
2026-05-07 14:45:00,15214.434337694061
2026-05-07 15:00:00,15214.434337694061
2026-05-07 15:15:00,15214.434337694061
2026-05-07 15:30:00,15214.434337694061
2026-05-07 15:45:00,15214.434337694061
2026-05-07 16:00:00,15214.434337694061
2026-05-07 16:15:00,15214.434337694061
2026-05-07 16:30:00,15214.434337694061
2026-05-07 16:45:00,15214.434337694061
2026-05-07 17:00:00,15214.434337694061
2026-05-07 17:15:00,15214.434337694061
2026-05-07 17:30:00,15214.434337694061
2026-05-07 17:45:00,15214.434337694061
2026-05-07 18:00:00,15214.434337694061
2026-05-07 18:15:00,15214.434337694061
2026-05-07 18:30:00,15214.434337694061
2026-05-07 18:45:00,15214.434337694061
2026-05-07 19:00:00,15214.434337694061
2026-05-07 19:15:00,15214.434337694061
2026-05-07 19:30:00,15214.434337694061
2026-05-07 19:45:00,15214.434337694061
2026-05-07 20:00:00,15214.434337694061
2026-05-07 20:15:00,15214.434337694061
2026-05-07 20:30:00,15214.434337694061
2026-05-07 20:45:00,15214.434337694061
2026-05-07 21:00:00,15214.434337694061
2026-05-07 21:15:00,15214.434337694061
2026-05-07 21:30:00,15214.434337694061
2026-05-07 21:45:00,15214.434337694061
2026-05-07 22:00:00,15214.434337694061
2026-05-07 22:15:00,15214.434337694061
2026-05-07 22:30:00,15214.434337694061
2026-05-07 22:45:00,15214.434337694061
2026-05-07 23:00:00,15214.434337694061
2026-05-07 23:15:00,15214.434337694061
2026-05-07 23:30:00,15214.434337694061
2026-05-07 23:45:00,15214.434337694061
2026-05-08 01:00:00,15214.434337694061
2026-05-08 01:15:00,15214.434337694061
2026-05-08 01:30:00,15214.434337694061
2026-05-08 01:45:00,15214.434337694061
2026-05-08 02:00:00,15214.434337694061
2026-05-08 02:15:00,15214.434337694061
2026-05-08 02:30:00,15214.434337694061
2026-05-08 02:45:00,15214.434337694061
2026-05-08 03:00:00,15214.434337694061
2026-05-08 03:15:00,15214.434337694061
2026-05-08 03:30:00,15214.434337694061
2026-05-08 03:45:00,15214.434337694061
2026-05-08 04:00:00,15214.434337694061
2026-05-08 04:15:00,15214.434337694061
2026-05-08 04:30:00,15214.434337694061
2026-05-08 04:45:00,15214.434337694061
2026-05-08 05:00:00,15214.434337694061
2026-05-08 05:15:00,15214.434337694061
2026-05-08 05:30:00,15214.434337694061
2026-05-08 05:45:00,15214.434337694061
2026-05-08 06:00:00,15214.434337694061
2026-05-08 06:15:00,15214.434337694061
2026-05-08 06:30:00,15214.434337694061
2026-05-08 06:45:00,15214.434337694061
2026-05-08 07:00:00,15214.434337694061
2026-05-08 07:15:00,15214.434337694061
2026-05-08 07:30:00,15214.434337694061
2026-05-08 07:45:00,15214.434337694061
2026-05-08 08:00:00,15214.434337694061
2026-05-08 08:15:00,15214.434337694061
2026-05-08 08:30:00,15214.434337694061
2026-05-08 08:45:00,15214.434337694061
2026-05-08 09:00:00,15214.434337694061
2026-05-08 09:15:00,15214.434337694061
2026-05-08 09:30:00,15214.434337694061
2026-05-08 09:45:00,15214.434337694061
2026-05-08 10:00:00,15214.434337694061
2026-05-08 10:15:00,15214.434337694061
2026-05-08 10:30:00,15214.434337694061
2026-05-08 10:45:00,15214.434337694061
2026-05-08 11:00:00,15214.434337694061
2026-05-08 11:15:00,15214.434337694061
2026-05-08 11:30:00,15214.434337694061
2026-05-08 11:45:00,15214.434337694061
2026-05-08 12:00:00,15214.434337694061
2026-05-08 12:15:00,15214.434337694061
2026-05-08 12:30:00,15214.434337694061
2026-05-08 12:45:00,15214.434337694061
2026-05-08 13:00:00,15214.434337694061
2026-05-08 13:15:00,15214.434337694061
2026-05-08 13:30:00,15214.434337694061
2026-05-08 13:45:00,15214.434337694061
2026-05-08 14:00:00,15214.434337694061
2026-05-08 14:15:00,15214.434337694061
2026-05-08 14:30:00,15214.434337694061
2026-05-08 14:45:00,15214.434337694061
2026-05-08 15:00:00,15214.434337694061
2026-05-08 15:15:00,15214.434337694061
2026-05-08 15:30:00,15214.434337694061
2026-05-08 15:45:00,15214.434337694061
2026-05-08 16:00:00,15214.434337694061
2026-05-08 16:15:00,15214.434337694061
2026-05-08 16:30:00,15214.434337694061
2026-05-08 16:45:00,15214.434337694061
2026-05-08 17:00:00,15214.434337694061
2026-05-08 17:15:00,15214.434337694061
2026-05-08 17:30:00,15214.434337694061
2026-05-08 17:45:00,15214.434337694061
2026-05-08 18:00:00,15214.434337694061
2026-05-08 18:15:00,15214.434337694061
2026-05-08 18:30:00,15214.434337694061
2026-05-08 18:45:00,15214.434337694061
2026-05-08 19:00:00,15214.434337694061
2026-05-08 19:15:00,15214.434337694061
2026-05-08 19:30:00,15214.434337694061
2026-05-08 19:45:00,15214.434337694061
2026-05-08 20:00:00,15214.434337694061
2026-05-08 20:15:00,15214.434337694061
2026-05-08 20:30:00,15214.434337694061
2026-05-08 20:45:00,15214.434337694061
2026-05-08 21:00:00,15214.434337694061
2026-05-08 21:15:00,15214.434337694061
2026-05-08 21:30:00,15214.434337694061
2026-05-08 21:45:00,15214.434337694061
2026-05-08 22:00:00,15214.434337694061
2026-05-08 22:15:00,15214.434337694061
2026-05-08 22:30:00,15214.434337694061
2026-05-08 22:45:00,15214.434337694061
2026-05-08 23:00:00,15214.434337694061
2026-05-08 23:15:00,15214.434337694061
2026-05-08 23:30:00,15214.434337694061
2026-05-08 23:45:00,15214.434337694061
2026-05-11 01:00:00,15214.434337694061
2026-05-11 01:15:00,15214.434337694061
2026-05-11 01:30:00,15214.434337694061
2026-05-11 01:45:00,15214.434337694061
2026-05-11 02:00:00,15214.434337694061
2026-05-11 02:15:00,15214.434337694061
2026-05-11 02:30:00,15214.434337694061
2026-05-11 02:45:00,15214.434337694061
2026-05-11 03:00:00,15214.434337694061
2026-05-11 03:15:00,15214.434337694061
2026-05-11 03:30:00,15214.434337694061
2026-05-11 03:45:00,15214.434337694061
2026-05-11 04:00:00,15214.434337694061
2026-05-11 04:15:00,15214.434337694061
2026-05-11 04:30:00,15214.434337694061
2026-05-11 04:45:00,15214.434337694061
2026-05-11 05:00:00,15214.434337694061
2026-05-11 05:15:00,15214.434337694061
2026-05-11 05:30:00,15214.434337694061
2026-05-11 05:45:00,15214.434337694061
2026-05-11 06:00:00,15214.434337694061
2026-05-11 06:15:00,15214.434337694061
2026-05-11 06:30:00,15214.434337694061
2026-05-11 06:45:00,15214.434337694061
2026-05-11 07:00:00,15214.434337694061
2026-05-11 07:15:00,15214.434337694061
2026-05-11 07:30:00,15214.434337694061
2026-05-11 07:45:00,15214.434337694061
2026-05-11 08:00:00,15214.434337694061
2026-05-11 08:15:00,15214.434337694061
2026-05-11 08:30:00,15214.434337694061
2026-05-11 08:45:00,15214.434337694061
2026-05-11 09:00:00,15214.434337694061
2026-05-11 09:15:00,15214.434337694061
2026-05-11 09:30:00,15214.434337694061
2026-05-11 09:45:00,15214.434337694061
2026-05-11 10:00:00,15214.434337694061
2026-05-11 10:15:00,15214.434337694061
2026-05-11 10:30:00,15214.434337694061
2026-05-11 10:45:00,15214.434337694061
2026-05-11 11:00:00,15214.434337694061
2026-05-11 11:15:00,15214.434337694061
2026-05-11 11:30:00,15214.434337694061
2026-05-11 11:45:00,15214.434337694061
2026-05-11 12:00:00,15214.434337694061
2026-05-11 12:15:00,15214.434337694061
2026-05-11 12:30:00,15214.434337694061
2026-05-11 12:45:00,15214.434337694061
2026-05-11 13:00:00,15214.434337694061
2026-05-11 13:15:00,15214.434337694061
2026-05-11 13:30:00,15214.434337694061
2026-05-11 13:45:00,15214.434337694061
2026-05-11 14:00:00,15214.434337694061
2026-05-11 14:15:00,15214.434337694061
2026-05-11 14:30:00,15214.434337694061
2026-05-11 14:45:00,15214.434337694061
2026-05-11 15:00:00,15214.434337694061
2026-05-11 15:15:00,15214.434337694061
2026-05-11 15:30:00,15214.434337694061
2026-05-11 15:45:00,15214.434337694061
2026-05-11 16:00:00,15214.434337694061
2026-05-11 16:15:00,15214.434337694061
2026-05-11 16:30:00,15214.434337694061
2026-05-11 16:45:00,15214.434337694061
2026-05-11 17:00:00,15214.434337694061
2026-05-11 17:15:00,15214.434337694061
2026-05-11 17:30:00,15214.434337694061
2026-05-11 17:45:00,15214.434337694061
2026-05-11 18:00:00,15214.434337694061
2026-05-11 18:15:00,15214.434337694061
2026-05-11 18:30:00,15214.434337694061
2026-05-11 18:45:00,15214.434337694061
2026-05-11 19:00:00,15214.434337694061
2026-05-11 19:15:00,15214.434337694061
2026-05-11 19:30:00,15214.434337694061
2026-05-11 19:45:00,15214.434337694061
2026-05-11 20:00:00,15214.434337694061
2026-05-11 20:15:00,15214.434337694061
2026-05-11 20:30:00,15214.434337694061
2026-05-11 20:45:00,15214.434337694061
2026-05-11 21:00:00,15214.434337694061
2026-05-11 21:15:00,15214.434337694061
2026-05-11 21:30:00,15214.434337694061
2026-05-11 21:45:00,15214.434337694061
2026-05-11 22:00:00,15214.434337694061
2026-05-11 22:15:00,15214.434337694061
2026-05-11 22:30:00,15214.434337694061
2026-05-11 22:45:00,15214.434337694061
2026-05-11 23:00:00,15214.434337694061
2026-05-11 23:15:00,15214.434337694061
2026-05-11 23:30:00,15214.434337694061
2026-05-11 23:45:00,15214.434337694061
2026-05-12 01:00:00,15214.434337694061
2026-05-12 01:15:00,15214.434337694061
2026-05-12 01:30:00,15214.434337694061
2026-05-12 01:45:00,15214.434337694061
2026-05-12 02:00:00,15214.434337694061
2026-05-12 02:15:00,15214.434337694061
2026-05-12 02:30:00,15214.434337694061
2026-05-12 02:45:00,15214.434337694061
2026-05-12 03:00:00,15214.434337694061
2026-05-12 03:15:00,15214.434337694061
2026-05-12 03:30:00,15214.434337694061
2026-05-12 03:45:00,15214.434337694061
2026-05-12 04:00:00,15214.434337694061
2026-05-12 04:15:00,15214.434337694061
2026-05-12 04:30:00,15214.434337694061
2026-05-12 04:45:00,15214.434337694061
2026-05-12 05:00:00,15214.434337694061
2026-05-12 05:15:00,15214.434337694061
2026-05-12 05:30:00,15214.434337694061
2026-05-12 05:45:00,15214.434337694061
2026-05-12 06:00:00,15214.434337694061
2026-05-12 06:15:00,15214.434337694061
2026-05-12 06:30:00,15214.434337694061
2026-05-12 06:45:00,15214.434337694061
2026-05-12 07:00:00,15214.434337694061
2026-05-12 07:15:00,15214.434337694061
2026-05-12 07:30:00,15214.434337694061
2026-05-12 07:45:00,15214.434337694061
2026-05-12 08:00:00,15214.434337694061
2026-05-12 08:15:00,15214.434337694061
2026-05-12 08:30:00,15214.434337694061
2026-05-12 08:45:00,15214.434337694061
2026-05-12 09:00:00,15214.434337694061
2026-05-12 09:15:00,15214.434337694061
2026-05-12 09:30:00,15214.434337694061
2026-05-12 09:45:00,15214.434337694061
2026-05-12 10:00:00,15214.434337694061
2026-05-12 10:15:00,15214.434337694061
2026-05-12 10:30:00,15214.434337694061
2026-05-12 10:45:00,15214.434337694061
2026-05-12 11:00:00,15214.434337694061
2026-05-12 11:15:00,15214.434337694061
2026-05-12 11:30:00,15214.434337694061
2026-05-12 11:45:00,15214.434337694061
2026-05-12 12:00:00,15214.434337694061
2026-05-12 12:15:00,15214.434337694061
2026-05-12 12:30:00,15214.434337694061
2026-05-12 12:45:00,15214.434337694061
2026-05-12 13:00:00,15214.434337694061
2026-05-12 13:15:00,15214.434337694061
2026-05-12 13:30:00,15214.434337694061
2026-05-12 13:45:00,15214.434337694061
2026-05-12 14:00:00,15214.434337694061
2026-05-12 14:15:00,15214.434337694061
2026-05-12 14:30:00,15214.434337694061
2026-05-12 14:45:00,15214.434337694061
2026-05-12 15:00:00,15214.434337694061
2026-05-12 15:15:00,15214.434337694061
2026-05-12 15:30:00,15214.434337694061
2026-05-12 15:45:00,15214.434337694061
2026-05-12 16:00:00,15214.434337694061
2026-05-12 16:15:00,15214.434337694061
2026-05-12 16:30:00,15214.434337694061
2026-05-12 16:45:00,15214.434337694061
2026-05-12 17:00:00,15214.434337694061
2026-05-12 17:15:00,15214.434337694061
2026-05-12 17:30:00,15214.434337694061
2026-05-12 17:45:00,15214.434337694061
2026-05-12 18:00:00,15214.434337694061
2026-05-12 18:15:00,15214.434337694061
2026-05-12 18:30:00,15214.434337694061
2026-05-12 18:45:00,15214.434337694061
2026-05-12 19:00:00,15214.434337694061
2026-05-12 19:15:00,15214.434337694061
2026-05-12 19:30:00,15214.434337694061
2026-05-12 19:45:00,15214.434337694061
2026-05-12 20:00:00,15214.434337694061
2026-05-12 20:15:00,15214.434337694061
2026-05-12 20:30:00,15214.434337694061
2026-05-12 20:45:00,15214.434337694061
2026-05-12 21:00:00,15214.434337694061
2026-05-12 21:15:00,15214.434337694061
2026-05-12 21:30:00,15214.434337694061
2026-05-12 21:45:00,15214.434337694061
2026-05-12 22:00:00,15214.434337694061
2026-05-12 22:15:00,15214.434337694061
2026-05-12 22:30:00,15214.434337694061
2026-05-12 22:45:00,15214.434337694061
2026-05-12 23:00:00,15214.434337694061
2026-05-12 23:15:00,15214.434337694061
2026-05-12 23:30:00,15214.434337694061
2026-05-12 23:45:00,15214.434337694061
2026-05-13 01:00:00,15214.434337694061
2026-05-13 01:15:00,15214.434337694061
2026-05-13 01:30:00,15214.434337694061
2026-05-13 01:45:00,15214.434337694061
2026-05-13 02:00:00,15214.434337694061
2026-05-13 02:15:00,15214.434337694061
2026-05-13 02:30:00,15214.434337694061
2026-05-13 02:45:00,15214.434337694061
2026-05-13 03:00:00,15214.434337694061
2026-05-13 03:15:00,15214.434337694061
2026-05-13 03:30:00,15214.434337694061
2026-05-13 03:45:00,15214.434337694061
2026-05-13 04:00:00,15214.434337694061
2026-05-13 04:15:00,15214.434337694061
2026-05-13 04:30:00,15214.434337694061
2026-05-13 04:45:00,15214.434337694061
2026-05-13 05:00:00,15214.434337694061
2026-05-13 05:15:00,15214.434337694061
2026-05-13 05:30:00,15214.434337694061
2026-05-13 05:45:00,15214.434337694061
2026-05-13 06:00:00,15214.434337694061
2026-05-13 06:15:00,15214.434337694061
2026-05-13 06:30:00,15214.434337694061
2026-05-13 06:45:00,15214.434337694061
2026-05-13 07:00:00,15214.434337694061
2026-05-13 07:15:00,15214.434337694061
2026-05-13 07:30:00,15214.434337694061
2026-05-13 07:45:00,15214.434337694061
2026-05-13 08:00:00,15214.434337694061
2026-05-13 08:15:00,15214.434337694061
2026-05-13 08:30:00,15214.434337694061
2026-05-13 08:45:00,15214.434337694061
2026-05-13 09:00:00,15214.434337694061
2026-05-13 09:15:00,15214.434337694061
2026-05-13 09:30:00,15214.434337694061
2026-05-13 09:45:00,15214.434337694061
2026-05-13 10:00:00,15214.434337694061
2026-05-13 10:15:00,15214.434337694061
2026-05-13 10:30:00,15214.434337694061
2026-05-13 10:45:00,15214.434337694061
2026-05-13 11:00:00,15214.434337694061
2026-05-13 11:15:00,15214.434337694061
2026-05-13 11:30:00,15214.434337694061
2026-05-13 11:45:00,15214.434337694061
2026-05-13 12:00:00,15214.434337694061
2026-05-13 12:15:00,15214.434337694061
2026-05-13 12:30:00,15214.434337694061
2026-05-13 12:45:00,15214.434337694061
2026-05-13 13:00:00,15214.434337694061
2026-05-13 13:15:00,15214.434337694061
2026-05-13 13:30:00,15214.434337694061
2026-05-13 13:45:00,15214.434337694061
2026-05-13 14:00:00,15214.434337694061
2026-05-13 14:15:00,15214.434337694061
2026-05-13 14:30:00,15214.434337694061
2026-05-13 14:45:00,15214.434337694061
2026-05-13 15:00:00,15214.434337694061
2026-05-13 15:15:00,15214.434337694061
2026-05-13 15:30:00,15214.434337694061
2026-05-13 15:45:00,15214.434337694061
2026-05-13 16:00:00,15214.434337694061
2026-05-13 16:15:00,15214.434337694061
2026-05-13 16:30:00,15214.434337694061
2026-05-13 16:45:00,15214.434337694061
2026-05-13 17:00:00,15214.434337694061
2026-05-13 17:15:00,15214.434337694061
2026-05-13 17:30:00,15214.434337694061
2026-05-13 17:45:00,15214.434337694061
2026-05-13 18:00:00,15214.434337694061
2026-05-13 18:15:00,15214.434337694061
2026-05-13 18:30:00,15214.434337694061
2026-05-13 18:45:00,15214.434337694061
2026-05-13 19:00:00,15214.434337694061
2026-05-13 19:15:00,15214.434337694061
2026-05-13 19:30:00,15214.434337694061
2026-05-13 19:45:00,15214.434337694061
2026-05-13 20:00:00,15214.434337694061
2026-05-13 20:15:00,15214.434337694061
2026-05-13 20:30:00,15214.434337694061
2026-05-13 20:45:00,15214.434337694061
2026-05-13 21:00:00,15214.434337694061
2026-05-13 21:15:00,15214.434337694061
2026-05-13 21:30:00,15214.434337694061
2026-05-13 21:45:00,15214.434337694061
2026-05-13 22:00:00,15214.434337694061
2026-05-13 22:15:00,15214.434337694061
2026-05-13 22:30:00,15214.434337694061
2026-05-13 22:45:00,15214.434337694061
2026-05-13 23:00:00,15214.434337694061
2026-05-13 23:15:00,15214.434337694061
2026-05-13 23:30:00,15214.434337694061
2026-05-13 23:45:00,15214.434337694061
2026-05-14 01:00:00,15214.434337694061
2026-05-14 01:15:00,15214.434337694061
2026-05-14 01:30:00,15214.434337694061
2026-05-14 01:45:00,15214.434337694061
2026-05-14 02:00:00,15214.434337694061
2026-05-14 02:15:00,15214.434337694061
2026-05-14 02:30:00,15214.434337694061
2026-05-14 02:45:00,15214.434337694061
2026-05-14 03:00:00,15214.434337694061
2026-05-14 03:15:00,15214.434337694061
2026-05-14 03:30:00,15214.434337694061
2026-05-14 03:45:00,15214.434337694061
2026-05-14 04:00:00,15214.434337694061
2026-05-14 04:15:00,15214.434337694061
2026-05-14 04:30:00,15214.434337694061
2026-05-14 04:45:00,15214.434337694061
2026-05-14 05:00:00,15214.434337694061
2026-05-14 05:15:00,15214.434337694061
2026-05-14 05:30:00,15214.434337694061
2026-05-14 05:45:00,15214.434337694061
2026-05-14 06:00:00,15214.434337694061
2026-05-14 06:15:00,15214.434337694061
2026-05-14 06:30:00,15214.434337694061
2026-05-14 06:45:00,15214.434337694061
2026-05-14 07:00:00,15214.434337694061
2026-05-14 07:15:00,15214.434337694061
2026-05-14 07:30:00,15214.434337694061
2026-05-14 07:45:00,15214.434337694061
2026-05-14 08:00:00,15214.434337694061
2026-05-14 08:15:00,15214.434337694061
2026-05-14 08:30:00,15214.434337694061
2026-05-14 08:45:00,15214.434337694061
2026-05-14 09:00:00,15214.434337694061
2026-05-14 09:15:00,15214.434337694061
2026-05-14 09:30:00,15214.434337694061
2026-05-14 09:45:00,15214.434337694061
2026-05-14 10:00:00,15214.434337694061
2026-05-14 10:15:00,15214.434337694061
2026-05-14 10:30:00,15214.434337694061
2026-05-14 10:45:00,15214.434337694061
2026-05-14 11:00:00,15214.434337694061
2026-05-14 11:15:00,15214.434337694061
2026-05-14 11:30:00,15214.434337694061
2026-05-14 11:45:00,15214.434337694061
2026-05-14 12:00:00,15214.434337694061
2026-05-14 12:15:00,15214.434337694061
2026-05-14 12:30:00,15214.434337694061
2026-05-14 12:45:00,15214.434337694061
2026-05-14 13:00:00,15214.434337694061
2026-05-14 13:15:00,15214.434337694061
2026-05-14 13:30:00,15214.434337694061
2026-05-14 13:45:00,15214.434337694061
2026-05-14 14:00:00,15214.434337694061
2026-05-14 14:15:00,15214.434337694061
2026-05-14 14:30:00,15214.434337694061
2026-05-14 14:45:00,15214.434337694061
2026-05-14 15:00:00,15214.434337694061
2026-05-14 15:15:00,15214.434337694061
2026-05-14 15:30:00,15214.434337694061
2026-05-14 15:45:00,15214.434337694061
2026-05-14 16:00:00,15214.434337694061
2026-05-14 16:15:00,15214.434337694061
2026-05-14 16:30:00,15214.434337694061
2026-05-14 16:45:00,15214.434337694061
2026-05-14 17:00:00,15214.434337694061
2026-05-14 17:15:00,15214.434337694061
2026-05-14 17:30:00,15214.434337694061
2026-05-14 17:45:00,15214.434337694061
2026-05-14 18:00:00,15214.434337694061
2026-05-14 18:15:00,15214.434337694061
2026-05-14 18:30:00,15214.434337694061
2026-05-14 18:45:00,15214.434337694061
2026-05-14 19:00:00,15214.434337694061
2026-05-14 19:15:00,15214.434337694061
2026-05-14 19:30:00,15214.434337694061
2026-05-14 19:45:00,15214.434337694061
2026-05-14 20:00:00,15214.434337694061
2026-05-14 20:15:00,15214.434337694061
2026-05-14 20:30:00,15214.434337694061
2026-05-14 20:45:00,15214.434337694061
2026-05-14 21:00:00,15214.434337694061
2026-05-14 21:15:00,15214.434337694061
2026-05-14 21:30:00,15214.434337694061
2026-05-14 21:45:00,15214.434337694061
2026-05-14 22:00:00,15214.434337694061
2026-05-14 22:15:00,15214.434337694061
2026-05-14 22:30:00,15214.434337694061
2026-05-14 22:45:00,15214.434337694061
2026-05-14 23:00:00,15214.434337694061
2026-05-14 23:15:00,15214.434337694061
2026-05-14 23:30:00,15214.434337694061
2026-05-14 23:45:00,15214.434337694061
2026-05-15 01:00:00,15214.434337694061
2026-05-15 01:15:00,15214.434337694061
2026-05-15 01:30:00,15214.434337694061
2026-05-15 01:45:00,15214.434337694061
2026-05-15 02:00:00,15214.434337694061
2026-05-15 02:15:00,15214.434337694061
2026-05-15 02:30:00,15214.434337694061
2026-05-15 02:45:00,15214.434337694061
2026-05-15 03:00:00,15214.434337694061
2026-05-15 03:15:00,15214.434337694061
2026-05-15 03:30:00,15214.434337694061
2026-05-15 03:45:00,15214.434337694061
2026-05-15 04:00:00,15214.434337694061
2026-05-15 04:15:00,15214.434337694061
2026-05-15 04:30:00,15214.434337694061
2026-05-15 04:45:00,15214.434337694061
2026-05-15 05:00:00,15214.434337694061
2026-05-15 05:15:00,15214.434337694061
2026-05-15 05:30:00,15214.434337694061
2026-05-15 05:45:00,15214.434337694061
2026-05-15 06:00:00,15214.434337694061
2026-05-15 06:15:00,15214.434337694061
2026-05-15 06:30:00,15214.434337694061
2026-05-15 06:45:00,15214.434337694061
2026-05-15 07:00:00,15214.434337694061
2026-05-15 07:15:00,15214.434337694061
2026-05-15 07:30:00,15214.434337694061
2026-05-15 07:45:00,15214.434337694061
2026-05-15 08:00:00,15214.434337694061
2026-05-15 08:15:00,15214.434337694061
2026-05-15 08:30:00,15214.434337694061
2026-05-15 08:45:00,15214.434337694061
2026-05-15 09:00:00,15214.434337694061
2026-05-15 09:15:00,15214.434337694061
2026-05-15 09:30:00,15214.434337694061
2026-05-15 09:45:00,15214.434337694061
2026-05-15 10:00:00,15214.434337694061
2026-05-15 10:15:00,15214.434337694061
2026-05-15 10:30:00,15214.434337694061
2026-05-15 10:45:00,15214.434337694061
2026-05-15 11:00:00,15214.434337694061
2026-05-15 11:15:00,15214.434337694061
2026-05-15 11:30:00,15214.434337694061
2026-05-15 11:45:00,15214.434337694061
2026-05-15 12:00:00,15214.434337694061
2026-05-15 12:15:00,15214.434337694061
2026-05-15 12:30:00,15214.434337694061
2026-05-15 12:45:00,15214.434337694061
2026-05-15 13:00:00,15214.434337694061
2026-05-15 13:15:00,15214.434337694061
2026-05-15 13:30:00,15214.434337694061
2026-05-15 13:45:00,15214.434337694061
2026-05-15 14:00:00,15214.434337694061
2026-05-15 14:15:00,15214.434337694061
2026-05-15 14:30:00,15214.434337694061
2026-05-15 14:45:00,15214.434337694061
2026-05-15 15:00:00,15214.434337694061
2026-05-15 15:15:00,15214.434337694061
2026-05-15 15:30:00,15214.434337694061
2026-05-15 15:45:00,15214.434337694061
2026-05-15 16:00:00,15214.434337694061
2026-05-15 16:15:00,15214.434337694061
2026-05-15 16:30:00,15214.434337694061
2026-05-15 16:45:00,15214.434337694061
2026-05-15 17:00:00,15214.434337694061
2026-05-15 17:15:00,15214.434337694061
2026-05-15 17:30:00,15214.434337694061
2026-05-15 17:45:00,15214.434337694061
2026-05-15 18:00:00,15214.434337694061
2026-05-15 18:15:00,15214.434337694061
2026-05-15 18:30:00,15214.434337694061
2026-05-15 18:45:00,15214.434337694061
2026-05-15 19:00:00,15214.434337694061
2026-05-15 19:15:00,15214.434337694061
2026-05-15 19:30:00,15214.434337694061
2026-05-15 19:45:00,15214.434337694061
2026-05-15 20:00:00,15214.434337694061
2026-05-15 20:15:00,15214.434337694061
2026-05-15 20:30:00,15214.434337694061
2026-05-15 20:45:00,15214.434337694061
2026-05-15 21:00:00,15214.434337694061
2026-05-15 21:15:00,15214.434337694061
2026-05-15 21:30:00,15214.434337694061
2026-05-15 21:45:00,15214.434337694061
2026-05-15 22:00:00,15214.434337694061
2026-05-15 22:15:00,15214.434337694061
2026-05-15 22:30:00,15214.434337694061
2026-05-15 22:45:00,15214.434337694061
2026-05-15 23:00:00,15214.434337694061
2026-05-15 23:15:00,15214.434337694061
2026-05-15 23:30:00,15214.434337694061
2026-05-15 23:45:00,15214.434337694061
2026-05-18 01:00:00,15214.434337694061
2026-05-18 01:15:00,15214.434337694061
2026-05-18 01:30:00,15214.434337694061
2026-05-18 01:45:00,15214.434337694061
2026-05-18 02:00:00,15214.434337694061
2026-05-18 02:15:00,15214.434337694061
2026-05-18 02:30:00,15214.434337694061
2026-05-18 02:45:00,15214.434337694061
2026-05-18 03:00:00,15214.434337694061
2026-05-18 03:15:00,15214.434337694061
2026-05-18 03:30:00,15214.434337694061
2026-05-18 03:45:00,15214.434337694061
2026-05-18 04:00:00,15214.434337694061
2026-05-18 04:15:00,15214.434337694061
2026-05-18 04:30:00,15214.434337694061
2026-05-18 04:45:00,15214.434337694061
2026-05-18 05:00:00,15214.434337694061
2026-05-18 05:15:00,15214.434337694061
2026-05-18 05:30:00,15214.434337694061
2026-05-18 05:45:00,15214.434337694061
2026-05-18 06:00:00,15214.434337694061
2026-05-18 06:15:00,15214.434337694061
2026-05-18 06:30:00,15214.434337694061
2026-05-18 06:45:00,15214.434337694061
2026-05-18 07:00:00,15214.434337694061
2026-05-18 07:15:00,15214.434337694061
2026-05-18 07:30:00,15214.434337694061
2026-05-18 07:45:00,15214.434337694061
2026-05-18 08:00:00,15214.434337694061
2026-05-18 08:15:00,15214.434337694061
2026-05-18 08:30:00,15214.434337694061
2026-05-18 08:45:00,15214.434337694061
2026-05-18 09:00:00,15214.434337694061
2026-05-18 09:15:00,15214.434337694061
2026-05-18 09:30:00,15214.434337694061
2026-05-18 09:45:00,15214.434337694061
2026-05-18 10:00:00,15214.434337694061
2026-05-18 10:15:00,15214.434337694061
2026-05-18 10:30:00,15214.434337694061
2026-05-18 10:45:00,15214.434337694061
2026-05-18 11:00:00,15214.434337694061
2026-05-18 11:15:00,15214.434337694061
2026-05-18 11:30:00,15214.434337694061
2026-05-18 11:45:00,15214.434337694061
2026-05-18 12:00:00,15214.434337694061
2026-05-18 12:15:00,15214.434337694061
2026-05-18 12:30:00,15214.434337694061
2026-05-18 12:45:00,15214.434337694061
2026-05-18 13:00:00,15214.434337694061
2026-05-18 13:15:00,15214.434337694061
2026-05-18 13:30:00,15214.434337694061
2026-05-18 13:45:00,15214.434337694061
2026-05-18 14:00:00,15214.434337694061
2026-05-18 14:15:00,15214.434337694061
2026-05-18 14:30:00,15214.434337694061
2026-05-18 14:45:00,15214.434337694061
2026-05-18 15:00:00,15214.434337694061
2026-05-18 15:15:00,15214.434337694061
2026-05-18 15:30:00,15214.434337694061
2026-05-18 15:45:00,15214.434337694061
2026-05-18 16:00:00,15214.434337694061
2026-05-18 16:15:00,15214.434337694061
2026-05-18 16:30:00,15214.434337694061
2026-05-18 16:45:00,15214.434337694061
2026-05-18 17:00:00,15214.434337694061
2026-05-18 17:15:00,15214.434337694061
2026-05-18 17:30:00,15214.434337694061
2026-05-18 17:45:00,15214.434337694061
2026-05-18 18:00:00,15214.434337694061
2026-05-18 18:15:00,15214.434337694061
2026-05-18 18:30:00,15214.434337694061
2026-05-18 18:45:00,15214.434337694061
2026-05-18 19:00:00,15214.434337694061
2026-05-18 19:15:00,15214.434337694061
2026-05-18 19:30:00,15214.434337694061
2026-05-18 19:45:00,15214.434337694061
2026-05-18 20:00:00,15214.434337694061
2026-05-18 20:15:00,15214.434337694061
2026-05-18 20:30:00,15214.434337694061
2026-05-18 20:45:00,15214.434337694061
2026-05-18 21:00:00,15214.434337694061
2026-05-18 21:15:00,15214.434337694061
2026-05-18 21:30:00,15214.434337694061
2026-05-18 21:45:00,15214.434337694061
2026-05-18 22:00:00,15214.434337694061
2026-05-18 22:15:00,15214.434337694061
2026-05-18 22:30:00,15214.434337694061
2026-05-18 22:45:00,15214.434337694061
2026-05-18 23:00:00,15214.434337694061
2026-05-18 23:15:00,15214.434337694061
2026-05-18 23:30:00,15214.434337694061
2026-05-18 23:45:00,15214.434337694061
2026-05-19 01:00:00,15214.434337694061
2026-05-19 01:15:00,15214.434337694061
2026-05-19 01:30:00,15214.434337694061
2026-05-19 01:45:00,15214.434337694061
2026-05-19 02:00:00,15214.434337694061
2026-05-19 02:15:00,15214.434337694061
2026-05-19 02:30:00,15214.434337694061
2026-05-19 02:45:00,15214.434337694061
2026-05-19 03:00:00,15214.434337694061
2026-05-19 03:15:00,15214.434337694061
2026-05-19 03:30:00,15214.434337694061
2026-05-19 03:45:00,15214.434337694061
2026-05-19 04:00:00,15214.434337694061
2026-05-19 04:15:00,15214.434337694061
2026-05-19 04:30:00,15214.434337694061
2026-05-19 04:45:00,15214.434337694061
2026-05-19 05:00:00,15214.434337694061
2026-05-19 05:15:00,15214.434337694061
2026-05-19 05:30:00,15214.434337694061
2026-05-19 05:45:00,15214.434337694061
2026-05-19 06:00:00,15214.434337694061
2026-05-19 06:15:00,15214.434337694061
2026-05-19 06:30:00,15214.434337694061
2026-05-19 06:45:00,15214.434337694061
2026-05-19 07:00:00,15214.434337694061
2026-05-19 07:15:00,15214.434337694061
2026-05-19 07:30:00,15214.434337694061
2026-05-19 07:45:00,15214.434337694061
2026-05-19 08:00:00,15214.434337694061
2026-05-19 08:15:00,15214.434337694061
2026-05-19 08:30:00,15214.434337694061
2026-05-19 08:45:00,15214.434337694061
2026-05-19 09:00:00,15214.434337694061
2026-05-19 09:15:00,15214.434337694061
2026-05-19 09:30:00,15214.434337694061
2026-05-19 09:45:00,15214.434337694061
2026-05-19 10:00:00,15214.434337694061
2026-05-19 10:15:00,15214.434337694061
2026-05-19 10:30:00,15214.434337694061
2026-05-19 10:45:00,15214.434337694061
2026-05-19 11:00:00,15214.434337694061
2026-05-19 11:15:00,15214.434337694061
2026-05-19 11:30:00,15214.434337694061
2026-05-19 11:45:00,15214.434337694061
2026-05-19 12:00:00,15214.434337694061
2026-05-19 12:15:00,15214.434337694061
2026-05-19 12:30:00,15214.434337694061
2026-05-19 12:45:00,15214.434337694061
2026-05-19 13:00:00,15214.434337694061
2026-05-19 13:15:00,15214.434337694061
2026-05-19 13:30:00,15214.434337694061
2026-05-19 13:45:00,15214.434337694061
2026-05-19 14:00:00,15214.434337694061
2026-05-19 14:15:00,15214.434337694061
2026-05-19 14:30:00,15214.434337694061
2026-05-19 14:45:00,15214.434337694061
2026-05-19 15:00:00,15214.434337694061
2026-05-19 15:15:00,15214.434337694061
2026-05-19 15:30:00,15214.434337694061
2026-05-19 15:45:00,15214.434337694061
2026-05-19 16:00:00,15214.434337694061
2026-05-19 16:15:00,15214.434337694061
2026-05-19 16:30:00,15214.434337694061
2026-05-19 16:45:00,15214.434337694061
2026-05-19 17:00:00,15214.434337694061
2026-05-19 17:15:00,15214.434337694061
2026-05-19 17:30:00,15214.434337694061
2026-05-19 17:45:00,15214.434337694061
2026-05-19 18:00:00,15214.434337694061
2026-05-19 18:15:00,15214.434337694061
2026-05-19 18:30:00,15214.434337694061
2026-05-19 18:45:00,15214.434337694061
2026-05-19 19:00:00,15214.434337694061
2026-05-19 19:15:00,15214.434337694061
2026-05-19 19:30:00,15214.434337694061
2026-05-19 19:45:00,15214.434337694061
2026-05-19 20:00:00,15214.434337694061
2026-05-19 20:15:00,15214.434337694061
2026-05-19 20:30:00,15214.434337694061
2026-05-19 20:45:00,15214.434337694061
2026-05-19 21:00:00,15214.434337694061
2026-05-19 21:15:00,15214.434337694061
2026-05-19 21:30:00,15214.434337694061
2026-05-19 21:45:00,15214.434337694061
2026-05-19 22:00:00,15214.434337694061
2026-05-19 22:15:00,15214.434337694061
2026-05-19 22:30:00,15214.434337694061
2026-05-19 22:45:00,15214.434337694061
2026-05-19 23:00:00,15214.434337694061
2026-05-19 23:15:00,15214.434337694061
2026-05-19 23:30:00,15214.434337694061
2026-05-19 23:45:00,15214.434337694061
2026-05-20 01:00:00,15214.434337694061
2026-05-20 01:15:00,15214.434337694061
2026-05-20 01:30:00,15214.434337694061
2026-05-20 01:45:00,15214.434337694061
2026-05-20 02:00:00,15214.434337694061
2026-05-20 02:15:00,15214.434337694061
2026-05-20 02:30:00,15214.434337694061
2026-05-20 02:45:00,15214.434337694061
2026-05-20 03:00:00,15214.434337694061
2026-05-20 03:15:00,15214.434337694061
2026-05-20 03:30:00,15214.434337694061
2026-05-20 03:45:00,15214.434337694061
2026-05-20 04:00:00,15214.434337694061
2026-05-20 04:15:00,15214.434337694061
2026-05-20 04:30:00,15214.434337694061
2026-05-20 04:45:00,15214.434337694061
2026-05-20 05:00:00,15214.434337694061
2026-05-20 05:15:00,15214.434337694061
2026-05-20 05:30:00,15214.434337694061
2026-05-20 05:45:00,15214.434337694061
2026-05-20 06:00:00,15214.434337694061
2026-05-20 06:15:00,15214.434337694061
2026-05-20 06:30:00,15214.434337694061
2026-05-20 06:45:00,15214.434337694061
2026-05-20 07:00:00,15214.434337694061
2026-05-20 07:15:00,15214.434337694061
2026-05-20 07:30:00,15214.434337694061
2026-05-20 07:45:00,15214.434337694061
2026-05-20 08:00:00,15214.434337694061
2026-05-20 08:15:00,15214.434337694061
2026-05-20 08:30:00,15214.434337694061
2026-05-20 08:45:00,15214.434337694061
2026-05-20 09:00:00,15214.434337694061
2026-05-20 09:15:00,15214.434337694061
2026-05-20 09:30:00,15214.434337694061
2026-05-20 09:45:00,15214.434337694061
2026-05-20 10:00:00,15214.434337694061
2026-05-20 10:15:00,15214.434337694061
2026-05-20 10:30:00,15214.434337694061
2026-05-20 10:45:00,15214.434337694061
2026-05-20 11:00:00,15214.434337694061
2026-05-20 11:15:00,15214.434337694061
2026-05-20 11:30:00,15214.434337694061
2026-05-20 11:45:00,15214.434337694061
2026-05-20 12:00:00,15214.434337694061
2026-05-20 12:15:00,15214.434337694061
2026-05-20 12:30:00,15214.434337694061
2026-05-20 12:45:00,15214.434337694061
2026-05-20 13:00:00,15214.434337694061
2026-05-20 13:15:00,15214.434337694061
2026-05-20 13:30:00,15214.434337694061
2026-05-20 13:45:00,15214.434337694061
2026-05-20 14:00:00,15214.434337694061
2026-05-20 14:15:00,15214.434337694061
2026-05-20 14:30:00,15214.434337694061
2026-05-20 14:45:00,15214.434337694061
2026-05-20 15:00:00,15214.434337694061
2026-05-20 15:15:00,15214.434337694061
2026-05-20 15:30:00,15214.434337694061
2026-05-20 15:45:00,15214.434337694061
2026-05-20 16:00:00,15214.434337694061
2026-05-20 16:15:00,15214.434337694061
2026-05-20 16:30:00,15214.434337694061
2026-05-20 16:45:00,15214.434337694061
2026-05-20 17:00:00,15214.434337694061
2026-05-20 17:15:00,15214.434337694061
2026-05-20 17:30:00,15214.434337694061
2026-05-20 17:45:00,15214.434337694061
2026-05-20 18:00:00,15214.434337694061
2026-05-20 18:15:00,15214.434337694061
2026-05-20 18:30:00,15214.434337694061
2026-05-20 18:45:00,15214.434337694061
2026-05-20 19:00:00,15214.434337694061
2026-05-20 19:15:00,15214.434337694061
2026-05-20 19:30:00,15214.434337694061
2026-05-20 19:45:00,15214.434337694061
2026-05-20 20:00:00,15214.434337694061
2026-05-20 20:15:00,15214.434337694061
2026-05-20 20:30:00,15214.434337694061
2026-05-20 20:45:00,15214.434337694061
2026-05-20 21:00:00,15214.434337694061
2026-05-20 21:15:00,15214.434337694061
2026-05-20 21:30:00,15214.434337694061
2026-05-20 21:45:00,15214.434337694061
2026-05-20 22:00:00,15214.434337694061
2026-05-20 22:15:00,15214.434337694061
2026-05-20 22:30:00,15214.434337694061
2026-05-20 22:45:00,15214.434337694061
2026-05-20 23:00:00,15214.434337694061
2026-05-20 23:15:00,15214.434337694061
2026-05-20 23:30:00,15214.434337694061
2026-05-20 23:45:00,15214.434337694061
2026-05-21 01:00:00,15214.434337694061
2026-05-21 01:15:00,15214.434337694061
2026-05-21 01:30:00,15214.434337694061
2026-05-21 01:45:00,15214.434337694061
2026-05-21 02:00:00,15214.434337694061
2026-05-21 02:15:00,15214.434337694061
2026-05-21 02:30:00,15214.434337694061
2026-05-21 02:45:00,15214.434337694061
2026-05-21 03:00:00,15214.434337694061
2026-05-21 03:15:00,15214.434337694061
2026-05-21 03:30:00,15214.434337694061
2026-05-21 03:45:00,15214.434337694061
2026-05-21 04:00:00,15214.434337694061
2026-05-21 04:15:00,15214.434337694061
2026-05-21 04:30:00,15214.434337694061
2026-05-21 04:45:00,15214.434337694061
2026-05-21 05:00:00,15214.434337694061
2026-05-21 05:15:00,15214.434337694061
2026-05-21 05:30:00,15214.434337694061
2026-05-21 05:45:00,15214.434337694061
2026-05-21 06:00:00,15214.434337694061
2026-05-21 06:15:00,15214.434337694061
2026-05-21 06:30:00,15214.434337694061
2026-05-21 06:45:00,15214.434337694061
2026-05-21 07:00:00,15214.434337694061
2026-05-21 07:15:00,15214.434337694061
2026-05-21 07:30:00,15214.434337694061
2026-05-21 07:45:00,15214.434337694061
2026-05-21 08:00:00,15214.434337694061
2026-05-21 08:15:00,15214.434337694061
2026-05-21 08:30:00,15214.434337694061
2026-05-21 08:45:00,15214.434337694061
2026-05-21 09:00:00,15214.434337694061
2026-05-21 09:15:00,15214.434337694061
2026-05-21 09:30:00,15214.434337694061
2026-05-21 09:45:00,15214.434337694061
2026-05-21 10:00:00,15214.434337694061
2026-05-21 10:15:00,15214.434337694061
2026-05-21 10:30:00,15214.434337694061
2026-05-21 10:45:00,15214.434337694061
2026-05-21 11:00:00,15214.434337694061
2026-05-21 11:15:00,15214.434337694061
2026-05-21 11:30:00,15214.434337694061
2026-05-21 11:45:00,15214.434337694061
2026-05-21 12:00:00,15214.434337694061
2026-05-21 12:15:00,15214.434337694061
2026-05-21 12:30:00,15214.434337694061
2026-05-21 12:45:00,15214.434337694061
2026-05-21 13:00:00,15214.434337694061
2026-05-21 13:15:00,15214.434337694061
2026-05-21 13:30:00,15214.434337694061
2026-05-21 13:45:00,15214.434337694061
2026-05-21 14:00:00,15214.434337694061
2026-05-21 14:15:00,15214.434337694061
2026-05-21 14:30:00,15214.434337694061
2026-05-21 14:45:00,15214.434337694061
2026-05-21 15:00:00,15214.434337694061
2026-05-21 15:15:00,15214.434337694061
2026-05-21 15:30:00,15214.434337694061
2026-05-21 15:45:00,15214.434337694061
2026-05-21 16:00:00,15214.434337694061
2026-05-21 16:15:00,15214.434337694061
2026-05-21 16:30:00,15214.434337694061
2026-05-21 16:45:00,15214.434337694061
2026-05-21 17:00:00,15214.434337694061
2026-05-21 17:15:00,15214.434337694061
2026-05-21 17:30:00,15214.434337694061
2026-05-21 17:45:00,15214.434337694061
2026-05-21 18:00:00,15214.434337694061
2026-05-21 18:15:00,15214.434337694061
2026-05-21 18:30:00,15214.434337694061
2026-05-21 18:45:00,15214.434337694061
2026-05-21 19:00:00,15214.434337694061
2026-05-21 19:15:00,15214.434337694061
2026-05-21 19:30:00,15214.434337694061
2026-05-21 19:45:00,15214.434337694061
2026-05-21 20:00:00,15214.434337694061
2026-05-21 20:15:00,15214.434337694061
2026-05-21 20:30:00,15214.434337694061
2026-05-21 20:45:00,15214.434337694061
2026-05-21 21:00:00,15214.434337694061
2026-05-21 21:15:00,15214.434337694061
2026-05-21 21:30:00,15214.434337694061
2026-05-21 21:45:00,15214.434337694061
2026-05-21 22:00:00,15214.434337694061
2026-05-21 22:15:00,15214.434337694061
2026-05-21 22:30:00,15214.434337694061
2026-05-21 22:45:00,15214.434337694061
2026-05-21 23:00:00,15214.434337694061
2026-05-21 23:15:00,15214.434337694061
2026-05-21 23:30:00,15214.434337694061
2026-05-21 23:45:00,15214.434337694061
2026-05-22 01:00:00,15214.434337694061
2026-05-22 01:15:00,15214.434337694061
