time,equity
2025-03-07 09:00:00,10000.0
2025-03-07 09:15:00,10000.0
2025-03-07 09:30:00,10000.0
2025-03-07 09:45:00,10000.0
2025-03-07 10:00:00,10000.0
2025-03-07 10:15:00,10000.0
2025-03-07 10:30:00,10000.0
2025-03-07 10:45:00,10000.0
2025-03-07 11:00:00,10000.0
2025-03-07 11:15:00,10000.0
2025-03-07 11:30:00,10000.0
2025-03-07 11:45:00,10000.0
2025-03-07 12:00:00,10000.0
2025-03-07 12:15:00,10000.0
2025-03-07 12:30:00,10000.0
2025-03-07 12:45:00,10000.0
2025-03-07 13:00:00,10000.0
2025-03-07 13:15:00,10000.0
2025-03-07 13:30:00,10000.0
2025-03-07 13:45:00,10000.0
2025-03-07 14:00:00,10000.0
2025-03-07 14:15:00,10000.0
2025-03-07 14:30:00,10000.0
2025-03-07 14:45:00,10000.0
2025-03-07 15:00:00,10000.0
2025-03-07 15:15:00,10000.0
2025-03-07 15:30:00,10000.0
2025-03-07 15:45:00,10000.0
2025-03-07 16:00:00,10000.0
2025-03-07 16:15:00,10000.0
2025-03-07 16:30:00,10000.0
2025-03-07 16:45:00,10000.0
2025-03-07 17:00:00,10000.0
2025-03-07 17:15:00,10000.0
2025-03-07 17:30:00,10000.0
2025-03-07 17:45:00,10000.0
2025-03-07 18:00:00,10000.0
2025-03-07 18:15:00,10000.0
2025-03-07 18:30:00,10000.0
2025-03-07 18:45:00,10000.0
2025-03-07 19:00:00,10000.0
2025-03-07 19:15:00,10000.0
2025-03-07 19:30:00,10000.0
2025-03-07 19:45:00,10000.0
2025-03-07 20:00:00,10000.0
2025-03-07 20:15:00,10000.0
2025-03-07 20:30:00,10000.0
2025-03-07 20:45:00,10000.0
2025-03-07 21:00:00,10000.0
2025-03-07 21:15:00,10000.0
2025-03-07 21:30:00,10000.0
2025-03-07 21:45:00,10000.0
2025-03-07 22:00:00,10000.0
2025-03-07 22:15:00,10000.0
2025-03-07 22:30:00,10000.0
2025-03-07 22:45:00,10000.0
2025-03-07 23:00:00,10000.0
2025-03-07 23:15:00,10000.0
2025-03-07 23:30:00,10000.0
2025-03-07 23:45:00,10000.0
2025-03-10 00:00:00,10000.0
2025-03-10 00:15:00,10000.0
2025-03-10 00:30:00,10000.0
2025-03-10 00:45:00,10000.0
2025-03-10 01:00:00,10271.15054052556
2025-03-10 01:15:00,10271.15054052556
2025-03-10 01:30:00,10271.15054052556
2025-03-10 01:45:00,10271.15054052556
2025-03-10 02:00:00,10271.15054052556
2025-03-10 02:15:00,10271.15054052556
2025-03-10 02:30:00,10271.15054052556
2025-03-10 02:45:00,10271.15054052556
2025-03-10 03:00:00,10271.15054052556
2025-03-10 03:15:00,10271.15054052556
2025-03-10 03:30:00,10271.15054052556
2025-03-10 03:45:00,10271.15054052556
2025-03-10 04:00:00,10066.7546447691
2025-03-10 04:15:00,10066.7546447691
2025-03-10 04:30:00,10066.7546447691
2025-03-10 04:45:00,10066.7546447691
2025-03-10 05:00:00,10066.7546447691
2025-03-10 05:15:00,10066.7546447691
2025-03-10 05:30:00,10066.7546447691
2025-03-10 05:45:00,10066.7546447691
2025-03-10 06:00:00,10066.7546447691
2025-03-10 06:15:00,10066.7546447691
2025-03-10 06:30:00,10066.7546447691
2025-03-10 06:45:00,10066.7546447691
2025-03-10 07:00:00,10066.7546447691
2025-03-10 07:15:00,10066.7546447691
2025-03-10 07:30:00,10066.7546447691
2025-03-10 07:45:00,10066.7546447691
2025-03-10 08:00:00,10066.7546447691
2025-03-10 08:15:00,10066.7546447691
2025-03-10 08:30:00,10066.7546447691
2025-03-10 08:45:00,10066.7546447691
2025-03-10 09:00:00,10066.7546447691
2025-03-10 09:15:00,10066.7546447691
2025-03-10 09:30:00,10066.7546447691
2025-03-10 09:45:00,10066.7546447691
2025-03-10 10:00:00,10066.7546447691
2025-03-10 10:15:00,10066.7546447691
2025-03-10 10:30:00,10066.7546447691
2025-03-10 10:45:00,10066.7546447691
2025-03-10 11:00:00,10066.7546447691
2025-03-10 11:15:00,10066.7546447691
2025-03-10 11:30:00,10066.7546447691
2025-03-10 11:45:00,10066.7546447691
2025-03-10 12:00:00,10066.7546447691
2025-03-10 12:15:00,10794.74477642694
2025-03-10 12:30:00,10794.74477642694
2025-03-10 12:45:00,10794.74477642694
2025-03-10 13:00:00,10794.74477642694
2025-03-10 13:15:00,10794.74477642694
2025-03-10 13:30:00,10686.797328662671
2025-03-10 13:45:00,10686.797328662671
2025-03-10 14:00:00,10999.13170297062
2025-03-10 14:15:00,10999.13170297062
2025-03-10 14:30:00,10999.13170297062
2025-03-10 14:45:00,10999.13170297062
2025-03-10 15:00:00,10999.13170297062
2025-03-10 15:15:00,10999.13170297062
2025-03-10 15:30:00,10999.13170297062
2025-03-10 15:45:00,10999.13170297062
2025-03-10 16:00:00,10999.13170297062
2025-03-10 16:15:00,10999.13170297062
2025-03-10 16:30:00,10999.13170297062
2025-03-10 16:45:00,10999.13170297062
2025-03-10 17:00:00,10999.13170297062
2025-03-10 17:15:00,10999.13170297062
2025-03-10 17:30:00,10999.13170297062
2025-03-10 17:45:00,10999.13170297062
2025-03-10 18:00:00,10999.13170297062
2025-03-10 18:15:00,10999.13170297062
2025-03-10 18:30:00,10999.13170297062
2025-03-10 18:45:00,10999.13170297062
2025-03-10 19:00:00,10999.13170297062
2025-03-10 19:15:00,10999.13170297062
2025-03-10 19:30:00,10999.13170297062
2025-03-10 19:45:00,10999.13170297062
2025-03-10 20:00:00,10999.13170297062
2025-03-10 20:15:00,10999.13170297062
2025-03-10 20:30:00,10999.13170297062
2025-03-10 20:45:00,10999.13170297062
2025-03-10 21:00:00,10999.13170297062
2025-03-10 21:15:00,10999.13170297062
2025-03-10 21:30:00,10999.13170297062
2025-03-10 21:45:00,10999.13170297062
2025-03-10 22:00:00,10999.13170297062
2025-03-10 22:15:00,10999.13170297062
2025-03-10 22:30:00,10999.13170297062
2025-03-10 22:45:00,10999.13170297062
2025-03-10 23:00:00,10999.13170297062
2025-03-10 23:15:00,10999.13170297062
2025-03-10 23:30:00,10999.13170297062
2025-03-10 23:45:00,10999.13170297062
2025-03-11 00:00:00,10999.13170297062
2025-03-11 00:15:00,10999.13170297062
2025-03-11 00:30:00,10999.13170297062
2025-03-11 00:45:00,10999.13170297062
2025-03-11 01:00:00,10999.13170297062
2025-03-11 01:15:00,11253.99469058277
2025-03-11 01:30:00,11253.99469058277
2025-03-11 01:45:00,11253.99469058277
2025-03-11 02:00:00,11253.99469058277
2025-03-11 02:15:00,11253.99469058277
2025-03-11 02:30:00,11253.99469058277
2025-03-11 02:45:00,11253.99469058277
2025-03-11 03:00:00,11253.99469058277
2025-03-11 03:15:00,11253.99469058277
2025-03-11 03:30:00,11253.99469058277
2025-03-11 03:45:00,11253.99469058277
2025-03-11 04:00:00,11253.99469058277
2025-03-11 04:15:00,11253.99469058277
2025-03-11 04:30:00,11253.99469058277
2025-03-11 04:45:00,11141.45474367694
2025-03-11 05:00:00,11141.45474367694
2025-03-11 05:15:00,11141.45474367694
2025-03-11 05:30:00,11141.45474367694
2025-03-11 05:45:00,11141.45474367694
2025-03-11 06:00:00,11141.45474367694
2025-03-11 06:15:00,11141.45474367694
2025-03-11 06:30:00,11141.45474367694
2025-03-11 06:45:00,11141.45474367694
2025-03-11 07:00:00,11141.45474367694
2025-03-11 07:15:00,11141.45474367694
2025-03-11 07:30:00,11141.45474367694
2025-03-11 07:45:00,11141.45474367694
2025-03-11 08:00:00,11141.45474367694
2025-03-11 08:15:00,11141.45474367694
2025-03-11 08:30:00,11599.537533236418
2025-03-11 08:45:00,11605.499342631656
2025-03-11 09:00:00,11605.499342631656
2025-03-11 09:15:00,11605.499342631656
2025-03-11 09:30:00,11605.499342631656
2025-03-11 09:45:00,11605.499342631656
2025-03-11 10:00:00,11489.44434920534
2025-03-11 10:15:00,11489.44434920534
2025-03-11 10:30:00,11374.549905713286
2025-03-11 10:45:00,11260.804406656152
2025-03-11 11:00:00,11260.804406656152
2025-03-11 11:15:00,11148.196362589591
2025-03-11 11:30:00,11148.196362589591
2025-03-11 11:45:00,10926.347254974058
2025-03-11 12:00:00,10817.083782424317
2025-03-11 12:15:00,10817.083782424317
2025-03-11 12:30:00,10817.083782424317
2025-03-11 12:45:00,10817.083782424317
2025-03-11 13:00:00,10817.083782424317
2025-03-11 13:15:00,10817.083782424317
2025-03-11 13:30:00,10817.083782424317
2025-03-11 13:45:00,10817.083782424317
2025-03-11 14:00:00,10817.083782424317
2025-03-11 14:15:00,10817.083782424317
2025-03-11 14:30:00,10817.083782424317
2025-03-11 14:45:00,10817.083782424317
2025-03-11 15:00:00,10817.083782424317
2025-03-11 15:15:00,10817.083782424317
2025-03-11 15:30:00,10817.083782424317
2025-03-11 15:45:00,10817.083782424317
2025-03-11 16:00:00,10817.083782424317
2025-03-11 16:15:00,10817.083782424317
2025-03-11 16:30:00,10708.912944600073
2025-03-11 16:45:00,10708.912944600073
2025-03-11 17:00:00,10708.912944600073
2025-03-11 17:15:00,10708.912944600073
2025-03-11 17:30:00,10708.912944600073
2025-03-11 17:45:00,10708.912944600073
2025-03-11 18:00:00,10708.912944600073
2025-03-11 18:15:00,10708.912944600073
2025-03-11 18:30:00,10708.912944600073
2025-03-11 18:45:00,10708.912944600073
2025-03-11 19:00:00,10708.912944600073
2025-03-11 19:15:00,10708.912944600073
2025-03-11 19:30:00,10708.912944600073
2025-03-11 19:45:00,10708.912944600073
2025-03-11 20:00:00,10708.912944600073
2025-03-11 20:15:00,10708.912944600073
2025-03-11 20:30:00,10708.912944600073
2025-03-11 20:45:00,10708.912944600073
2025-03-11 21:00:00,10708.912944600073
2025-03-11 21:15:00,10708.912944600073
2025-03-11 21:30:00,10708.912944600073
2025-03-11 21:45:00,10708.912944600073
2025-03-11 22:00:00,10708.912944600073
2025-03-11 22:15:00,10708.912944600073
2025-03-11 22:30:00,10708.912944600073
2025-03-11 22:45:00,10708.912944600073
2025-03-11 23:00:00,11146.193556504482
2025-03-11 23:15:00,11146.193556504482
2025-03-11 23:30:00,11146.193556504482
2025-03-11 23:45:00,11146.193556504482
2025-03-12 00:00:00,11146.193556504482
2025-03-12 00:15:00,11146.193556504482
2025-03-12 00:30:00,11146.193556504482
2025-03-12 00:45:00,11146.193556504482
2025-03-12 01:00:00,11146.193556504482
2025-03-12 01:15:00,11146.193556504482
2025-03-12 01:30:00,11146.193556504482
2025-03-12 01:45:00,11146.193556504482
2025-03-12 02:00:00,11146.193556504482
2025-03-12 02:15:00,11146.193556504482
2025-03-12 02:30:00,11146.193556504482
2025-03-12 02:45:00,11146.193556504482
2025-03-12 03:00:00,11146.193556504482
2025-03-12 03:15:00,11146.193556504482
2025-03-12 03:30:00,11146.193556504482
2025-03-12 03:45:00,11146.193556504482
2025-03-12 04:00:00,11146.193556504482
2025-03-12 04:15:00,11146.193556504482
2025-03-12 04:30:00,11146.193556504482
2025-03-12 04:45:00,11146.193556504482
2025-03-12 05:00:00,11146.193556504482
2025-03-12 05:15:00,11146.193556504482
2025-03-12 05:30:00,11146.193556504482
2025-03-12 05:45:00,11146.193556504482
2025-03-12 06:00:00,11146.193556504482
2025-03-12 06:15:00,11146.193556504482
2025-03-12 06:30:00,11034.731620939438
2025-03-12 06:45:00,11034.731620939438
2025-03-12 07:00:00,10924.384304730043
2025-03-12 07:15:00,10924.384304730043
2025-03-12 07:30:00,10924.384304730043
2025-03-12 07:45:00,10924.384304730043
2025-03-12 08:00:00,10924.384304730043
2025-03-12 08:15:00,10924.384304730043
2025-03-12 08:30:00,10924.384304730043
2025-03-12 08:45:00,10924.384304730043
2025-03-12 09:00:00,10924.384304730043
2025-03-12 09:15:00,10924.384304730043
2025-03-12 09:30:00,10924.384304730043
2025-03-12 09:45:00,10706.989057065915
2025-03-12 10:00:00,10706.989057065915
2025-03-12 10:15:00,10706.989057065915
2025-03-12 10:30:00,10706.989057065915
2025-03-12 10:45:00,10706.989057065915
2025-03-12 11:00:00,11054.745893003765
2025-03-12 11:15:00,11054.745893003765
2025-03-12 11:30:00,11054.745893003765
2025-03-12 11:45:00,11054.745893003765
2025-03-12 12:00:00,10944.198434073727
2025-03-12 12:15:00,10944.198434073727
2025-03-12 12:30:00,10834.75644973299
2025-03-12 12:45:00,10834.75644973299
2025-03-12 13:00:00,10834.75644973299
2025-03-12 13:15:00,10834.75644973299
2025-03-12 13:30:00,10834.75644973299
2025-03-12 13:45:00,10834.75644973299
2025-03-12 14:00:00,10834.75644973299
2025-03-12 14:15:00,10834.75644973299
2025-03-12 14:30:00,11523.809849180643
2025-03-12 14:45:00,11523.809849180643
2025-03-12 15:00:00,11523.809849180643
2025-03-12 15:15:00,11523.809849180643
2025-03-12 15:30:00,11523.809849180643
2025-03-12 15:45:00,11523.809849180643
2025-03-12 16:00:00,11523.809849180643
2025-03-12 16:15:00,11523.809849180643
2025-03-12 16:30:00,11523.809849180643
2025-03-12 16:45:00,11523.809849180643
2025-03-12 17:00:00,11523.809849180643
2025-03-12 17:15:00,11523.809849180643
2025-03-12 17:30:00,11523.809849180643
2025-03-12 17:45:00,11834.252923685033
2025-03-12 18:00:00,11834.252923685033
2025-03-12 18:15:00,11834.252923685033
2025-03-12 18:30:00,11834.252923685033
2025-03-12 18:45:00,11834.252923685033
2025-03-12 19:00:00,11834.252923685033
2025-03-12 19:15:00,11834.252923685033
2025-03-12 19:30:00,11834.252923685033
2025-03-12 19:45:00,11834.252923685033
2025-03-12 20:00:00,11834.252923685033
2025-03-12 20:15:00,11834.252923685033
2025-03-12 20:30:00,11834.252923685033
2025-03-12 20:45:00,11834.252923685033
2025-03-12 21:00:00,11834.252923685033
2025-03-12 21:15:00,11834.252923685033
2025-03-12 21:30:00,11834.252923685033
2025-03-12 21:45:00,11834.252923685033
2025-03-12 22:00:00,11834.252923685033
2025-03-12 22:15:00,11834.252923685033
2025-03-12 22:30:00,11834.252923685033
2025-03-12 22:45:00,11834.252923685033
2025-03-12 23:00:00,11834.252923685033
2025-03-12 23:15:00,11834.252923685033
2025-03-12 23:30:00,11834.252923685033
2025-03-12 23:45:00,11834.252923685033
2025-03-13 00:00:00,11834.252923685033
2025-03-13 00:15:00,11834.252923685033
2025-03-13 00:30:00,11834.252923685033
2025-03-13 00:45:00,11834.252923685033
2025-03-13 01:00:00,11834.252923685033
2025-03-13 01:15:00,11834.252923685033
2025-03-13 01:30:00,11834.252923685033
2025-03-13 01:45:00,11834.252923685033
2025-03-13 02:00:00,11834.252923685033
2025-03-13 02:15:00,11834.252923685033
2025-03-13 02:30:00,11834.252923685033
2025-03-13 02:45:00,11834.252923685033
2025-03-13 03:00:00,11834.252923685033
2025-03-13 03:15:00,11834.252923685033
2025-03-13 03:30:00,11834.252923685033
2025-03-13 03:45:00,11834.252923685033
2025-03-13 04:00:00,11834.252923685033
2025-03-13 04:15:00,11834.252923685033
2025-03-13 04:30:00,11834.252923685033
2025-03-13 04:45:00,11834.252923685033
2025-03-13 05:00:00,11834.252923685033
2025-03-13 05:15:00,11834.252923685033
2025-03-13 05:30:00,11834.252923685033
2025-03-13 05:45:00,11834.252923685033
2025-03-13 06:00:00,12062.92520674172
2025-03-13 06:15:00,12306.99558155411
2025-03-13 06:30:00,12127.299238142888
2025-03-13 06:45:00,12127.299238142888
2025-03-13 07:00:00,12127.299238142888
2025-03-13 07:15:00,12127.299238142888
2025-03-13 07:30:00,12127.299238142888
2025-03-13 07:45:00,12127.299238142888
2025-03-13 08:00:00,12127.299238142888
2025-03-13 08:15:00,12127.299238142888
2025-03-13 08:30:00,12127.299238142888
2025-03-13 08:45:00,12127.299238142888
2025-03-13 09:00:00,12127.299238142888
2025-03-13 09:15:00,12006.026245761459
2025-03-13 09:30:00,11885.965983303844
2025-03-13 09:45:00,11885.965983303844
2025-03-13 10:00:00,11885.965983303844
2025-03-13 10:15:00,11885.965983303844
2025-03-13 10:30:00,11649.435260236098
2025-03-13 10:45:00,11649.435260236098
2025-03-13 11:00:00,11649.435260236098
2025-03-13 11:15:00,11532.940907633736
2025-03-13 11:30:00,11532.940907633736
2025-03-13 11:45:00,11532.940907633736
2025-03-13 12:00:00,11532.940907633736
2025-03-13 12:15:00,11532.940907633736
2025-03-13 12:30:00,11532.940907633736
2025-03-13 12:45:00,11532.940907633736
2025-03-13 13:00:00,11532.940907633736
2025-03-13 13:15:00,11532.940907633736
2025-03-13 13:30:00,11532.940907633736
2025-03-13 13:45:00,11532.940907633736
2025-03-13 14:00:00,11532.940907633736
2025-03-13 14:15:00,11532.940907633736
2025-03-13 14:30:00,11532.940907633736
2025-03-13 14:45:00,11532.940907633736
2025-03-13 15:00:00,11532.940907633736
2025-03-13 15:15:00,11532.940907633736
2025-03-13 15:30:00,12071.871594297934
2025-03-13 15:45:00,12071.871594297934
2025-03-13 16:00:00,11951.152878354955
2025-03-13 16:15:00,11831.641349571406
2025-03-13 16:30:00,11831.641349571406
2025-03-13 16:45:00,11831.641349571406
2025-03-13 17:00:00,11831.641349571406
2025-03-13 17:15:00,12168.68411693236
2025-03-13 17:30:00,12168.68411693236
2025-03-13 17:45:00,12324.297577834874
2025-03-13 18:00:00,12324.297577834874
2025-03-13 18:15:00,12324.297577834874
2025-03-13 18:30:00,12324.297577834874
2025-03-13 18:45:00,12324.297577834874
2025-03-13 19:00:00,12324.297577834874
2025-03-13 19:15:00,12324.297577834874
2025-03-13 19:30:00,12324.297577834874
2025-03-13 19:45:00,12324.297577834874
2025-03-13 20:00:00,12324.297577834874
2025-03-13 20:15:00,12324.297577834874
2025-03-13 20:30:00,12324.297577834874
2025-03-13 20:45:00,12324.297577834874
2025-03-13 21:00:00,12324.297577834874
2025-03-13 21:15:00,12324.297577834874
2025-03-13 21:30:00,12324.297577834874
2025-03-13 21:45:00,12324.297577834874
2025-03-13 22:00:00,12324.297577834874
2025-03-13 22:15:00,12324.297577834874
2025-03-13 22:30:00,12324.297577834874
2025-03-13 22:45:00,12324.297577834874
2025-03-13 23:00:00,12324.297577834874
2025-03-13 23:15:00,12324.297577834874
2025-03-13 23:30:00,12324.297577834874
2025-03-13 23:45:00,12324.297577834874
2025-03-14 00:00:00,12324.297577834874
2025-03-14 00:15:00,12324.297577834874
2025-03-14 00:30:00,12324.297577834874
2025-03-14 00:45:00,12324.297577834874
2025-03-14 01:00:00,12324.297577834874
2025-03-14 01:15:00,12324.297577834874
2025-03-14 01:30:00,12324.297577834874
2025-03-14 01:45:00,12324.297577834874
2025-03-14 02:00:00,12324.297577834874
2025-03-14 02:15:00,12324.297577834874
2025-03-14 02:30:00,12324.297577834874
2025-03-14 02:45:00,12324.297577834874
2025-03-14 03:00:00,12324.297577834874
2025-03-14 03:15:00,12324.297577834874
2025-03-14 03:30:00,12324.297577834874
2025-03-14 03:45:00,12324.297577834874
2025-03-14 04:00:00,12324.297577834874
2025-03-14 04:15:00,12324.297577834874
2025-03-14 04:30:00,12201.054602056525
2025-03-14 04:45:00,12201.054602056525
2025-03-14 05:00:00,12201.054602056525
2025-03-14 05:15:00,11958.2536154756
2025-03-14 05:30:00,11838.671079320844
2025-03-14 05:45:00,11838.671079320844
2025-03-14 06:00:00,11838.671079320844
2025-03-14 06:15:00,11838.671079320844
2025-03-14 06:30:00,11838.671079320844
2025-03-14 06:45:00,11838.671079320844
2025-03-14 07:00:00,11838.671079320844
2025-03-14 07:15:00,11838.671079320844
2025-03-14 07:30:00,11838.671079320844
2025-03-14 07:45:00,11838.671079320844
2025-03-14 08:00:00,11838.671079320844
2025-03-14 08:15:00,11838.671079320844
2025-03-14 08:30:00,11838.671079320844
2025-03-14 08:45:00,12696.96145956306
2025-03-14 09:00:00,12696.96145956306
2025-03-14 09:15:00,12696.96145956306
2025-03-14 09:30:00,12696.96145956306
2025-03-14 09:45:00,12696.96145956306
2025-03-14 10:00:00,12696.96145956306
2025-03-14 10:15:00,12696.96145956306
2025-03-14 10:30:00,12696.96145956306
2025-03-14 10:45:00,12696.96145956306
2025-03-14 11:00:00,12965.912200480017
2025-03-14 11:15:00,12965.912200480017
2025-03-14 11:30:00,12965.912200480017
2025-03-14 11:45:00,12965.912200480017
2025-03-14 12:00:00,12965.912200480017
2025-03-14 12:15:00,12965.912200480017
2025-03-14 12:30:00,12707.890547690466
2025-03-14 12:45:00,12707.890547690466
2025-03-14 13:00:00,12580.81164221356
2025-03-14 13:15:00,12580.81164221356
2025-03-14 13:30:00,12455.003525791426
2025-03-14 13:45:00,12330.453490533511
2025-03-14 14:00:00,12207.148955628176
2025-03-14 14:15:00,12207.148955628176
2025-03-14 14:30:00,11964.226691411175
2025-03-14 14:45:00,11964.226691411175
2025-03-14 15:00:00,11844.584424497063
2025-03-14 15:15:00,11844.584424497063
2025-03-14 15:30:00,11844.584424497063
2025-03-14 15:45:00,11844.584424497063
2025-03-14 16:00:00,11844.584424497063
2025-03-14 16:15:00,11844.584424497063
2025-03-14 16:30:00,11844.584424497063
2025-03-14 16:45:00,11844.584424497063
2025-03-14 17:00:00,11844.584424497063
2025-03-14 17:15:00,11844.584424497063
2025-03-14 17:30:00,11844.584424497063
2025-03-14 17:45:00,11844.584424497063
2025-03-14 18:00:00,11844.584424497063
2025-03-14 18:15:00,11844.584424497063
2025-03-14 18:30:00,11844.584424497063
2025-03-14 18:45:00,11844.584424497063
2025-03-14 19:00:00,11844.584424497063
2025-03-14 19:15:00,11844.584424497063
2025-03-14 19:30:00,11844.584424497063
2025-03-14 19:45:00,11844.584424497063
2025-03-14 20:00:00,11844.584424497063
2025-03-14 20:15:00,11844.584424497063
2025-03-14 20:30:00,11844.584424497063
2025-03-14 20:45:00,11844.584424497063
2025-03-14 21:00:00,11844.584424497063
2025-03-14 21:15:00,11844.584424497063
2025-03-14 21:30:00,11844.584424497063
2025-03-14 21:45:00,11844.584424497063
2025-03-14 22:00:00,11844.584424497063
2025-03-14 22:15:00,11844.584424497063
2025-03-14 22:30:00,11844.584424497063
2025-03-14 22:45:00,11844.584424497063
2025-03-14 23:00:00,11844.584424497063
2025-03-14 23:15:00,11844.584424497063
2025-03-14 23:30:00,11844.584424497063
2025-03-14 23:45:00,11844.584424497063
2025-03-17 00:00:00,11844.584424497063
2025-03-17 00:15:00,11844.584424497063
2025-03-17 00:30:00,11844.584424497063
2025-03-17 00:45:00,11844.584424497063
2025-03-17 01:00:00,11844.584424497063
2025-03-17 01:15:00,11844.584424497063
2025-03-17 01:30:00,11844.584424497063
2025-03-17 01:45:00,11844.584424497063
2025-03-17 02:00:00,11844.584424497063
2025-03-17 02:15:00,11844.584424497063
2025-03-17 02:30:00,11844.584424497063
2025-03-17 02:45:00,11844.584424497063
2025-03-17 03:00:00,11844.584424497063
2025-03-17 03:15:00,11844.584424497063
2025-03-17 03:30:00,11844.584424497063
2025-03-17 03:45:00,11844.584424497063
2025-03-17 04:00:00,11844.584424497063
2025-03-17 04:15:00,11844.584424497063
2025-03-17 04:30:00,11844.584424497063
2025-03-17 04:45:00,11844.584424497063
2025-03-17 05:00:00,12023.460675763195
2025-03-17 05:15:00,12023.460675763195
2025-03-17 05:30:00,12023.460675763195
2025-03-17 05:45:00,12023.460675763195
2025-03-17 06:00:00,12023.460675763195
2025-03-17 06:15:00,12023.460675763195
2025-03-17 06:30:00,12023.460675763195
2025-03-17 06:45:00,12023.460675763195
2025-03-17 07:00:00,12023.460675763195
2025-03-17 07:15:00,12023.460675763195
2025-03-17 07:30:00,12023.460675763195
2025-03-17 07:45:00,12023.460675763195
2025-03-17 08:00:00,12023.460675763195
2025-03-17 08:15:00,12023.460675763195
2025-03-17 08:30:00,12023.460675763195
2025-03-17 08:45:00,12023.460675763195
2025-03-17 09:00:00,12023.460675763195
2025-03-17 09:15:00,12023.460675763195
2025-03-17 09:30:00,12023.460675763195
2025-03-17 09:45:00,12023.460675763195
2025-03-17 10:00:00,12023.460675763195
2025-03-17 10:15:00,12023.460675763195
2025-03-17 10:30:00,12023.460675763195
2025-03-17 10:45:00,12023.460675763195
2025-03-17 11:00:00,12218.512154384052
2025-03-17 11:15:00,12218.512154384052
2025-03-17 11:30:00,12218.512154384052
2025-03-17 11:45:00,12218.512154384052
2025-03-17 12:00:00,12218.512154384052
2025-03-17 12:15:00,12218.512154384052
2025-03-17 12:30:00,12218.512154384052
2025-03-17 12:45:00,12218.512154384052
2025-03-17 13:00:00,12096.327032840212
2025-03-17 13:15:00,11975.36376251181
2025-03-17 13:30:00,11855.610124886693
2025-03-17 13:45:00,11855.610124886693
2025-03-17 14:00:00,11855.610124886693
2025-03-17 14:15:00,11855.610124886693
2025-03-17 14:30:00,11855.610124886693
2025-03-17 14:45:00,11855.610124886693
2025-03-17 15:00:00,11855.610124886693
2025-03-17 15:15:00,11855.610124886693
2025-03-17 15:30:00,11855.610124886693
2025-03-17 15:45:00,11855.610124886693
2025-03-17 16:00:00,11855.610124886693
2025-03-17 16:15:00,11855.610124886693
2025-03-17 16:30:00,11855.610124886693
2025-03-17 16:45:00,11855.610124886693
2025-03-17 17:00:00,11855.610124886693
2025-03-17 17:15:00,11855.610124886693
2025-03-17 17:30:00,11737.054023637826
2025-03-17 17:45:00,11619.683483401448
2025-03-17 18:00:00,11619.683483401448
2025-03-17 18:15:00,11619.683483401448
2025-03-17 18:30:00,11619.683483401448
2025-03-17 18:45:00,11619.683483401448
2025-03-17 19:00:00,11619.683483401448
2025-03-17 19:15:00,11619.683483401448
2025-03-17 19:30:00,11619.683483401448
2025-03-17 19:45:00,11619.683483401448
2025-03-17 20:00:00,11619.683483401448
2025-03-17 20:15:00,11619.683483401448
2025-03-17 20:30:00,11619.683483401448
2025-03-17 20:45:00,11619.683483401448
2025-03-17 21:00:00,11619.683483401448
2025-03-17 21:15:00,11619.683483401448
2025-03-17 21:30:00,11619.683483401448
2025-03-17 21:45:00,11619.683483401448
2025-03-17 22:00:00,11619.683483401448
2025-03-17 22:15:00,11619.683483401448
2025-03-17 22:30:00,11619.683483401448
2025-03-17 22:45:00,11619.683483401448
2025-03-17 23:00:00,11619.683483401448
2025-03-17 23:15:00,11619.683483401448
2025-03-17 23:30:00,11619.683483401448
2025-03-17 23:45:00,11619.683483401448
2025-03-18 00:00:00,11619.683483401448
2025-03-18 00:15:00,11619.683483401448
2025-03-18 00:30:00,11619.683483401448
2025-03-18 00:45:00,11619.683483401448
2025-03-18 01:00:00,11619.683483401448
2025-03-18 01:15:00,11619.683483401448
2025-03-18 01:30:00,11619.683483401448
2025-03-18 01:45:00,11619.683483401448
2025-03-18 02:00:00,11619.683483401448
2025-03-18 02:15:00,11619.683483401448
2025-03-18 02:30:00,11619.683483401448
2025-03-18 02:45:00,11619.683483401448
2025-03-18 03:00:00,11619.683483401448
2025-03-18 03:15:00,11619.683483401448
2025-03-18 03:30:00,11619.683483401448
2025-03-18 03:45:00,11619.683483401448
2025-03-18 04:00:00,11619.683483401448
2025-03-18 04:15:00,11619.683483401448
2025-03-18 04:30:00,11619.683483401448
2025-03-18 04:45:00,11619.683483401448
2025-03-18 05:00:00,11619.683483401448
2025-03-18 05:15:00,11388.45178208176
2025-03-18 05:30:00,11274.567264260942
2025-03-18 05:45:00,11274.567264260942
2025-03-18 06:00:00,11274.567264260942
2025-03-18 06:15:00,11274.567264260942
2025-03-18 06:30:00,11050.203375702149
2025-03-18 06:45:00,11050.203375702149
2025-03-18 07:00:00,11050.203375702149
2025-03-18 07:15:00,11050.203375702149
2025-03-18 07:30:00,11050.203375702149
2025-03-18 07:45:00,11050.203375702149
2025-03-18 08:00:00,11050.203375702149
2025-03-18 08:15:00,11050.203375702149
2025-03-18 08:30:00,11050.203375702149
2025-03-18 08:45:00,11050.203375702149
2025-03-18 09:00:00,11050.203375702149
2025-03-18 09:15:00,11161.821591618333
2025-03-18 09:30:00,11161.821591618333
2025-03-18 09:45:00,11161.821591618333
2025-03-18 10:00:00,11161.821591618333
2025-03-18 10:15:00,11161.821591618333
2025-03-18 10:30:00,11161.821591618333
2025-03-18 10:45:00,11503.486648567434
2025-03-18 11:00:00,11388.45178208176
2025-03-18 11:15:00,11274.567264260942
2025-03-18 11:30:00,11161.821591618333
2025-03-18 11:45:00,11161.821591618333
2025-03-18 12:00:00,11161.821591618333
2025-03-18 12:15:00,11161.821591618333
2025-03-18 12:30:00,11161.821591618333
2025-03-18 12:45:00,11161.821591618333
2025-03-18 13:00:00,11161.821591618333
2025-03-18 13:15:00,11161.821591618333
2025-03-18 13:30:00,11161.821591618333
2025-03-18 13:45:00,11161.821591618333
2025-03-18 14:00:00,11161.821591618333
2025-03-18 14:15:00,11161.821591618333
2025-03-18 14:30:00,11161.821591618333
2025-03-18 14:45:00,13334.17369058557
2025-03-18 15:00:00,13334.17369058557
2025-03-18 15:15:00,13334.17369058557
2025-03-18 15:30:00,13334.17369058557
2025-03-18 15:45:00,13334.17369058557
2025-03-18 16:00:00,13334.17369058557
2025-03-18 16:15:00,13334.17369058557
2025-03-18 16:30:00,13334.17369058557
2025-03-18 16:45:00,13334.17369058557
2025-03-18 17:00:00,13334.17369058557
2025-03-18 17:15:00,13334.17369058557
2025-03-18 17:30:00,13334.17369058557
2025-03-18 17:45:00,13334.17369058557
2025-03-18 18:00:00,13334.17369058557
2025-03-18 18:15:00,13334.17369058557
2025-03-18 18:30:00,13334.17369058557
2025-03-18 18:45:00,13334.17369058557
2025-03-18 19:00:00,13334.17369058557
2025-03-18 19:15:00,13334.17369058557
2025-03-18 19:30:00,13334.17369058557
2025-03-18 19:45:00,13334.17369058557
2025-03-18 20:00:00,13334.17369058557
2025-03-18 20:15:00,13334.17369058557
2025-03-18 20:30:00,13334.17369058557
2025-03-18 20:45:00,13334.17369058557
2025-03-18 21:00:00,13334.17369058557
2025-03-18 21:15:00,13334.17369058557
2025-03-18 21:30:00,13334.17369058557
2025-03-18 21:45:00,13334.17369058557
2025-03-18 22:00:00,13334.17369058557
2025-03-18 22:15:00,13334.17369058557
2025-03-18 22:30:00,13334.17369058557
2025-03-18 22:45:00,13334.17369058557
2025-03-18 23:00:00,13334.17369058557
2025-03-18 23:15:00,13334.17369058557
2025-03-18 23:30:00,13334.17369058557
2025-03-18 23:45:00,13334.17369058557
2025-03-19 00:00:00,13334.17369058557
2025-03-19 00:15:00,13334.17369058557
2025-03-19 00:30:00,13334.17369058557
2025-03-19 00:45:00,13334.17369058557
2025-03-19 01:00:00,13334.17369058557
2025-03-19 01:15:00,13334.17369058557
2025-03-19 01:30:00,13334.17369058557
2025-03-19 01:45:00,13334.17369058557
2025-03-19 02:00:00,13334.17369058557
2025-03-19 02:15:00,13334.17369058557
2025-03-19 02:30:00,13334.17369058557
2025-03-19 02:45:00,13334.17369058557
2025-03-19 03:00:00,13334.17369058557
2025-03-19 03:15:00,13334.17369058557
2025-03-19 03:30:00,13200.831953679715
2025-03-19 03:45:00,13068.823634142918
2025-03-19 04:00:00,13068.823634142918
2025-03-19 04:15:00,13068.823634142918
2025-03-19 04:30:00,13068.823634142918
2025-03-19 04:45:00,13068.823634142918
2025-03-19 05:00:00,13068.823634142918
2025-03-19 05:15:00,13068.823634142918
2025-03-19 05:30:00,13636.99199344035
2025-03-19 05:45:00,13636.99199344035
2025-03-19 06:00:00,13636.99199344035
2025-03-19 06:15:00,13636.99199344035
2025-03-19 06:30:00,13636.99199344035
2025-03-19 06:45:00,13636.99199344035
2025-03-19 07:00:00,13636.99199344035
2025-03-19 07:15:00,13636.99199344035
2025-03-19 07:30:00,13636.99199344035
2025-03-19 07:45:00,13636.99199344035
2025-03-19 08:00:00,13636.99199344035
2025-03-19 08:15:00,13636.99199344035
2025-03-19 08:30:00,13636.99199344035
2025-03-19 08:45:00,13636.99199344035
2025-03-19 09:00:00,13636.99199344035
2025-03-19 09:15:00,13636.99199344035
2025-03-19 09:30:00,13500.622073505947
2025-03-19 09:45:00,13500.622073505947
2025-03-19 10:00:00,13231.959694243178
2025-03-19 10:15:00,13099.640097300746
2025-03-19 10:30:00,12968.643696327737
2025-03-19 10:45:00,12838.95725936446
2025-03-19 11:00:00,12838.95725936446
2025-03-19 11:15:00,12838.95725936446
2025-03-19 11:30:00,12838.95725936446
2025-03-19 11:45:00,12838.95725936446
2025-03-19 12:00:00,12838.95725936446
2025-03-19 12:15:00,12838.95725936446
2025-03-19 12:30:00,12838.95725936446
2025-03-19 12:45:00,12838.95725936446
2025-03-19 13:00:00,12838.95725936446
2025-03-19 13:15:00,12838.95725936446
2025-03-19 13:30:00,12838.95725936446
2025-03-19 13:45:00,12838.95725936446
2025-03-19 14:00:00,12838.95725936446
2025-03-19 14:15:00,12838.95725936446
2025-03-19 14:30:00,12838.95725936446
2025-03-19 14:45:00,12838.95725936446
2025-03-19 15:00:00,12838.95725936446
2025-03-19 15:15:00,12838.95725936446
2025-03-19 15:30:00,12838.95725936446
2025-03-19 15:45:00,12838.95725936446
2025-03-19 16:00:00,12838.95725936446
2025-03-19 16:15:00,12838.95725936446
2025-03-19 16:30:00,12838.95725936446
2025-03-19 16:45:00,12838.95725936446
2025-03-19 17:00:00,12838.95725936446
2025-03-19 17:15:00,12838.95725936446
2025-03-19 17:30:00,12838.95725936446
2025-03-19 17:45:00,12710.567686770815
2025-03-19 18:00:00,12710.567686770815
2025-03-19 18:15:00,12710.567686770815
2025-03-19 18:30:00,12710.567686770815
2025-03-19 18:45:00,12457.627389804076
2025-03-19 19:00:00,12457.627389804076
2025-03-19 19:15:00,12457.627389804076
2025-03-19 19:30:00,12457.627389804076
2025-03-19 19:45:00,12457.627389804076
2025-03-19 20:00:00,12333.051115906035
2025-03-19 20:15:00,12209.720604746975
2025-03-19 20:30:00,12209.720604746975
2025-03-19 20:45:00,12209.720604746975
2025-03-19 21:00:00,13361.465534406807
2025-03-19 21:15:00,13361.465534406807
2025-03-19 21:30:00,13361.465534406807
2025-03-19 21:45:00,13361.465534406807
2025-03-19 22:00:00,13361.465534406807
2025-03-19 22:15:00,13361.465534406807
2025-03-19 22:30:00,13361.465534406807
2025-03-19 22:45:00,13361.465534406807
2025-03-19 23:00:00,13361.465534406807
2025-03-19 23:15:00,13361.465534406807
2025-03-19 23:30:00,13361.465534406807
2025-03-19 23:45:00,13361.465534406807
2025-03-20 00:00:00,13361.465534406807
2025-03-20 00:15:00,13361.465534406807
2025-03-20 00:30:00,13361.465534406807
2025-03-20 00:45:00,13361.465534406807
2025-03-20 01:00:00,13361.465534406807
2025-03-20 01:15:00,13361.465534406807
2025-03-20 01:30:00,13361.465534406807
2025-03-20 01:45:00,13361.465534406807
2025-03-20 02:00:00,13361.465534406807
2025-03-20 02:15:00,13361.465534406807
2025-03-20 02:30:00,13361.465534406807
2025-03-20 02:45:00,13361.465534406807
2025-03-20 03:00:00,13361.465534406807
2025-03-20 03:15:00,13361.465534406807
2025-03-20 03:30:00,13361.465534406807
2025-03-20 03:45:00,13361.465534406807
2025-03-20 04:00:00,13361.465534406807
2025-03-20 04:15:00,13361.465534406807
2025-03-20 04:30:00,13361.465534406807
2025-03-20 04:45:00,13361.465534406807
2025-03-20 05:00:00,13361.465534406807
2025-03-20 05:15:00,13361.465534406807
2025-03-20 05:30:00,13361.465534406807
2025-03-20 05:45:00,13361.465534406807
2025-03-20 06:00:00,13361.465534406807
2025-03-20 06:15:00,13361.465534406807
2025-03-20 06:30:00,13361.465534406807
2025-03-20 06:45:00,13361.465534406807
2025-03-20 07:00:00,13361.465534406807
2025-03-20 07:15:00,13361.465534406807
2025-03-20 07:30:00,13361.465534406807
2025-03-20 07:45:00,13361.465534406807
2025-03-20 08:00:00,13361.465534406807
2025-03-20 08:15:00,13361.465534406807
2025-03-20 08:30:00,13227.850879062738
2025-03-20 08:45:00,13227.850879062738
2025-03-20 09:00:00,13227.850879062738
2025-03-20 09:15:00,13227.850879062738
2025-03-20 09:30:00,12834.970480103695
2025-03-20 09:45:00,12834.970480103695
2025-03-20 10:00:00,12834.970480103695
2025-03-20 10:15:00,12834.970480103695
2025-03-20 10:30:00,12834.970480103695
2025-03-20 10:45:00,12706.620775302657
2025-03-20 11:00:00,12706.620775302657
2025-03-20 11:15:00,12706.620775302657
2025-03-20 11:30:00,12579.55456754963
2025-03-20 11:45:00,12579.55456754963
2025-03-20 12:00:00,12329.221431655393
2025-03-20 12:15:00,12329.221431655393
2025-03-20 12:30:00,12205.929217338838
2025-03-20 12:45:00,12205.929217338838
2025-03-20 13:00:00,12205.929217338838
2025-03-20 13:15:00,12205.929217338838
2025-03-20 13:30:00,12205.929217338838
2025-03-20 13:45:00,12205.929217338838
2025-03-20 14:00:00,12205.929217338838
2025-03-20 14:15:00,12205.929217338838
2025-03-20 14:30:00,12205.929217338838
2025-03-20 14:45:00,12205.929217338838
2025-03-20 15:00:00,12205.929217338838
2025-03-20 15:15:00,12205.929217338838
2025-03-20 15:30:00,12205.929217338838
2025-03-20 15:45:00,12083.86992516545
2025-03-20 16:00:00,12083.86992516545
2025-03-20 16:15:00,12083.86992516545
2025-03-20 16:30:00,12083.86992516545
2025-03-20 16:45:00,12083.86992516545
2025-03-20 17:00:00,12083.86992516545
2025-03-20 17:15:00,12083.86992516545
2025-03-20 17:30:00,12083.86992516545
2025-03-20 17:45:00,12083.86992516545
2025-03-20 18:00:00,12083.86992516545
2025-03-20 18:15:00,12083.86992516545
2025-03-20 18:30:00,12083.86992516545
2025-03-20 18:45:00,12083.86992516545
2025-03-20 19:00:00,12083.86992516545
2025-03-20 19:15:00,12083.86992516545
2025-03-20 19:30:00,12083.86992516545
2025-03-20 19:45:00,12083.86992516545
2025-03-20 20:00:00,12083.86992516545
2025-03-20 20:15:00,12083.86992516545
2025-03-20 20:30:00,12083.86992516545
2025-03-20 20:45:00,12083.86992516545
2025-03-20 21:00:00,12083.86992516545
2025-03-20 21:15:00,12083.86992516545
2025-03-20 21:30:00,12083.86992516545
2025-03-20 21:45:00,12083.86992516545
2025-03-20 22:00:00,12083.86992516545
2025-03-20 22:15:00,12083.86992516545
2025-03-20 22:30:00,12083.86992516545
2025-03-20 22:45:00,12083.86992516545
2025-03-20 23:00:00,12083.86992516545
2025-03-20 23:15:00,12083.86992516545
2025-03-20 23:30:00,12083.86992516545
2025-03-20 23:45:00,12083.86992516545
2025-03-21 00:00:00,12083.86992516545
2025-03-21 00:15:00,12083.86992516545
2025-03-21 00:30:00,12083.86992516545
2025-03-21 00:45:00,12083.86992516545
2025-03-21 01:00:00,12083.86992516545
2025-03-21 01:15:00,12083.86992516545
2025-03-21 01:30:00,12083.86992516545
2025-03-21 01:45:00,12083.86992516545
2025-03-21 02:00:00,12083.86992516545
2025-03-21 02:15:00,12083.86992516545
2025-03-21 02:30:00,12083.86992516545
2025-03-21 02:45:00,12083.86992516545
2025-03-21 03:00:00,12083.86992516545
2025-03-21 03:15:00,12083.86992516545
2025-03-21 03:30:00,12083.86992516545
2025-03-21 03:45:00,12083.86992516545
2025-03-21 04:00:00,12083.86992516545
2025-03-21 04:15:00,12083.86992516545
2025-03-21 04:30:00,12083.86992516545
2025-03-21 04:45:00,12083.86992516545
2025-03-21 05:00:00,12083.86992516545
2025-03-21 05:15:00,12083.86992516545
2025-03-21 05:30:00,12083.86992516545
2025-03-21 05:45:00,11963.031225913795
2025-03-21 06:00:00,11963.031225913795
2025-03-21 06:15:00,11724.96690451811
2025-03-21 06:30:00,11607.71723547293
2025-03-21 06:45:00,11491.6400631182
2025-03-21 07:00:00,11491.6400631182
2025-03-21 07:15:00,11262.956425862149
2025-03-21 07:30:00,11262.956425862149
2025-03-21 07:45:00,11150.326861603528
2025-03-21 08:00:00,11150.326861603528
2025-03-21 08:15:00,10928.435357057617
2025-03-21 08:30:00,10928.435357057617
2025-03-21 08:45:00,10819.15100348704
2025-03-21 09:00:00,10819.15100348704
2025-03-21 09:15:00,10819.15100348704
2025-03-21 09:30:00,10819.15100348704
2025-03-21 09:45:00,10819.15100348704
2025-03-21 10:00:00,10819.15100348704
2025-03-21 10:15:00,10819.15100348704
2025-03-21 10:30:00,10819.15100348704
2025-03-21 10:45:00,10819.15100348704
2025-03-21 11:00:00,10819.15100348704
2025-03-21 11:15:00,10819.15100348704
2025-03-21 11:30:00,10819.15100348704
2025-03-21 11:45:00,10819.15100348704
2025-03-21 12:00:00,10819.15100348704
2025-03-21 12:15:00,10819.15100348704
2025-03-21 12:30:00,10819.15100348704
2025-03-21 12:45:00,10819.15100348704
2025-03-21 13:00:00,10819.15100348704
2025-03-21 13:15:00,10819.15100348704
2025-03-21 13:30:00,10819.15100348704
2025-03-21 13:45:00,10819.15100348704
2025-03-21 14:00:00,10819.15100348704
2025-03-21 14:15:00,10819.15100348704
2025-03-21 14:30:00,10819.15100348704
2025-03-21 14:45:00,11547.27495566585
2025-03-21 15:00:00,11431.80220610919
2025-03-21 15:15:00,11431.80220610919
2025-03-21 15:30:00,11431.80220610919
2025-03-21 15:45:00,12146.457179266756
2025-03-21 16:00:00,12146.457179266756
2025-03-21 16:15:00,12146.457179266756
2025-03-21 16:30:00,12146.457179266756
2025-03-21 16:45:00,12146.457179266756
2025-03-21 17:00:00,12146.457179266756
2025-03-21 17:15:00,12146.457179266756
2025-03-21 17:30:00,12146.457179266756
2025-03-21 17:45:00,12146.457179266756
2025-03-21 18:00:00,12146.457179266756
2025-03-21 18:15:00,12146.457179266756
2025-03-21 18:30:00,12146.457179266756
2025-03-21 18:45:00,12146.457179266756
2025-03-21 19:00:00,12146.457179266756
2025-03-21 19:15:00,12146.457179266756
2025-03-21 19:30:00,12146.457179266756
2025-03-21 19:45:00,12146.457179266756
2025-03-21 20:00:00,12146.457179266756
2025-03-21 20:15:00,12146.457179266756
2025-03-21 20:30:00,12146.457179266756
2025-03-21 20:45:00,12146.457179266756
2025-03-21 21:00:00,12146.457179266756
2025-03-21 21:15:00,12146.457179266756
2025-03-21 21:30:00,12146.457179266756
2025-03-21 21:45:00,12146.457179266756
2025-03-21 22:00:00,12146.457179266756
2025-03-21 22:15:00,12146.457179266756
2025-03-21 22:30:00,12146.457179266756
2025-03-21 22:45:00,12146.457179266756
2025-03-21 23:00:00,12146.457179266756
2025-03-21 23:15:00,12146.457179266756
2025-03-21 23:30:00,12146.457179266756
2025-03-21 23:45:00,12146.457179266756
2025-03-24 00:00:00,12146.457179266756
2025-03-24 00:15:00,12146.457179266756
2025-03-24 00:30:00,12146.457179266756
2025-03-24 00:45:00,12146.457179266756
2025-03-24 01:00:00,12146.457179266756
2025-03-24 01:15:00,12146.457179266756
2025-03-24 01:30:00,12146.457179266756
2025-03-24 01:45:00,12146.457179266756
2025-03-24 02:00:00,12146.457179266756
2025-03-24 02:15:00,12146.457179266756
2025-03-24 02:30:00,12146.457179266756
2025-03-24 02:45:00,12918.07042561763
2025-03-24 03:00:00,12788.889721361455
2025-03-24 03:15:00,12788.889721361455
2025-03-24 03:30:00,12788.889721361455
2025-03-24 03:45:00,12788.889721361455
2025-03-24 04:00:00,12788.889721361455
2025-03-24 04:15:00,12788.889721361455
2025-03-24 04:30:00,12788.889721361455
2025-03-24 04:45:00,12788.889721361455
2025-03-24 05:00:00,12788.889721361455
2025-03-24 05:15:00,12788.889721361455
2025-03-24 05:30:00,12788.889721361455
2025-03-24 05:45:00,12788.889721361455
2025-03-24 06:00:00,12788.889721361455
2025-03-24 06:15:00,12788.889721361455
2025-03-24 06:30:00,12788.889721361455
2025-03-24 06:45:00,13914.1417788631
2025-03-24 07:00:00,13292.757999454278
2025-03-24 07:15:00,13292.757999454278
2025-03-24 07:30:00,13292.757999454278
2025-03-24 07:45:00,13292.757999454278
2025-03-24 08:00:00,13292.757999454278
2025-03-24 08:15:00,13292.757999454278
2025-03-24 08:30:00,13292.757999454278
2025-03-24 08:45:00,13292.757999454278
2025-03-24 09:00:00,13292.757999454278
2025-03-24 09:15:00,13292.757999454278
2025-03-24 09:30:00,13292.757999454278
2025-03-24 09:45:00,13292.757999454278
2025-03-24 10:00:00,13159.830419459735
2025-03-24 10:15:00,13159.830419459735
2025-03-24 10:30:00,13159.830419459735
2025-03-24 10:45:00,13159.830419459735
2025-03-24 11:00:00,13159.830419459735
2025-03-24 11:15:00,12897.949794112485
2025-03-24 11:30:00,12897.949794112485
2025-03-24 11:45:00,12897.949794112485
2025-03-24 12:00:00,12897.949794112485
2025-03-24 12:15:00,13384.049298091188
2025-03-24 12:30:00,13384.049298091188
2025-03-24 12:45:00,13384.049298091188
2025-03-24 13:00:00,13384.049298091188
2025-03-24 13:15:00,13384.049298091188
2025-03-24 13:30:00,13384.049298091188
2025-03-24 13:45:00,13384.049298091188
2025-03-24 14:00:00,13384.049298091188
2025-03-24 14:15:00,13384.049298091188
2025-03-24 14:30:00,13384.049298091188
2025-03-24 14:45:00,13384.049298091188
2025-03-24 15:00:00,13384.049298091188
2025-03-24 15:15:00,13384.049298091188
2025-03-24 15:30:00,13384.049298091188
2025-03-24 15:45:00,13384.049298091188
2025-03-24 16:00:00,13384.049298091188
2025-03-24 16:15:00,13384.049298091188
2025-03-24 16:30:00,13384.049298091188
2025-03-24 16:45:00,13250.208805110276
2025-03-24 17:00:00,13250.208805110276
2025-03-24 17:15:00,13250.208805110276
2025-03-24 17:30:00,13250.208805110276
2025-03-24 17:45:00,13117.706717059173
2025-03-24 18:00:00,13117.706717059173
2025-03-24 18:15:00,13117.706717059173
2025-03-24 18:30:00,13117.706717059173
2025-03-24 18:45:00,13117.706717059173
2025-03-24 19:00:00,13117.706717059173
2025-03-24 19:15:00,13117.706717059173
2025-03-24 19:30:00,13117.706717059173
2025-03-24 19:45:00,13117.706717059173
2025-03-24 20:00:00,13117.706717059173
2025-03-24 20:15:00,13117.706717059173
2025-03-24 20:30:00,13117.706717059173
2025-03-24 20:45:00,13117.706717059173
2025-03-24 21:00:00,13117.706717059173
2025-03-24 21:15:00,13117.706717059173
2025-03-24 21:30:00,13117.706717059173
2025-03-24 21:45:00,13117.706717059173
2025-03-24 22:00:00,13117.706717059173
2025-03-24 22:15:00,13117.706717059173
2025-03-24 22:30:00,13117.706717059173
2025-03-24 22:45:00,13117.706717059173
2025-03-24 23:00:00,13117.706717059173
2025-03-24 23:15:00,13117.706717059173
2025-03-24 23:30:00,13117.706717059173
2025-03-24 23:45:00,13117.706717059173
2025-03-25 00:00:00,13117.706717059173
2025-03-25 00:15:00,13117.706717059173
2025-03-25 00:30:00,13117.706717059173
2025-03-25 00:45:00,13117.706717059173
2025-03-25 01:00:00,13117.706717059173
2025-03-25 01:15:00,13117.706717059173
2025-03-25 01:30:00,13117.706717059173
2025-03-25 01:45:00,13117.706717059173
2025-03-25 02:00:00,13117.706717059173
2025-03-25 02:15:00,13117.706717059173
2025-03-25 02:30:00,13117.706717059173
2025-03-25 02:45:00,13117.706717059173
2025-03-25 03:00:00,13117.706717059173
2025-03-25 03:15:00,13117.706717059173
2025-03-25 03:30:00,13117.706717059173
2025-03-25 03:45:00,13117.706717059173
2025-03-25 04:00:00,13117.706717059173
2025-03-25 04:15:00,13117.706717059173
2025-03-25 04:30:00,13117.706717059173
2025-03-25 04:45:00,13117.706717059173
2025-03-25 05:00:00,13117.706717059173
2025-03-25 05:15:00,13117.706717059173
2025-03-25 05:30:00,13117.706717059173
2025-03-25 05:45:00,13117.706717059173
2025-03-25 06:00:00,13117.706717059173
2025-03-25 06:15:00,13117.706717059173
2025-03-25 06:30:00,13117.706717059173
2025-03-25 06:45:00,13117.706717059173
2025-03-25 07:00:00,13117.706717059173
2025-03-25 07:15:00,13117.706717059173
2025-03-25 07:30:00,13117.706717059173
2025-03-25 07:45:00,13117.706717059173
2025-03-25 08:00:00,13117.706717059173
2025-03-25 08:15:00,13117.706717059173
2025-03-25 08:30:00,13117.706717059173
2025-03-25 08:45:00,13117.706717059173
2025-03-25 09:00:00,13367.858738331392
2025-03-25 09:15:00,13367.858738331392
2025-03-25 09:30:00,13367.858738331392
2025-03-25 09:45:00,13367.858738331392
2025-03-25 10:00:00,13367.858738331392
2025-03-25 10:15:00,13367.858738331392
2025-03-25 10:30:00,13367.858738331392
2025-03-25 10:45:00,13234.180150948077
2025-03-25 11:00:00,13101.838349438596
2025-03-25 11:15:00,12970.81996594421
2025-03-25 11:30:00,12970.81996594421
2025-03-25 11:45:00,12970.81996594421
2025-03-25 12:00:00,12970.81996594421
2025-03-25 12:15:00,13518.624473112444
2025-03-25 12:30:00,13505.115109416378
2025-03-25 12:45:00,13505.115109416378
2025-03-25 13:00:00,13505.115109416378
2025-03-25 13:15:00,13505.115109416378
2025-03-25 13:30:00,13505.115109416378
2025-03-25 13:45:00,13370.063958322215
2025-03-25 14:00:00,13370.063958322215
2025-03-25 14:15:00,13370.063958322215
2025-03-25 14:30:00,13370.063958322215
2025-03-25 14:45:00,13236.363318738991
2025-03-25 15:00:00,13236.363318738991
2025-03-25 15:15:00,13236.363318738991
2025-03-25 15:30:00,13236.363318738991
2025-03-25 15:45:00,13236.363318738991
2025-03-25 16:00:00,13236.363318738991
2025-03-25 16:15:00,13236.363318738991
2025-03-25 16:30:00,13236.363318738991
2025-03-25 16:45:00,13236.363318738991
2025-03-25 17:00:00,13236.363318738991
2025-03-25 17:15:00,13236.363318738991
2025-03-25 17:30:00,13236.363318738991
2025-03-25 17:45:00,13236.363318738991
2025-03-25 18:00:00,13236.363318738991
2025-03-25 18:15:00,13236.363318738991
2025-03-25 18:30:00,13236.363318738991
2025-03-25 18:45:00,13687.991949152674
2025-03-25 19:00:00,13687.991949152674
2025-03-25 19:15:00,13687.991949152674
2025-03-25 19:30:00,13687.991949152674
2025-03-25 19:45:00,13687.991949152674
2025-03-25 20:00:00,13687.991949152674
2025-03-25 20:15:00,13687.991949152674
2025-03-25 20:30:00,13687.991949152674
2025-03-25 20:45:00,13687.991949152674
2025-03-25 21:00:00,13687.991949152674
2025-03-25 21:15:00,13687.991949152674
2025-03-25 21:30:00,13687.991949152674
2025-03-25 21:45:00,13687.991949152674
2025-03-25 22:00:00,13687.991949152674
2025-03-25 22:15:00,13687.991949152674
2025-03-25 22:30:00,13687.991949152674
2025-03-25 22:45:00,13687.991949152674
2025-03-25 23:00:00,13687.991949152674
2025-03-25 23:15:00,13687.991949152674
2025-03-25 23:30:00,13687.991949152674
2025-03-25 23:45:00,13687.991949152674
2025-03-26 00:00:00,13687.991949152674
2025-03-26 00:15:00,13687.991949152674
2025-03-26 00:30:00,13687.991949152674
2025-03-26 00:45:00,13687.991949152674
2025-03-26 01:00:00,13687.991949152674
2025-03-26 01:15:00,13687.991949152674
2025-03-26 01:30:00,13687.991949152674
2025-03-26 01:45:00,13687.991949152674
2025-03-26 02:00:00,13687.991949152674
2025-03-26 02:15:00,13687.991949152674
2025-03-26 02:30:00,13687.991949152674
2025-03-26 02:45:00,13551.112029661148
2025-03-26 03:00:00,13551.112029661148
2025-03-26 03:15:00,13551.112029661148
2025-03-26 03:30:00,13551.112029661148
2025-03-26 03:45:00,13551.112029661148
2025-03-26 04:00:00,13551.112029661148
2025-03-26 04:15:00,13551.112029661148
2025-03-26 04:30:00,13551.112029661148
2025-03-26 04:45:00,13551.112029661148
2025-03-26 05:00:00,13551.112029661148
2025-03-26 05:15:00,13551.112029661148
2025-03-26 05:30:00,13551.112029661148
2025-03-26 05:45:00,13551.112029661148
2025-03-26 06:00:00,13551.112029661148
2025-03-26 06:15:00,13551.112029661148
2025-03-26 06:30:00,13551.112029661148
2025-03-26 06:45:00,13551.112029661148
2025-03-26 07:00:00,13551.112029661148
2025-03-26 07:15:00,13551.112029661148
2025-03-26 07:30:00,13551.112029661148
2025-03-26 07:45:00,13551.112029661148
2025-03-26 08:00:00,13551.112029661148
2025-03-26 08:15:00,13415.600909364537
2025-03-26 08:30:00,13415.600909364537
2025-03-26 08:45:00,13415.600909364537
2025-03-26 09:00:00,13415.600909364537
2025-03-26 09:15:00,13415.600909364537
2025-03-26 09:30:00,13415.600909364537
2025-03-26 09:45:00,13415.600909364537
2025-03-26 10:00:00,13415.600909364537
2025-03-26 10:15:00,13415.600909364537
2025-03-26 10:30:00,13415.600909364537
2025-03-26 10:45:00,13415.600909364537
2025-03-26 11:00:00,13415.600909364537
2025-03-26 11:15:00,13415.600909364537
2025-03-26 11:30:00,13415.600909364537
2025-03-26 11:45:00,13415.600909364537
2025-03-26 12:00:00,13415.600909364537
2025-03-26 12:15:00,13415.600909364537
2025-03-26 12:30:00,13415.600909364537
2025-03-26 12:45:00,13415.600909364537
2025-03-26 13:00:00,13415.600909364537
2025-03-26 13:15:00,13415.600909364537
2025-03-26 13:30:00,13962.527511796761
2025-03-26 13:45:00,13962.527511796761
2025-03-26 14:00:00,13962.527511796761
2025-03-26 14:15:00,13962.527511796761
2025-03-26 14:30:00,13962.527511796761
2025-03-26 14:45:00,13962.527511796761
2025-03-26 15:00:00,13962.527511796761
2025-03-26 15:15:00,13962.527511796761
2025-03-26 15:30:00,13962.527511796761
2025-03-26 15:45:00,13962.527511796761
2025-03-26 16:00:00,13962.527511796761
2025-03-26 16:15:00,13962.527511796761
2025-03-26 16:30:00,13962.527511796761
2025-03-26 16:45:00,13962.527511796761
2025-03-26 17:00:00,13962.527511796761
2025-03-26 17:15:00,15171.93114814314
2025-03-26 17:30:00,15171.93114814314
2025-03-26 17:45:00,15171.93114814314
2025-03-26 18:00:00,15171.93114814314
2025-03-26 18:15:00,15171.93114814314
2025-03-26 18:30:00,15171.93114814314
2025-03-26 18:45:00,15171.93114814314
2025-03-26 19:00:00,15171.93114814314
2025-03-26 19:15:00,15171.93114814314
2025-03-26 19:30:00,15171.93114814314
2025-03-26 19:45:00,15171.93114814314
2025-03-26 20:00:00,15171.93114814314
2025-03-26 20:15:00,15171.93114814314
2025-03-26 20:30:00,15171.93114814314
2025-03-26 20:45:00,15171.93114814314
2025-03-26 21:00:00,15171.93114814314
2025-03-26 21:15:00,15171.93114814314
2025-03-26 21:30:00,15171.93114814314
2025-03-26 21:45:00,15171.93114814314
2025-03-26 22:00:00,14870.009718295092
2025-03-26 22:15:00,14721.309621112141
2025-03-26 22:30:00,14721.309621112141
2025-03-26 22:45:00,14721.309621112141
2025-03-26 23:00:00,14721.309621112141
2025-03-26 23:15:00,14721.309621112141
2025-03-26 23:30:00,14721.309621112141
2025-03-26 23:45:00,14721.309621112141
2025-03-27 00:00:00,14721.309621112141
2025-03-27 00:15:00,14574.096524901019
2025-03-27 00:30:00,14574.096524901019
2025-03-27 00:45:00,14574.096524901019
2025-03-27 01:00:00,14574.096524901019
2025-03-27 01:15:00,14574.096524901019
2025-03-27 01:30:00,14574.096524901019
2025-03-27 01:45:00,14574.096524901019
2025-03-27 02:00:00,14574.096524901019
2025-03-27 02:15:00,14574.096524901019
2025-03-27 02:30:00,14574.096524901019
2025-03-27 02:45:00,14574.096524901019
2025-03-27 03:00:00,14574.096524901019
2025-03-27 03:15:00,14574.096524901019
2025-03-27 03:30:00,14574.096524901019
2025-03-27 03:45:00,14574.096524901019
2025-03-27 04:00:00,14574.096524901019
2025-03-27 04:15:00,14574.096524901019
2025-03-27 04:30:00,14574.096524901019
2025-03-27 04:45:00,14574.096524901019
2025-03-27 05:00:00,14574.096524901019
2025-03-27 05:15:00,14574.096524901019
2025-03-27 05:30:00,14428.35555965201
2025-03-27 05:45:00,14428.35555965201
2025-03-27 06:00:00,14428.35555965201
2025-03-27 06:15:00,14428.35555965201
2025-03-27 06:30:00,14428.35555965201
2025-03-27 06:45:00,14428.35555965201
2025-03-27 07:00:00,14141.231284014935
2025-03-27 07:15:00,14141.231284014935
2025-03-27 07:30:00,14141.231284014935
2025-03-27 07:45:00,14141.231284014935
2025-03-27 08:00:00,14141.231284014935
2025-03-27 08:15:00,14141.231284014935
2025-03-27 08:30:00,14141.231284014935
2025-03-27 08:45:00,14141.231284014935
2025-03-27 09:00:00,14141.231284014935
2025-03-27 09:15:00,14141.231284014935
2025-03-27 09:30:00,14141.231284014935
2025-03-27 09:45:00,14141.231284014935
2025-03-27 10:00:00,14141.231284014935
2025-03-27 10:15:00,14141.231284014935
2025-03-27 10:30:00,14141.231284014935
2025-03-27 10:45:00,14141.231284014935
2025-03-27 11:00:00,14141.231284014935
2025-03-27 11:15:00,14141.231284014935
2025-03-27 11:30:00,14141.231284014935
2025-03-27 11:45:00,14141.231284014935
2025-03-27 12:00:00,14141.231284014935
2025-03-27 12:15:00,14141.231284014935
2025-03-27 12:30:00,14141.231284014935
2025-03-27 12:45:00,14141.231284014935
2025-03-27 13:00:00,14141.231284014935
2025-03-27 13:15:00,14141.231284014935
2025-03-27 13:30:00,14141.231284014935
2025-03-27 13:45:00,14141.231284014935
2025-03-27 14:00:00,14141.231284014935
2025-03-27 14:15:00,14141.231284014935
2025-03-27 14:30:00,14141.231284014935
2025-03-27 14:45:00,14141.231284014935
2025-03-27 15:00:00,14141.231284014935
2025-03-27 15:15:00,14141.231284014935
2025-03-27 15:30:00,14141.231284014935
2025-03-27 15:45:00,14141.231284014935
2025-03-27 16:00:00,14141.231284014935
2025-03-27 16:15:00,14141.231284014935
2025-03-27 16:30:00,14141.231284014935
2025-03-27 16:45:00,14141.231284014935
2025-03-27 17:00:00,14141.231284014935
2025-03-27 17:15:00,14141.231284014935
2025-03-27 17:30:00,14141.231284014935
2025-03-27 17:45:00,14141.231284014935
2025-03-27 18:00:00,14141.231284014935
2025-03-27 18:15:00,14141.231284014935
2025-03-27 18:30:00,13721.222573648407
2025-03-27 18:45:00,13721.222573648407
2025-03-27 19:00:00,13721.222573648407
2025-03-27 19:15:00,13721.222573648407
2025-03-27 19:30:00,13721.222573648407
2025-03-27 19:45:00,13721.222573648407
2025-03-27 20:00:00,13721.222573648407
2025-03-27 20:15:00,13721.222573648407
2025-03-27 20:30:00,13721.222573648407
2025-03-27 20:45:00,13721.222573648407
2025-03-27 21:00:00,13721.222573648407
2025-03-27 21:15:00,13721.222573648407
2025-03-27 21:30:00,13721.222573648407
2025-03-27 21:45:00,13721.222573648407
2025-03-27 22:00:00,13721.222573648407
2025-03-27 22:15:00,13721.222573648407
2025-03-27 22:30:00,13721.222573648407
2025-03-27 22:45:00,13721.222573648407
2025-03-27 23:00:00,13721.222573648407
2025-03-27 23:15:00,13721.222573648407
2025-03-27 23:30:00,13721.222573648407
2025-03-27 23:45:00,13721.222573648407
2025-03-28 00:00:00,13721.222573648407
2025-03-28 00:15:00,13721.222573648407
2025-03-28 00:30:00,13721.222573648407
2025-03-28 00:45:00,13721.222573648407
2025-03-28 01:00:00,13721.222573648407
2025-03-28 01:15:00,13721.222573648407
2025-03-28 01:30:00,13721.222573648407
2025-03-28 01:45:00,13721.222573648407
2025-03-28 02:00:00,13721.222573648407
2025-03-28 02:15:00,13721.222573648407
2025-03-28 02:30:00,13721.222573648407
2025-03-28 02:45:00,13721.222573648407
2025-03-28 03:00:00,13721.222573648407
2025-03-28 03:15:00,13721.222573648407
2025-03-28 03:30:00,13721.222573648407
2025-03-28 03:45:00,13721.222573648407
2025-03-28 04:00:00,14116.58524268924
2025-03-28 04:15:00,14116.58524268924
2025-03-28 04:30:00,14116.58524268924
2025-03-28 04:45:00,14116.58524268924
2025-03-28 05:00:00,14116.58524268924
2025-03-28 05:15:00,14116.58524268924
2025-03-28 05:30:00,14116.58524268924
2025-03-28 05:45:00,14116.58524268924
2025-03-28 06:00:00,14338.948283306163
2025-03-28 06:15:00,14338.948283306163
2025-03-28 06:30:00,14338.948283306163
2025-03-28 06:45:00,14338.948283306163
2025-03-28 07:00:00,14338.948283306163
2025-03-28 07:15:00,14338.948283306163
2025-03-28 07:30:00,14338.948283306163
2025-03-28 07:45:00,14338.948283306163
2025-03-28 08:00:00,14338.948283306163
2025-03-28 08:15:00,14338.948283306163
2025-03-28 08:30:00,14338.948283306163
2025-03-28 08:45:00,14338.948283306163
2025-03-28 09:00:00,14338.948283306163
2025-03-28 09:15:00,14338.948283306163
2025-03-28 09:30:00,14053.60321246837
2025-03-28 09:45:00,14053.60321246837
2025-03-28 10:00:00,14053.60321246837
2025-03-28 10:15:00,14053.60321246837
2025-03-28 10:30:00,14053.60321246837
2025-03-28 10:45:00,14465.760823841594
2025-03-28 11:00:00,14465.760823841594
2025-03-28 11:15:00,14465.760823841594
2025-03-28 11:30:00,14465.760823841594
2025-03-28 11:45:00,14465.760823841594
2025-03-28 12:00:00,14465.760823841594
2025-03-28 12:15:00,14036.113261612674
2025-03-28 12:30:00,14036.113261612674
2025-03-28 12:45:00,14036.113261612674
2025-03-28 13:00:00,13895.752128996548
2025-03-28 13:15:00,13895.752128996548
2025-03-28 13:30:00,13895.752128996548
2025-03-28 13:45:00,13895.752128996548
2025-03-28 14:00:00,13756.794607706583
2025-03-28 14:15:00,13756.794607706583
2025-03-28 14:30:00,13756.794607706583
2025-03-28 14:45:00,13756.794607706583
2025-03-28 15:00:00,13756.794607706583
2025-03-28 15:15:00,13756.794607706583
2025-03-28 15:30:00,13756.794607706583
2025-03-28 15:45:00,14084.691048100114
2025-03-28 16:00:00,14084.691048100114
2025-03-28 16:15:00,14084.691048100114
2025-03-28 16:30:00,14084.691048100114
2025-03-28 16:45:00,13943.844137619113
2025-03-28 17:00:00,13804.405696242922
2025-03-28 17:15:00,13666.361639280492
2025-03-28 17:30:00,13529.698022887687
2025-03-28 17:45:00,13529.698022887687
2025-03-28 18:00:00,13394.40104265881
2025-03-28 18:15:00,13260.457032232222
2025-03-28 18:30:00,13127.852461909899
2025-03-28 18:45:00,13127.852461909899
2025-03-28 19:00:00,13127.852461909899
2025-03-28 19:15:00,13127.852461909899
2025-03-28 19:30:00,13127.852461909899
2025-03-28 19:45:00,13127.852461909899
2025-03-28 20:00:00,13127.852461909899
2025-03-28 20:15:00,13127.852461909899
2025-03-28 20:30:00,13127.852461909899
2025-03-28 20:45:00,13127.852461909899
2025-03-28 21:00:00,13127.852461909899
2025-03-28 21:15:00,13127.852461909899
2025-03-28 21:30:00,13127.852461909899
2025-03-28 21:45:00,13127.852461909899
2025-03-28 22:00:00,13127.852461909899
2025-03-28 22:15:00,13127.852461909899
2025-03-28 22:30:00,13127.852461909899
2025-03-28 22:45:00,13127.852461909899
2025-03-28 23:00:00,13127.852461909899
2025-03-28 23:15:00,13127.852461909899
2025-03-28 23:30:00,13127.852461909899
2025-03-28 23:45:00,13127.852461909899
2025-03-31 00:00:00,13127.852461909899
2025-03-31 00:15:00,13127.852461909899
2025-03-31 00:30:00,13127.852461909899
2025-03-31 00:45:00,13127.852461909899
2025-03-31 01:00:00,13127.852461909899
2025-03-31 01:15:00,13127.852461909899
2025-03-31 01:30:00,13127.852461909899
2025-03-31 01:45:00,13127.852461909899
2025-03-31 02:00:00,13613.541720445708
2025-03-31 02:15:00,13613.541720445708
2025-03-31 02:30:00,13613.541720445708
2025-03-31 02:45:00,13613.541720445708
2025-03-31 03:00:00,13613.541720445708
2025-03-31 03:15:00,13613.541720445708
2025-03-31 03:30:00,13613.541720445708
2025-03-31 03:45:00,13613.541720445708
2025-03-31 04:00:00,13477.40630324125
2025-03-31 04:15:00,13477.40630324125
2025-03-31 04:30:00,13477.40630324125
2025-03-31 04:45:00,13477.40630324125
2025-03-31 05:00:00,13477.40630324125
2025-03-31 05:15:00,13477.40630324125
2025-03-31 05:30:00,13477.40630324125
2025-03-31 05:45:00,13477.40630324125
2025-03-31 06:00:00,13477.40630324125
2025-03-31 06:15:00,13477.40630324125
2025-03-31 06:30:00,13477.40630324125
2025-03-31 06:45:00,13477.40630324125
2025-03-31 07:00:00,13477.40630324125
2025-03-31 07:15:00,13477.40630324125
2025-03-31 07:30:00,13477.40630324125
2025-03-31 07:45:00,13477.40630324125
2025-03-31 08:00:00,13477.40630324125
2025-03-31 08:15:00,13477.40630324125
2025-03-31 08:30:00,13477.40630324125
2025-03-31 08:45:00,13477.40630324125
2025-03-31 09:00:00,13913.03833680968
2025-03-31 09:15:00,13913.03833680968
2025-03-31 09:30:00,13913.03833680968
2025-03-31 09:45:00,13913.03833680968
2025-03-31 10:00:00,13209.205917806748
2025-03-31 10:15:00,13209.205917806748
2025-03-31 10:30:00,13209.205917806748
2025-03-31 10:45:00,13209.205917806748
2025-03-31 11:00:00,13209.205917806748
2025-03-31 11:15:00,13077.113858628682
2025-03-31 11:30:00,12946.342720042394
2025-03-31 11:45:00,12946.342720042394
2025-03-31 12:00:00,12946.342720042394
2025-03-31 12:15:00,12946.342720042394
2025-03-31 12:30:00,12946.342720042394
2025-03-31 12:45:00,12946.342720042394
2025-03-31 13:00:00,12946.342720042394
2025-03-31 13:15:00,12946.342720042394
2025-03-31 13:30:00,12946.342720042394
2025-03-31 13:45:00,12946.342720042394
2025-03-31 14:00:00,12946.342720042394
2025-03-31 14:15:00,12946.342720042394
2025-03-31 14:30:00,12946.342720042394
2025-03-31 14:45:00,12946.342720042394
2025-03-31 15:00:00,12946.342720042394
2025-03-31 15:15:00,12946.342720042394
2025-03-31 15:30:00,12946.342720042394
2025-03-31 15:45:00,12816.87929284197
2025-03-31 16:00:00,12816.87929284197
2025-03-31 16:15:00,12816.87929284197
2025-03-31 16:30:00,12816.87929284197
2025-03-31 16:45:00,12816.87929284197
2025-03-31 17:00:00,12688.71049991355
2025-03-31 17:15:00,13649.503124016179
2025-03-31 17:30:00,13649.503124016179
2025-03-31 17:45:00,13513.008092776017
2025-03-31 18:00:00,13961.63635076598
2025-03-31 18:15:00,13961.63635076598
2025-03-31 18:30:00,13961.63635076598
2025-03-31 18:45:00,13961.63635076598
2025-03-31 19:00:00,13961.63635076598
2025-03-31 19:15:00,13961.63635076598
2025-03-31 19:30:00,13961.63635076598
2025-03-31 19:45:00,13961.63635076598
2025-03-31 20:00:00,13961.63635076598
2025-03-31 20:15:00,13961.63635076598
2025-03-31 20:30:00,13961.63635076598
2025-03-31 20:45:00,13961.63635076598
2025-03-31 21:00:00,13961.63635076598
2025-03-31 21:15:00,13961.63635076598
2025-03-31 21:30:00,13961.63635076598
2025-03-31 21:45:00,13961.63635076598
2025-03-31 22:00:00,13961.63635076598
2025-03-31 22:15:00,13961.63635076598
2025-03-31 22:30:00,13961.63635076598
2025-03-31 22:45:00,13961.63635076598
2025-03-31 23:00:00,13961.63635076598
2025-03-31 23:15:00,13961.63635076598
2025-03-31 23:30:00,13961.63635076598
2025-03-31 23:45:00,13961.63635076598
2025-04-01 00:00:00,13961.63635076598
2025-04-01 00:15:00,13961.63635076598
2025-04-01 00:30:00,13961.63635076598
2025-04-01 00:45:00,13961.63635076598
2025-04-01 01:00:00,13961.63635076598
2025-04-01 01:15:00,13961.63635076598
2025-04-01 01:30:00,13961.63635076598
2025-04-01 01:45:00,13961.63635076598
2025-04-01 02:00:00,13961.63635076598
2025-04-01 02:15:00,13961.63635076598
2025-04-01 02:30:00,13961.63635076598
2025-04-01 02:45:00,13961.63635076598
2025-04-01 03:00:00,13961.63635076598
2025-04-01 03:15:00,13961.63635076598
2025-04-01 03:30:00,13961.63635076598
2025-04-01 03:45:00,13683.799787385738
2025-04-01 04:00:00,13683.799787385738
2025-04-01 04:15:00,13683.799787385738
2025-04-01 04:30:00,13683.799787385738
2025-04-01 04:45:00,14853.407126545277
2025-04-01 05:00:00,14853.407126545277
2025-04-01 05:15:00,14853.407126545277
2025-04-01 05:30:00,14853.407126545277
2025-04-01 05:45:00,14853.407126545277
2025-04-01 06:00:00,14853.407126545277
2025-04-01 06:15:00,14853.407126545277
2025-04-01 06:30:00,14853.407126545277
2025-04-01 06:45:00,14853.407126545277
2025-04-01 07:00:00,14853.407126545277
2025-04-01 07:15:00,14853.407126545277
2025-04-01 07:30:00,14853.407126545277
2025-04-01 07:45:00,14853.407126545277
2025-04-01 08:00:00,14853.407126545277
2025-04-01 08:15:00,14853.407126545277
2025-04-01 08:30:00,14853.407126545277
2025-04-01 08:45:00,14704.873055279824
2025-04-01 09:00:00,14704.873055279824
2025-04-01 09:15:00,14557.824324727026
2025-04-01 09:30:00,14412.246081479756
2025-04-01 09:45:00,14412.246081479756
2025-04-01 10:00:00,14412.246081479756
2025-04-01 10:15:00,14412.246081479756
2025-04-01 10:30:00,14412.246081479756
2025-04-01 10:45:00,14412.246081479756
2025-04-01 11:00:00,14412.246081479756
2025-04-01 11:15:00,14412.246081479756
2025-04-01 11:30:00,14412.246081479756
2025-04-01 11:45:00,14412.246081479756
2025-04-01 12:00:00,15537.683068860879
2025-04-01 12:15:00,15537.683068860879
2025-04-01 12:30:00,15537.683068860879
2025-04-01 12:45:00,15537.683068860879
2025-04-01 13:00:00,15537.683068860879
2025-04-01 13:15:00,15537.683068860879
2025-04-01 13:30:00,15537.683068860879
2025-04-01 13:45:00,15537.683068860879
2025-04-01 14:00:00,15537.683068860879
2025-04-01 14:15:00,15537.683068860879
2025-04-01 14:30:00,15537.683068860879
2025-04-01 14:45:00,15537.683068860879
2025-04-01 15:00:00,15537.683068860879
2025-04-01 15:15:00,15537.683068860879
2025-04-01 15:30:00,15537.683068860879
2025-04-01 15:45:00,15537.683068860879
2025-04-01 16:00:00,15382.30623817227
2025-04-01 16:15:00,15382.30623817227
2025-04-01 16:30:00,15382.30623817227
2025-04-01 16:45:00,15382.30623817227
2025-04-01 17:00:00,16383.03614052552
2025-04-01 17:15:00,16383.03614052552
2025-04-01 17:30:00,16383.03614052552
2025-04-01 17:45:00,16383.03614052552
2025-04-01 18:00:00,16383.03614052552
2025-04-01 18:15:00,16383.03614052552
2025-04-01 18:30:00,16383.03614052552
2025-04-01 18:45:00,16383.03614052552
2025-04-01 19:00:00,16383.03614052552
2025-04-01 19:15:00,16383.03614052552
2025-04-01 19:30:00,16383.03614052552
2025-04-01 19:45:00,16383.03614052552
2025-04-01 20:00:00,16383.03614052552
2025-04-01 20:15:00,16383.03614052552
2025-04-01 20:30:00,16383.03614052552
2025-04-01 20:45:00,16383.03614052552
2025-04-01 21:00:00,16383.03614052552
2025-04-01 21:15:00,16383.03614052552
2025-04-01 21:30:00,16383.03614052552
2025-04-01 21:45:00,16383.03614052552
2025-04-01 22:00:00,16383.03614052552
2025-04-01 22:15:00,16383.03614052552
2025-04-01 22:30:00,16383.03614052552
2025-04-01 22:45:00,16383.03614052552
2025-04-01 23:00:00,16383.03614052552
2025-04-01 23:15:00,16383.03614052552
2025-04-01 23:30:00,16383.03614052552
2025-04-01 23:45:00,16383.03614052552
2025-04-02 00:00:00,16383.03614052552
2025-04-02 00:15:00,16383.03614052552
2025-04-02 00:30:00,16383.03614052552
2025-04-02 00:45:00,16383.03614052552
2025-04-02 01:00:00,16383.03614052552
2025-04-02 01:15:00,16383.03614052552
2025-04-02 01:30:00,16383.03614052552
2025-04-02 01:45:00,16383.03614052552
2025-04-02 02:00:00,16383.03614052552
2025-04-02 02:15:00,16383.03614052552
2025-04-02 02:30:00,16383.03614052552
2025-04-02 02:45:00,16847.148167053794
2025-04-02 03:00:00,16847.148167053794
2025-04-02 03:15:00,16847.148167053794
2025-04-02 03:30:00,16847.148167053794
2025-04-02 03:45:00,16847.148167053794
2025-04-02 04:00:00,16847.148167053794
2025-04-02 04:15:00,16847.148167053794
2025-04-02 04:30:00,16847.148167053794
2025-04-02 04:45:00,16847.148167053794
2025-04-02 05:00:00,16847.148167053794
2025-04-02 05:15:00,16847.148167053794
2025-04-02 05:30:00,16847.148167053794
2025-04-02 05:45:00,16847.148167053794
2025-04-02 06:00:00,16847.148167053794
2025-04-02 06:15:00,16847.148167053794
2025-04-02 06:30:00,16847.148167053794
2025-04-02 06:45:00,16847.148167053794
2025-04-02 07:00:00,16847.148167053794
2025-04-02 07:15:00,16847.148167053794
2025-04-02 07:30:00,16847.148167053794
2025-04-02 07:45:00,16847.148167053794
2025-04-02 08:00:00,16847.148167053794
2025-04-02 08:15:00,16847.148167053794
2025-04-02 08:30:00,16847.148167053794
2025-04-02 08:45:00,16847.148167053794
2025-04-02 09:00:00,16847.148167053794
2025-04-02 09:15:00,16847.148167053794
2025-04-02 09:30:00,16847.148167053794
2025-04-02 09:45:00,16847.148167053794
2025-04-02 10:00:00,16847.148167053794
2025-04-02 10:15:00,16847.148167053794
2025-04-02 10:30:00,16847.148167053794
2025-04-02 10:45:00,16847.148167053794
2025-04-02 11:00:00,17268.174270250445
2025-04-02 11:15:00,17268.174270250445
2025-04-02 11:30:00,17268.174270250445
2025-04-02 11:45:00,17268.174270250445
2025-04-02 12:00:00,17268.174270250445
2025-04-02 12:15:00,17268.174270250445
2025-04-02 12:30:00,17268.174270250445
2025-04-02 12:45:00,17268.174270250445
2025-04-02 13:00:00,17268.174270250445
2025-04-02 13:15:00,18012.065498117052
2025-04-02 13:30:00,18012.065498117052
2025-04-02 13:45:00,18012.065498117052
2025-04-02 14:00:00,18012.065498117052
2025-04-02 14:15:00,18012.065498117052
2025-04-02 14:30:00,18012.065498117052
2025-04-02 14:45:00,18012.065498117052
2025-04-02 15:00:00,18012.065498117052
2025-04-02 15:15:00,18012.065498117052
2025-04-02 15:30:00,18012.065498117052
2025-04-02 15:45:00,17831.94484313588
2025-04-02 16:00:00,17653.625394704522
2025-04-02 16:15:00,17653.625394704522
2025-04-02 16:30:00,17653.625394704522
2025-04-02 16:45:00,17129.295066856404
2025-04-02 17:00:00,17129.295066856404
2025-04-02 17:15:00,17129.295066856404
2025-04-02 17:30:00,16958.00211618784
2025-04-02 17:45:00,16958.00211618784
2025-04-02 18:00:00,16788.422095025962
2025-04-02 18:15:00,16788.422095025962
2025-04-02 18:30:00,16788.422095025962
2025-04-02 18:45:00,16289.789170381599
2025-04-02 19:00:00,16289.789170381599
2025-04-02 19:15:00,16289.789170381599
2025-04-02 19:30:00,16289.789170381599
2025-04-02 19:45:00,16289.789170381599
2025-04-02 20:00:00,16289.789170381599
2025-04-02 20:15:00,16289.789170381599
2025-04-02 20:30:00,16289.789170381599
2025-04-02 20:45:00,16289.789170381599
2025-04-02 21:00:00,16289.789170381599
2025-04-02 21:15:00,16289.789170381599
2025-04-02 21:30:00,16289.789170381599
2025-04-02 21:45:00,16289.789170381599
2025-04-02 22:00:00,16289.789170381599
2025-04-02 22:15:00,16289.789170381599
2025-04-02 22:30:00,16289.789170381599
2025-04-02 22:45:00,16289.789170381599
2025-04-02 23:00:00,15965.622365891004
2025-04-02 23:15:00,15965.622365891004
2025-04-02 23:30:00,16736.436361657765
2025-04-02 23:45:00,16736.436361657765
2025-04-03 00:00:00,16736.436361657765
2025-04-03 00:15:00,16736.436361657765
2025-04-03 00:30:00,16736.436361657765
2025-04-03 00:45:00,16736.436361657765
2025-04-03 01:00:00,16736.436361657765
2025-04-03 01:15:00,16736.436361657765
2025-04-03 01:30:00,16736.436361657765
2025-04-03 01:45:00,16736.436361657765
2025-04-03 02:00:00,17250.608350255417
2025-04-03 02:15:00,17250.608350255417
2025-04-03 02:30:00,17250.608350255417
2025-04-03 02:45:00,17250.608350255417
2025-04-03 03:00:00,17250.608350255417
2025-04-03 03:15:00,17250.608350255417
2025-04-03 03:30:00,17250.608350255417
2025-04-03 03:45:00,17250.608350255417
2025-04-03 04:00:00,17250.608350255417
2025-04-03 04:15:00,17250.608350255417
2025-04-03 04:30:00,17078.102266752863
2025-04-03 04:45:00,17078.102266752863
2025-04-03 05:00:00,17078.102266752863
2025-04-03 05:15:00,16907.321244085335
2025-04-03 05:30:00,16907.321244085335
2025-04-03 05:45:00,16907.321244085335
2025-04-03 06:00:00,16907.321244085335
2025-04-03 06:15:00,16907.321244085335
2025-04-03 06:30:00,16907.321244085335
2025-04-03 06:45:00,16907.321244085335
2025-04-03 07:00:00,16907.321244085335
2025-04-03 07:15:00,16907.321244085335
2025-04-03 07:30:00,16907.321244085335
2025-04-03 07:45:00,16907.321244085335
2025-04-03 08:00:00,16907.321244085335
2025-04-03 08:15:00,16907.321244085335
2025-04-03 08:30:00,16907.321244085335
2025-04-03 08:45:00,16907.321244085335
2025-04-03 09:00:00,16907.321244085335
2025-04-03 09:15:00,16907.321244085335
2025-04-03 09:30:00,16907.321244085335
2025-04-03 09:45:00,16907.321244085335
2025-04-03 10:00:00,16738.24803164448
2025-04-03 10:15:00,16738.24803164448
2025-04-03 10:30:00,16738.24803164448
2025-04-03 10:45:00,16738.24803164448
2025-04-03 11:00:00,16738.24803164448
2025-04-03 11:15:00,16738.24803164448
2025-04-03 11:30:00,16570.865551328036
2025-04-03 11:45:00,16570.865551328036
2025-04-03 12:00:00,16405.156895814755
2025-04-03 12:15:00,16241.105326856607
2025-04-03 12:30:00,16241.105326856607
2025-04-03 12:45:00,16241.105326856607
2025-04-03 13:00:00,15917.90733085216
2025-04-03 13:15:00,15917.90733085216
2025-04-03 13:30:00,15917.90733085216
2025-04-03 13:45:00,15917.90733085216
2025-04-03 14:00:00,15917.90733085216
2025-04-03 14:15:00,15917.90733085216
2025-04-03 14:30:00,15917.90733085216
2025-04-03 14:45:00,15917.90733085216
2025-04-03 15:00:00,15917.90733085216
2025-04-03 15:15:00,15917.90733085216
2025-04-03 15:30:00,15917.90733085216
2025-04-03 15:45:00,15917.90733085216
2025-04-03 16:00:00,15917.90733085216
2025-04-03 16:15:00,15601.140974968202
2025-04-03 16:30:00,15601.140974968202
2025-04-03 16:45:00,15601.140974968202
2025-04-03 17:00:00,15601.140974968202
2025-04-03 17:15:00,15601.140974968202
2025-04-03 17:30:00,15601.140974968202
2025-04-03 17:45:00,15601.140974968202
2025-04-03 18:00:00,15601.140974968202
2025-04-03 18:15:00,15601.140974968202
2025-04-03 18:30:00,15601.140974968202
2025-04-03 18:45:00,15601.140974968202
2025-04-03 19:00:00,15601.140974968202
2025-04-03 19:15:00,15601.140974968202
2025-04-03 19:30:00,15601.140974968202
2025-04-03 19:45:00,15601.140974968202
2025-04-03 20:00:00,15601.140974968202
2025-04-03 20:15:00,15601.140974968202
2025-04-03 20:30:00,15601.140974968202
2025-04-03 20:45:00,15601.140974968202
2025-04-03 21:00:00,15601.140974968202
2025-04-03 21:15:00,15601.140974968202
2025-04-03 21:30:00,15601.140974968202
2025-04-03 21:45:00,15601.140974968202
2025-04-03 22:00:00,15601.140974968202
2025-04-03 22:15:00,15601.140974968202
2025-04-03 22:30:00,15601.140974968202
2025-04-03 22:45:00,15601.140974968202
2025-04-03 23:00:00,15601.140974968202
2025-04-03 23:15:00,15601.140974968202
2025-04-03 23:30:00,15601.140974968202
2025-04-03 23:45:00,15601.140974968202
2025-04-04 00:00:00,15601.140974968202
2025-04-04 00:15:00,15601.140974968202
2025-04-04 00:30:00,15601.140974968202
2025-04-04 00:45:00,15601.140974968202
2025-04-04 01:00:00,15601.140974968202
2025-04-04 01:15:00,15601.140974968202
2025-04-04 01:30:00,15601.140974968202
2025-04-04 01:45:00,15601.140974968202
2025-04-04 02:00:00,15601.140974968202
2025-04-04 02:15:00,15601.140974968202
2025-04-04 02:30:00,15601.140974968202
2025-04-04 02:45:00,15601.140974968202
2025-04-04 03:00:00,15601.140974968202
2025-04-04 03:15:00,15601.140974968202
2025-04-04 03:30:00,15601.140974968202
2025-04-04 03:45:00,15601.140974968202
2025-04-04 04:00:00,15601.140974968202
2025-04-04 04:15:00,15601.140974968202
2025-04-04 04:30:00,15601.140974968202
2025-04-04 04:45:00,15601.140974968202
2025-04-04 05:00:00,15601.140974968202
2025-04-04 05:15:00,15601.140974968202
2025-04-04 05:30:00,15601.140974968202
2025-04-04 05:45:00,15601.140974968202
2025-04-04 06:00:00,15601.140974968202
2025-04-04 06:15:00,15601.140974968202
2025-04-04 06:30:00,15601.140974968202
2025-04-04 06:45:00,15601.140974968202
2025-04-04 07:00:00,15601.140974968202
2025-04-04 07:15:00,15601.140974968202
2025-04-04 07:30:00,15601.140974968202
2025-04-04 07:45:00,15601.140974968202
2025-04-04 08:00:00,15601.140974968202
2025-04-04 08:15:00,15290.678269566335
2025-04-04 08:30:00,15290.678269566335
2025-04-04 08:45:00,15290.678269566335
2025-04-04 09:00:00,15290.678269566335
2025-04-04 09:15:00,15918.678011395315
2025-04-04 09:30:00,15918.678011395315
2025-04-04 09:45:00,15918.678011395315
2025-04-04 10:00:00,15918.678011395315
2025-04-04 10:15:00,15918.678011395315
2025-04-04 10:30:00,15918.678011395315
2025-04-04 10:45:00,15918.678011395315
2025-04-04 11:00:00,15759.491231281363
2025-04-04 11:15:00,15759.491231281363
2025-04-04 11:30:00,15445.877355778863
2025-04-04 11:45:00,15445.877355778863
2025-04-04 12:00:00,15138.504396398865
2025-04-04 12:15:00,14987.119352434876
2025-04-04 12:30:00,14987.119352434876
2025-04-04 12:45:00,14987.119352434876
2025-04-04 13:00:00,14987.119352434876
2025-04-04 13:15:00,14987.119352434876
2025-04-04 13:30:00,14987.119352434876
2025-04-04 13:45:00,14987.119352434876
2025-04-04 14:00:00,14987.119352434876
2025-04-04 14:15:00,15796.201595799024
2025-04-04 14:30:00,15796.201595799024
2025-04-04 14:45:00,15796.201595799024
2025-04-04 15:00:00,15796.201595799024
2025-04-04 15:15:00,15796.201595799024
2025-04-04 15:30:00,15796.201595799024
2025-04-04 15:45:00,15796.201595799024
2025-04-04 16:00:00,15796.201595799024
2025-04-04 16:15:00,15796.201595799024
2025-04-04 16:30:00,15796.201595799024
2025-04-04 16:45:00,15796.201595799024
2025-04-04 17:00:00,15796.201595799024
2025-04-04 17:15:00,15796.201595799024
2025-04-04 17:30:00,15796.201595799024
2025-04-04 17:45:00,15796.201595799024
2025-04-04 18:00:00,15796.201595799024
2025-04-04 18:15:00,15796.201595799024
2025-04-04 18:30:00,15796.201595799024
2025-04-04 18:45:00,15796.201595799024
2025-04-04 19:00:00,15796.201595799024
2025-04-04 19:15:00,15796.201595799024
2025-04-04 19:30:00,15796.201595799024
2025-04-04 19:45:00,15796.201595799024
2025-04-04 20:00:00,15796.201595799024
2025-04-04 20:15:00,15796.201595799024
2025-04-04 20:30:00,15796.201595799024
2025-04-04 20:45:00,15796.201595799024
2025-04-04 21:00:00,15796.201595799024
2025-04-04 21:15:00,15796.201595799024
2025-04-04 21:30:00,15796.201595799024
2025-04-04 21:45:00,15796.201595799024
2025-04-04 22:00:00,15796.201595799024
2025-04-04 22:15:00,15796.201595799024
2025-04-04 22:30:00,15796.201595799024
2025-04-04 22:45:00,15796.201595799024
2025-04-04 23:00:00,15796.201595799024
2025-04-04 23:15:00,15796.201595799024
2025-04-04 23:30:00,15796.201595799024
2025-04-04 23:45:00,15796.201595799024
2025-04-07 00:00:00,15481.857184042623
2025-04-07 00:15:00,15481.857184042623
2025-04-07 00:30:00,15481.857184042623
2025-04-07 00:45:00,15481.857184042623
2025-04-07 01:00:00,15481.857184042623
2025-04-07 01:15:00,16866.185619474276
2025-04-07 01:30:00,16866.185619474276
2025-04-07 01:45:00,16866.185619474276
2025-04-07 02:00:00,16866.185619474276
2025-04-07 02:15:00,16866.185619474276
2025-04-07 02:30:00,16866.185619474276
2025-04-07 02:45:00,16866.185619474276
2025-04-07 03:00:00,16866.185619474276
2025-04-07 03:15:00,16866.185619474276
2025-04-07 03:30:00,16866.185619474276
2025-04-07 03:45:00,16866.185619474276
2025-04-07 04:00:00,16866.185619474276
2025-04-07 04:15:00,16866.185619474276
2025-04-07 04:30:00,16866.185619474276
2025-04-07 04:45:00,16866.185619474276
2025-04-07 05:00:00,16866.185619474276
2025-04-07 05:15:00,16866.185619474276
2025-04-07 05:30:00,16866.185619474276
2025-04-07 05:45:00,16866.185619474276
2025-04-07 06:00:00,16866.185619474276
2025-04-07 06:15:00,16866.185619474276
2025-04-07 06:30:00,16866.185619474276
2025-04-07 06:45:00,16866.185619474276
2025-04-07 07:00:00,16866.185619474276
2025-04-07 07:15:00,16866.185619474276
2025-04-07 07:30:00,16866.185619474276
2025-04-07 07:45:00,16866.185619474276
2025-04-07 08:00:00,16866.185619474276
2025-04-07 08:15:00,16866.185619474276
2025-04-07 08:30:00,16866.185619474276
2025-04-07 08:45:00,16866.185619474276
2025-04-07 09:00:00,16866.185619474276
2025-04-07 09:15:00,16866.185619474276
2025-04-07 09:30:00,16866.185619474276
2025-04-07 09:45:00,16866.185619474276
2025-04-07 10:00:00,16697.523763279532
2025-04-07 10:15:00,16697.523763279532
2025-04-07 10:30:00,16697.523763279532
2025-04-07 10:45:00,16697.523763279532
2025-04-07 11:00:00,16697.523763279532
2025-04-07 11:15:00,17469.508325682695
2025-04-07 11:30:00,17469.508325682695
2025-04-07 11:45:00,17469.508325682695
2025-04-07 12:00:00,17469.508325682695
2025-04-07 12:15:00,17469.508325682695
2025-04-07 12:30:00,17469.508325682695
2025-04-07 12:45:00,17469.508325682695
2025-04-07 13:00:00,17469.508325682695
2025-04-07 13:15:00,17469.508325682695
2025-04-07 13:30:00,17469.508325682695
2025-04-07 13:45:00,17469.508325682695
2025-04-07 14:00:00,17469.508325682695
2025-04-07 14:15:00,17469.508325682695
2025-04-07 14:30:00,17469.508325682695
2025-04-07 14:45:00,17469.508325682695
2025-04-07 15:00:00,17469.508325682695
2025-04-07 15:15:00,17469.508325682695
2025-04-07 15:30:00,17469.508325682695
2025-04-07 15:45:00,17469.508325682695
2025-04-07 16:00:00,17469.508325682695
2025-04-07 16:15:00,17469.508325682695
2025-04-07 16:30:00,17469.508325682695
2025-04-07 16:45:00,17469.508325682695
2025-04-07 17:00:00,17469.508325682695
2025-04-07 17:15:00,17469.508325682695
2025-04-07 17:30:00,17469.508325682695
2025-04-07 17:45:00,17469.508325682695
2025-04-07 18:00:00,17469.508325682695
2025-04-07 18:15:00,17469.508325682695
2025-04-07 18:30:00,17121.86511000161
2025-04-07 18:45:00,17121.86511000161
2025-04-07 19:00:00,17121.86511000161
2025-04-07 19:15:00,17121.86511000161
2025-04-07 19:30:00,17121.86511000161
2025-04-07 19:45:00,17121.86511000161
2025-04-07 20:00:00,17121.86511000161
2025-04-07 20:15:00,17121.86511000161
2025-04-07 20:30:00,17121.86511000161
2025-04-07 20:45:00,17121.86511000161
2025-04-07 21:00:00,17121.86511000161
2025-04-07 21:15:00,17121.86511000161
2025-04-07 21:30:00,17121.86511000161
2025-04-07 21:45:00,17121.86511000161
2025-04-07 22:00:00,17121.86511000161
2025-04-07 22:15:00,17121.86511000161
2025-04-07 22:30:00,17121.86511000161
2025-04-07 22:45:00,17121.86511000161
2025-04-07 23:00:00,17121.86511000161
2025-04-07 23:15:00,17121.86511000161
2025-04-07 23:30:00,17121.86511000161
2025-04-07 23:45:00,17121.86511000161
2025-04-08 00:00:00,17121.86511000161
2025-04-08 00:15:00,17121.86511000161
2025-04-08 00:30:00,17121.86511000161
2025-04-08 00:45:00,17121.86511000161
2025-04-08 01:00:00,17121.86511000161
2025-04-08 01:15:00,17121.86511000161
2025-04-08 01:30:00,17121.86511000161
2025-04-08 01:45:00,17121.86511000161
2025-04-08 02:00:00,17121.86511000161
2025-04-08 02:15:00,17121.86511000161
2025-04-08 02:30:00,17121.86511000161
2025-04-08 02:45:00,17121.86511000161
2025-04-08 03:00:00,17121.86511000161
2025-04-08 03:15:00,17121.86511000161
2025-04-08 03:30:00,17121.86511000161
2025-04-08 03:45:00,17121.86511000161
2025-04-08 04:00:00,17510.32768959192
2025-04-08 04:15:00,17510.32768959192
2025-04-08 04:30:00,17488.889991016225
2025-04-08 04:45:00,17314.001091106064
2025-04-08 05:00:00,17140.861080195
2025-04-08 05:15:00,16969.45246939305
2025-04-08 05:30:00,16799.75794469912
2025-04-08 05:45:00,16631.76036525213
2025-04-08 06:00:00,16631.76036525213
2025-04-08 06:15:00,16631.76036525213
2025-04-08 06:30:00,16631.76036525213
2025-04-08 06:45:00,16631.76036525213
2025-04-08 07:00:00,16631.76036525213
2025-04-08 07:15:00,16631.76036525213
2025-04-08 07:30:00,16631.76036525213
2025-04-08 07:45:00,16631.76036525213
2025-04-08 08:00:00,16631.76036525213
2025-04-08 08:15:00,16631.76036525213
2025-04-08 08:30:00,16631.76036525213
2025-04-08 08:45:00,16631.76036525213
2025-04-08 09:00:00,16631.76036525213
2025-04-08 09:15:00,16631.76036525213
2025-04-08 09:30:00,16465.442761599606
2025-04-08 09:45:00,16465.442761599606
2025-04-08 10:00:00,16465.442761599606
2025-04-08 10:15:00,16465.442761599606
2025-04-08 10:30:00,16465.442761599606
2025-04-08 10:45:00,16465.442761599606
2025-04-08 11:00:00,16465.442761599606
2025-04-08 11:15:00,16465.442761599606
2025-04-08 11:30:00,16465.442761599606
2025-04-08 11:45:00,16465.442761599606
2025-04-08 12:00:00,16465.442761599606
2025-04-08 12:15:00,16465.442761599606
2025-04-08 12:30:00,16137.780450643773
2025-04-08 12:45:00,16137.780450643773
2025-04-08 13:00:00,16137.780450643773
2025-04-08 13:15:00,16137.780450643773
2025-04-08 13:30:00,16137.780450643773
2025-04-08 13:45:00,16137.780450643773
2025-04-08 14:00:00,16137.780450643773
2025-04-08 14:15:00,16137.780450643773
2025-04-08 14:30:00,16137.780450643773
2025-04-08 14:45:00,16137.780450643773
2025-04-08 15:00:00,16137.780450643773
2025-04-08 15:15:00,16137.780450643773
2025-04-08 15:30:00,16635.66001948247
2025-04-08 15:45:00,16635.66001948247
2025-04-08 16:00:00,16635.66001948247
2025-04-08 16:15:00,16635.66001948247
2025-04-08 16:30:00,16635.66001948247
2025-04-08 16:45:00,16635.66001948247
2025-04-08 17:00:00,16635.66001948247
2025-04-08 17:15:00,16635.66001948247
2025-04-08 17:30:00,16635.66001948247
2025-04-08 17:45:00,16635.66001948247
2025-04-08 18:00:00,16635.66001948247
2025-04-08 18:15:00,16635.66001948247
2025-04-08 18:30:00,16635.66001948247
2025-04-08 18:45:00,16635.66001948247
2025-04-08 19:00:00,16635.66001948247
2025-04-08 19:15:00,16635.66001948247
2025-04-08 19:30:00,16635.66001948247
2025-04-08 19:45:00,16995.66511871538
2025-04-08 20:00:00,17515.562358051957
2025-04-08 20:15:00,17515.562358051957
2025-04-08 20:30:00,17515.562358051957
2025-04-08 20:45:00,17515.562358051957
2025-04-08 21:00:00,17515.562358051957
2025-04-08 21:15:00,17515.562358051957
2025-04-08 21:30:00,17515.562358051957
2025-04-08 21:45:00,17515.562358051957
2025-04-08 22:00:00,17515.562358051957
2025-04-08 22:15:00,17515.562358051957
2025-04-08 22:30:00,17515.562358051957
2025-04-08 22:45:00,17515.562358051957
2025-04-08 23:00:00,17515.562358051957
2025-04-08 23:15:00,17515.562358051957
2025-04-08 23:30:00,17515.562358051957
2025-04-08 23:45:00,17515.562358051957
2025-04-09 00:00:00,17515.562358051957
2025-04-09 00:15:00,17515.562358051957
2025-04-09 00:30:00,17515.562358051957
2025-04-09 00:45:00,17515.562358051957
2025-04-09 01:00:00,17515.562358051957
2025-04-09 01:15:00,17515.562358051957
2025-04-09 01:30:00,17515.562358051957
2025-04-09 01:45:00,17515.562358051957
2025-04-09 02:00:00,17515.562358051957
2025-04-09 02:15:00,17515.562358051957
2025-04-09 02:30:00,17515.562358051957
2025-04-09 02:45:00,17515.562358051957
2025-04-09 03:00:00,17515.562358051957
2025-04-09 03:15:00,17515.562358051957
2025-04-09 03:30:00,17515.562358051957
2025-04-09 03:45:00,17340.40673447144
2025-04-09 04:00:00,17167.002667126722
2025-04-09 04:15:00,16995.332640455454
2025-04-09 04:30:00,16825.3793140509
2025-04-09 04:45:00,16825.3793140509
2025-04-09 05:00:00,16825.3793140509
2025-04-09 05:15:00,16825.3793140509
2025-04-09 05:30:00,16825.3793140509
2025-04-09 05:45:00,16825.3793140509
2025-04-09 06:00:00,16825.3793140509
2025-04-09 06:15:00,16825.3793140509
2025-04-09 06:30:00,16825.3793140509
2025-04-09 06:45:00,16825.3793140509
2025-04-09 07:00:00,16657.12552091039
2025-04-09 07:15:00,16657.12552091039
2025-04-09 07:30:00,16657.12552091039
2025-04-09 07:45:00,16657.12552091039
2025-04-09 08:00:00,16657.12552091039
2025-04-09 08:15:00,16657.12552091039
2025-04-09 08:30:00,16657.12552091039
2025-04-09 08:45:00,16657.12552091039
2025-04-09 09:00:00,16657.12552091039
2025-04-09 09:15:00,16657.12552091039
2025-04-09 09:30:00,16657.12552091039
2025-04-09 09:45:00,16490.55426570129
2025-04-09 10:00:00,16490.55426570129
2025-04-09 10:15:00,16490.55426570129
2025-04-09 10:30:00,16490.55426570129
2025-04-09 10:45:00,16490.55426570129
2025-04-09 11:00:00,16490.55426570129
2025-04-09 11:15:00,16490.55426570129
2025-04-09 11:30:00,16490.55426570129
2025-04-09 11:45:00,16490.55426570129
2025-04-09 12:00:00,16490.55426570129
2025-04-09 12:15:00,16490.55426570129
2025-04-09 12:30:00,16490.55426570129
2025-04-09 12:45:00,16490.55426570129
2025-04-09 13:00:00,16490.55426570129
2025-04-09 13:15:00,16490.55426570129
2025-04-09 13:30:00,16490.55426570129
2025-04-09 13:45:00,16490.55426570129
2025-04-09 14:00:00,16490.55426570129
2025-04-09 14:15:00,16490.55426570129
2025-04-09 14:30:00,16490.55426570129
2025-04-09 14:45:00,16490.55426570129
2025-04-09 15:00:00,16490.55426570129
2025-04-09 15:15:00,16490.55426570129
2025-04-09 15:30:00,16490.55426570129
2025-04-09 15:45:00,16490.55426570129
2025-04-09 16:00:00,16490.55426570129
2025-04-09 16:15:00,16490.55426570129
2025-04-09 16:30:00,16490.55426570129
2025-04-09 16:45:00,17190.695702258097
2025-04-09 17:00:00,17190.695702258097
2025-04-09 17:15:00,17190.695702258097
2025-04-09 17:30:00,17190.695702258097
2025-04-09 17:45:00,17190.695702258097
2025-04-09 18:00:00,17190.695702258097
2025-04-09 18:15:00,17190.695702258097
2025-04-09 18:30:00,17190.695702258097
2025-04-09 18:45:00,17190.695702258097
2025-04-09 19:00:00,17190.695702258097
2025-04-09 19:15:00,17190.695702258097
2025-04-09 19:30:00,17190.695702258097
2025-04-09 19:45:00,17190.695702258097
2025-04-09 20:00:00,17190.695702258097
2025-04-09 20:15:00,17190.695702258097
2025-04-09 20:30:00,17190.695702258097
2025-04-09 20:45:00,17190.695702258097
2025-04-09 21:00:00,17018.788745235517
2025-04-09 21:15:00,16848.600857783164
2025-04-09 21:30:00,16848.600857783164
2025-04-09 21:45:00,16848.600857783164
2025-04-09 22:00:00,16848.600857783164
2025-04-09 22:15:00,16848.600857783164
2025-04-09 22:30:00,16848.600857783164
2025-04-09 22:45:00,16848.600857783164
2025-04-09 23:00:00,16848.600857783164
2025-04-09 23:15:00,16848.600857783164
2025-04-09 23:30:00,16848.600857783164
2025-04-09 23:45:00,16848.600857783164
2025-04-10 00:00:00,16848.600857783164
2025-04-10 00:15:00,16848.600857783164
2025-04-10 00:30:00,16848.600857783164
2025-04-10 00:45:00,16848.600857783164
2025-04-10 01:00:00,16848.600857783164
2025-04-10 01:15:00,16848.600857783164
2025-04-10 01:30:00,16848.600857783164
2025-04-10 01:45:00,16848.600857783164
2025-04-10 02:00:00,16848.600857783164
2025-04-10 02:15:00,16848.600857783164
2025-04-10 02:30:00,16848.600857783164
2025-04-10 02:45:00,16848.600857783164
2025-04-10 03:00:00,16848.600857783164
2025-04-10 03:15:00,16848.600857783164
2025-04-10 03:30:00,16848.600857783164
2025-04-10 03:45:00,16848.600857783164
2025-04-10 04:00:00,16848.600857783164
2025-04-10 04:15:00,16848.600857783164
2025-04-10 04:30:00,16848.600857783164
2025-04-10 04:45:00,16848.600857783164
2025-04-10 05:00:00,16848.600857783164
2025-04-10 05:15:00,16848.600857783164
2025-04-10 05:30:00,16848.600857783164
2025-04-10 05:45:00,16848.600857783164
2025-04-10 06:00:00,16848.600857783164
2025-04-10 06:15:00,16848.600857783164
2025-04-10 06:30:00,16848.600857783164
2025-04-10 06:45:00,16848.600857783164
2025-04-10 07:00:00,16848.600857783164
2025-04-10 07:15:00,16848.600857783164
2025-04-10 07:30:00,16848.600857783164
2025-04-10 07:45:00,16848.600857783164
2025-04-10 08:00:00,16848.600857783164
2025-04-10 08:15:00,16848.600857783164
2025-04-10 08:30:00,16680.114849205333
2025-04-10 08:45:00,16680.114849205333
2025-04-10 09:00:00,16680.114849205333
2025-04-10 09:15:00,16680.114849205333
2025-04-10 09:30:00,16680.114849205333
2025-04-10 09:45:00,16680.114849205333
2025-04-10 10:00:00,16680.114849205333
2025-04-10 10:15:00,16680.114849205333
2025-04-10 10:30:00,16680.114849205333
2025-04-10 10:45:00,16680.114849205333
2025-04-10 11:00:00,16513.31370071328
2025-04-10 11:15:00,17396.16608779888
2025-04-10 11:30:00,17172.20552524656
2025-04-10 11:45:00,17000.483469994095
2025-04-10 12:00:00,16830.478635294152
2025-04-10 12:15:00,16830.478635294152
2025-04-10 12:30:00,16830.478635294152
2025-04-10 12:45:00,16330.596589347278
2025-04-10 13:00:00,16330.596589347278
2025-04-10 13:15:00,16330.596589347278
2025-04-10 13:30:00,16167.290623453806
2025-04-10 13:45:00,16167.290623453806
2025-04-10 14:00:00,16005.617717219267
2025-04-10 14:15:00,16005.617717219267
2025-04-10 14:30:00,16005.617717219267
2025-04-10 14:45:00,16005.617717219267
2025-04-10 15:00:00,16005.617717219267
2025-04-10 15:15:00,16005.617717219267
2025-04-10 15:30:00,16005.617717219267
2025-04-10 15:45:00,16005.617717219267
2025-04-10 16:00:00,16005.617717219267
2025-04-10 16:15:00,16005.617717219267
2025-04-10 16:30:00,16005.617717219267
2025-04-10 16:45:00,16005.617717219267
2025-04-10 17:00:00,16005.617717219267
2025-04-10 17:15:00,16005.617717219267
2025-04-10 17:30:00,16005.617717219267
2025-04-10 17:45:00,16005.617717219267
2025-04-10 18:00:00,16005.617717219267
2025-04-10 18:15:00,16005.617717219267
2025-04-10 18:30:00,15845.561540047074
2025-04-10 18:45:00,15687.105924646603
2025-04-10 19:00:00,15687.105924646603
2025-04-10 19:15:00,15687.105924646603
2025-04-10 19:30:00,15687.105924646603
2025-04-10 19:45:00,15687.105924646603
2025-04-10 20:00:00,15687.105924646603
2025-04-10 20:15:00,15687.105924646603
2025-04-10 20:30:00,15687.105924646603
2025-04-10 20:45:00,15687.105924646603
2025-04-10 21:00:00,15687.105924646603
2025-04-10 21:15:00,15530.234865400136
2025-04-10 21:30:00,15530.234865400136
2025-04-10 21:45:00,15530.234865400136
2025-04-10 22:00:00,15530.234865400136
2025-04-10 22:15:00,15530.234865400136
2025-04-10 22:30:00,15530.234865400136
2025-04-10 22:45:00,15530.234865400136
2025-04-10 23:00:00,15530.234865400136
2025-04-10 23:15:00,15530.234865400136
2025-04-10 23:30:00,15530.234865400136
2025-04-10 23:45:00,15530.234865400136
2025-04-11 00:00:00,15530.234865400136
2025-04-11 00:15:00,15530.234865400136
2025-04-11 00:30:00,15530.234865400136
2025-04-11 00:45:00,15530.234865400136
2025-04-11 01:00:00,15530.234865400136
2025-04-11 01:15:00,15530.234865400136
2025-04-11 01:30:00,15530.234865400136
2025-04-11 01:45:00,15530.234865400136
2025-04-11 02:00:00,15530.234865400136
2025-04-11 02:15:00,15530.234865400136
2025-04-11 02:30:00,15530.234865400136
2025-04-11 02:45:00,15530.234865400136
2025-04-11 03:00:00,15530.234865400136
2025-04-11 03:15:00,15374.932516746134
2025-04-11 03:30:00,15221.183191578672
2025-04-11 03:45:00,15068.971359662884
2025-04-11 04:00:00,15068.971359662884
2025-04-11 04:15:00,15068.971359662884
2025-04-11 04:30:00,15068.971359662884
2025-04-11 04:45:00,15068.971359662884
2025-04-11 05:00:00,15068.971359662884
2025-04-11 05:15:00,15068.971359662884
2025-04-11 05:30:00,15068.971359662884
2025-04-11 05:45:00,15068.971359662884
2025-04-11 06:00:00,15068.971359662884
2025-04-11 06:15:00,14918.281646066256
2025-04-11 06:30:00,14769.098829605593
2025-04-11 06:45:00,14769.098829605593
2025-04-11 07:00:00,14769.098829605593
2025-04-11 07:15:00,14769.098829605593
2025-04-11 07:30:00,14769.098829605593
2025-04-11 07:45:00,14769.098829605593
2025-04-11 08:00:00,14769.098829605593
2025-04-11 08:15:00,14769.098829605593
2025-04-11 08:30:00,14769.098829605593
2025-04-11 08:45:00,14769.098829605593
2025-04-11 09:00:00,14769.098829605593
2025-04-11 09:15:00,14769.098829605593
2025-04-11 09:30:00,14769.098829605593
2025-04-11 09:45:00,14769.098829605593
2025-04-11 10:00:00,14769.098829605593
2025-04-11 10:15:00,14769.098829605593
2025-04-11 10:30:00,14769.098829605593
2025-04-11 10:45:00,14769.098829605593
2025-04-11 11:00:00,14769.098829605593
2025-04-11 11:15:00,14621.407841309538
2025-04-11 11:30:00,14475.193762896442
2025-04-11 11:45:00,14330.441825267479
2025-04-11 12:00:00,14330.441825267479
2025-04-11 12:15:00,14330.441825267479
2025-04-11 12:30:00,14330.441825267479
2025-04-11 12:45:00,14330.441825267479
2025-04-11 13:00:00,14330.441825267479
2025-04-11 13:15:00,14330.441825267479
2025-04-11 13:30:00,14330.441825267479
2025-04-11 13:45:00,14828.477825065933
2025-04-11 14:00:00,14828.477825065933
2025-04-11 14:15:00,14828.477825065933
2025-04-11 14:30:00,14828.477825065933
2025-04-11 14:45:00,14828.477825065933
2025-04-11 15:00:00,14828.477825065933
2025-04-11 15:15:00,14828.477825065933
2025-04-11 15:30:00,14828.477825065933
2025-04-11 15:45:00,14828.477825065933
2025-04-11 16:00:00,14828.477825065933
2025-04-11 16:15:00,14828.477825065933
2025-04-11 16:30:00,14828.477825065933
2025-04-11 16:45:00,14828.477825065933
2025-04-11 17:00:00,14828.477825065933
2025-04-11 17:15:00,14828.477825065933
2025-04-11 17:30:00,14828.477825065933
2025-04-11 17:45:00,14828.477825065933
2025-04-11 18:00:00,14828.477825065933
2025-04-11 18:15:00,14881.08698153027
2025-04-11 18:30:00,14881.08698153027
2025-04-11 18:45:00,14881.08698153027
2025-04-11 19:00:00,14881.08698153027
2025-04-11 19:15:00,14881.08698153027
2025-04-11 19:30:00,14881.08698153027
2025-04-11 19:45:00,14881.08698153027
2025-04-11 20:00:00,14881.08698153027
2025-04-11 20:15:00,14881.08698153027
2025-04-11 20:30:00,14881.08698153027
2025-04-11 20:45:00,14881.08698153027
2025-04-11 21:00:00,14881.08698153027
2025-04-11 21:15:00,14881.08698153027
2025-04-11 21:30:00,14881.08698153027
2025-04-11 21:45:00,14881.08698153027
2025-04-11 22:00:00,14881.08698153027
2025-04-11 22:15:00,14881.08698153027
2025-04-11 22:30:00,14881.08698153027
2025-04-11 22:45:00,14881.08698153027
2025-04-11 23:00:00,14881.08698153027
2025-04-11 23:15:00,14881.08698153027
2025-04-11 23:30:00,14881.08698153027
2025-04-11 23:45:00,15270.336420238447
2025-04-14 00:00:00,15270.336420238447
2025-04-14 00:15:00,15270.336420238447
2025-04-14 00:30:00,15270.336420238447
2025-04-14 00:45:00,15270.336420238447
2025-04-14 01:00:00,15270.336420238447
2025-04-14 01:15:00,15270.336420238447
2025-04-14 01:30:00,15270.336420238447
2025-04-14 01:45:00,15270.336420238447
2025-04-14 02:00:00,15270.336420238447
2025-04-14 02:15:00,15270.336420238447
2025-04-14 02:30:00,15270.336420238447
2025-04-14 02:45:00,15270.336420238447
2025-04-14 03:00:00,15270.336420238447
2025-04-14 03:15:00,15270.336420238447
2025-04-14 03:30:00,15270.336420238447
2025-04-14 03:45:00,15270.336420238447
2025-04-14 04:00:00,15117.633056036062
2025-04-14 04:15:00,15117.633056036062
2025-04-14 04:30:00,14966.456725475702
2025-04-14 04:45:00,14816.792158220946
2025-04-14 05:00:00,14816.792158220946
2025-04-14 05:15:00,14816.792158220946
2025-04-14 05:30:00,14816.792158220946
2025-04-14 05:45:00,14816.792158220946
2025-04-14 06:00:00,14816.792158220946
2025-04-14 06:15:00,14816.792158220946
2025-04-14 06:30:00,14816.792158220946
2025-04-14 06:45:00,14816.792158220946
2025-04-14 07:00:00,14816.792158220946
2025-04-14 07:15:00,14816.792158220946
2025-04-14 07:30:00,14816.792158220946
2025-04-14 07:45:00,14816.792158220946
2025-04-14 08:00:00,14816.792158220946
2025-04-14 08:15:00,14816.792158220946
2025-04-14 08:30:00,14816.792158220946
2025-04-14 08:45:00,14816.792158220946
2025-04-14 09:00:00,14816.792158220946
2025-04-14 09:15:00,14668.624236638736
2025-04-14 09:30:00,14521.937994272348
2025-04-14 09:45:00,14521.937994272348
2025-04-14 10:00:00,14521.937994272348
2025-04-14 10:15:00,14521.937994272348
2025-04-14 10:30:00,14521.937994272348
2025-04-14 10:45:00,14521.937994272348
2025-04-14 11:00:00,14521.937994272348
2025-04-14 11:15:00,14521.937994272348
2025-04-14 11:30:00,14521.937994272348
2025-04-14 11:45:00,14521.937994272348
2025-04-14 12:00:00,14521.937994272348
2025-04-14 12:15:00,14521.937994272348
2025-04-14 12:30:00,14521.937994272348
2025-04-14 12:45:00,14521.937994272348
2025-04-14 13:00:00,14959.673508934906
2025-04-14 13:15:00,14984.345926958624
2025-04-14 13:30:00,14984.345926958624
2025-04-14 13:45:00,14984.345926958624
2025-04-14 14:00:00,14984.345926958624
2025-04-14 14:15:00,14984.345926958624
2025-04-14 14:30:00,14984.345926958624
2025-04-14 14:45:00,14984.345926958624
2025-04-14 15:00:00,14984.345926958624
2025-04-14 15:15:00,14984.345926958624
2025-04-14 15:30:00,14984.345926958624
2025-04-14 15:45:00,14834.502467689037
2025-04-14 16:00:00,14834.502467689037
2025-04-14 16:15:00,14686.157443012147
2025-04-14 16:30:00,14686.157443012147
2025-04-14 16:45:00,14686.157443012147
2025-04-14 17:00:00,14686.157443012147
2025-04-14 17:15:00,14686.157443012147
2025-04-14 17:30:00,14686.157443012147
2025-04-14 17:45:00,14686.157443012147
2025-04-14 18:00:00,14686.157443012147
2025-04-14 18:15:00,14686.157443012147
2025-04-14 18:30:00,14686.157443012147
2025-04-14 18:45:00,15188.27031346882
2025-04-14 19:00:00,15188.27031346882
2025-04-14 19:15:00,15188.27031346882
2025-04-14 19:30:00,15188.27031346882
2025-04-14 19:45:00,15188.27031346882
2025-04-14 20:00:00,15188.27031346882
2025-04-14 20:15:00,15188.27031346882
2025-04-14 20:30:00,15188.27031346882
2025-04-14 20:45:00,15188.27031346882
2025-04-14 21:00:00,15188.27031346882
2025-04-14 21:15:00,15188.27031346882
2025-04-14 21:30:00,15188.27031346882
2025-04-14 21:45:00,15188.27031346882
2025-04-14 22:00:00,15188.27031346882
2025-04-14 22:15:00,15188.27031346882
2025-04-14 22:30:00,15188.27031346882
2025-04-14 22:45:00,15188.27031346882
2025-04-14 23:00:00,15188.27031346882
2025-04-14 23:15:00,15188.27031346882
2025-04-14 23:30:00,15188.27031346882
2025-04-14 23:45:00,15188.27031346882
2025-04-15 00:00:00,15188.27031346882
2025-04-15 00:15:00,15188.27031346882
2025-04-15 00:30:00,15188.27031346882
2025-04-15 00:45:00,15188.27031346882
2025-04-15 01:00:00,15188.27031346882
2025-04-15 01:15:00,15188.27031346882
2025-04-15 01:30:00,15188.27031346882
2025-04-15 01:45:00,15188.27031346882
2025-04-15 02:00:00,15188.27031346882
2025-04-15 02:15:00,15188.27031346882
2025-04-15 02:30:00,15188.27031346882
2025-04-15 02:45:00,15188.27031346882
2025-04-15 03:00:00,15188.27031346882
2025-04-15 03:15:00,15188.27031346882
2025-04-15 03:30:00,15188.27031346882
2025-04-15 03:45:00,15036.387610334132
2025-04-15 04:00:00,15036.387610334132
2025-04-15 04:15:00,15036.387610334132
2025-04-15 04:30:00,15036.387610334132
2025-04-15 04:45:00,15036.387610334132
2025-04-15 05:00:00,15036.387610334132
2025-04-15 05:15:00,15036.387610334132
2025-04-15 05:30:00,16316.596374532754
2025-04-15 05:45:00,16316.596374532754
2025-04-15 06:00:00,16316.596374532754
2025-04-15 06:15:00,16316.596374532754
2025-04-15 06:30:00,16316.596374532754
2025-04-15 06:45:00,16316.596374532754
2025-04-15 07:00:00,16316.596374532754
2025-04-15 07:15:00,16316.596374532754
2025-04-15 07:30:00,16316.596374532754
2025-04-15 07:45:00,16316.596374532754
2025-04-15 08:00:00,16316.596374532754
2025-04-15 08:15:00,16316.596374532754
2025-04-15 08:30:00,16316.596374532754
2025-04-15 08:45:00,16316.596374532754
2025-04-15 09:00:00,16316.596374532754
2025-04-15 09:15:00,16316.596374532754
2025-04-15 09:30:00,16316.596374532754
2025-04-15 09:45:00,16316.596374532754
2025-04-15 10:00:00,16316.596374532754
2025-04-15 10:15:00,16316.596374532754
2025-04-15 10:30:00,16316.596374532754
2025-04-15 10:45:00,16316.596374532754
2025-04-15 11:00:00,16316.596374532754
2025-04-15 11:15:00,16316.596374532754
2025-04-15 11:30:00,16316.596374532754
2025-04-15 11:45:00,16316.596374532754
2025-04-15 12:00:00,16316.596374532754
2025-04-15 12:15:00,16316.596374532754
2025-04-15 12:30:00,16316.596374532754
2025-04-15 12:45:00,16316.596374532754
2025-04-15 13:00:00,16316.596374532754
2025-04-15 13:15:00,16316.596374532754
2025-04-15 13:30:00,16316.596374532754
2025-04-15 13:45:00,16316.596374532754
2025-04-15 14:00:00,16316.596374532754
2025-04-15 14:15:00,16316.596374532754
2025-04-15 14:30:00,16316.596374532754
2025-04-15 14:45:00,16316.596374532754
2025-04-15 15:00:00,16316.596374532754
2025-04-15 15:15:00,16316.596374532754
2025-04-15 15:30:00,16316.596374532754
2025-04-15 15:45:00,15991.896106679551
2025-04-15 16:00:00,15991.896106679551
2025-04-15 16:15:00,15991.896106679551
2025-04-15 16:30:00,15991.896106679551
2025-04-15 16:45:00,15991.896106679551
2025-04-15 17:00:00,13966.389599569377
2025-04-15 17:15:00,13966.389599569377
2025-04-15 17:30:00,13966.389599569377
2025-04-15 17:45:00,13966.389599569377
2025-04-15 18:00:00,13966.389599569377
2025-04-15 18:15:00,13966.389599569377
2025-04-15 18:30:00,13966.389599569377
2025-04-15 18:45:00,13966.389599569377
2025-04-15 19:00:00,13966.389599569377
2025-04-15 19:15:00,13688.458446537945
2025-04-15 19:30:00,13551.573862072566
2025-04-15 19:45:00,13551.573862072566
2025-04-15 20:00:00,13551.573862072566
2025-04-15 20:15:00,13551.573862072566
2025-04-15 20:30:00,13551.573862072566
2025-04-15 20:45:00,13551.573862072566
2025-04-15 21:00:00,13551.573862072566
2025-04-15 21:15:00,13551.573862072566
2025-04-15 21:30:00,13551.573862072566
2025-04-15 21:45:00,13551.573862072566
2025-04-15 22:00:00,13551.573862072566
2025-04-15 22:15:00,13551.573862072566
2025-04-15 22:30:00,13551.573862072566
2025-04-15 22:45:00,13551.573862072566
2025-04-15 23:00:00,13551.573862072566
2025-04-15 23:15:00,13551.573862072566
2025-04-15 23:30:00,13551.573862072566
2025-04-15 23:45:00,13551.573862072566
2025-04-16 00:00:00,13551.573862072566
2025-04-16 00:15:00,13551.573862072566
2025-04-16 00:30:00,13551.573862072566
2025-04-16 00:45:00,13551.573862072566
2025-04-16 01:00:00,13551.573862072566
2025-04-16 01:15:00,13551.573862072566
2025-04-16 01:30:00,13551.573862072566
2025-04-16 01:45:00,13551.573862072566
2025-04-16 02:00:00,13551.573862072566
2025-04-16 02:15:00,13551.573862072566
2025-04-16 02:30:00,13551.573862072566
2025-04-16 02:45:00,13551.573862072566
2025-04-16 03:00:00,13551.573862072566
2025-04-16 03:15:00,14022.348140159474
2025-04-16 03:30:00,13828.193084679991
2025-04-16 03:45:00,13828.193084679991
2025-04-16 04:00:00,13553.012042294858
2025-04-16 04:15:00,13417.48192187191
2025-04-16 04:30:00,13283.30710265319
2025-04-16 04:45:00,13283.30710265319
2025-04-16 05:00:00,13150.474031626658
2025-04-16 05:15:00,13150.474031626658
2025-04-16 05:30:00,13150.474031626658
2025-04-16 05:45:00,13150.474031626658
2025-04-16 06:00:00,13150.474031626658
2025-04-16 06:15:00,13018.969291310392
2025-04-16 06:30:00,13018.969291310392
2025-04-16 06:45:00,13018.969291310392
2025-04-16 07:00:00,13018.969291310392
2025-04-16 07:15:00,13018.969291310392
2025-04-16 07:30:00,13018.969291310392
2025-04-16 07:45:00,13018.969291310392
2025-04-16 08:00:00,13018.969291310392
2025-04-16 08:15:00,13018.969291310392
2025-04-16 08:30:00,13018.969291310392
2025-04-16 08:45:00,13018.969291310392
2025-04-16 09:00:00,13018.969291310392
2025-04-16 09:15:00,13018.969291310392
2025-04-16 09:30:00,13018.969291310392
2025-04-16 09:45:00,13018.969291310392
2025-04-16 10:00:00,13018.969291310392
2025-04-16 10:15:00,12888.779598397288
2025-04-16 10:30:00,12888.779598397288
2025-04-16 10:45:00,12888.779598397288
2025-04-16 11:00:00,12888.779598397288
2025-04-16 11:15:00,12888.779598397288
2025-04-16 11:30:00,13483.704125583496
2025-04-16 11:45:00,13483.704125583496
2025-04-16 12:00:00,13483.704125583496
2025-04-16 12:15:00,13483.704125583496
2025-04-16 12:30:00,13483.704125583496
2025-04-16 12:45:00,13483.704125583496
2025-04-16 13:00:00,13483.704125583496
2025-04-16 13:15:00,13483.704125583496
2025-04-16 13:30:00,13483.704125583496
2025-04-16 13:45:00,13483.704125583496
2025-04-16 14:00:00,13483.704125583496
2025-04-16 14:15:00,13483.704125583496
2025-04-16 14:30:00,13483.704125583496
2025-04-16 14:45:00,13483.704125583496
2025-04-16 15:00:00,13483.704125583496
2025-04-16 15:15:00,13483.704125583496
2025-04-16 15:30:00,13483.704125583496
2025-04-16 15:45:00,13483.704125583496
2025-04-16 16:00:00,13483.704125583496
2025-04-16 16:15:00,13483.704125583496
2025-04-16 16:30:00,13483.704125583496
2025-04-16 16:45:00,13483.704125583496
2025-04-16 17:00:00,13483.704125583496
2025-04-16 17:15:00,13483.704125583496
2025-04-16 17:30:00,13483.704125583496
2025-04-16 17:45:00,13483.704125583496
2025-04-16 18:00:00,13483.704125583496
2025-04-16 18:15:00,13698.78193473615
2025-04-16 18:30:00,13698.78193473615
2025-04-16 18:45:00,13698.78193473615
2025-04-16 19:00:00,13698.78193473615
2025-04-16 19:15:00,13698.78193473615
2025-04-16 19:30:00,13698.78193473615
2025-04-16 19:45:00,13698.78193473615
2025-04-16 20:00:00,13698.78193473615
2025-04-16 20:15:00,14113.499732965567
2025-04-16 20:30:00,14113.499732965567
2025-04-16 20:45:00,14113.499732965567
2025-04-16 21:00:00,14113.499732965567
2025-04-16 21:15:00,14113.499732965567
2025-04-16 21:30:00,14113.499732965567
2025-04-16 21:45:00,14113.499732965567
2025-04-16 22:00:00,14113.499732965567
2025-04-16 22:15:00,14113.499732965567
2025-04-16 22:30:00,13972.36473563591
2025-04-16 22:45:00,13972.36473563591
2025-04-16 23:00:00,13972.36473563591
2025-04-16 23:15:00,13972.36473563591
2025-04-16 23:30:00,13972.36473563591
2025-04-16 23:45:00,13972.36473563591
2025-04-17 00:00:00,13972.36473563591
2025-04-17 00:15:00,13972.36473563591
2025-04-17 00:30:00,13972.36473563591
2025-04-17 00:45:00,13972.36473563591
2025-04-17 01:00:00,13972.36473563591
2025-04-17 01:15:00,13972.36473563591
2025-04-17 01:30:00,13972.36473563591
2025-04-17 01:45:00,13972.36473563591
2025-04-17 02:00:00,13972.36473563591
2025-04-17 02:15:00,13972.36473563591
2025-04-17 02:30:00,13972.36473563591
2025-04-17 02:45:00,13972.36473563591
2025-04-17 03:00:00,13972.36473563591
2025-04-17 03:15:00,13972.36473563591
2025-04-17 03:30:00,14383.204925237487
2025-04-17 03:45:00,14383.204925237487
2025-04-17 04:00:00,14383.204925237487
2025-04-17 04:15:00,14383.204925237487
2025-04-17 04:30:00,14239.372875985113
2025-04-17 04:45:00,14239.372875985113
2025-04-17 05:00:00,14239.372875985113
2025-04-17 05:15:00,14239.372875985113
2025-04-17 05:30:00,14239.372875985113
2025-04-17 05:45:00,14239.372875985113
2025-04-17 06:00:00,14239.372875985113
2025-04-17 06:15:00,14239.372875985113
2025-04-17 06:30:00,14239.372875985113
2025-04-17 06:45:00,14239.372875985113
2025-04-17 07:00:00,14239.372875985113
2025-04-17 07:15:00,14239.372875985113
2025-04-17 07:30:00,14239.372875985113
2025-04-17 07:45:00,14239.372875985113
2025-04-17 08:00:00,14239.372875985113
2025-04-17 08:15:00,14239.372875985113
2025-04-17 08:30:00,13956.009355753009
2025-04-17 08:45:00,13956.009355753009
2025-04-17 09:00:00,13956.009355753009
2025-04-17 09:15:00,13956.009355753009
2025-04-17 09:30:00,13956.009355753009
2025-04-17 09:45:00,13956.009355753009
2025-04-17 10:00:00,13956.009355753009
2025-04-17 10:15:00,13956.009355753009
2025-04-17 10:30:00,13956.009355753009
2025-04-17 10:45:00,13956.009355753009
2025-04-17 11:00:00,13956.009355753009
2025-04-17 11:15:00,13956.009355753009
2025-04-17 11:30:00,13956.009355753009
2025-04-17 11:45:00,13956.009355753009
2025-04-17 12:00:00,13956.009355753009
2025-04-17 12:15:00,13956.009355753009
2025-04-17 12:30:00,13956.009355753009
2025-04-17 12:45:00,13956.009355753009
2025-04-17 13:00:00,13956.009355753009
2025-04-17 13:15:00,13956.009355753009
2025-04-17 13:30:00,13956.009355753009
2025-04-17 13:45:00,13956.009355753009
2025-04-17 14:00:00,13956.009355753009
2025-04-17 14:15:00,13956.009355753009
2025-04-17 14:30:00,13956.009355753009
2025-04-17 14:45:00,13956.009355753009
2025-04-17 15:00:00,13956.009355753009
2025-04-17 15:15:00,13956.009355753009
2025-04-17 15:30:00,13956.009355753009
2025-04-17 15:45:00,13956.009355753009
2025-04-17 16:00:00,14296.283405949964
2025-04-17 16:15:00,14296.283405949964
2025-04-17 16:30:00,14296.283405949964
2025-04-17 16:45:00,14296.283405949964
2025-04-17 17:00:00,14296.283405949964
2025-04-17 17:15:00,14296.283405949964
2025-04-17 17:30:00,14296.283405949964
2025-04-17 17:45:00,14296.283405949964
2025-04-17 18:00:00,14296.283405949964
2025-04-17 18:15:00,14296.283405949964
2025-04-17 18:30:00,14296.283405949964
2025-04-17 18:45:00,14296.283405949964
2025-04-17 19:00:00,14296.283405949964
2025-04-17 19:15:00,14296.283405949964
2025-04-17 19:30:00,14296.283405949964
2025-04-17 19:45:00,14296.283405949964
2025-04-17 20:00:00,14296.283405949964
2025-04-17 20:15:00,14296.283405949964
2025-04-17 20:30:00,14296.283405949964
2025-04-17 20:45:00,14296.283405949964
2025-04-17 21:00:00,14296.283405949964
2025-04-17 21:15:00,14510.428321121995
2025-04-17 21:30:00,14510.428321121995
2025-04-17 21:45:00,14510.428321121995
2025-04-17 22:00:00,14510.428321121995
2025-04-17 22:15:00,14510.428321121995
2025-04-17 22:30:00,14510.428321121995
2025-04-17 22:45:00,14510.428321121995
2025-04-17 23:00:00,14510.428321121995
2025-04-17 23:15:00,14510.428321121995
2025-04-17 23:30:00,14510.428321121995
2025-04-17 23:45:00,14510.428321121995
2025-04-18 00:00:00,14510.428321121995
2025-04-18 00:15:00,14510.428321121995
2025-04-18 00:30:00,14510.428321121995
2025-04-18 00:45:00,14510.428321121995
2025-04-18 01:00:00,14510.428321121995
2025-04-18 01:15:00,14510.428321121995
2025-04-18 01:30:00,14510.428321121995
2025-04-18 01:45:00,14510.428321121995
2025-04-18 02:00:00,14510.428321121995
2025-04-18 02:15:00,14510.428321121995
2025-04-18 02:30:00,14510.428321121995
2025-04-18 02:45:00,14510.428321121995
2025-04-18 03:00:00,14510.428321121995
2025-04-18 03:15:00,14510.428321121995
2025-04-18 03:30:00,14510.428321121995
2025-04-18 03:45:00,14510.428321121995
2025-04-18 04:00:00,14510.428321121995
2025-04-18 04:15:00,14510.428321121995
2025-04-18 04:30:00,14510.428321121995
2025-04-18 04:45:00,14510.428321121995
2025-04-18 05:00:00,14510.428321121995
2025-04-18 05:15:00,14510.428321121995
2025-04-18 05:30:00,14510.428321121995
2025-04-18 05:45:00,14510.428321121995
2025-04-18 06:00:00,14510.428321121995
2025-04-18 06:15:00,14510.428321121995
2025-04-18 06:30:00,14510.428321121995
2025-04-18 06:45:00,14510.428321121995
2025-04-18 07:00:00,14510.428321121995
2025-04-18 07:15:00,14510.428321121995
2025-04-18 07:30:00,14510.428321121995
2025-04-18 07:45:00,14510.428321121995
2025-04-18 08:00:00,14510.428321121995
2025-04-18 08:15:00,14510.428321121995
2025-04-18 08:30:00,14510.428321121995
2025-04-18 08:45:00,14510.428321121995
2025-04-18 09:00:00,14510.428321121995
2025-04-18 09:15:00,14510.428321121995
2025-04-18 09:30:00,14510.428321121995
2025-04-18 09:45:00,14510.428321121995
2025-04-18 10:00:00,14510.428321121995
2025-04-18 10:15:00,14825.195657766024
2025-04-18 10:30:00,14825.195657766024
2025-04-18 10:45:00,14825.195657766024
2025-04-18 11:00:00,14825.195657766024
2025-04-18 11:15:00,14825.195657766024
2025-04-18 11:30:00,14825.195657766024
2025-04-18 11:45:00,14825.195657766024
2025-04-18 12:00:00,14825.195657766024
2025-04-18 12:15:00,14825.195657766024
2025-04-18 12:30:00,14825.195657766024
2025-04-18 12:45:00,14825.195657766024
2025-04-18 13:00:00,14825.195657766024
2025-04-18 13:15:00,14825.195657766024
2025-04-18 13:30:00,14825.195657766024
2025-04-18 13:45:00,14825.195657766024
2025-04-18 14:00:00,14825.195657766024
2025-04-18 14:15:00,14825.195657766024
2025-04-18 14:30:00,14825.195657766024
2025-04-18 14:45:00,14825.195657766024
2025-04-18 15:00:00,14676.943701188364
2025-04-18 15:15:00,14530.17426417648
2025-04-18 15:30:00,14384.872521534715
2025-04-18 15:45:00,14384.872521534715
2025-04-18 16:00:00,14384.872521534715
2025-04-18 16:15:00,14384.872521534715
2025-04-18 16:30:00,14384.872521534715
2025-04-18 16:45:00,14384.872521534715
2025-04-18 17:00:00,14384.872521534715
2025-04-18 17:15:00,14384.872521534715
2025-04-18 17:30:00,14384.872521534715
2025-04-18 17:45:00,14241.023796319367
2025-04-18 18:00:00,14241.023796319367
2025-04-18 18:15:00,14241.023796319367
2025-04-18 18:30:00,14241.023796319367
2025-04-18 18:45:00,14241.023796319367
2025-04-18 19:00:00,14241.023796319367
2025-04-18 19:15:00,14241.023796319367
2025-04-18 19:30:00,14241.023796319367
2025-04-18 19:45:00,14241.023796319367
2025-04-18 20:00:00,14241.023796319367
2025-04-18 20:15:00,14241.023796319367
2025-04-18 20:30:00,14241.023796319367
2025-04-18 20:45:00,14241.023796319367
2025-04-18 21:00:00,14241.023796319367
2025-04-18 21:15:00,14241.023796319367
2025-04-18 21:30:00,14241.023796319367
2025-04-18 21:45:00,14241.023796319367
2025-04-18 22:00:00,14241.023796319367
2025-04-18 22:15:00,14241.023796319367
2025-04-18 22:30:00,14241.023796319367
2025-04-18 22:45:00,14241.023796319367
2025-04-18 23:00:00,14241.023796319367
2025-04-18 23:15:00,14241.023796319367
2025-04-18 23:30:00,14241.023796319367
2025-04-18 23:45:00,14241.023796319367
2025-04-21 00:00:00,14098.613558356174
2025-04-21 00:15:00,14098.613558356174
2025-04-21 00:30:00,14098.613558356174
2025-04-21 00:45:00,13957.627422772612
2025-04-21 01:00:00,14485.288369733007
2025-04-21 01:15:00,14340.435486035676
2025-04-21 01:30:00,14197.03113117532
2025-04-21 01:45:00,14055.060819863565
2025-04-21 02:00:00,13914.51021166493
2025-04-21 02:15:00,13775.365109548282
2025-04-21 02:30:00,13637.611458452799
2025-04-21 02:45:00,13501.235343868271
2025-04-21 03:00:00,13366.22299042959
2025-04-21 03:15:00,13232.560760525294
2025-04-21 03:30:00,13100.23515292004
2025-04-21 03:45:00,13100.23515292004
2025-04-21 04:00:00,13100.23515292004
2025-04-21 04:15:00,13100.23515292004
2025-04-21 04:30:00,13100.23515292004
2025-04-21 04:45:00,13100.23515292004
2025-04-21 05:00:00,13100.23515292004
2025-04-21 05:15:00,12969.232801390839
2025-04-21 05:30:00,12969.232801390839
2025-04-21 05:45:00,12969.232801390839
2025-04-21 06:00:00,12969.232801390839
2025-04-21 06:15:00,12969.232801390839
2025-04-21 06:30:00,12969.232801390839
2025-04-21 06:45:00,12969.232801390839
2025-04-21 07:00:00,12969.232801390839
2025-04-21 07:15:00,12969.232801390839
2025-04-21 07:30:00,12969.232801390839
2025-04-21 07:45:00,12969.232801390839
2025-04-21 08:00:00,12969.232801390839
2025-04-21 08:15:00,12969.232801390839
2025-04-21 08:30:00,12839.54047337693
2025-04-21 08:45:00,12839.54047337693
2025-04-21 09:00:00,12839.54047337693
2025-04-21 09:15:00,12839.54047337693
2025-04-21 09:30:00,12839.54047337693
2025-04-21 09:45:00,12839.54047337693
2025-04-21 10:00:00,12839.54047337693
2025-04-21 10:15:00,12839.54047337693
2025-04-21 10:30:00,12839.54047337693
2025-04-21 10:45:00,12839.54047337693
2025-04-21 11:00:00,12839.54047337693
2025-04-21 11:15:00,12839.54047337693
2025-04-21 11:30:00,12839.54047337693
2025-04-21 11:45:00,12839.54047337693
2025-04-21 12:00:00,12711.14506864316
2025-04-21 12:15:00,12711.14506864316
2025-04-21 12:30:00,12711.14506864316
2025-04-21 12:45:00,12711.14506864316
2025-04-21 13:00:00,12711.14506864316
2025-04-21 13:15:00,12711.14506864316
2025-04-21 13:30:00,12711.14506864316
2025-04-21 13:45:00,13202.1168390272
2025-04-21 14:00:00,13202.1168390272
2025-04-21 14:15:00,13202.1168390272
2025-04-21 14:30:00,13202.1168390272
2025-04-21 14:45:00,13202.1168390272
2025-04-21 15:00:00,13202.1168390272
2025-04-21 15:15:00,13202.1168390272
2025-04-21 15:30:00,13202.1168390272
2025-04-21 15:45:00,13202.1168390272
2025-04-21 16:00:00,13202.1168390272
2025-04-21 16:15:00,13202.1168390272
2025-04-21 16:30:00,13202.1168390272
2025-04-21 16:45:00,13202.1168390272
2025-04-21 17:00:00,13202.1168390272
2025-04-21 17:15:00,13202.1168390272
2025-04-21 17:30:00,13202.1168390272
2025-04-21 17:45:00,13202.1168390272
2025-04-21 18:00:00,13070.095670636927
2025-04-21 18:15:00,13070.095670636927
2025-04-21 18:30:00,13070.095670636927
2025-04-21 18:45:00,13070.095670636927
2025-04-21 19:00:00,13070.095670636927
2025-04-21 19:15:00,13070.095670636927
2025-04-21 19:30:00,13070.095670636927
2025-04-21 19:45:00,13070.095670636927
2025-04-21 20:00:00,13070.095670636927
2025-04-21 20:15:00,13070.095670636927
2025-04-21 20:30:00,13070.095670636927
2025-04-21 20:45:00,13070.095670636927
2025-04-21 21:00:00,13070.095670636927
2025-04-21 21:15:00,13070.095670636927
2025-04-21 21:30:00,13070.095670636927
2025-04-21 21:45:00,13070.095670636927
2025-04-21 22:00:00,13070.095670636927
2025-04-21 22:15:00,13070.095670636927
2025-04-21 22:30:00,13070.095670636927
2025-04-21 22:45:00,13070.095670636927
2025-04-21 23:00:00,13070.095670636927
2025-04-21 23:15:00,13070.095670636927
2025-04-21 23:30:00,13070.095670636927
2025-04-21 23:45:00,13070.095670636927
2025-04-22 00:00:00,13070.095670636927
2025-04-22 00:15:00,13070.095670636927
2025-04-22 00:30:00,13070.095670636927
2025-04-22 00:45:00,13070.095670636927
2025-04-22 01:00:00,13070.095670636927
2025-04-22 01:15:00,13070.095670636927
2025-04-22 01:30:00,13070.095670636927
2025-04-22 01:45:00,13070.095670636927
2025-04-22 02:00:00,13070.095670636927
2025-04-22 02:15:00,13070.095670636927
2025-04-22 02:30:00,13070.095670636927
2025-04-22 02:45:00,13070.095670636927
2025-04-22 03:00:00,13070.095670636927
2025-04-22 03:15:00,13070.095670636927
2025-04-22 03:30:00,13070.095670636927
2025-04-22 03:45:00,13070.095670636927
2025-04-22 04:00:00,13070.095670636927
2025-04-22 04:15:00,13070.095670636927
2025-04-22 04:30:00,13070.095670636927
2025-04-22 04:45:00,13070.095670636927
2025-04-22 05:00:00,13070.095670636927
2025-04-22 05:15:00,13456.554479136657
2025-04-22 05:30:00,14392.454663121036
2025-04-22 05:45:00,14392.454663121036
2025-04-22 06:00:00,13621.606916110055
2025-04-22 06:15:00,13621.606916110055
2025-04-22 06:30:00,13621.606916110055
2025-04-22 06:45:00,13621.606916110055
2025-04-22 07:00:00,13621.606916110055
2025-04-22 07:15:00,13621.606916110055
2025-04-22 07:30:00,13621.606916110055
2025-04-22 07:45:00,13621.606916110055
2025-04-22 08:00:00,13621.606916110055
2025-04-22 08:15:00,13350.536938479465
2025-04-22 08:30:00,13350.536938479465
2025-04-22 08:45:00,13350.536938479465
2025-04-22 09:00:00,13350.536938479465
2025-04-22 09:15:00,13350.536938479465
2025-04-22 09:30:00,13803.974915508867
2025-04-22 09:45:00,13803.974915508867
2025-04-22 10:00:00,13803.974915508867
2025-04-22 10:15:00,13803.974915508867
2025-04-22 10:30:00,13803.974915508867
2025-04-22 10:45:00,13803.974915508867
2025-04-22 11:00:00,13803.974915508867
2025-04-22 11:15:00,13803.974915508867
2025-04-22 11:30:00,13803.974915508867
2025-04-22 11:45:00,13803.974915508867
2025-04-22 12:00:00,13803.974915508867
2025-04-22 12:15:00,13803.974915508867
2025-04-22 12:30:00,13803.974915508867
2025-04-22 12:45:00,13803.974915508867
2025-04-22 13:00:00,13803.974915508867
2025-04-22 13:15:00,13803.974915508867
2025-04-22 13:30:00,13803.974915508867
2025-04-22 13:45:00,13803.974915508867
2025-04-22 14:00:00,13803.974915508867
2025-04-22 14:15:00,13803.974915508867
2025-04-22 14:30:00,13803.974915508867
2025-04-22 14:45:00,13803.974915508867
2025-04-22 15:00:00,13803.974915508867
2025-04-22 15:15:00,13803.974915508867
2025-04-22 15:30:00,13803.974915508867
2025-04-22 15:45:00,13803.974915508867
2025-04-22 16:00:00,13803.974915508867
2025-04-22 16:15:00,13803.974915508867
2025-04-22 16:30:00,13803.974915508867
2025-04-22 16:45:00,13803.974915508867
2025-04-22 17:00:00,13803.974915508867
2025-04-22 17:15:00,13803.974915508867
2025-04-22 17:30:00,13803.974915508867
2025-04-22 17:45:00,13803.974915508867
2025-04-22 18:00:00,13803.974915508867
2025-04-22 18:15:00,13803.974915508867
2025-04-22 18:30:00,13803.974915508867
2025-04-22 18:45:00,13803.974915508867
2025-04-22 19:00:00,13803.974915508867
2025-04-22 19:15:00,13803.974915508867
2025-04-22 19:30:00,13803.974915508867
2025-04-22 19:45:00,13803.974915508867
2025-04-22 20:00:00,13665.935166353778
2025-04-22 20:15:00,13665.935166353778
2025-04-22 20:30:00,13665.935166353778
2025-04-22 20:45:00,13665.935166353778
2025-04-22 21:00:00,13665.935166353778
2025-04-22 21:15:00,13665.935166353778
2025-04-22 21:30:00,13665.935166353778
2025-04-22 21:45:00,13529.27581469024
2025-04-22 22:00:00,13529.27581469024
2025-04-22 22:15:00,13529.27581469024
2025-04-22 22:30:00,13529.27581469024
2025-04-22 22:45:00,13393.983056543337
2025-04-22 23:00:00,13393.983056543337
2025-04-22 23:15:00,13393.983056543337
2025-04-22 23:30:00,13393.983056543337
2025-04-22 23:45:00,13393.983056543337
2025-04-23 00:00:00,13393.983056543337
2025-04-23 00:15:00,13393.983056543337
2025-04-23 00:30:00,13393.983056543337
2025-04-23 00:45:00,13393.983056543337
2025-04-23 01:00:00,13260.043225977903
2025-04-23 01:15:00,13127.442793718124
2025-04-23 01:30:00,12996.168365780943
2025-04-23 01:45:00,12996.168365780943
2025-04-23 02:00:00,12996.168365780943
2025-04-23 02:15:00,12996.168365780943
2025-04-23 02:30:00,12996.168365780943
2025-04-23 02:45:00,12996.168365780943
2025-04-23 03:00:00,12996.168365780943
2025-04-23 03:15:00,12996.168365780943
2025-04-23 03:30:00,12996.168365780943
2025-04-23 03:45:00,12996.168365780943
2025-04-23 04:00:00,12996.168365780943
2025-04-23 04:15:00,12996.168365780943
2025-04-23 04:30:00,12996.168365780943
2025-04-23 04:45:00,12996.168365780943
2025-04-23 05:00:00,12996.168365780943
2025-04-23 05:15:00,12996.168365780943
2025-04-23 05:30:00,12996.168365780943
2025-04-23 05:45:00,12996.168365780943
2025-04-23 06:00:00,12996.168365780943
2025-04-23 06:15:00,12996.168365780943
2025-04-23 06:30:00,12996.168365780943
2025-04-23 06:45:00,12996.168365780943
2025-04-23 07:00:00,12996.168365780943
2025-04-23 07:15:00,12996.168365780943
2025-04-23 07:30:00,12996.168365780943
2025-04-23 07:45:00,12996.168365780943
2025-04-23 08:00:00,12996.168365780943
2025-04-23 08:15:00,12996.168365780943
2025-04-23 08:30:00,12996.168365780943
2025-04-23 08:45:00,12996.168365780943
2025-04-23 09:00:00,12996.168365780943
2025-04-23 09:15:00,12996.168365780943
2025-04-23 09:30:00,12996.168365780943
2025-04-23 09:45:00,12996.168365780943
2025-04-23 10:00:00,12996.168365780943
2025-04-23 10:15:00,12996.168365780943
2025-04-23 10:30:00,12996.168365780943
2025-04-23 10:45:00,12996.168365780943
2025-04-23 11:00:00,12996.168365780943
2025-04-23 11:15:00,12996.168365780943
2025-04-23 11:30:00,12996.168365780943
2025-04-23 11:45:00,12996.168365780943
2025-04-23 12:00:00,15863.530109491823
2025-04-23 12:15:00,15704.894808396904
2025-04-23 12:30:00,15547.845860312935
2025-04-23 12:45:00,15547.845860312935
2025-04-23 13:00:00,15547.845860312935
2025-04-23 13:15:00,15547.845860312935
2025-04-23 13:30:00,16541.95273131492
2025-04-23 13:45:00,16541.95273131492
2025-04-23 14:00:00,16541.95273131492
2025-04-23 14:15:00,16541.95273131492
2025-04-23 14:30:00,16541.95273131492
2025-04-23 14:45:00,16541.95273131492
2025-04-23 15:00:00,16541.95273131492
2025-04-23 15:15:00,16541.95273131492
2025-04-23 15:30:00,16541.95273131492
2025-04-23 15:45:00,16541.95273131492
2025-04-23 16:00:00,16541.95273131492
2025-04-23 16:15:00,16541.95273131492
2025-04-23 16:30:00,16541.95273131492
2025-04-23 16:45:00,16541.95273131492
2025-04-23 17:00:00,16541.95273131492
2025-04-23 17:15:00,16541.95273131492
2025-04-23 17:30:00,16541.95273131492
2025-04-23 17:45:00,16541.95273131492
2025-04-23 18:00:00,16541.95273131492
2025-04-23 18:15:00,16541.95273131492
2025-04-23 18:30:00,16541.95273131492
2025-04-23 18:45:00,16541.95273131492
2025-04-23 19:00:00,16541.95273131492
2025-04-23 19:15:00,16541.95273131492
2025-04-23 19:30:00,16541.95273131492
2025-04-23 19:45:00,16376.53320400177
2025-04-23 20:00:00,16376.53320400177
2025-04-23 20:15:00,16376.53320400177
2025-04-23 20:30:00,16376.53320400177
2025-04-23 20:45:00,16376.53320400177
2025-04-23 21:00:00,16376.53320400177
2025-04-23 21:15:00,16376.53320400177
2025-04-23 21:30:00,16376.53320400177
2025-04-23 21:45:00,16376.53320400177
2025-04-23 22:00:00,16376.53320400177
2025-04-23 22:15:00,16376.53320400177
2025-04-23 22:30:00,16376.53320400177
2025-04-23 22:45:00,16376.53320400177
2025-04-23 23:00:00,16376.53320400177
2025-04-23 23:15:00,16376.53320400177
2025-04-23 23:30:00,16376.53320400177
2025-04-23 23:45:00,16376.53320400177
2025-04-24 00:00:00,16376.53320400177
2025-04-24 00:15:00,16376.53320400177
2025-04-24 00:30:00,16376.53320400177
2025-04-24 00:45:00,16376.53320400177
2025-04-24 01:00:00,16376.53320400177
2025-04-24 01:15:00,16376.53320400177
2025-04-24 01:30:00,16376.53320400177
2025-04-24 01:45:00,16376.53320400177
2025-04-24 02:00:00,16376.53320400177
2025-04-24 02:15:00,16376.53320400177
2025-04-24 02:30:00,16376.53320400177
2025-04-24 02:45:00,16376.53320400177
2025-04-24 03:00:00,16376.53320400177
2025-04-24 03:15:00,16376.53320400177
2025-04-24 03:30:00,16376.53320400177
2025-04-24 03:45:00,16376.53320400177
2025-04-24 04:00:00,16376.53320400177
2025-04-24 04:15:00,16376.53320400177
2025-04-24 04:30:00,16376.53320400177
2025-04-24 04:45:00,16376.53320400177
2025-04-24 05:00:00,16376.53320400177
2025-04-24 05:15:00,16376.53320400177
2025-04-24 05:30:00,16376.53320400177
2025-04-24 05:45:00,16376.53320400177
2025-04-24 06:00:00,16376.53320400177
2025-04-24 06:15:00,16376.53320400177
2025-04-24 06:30:00,16376.53320400177
2025-04-24 06:45:00,16376.53320400177
2025-04-24 07:00:00,16376.53320400177
2025-04-24 07:15:00,16376.53320400177
2025-04-24 07:30:00,16376.53320400177
2025-04-24 07:45:00,16376.53320400177
2025-04-24 08:00:00,16376.53320400177
2025-04-24 08:15:00,16376.53320400177
2025-04-24 08:30:00,16376.53320400177
2025-04-24 08:45:00,16376.53320400177
2025-04-24 09:00:00,16376.53320400177
2025-04-24 09:15:00,16376.53320400177
2025-04-24 09:30:00,16376.53320400177
2025-04-24 09:45:00,16376.53320400177
2025-04-24 10:00:00,16050.640193242132
2025-04-24 10:15:00,16050.640193242132
2025-04-24 10:30:00,15890.13379130971
2025-04-24 10:45:00,15890.13379130971
2025-04-24 11:00:00,15573.920128862646
2025-04-24 11:15:00,15573.920128862646
2025-04-24 11:30:00,15573.920128862646
2025-04-24 11:45:00,15573.920128862646
2025-04-24 12:00:00,15263.99911829828
2025-04-24 12:15:00,15263.99911829828
2025-04-24 12:30:00,15263.99911829828
2025-04-24 12:45:00,15263.99911829828
2025-04-24 13:00:00,15263.99911829828
2025-04-24 13:15:00,15263.99911829828
2025-04-24 13:30:00,15263.99911829828
2025-04-24 13:45:00,15263.99911829828
2025-04-24 14:00:00,15263.99911829828
2025-04-24 14:15:00,15263.99911829828
2025-04-24 14:30:00,15263.99911829828
2025-04-24 14:45:00,15263.99911829828
2025-04-24 15:00:00,15263.99911829828
2025-04-24 15:15:00,15263.99911829828
2025-04-24 15:30:00,15263.99911829828
2025-04-24 15:45:00,15263.99911829828
2025-04-24 16:00:00,15263.99911829828
2025-04-24 16:15:00,15263.99911829828
2025-04-24 16:30:00,15263.99911829828
2025-04-24 16:45:00,15263.99911829828
2025-04-24 17:00:00,15263.99911829828
2025-04-24 17:15:00,15263.99911829828
2025-04-24 17:30:00,15263.99911829828
2025-04-24 17:45:00,15263.99911829828
2025-04-24 18:00:00,15263.99911829828
2025-04-24 18:15:00,15263.99911829828
2025-04-24 18:30:00,15263.99911829828
2025-04-24 18:45:00,15263.99911829828
2025-04-24 19:00:00,15263.99911829828
2025-04-24 19:15:00,15263.99911829828
2025-04-24 19:30:00,15263.99911829828
2025-04-24 19:45:00,15939.308278427949
2025-04-24 20:00:00,15939.308278427949
2025-04-24 20:15:00,15939.308278427949
2025-04-24 20:30:00,15939.308278427949
2025-04-24 20:45:00,15939.308278427949
2025-04-24 21:00:00,15939.308278427949
2025-04-24 21:15:00,15939.308278427949
2025-04-24 21:30:00,15939.308278427949
2025-04-24 21:45:00,15939.308278427949
2025-04-24 22:00:00,15939.308278427949
2025-04-24 22:15:00,15939.308278427949
2025-04-24 22:30:00,15939.308278427949
2025-04-24 22:45:00,15939.308278427949
2025-04-24 23:00:00,15939.308278427949
2025-04-24 23:15:00,15939.308278427949
2025-04-24 23:30:00,15939.308278427949
2025-04-24 23:45:00,15779.915195643669
2025-04-25 00:00:00,15779.915195643669
2025-04-25 00:15:00,15779.915195643669
2025-04-25 00:30:00,15779.915195643669
2025-04-25 00:45:00,15779.915195643669
2025-04-25 01:00:00,15779.915195643669
2025-04-25 01:15:00,15779.915195643669
2025-04-25 01:30:00,15779.915195643669
2025-04-25 01:45:00,15779.915195643669
2025-04-25 02:00:00,15779.915195643669
2025-04-25 02:15:00,15779.915195643669
2025-04-25 02:30:00,16277.557833714685
2025-04-25 02:45:00,16277.557833714685
2025-04-25 03:00:00,16277.557833714685
2025-04-25 03:15:00,16277.557833714685
2025-04-25 03:30:00,16277.557833714685
2025-04-25 03:45:00,16277.557833714685
2025-04-25 04:00:00,16277.557833714685
2025-04-25 04:15:00,16277.557833714685
2025-04-25 04:30:00,16277.557833714685
2025-04-25 04:45:00,16277.557833714685
2025-04-25 05:00:00,16277.557833714685
2025-04-25 05:15:00,16277.557833714685
2025-04-25 05:30:00,16277.557833714685
2025-04-25 05:45:00,16277.557833714685
2025-04-25 06:00:00,16277.557833714685
2025-04-25 06:15:00,16277.557833714685
2025-04-25 06:30:00,16277.557833714685
2025-04-25 06:45:00,16277.557833714685
2025-04-25 07:00:00,16277.557833714685
2025-04-25 07:15:00,16277.557833714685
2025-04-25 07:30:00,16277.557833714685
2025-04-25 07:45:00,16277.557833714685
2025-04-25 08:00:00,16277.557833714685
2025-04-25 08:15:00,16277.557833714685
2025-04-25 08:30:00,16277.557833714685
2025-04-25 08:45:00,16277.557833714685
2025-04-25 09:00:00,16277.557833714685
2025-04-25 09:15:00,16277.557833714685
2025-04-25 09:30:00,16277.557833714685
2025-04-25 09:45:00,16277.557833714685
2025-04-25 10:00:00,16277.557833714685
2025-04-25 10:15:00,16277.557833714685
2025-04-25 10:30:00,16277.557833714685
2025-04-25 10:45:00,16277.557833714685
2025-04-25 11:00:00,16277.557833714685
2025-04-25 11:15:00,16277.557833714685
2025-04-25 11:30:00,16277.557833714685
2025-04-25 11:45:00,16277.557833714685
2025-04-25 12:00:00,16277.557833714685
2025-04-25 12:15:00,16277.557833714685
2025-04-25 12:30:00,16277.557833714685
2025-04-25 12:45:00,16277.557833714685
2025-04-25 13:00:00,16277.557833714685
2025-04-25 13:15:00,16277.557833714685
2025-04-25 13:30:00,16277.557833714685
2025-04-25 13:45:00,16277.557833714685
2025-04-25 14:00:00,16277.557833714685
2025-04-25 14:15:00,16277.557833714685
2025-04-25 14:30:00,16277.557833714685
2025-04-25 14:45:00,16277.557833714685
2025-04-25 15:00:00,16277.557833714685
2025-04-25 15:15:00,16277.557833714685
2025-04-25 15:30:00,16277.557833714685
2025-04-25 15:45:00,16277.557833714685
2025-04-25 16:00:00,16277.557833714685
2025-04-25 16:15:00,16277.557833714685
2025-04-25 16:30:00,16277.557833714685
2025-04-25 16:45:00,16277.557833714685
2025-04-25 17:00:00,16277.557833714685
2025-04-25 17:15:00,16277.557833714685
2025-04-25 17:30:00,16277.557833714685
2025-04-25 17:45:00,16277.557833714685
2025-04-25 18:00:00,16277.557833714685
2025-04-25 18:15:00,16277.557833714685
2025-04-25 18:30:00,16277.557833714685
2025-04-25 18:45:00,16277.557833714685
2025-04-25 19:00:00,16277.557833714685
2025-04-25 19:15:00,16277.557833714685
2025-04-25 19:30:00,16277.557833714685
2025-04-25 19:45:00,16277.557833714685
2025-04-25 20:00:00,16277.557833714685
2025-04-25 20:15:00,16277.557833714685
2025-04-25 20:30:00,16277.557833714685
2025-04-25 20:45:00,16277.557833714685
2025-04-25 21:00:00,16277.557833714685
2025-04-25 21:15:00,16277.557833714685
2025-04-25 21:30:00,16277.557833714685
2025-04-25 21:45:00,16277.557833714685
2025-04-25 22:00:00,16277.557833714685
2025-04-25 22:15:00,16277.557833714685
2025-04-25 22:30:00,16277.557833714685
2025-04-25 22:45:00,16277.557833714685
2025-04-25 23:00:00,16277.557833714685
2025-04-25 23:15:00,16277.557833714685
2025-04-25 23:30:00,16277.557833714685
2025-04-25 23:45:00,16277.557833714685
2025-04-28 00:00:00,16277.557833714685
2025-04-28 00:15:00,16277.557833714685
2025-04-28 00:30:00,16277.557833714685
2025-04-28 00:45:00,16277.557833714685
2025-04-28 01:00:00,16277.557833714685
2025-04-28 01:15:00,16277.557833714685
2025-04-28 01:30:00,16277.557833714685
2025-04-28 01:45:00,16277.557833714685
2025-04-28 02:00:00,16277.557833714685
2025-04-28 02:15:00,16277.557833714685
2025-04-28 02:30:00,16277.557833714685
2025-04-28 02:45:00,16277.557833714685
2025-04-28 03:00:00,16277.557833714685
2025-04-28 03:15:00,16277.557833714685
2025-04-28 03:30:00,16277.557833714685
2025-04-28 03:45:00,16277.557833714685
2025-04-28 04:00:00,16277.557833714685
2025-04-28 04:15:00,16277.557833714685
2025-04-28 04:30:00,16277.557833714685
2025-04-28 04:45:00,16277.557833714685
2025-04-28 05:00:00,16277.557833714685
2025-04-28 05:15:00,16277.557833714685
2025-04-28 05:30:00,16277.557833714685
2025-04-28 05:45:00,16277.557833714685
2025-04-28 06:00:00,16277.557833714685
2025-04-28 06:15:00,16277.557833714685
2025-04-28 06:30:00,16277.557833714685
2025-04-28 06:45:00,16277.557833714685
2025-04-28 07:00:00,16277.557833714685
2025-04-28 07:15:00,16277.557833714685
2025-04-28 07:30:00,16277.557833714685
2025-04-28 07:45:00,16277.557833714685
2025-04-28 08:00:00,16277.557833714685
2025-04-28 08:15:00,16277.557833714685
2025-04-28 08:30:00,16277.557833714685
2025-04-28 08:45:00,16277.557833714685
2025-04-28 09:00:00,16277.557833714685
2025-04-28 09:15:00,16277.557833714685
2025-04-28 09:30:00,16277.557833714685
2025-04-28 09:45:00,16277.557833714685
2025-04-28 10:00:00,16277.557833714685
2025-04-28 10:15:00,16277.557833714685
2025-04-28 10:30:00,16277.557833714685
2025-04-28 10:45:00,16277.557833714685
2025-04-28 11:00:00,16277.557833714685
2025-04-28 11:15:00,16277.557833714685
2025-04-28 11:30:00,16277.557833714685
2025-04-28 11:45:00,16277.557833714685
2025-04-28 12:00:00,16277.557833714685
2025-04-28 12:15:00,16277.557833714685
2025-04-28 12:30:00,16277.557833714685
2025-04-28 12:45:00,16277.557833714685
2025-04-28 13:00:00,16277.557833714685
2025-04-28 13:15:00,16277.557833714685
2025-04-28 13:30:00,16277.557833714685
2025-04-28 13:45:00,16277.557833714685
2025-04-28 14:00:00,16277.557833714685
2025-04-28 14:15:00,16277.557833714685
2025-04-28 14:30:00,16277.557833714685
2025-04-28 14:45:00,16277.557833714685
2025-04-28 15:00:00,16277.557833714685
2025-04-28 15:15:00,16277.557833714685
2025-04-28 15:30:00,16277.557833714685
2025-04-28 15:45:00,16277.557833714685
2025-04-28 16:00:00,16277.557833714685
2025-04-28 16:15:00,16277.557833714685
2025-04-28 16:30:00,16277.557833714685
2025-04-28 16:45:00,16277.557833714685
2025-04-28 17:00:00,16277.557833714685
2025-04-28 17:15:00,16277.557833714685
2025-04-28 17:30:00,16277.557833714685
2025-04-28 17:45:00,16277.557833714685
2025-04-28 18:00:00,16277.557833714685
2025-04-28 18:15:00,16277.557833714685
2025-04-28 18:30:00,16277.557833714685
2025-04-28 18:45:00,16277.557833714685
2025-04-28 19:00:00,16277.557833714685
2025-04-28 19:15:00,16277.557833714685
2025-04-28 19:30:00,16277.557833714685
2025-04-28 19:45:00,16277.557833714685
2025-04-28 20:00:00,16277.557833714685
2025-04-28 20:15:00,16277.557833714685
2025-04-28 20:30:00,16277.557833714685
2025-04-28 20:45:00,16277.557833714685
2025-04-28 21:00:00,16277.557833714685
2025-04-28 21:15:00,16277.557833714685
2025-04-28 21:30:00,16277.557833714685
2025-04-28 21:45:00,16277.557833714685
2025-04-28 22:00:00,16277.557833714685
2025-04-28 22:15:00,16277.557833714685
2025-04-28 22:30:00,16277.557833714685
2025-04-28 22:45:00,16277.557833714685
2025-04-28 23:00:00,16277.557833714685
2025-04-28 23:15:00,16277.557833714685
2025-04-28 23:30:00,16277.557833714685
2025-04-28 23:45:00,16277.557833714685
2025-04-29 00:00:00,16277.557833714685
2025-04-29 00:15:00,16277.557833714685
2025-04-29 00:30:00,16277.557833714685
2025-04-29 00:45:00,16277.557833714685
2025-04-29 01:00:00,16277.557833714685
2025-04-29 01:15:00,16277.557833714685
2025-04-29 01:30:00,16277.557833714685
2025-04-29 01:45:00,16277.557833714685
2025-04-29 02:00:00,16277.557833714685
2025-04-29 02:15:00,16277.557833714685
2025-04-29 02:30:00,16277.557833714685
2025-04-29 02:45:00,16277.557833714685
2025-04-29 03:00:00,16277.557833714685
2025-04-29 03:15:00,16277.557833714685
2025-04-29 03:30:00,16277.557833714685
2025-04-29 03:45:00,16277.557833714685
2025-04-29 04:00:00,16277.557833714685
2025-04-29 04:15:00,16277.557833714685
2025-04-29 04:30:00,16277.557833714685
2025-04-29 04:45:00,16277.557833714685
2025-04-29 05:00:00,16277.557833714685
2025-04-29 05:15:00,16277.557833714685
2025-04-29 05:30:00,16277.557833714685
2025-04-29 05:45:00,16277.557833714685
2025-04-29 06:00:00,16277.557833714685
2025-04-29 06:15:00,16277.557833714685
2025-04-29 06:30:00,16277.557833714685
2025-04-29 06:45:00,16277.557833714685
2025-04-29 07:00:00,16277.557833714685
2025-04-29 07:15:00,16277.557833714685
2025-04-29 07:30:00,16277.557833714685
2025-04-29 07:45:00,16277.557833714685
2025-04-29 08:00:00,16277.557833714685
2025-04-29 08:15:00,16277.557833714685
2025-04-29 08:30:00,16277.557833714685
2025-04-29 08:45:00,16277.557833714685
2025-04-29 09:00:00,16277.557833714685
2025-04-29 09:15:00,16277.557833714685
2025-04-29 09:30:00,16277.557833714685
2025-04-29 09:45:00,16277.557833714685
2025-04-29 10:00:00,16277.557833714685
2025-04-29 10:15:00,16277.557833714685
2025-04-29 10:30:00,16277.557833714685
2025-04-29 10:45:00,16277.557833714685
2025-04-29 11:00:00,16277.557833714685
2025-04-29 11:15:00,16277.557833714685
2025-04-29 11:30:00,16277.557833714685
2025-04-29 11:45:00,16277.557833714685
2025-04-29 12:00:00,16277.557833714685
2025-04-29 12:15:00,16277.557833714685
2025-04-29 12:30:00,16277.557833714685
2025-04-29 12:45:00,16277.557833714685
2025-04-29 13:00:00,16277.557833714685
2025-04-29 13:15:00,16277.557833714685
2025-04-29 13:30:00,16277.557833714685
2025-04-29 13:45:00,16277.557833714685
2025-04-29 14:00:00,16277.557833714685
2025-04-29 14:15:00,16277.557833714685
2025-04-29 14:30:00,16277.557833714685
2025-04-29 14:45:00,16277.557833714685
2025-04-29 15:00:00,16277.557833714685
2025-04-29 15:15:00,16277.557833714685
2025-04-29 15:30:00,16277.557833714685
2025-04-29 15:45:00,16277.557833714685
2025-04-29 16:00:00,16277.557833714685
2025-04-29 16:15:00,16277.557833714685
2025-04-29 16:30:00,16277.557833714685
2025-04-29 16:45:00,16277.557833714685
2025-04-29 17:00:00,16277.557833714685
2025-04-29 17:15:00,16277.557833714685
2025-04-29 17:30:00,16277.557833714685
2025-04-29 17:45:00,16277.557833714685
2025-04-29 18:00:00,16277.557833714685
2025-04-29 18:15:00,16277.557833714685
2025-04-29 18:30:00,16277.557833714685
2025-04-29 18:45:00,16277.557833714685
2025-04-29 19:00:00,16277.557833714685
2025-04-29 19:15:00,16277.557833714685
2025-04-29 19:30:00,16277.557833714685
2025-04-29 19:45:00,16277.557833714685
2025-04-29 20:00:00,16277.557833714685
2025-04-29 20:15:00,16277.557833714685
2025-04-29 20:30:00,16277.557833714685
2025-04-29 20:45:00,16277.557833714685
2025-04-29 21:00:00,16277.557833714685
2025-04-29 21:15:00,16277.557833714685
2025-04-29 21:30:00,16277.557833714685
2025-04-29 21:45:00,16277.557833714685
2025-04-29 22:00:00,16277.557833714685
2025-04-29 22:15:00,16277.557833714685
2025-04-29 22:30:00,16277.557833714685
2025-04-29 22:45:00,16277.557833714685
2025-04-29 23:00:00,16277.557833714685
2025-04-29 23:15:00,16277.557833714685
2025-04-29 23:30:00,16277.557833714685
2025-04-29 23:45:00,16277.557833714685
2025-04-30 00:00:00,16277.557833714685
2025-04-30 00:15:00,16277.557833714685
2025-04-30 00:30:00,16277.557833714685
2025-04-30 00:45:00,16277.557833714685
2025-04-30 01:00:00,16277.557833714685
2025-04-30 01:15:00,16277.557833714685
2025-04-30 01:30:00,16277.557833714685
2025-04-30 01:45:00,16277.557833714685
2025-04-30 02:00:00,16277.557833714685
2025-04-30 02:15:00,16277.557833714685
2025-04-30 02:30:00,16277.557833714685
2025-04-30 02:45:00,16277.557833714685
2025-04-30 03:00:00,16277.557833714685
2025-04-30 03:15:00,16277.557833714685
2025-04-30 03:30:00,16277.557833714685
2025-04-30 03:45:00,16277.557833714685
2025-04-30 04:00:00,16277.557833714685
2025-04-30 04:15:00,16277.557833714685
2025-04-30 04:30:00,16277.557833714685
2025-04-30 04:45:00,16277.557833714685
2025-04-30 05:00:00,16277.557833714685
2025-04-30 05:15:00,16277.557833714685
2025-04-30 05:30:00,16277.557833714685
2025-04-30 05:45:00,16277.557833714685
2025-04-30 06:00:00,16277.557833714685
2025-04-30 06:15:00,16277.557833714685
2025-04-30 06:30:00,16277.557833714685
2025-04-30 06:45:00,16277.557833714685
2025-04-30 07:00:00,16277.557833714685
2025-04-30 07:15:00,16277.557833714685
2025-04-30 07:30:00,16277.557833714685
2025-04-30 07:45:00,16277.557833714685
2025-04-30 08:00:00,16277.557833714685
2025-04-30 08:15:00,16277.557833714685
2025-04-30 08:30:00,16277.557833714685
2025-04-30 08:45:00,16277.557833714685
2025-04-30 09:00:00,16277.557833714685
2025-04-30 09:15:00,16277.557833714685
2025-04-30 09:30:00,16277.557833714685
2025-04-30 09:45:00,16277.557833714685
2025-04-30 10:00:00,16277.557833714685
2025-04-30 10:15:00,16277.557833714685
2025-04-30 10:30:00,16277.557833714685
2025-04-30 10:45:00,16277.557833714685
2025-04-30 11:00:00,16277.557833714685
2025-04-30 11:15:00,16277.557833714685
2025-04-30 11:30:00,16277.557833714685
2025-04-30 11:45:00,16277.557833714685
2025-04-30 12:00:00,16277.557833714685
2025-04-30 12:15:00,16277.557833714685
2025-04-30 12:30:00,16277.557833714685
2025-04-30 12:45:00,16277.557833714685
2025-04-30 13:00:00,16277.557833714685
2025-04-30 13:15:00,16277.557833714685
2025-04-30 13:30:00,16277.557833714685
2025-04-30 13:45:00,16277.557833714685
2025-04-30 14:00:00,16277.557833714685
2025-04-30 14:15:00,16277.557833714685
2025-04-30 14:30:00,16277.557833714685
2025-04-30 14:45:00,16277.557833714685
2025-04-30 15:00:00,16277.557833714685
2025-04-30 15:15:00,16277.557833714685
2025-04-30 15:30:00,16277.557833714685
2025-04-30 15:45:00,16277.557833714685
2025-04-30 16:00:00,16277.557833714685
2025-04-30 16:15:00,16277.557833714685
2025-04-30 16:30:00,16277.557833714685
2025-04-30 16:45:00,16277.557833714685
2025-04-30 17:00:00,16277.557833714685
2025-04-30 17:15:00,16277.557833714685
2025-04-30 17:30:00,16277.557833714685
2025-04-30 17:45:00,16277.557833714685
2025-04-30 18:00:00,16277.557833714685
2025-04-30 18:15:00,16277.557833714685
2025-04-30 18:30:00,16277.557833714685
2025-04-30 18:45:00,16277.557833714685
2025-04-30 19:00:00,16277.557833714685
2025-04-30 19:15:00,16277.557833714685
2025-04-30 19:30:00,16277.557833714685
2025-04-30 19:45:00,16277.557833714685
2025-04-30 20:00:00,16277.557833714685
2025-04-30 20:15:00,16277.557833714685
2025-04-30 20:30:00,16277.557833714685
2025-04-30 20:45:00,16277.557833714685
2025-04-30 21:00:00,16277.557833714685
2025-04-30 21:15:00,16277.557833714685
2025-04-30 21:30:00,16277.557833714685
2025-04-30 21:45:00,16277.557833714685
2025-04-30 22:00:00,16277.557833714685
2025-04-30 22:15:00,16277.557833714685
2025-04-30 22:30:00,16277.557833714685
2025-04-30 22:45:00,16277.557833714685
2025-04-30 23:00:00,16277.557833714685
2025-04-30 23:15:00,16277.557833714685
2025-04-30 23:30:00,16277.557833714685
2025-04-30 23:45:00,16277.557833714685
2025-05-01 00:00:00,16277.557833714685
2025-05-01 00:15:00,16277.557833714685
2025-05-01 00:30:00,16277.557833714685
2025-05-01 00:45:00,16277.557833714685
2025-05-01 01:00:00,16277.557833714685
2025-05-01 01:15:00,16277.557833714685
2025-05-01 01:30:00,16277.557833714685
2025-05-01 01:45:00,16277.557833714685
2025-05-01 02:00:00,16277.557833714685
2025-05-01 02:15:00,16277.557833714685
2025-05-01 02:30:00,16277.557833714685
2025-05-01 02:45:00,16277.557833714685
2025-05-01 03:00:00,16277.557833714685
2025-05-01 03:15:00,16277.557833714685
2025-05-01 03:30:00,16277.557833714685
2025-05-01 03:45:00,16277.557833714685
2025-05-01 04:00:00,16277.557833714685
2025-05-01 04:15:00,16277.557833714685
2025-05-01 04:30:00,16277.557833714685
2025-05-01 04:45:00,16277.557833714685
2025-05-01 05:00:00,16277.557833714685
2025-05-01 05:15:00,16277.557833714685
2025-05-01 05:30:00,16277.557833714685
2025-05-01 05:45:00,16277.557833714685
2025-05-01 06:00:00,16277.557833714685
2025-05-01 06:15:00,16277.557833714685
2025-05-01 06:30:00,16277.557833714685
2025-05-01 06:45:00,16277.557833714685
2025-05-01 07:00:00,16277.557833714685
2025-05-01 07:15:00,16277.557833714685
2025-05-01 07:30:00,16277.557833714685
2025-05-01 07:45:00,16277.557833714685
2025-05-01 08:00:00,16277.557833714685
2025-05-01 08:15:00,16277.557833714685
2025-05-01 08:30:00,16277.557833714685
2025-05-01 08:45:00,16277.557833714685
2025-05-01 09:00:00,16277.557833714685
2025-05-01 09:15:00,16277.557833714685
2025-05-01 09:30:00,16277.557833714685
2025-05-01 09:45:00,16277.557833714685
2025-05-01 10:00:00,16277.557833714685
2025-05-01 10:15:00,16277.557833714685
2025-05-01 10:30:00,16277.557833714685
2025-05-01 10:45:00,16277.557833714685
2025-05-01 11:00:00,16277.557833714685
2025-05-01 11:15:00,16277.557833714685
2025-05-01 11:30:00,16277.557833714685
2025-05-01 11:45:00,16277.557833714685
2025-05-01 12:00:00,16277.557833714685
2025-05-01 12:15:00,16277.557833714685
2025-05-01 12:30:00,16277.557833714685
2025-05-01 12:45:00,16277.557833714685
2025-05-01 13:00:00,16277.557833714685
2025-05-01 13:15:00,16277.557833714685
2025-05-01 13:30:00,16277.557833714685
2025-05-01 13:45:00,16277.557833714685
2025-05-01 14:00:00,16277.557833714685
2025-05-01 14:15:00,16277.557833714685
2025-05-01 14:30:00,16277.557833714685
2025-05-01 14:45:00,16277.557833714685
2025-05-01 15:00:00,16277.557833714685
2025-05-01 15:15:00,16277.557833714685
2025-05-01 15:30:00,16277.557833714685
2025-05-01 15:45:00,16277.557833714685
2025-05-01 16:00:00,16277.557833714685
2025-05-01 16:15:00,16277.557833714685
2025-05-01 16:30:00,16277.557833714685
2025-05-01 16:45:00,16277.557833714685
2025-05-01 17:00:00,16277.557833714685
2025-05-01 17:15:00,16277.557833714685
2025-05-01 17:30:00,16277.557833714685
2025-05-01 17:45:00,16277.557833714685
2025-05-01 18:00:00,16277.557833714685
2025-05-01 18:15:00,16277.557833714685
2025-05-01 18:30:00,16277.557833714685
2025-05-01 18:45:00,16277.557833714685
2025-05-01 19:00:00,16277.557833714685
2025-05-01 19:15:00,16277.557833714685
2025-05-01 19:30:00,16277.557833714685
2025-05-01 19:45:00,16277.557833714685
2025-05-01 20:00:00,16277.557833714685
2025-05-01 20:15:00,16277.557833714685
2025-05-01 20:30:00,16277.557833714685
2025-05-01 20:45:00,16277.557833714685
2025-05-01 21:00:00,16277.557833714685
2025-05-01 21:15:00,16277.557833714685
2025-05-01 21:30:00,16277.557833714685
2025-05-01 21:45:00,16277.557833714685
2025-05-01 22:00:00,16277.557833714685
2025-05-01 22:15:00,16277.557833714685
2025-05-01 22:30:00,16277.557833714685
2025-05-01 22:45:00,16277.557833714685
2025-05-01 23:00:00,16277.557833714685
2025-05-01 23:15:00,16277.557833714685
2025-05-01 23:30:00,16277.557833714685
2025-05-01 23:45:00,16277.557833714685
2025-05-02 00:00:00,16277.557833714685
2025-05-02 00:15:00,16277.557833714685
2025-05-02 00:30:00,16277.557833714685
2025-05-02 00:45:00,16277.557833714685
2025-05-02 01:00:00,16277.557833714685
2025-05-02 01:15:00,16277.557833714685
2025-05-02 01:30:00,16277.557833714685
2025-05-02 01:45:00,16277.557833714685
2025-05-02 02:00:00,16277.557833714685
2025-05-02 02:15:00,16277.557833714685
2025-05-02 02:30:00,16277.557833714685
2025-05-02 02:45:00,16277.557833714685
2025-05-02 03:00:00,16277.557833714685
2025-05-02 03:15:00,16277.557833714685
2025-05-02 03:30:00,16277.557833714685
2025-05-02 03:45:00,16277.557833714685
2025-05-02 04:00:00,16277.557833714685
2025-05-02 04:15:00,16277.557833714685
2025-05-02 04:30:00,16277.557833714685
2025-05-02 04:45:00,16277.557833714685
2025-05-02 05:00:00,16277.557833714685
2025-05-02 05:15:00,16277.557833714685
2025-05-02 05:30:00,16277.557833714685
2025-05-02 05:45:00,16277.557833714685
2025-05-02 06:00:00,16277.557833714685
2025-05-02 06:15:00,16277.557833714685
2025-05-02 06:30:00,16277.557833714685
2025-05-02 06:45:00,16277.557833714685
2025-05-02 07:00:00,16277.557833714685
2025-05-02 07:15:00,16277.557833714685
2025-05-02 07:30:00,16277.557833714685
2025-05-02 07:45:00,16277.557833714685
2025-05-02 08:00:00,16277.557833714685
2025-05-02 08:15:00,16277.557833714685
2025-05-02 08:30:00,16277.557833714685
2025-05-02 08:45:00,16277.557833714685
2025-05-02 09:00:00,16277.557833714685
2025-05-02 09:15:00,16277.557833714685
2025-05-02 09:30:00,16277.557833714685
2025-05-02 09:45:00,16277.557833714685
2025-05-02 10:00:00,16277.557833714685
2025-05-02 10:15:00,16277.557833714685
2025-05-02 10:30:00,16277.557833714685
2025-05-02 10:45:00,16277.557833714685
2025-05-02 11:00:00,16277.557833714685
2025-05-02 11:15:00,16277.557833714685
2025-05-02 11:30:00,16277.557833714685
2025-05-02 11:45:00,16277.557833714685
2025-05-02 12:00:00,16277.557833714685
2025-05-02 12:15:00,16277.557833714685
2025-05-02 12:30:00,16277.557833714685
2025-05-02 12:45:00,16277.557833714685
2025-05-02 13:00:00,16277.557833714685
2025-05-02 13:15:00,16277.557833714685
2025-05-02 13:30:00,16277.557833714685
2025-05-02 13:45:00,16277.557833714685
2025-05-02 14:00:00,16277.557833714685
2025-05-02 14:15:00,16277.557833714685
2025-05-02 14:30:00,16277.557833714685
2025-05-02 14:45:00,16277.557833714685
2025-05-02 15:00:00,16277.557833714685
2025-05-02 15:15:00,16277.557833714685
2025-05-02 15:30:00,16277.557833714685
2025-05-02 15:45:00,16277.557833714685
2025-05-02 16:00:00,16277.557833714685
2025-05-02 16:15:00,16277.557833714685
2025-05-02 16:30:00,16277.557833714685
2025-05-02 16:45:00,16277.557833714685
2025-05-02 17:00:00,16277.557833714685
2025-05-02 17:15:00,16277.557833714685
2025-05-02 17:30:00,16277.557833714685
2025-05-02 17:45:00,16277.557833714685
2025-05-02 18:00:00,16277.557833714685
2025-05-02 18:15:00,16277.557833714685
2025-05-02 18:30:00,16277.557833714685
2025-05-02 18:45:00,16277.557833714685
2025-05-02 19:00:00,16277.557833714685
2025-05-02 19:15:00,16277.557833714685
2025-05-02 19:30:00,16277.557833714685
2025-05-02 19:45:00,16277.557833714685
2025-05-02 20:00:00,16277.557833714685
2025-05-02 20:15:00,16277.557833714685
2025-05-02 20:30:00,16277.557833714685
2025-05-02 20:45:00,16277.557833714685
2025-05-02 21:00:00,16277.557833714685
2025-05-02 21:15:00,16277.557833714685
2025-05-02 21:30:00,16277.557833714685
2025-05-02 21:45:00,16277.557833714685
2025-05-02 22:00:00,16277.557833714685
2025-05-02 22:15:00,16277.557833714685
2025-05-02 22:30:00,16277.557833714685
2025-05-02 22:45:00,16277.557833714685
2025-05-02 23:00:00,16277.557833714685
2025-05-02 23:15:00,16277.557833714685
2025-05-02 23:30:00,16277.557833714685
2025-05-02 23:45:00,16277.557833714685
2025-05-05 00:00:00,16277.557833714685
2025-05-05 00:15:00,16277.557833714685
2025-05-05 00:30:00,16277.557833714685
2025-05-05 00:45:00,16277.557833714685
2025-05-05 01:00:00,16277.557833714685
2025-05-05 01:15:00,16277.557833714685
2025-05-05 01:30:00,16277.557833714685
2025-05-05 01:45:00,16277.557833714685
2025-05-05 02:00:00,16277.557833714685
2025-05-05 02:15:00,16277.557833714685
2025-05-05 02:30:00,16277.557833714685
2025-05-05 02:45:00,16277.557833714685
2025-05-05 03:00:00,16277.557833714685
2025-05-05 03:15:00,16277.557833714685
2025-05-05 03:30:00,16277.557833714685
2025-05-05 03:45:00,16277.557833714685
2025-05-05 04:00:00,16277.557833714685
2025-05-05 04:15:00,16277.557833714685
2025-05-05 04:30:00,16277.557833714685
2025-05-05 04:45:00,16277.557833714685
2025-05-05 05:00:00,16277.557833714685
2025-05-05 05:15:00,16277.557833714685
2025-05-05 05:30:00,16277.557833714685
2025-05-05 05:45:00,16277.557833714685
2025-05-05 06:00:00,16277.557833714685
2025-05-05 06:15:00,16277.557833714685
2025-05-05 06:30:00,16277.557833714685
2025-05-05 06:45:00,16277.557833714685
2025-05-05 07:00:00,16277.557833714685
2025-05-05 07:15:00,16277.557833714685
2025-05-05 07:30:00,16277.557833714685
2025-05-05 07:45:00,16277.557833714685
2025-05-05 08:00:00,16277.557833714685
2025-05-05 08:15:00,16277.557833714685
2025-05-05 08:30:00,16277.557833714685
2025-05-05 08:45:00,16277.557833714685
2025-05-05 09:00:00,16277.557833714685
2025-05-05 09:15:00,16277.557833714685
2025-05-05 09:30:00,16277.557833714685
2025-05-05 09:45:00,16277.557833714685
2025-05-05 10:00:00,16277.557833714685
2025-05-05 10:15:00,16277.557833714685
2025-05-05 10:30:00,16277.557833714685
2025-05-05 10:45:00,16277.557833714685
2025-05-05 11:00:00,16277.557833714685
2025-05-05 11:15:00,16277.557833714685
2025-05-05 11:30:00,16277.557833714685
2025-05-05 11:45:00,16277.557833714685
2025-05-05 12:00:00,16277.557833714685
2025-05-05 12:15:00,16277.557833714685
2025-05-05 12:30:00,16277.557833714685
2025-05-05 12:45:00,16277.557833714685
2025-05-05 13:00:00,16277.557833714685
2025-05-05 13:15:00,16277.557833714685
2025-05-05 13:30:00,16277.557833714685
2025-05-05 13:45:00,16277.557833714685
2025-05-05 14:00:00,16277.557833714685
2025-05-05 14:15:00,16277.557833714685
2025-05-05 14:30:00,16277.557833714685
2025-05-05 14:45:00,16277.557833714685
2025-05-05 15:00:00,16277.557833714685
2025-05-05 15:15:00,16277.557833714685
2025-05-05 15:30:00,16277.557833714685
2025-05-05 15:45:00,16277.557833714685
2025-05-05 16:00:00,16277.557833714685
2025-05-05 16:15:00,16277.557833714685
2025-05-05 16:30:00,16277.557833714685
2025-05-05 16:45:00,16277.557833714685
2025-05-05 17:00:00,16277.557833714685
2025-05-05 17:15:00,16277.557833714685
2025-05-05 17:30:00,16277.557833714685
2025-05-05 17:45:00,16277.557833714685
2025-05-05 18:00:00,16277.557833714685
2025-05-05 18:15:00,16277.557833714685
2025-05-05 18:30:00,16277.557833714685
2025-05-05 18:45:00,16277.557833714685
2025-05-05 19:00:00,16277.557833714685
2025-05-05 19:15:00,16277.557833714685
2025-05-05 19:30:00,16277.557833714685
2025-05-05 19:45:00,16277.557833714685
2025-05-05 20:00:00,16277.557833714685
2025-05-05 20:15:00,16277.557833714685
2025-05-05 20:30:00,16277.557833714685
2025-05-05 20:45:00,16277.557833714685
2025-05-05 21:00:00,16277.557833714685
2025-05-05 21:15:00,16277.557833714685
2025-05-05 21:30:00,16277.557833714685
2025-05-05 21:45:00,16277.557833714685
2025-05-05 22:00:00,16277.557833714685
2025-05-05 22:15:00,16277.557833714685
2025-05-05 22:30:00,16277.557833714685
2025-05-05 22:45:00,16277.557833714685
2025-05-05 23:00:00,16277.557833714685
2025-05-05 23:15:00,16277.557833714685
2025-05-05 23:30:00,16277.557833714685
2025-05-05 23:45:00,16277.557833714685
2025-05-06 00:00:00,16277.557833714685
2025-05-06 00:15:00,16277.557833714685
2025-05-06 00:30:00,16277.557833714685
2025-05-06 00:45:00,16277.557833714685
2025-05-06 01:00:00,16277.557833714685
2025-05-06 01:15:00,16277.557833714685
2025-05-06 01:30:00,16277.557833714685
2025-05-06 01:45:00,16277.557833714685
2025-05-06 02:00:00,16277.557833714685
2025-05-06 02:15:00,16277.557833714685
2025-05-06 02:30:00,16277.557833714685
2025-05-06 02:45:00,16277.557833714685
2025-05-06 03:00:00,16277.557833714685
2025-05-06 03:15:00,16277.557833714685
2025-05-06 03:30:00,16277.557833714685
2025-05-06 03:45:00,16277.557833714685
2025-05-06 04:00:00,16277.557833714685
2025-05-06 04:15:00,16277.557833714685
2025-05-06 04:30:00,16277.557833714685
2025-05-06 04:45:00,16277.557833714685
2025-05-06 05:00:00,16277.557833714685
2025-05-06 05:15:00,16277.557833714685
2025-05-06 05:30:00,16277.557833714685
2025-05-06 05:45:00,16277.557833714685
2025-05-06 06:00:00,16277.557833714685
2025-05-06 06:15:00,16277.557833714685
2025-05-06 06:30:00,16277.557833714685
2025-05-06 06:45:00,16277.557833714685
2025-05-06 07:00:00,16277.557833714685
2025-05-06 07:15:00,16277.557833714685
2025-05-06 07:30:00,16277.557833714685
2025-05-06 07:45:00,16277.557833714685
2025-05-06 08:00:00,16277.557833714685
2025-05-06 08:15:00,16277.557833714685
2025-05-06 08:30:00,16277.557833714685
2025-05-06 08:45:00,16277.557833714685
2025-05-06 09:00:00,16277.557833714685
2025-05-06 09:15:00,16277.557833714685
2025-05-06 09:30:00,16277.557833714685
2025-05-06 09:45:00,16277.557833714685
2025-05-06 10:00:00,16277.557833714685
2025-05-06 10:15:00,16277.557833714685
2025-05-06 10:30:00,16277.557833714685
2025-05-06 10:45:00,16277.557833714685
2025-05-06 11:00:00,16277.557833714685
2025-05-06 11:15:00,16277.557833714685
2025-05-06 11:30:00,16277.557833714685
2025-05-06 11:45:00,16277.557833714685
2025-05-06 12:00:00,16277.557833714685
2025-05-06 12:15:00,16277.557833714685
2025-05-06 12:30:00,16277.557833714685
2025-05-06 12:45:00,16277.557833714685
2025-05-06 13:00:00,16277.557833714685
2025-05-06 13:15:00,16277.557833714685
2025-05-06 13:30:00,16277.557833714685
2025-05-06 13:45:00,16277.557833714685
2025-05-06 14:00:00,16277.557833714685
2025-05-06 14:15:00,16277.557833714685
2025-05-06 14:30:00,16277.557833714685
2025-05-06 14:45:00,16277.557833714685
2025-05-06 15:00:00,16277.557833714685
2025-05-06 15:15:00,16277.557833714685
2025-05-06 15:30:00,16277.557833714685
2025-05-06 15:45:00,16277.557833714685
2025-05-06 16:00:00,16277.557833714685
2025-05-06 16:15:00,16277.557833714685
2025-05-06 16:30:00,16277.557833714685
2025-05-06 16:45:00,16277.557833714685
2025-05-06 17:00:00,16277.557833714685
2025-05-06 17:15:00,16277.557833714685
2025-05-06 17:30:00,16277.557833714685
2025-05-06 17:45:00,16277.557833714685
2025-05-06 18:00:00,16277.557833714685
2025-05-06 18:15:00,16277.557833714685
2025-05-06 18:30:00,16277.557833714685
2025-05-06 18:45:00,16277.557833714685
2025-05-06 19:00:00,16277.557833714685
2025-05-06 19:15:00,16277.557833714685
2025-05-06 19:30:00,16277.557833714685
2025-05-06 19:45:00,16277.557833714685
2025-05-06 20:00:00,16277.557833714685
2025-05-06 20:15:00,16277.557833714685
2025-05-06 20:30:00,16277.557833714685
2025-05-06 20:45:00,16277.557833714685
2025-05-06 21:00:00,16277.557833714685
2025-05-06 21:15:00,16277.557833714685
2025-05-06 21:30:00,16277.557833714685
2025-05-06 21:45:00,16277.557833714685
2025-05-06 22:00:00,16277.557833714685
2025-05-06 22:15:00,16277.557833714685
2025-05-06 22:30:00,16277.557833714685
2025-05-06 22:45:00,16277.557833714685
2025-05-06 23:00:00,16277.557833714685
2025-05-06 23:15:00,16277.557833714685
2025-05-06 23:30:00,16277.557833714685
2025-05-06 23:45:00,16277.557833714685
2025-05-07 00:00:00,16277.557833714685
2025-05-07 00:15:00,16277.557833714685
2025-05-07 00:30:00,16277.557833714685
2025-05-07 00:45:00,16277.557833714685
2025-05-07 01:00:00,16277.557833714685
2025-05-07 01:15:00,16277.557833714685
2025-05-07 01:30:00,16277.557833714685
2025-05-07 01:45:00,16277.557833714685
2025-05-07 02:00:00,16277.557833714685
2025-05-07 02:15:00,16277.557833714685
2025-05-07 02:30:00,16277.557833714685
2025-05-07 02:45:00,16277.557833714685
2025-05-07 03:00:00,16277.557833714685
2025-05-07 03:15:00,16277.557833714685
2025-05-07 03:30:00,16277.557833714685
2025-05-07 03:45:00,16277.557833714685
2025-05-07 04:00:00,16277.557833714685
2025-05-07 04:15:00,16277.557833714685
2025-05-07 04:30:00,16277.557833714685
2025-05-07 04:45:00,16277.557833714685
2025-05-07 05:00:00,16277.557833714685
2025-05-07 05:15:00,16277.557833714685
2025-05-07 05:30:00,16277.557833714685
2025-05-07 05:45:00,16277.557833714685
2025-05-07 06:00:00,16277.557833714685
2025-05-07 06:15:00,16277.557833714685
2025-05-07 06:30:00,16277.557833714685
2025-05-07 06:45:00,16277.557833714685
2025-05-07 07:00:00,16277.557833714685
2025-05-07 07:15:00,16277.557833714685
2025-05-07 07:30:00,16277.557833714685
2025-05-07 07:45:00,16277.557833714685
2025-05-07 08:00:00,16277.557833714685
2025-05-07 08:15:00,16277.557833714685
2025-05-07 08:30:00,16277.557833714685
2025-05-07 08:45:00,16277.557833714685
2025-05-07 09:00:00,16277.557833714685
2025-05-07 09:15:00,16277.557833714685
2025-05-07 09:30:00,16277.557833714685
2025-05-07 09:45:00,16277.557833714685
2025-05-07 10:00:00,16277.557833714685
2025-05-07 10:15:00,16277.557833714685
2025-05-07 10:30:00,16277.557833714685
2025-05-07 10:45:00,16277.557833714685
2025-05-07 11:00:00,16277.557833714685
2025-05-07 11:15:00,16277.557833714685
2025-05-07 11:30:00,16277.557833714685
2025-05-07 11:45:00,16277.557833714685
2025-05-07 12:00:00,16277.557833714685
2025-05-07 12:15:00,16277.557833714685
2025-05-07 12:30:00,16277.557833714685
2025-05-07 12:45:00,16277.557833714685
2025-05-07 13:00:00,16277.557833714685
2025-05-07 13:15:00,16277.557833714685
2025-05-07 13:30:00,16277.557833714685
2025-05-07 13:45:00,16277.557833714685
2025-05-07 14:00:00,16277.557833714685
2025-05-07 14:15:00,16277.557833714685
2025-05-07 14:30:00,16277.557833714685
2025-05-07 14:45:00,16277.557833714685
2025-05-07 15:00:00,16277.557833714685
2025-05-07 15:15:00,16277.557833714685
2025-05-07 15:30:00,16277.557833714685
2025-05-07 15:45:00,16277.557833714685
2025-05-07 16:00:00,16277.557833714685
2025-05-07 16:15:00,16277.557833714685
2025-05-07 16:30:00,16277.557833714685
2025-05-07 16:45:00,16277.557833714685
2025-05-07 17:00:00,16277.557833714685
2025-05-07 17:15:00,16277.557833714685
2025-05-07 17:30:00,16277.557833714685
2025-05-07 17:45:00,16277.557833714685
2025-05-07 18:00:00,16277.557833714685
2025-05-07 18:15:00,16277.557833714685
2025-05-07 18:30:00,16277.557833714685
2025-05-07 18:45:00,16277.557833714685
2025-05-07 19:00:00,16277.557833714685
2025-05-07 19:15:00,16277.557833714685
2025-05-07 19:30:00,16277.557833714685
2025-05-07 19:45:00,16277.557833714685
2025-05-07 20:00:00,16277.557833714685
2025-05-07 20:15:00,16277.557833714685
2025-05-07 20:30:00,16277.557833714685
2025-05-07 20:45:00,16277.557833714685
2025-05-07 21:00:00,16277.557833714685
2025-05-07 21:15:00,16277.557833714685
2025-05-07 21:30:00,16277.557833714685
2025-05-07 21:45:00,16277.557833714685
2025-05-07 22:00:00,16277.557833714685
2025-05-07 22:15:00,16277.557833714685
2025-05-07 22:30:00,16277.557833714685
2025-05-07 22:45:00,16277.557833714685
2025-05-07 23:00:00,16277.557833714685
2025-05-07 23:15:00,16277.557833714685
2025-05-07 23:30:00,16277.557833714685
2025-05-07 23:45:00,16277.557833714685
2025-05-08 00:00:00,16277.557833714685
2025-05-08 00:15:00,16277.557833714685
2025-05-08 00:30:00,16277.557833714685
2025-05-08 00:45:00,16277.557833714685
2025-05-08 01:00:00,16277.557833714685
2025-05-08 01:15:00,16277.557833714685
2025-05-08 01:30:00,16277.557833714685
2025-05-08 01:45:00,16277.557833714685
2025-05-08 02:00:00,16277.557833714685
2025-05-08 02:15:00,16277.557833714685
2025-05-08 02:30:00,16277.557833714685
2025-05-08 02:45:00,16277.557833714685
2025-05-08 03:00:00,16277.557833714685
2025-05-08 03:15:00,16277.557833714685
2025-05-08 03:30:00,16277.557833714685
2025-05-08 03:45:00,16277.557833714685
2025-05-08 04:00:00,16277.557833714685
2025-05-08 04:15:00,16277.557833714685
2025-05-08 04:30:00,16277.557833714685
2025-05-08 04:45:00,16277.557833714685
2025-05-08 05:00:00,16277.557833714685
2025-05-08 05:15:00,16277.557833714685
2025-05-08 05:30:00,16277.557833714685
2025-05-08 05:45:00,16277.557833714685
2025-05-08 06:00:00,16277.557833714685
2025-05-08 06:15:00,16277.557833714685
2025-05-08 06:30:00,16277.557833714685
2025-05-08 06:45:00,16277.557833714685
2025-05-08 07:00:00,16277.557833714685
2025-05-08 07:15:00,16277.557833714685
2025-05-08 07:30:00,16277.557833714685
2025-05-08 07:45:00,16277.557833714685
2025-05-08 08:00:00,16277.557833714685
2025-05-08 08:15:00,16277.557833714685
2025-05-08 08:30:00,16277.557833714685
2025-05-08 08:45:00,16277.557833714685
2025-05-08 09:00:00,16277.557833714685
2025-05-08 09:15:00,16277.557833714685
2025-05-08 09:30:00,16277.557833714685
2025-05-08 09:45:00,16277.557833714685
2025-05-08 10:00:00,16277.557833714685
2025-05-08 10:15:00,16277.557833714685
2025-05-08 10:30:00,16277.557833714685
2025-05-08 10:45:00,16277.557833714685
2025-05-08 11:00:00,16277.557833714685
2025-05-08 11:15:00,16277.557833714685
2025-05-08 11:30:00,16277.557833714685
2025-05-08 11:45:00,16277.557833714685
2025-05-08 12:00:00,16277.557833714685
2025-05-08 12:15:00,16277.557833714685
2025-05-08 12:30:00,16277.557833714685
2025-05-08 12:45:00,16277.557833714685
2025-05-08 13:00:00,16277.557833714685
2025-05-08 13:15:00,16277.557833714685
2025-05-08 13:30:00,16277.557833714685
2025-05-08 13:45:00,16277.557833714685
2025-05-08 14:00:00,16277.557833714685
2025-05-08 14:15:00,16277.557833714685
2025-05-08 14:30:00,16277.557833714685
2025-05-08 14:45:00,16277.557833714685
2025-05-08 15:00:00,16277.557833714685
2025-05-08 15:15:00,16277.557833714685
2025-05-08 15:30:00,16277.557833714685
2025-05-08 15:45:00,16277.557833714685
2025-05-08 16:00:00,16277.557833714685
2025-05-08 16:15:00,16277.557833714685
2025-05-08 16:30:00,16277.557833714685
2025-05-08 16:45:00,16277.557833714685
2025-05-08 17:00:00,16277.557833714685
2025-05-08 17:15:00,16277.557833714685
2025-05-08 17:30:00,16277.557833714685
2025-05-08 17:45:00,16277.557833714685
2025-05-08 18:00:00,16277.557833714685
2025-05-08 18:15:00,16277.557833714685
2025-05-08 18:30:00,16277.557833714685
2025-05-08 18:45:00,16277.557833714685
2025-05-08 19:00:00,16277.557833714685
2025-05-08 19:15:00,16277.557833714685
2025-05-08 19:30:00,16277.557833714685
2025-05-08 19:45:00,16277.557833714685
2025-05-08 20:00:00,16277.557833714685
2025-05-08 20:15:00,16277.557833714685
2025-05-08 20:30:00,16277.557833714685
2025-05-08 20:45:00,16277.557833714685
2025-05-08 21:00:00,16277.557833714685
2025-05-08 21:15:00,16277.557833714685
2025-05-08 21:30:00,16277.557833714685
2025-05-08 21:45:00,16277.557833714685
2025-05-08 22:00:00,16277.557833714685
2025-05-08 22:15:00,16277.557833714685
2025-05-08 22:30:00,16277.557833714685
2025-05-08 22:45:00,16277.557833714685
2025-05-08 23:00:00,16277.557833714685
2025-05-08 23:15:00,16277.557833714685
2025-05-08 23:30:00,16277.557833714685
2025-05-08 23:45:00,16277.557833714685
2025-05-09 00:00:00,16277.557833714685
2025-05-09 00:15:00,16277.557833714685
2025-05-09 00:30:00,16277.557833714685
2025-05-09 00:45:00,16277.557833714685
2025-05-09 01:00:00,16277.557833714685
2025-05-09 01:15:00,16277.557833714685
2025-05-09 01:30:00,16277.557833714685
2025-05-09 01:45:00,16277.557833714685
2025-05-09 02:00:00,16277.557833714685
2025-05-09 02:15:00,16277.557833714685
2025-05-09 02:30:00,16277.557833714685
2025-05-09 02:45:00,16277.557833714685
2025-05-09 03:00:00,16277.557833714685
2025-05-09 03:15:00,16277.557833714685
2025-05-09 03:30:00,16277.557833714685
2025-05-09 03:45:00,16277.557833714685
2025-05-09 04:00:00,16277.557833714685
2025-05-09 04:15:00,16277.557833714685
2025-05-09 04:30:00,16277.557833714685
2025-05-09 04:45:00,16277.557833714685
2025-05-09 05:00:00,16277.557833714685
2025-05-09 05:15:00,16277.557833714685
2025-05-09 05:30:00,16277.557833714685
2025-05-09 05:45:00,16277.557833714685
2025-05-09 06:00:00,16277.557833714685
2025-05-09 06:15:00,16277.557833714685
2025-05-09 06:30:00,16277.557833714685
2025-05-09 06:45:00,16277.557833714685
2025-05-09 07:00:00,16277.557833714685
2025-05-09 07:15:00,16277.557833714685
2025-05-09 07:30:00,16277.557833714685
2025-05-09 07:45:00,16277.557833714685
2025-05-09 08:00:00,16277.557833714685
2025-05-09 08:15:00,16277.557833714685
2025-05-09 08:30:00,16277.557833714685
2025-05-09 08:45:00,16277.557833714685
2025-05-09 09:00:00,16277.557833714685
2025-05-09 09:15:00,16277.557833714685
2025-05-09 09:30:00,16277.557833714685
2025-05-09 09:45:00,16277.557833714685
2025-05-09 10:00:00,16277.557833714685
2025-05-09 10:15:00,16277.557833714685
2025-05-09 10:30:00,16277.557833714685
2025-05-09 10:45:00,16277.557833714685
2025-05-09 11:00:00,16277.557833714685
2025-05-09 11:15:00,16277.557833714685
2025-05-09 11:30:00,16277.557833714685
2025-05-09 11:45:00,16277.557833714685
2025-05-09 12:00:00,16277.557833714685
2025-05-09 12:15:00,16277.557833714685
2025-05-09 12:30:00,16277.557833714685
2025-05-09 12:45:00,16277.557833714685
2025-05-09 13:00:00,16277.557833714685
2025-05-09 13:15:00,16277.557833714685
2025-05-09 13:30:00,16277.557833714685
2025-05-09 13:45:00,16277.557833714685
2025-05-09 14:00:00,16277.557833714685
2025-05-09 14:15:00,16277.557833714685
2025-05-09 14:30:00,16277.557833714685
2025-05-09 14:45:00,16277.557833714685
2025-05-09 15:00:00,16277.557833714685
2025-05-09 15:15:00,16277.557833714685
2025-05-09 15:30:00,16277.557833714685
2025-05-09 15:45:00,16277.557833714685
2025-05-09 16:00:00,16277.557833714685
2025-05-09 16:15:00,16277.557833714685
2025-05-09 16:30:00,16277.557833714685
2025-05-09 16:45:00,16277.557833714685
2025-05-09 17:00:00,16277.557833714685
2025-05-09 17:15:00,16277.557833714685
2025-05-09 17:30:00,16277.557833714685
2025-05-09 17:45:00,16277.557833714685
2025-05-09 18:00:00,16277.557833714685
2025-05-09 18:15:00,16277.557833714685
2025-05-09 18:30:00,16277.557833714685
2025-05-09 18:45:00,16277.557833714685
2025-05-09 19:00:00,16277.557833714685
2025-05-09 19:15:00,16277.557833714685
2025-05-09 19:30:00,16277.557833714685
2025-05-09 19:45:00,16277.557833714685
2025-05-09 20:00:00,16277.557833714685
2025-05-09 20:15:00,16277.557833714685
2025-05-09 20:30:00,16277.557833714685
2025-05-09 20:45:00,16277.557833714685
2025-05-09 21:00:00,16277.557833714685
2025-05-09 21:15:00,16277.557833714685
2025-05-09 21:30:00,16277.557833714685
2025-05-09 21:45:00,16277.557833714685
2025-05-09 22:00:00,16277.557833714685
2025-05-09 22:15:00,16277.557833714685
2025-05-09 22:30:00,16277.557833714685
2025-05-09 22:45:00,16277.557833714685
2025-05-09 23:00:00,16277.557833714685
2025-05-09 23:15:00,16277.557833714685
2025-05-09 23:30:00,16277.557833714685
2025-05-09 23:45:00,16277.557833714685
2025-05-12 00:00:00,16277.557833714685
2025-05-12 00:15:00,16277.557833714685
2025-05-12 00:30:00,16277.557833714685
2025-05-12 00:45:00,16277.557833714685
2025-05-12 01:00:00,16277.557833714685
2025-05-12 01:15:00,16277.557833714685
2025-05-12 01:30:00,16277.557833714685
2025-05-12 01:45:00,16277.557833714685
2025-05-12 02:00:00,16277.557833714685
2025-05-12 02:15:00,16277.557833714685
2025-05-12 02:30:00,16277.557833714685
2025-05-12 02:45:00,16277.557833714685
2025-05-12 03:00:00,16277.557833714685
2025-05-12 03:15:00,16277.557833714685
2025-05-12 03:30:00,16277.557833714685
2025-05-12 03:45:00,16277.557833714685
2025-05-12 04:00:00,16277.557833714685
2025-05-12 04:15:00,16277.557833714685
2025-05-12 04:30:00,16277.557833714685
2025-05-12 04:45:00,16277.557833714685
2025-05-12 05:00:00,16277.557833714685
2025-05-12 05:15:00,16277.557833714685
2025-05-12 05:30:00,16277.557833714685
2025-05-12 05:45:00,16277.557833714685
2025-05-12 06:00:00,16277.557833714685
2025-05-12 06:15:00,16277.557833714685
2025-05-12 06:30:00,16277.557833714685
2025-05-12 06:45:00,16277.557833714685
2025-05-12 07:00:00,16277.557833714685
2025-05-12 07:15:00,16277.557833714685
2025-05-12 07:30:00,16277.557833714685
2025-05-12 07:45:00,16277.557833714685
2025-05-12 08:00:00,16277.557833714685
2025-05-12 08:15:00,16277.557833714685
2025-05-12 08:30:00,16277.557833714685
2025-05-12 08:45:00,16277.557833714685
2025-05-12 09:00:00,16277.557833714685
2025-05-12 09:15:00,16277.557833714685
2025-05-12 09:30:00,16277.557833714685
2025-05-12 09:45:00,16277.557833714685
2025-05-12 10:00:00,16277.557833714685
2025-05-12 10:15:00,16277.557833714685
2025-05-12 10:30:00,16277.557833714685
2025-05-12 10:45:00,16277.557833714685
2025-05-12 11:00:00,16277.557833714685
2025-05-12 11:15:00,16277.557833714685
2025-05-12 11:30:00,16277.557833714685
2025-05-12 11:45:00,16277.557833714685
2025-05-12 12:00:00,16277.557833714685
2025-05-12 12:15:00,16277.557833714685
2025-05-12 12:30:00,16277.557833714685
2025-05-12 12:45:00,16277.557833714685
2025-05-12 13:00:00,16277.557833714685
2025-05-12 13:15:00,16277.557833714685
2025-05-12 13:30:00,16277.557833714685
2025-05-12 13:45:00,16277.557833714685
2025-05-12 14:00:00,16277.557833714685
2025-05-12 14:15:00,16277.557833714685
2025-05-12 14:30:00,16277.557833714685
2025-05-12 14:45:00,16277.557833714685
2025-05-12 15:00:00,16277.557833714685
2025-05-12 15:15:00,16277.557833714685
2025-05-12 15:30:00,16277.557833714685
2025-05-12 15:45:00,16277.557833714685
2025-05-12 16:00:00,16277.557833714685
2025-05-12 16:15:00,16277.557833714685
2025-05-12 16:30:00,16277.557833714685
2025-05-12 16:45:00,16277.557833714685
2025-05-12 17:00:00,16277.557833714685
2025-05-12 17:15:00,16277.557833714685
2025-05-12 17:30:00,16277.557833714685
2025-05-12 17:45:00,16277.557833714685
2025-05-12 18:00:00,16277.557833714685
2025-05-12 18:15:00,16277.557833714685
2025-05-12 18:30:00,16277.557833714685
2025-05-12 18:45:00,16277.557833714685
2025-05-12 19:00:00,16277.557833714685
2025-05-12 19:15:00,16277.557833714685
2025-05-12 19:30:00,16277.557833714685
2025-05-12 19:45:00,16277.557833714685
2025-05-12 20:00:00,16277.557833714685
2025-05-12 20:15:00,16277.557833714685
2025-05-12 20:30:00,16277.557833714685
2025-05-12 20:45:00,16277.557833714685
2025-05-12 21:00:00,16277.557833714685
2025-05-12 21:15:00,16277.557833714685
2025-05-12 21:30:00,16277.557833714685
2025-05-12 21:45:00,16277.557833714685
2025-05-12 22:00:00,16277.557833714685
2025-05-12 22:15:00,16277.557833714685
2025-05-12 22:30:00,16277.557833714685
2025-05-12 22:45:00,16277.557833714685
2025-05-12 23:00:00,16277.557833714685
2025-05-12 23:15:00,16277.557833714685
2025-05-12 23:30:00,16277.557833714685
2025-05-12 23:45:00,16277.557833714685
2025-05-13 00:00:00,16277.557833714685
2025-05-13 00:15:00,16277.557833714685
2025-05-13 00:30:00,16277.557833714685
2025-05-13 00:45:00,16277.557833714685
2025-05-13 01:00:00,16277.557833714685
2025-05-13 01:15:00,16277.557833714685
2025-05-13 01:30:00,16277.557833714685
2025-05-13 01:45:00,16277.557833714685
2025-05-13 02:00:00,16277.557833714685
2025-05-13 02:15:00,16277.557833714685
2025-05-13 02:30:00,16277.557833714685
2025-05-13 02:45:00,16277.557833714685
2025-05-13 03:00:00,16277.557833714685
2025-05-13 03:15:00,16277.557833714685
2025-05-13 03:30:00,16277.557833714685
2025-05-13 03:45:00,16277.557833714685
2025-05-13 04:00:00,16277.557833714685
2025-05-13 04:15:00,16277.557833714685
2025-05-13 04:30:00,16277.557833714685
2025-05-13 04:45:00,16277.557833714685
2025-05-13 05:00:00,16277.557833714685
2025-05-13 05:15:00,16277.557833714685
2025-05-13 05:30:00,16277.557833714685
2025-05-13 05:45:00,16277.557833714685
2025-05-13 06:00:00,16277.557833714685
2025-05-13 06:15:00,16277.557833714685
2025-05-13 06:30:00,16277.557833714685
2025-05-13 06:45:00,16277.557833714685
2025-05-13 07:00:00,16277.557833714685
2025-05-13 07:15:00,16277.557833714685
2025-05-13 07:30:00,16277.557833714685
2025-05-13 07:45:00,16277.557833714685
2025-05-13 08:00:00,16277.557833714685
2025-05-13 08:15:00,16277.557833714685
2025-05-13 08:30:00,16277.557833714685
2025-05-13 08:45:00,16277.557833714685
2025-05-13 09:00:00,16277.557833714685
2025-05-13 09:15:00,16277.557833714685
2025-05-13 09:30:00,16277.557833714685
2025-05-13 09:45:00,16277.557833714685
2025-05-13 10:00:00,16277.557833714685
2025-05-13 10:15:00,16277.557833714685
2025-05-13 10:30:00,16277.557833714685
2025-05-13 10:45:00,16277.557833714685
2025-05-13 11:00:00,16277.557833714685
2025-05-13 11:15:00,16277.557833714685
2025-05-13 11:30:00,16277.557833714685
2025-05-13 11:45:00,16277.557833714685
2025-05-13 12:00:00,16277.557833714685
2025-05-13 12:15:00,16277.557833714685
2025-05-13 12:30:00,16277.557833714685
2025-05-13 12:45:00,16277.557833714685
2025-05-13 13:00:00,16277.557833714685
2025-05-13 13:15:00,16277.557833714685
2025-05-13 13:30:00,16277.557833714685
2025-05-13 13:45:00,16277.557833714685
2025-05-13 14:00:00,16277.557833714685
2025-05-13 14:15:00,16277.557833714685
2025-05-13 14:30:00,16277.557833714685
2025-05-13 14:45:00,16277.557833714685
2025-05-13 15:00:00,16277.557833714685
2025-05-13 15:15:00,16277.557833714685
2025-05-13 15:30:00,16277.557833714685
2025-05-13 15:45:00,16277.557833714685
2025-05-13 16:00:00,16277.557833714685
2025-05-13 16:15:00,16277.557833714685
2025-05-13 16:30:00,16277.557833714685
2025-05-13 16:45:00,16277.557833714685
2025-05-13 17:00:00,16277.557833714685
2025-05-13 17:15:00,16277.557833714685
2025-05-13 17:30:00,16277.557833714685
2025-05-13 17:45:00,16277.557833714685
2025-05-13 18:00:00,16277.557833714685
2025-05-13 18:15:00,16277.557833714685
2025-05-13 18:30:00,16277.557833714685
2025-05-13 18:45:00,16277.557833714685
2025-05-13 19:00:00,16277.557833714685
2025-05-13 19:15:00,16277.557833714685
2025-05-13 19:30:00,16277.557833714685
2025-05-13 19:45:00,16277.557833714685
2025-05-13 20:00:00,16277.557833714685
2025-05-13 20:15:00,16277.557833714685
2025-05-13 20:30:00,16277.557833714685
2025-05-13 20:45:00,16277.557833714685
2025-05-13 21:00:00,16277.557833714685
2025-05-13 21:15:00,16277.557833714685
2025-05-13 21:30:00,16277.557833714685
2025-05-13 21:45:00,16277.557833714685
2025-05-13 22:00:00,16277.557833714685
2025-05-13 22:15:00,16277.557833714685
2025-05-13 22:30:00,16277.557833714685
2025-05-13 22:45:00,16277.557833714685
2025-05-13 23:00:00,16277.557833714685
2025-05-13 23:15:00,16277.557833714685
2025-05-13 23:30:00,16277.557833714685
2025-05-13 23:45:00,16277.557833714685
2025-05-14 00:00:00,16277.557833714685
2025-05-14 00:15:00,16277.557833714685
2025-05-14 00:30:00,16277.557833714685
2025-05-14 00:45:00,16277.557833714685
2025-05-14 01:00:00,16277.557833714685
2025-05-14 01:15:00,16277.557833714685
2025-05-14 01:30:00,16277.557833714685
2025-05-14 01:45:00,16277.557833714685
2025-05-14 02:00:00,16277.557833714685
2025-05-14 02:15:00,16277.557833714685
2025-05-14 02:30:00,16277.557833714685
2025-05-14 02:45:00,16277.557833714685
2025-05-14 03:00:00,16277.557833714685
2025-05-14 03:15:00,16277.557833714685
2025-05-14 03:30:00,16277.557833714685
2025-05-14 03:45:00,16277.557833714685
2025-05-14 04:00:00,16277.557833714685
2025-05-14 04:15:00,16277.557833714685
2025-05-14 04:30:00,16277.557833714685
2025-05-14 04:45:00,16277.557833714685
2025-05-14 05:00:00,16277.557833714685
2025-05-14 05:15:00,16277.557833714685
2025-05-14 05:30:00,16277.557833714685
2025-05-14 05:45:00,16277.557833714685
2025-05-14 06:00:00,16277.557833714685
2025-05-14 06:15:00,16277.557833714685
2025-05-14 06:30:00,16277.557833714685
2025-05-14 06:45:00,16277.557833714685
2025-05-14 07:00:00,16277.557833714685
2025-05-14 07:15:00,16277.557833714685
2025-05-14 07:30:00,16277.557833714685
2025-05-14 07:45:00,16277.557833714685
2025-05-14 08:00:00,16277.557833714685
2025-05-14 08:15:00,16277.557833714685
2025-05-14 08:30:00,16277.557833714685
2025-05-14 08:45:00,16277.557833714685
2025-05-14 09:00:00,16277.557833714685
2025-05-14 09:15:00,16277.557833714685
2025-05-14 09:30:00,16277.557833714685
2025-05-14 09:45:00,16277.557833714685
2025-05-14 10:00:00,16277.557833714685
2025-05-14 10:15:00,16277.557833714685
2025-05-14 10:30:00,16277.557833714685
2025-05-14 10:45:00,16277.557833714685
2025-05-14 11:00:00,16277.557833714685
2025-05-14 11:15:00,16277.557833714685
2025-05-14 11:30:00,16277.557833714685
2025-05-14 11:45:00,16277.557833714685
2025-05-14 12:00:00,16277.557833714685
2025-05-14 12:15:00,16277.557833714685
2025-05-14 12:30:00,16277.557833714685
2025-05-14 12:45:00,16277.557833714685
2025-05-14 13:00:00,16277.557833714685
2025-05-14 13:15:00,16277.557833714685
2025-05-14 13:30:00,16277.557833714685
2025-05-14 13:45:00,16277.557833714685
2025-05-14 14:00:00,16277.557833714685
2025-05-14 14:15:00,16277.557833714685
2025-05-14 14:30:00,16277.557833714685
2025-05-14 14:45:00,16277.557833714685
2025-05-14 15:00:00,16277.557833714685
2025-05-14 15:15:00,16277.557833714685
2025-05-14 15:30:00,16277.557833714685
2025-05-14 15:45:00,16277.557833714685
2025-05-14 16:00:00,16277.557833714685
2025-05-14 16:15:00,16277.557833714685
2025-05-14 16:30:00,16277.557833714685
2025-05-14 16:45:00,16277.557833714685
2025-05-14 17:00:00,16277.557833714685
2025-05-14 17:15:00,16277.557833714685
2025-05-14 17:30:00,16277.557833714685
2025-05-14 17:45:00,16277.557833714685
2025-05-14 18:00:00,16277.557833714685
2025-05-14 18:15:00,16277.557833714685
2025-05-14 18:30:00,16277.557833714685
2025-05-14 18:45:00,16277.557833714685
2025-05-14 19:00:00,16277.557833714685
2025-05-14 19:15:00,16277.557833714685
2025-05-14 19:30:00,16277.557833714685
2025-05-14 19:45:00,16277.557833714685
2025-05-14 20:00:00,16277.557833714685
2025-05-14 20:15:00,16277.557833714685
2025-05-14 20:30:00,16277.557833714685
2025-05-14 20:45:00,16277.557833714685
2025-05-14 21:00:00,16277.557833714685
2025-05-14 21:15:00,16277.557833714685
2025-05-14 21:30:00,16277.557833714685
2025-05-14 21:45:00,16277.557833714685
2025-05-14 22:00:00,16277.557833714685
2025-05-14 22:15:00,16277.557833714685
2025-05-14 22:30:00,16277.557833714685
2025-05-14 22:45:00,16277.557833714685
2025-05-14 23:00:00,16277.557833714685
2025-05-14 23:15:00,16277.557833714685
2025-05-14 23:30:00,16277.557833714685
2025-05-14 23:45:00,16277.557833714685
2025-05-15 00:00:00,16277.557833714685
2025-05-15 00:15:00,16277.557833714685
2025-05-15 00:30:00,16277.557833714685
2025-05-15 00:45:00,16277.557833714685
2025-05-15 01:00:00,16277.557833714685
2025-05-15 01:15:00,16277.557833714685
2025-05-15 01:30:00,16277.557833714685
2025-05-15 01:45:00,16277.557833714685
2025-05-15 02:00:00,16277.557833714685
2025-05-15 02:15:00,16277.557833714685
2025-05-15 02:30:00,16277.557833714685
2025-05-15 02:45:00,16277.557833714685
2025-05-15 03:00:00,16277.557833714685
2025-05-15 03:15:00,16277.557833714685
2025-05-15 03:30:00,16277.557833714685
2025-05-15 03:45:00,16277.557833714685
2025-05-15 04:00:00,16277.557833714685
2025-05-15 04:15:00,16277.557833714685
2025-05-15 04:30:00,16277.557833714685
2025-05-15 04:45:00,16277.557833714685
2025-05-15 05:00:00,16277.557833714685
2025-05-15 05:15:00,16277.557833714685
2025-05-15 05:30:00,16277.557833714685
2025-05-15 05:45:00,16277.557833714685
2025-05-15 06:00:00,16277.557833714685
2025-05-15 06:15:00,16277.557833714685
2025-05-15 06:30:00,16277.557833714685
2025-05-15 06:45:00,16277.557833714685
2025-05-15 07:00:00,16277.557833714685
2025-05-15 07:15:00,16277.557833714685
2025-05-15 07:30:00,16277.557833714685
2025-05-15 07:45:00,16277.557833714685
2025-05-15 08:00:00,16277.557833714685
2025-05-15 08:15:00,16277.557833714685
2025-05-15 08:30:00,16277.557833714685
2025-05-15 08:45:00,16277.557833714685
2025-05-15 09:00:00,16277.557833714685
2025-05-15 09:15:00,16277.557833714685
2025-05-15 09:30:00,16277.557833714685
2025-05-15 09:45:00,16277.557833714685
2025-05-15 10:00:00,16277.557833714685
2025-05-15 10:15:00,16277.557833714685
2025-05-15 10:30:00,16277.557833714685
2025-05-15 10:45:00,16277.557833714685
2025-05-15 11:00:00,16277.557833714685
2025-05-15 11:15:00,16277.557833714685
2025-05-15 11:30:00,16277.557833714685
2025-05-15 11:45:00,16277.557833714685
2025-05-15 12:00:00,16277.557833714685
2025-05-15 12:15:00,16277.557833714685
2025-05-15 12:30:00,16277.557833714685
2025-05-15 12:45:00,16277.557833714685
2025-05-15 13:00:00,16277.557833714685
2025-05-15 13:15:00,16277.557833714685
2025-05-15 13:30:00,16277.557833714685
2025-05-15 13:45:00,16277.557833714685
2025-05-15 14:00:00,16277.557833714685
2025-05-15 14:15:00,16277.557833714685
2025-05-15 14:30:00,16277.557833714685
2025-05-15 14:45:00,16277.557833714685
2025-05-15 15:00:00,16277.557833714685
2025-05-15 15:15:00,16277.557833714685
2025-05-15 15:30:00,16277.557833714685
2025-05-15 15:45:00,16277.557833714685
2025-05-15 16:00:00,16277.557833714685
2025-05-15 16:15:00,16277.557833714685
2025-05-15 16:30:00,16277.557833714685
2025-05-15 16:45:00,16277.557833714685
2025-05-15 17:00:00,16277.557833714685
2025-05-15 17:15:00,16277.557833714685
2025-05-15 17:30:00,16277.557833714685
2025-05-15 17:45:00,16277.557833714685
2025-05-15 18:00:00,16277.557833714685
2025-05-15 18:15:00,16277.557833714685
2025-05-15 18:30:00,16277.557833714685
2025-05-15 18:45:00,16277.557833714685
2025-05-15 19:00:00,16277.557833714685
2025-05-15 19:15:00,16277.557833714685
2025-05-15 19:30:00,16277.557833714685
2025-05-15 19:45:00,16277.557833714685
2025-05-15 20:00:00,16277.557833714685
2025-05-15 20:15:00,16277.557833714685
2025-05-15 20:30:00,16277.557833714685
2025-05-15 20:45:00,16277.557833714685
2025-05-15 21:00:00,16277.557833714685
2025-05-15 21:15:00,16277.557833714685
2025-05-15 21:30:00,16277.557833714685
2025-05-15 21:45:00,16277.557833714685
2025-05-15 22:00:00,16277.557833714685
2025-05-15 22:15:00,16277.557833714685
2025-05-15 22:30:00,16277.557833714685
2025-05-15 22:45:00,16277.557833714685
2025-05-15 23:00:00,16277.557833714685
2025-05-15 23:15:00,16277.557833714685
2025-05-15 23:30:00,16277.557833714685
2025-05-15 23:45:00,16277.557833714685
2025-05-16 00:00:00,16277.557833714685
2025-05-16 00:15:00,16277.557833714685
2025-05-16 00:30:00,16277.557833714685
2025-05-16 00:45:00,16277.557833714685
2025-05-16 01:00:00,16277.557833714685
2025-05-16 01:15:00,16277.557833714685
2025-05-16 01:30:00,16277.557833714685
2025-05-16 01:45:00,16277.557833714685
2025-05-16 02:00:00,16277.557833714685
2025-05-16 02:15:00,16277.557833714685
2025-05-16 02:30:00,16277.557833714685
2025-05-16 02:45:00,16277.557833714685
2025-05-16 03:00:00,16277.557833714685
2025-05-16 03:15:00,16277.557833714685
2025-05-16 03:30:00,16277.557833714685
2025-05-16 03:45:00,16277.557833714685
2025-05-16 04:00:00,16277.557833714685
2025-05-16 04:15:00,16277.557833714685
2025-05-16 04:30:00,16277.557833714685
2025-05-16 04:45:00,16277.557833714685
2025-05-16 05:00:00,16277.557833714685
2025-05-16 05:15:00,16277.557833714685
2025-05-16 05:30:00,16277.557833714685
2025-05-16 05:45:00,16277.557833714685
2025-05-16 06:00:00,16277.557833714685
2025-05-16 06:15:00,16277.557833714685
2025-05-16 06:30:00,16277.557833714685
2025-05-16 06:45:00,16277.557833714685
2025-05-16 07:00:00,16277.557833714685
2025-05-16 07:15:00,16277.557833714685
2025-05-16 07:30:00,16277.557833714685
2025-05-16 07:45:00,16277.557833714685
2025-05-16 08:00:00,16277.557833714685
2025-05-16 08:15:00,16277.557833714685
2025-05-16 08:30:00,16277.557833714685
2025-05-16 08:45:00,16277.557833714685
2025-05-16 09:00:00,16277.557833714685
2025-05-16 09:15:00,16277.557833714685
2025-05-16 09:30:00,16277.557833714685
2025-05-16 09:45:00,16277.557833714685
2025-05-16 10:00:00,16277.557833714685
2025-05-16 10:15:00,16277.557833714685
2025-05-16 10:30:00,16277.557833714685
2025-05-16 10:45:00,16277.557833714685
2025-05-16 11:00:00,16277.557833714685
2025-05-16 11:15:00,16277.557833714685
2025-05-16 11:30:00,16277.557833714685
2025-05-16 11:45:00,16277.557833714685
2025-05-16 12:00:00,16277.557833714685
2025-05-16 12:15:00,16277.557833714685
2025-05-16 12:30:00,16277.557833714685
2025-05-16 12:45:00,16277.557833714685
2025-05-16 13:00:00,16277.557833714685
2025-05-16 13:15:00,16277.557833714685
2025-05-16 13:30:00,16277.557833714685
2025-05-16 13:45:00,16277.557833714685
2025-05-16 14:00:00,16277.557833714685
2025-05-16 14:15:00,16277.557833714685
2025-05-16 14:30:00,16277.557833714685
2025-05-16 14:45:00,16277.557833714685
2025-05-16 15:00:00,16277.557833714685
2025-05-16 15:15:00,16277.557833714685
2025-05-16 15:30:00,16277.557833714685
2025-05-16 15:45:00,16277.557833714685
2025-05-16 16:00:00,16277.557833714685
2025-05-16 16:15:00,16277.557833714685
2025-05-16 16:30:00,16277.557833714685
2025-05-16 16:45:00,16277.557833714685
2025-05-16 17:00:00,16277.557833714685
2025-05-16 17:15:00,16277.557833714685
2025-05-16 17:30:00,16277.557833714685
2025-05-16 17:45:00,16277.557833714685
2025-05-16 18:00:00,16277.557833714685
2025-05-16 18:15:00,16277.557833714685
2025-05-16 18:30:00,16277.557833714685
2025-05-16 18:45:00,16277.557833714685
2025-05-16 19:00:00,16277.557833714685
2025-05-16 19:15:00,16277.557833714685
2025-05-16 19:30:00,16277.557833714685
2025-05-16 19:45:00,16277.557833714685
2025-05-16 20:00:00,16277.557833714685
2025-05-16 20:15:00,16277.557833714685
2025-05-16 20:30:00,16277.557833714685
2025-05-16 20:45:00,16277.557833714685
2025-05-16 21:00:00,16277.557833714685
2025-05-16 21:15:00,16277.557833714685
2025-05-16 21:30:00,16277.557833714685
2025-05-16 21:45:00,16277.557833714685
2025-05-16 22:00:00,16277.557833714685
2025-05-16 22:15:00,16277.557833714685
2025-05-16 22:30:00,16277.557833714685
2025-05-16 22:45:00,16277.557833714685
2025-05-16 23:00:00,16277.557833714685
2025-05-16 23:15:00,16277.557833714685
2025-05-16 23:30:00,16277.557833714685
2025-05-16 23:45:00,16277.557833714685
2025-05-19 00:00:00,16277.557833714685
2025-05-19 00:15:00,16277.557833714685
2025-05-19 00:30:00,16277.557833714685
2025-05-19 00:45:00,16277.557833714685
2025-05-19 01:00:00,16277.557833714685
2025-05-19 01:15:00,16277.557833714685
2025-05-19 01:30:00,16277.557833714685
2025-05-19 01:45:00,16277.557833714685
2025-05-19 02:00:00,16277.557833714685
2025-05-19 02:15:00,16277.557833714685
2025-05-19 02:30:00,16277.557833714685
2025-05-19 02:45:00,16277.557833714685
2025-05-19 03:00:00,16277.557833714685
2025-05-19 03:15:00,16277.557833714685
2025-05-19 03:30:00,16277.557833714685
2025-05-19 03:45:00,16277.557833714685
2025-05-19 04:00:00,16277.557833714685
2025-05-19 04:15:00,16277.557833714685
2025-05-19 04:30:00,16277.557833714685
2025-05-19 04:45:00,16277.557833714685
2025-05-19 05:00:00,16277.557833714685
2025-05-19 05:15:00,16277.557833714685
2025-05-19 05:30:00,16277.557833714685
2025-05-19 05:45:00,16277.557833714685
2025-05-19 06:00:00,16277.557833714685
2025-05-19 06:15:00,16277.557833714685
2025-05-19 06:30:00,16277.557833714685
2025-05-19 06:45:00,16277.557833714685
2025-05-19 07:00:00,16277.557833714685
2025-05-19 07:15:00,16277.557833714685
2025-05-19 07:30:00,16277.557833714685
2025-05-19 07:45:00,16277.557833714685
2025-05-19 08:00:00,16277.557833714685
2025-05-19 08:15:00,16277.557833714685
2025-05-19 08:30:00,16277.557833714685
2025-05-19 08:45:00,16277.557833714685
2025-05-19 09:00:00,16277.557833714685
2025-05-19 09:15:00,16277.557833714685
2025-05-19 09:30:00,16277.557833714685
2025-05-19 09:45:00,16277.557833714685
2025-05-19 10:00:00,16277.557833714685
2025-05-19 10:15:00,16277.557833714685
2025-05-19 10:30:00,16277.557833714685
2025-05-19 10:45:00,16277.557833714685
2025-05-19 11:00:00,16277.557833714685
2025-05-19 11:15:00,16277.557833714685
2025-05-19 11:30:00,16277.557833714685
2025-05-19 11:45:00,16277.557833714685
2025-05-19 12:00:00,16277.557833714685
2025-05-19 12:15:00,16277.557833714685
2025-05-19 12:30:00,16277.557833714685
2025-05-19 12:45:00,16277.557833714685
2025-05-19 13:00:00,16277.557833714685
2025-05-19 13:15:00,16277.557833714685
2025-05-19 13:30:00,16277.557833714685
2025-05-19 13:45:00,16277.557833714685
2025-05-19 14:00:00,16277.557833714685
2025-05-19 14:15:00,16277.557833714685
2025-05-19 14:30:00,16277.557833714685
2025-05-19 14:45:00,16277.557833714685
2025-05-19 15:00:00,16277.557833714685
2025-05-19 15:15:00,16277.557833714685
2025-05-19 15:30:00,16277.557833714685
2025-05-19 15:45:00,16277.557833714685
2025-05-19 16:00:00,16277.557833714685
2025-05-19 16:15:00,16277.557833714685
2025-05-19 16:30:00,16277.557833714685
2025-05-19 16:45:00,16277.557833714685
2025-05-19 17:00:00,16277.557833714685
2025-05-19 17:15:00,16277.557833714685
2025-05-19 17:30:00,16277.557833714685
2025-05-19 17:45:00,16277.557833714685
2025-05-19 18:00:00,16277.557833714685
2025-05-19 18:15:00,16277.557833714685
2025-05-19 18:30:00,16277.557833714685
2025-05-19 18:45:00,16277.557833714685
2025-05-19 19:00:00,16277.557833714685
2025-05-19 19:15:00,16277.557833714685
2025-05-19 19:30:00,16277.557833714685
2025-05-19 19:45:00,16277.557833714685
2025-05-19 20:00:00,16277.557833714685
2025-05-19 20:15:00,16277.557833714685
2025-05-19 20:30:00,16277.557833714685
2025-05-19 20:45:00,16277.557833714685
2025-05-19 21:00:00,16277.557833714685
2025-05-19 21:15:00,16277.557833714685
2025-05-19 21:30:00,16277.557833714685
2025-05-19 21:45:00,16277.557833714685
2025-05-19 22:00:00,16277.557833714685
2025-05-19 22:15:00,16277.557833714685
2025-05-19 22:30:00,16277.557833714685
2025-05-19 22:45:00,16277.557833714685
2025-05-19 23:00:00,16277.557833714685
2025-05-19 23:15:00,16277.557833714685
2025-05-19 23:30:00,16277.557833714685
2025-05-19 23:45:00,16277.557833714685
2025-05-20 00:00:00,16277.557833714685
2025-05-20 00:15:00,16277.557833714685
2025-05-20 00:30:00,16277.557833714685
2025-05-20 00:45:00,16277.557833714685
2025-05-20 01:00:00,16277.557833714685
2025-05-20 01:15:00,16277.557833714685
2025-05-20 01:30:00,16277.557833714685
2025-05-20 01:45:00,16277.557833714685
2025-05-20 02:00:00,16277.557833714685
2025-05-20 02:15:00,16277.557833714685
2025-05-20 02:30:00,16277.557833714685
2025-05-20 02:45:00,16277.557833714685
2025-05-20 03:00:00,16277.557833714685
2025-05-20 03:15:00,16277.557833714685
2025-05-20 03:30:00,16277.557833714685
2025-05-20 03:45:00,16277.557833714685
2025-05-20 04:00:00,16277.557833714685
2025-05-20 04:15:00,16277.557833714685
2025-05-20 04:30:00,16277.557833714685
2025-05-20 04:45:00,16277.557833714685
2025-05-20 05:00:00,16277.557833714685
2025-05-20 05:15:00,16277.557833714685
2025-05-20 05:30:00,16277.557833714685
2025-05-20 05:45:00,16277.557833714685
2025-05-20 06:00:00,16277.557833714685
2025-05-20 06:15:00,16277.557833714685
2025-05-20 06:30:00,16277.557833714685
2025-05-20 06:45:00,16277.557833714685
2025-05-20 07:00:00,16277.557833714685
2025-05-20 07:15:00,16277.557833714685
2025-05-20 07:30:00,16277.557833714685
2025-05-20 07:45:00,16277.557833714685
2025-05-20 08:00:00,16277.557833714685
2025-05-20 08:15:00,16277.557833714685
2025-05-20 08:30:00,16277.557833714685
2025-05-20 08:45:00,16277.557833714685
2025-05-20 09:00:00,16277.557833714685
2025-05-20 09:15:00,16277.557833714685
2025-05-20 09:30:00,16277.557833714685
2025-05-20 09:45:00,16277.557833714685
2025-05-20 10:00:00,16277.557833714685
2025-05-20 10:15:00,16277.557833714685
2025-05-20 10:30:00,16277.557833714685
2025-05-20 10:45:00,16277.557833714685
2025-05-20 11:00:00,16277.557833714685
2025-05-20 11:15:00,16277.557833714685
2025-05-20 11:30:00,16277.557833714685
2025-05-20 11:45:00,16277.557833714685
2025-05-20 12:00:00,16277.557833714685
2025-05-20 12:15:00,16277.557833714685
2025-05-20 12:30:00,16277.557833714685
2025-05-20 12:45:00,16277.557833714685
2025-05-20 13:00:00,16277.557833714685
2025-05-20 13:15:00,16277.557833714685
2025-05-20 13:30:00,16277.557833714685
2025-05-20 13:45:00,16277.557833714685
2025-05-20 14:00:00,16277.557833714685
2025-05-20 14:15:00,16277.557833714685
2025-05-20 14:30:00,16277.557833714685
2025-05-20 14:45:00,16277.557833714685
2025-05-20 15:00:00,16277.557833714685
2025-05-20 15:15:00,16277.557833714685
2025-05-20 15:30:00,16277.557833714685
2025-05-20 15:45:00,16277.557833714685
2025-05-20 16:00:00,16277.557833714685
2025-05-20 16:15:00,16277.557833714685
2025-05-20 16:30:00,16277.557833714685
2025-05-20 16:45:00,16277.557833714685
2025-05-20 17:00:00,16277.557833714685
2025-05-20 17:15:00,16277.557833714685
2025-05-20 17:30:00,16277.557833714685
2025-05-20 17:45:00,16277.557833714685
2025-05-20 18:00:00,16277.557833714685
2025-05-20 18:15:00,16277.557833714685
2025-05-20 18:30:00,16277.557833714685
2025-05-20 18:45:00,16277.557833714685
2025-05-20 19:00:00,16277.557833714685
2025-05-20 19:15:00,16277.557833714685
2025-05-20 19:30:00,16277.557833714685
2025-05-20 19:45:00,16277.557833714685
2025-05-20 20:00:00,16277.557833714685
2025-05-20 20:15:00,16277.557833714685
2025-05-20 20:30:00,16277.557833714685
2025-05-20 20:45:00,16277.557833714685
2025-05-20 21:00:00,16277.557833714685
2025-05-20 21:15:00,16277.557833714685
2025-05-20 21:30:00,16277.557833714685
2025-05-20 21:45:00,16277.557833714685
2025-05-20 22:00:00,16277.557833714685
2025-05-20 22:15:00,16277.557833714685
2025-05-20 22:30:00,16277.557833714685
2025-05-20 22:45:00,16277.557833714685
2025-05-20 23:00:00,16277.557833714685
2025-05-20 23:15:00,16277.557833714685
2025-05-20 23:30:00,16277.557833714685
2025-05-20 23:45:00,16277.557833714685
2025-05-21 00:00:00,16277.557833714685
2025-05-21 00:15:00,16277.557833714685
2025-05-21 00:30:00,16277.557833714685
2025-05-21 00:45:00,16277.557833714685
2025-05-21 01:00:00,16277.557833714685
2025-05-21 01:15:00,16277.557833714685
2025-05-21 01:30:00,16277.557833714685
2025-05-21 01:45:00,16277.557833714685
2025-05-21 02:00:00,16277.557833714685
2025-05-21 02:15:00,16277.557833714685
2025-05-21 02:30:00,16277.557833714685
2025-05-21 02:45:00,16277.557833714685
2025-05-21 03:00:00,16277.557833714685
2025-05-21 03:15:00,16277.557833714685
2025-05-21 03:30:00,16277.557833714685
2025-05-21 03:45:00,16277.557833714685
2025-05-21 04:00:00,16277.557833714685
2025-05-21 04:15:00,16277.557833714685
2025-05-21 04:30:00,16277.557833714685
2025-05-21 04:45:00,16277.557833714685
2025-05-21 05:00:00,16277.557833714685
2025-05-21 05:15:00,16277.557833714685
2025-05-21 05:30:00,16277.557833714685
2025-05-21 05:45:00,16277.557833714685
2025-05-21 06:00:00,16277.557833714685
2025-05-21 06:15:00,16277.557833714685
2025-05-21 06:30:00,16277.557833714685
2025-05-21 06:45:00,16277.557833714685
2025-05-21 07:00:00,16277.557833714685
2025-05-21 07:15:00,16277.557833714685
2025-05-21 07:30:00,16277.557833714685
2025-05-21 07:45:00,16277.557833714685
2025-05-21 08:00:00,16277.557833714685
2025-05-21 08:15:00,16277.557833714685
2025-05-21 08:30:00,16277.557833714685
2025-05-21 08:45:00,16277.557833714685
2025-05-21 09:00:00,16277.557833714685
2025-05-21 09:15:00,16277.557833714685
2025-05-21 09:30:00,16277.557833714685
2025-05-21 09:45:00,16277.557833714685
2025-05-21 10:00:00,16277.557833714685
2025-05-21 10:15:00,16277.557833714685
2025-05-21 10:30:00,16277.557833714685
2025-05-21 10:45:00,16277.557833714685
2025-05-21 11:00:00,16277.557833714685
2025-05-21 11:15:00,16277.557833714685
2025-05-21 11:30:00,16277.557833714685
2025-05-21 11:45:00,16277.557833714685
2025-05-21 12:00:00,16277.557833714685
2025-05-21 12:15:00,16277.557833714685
2025-05-21 12:30:00,16277.557833714685
2025-05-21 12:45:00,16277.557833714685
2025-05-21 13:00:00,16277.557833714685
2025-05-21 13:15:00,16277.557833714685
2025-05-21 13:30:00,16277.557833714685
2025-05-21 13:45:00,16277.557833714685
2025-05-21 14:00:00,16277.557833714685
2025-05-21 14:15:00,16277.557833714685
2025-05-21 14:30:00,16277.557833714685
2025-05-21 14:45:00,16277.557833714685
2025-05-21 15:00:00,16277.557833714685
2025-05-21 15:15:00,16277.557833714685
2025-05-21 15:30:00,16277.557833714685
2025-05-21 15:45:00,16277.557833714685
2025-05-21 16:00:00,16277.557833714685
2025-05-21 16:15:00,16277.557833714685
2025-05-21 16:30:00,16277.557833714685
2025-05-21 16:45:00,16277.557833714685
2025-05-21 17:00:00,16277.557833714685
2025-05-21 17:15:00,16277.557833714685
2025-05-21 17:30:00,16277.557833714685
2025-05-21 17:45:00,16277.557833714685
2025-05-21 18:00:00,16277.557833714685
2025-05-21 18:15:00,16277.557833714685
2025-05-21 18:30:00,16277.557833714685
2025-05-21 18:45:00,16277.557833714685
2025-05-21 19:00:00,16277.557833714685
2025-05-21 19:15:00,16277.557833714685
2025-05-21 19:30:00,16277.557833714685
2025-05-21 19:45:00,16277.557833714685
2025-05-21 20:00:00,16277.557833714685
2025-05-21 20:15:00,16277.557833714685
2025-05-21 20:30:00,16277.557833714685
2025-05-21 20:45:00,16277.557833714685
2025-05-21 21:00:00,16277.557833714685
2025-05-21 21:15:00,16277.557833714685
2025-05-21 21:30:00,16277.557833714685
2025-05-21 21:45:00,16277.557833714685
2025-05-21 22:00:00,16277.557833714685
2025-05-21 22:15:00,16277.557833714685
2025-05-21 22:30:00,16277.557833714685
2025-05-21 22:45:00,16277.557833714685
2025-05-21 23:00:00,16277.557833714685
2025-05-21 23:15:00,16277.557833714685
2025-05-21 23:30:00,16277.557833714685
2025-05-21 23:45:00,16277.557833714685
2025-05-22 00:00:00,16277.557833714685
2025-05-22 00:15:00,16277.557833714685
2025-05-22 00:30:00,16277.557833714685
2025-05-22 00:45:00,16277.557833714685
2025-05-22 01:00:00,16277.557833714685
2025-05-22 01:15:00,16277.557833714685
2025-05-22 01:30:00,16277.557833714685
2025-05-22 01:45:00,16277.557833714685
2025-05-22 02:00:00,16277.557833714685
2025-05-22 02:15:00,16277.557833714685
2025-05-22 02:30:00,16277.557833714685
2025-05-22 02:45:00,16277.557833714685
2025-05-22 03:00:00,16277.557833714685
2025-05-22 03:15:00,16277.557833714685
2025-05-22 03:30:00,16277.557833714685
2025-05-22 03:45:00,16277.557833714685
2025-05-22 04:00:00,16277.557833714685
2025-05-22 04:15:00,16277.557833714685
2025-05-22 04:30:00,16277.557833714685
2025-05-22 04:45:00,16277.557833714685
2025-05-22 05:00:00,16277.557833714685
2025-05-22 05:15:00,16277.557833714685
2025-05-22 05:30:00,16277.557833714685
2025-05-22 05:45:00,16277.557833714685
2025-05-22 06:00:00,16277.557833714685
2025-05-22 06:15:00,16277.557833714685
2025-05-22 06:30:00,16277.557833714685
2025-05-22 06:45:00,16277.557833714685
2025-05-22 07:00:00,16277.557833714685
2025-05-22 07:15:00,16277.557833714685
2025-05-22 07:30:00,16277.557833714685
2025-05-22 07:45:00,16277.557833714685
2025-05-22 08:00:00,16277.557833714685
2025-05-22 08:15:00,16277.557833714685
2025-05-22 08:30:00,16277.557833714685
2025-05-22 08:45:00,16277.557833714685
2025-05-22 09:00:00,16277.557833714685
2025-05-22 09:15:00,16277.557833714685
2025-05-22 09:30:00,16277.557833714685
2025-05-22 09:45:00,16277.557833714685
2025-05-22 10:00:00,16277.557833714685
2025-05-22 10:15:00,16277.557833714685
2025-05-22 10:30:00,16277.557833714685
2025-05-22 10:45:00,16277.557833714685
2025-05-22 11:00:00,16277.557833714685
2025-05-22 11:15:00,16277.557833714685
2025-05-22 11:30:00,16277.557833714685
2025-05-22 11:45:00,16277.557833714685
2025-05-22 12:00:00,16277.557833714685
2025-05-22 12:15:00,16277.557833714685
2025-05-22 12:30:00,16277.557833714685
2025-05-22 12:45:00,16277.557833714685
2025-05-22 13:00:00,16277.557833714685
2025-05-22 13:15:00,16277.557833714685
2025-05-22 13:30:00,16277.557833714685
2025-05-22 13:45:00,16277.557833714685
2025-05-22 14:00:00,16277.557833714685
2025-05-22 14:15:00,16277.557833714685
2025-05-22 14:30:00,16277.557833714685
2025-05-22 14:45:00,16277.557833714685
2025-05-22 15:00:00,16277.557833714685
2025-05-22 15:15:00,16277.557833714685
2025-05-22 15:30:00,16277.557833714685
2025-05-22 15:45:00,16277.557833714685
2025-05-22 16:00:00,16277.557833714685
2025-05-22 16:15:00,16277.557833714685
2025-05-22 16:30:00,16277.557833714685
2025-05-22 16:45:00,16277.557833714685
2025-05-22 17:00:00,16277.557833714685
2025-05-22 17:15:00,16277.557833714685
2025-05-22 17:30:00,16277.557833714685
2025-05-22 17:45:00,16277.557833714685
2025-05-22 18:00:00,16277.557833714685
2025-05-22 18:15:00,16277.557833714685
2025-05-22 18:30:00,16277.557833714685
2025-05-22 18:45:00,16277.557833714685
2025-05-22 19:00:00,16277.557833714685
2025-05-22 19:15:00,16277.557833714685
2025-05-22 19:30:00,16277.557833714685
2025-05-22 19:45:00,16277.557833714685
2025-05-22 20:00:00,16277.557833714685
2025-05-22 20:15:00,16277.557833714685
2025-05-22 20:30:00,16277.557833714685
2025-05-22 20:45:00,16277.557833714685
2025-05-22 21:00:00,16277.557833714685
2025-05-22 21:15:00,16277.557833714685
2025-05-22 21:30:00,16277.557833714685
2025-05-22 21:45:00,16277.557833714685
2025-05-22 22:00:00,16277.557833714685
2025-05-22 22:15:00,16277.557833714685
2025-05-22 22:30:00,16277.557833714685
2025-05-22 22:45:00,16277.557833714685
2025-05-22 23:00:00,16277.557833714685
2025-05-22 23:15:00,16277.557833714685
2025-05-22 23:30:00,16277.557833714685
2025-05-22 23:45:00,16277.557833714685
2025-05-23 00:00:00,16277.557833714685
2025-05-23 00:15:00,16277.557833714685
2025-05-23 00:30:00,16277.557833714685
2025-05-23 00:45:00,16277.557833714685
2025-05-23 01:00:00,16277.557833714685
2025-05-23 01:15:00,16277.557833714685
2025-05-23 01:30:00,16277.557833714685
2025-05-23 01:45:00,16277.557833714685
2025-05-23 02:00:00,16277.557833714685
2025-05-23 02:15:00,16277.557833714685
2025-05-23 02:30:00,16277.557833714685
2025-05-23 02:45:00,16277.557833714685
2025-05-23 03:00:00,16277.557833714685
2025-05-23 03:15:00,16277.557833714685
2025-05-23 03:30:00,16277.557833714685
2025-05-23 03:45:00,16277.557833714685
2025-05-23 04:00:00,16277.557833714685
2025-05-23 04:15:00,16277.557833714685
2025-05-23 04:30:00,16277.557833714685
2025-05-23 04:45:00,16277.557833714685
2025-05-23 05:00:00,16277.557833714685
2025-05-23 05:15:00,16277.557833714685
2025-05-23 05:30:00,16277.557833714685
2025-05-23 05:45:00,16277.557833714685
2025-05-23 06:00:00,16277.557833714685
2025-05-23 06:15:00,16277.557833714685
2025-05-23 06:30:00,16277.557833714685
2025-05-23 06:45:00,16277.557833714685
2025-05-23 07:00:00,16277.557833714685
2025-05-23 07:15:00,16277.557833714685
2025-05-23 07:30:00,16277.557833714685
2025-05-23 07:45:00,16277.557833714685
2025-05-23 08:00:00,16277.557833714685
2025-05-23 08:15:00,16277.557833714685
2025-05-23 08:30:00,16277.557833714685
2025-05-23 08:45:00,16277.557833714685
2025-05-23 09:00:00,16277.557833714685
2025-05-23 09:15:00,16277.557833714685
2025-05-23 09:30:00,16277.557833714685
2025-05-23 09:45:00,16277.557833714685
2025-05-23 10:00:00,16277.557833714685
2025-05-23 10:15:00,16277.557833714685
2025-05-23 10:30:00,16277.557833714685
2025-05-23 10:45:00,16277.557833714685
2025-05-23 11:00:00,16277.557833714685
2025-05-23 11:15:00,16277.557833714685
2025-05-23 11:30:00,16277.557833714685
2025-05-23 11:45:00,16277.557833714685
2025-05-23 12:00:00,16277.557833714685
2025-05-23 12:15:00,16277.557833714685
2025-05-23 12:30:00,16277.557833714685
2025-05-23 12:45:00,16277.557833714685
2025-05-23 13:00:00,16277.557833714685
2025-05-23 13:15:00,16277.557833714685
2025-05-23 13:30:00,16277.557833714685
2025-05-23 13:45:00,16277.557833714685
2025-05-23 14:00:00,16277.557833714685
2025-05-23 14:15:00,16277.557833714685
2025-05-23 14:30:00,16277.557833714685
2025-05-23 14:45:00,16277.557833714685
2025-05-23 15:00:00,16277.557833714685
2025-05-23 15:15:00,16277.557833714685
2025-05-23 15:30:00,16277.557833714685
2025-05-23 15:45:00,16277.557833714685
2025-05-23 16:00:00,16277.557833714685
2025-05-23 16:15:00,16277.557833714685
2025-05-23 16:30:00,16277.557833714685
2025-05-23 16:45:00,16277.557833714685
2025-05-23 17:00:00,16277.557833714685
2025-05-23 17:15:00,16277.557833714685
2025-05-23 17:30:00,16277.557833714685
2025-05-23 17:45:00,16277.557833714685
2025-05-23 18:00:00,16277.557833714685
2025-05-23 18:15:00,16277.557833714685
2025-05-23 18:30:00,16277.557833714685
2025-05-23 18:45:00,16277.557833714685
2025-05-23 19:00:00,16277.557833714685
2025-05-23 19:15:00,16277.557833714685
2025-05-23 19:30:00,16277.557833714685
2025-05-23 19:45:00,16277.557833714685
2025-05-23 20:00:00,16277.557833714685
2025-05-23 20:15:00,16277.557833714685
2025-05-23 20:30:00,16277.557833714685
2025-05-23 20:45:00,16277.557833714685
2025-05-23 21:00:00,16277.557833714685
2025-05-23 21:15:00,16277.557833714685
2025-05-23 21:30:00,16277.557833714685
2025-05-23 21:45:00,16277.557833714685
2025-05-23 22:00:00,16277.557833714685
2025-05-23 22:15:00,16277.557833714685
2025-05-23 22:30:00,16277.557833714685
2025-05-23 22:45:00,16277.557833714685
2025-05-23 23:00:00,16277.557833714685
2025-05-23 23:15:00,16277.557833714685
2025-05-23 23:30:00,16277.557833714685
2025-05-23 23:45:00,16277.557833714685
2025-05-26 00:00:00,16277.557833714685
2025-05-26 00:15:00,16277.557833714685
2025-05-26 00:30:00,16277.557833714685
2025-05-26 00:45:00,16277.557833714685
2025-05-26 01:00:00,16277.557833714685
2025-05-26 01:15:00,16277.557833714685
2025-05-26 01:30:00,16277.557833714685
2025-05-26 01:45:00,16277.557833714685
2025-05-26 02:00:00,16277.557833714685
2025-05-26 02:15:00,16277.557833714685
2025-05-26 02:30:00,16277.557833714685
2025-05-26 02:45:00,16277.557833714685
2025-05-26 03:00:00,16277.557833714685
2025-05-26 03:15:00,16277.557833714685
2025-05-26 03:30:00,16277.557833714685
2025-05-26 03:45:00,16277.557833714685
2025-05-26 04:00:00,16277.557833714685
2025-05-26 04:15:00,16277.557833714685
2025-05-26 04:30:00,16277.557833714685
2025-05-26 04:45:00,16277.557833714685
2025-05-26 05:00:00,16277.557833714685
2025-05-26 05:15:00,16277.557833714685
2025-05-26 05:30:00,16277.557833714685
2025-05-26 05:45:00,16277.557833714685
2025-05-26 06:00:00,16277.557833714685
2025-05-26 06:15:00,16277.557833714685
2025-05-26 06:30:00,16277.557833714685
2025-05-26 06:45:00,16277.557833714685
2025-05-26 07:00:00,16277.557833714685
2025-05-26 07:15:00,16277.557833714685
2025-05-26 07:30:00,16277.557833714685
2025-05-26 07:45:00,16277.557833714685
2025-05-26 08:00:00,16277.557833714685
2025-05-26 08:15:00,16277.557833714685
2025-05-26 08:30:00,16277.557833714685
2025-05-26 08:45:00,16277.557833714685
2025-05-26 09:00:00,16277.557833714685
2025-05-26 09:15:00,16277.557833714685
2025-05-26 09:30:00,16277.557833714685
2025-05-26 09:45:00,16277.557833714685
2025-05-26 10:00:00,16277.557833714685
2025-05-26 10:15:00,16277.557833714685
2025-05-26 10:30:00,16277.557833714685
2025-05-26 10:45:00,16277.557833714685
2025-05-26 11:00:00,16277.557833714685
2025-05-26 11:15:00,16277.557833714685
2025-05-26 11:30:00,16277.557833714685
2025-05-26 11:45:00,16277.557833714685
2025-05-26 12:00:00,16277.557833714685
2025-05-26 12:15:00,16277.557833714685
2025-05-26 12:30:00,16277.557833714685
2025-05-26 12:45:00,16277.557833714685
2025-05-26 13:00:00,16277.557833714685
2025-05-26 13:15:00,16277.557833714685
2025-05-26 13:30:00,16277.557833714685
2025-05-26 13:45:00,16277.557833714685
2025-05-26 14:00:00,16277.557833714685
2025-05-26 14:15:00,16277.557833714685
2025-05-26 14:30:00,16277.557833714685
2025-05-26 14:45:00,16277.557833714685
2025-05-26 15:00:00,16277.557833714685
2025-05-26 15:15:00,16277.557833714685
2025-05-26 15:30:00,16277.557833714685
2025-05-26 15:45:00,16277.557833714685
2025-05-26 16:00:00,16277.557833714685
2025-05-26 16:15:00,16277.557833714685
2025-05-26 16:30:00,16277.557833714685
2025-05-26 16:45:00,16277.557833714685
2025-05-26 17:00:00,16277.557833714685
2025-05-26 17:15:00,16277.557833714685
2025-05-26 17:30:00,16277.557833714685
2025-05-26 17:45:00,16277.557833714685
2025-05-26 18:00:00,16277.557833714685
2025-05-26 18:15:00,16277.557833714685
2025-05-26 18:30:00,16277.557833714685
2025-05-26 18:45:00,16277.557833714685
2025-05-26 19:00:00,16277.557833714685
2025-05-26 19:15:00,16277.557833714685
2025-05-26 19:30:00,16277.557833714685
2025-05-26 19:45:00,16277.557833714685
2025-05-26 20:00:00,16277.557833714685
2025-05-26 20:15:00,16277.557833714685
2025-05-26 20:30:00,16277.557833714685
2025-05-26 20:45:00,16277.557833714685
2025-05-26 21:00:00,16277.557833714685
2025-05-26 21:15:00,16277.557833714685
2025-05-26 21:30:00,16277.557833714685
2025-05-26 21:45:00,16277.557833714685
2025-05-26 22:00:00,16277.557833714685
2025-05-26 22:15:00,16277.557833714685
2025-05-26 22:30:00,16277.557833714685
2025-05-26 22:45:00,16277.557833714685
2025-05-26 23:00:00,16277.557833714685
2025-05-26 23:15:00,16277.557833714685
2025-05-26 23:30:00,16277.557833714685
2025-05-26 23:45:00,16277.557833714685
2025-05-27 00:00:00,16277.557833714685
2025-05-27 00:15:00,16277.557833714685
2025-05-27 00:30:00,16277.557833714685
2025-05-27 00:45:00,16277.557833714685
2025-05-27 01:00:00,16277.557833714685
2025-05-27 01:15:00,16277.557833714685
2025-05-27 01:30:00,16277.557833714685
2025-05-27 01:45:00,16277.557833714685
2025-05-27 02:00:00,16277.557833714685
2025-05-27 02:15:00,16277.557833714685
2025-05-27 02:30:00,16277.557833714685
2025-05-27 02:45:00,16277.557833714685
2025-05-27 03:00:00,16277.557833714685
2025-05-27 03:15:00,16277.557833714685
2025-05-27 03:30:00,16277.557833714685
2025-05-27 03:45:00,16277.557833714685
2025-05-27 04:00:00,16277.557833714685
2025-05-27 04:15:00,16277.557833714685
2025-05-27 04:30:00,16277.557833714685
2025-05-27 04:45:00,16277.557833714685
2025-05-27 05:00:00,16277.557833714685
2025-05-27 05:15:00,16277.557833714685
2025-05-27 05:30:00,16277.557833714685
2025-05-27 05:45:00,16277.557833714685
2025-05-27 06:00:00,16277.557833714685
2025-05-27 06:15:00,16277.557833714685
2025-05-27 06:30:00,16277.557833714685
2025-05-27 06:45:00,16277.557833714685
2025-05-27 07:00:00,16277.557833714685
2025-05-27 07:15:00,16277.557833714685
2025-05-27 07:30:00,16277.557833714685
2025-05-27 07:45:00,16277.557833714685
2025-05-27 08:00:00,16277.557833714685
2025-05-27 08:15:00,16277.557833714685
2025-05-27 08:30:00,16277.557833714685
2025-05-27 08:45:00,16277.557833714685
2025-05-27 09:00:00,16277.557833714685
2025-05-27 09:15:00,16277.557833714685
2025-05-27 09:30:00,16277.557833714685
2025-05-27 09:45:00,16277.557833714685
2025-05-27 10:00:00,16277.557833714685
2025-05-27 10:15:00,16277.557833714685
2025-05-27 10:30:00,16277.557833714685
2025-05-27 10:45:00,16277.557833714685
2025-05-27 11:00:00,16277.557833714685
2025-05-27 11:15:00,16277.557833714685
2025-05-27 11:30:00,16277.557833714685
2025-05-27 11:45:00,16277.557833714685
2025-05-27 12:00:00,16277.557833714685
2025-05-27 12:15:00,16277.557833714685
2025-05-27 12:30:00,16277.557833714685
2025-05-27 12:45:00,16277.557833714685
2025-05-27 13:00:00,16277.557833714685
2025-05-27 13:15:00,16277.557833714685
2025-05-27 13:30:00,16277.557833714685
2025-05-27 13:45:00,16277.557833714685
2025-05-27 14:00:00,16277.557833714685
2025-05-27 14:15:00,16277.557833714685
2025-05-27 14:30:00,16277.557833714685
2025-05-27 14:45:00,16277.557833714685
2025-05-27 15:00:00,16277.557833714685
2025-05-27 15:15:00,16277.557833714685
2025-05-27 15:30:00,16277.557833714685
2025-05-27 15:45:00,16277.557833714685
2025-05-27 16:00:00,16277.557833714685
2025-05-27 16:15:00,16277.557833714685
2025-05-27 16:30:00,16277.557833714685
2025-05-27 16:45:00,16277.557833714685
2025-05-27 17:00:00,16277.557833714685
2025-05-27 17:15:00,16277.557833714685
2025-05-27 17:30:00,16277.557833714685
2025-05-27 17:45:00,16277.557833714685
2025-05-27 18:00:00,16277.557833714685
2025-05-27 18:15:00,16277.557833714685
2025-05-27 18:30:00,16277.557833714685
2025-05-27 18:45:00,16277.557833714685
2025-05-27 19:00:00,16277.557833714685
2025-05-27 19:15:00,16277.557833714685
2025-05-27 19:30:00,16277.557833714685
2025-05-27 19:45:00,16277.557833714685
2025-05-27 20:00:00,16277.557833714685
2025-05-27 20:15:00,16277.557833714685
2025-05-27 20:30:00,16277.557833714685
2025-05-27 20:45:00,16277.557833714685
2025-05-27 21:00:00,16277.557833714685
2025-05-27 21:15:00,16277.557833714685
2025-05-27 21:30:00,16277.557833714685
2025-05-27 21:45:00,16277.557833714685
2025-05-27 22:00:00,16277.557833714685
2025-05-27 22:15:00,16277.557833714685
2025-05-27 22:30:00,16277.557833714685
2025-05-27 22:45:00,16277.557833714685
2025-05-27 23:00:00,16277.557833714685
2025-05-27 23:15:00,16277.557833714685
2025-05-27 23:30:00,16277.557833714685
2025-05-27 23:45:00,16277.557833714685
2025-05-28 00:00:00,16277.557833714685
2025-05-28 00:15:00,16277.557833714685
2025-05-28 00:30:00,16277.557833714685
2025-05-28 00:45:00,16277.557833714685
2025-05-28 01:00:00,16277.557833714685
2025-05-28 01:15:00,16277.557833714685
2025-05-28 01:30:00,16277.557833714685
2025-05-28 01:45:00,16277.557833714685
2025-05-28 02:00:00,16277.557833714685
2025-05-28 02:15:00,16277.557833714685
2025-05-28 02:30:00,16277.557833714685
2025-05-28 02:45:00,16277.557833714685
2025-05-28 03:00:00,16277.557833714685
2025-05-28 03:15:00,16277.557833714685
2025-05-28 03:30:00,16277.557833714685
2025-05-28 03:45:00,16277.557833714685
2025-05-28 04:00:00,16277.557833714685
2025-05-28 04:15:00,16277.557833714685
2025-05-28 04:30:00,16277.557833714685
2025-05-28 04:45:00,16277.557833714685
2025-05-28 05:00:00,16277.557833714685
2025-05-28 05:15:00,16277.557833714685
2025-05-28 05:30:00,16277.557833714685
2025-05-28 05:45:00,16277.557833714685
2025-05-28 06:00:00,16277.557833714685
2025-05-28 06:15:00,16277.557833714685
2025-05-28 06:30:00,16277.557833714685
2025-05-28 06:45:00,16277.557833714685
2025-05-28 07:00:00,16277.557833714685
2025-05-28 07:15:00,16277.557833714685
2025-05-28 07:30:00,16277.557833714685
2025-05-28 07:45:00,16277.557833714685
2025-05-28 08:00:00,16277.557833714685
2025-05-28 08:15:00,16277.557833714685
2025-05-28 08:30:00,16277.557833714685
2025-05-28 08:45:00,16277.557833714685
2025-05-28 09:00:00,16277.557833714685
2025-05-28 09:15:00,16277.557833714685
2025-05-28 09:30:00,16277.557833714685
2025-05-28 09:45:00,16277.557833714685
2025-05-28 10:00:00,16277.557833714685
2025-05-28 10:15:00,16277.557833714685
2025-05-28 10:30:00,16277.557833714685
2025-05-28 10:45:00,16277.557833714685
2025-05-28 11:00:00,16277.557833714685
2025-05-28 11:15:00,16277.557833714685
2025-05-28 11:30:00,16277.557833714685
2025-05-28 11:45:00,16277.557833714685
2025-05-28 12:00:00,16277.557833714685
2025-05-28 12:15:00,16277.557833714685
2025-05-28 12:30:00,16277.557833714685
2025-05-28 12:45:00,16277.557833714685
2025-05-28 13:00:00,16277.557833714685
2025-05-28 13:15:00,16277.557833714685
2025-05-28 13:30:00,16277.557833714685
2025-05-28 13:45:00,16277.557833714685
2025-05-28 14:00:00,16277.557833714685
2025-05-28 14:15:00,16277.557833714685
2025-05-28 14:30:00,16277.557833714685
2025-05-28 14:45:00,16277.557833714685
2025-05-28 15:00:00,16277.557833714685
2025-05-28 15:15:00,16277.557833714685
2025-05-28 15:30:00,16277.557833714685
2025-05-28 15:45:00,16277.557833714685
2025-05-28 16:00:00,16277.557833714685
2025-05-28 16:15:00,16277.557833714685
2025-05-28 16:30:00,16277.557833714685
2025-05-28 16:45:00,16277.557833714685
2025-05-28 17:00:00,16277.557833714685
2025-05-28 17:15:00,16277.557833714685
2025-05-28 17:30:00,16277.557833714685
2025-05-28 17:45:00,16277.557833714685
2025-05-28 18:00:00,16277.557833714685
2025-05-28 18:15:00,16277.557833714685
2025-05-28 18:30:00,16277.557833714685
2025-05-28 18:45:00,16277.557833714685
2025-05-28 19:00:00,16277.557833714685
2025-05-28 19:15:00,16277.557833714685
2025-05-28 19:30:00,16277.557833714685
2025-05-28 19:45:00,16277.557833714685
2025-05-28 20:00:00,16277.557833714685
2025-05-28 20:15:00,16277.557833714685
2025-05-28 20:30:00,16277.557833714685
2025-05-28 20:45:00,16277.557833714685
2025-05-28 21:00:00,16277.557833714685
2025-05-28 21:15:00,16277.557833714685
2025-05-28 21:30:00,16277.557833714685
2025-05-28 21:45:00,16277.557833714685
2025-05-28 22:00:00,16277.557833714685
2025-05-28 22:15:00,16277.557833714685
2025-05-28 22:30:00,16277.557833714685
2025-05-28 22:45:00,16277.557833714685
2025-05-28 23:00:00,16277.557833714685
2025-05-28 23:15:00,16277.557833714685
2025-05-28 23:30:00,16277.557833714685
2025-05-28 23:45:00,16277.557833714685
2025-05-29 00:00:00,16277.557833714685
2025-05-29 00:15:00,16277.557833714685
2025-05-29 00:30:00,16277.557833714685
2025-05-29 00:45:00,16277.557833714685
2025-05-29 01:00:00,16277.557833714685
2025-05-29 01:15:00,16277.557833714685
2025-05-29 01:30:00,16277.557833714685
2025-05-29 01:45:00,16277.557833714685
2025-05-29 02:00:00,16277.557833714685
2025-05-29 02:15:00,16277.557833714685
2025-05-29 02:30:00,16277.557833714685
2025-05-29 02:45:00,16277.557833714685
2025-05-29 03:00:00,16277.557833714685
2025-05-29 03:15:00,16277.557833714685
2025-05-29 03:30:00,16277.557833714685
2025-05-29 03:45:00,16277.557833714685
2025-05-29 04:00:00,16277.557833714685
2025-05-29 04:15:00,16277.557833714685
2025-05-29 04:30:00,16277.557833714685
2025-05-29 04:45:00,16277.557833714685
2025-05-29 05:00:00,16277.557833714685
2025-05-29 05:15:00,16277.557833714685
2025-05-29 05:30:00,16277.557833714685
2025-05-29 05:45:00,16277.557833714685
2025-05-29 06:00:00,16277.557833714685
2025-05-29 06:15:00,16277.557833714685
2025-05-29 06:30:00,16277.557833714685
2025-05-29 06:45:00,16277.557833714685
2025-05-29 07:00:00,16277.557833714685
2025-05-29 07:15:00,16277.557833714685
2025-05-29 07:30:00,16277.557833714685
2025-05-29 07:45:00,16277.557833714685
2025-05-29 08:00:00,16277.557833714685
2025-05-29 08:15:00,16277.557833714685
2025-05-29 08:30:00,16277.557833714685
2025-05-29 08:45:00,16277.557833714685
2025-05-29 09:00:00,16277.557833714685
2025-05-29 09:15:00,16277.557833714685
2025-05-29 09:30:00,16277.557833714685
2025-05-29 09:45:00,16277.557833714685
2025-05-29 10:00:00,16277.557833714685
2025-05-29 10:15:00,16277.557833714685
2025-05-29 10:30:00,16277.557833714685
2025-05-29 10:45:00,16277.557833714685
2025-05-29 11:00:00,16277.557833714685
2025-05-29 11:15:00,16277.557833714685
2025-05-29 11:30:00,16277.557833714685
2025-05-29 11:45:00,16277.557833714685
2025-05-29 12:00:00,16277.557833714685
2025-05-29 12:15:00,16277.557833714685
2025-05-29 12:30:00,16277.557833714685
2025-05-29 12:45:00,16277.557833714685
2025-05-29 13:00:00,16277.557833714685
2025-05-29 13:15:00,16277.557833714685
2025-05-29 13:30:00,16277.557833714685
2025-05-29 13:45:00,16277.557833714685
2025-05-29 14:00:00,16277.557833714685
2025-05-29 14:15:00,16277.557833714685
2025-05-29 14:30:00,16277.557833714685
2025-05-29 14:45:00,16277.557833714685
2025-05-29 15:00:00,16277.557833714685
2025-05-29 15:15:00,16277.557833714685
2025-05-29 15:30:00,16277.557833714685
2025-05-29 15:45:00,16277.557833714685
2025-05-29 16:00:00,16277.557833714685
2025-05-29 16:15:00,16277.557833714685
2025-05-29 16:30:00,16277.557833714685
2025-05-29 16:45:00,16277.557833714685
2025-05-29 17:00:00,16277.557833714685
2025-05-29 17:15:00,16277.557833714685
2025-05-29 17:30:00,16277.557833714685
2025-05-29 17:45:00,16277.557833714685
2025-05-29 18:00:00,16277.557833714685
2025-05-29 18:15:00,16277.557833714685
2025-05-29 18:30:00,16277.557833714685
2025-05-29 18:45:00,16277.557833714685
2025-05-29 19:00:00,16277.557833714685
2025-05-29 19:15:00,16277.557833714685
2025-05-29 19:30:00,16277.557833714685
2025-05-29 19:45:00,16277.557833714685
2025-05-29 20:00:00,16277.557833714685
2025-05-29 20:15:00,16277.557833714685
2025-05-29 20:30:00,16277.557833714685
2025-05-29 20:45:00,16277.557833714685
2025-05-29 21:00:00,16277.557833714685
2025-05-29 21:15:00,16277.557833714685
2025-05-29 21:30:00,16277.557833714685
2025-05-29 21:45:00,16277.557833714685
2025-05-29 22:00:00,16277.557833714685
2025-05-29 22:15:00,16277.557833714685
2025-05-29 22:30:00,16277.557833714685
2025-05-29 22:45:00,16277.557833714685
2025-05-29 23:00:00,16277.557833714685
2025-05-29 23:15:00,16277.557833714685
2025-05-29 23:30:00,16277.557833714685
2025-05-29 23:45:00,16277.557833714685
2025-05-30 00:00:00,16277.557833714685
2025-05-30 00:15:00,16277.557833714685
2025-05-30 00:30:00,16277.557833714685
2025-05-30 00:45:00,16277.557833714685
2025-05-30 01:00:00,16277.557833714685
2025-05-30 01:15:00,16277.557833714685
2025-05-30 01:30:00,16277.557833714685
2025-05-30 01:45:00,16277.557833714685
2025-05-30 02:00:00,16277.557833714685
2025-05-30 02:15:00,16277.557833714685
2025-05-30 02:30:00,16277.557833714685
2025-05-30 02:45:00,16277.557833714685
2025-05-30 03:00:00,16277.557833714685
2025-05-30 03:15:00,16277.557833714685
2025-05-30 03:30:00,16277.557833714685
2025-05-30 03:45:00,16277.557833714685
2025-05-30 04:00:00,16277.557833714685
2025-05-30 04:15:00,16277.557833714685
2025-05-30 04:30:00,16277.557833714685
2025-05-30 04:45:00,16277.557833714685
2025-05-30 05:00:00,16277.557833714685
2025-05-30 05:15:00,16277.557833714685
2025-05-30 05:30:00,16277.557833714685
2025-05-30 05:45:00,16277.557833714685
2025-05-30 06:00:00,16277.557833714685
2025-05-30 06:15:00,16277.557833714685
2025-05-30 06:30:00,16277.557833714685
2025-05-30 06:45:00,16277.557833714685
2025-05-30 07:00:00,16277.557833714685
2025-05-30 07:15:00,16277.557833714685
2025-05-30 07:30:00,16277.557833714685
2025-05-30 07:45:00,16277.557833714685
2025-05-30 08:00:00,16277.557833714685
2025-05-30 08:15:00,16277.557833714685
2025-05-30 08:30:00,16277.557833714685
2025-05-30 08:45:00,16277.557833714685
2025-05-30 09:00:00,16277.557833714685
2025-05-30 09:15:00,16277.557833714685
2025-05-30 09:30:00,16277.557833714685
2025-05-30 09:45:00,16277.557833714685
2025-05-30 10:00:00,16277.557833714685
2025-05-30 10:15:00,16277.557833714685
2025-05-30 10:30:00,16277.557833714685
2025-05-30 10:45:00,16277.557833714685
2025-05-30 11:00:00,16277.557833714685
2025-05-30 11:15:00,16277.557833714685
2025-05-30 11:30:00,16277.557833714685
2025-05-30 11:45:00,16277.557833714685
2025-05-30 12:00:00,16277.557833714685
2025-05-30 12:15:00,16277.557833714685
2025-05-30 12:30:00,16277.557833714685
2025-05-30 12:45:00,16277.557833714685
2025-05-30 13:00:00,16277.557833714685
2025-05-30 13:15:00,16277.557833714685
2025-05-30 13:30:00,16277.557833714685
2025-05-30 13:45:00,16277.557833714685
2025-05-30 14:00:00,16277.557833714685
2025-05-30 14:15:00,16277.557833714685
2025-05-30 14:30:00,16277.557833714685
2025-05-30 14:45:00,16277.557833714685
2025-05-30 15:00:00,16277.557833714685
2025-05-30 15:15:00,16277.557833714685
2025-05-30 15:30:00,16277.557833714685
2025-05-30 15:45:00,16277.557833714685
2025-05-30 16:00:00,16277.557833714685
2025-05-30 16:15:00,16277.557833714685
2025-05-30 16:30:00,16277.557833714685
2025-05-30 16:45:00,16277.557833714685
2025-05-30 17:00:00,16277.557833714685
2025-05-30 17:15:00,16277.557833714685
2025-05-30 17:30:00,16277.557833714685
2025-05-30 17:45:00,16277.557833714685
2025-05-30 18:00:00,16277.557833714685
2025-05-30 18:15:00,16277.557833714685
2025-05-30 18:30:00,16277.557833714685
2025-05-30 18:45:00,16277.557833714685
2025-05-30 19:00:00,16277.557833714685
2025-05-30 19:15:00,16277.557833714685
2025-05-30 19:30:00,16277.557833714685
2025-05-30 19:45:00,16277.557833714685
2025-05-30 20:00:00,16277.557833714685
2025-05-30 20:15:00,16277.557833714685
2025-05-30 20:30:00,16277.557833714685
2025-05-30 20:45:00,16277.557833714685
2025-05-30 21:00:00,16277.557833714685
2025-05-30 21:15:00,16277.557833714685
2025-05-30 21:30:00,16277.557833714685
2025-05-30 21:45:00,16277.557833714685
2025-05-30 22:00:00,16277.557833714685
2025-05-30 22:15:00,16277.557833714685
2025-05-30 22:30:00,16277.557833714685
2025-05-30 22:45:00,16277.557833714685
2025-05-30 23:00:00,16277.557833714685
2025-05-30 23:15:00,16277.557833714685
2025-05-30 23:30:00,16277.557833714685
2025-05-30 23:45:00,16277.557833714685
2025-06-02 00:00:00,16277.557833714685
2025-06-02 00:15:00,16277.557833714685
2025-06-02 00:30:00,16277.557833714685
2025-06-02 00:45:00,16277.557833714685
2025-06-02 01:00:00,16277.557833714685
2025-06-02 01:15:00,16277.557833714685
2025-06-02 01:30:00,16277.557833714685
2025-06-02 01:45:00,16277.557833714685
2025-06-02 02:00:00,16277.557833714685
2025-06-02 02:15:00,16277.557833714685
2025-06-02 02:30:00,16277.557833714685
2025-06-02 02:45:00,16277.557833714685
2025-06-02 03:00:00,16277.557833714685
2025-06-02 03:15:00,16277.557833714685
2025-06-02 03:30:00,16277.557833714685
2025-06-02 03:45:00,16277.557833714685
2025-06-02 04:00:00,16277.557833714685
2025-06-02 04:15:00,16277.557833714685
2025-06-02 04:30:00,16277.557833714685
2025-06-02 04:45:00,16277.557833714685
2025-06-02 05:00:00,16277.557833714685
2025-06-02 05:15:00,16277.557833714685
2025-06-02 05:30:00,16277.557833714685
2025-06-02 05:45:00,16277.557833714685
2025-06-02 06:00:00,16277.557833714685
2025-06-02 06:15:00,16277.557833714685
2025-06-02 06:30:00,16277.557833714685
2025-06-02 06:45:00,16277.557833714685
2025-06-02 07:00:00,16277.557833714685
2025-06-02 07:15:00,16277.557833714685
2025-06-02 07:30:00,16277.557833714685
2025-06-02 07:45:00,16277.557833714685
2025-06-02 08:00:00,16277.557833714685
2025-06-02 08:15:00,16277.557833714685
2025-06-02 08:30:00,16277.557833714685
2025-06-02 08:45:00,16277.557833714685
2025-06-02 09:00:00,16277.557833714685
2025-06-02 09:15:00,16277.557833714685
2025-06-02 09:30:00,16277.557833714685
2025-06-02 09:45:00,16277.557833714685
2025-06-02 10:00:00,16277.557833714685
2025-06-02 10:15:00,16277.557833714685
2025-06-02 10:30:00,16277.557833714685
2025-06-02 10:45:00,16277.557833714685
2025-06-02 11:00:00,16277.557833714685
2025-06-02 11:15:00,16277.557833714685
2025-06-02 11:30:00,16277.557833714685
2025-06-02 11:45:00,16277.557833714685
2025-06-02 12:00:00,16277.557833714685
2025-06-02 12:15:00,16277.557833714685
2025-06-02 12:30:00,16277.557833714685
2025-06-02 12:45:00,16277.557833714685
2025-06-02 13:00:00,16277.557833714685
2025-06-02 13:15:00,16277.557833714685
2025-06-02 13:30:00,16277.557833714685
2025-06-02 13:45:00,16277.557833714685
2025-06-02 14:00:00,16277.557833714685
2025-06-02 14:15:00,16277.557833714685
2025-06-02 14:30:00,16277.557833714685
2025-06-02 14:45:00,16277.557833714685
2025-06-02 15:00:00,16277.557833714685
2025-06-02 15:15:00,16277.557833714685
2025-06-02 15:30:00,16277.557833714685
2025-06-02 15:45:00,16277.557833714685
2025-06-02 16:00:00,16277.557833714685
2025-06-02 16:15:00,16277.557833714685
2025-06-02 16:30:00,16277.557833714685
2025-06-02 16:45:00,16277.557833714685
2025-06-02 17:00:00,16277.557833714685
2025-06-02 17:15:00,16277.557833714685
2025-06-02 17:30:00,16277.557833714685
2025-06-02 17:45:00,16277.557833714685
2025-06-02 18:00:00,16277.557833714685
2025-06-02 18:15:00,16277.557833714685
2025-06-02 18:30:00,16277.557833714685
2025-06-02 18:45:00,16277.557833714685
2025-06-02 19:00:00,16277.557833714685
2025-06-02 19:15:00,16277.557833714685
2025-06-02 19:30:00,16277.557833714685
2025-06-02 19:45:00,16277.557833714685
2025-06-02 20:00:00,16277.557833714685
2025-06-02 20:15:00,16277.557833714685
2025-06-02 20:30:00,16277.557833714685
2025-06-02 20:45:00,16277.557833714685
2025-06-02 21:00:00,16277.557833714685
2025-06-02 21:15:00,16277.557833714685
2025-06-02 21:30:00,16277.557833714685
2025-06-02 21:45:00,16277.557833714685
2025-06-02 22:00:00,16277.557833714685
2025-06-02 22:15:00,16277.557833714685
2025-06-02 22:30:00,16277.557833714685
2025-06-02 22:45:00,16277.557833714685
2025-06-02 23:00:00,16277.557833714685
2025-06-02 23:15:00,16277.557833714685
2025-06-02 23:30:00,16277.557833714685
2025-06-02 23:45:00,16277.557833714685
2025-06-03 00:00:00,16277.557833714685
2025-06-03 00:15:00,16277.557833714685
2025-06-03 00:30:00,16277.557833714685
2025-06-03 00:45:00,16277.557833714685
2025-06-03 01:00:00,16277.557833714685
2025-06-03 01:15:00,16277.557833714685
2025-06-03 01:30:00,16277.557833714685
2025-06-03 01:45:00,16277.557833714685
2025-06-03 02:00:00,16277.557833714685
2025-06-03 02:15:00,16277.557833714685
2025-06-03 02:30:00,16277.557833714685
2025-06-03 02:45:00,16277.557833714685
2025-06-03 03:00:00,16277.557833714685
2025-06-03 03:15:00,16277.557833714685
2025-06-03 03:30:00,16277.557833714685
2025-06-03 03:45:00,16277.557833714685
2025-06-03 04:00:00,16277.557833714685
2025-06-03 04:15:00,16277.557833714685
2025-06-03 04:30:00,16277.557833714685
2025-06-03 04:45:00,16277.557833714685
2025-06-03 05:00:00,16277.557833714685
2025-06-03 05:15:00,16277.557833714685
2025-06-03 05:30:00,16277.557833714685
2025-06-03 05:45:00,16277.557833714685
2025-06-03 06:00:00,16277.557833714685
2025-06-03 06:15:00,16277.557833714685
2025-06-03 06:30:00,16277.557833714685
2025-06-03 06:45:00,16277.557833714685
2025-06-03 07:00:00,16277.557833714685
2025-06-03 07:15:00,16277.557833714685
2025-06-03 07:30:00,16277.557833714685
2025-06-03 07:45:00,16277.557833714685
2025-06-03 08:00:00,16277.557833714685
2025-06-03 08:15:00,16277.557833714685
2025-06-03 08:30:00,16277.557833714685
2025-06-03 08:45:00,16277.557833714685
2025-06-03 09:00:00,16277.557833714685
2025-06-03 09:15:00,16277.557833714685
2025-06-03 09:30:00,16277.557833714685
2025-06-03 09:45:00,16277.557833714685
2025-06-03 10:00:00,16277.557833714685
2025-06-03 10:15:00,16277.557833714685
2025-06-03 10:30:00,16277.557833714685
2025-06-03 10:45:00,16277.557833714685
2025-06-03 11:00:00,16277.557833714685
2025-06-03 11:15:00,16277.557833714685
2025-06-03 11:30:00,16277.557833714685
2025-06-03 11:45:00,16277.557833714685
2025-06-03 12:00:00,16277.557833714685
2025-06-03 12:15:00,16277.557833714685
2025-06-03 12:30:00,16277.557833714685
2025-06-03 12:45:00,16277.557833714685
2025-06-03 13:00:00,16277.557833714685
2025-06-03 13:15:00,16277.557833714685
2025-06-03 13:30:00,16277.557833714685
2025-06-03 13:45:00,16277.557833714685
2025-06-03 14:00:00,16277.557833714685
2025-06-03 14:15:00,16277.557833714685
2025-06-03 14:30:00,16277.557833714685
2025-06-03 14:45:00,16277.557833714685
2025-06-03 15:00:00,16277.557833714685
2025-06-03 15:15:00,16277.557833714685
2025-06-03 15:30:00,16277.557833714685
2025-06-03 15:45:00,16277.557833714685
2025-06-03 16:00:00,16277.557833714685
2025-06-03 16:15:00,16277.557833714685
2025-06-03 16:30:00,16277.557833714685
2025-06-03 16:45:00,16277.557833714685
2025-06-03 17:00:00,16277.557833714685
2025-06-03 17:15:00,16277.557833714685
2025-06-03 17:30:00,16277.557833714685
2025-06-03 17:45:00,16277.557833714685
2025-06-03 18:00:00,16277.557833714685
2025-06-03 18:15:00,16277.557833714685
2025-06-03 18:30:00,16277.557833714685
2025-06-03 18:45:00,16277.557833714685
2025-06-03 19:00:00,16277.557833714685
2025-06-03 19:15:00,16277.557833714685
2025-06-03 19:30:00,16277.557833714685
2025-06-03 19:45:00,16277.557833714685
2025-06-03 20:00:00,16277.557833714685
2025-06-03 20:15:00,16277.557833714685
2025-06-03 20:30:00,16277.557833714685
2025-06-03 20:45:00,16277.557833714685
2025-06-03 21:00:00,16277.557833714685
2025-06-03 21:15:00,16277.557833714685
2025-06-03 21:30:00,16277.557833714685
2025-06-03 21:45:00,16277.557833714685
2025-06-03 22:00:00,16277.557833714685
2025-06-03 22:15:00,16277.557833714685
2025-06-03 22:30:00,16277.557833714685
2025-06-03 22:45:00,16277.557833714685
2025-06-03 23:00:00,16277.557833714685
2025-06-03 23:15:00,16277.557833714685
2025-06-03 23:30:00,16277.557833714685
2025-06-03 23:45:00,16277.557833714685
2025-06-04 00:00:00,16277.557833714685
2025-06-04 00:15:00,16277.557833714685
2025-06-04 00:30:00,16277.557833714685
2025-06-04 00:45:00,16277.557833714685
2025-06-04 01:00:00,16277.557833714685
2025-06-04 01:15:00,16277.557833714685
2025-06-04 01:30:00,16277.557833714685
2025-06-04 01:45:00,16277.557833714685
2025-06-04 02:00:00,16277.557833714685
2025-06-04 02:15:00,16277.557833714685
2025-06-04 02:30:00,16277.557833714685
2025-06-04 02:45:00,16277.557833714685
2025-06-04 03:00:00,16277.557833714685
2025-06-04 03:15:00,16277.557833714685
2025-06-04 03:30:00,16277.557833714685
2025-06-04 03:45:00,16277.557833714685
2025-06-04 04:00:00,16277.557833714685
2025-06-04 04:15:00,16277.557833714685
2025-06-04 04:30:00,16277.557833714685
2025-06-04 04:45:00,16277.557833714685
2025-06-04 05:00:00,16277.557833714685
2025-06-04 05:15:00,16277.557833714685
2025-06-04 05:30:00,16277.557833714685
2025-06-04 05:45:00,16277.557833714685
2025-06-04 06:00:00,16277.557833714685
2025-06-04 06:15:00,16277.557833714685
2025-06-04 06:30:00,16277.557833714685
2025-06-04 06:45:00,16277.557833714685
2025-06-04 07:00:00,16277.557833714685
2025-06-04 07:15:00,16277.557833714685
2025-06-04 07:30:00,16277.557833714685
2025-06-04 07:45:00,16277.557833714685
2025-06-04 08:00:00,16277.557833714685
2025-06-04 08:15:00,16277.557833714685
2025-06-04 08:30:00,16277.557833714685
2025-06-04 08:45:00,16277.557833714685
2025-06-04 09:00:00,16277.557833714685
2025-06-04 09:15:00,16277.557833714685
2025-06-04 09:30:00,16277.557833714685
2025-06-04 09:45:00,16277.557833714685
2025-06-04 10:00:00,16277.557833714685
2025-06-04 10:15:00,16277.557833714685
2025-06-04 10:30:00,16277.557833714685
2025-06-04 10:45:00,16277.557833714685
2025-06-04 11:00:00,16277.557833714685
2025-06-04 11:15:00,16277.557833714685
2025-06-04 11:30:00,16277.557833714685
2025-06-04 11:45:00,16277.557833714685
2025-06-04 12:00:00,16277.557833714685
2025-06-04 12:15:00,16277.557833714685
2025-06-04 12:30:00,16277.557833714685
2025-06-04 12:45:00,16277.557833714685
2025-06-04 13:00:00,16277.557833714685
2025-06-04 13:15:00,16277.557833714685
2025-06-04 13:30:00,16277.557833714685
2025-06-04 13:45:00,16277.557833714685
2025-06-04 14:00:00,16277.557833714685
2025-06-04 14:15:00,16277.557833714685
2025-06-04 14:30:00,16277.557833714685
2025-06-04 14:45:00,16277.557833714685
2025-06-04 15:00:00,16277.557833714685
2025-06-04 15:15:00,16277.557833714685
2025-06-04 15:30:00,16277.557833714685
2025-06-04 15:45:00,16277.557833714685
2025-06-04 16:00:00,16277.557833714685
2025-06-04 16:15:00,16277.557833714685
2025-06-04 16:30:00,16277.557833714685
2025-06-04 16:45:00,16277.557833714685
2025-06-04 17:00:00,16277.557833714685
2025-06-04 17:15:00,16277.557833714685
2025-06-04 17:30:00,16277.557833714685
2025-06-04 17:45:00,16277.557833714685
2025-06-04 18:00:00,16277.557833714685
2025-06-04 18:15:00,16277.557833714685
2025-06-04 18:30:00,16277.557833714685
2025-06-04 18:45:00,16277.557833714685
2025-06-04 19:00:00,16277.557833714685
2025-06-04 19:15:00,16277.557833714685
2025-06-04 19:30:00,16277.557833714685
2025-06-04 19:45:00,16277.557833714685
2025-06-04 20:00:00,16277.557833714685
2025-06-04 20:15:00,16277.557833714685
2025-06-04 20:30:00,16277.557833714685
2025-06-04 20:45:00,16277.557833714685
2025-06-04 21:00:00,16277.557833714685
2025-06-04 21:15:00,16277.557833714685
2025-06-04 21:30:00,16277.557833714685
2025-06-04 21:45:00,16277.557833714685
2025-06-04 22:00:00,16277.557833714685
2025-06-04 22:15:00,16277.557833714685
2025-06-04 22:30:00,16277.557833714685
2025-06-04 22:45:00,16277.557833714685
2025-06-04 23:00:00,16277.557833714685
2025-06-04 23:15:00,16277.557833714685
2025-06-04 23:30:00,16277.557833714685
2025-06-04 23:45:00,16277.557833714685
2025-06-05 00:00:00,16277.557833714685
2025-06-05 00:15:00,16277.557833714685
2025-06-05 00:30:00,16277.557833714685
2025-06-05 00:45:00,16277.557833714685
2025-06-05 01:00:00,16277.557833714685
2025-06-05 01:15:00,16277.557833714685
2025-06-05 01:30:00,16277.557833714685
2025-06-05 01:45:00,16277.557833714685
2025-06-05 02:00:00,16277.557833714685
2025-06-05 02:15:00,16277.557833714685
2025-06-05 02:30:00,16277.557833714685
2025-06-05 02:45:00,16277.557833714685
2025-06-05 03:00:00,16277.557833714685
2025-06-05 03:15:00,16277.557833714685
2025-06-05 03:30:00,16277.557833714685
2025-06-05 03:45:00,16277.557833714685
2025-06-05 04:00:00,16277.557833714685
2025-06-05 04:15:00,16277.557833714685
2025-06-05 04:30:00,16277.557833714685
2025-06-05 04:45:00,16277.557833714685
2025-06-05 05:00:00,16277.557833714685
2025-06-05 05:15:00,16277.557833714685
2025-06-05 05:30:00,16277.557833714685
2025-06-05 05:45:00,16277.557833714685
2025-06-05 06:00:00,16277.557833714685
2025-06-05 06:15:00,16277.557833714685
2025-06-05 06:30:00,16277.557833714685
2025-06-05 06:45:00,16277.557833714685
2025-06-05 07:00:00,16277.557833714685
2025-06-05 07:15:00,16277.557833714685
2025-06-05 07:30:00,16277.557833714685
2025-06-05 07:45:00,16277.557833714685
2025-06-05 08:00:00,16277.557833714685
2025-06-05 08:15:00,16277.557833714685
2025-06-05 08:30:00,16277.557833714685
2025-06-05 08:45:00,16277.557833714685
2025-06-05 09:00:00,16277.557833714685
2025-06-05 09:15:00,16277.557833714685
2025-06-05 09:30:00,16277.557833714685
2025-06-05 09:45:00,16277.557833714685
2025-06-05 10:00:00,16277.557833714685
2025-06-05 10:15:00,16277.557833714685
2025-06-05 10:30:00,16277.557833714685
2025-06-05 10:45:00,16277.557833714685
2025-06-05 11:00:00,16277.557833714685
2025-06-05 11:15:00,16277.557833714685
2025-06-05 11:30:00,16277.557833714685
2025-06-05 11:45:00,16277.557833714685
2025-06-05 12:00:00,16277.557833714685
2025-06-05 12:15:00,16277.557833714685
2025-06-05 12:30:00,16277.557833714685
2025-06-05 12:45:00,16277.557833714685
2025-06-05 13:00:00,16277.557833714685
2025-06-05 13:15:00,16277.557833714685
2025-06-05 13:30:00,16277.557833714685
2025-06-05 13:45:00,16277.557833714685
2025-06-05 14:00:00,16277.557833714685
2025-06-05 14:15:00,16277.557833714685
2025-06-05 14:30:00,16277.557833714685
2025-06-05 14:45:00,16277.557833714685
2025-06-05 15:00:00,16277.557833714685
2025-06-05 15:15:00,16277.557833714685
2025-06-05 15:30:00,16277.557833714685
2025-06-05 15:45:00,16277.557833714685
2025-06-05 16:00:00,16277.557833714685
2025-06-05 16:15:00,16277.557833714685
2025-06-05 16:30:00,16277.557833714685
2025-06-05 16:45:00,16277.557833714685
2025-06-05 17:00:00,16277.557833714685
2025-06-05 17:15:00,16277.557833714685
2025-06-05 17:30:00,16277.557833714685
2025-06-05 17:45:00,16277.557833714685
2025-06-05 18:00:00,16277.557833714685
2025-06-05 18:15:00,16277.557833714685
2025-06-05 18:30:00,16277.557833714685
2025-06-05 18:45:00,16277.557833714685
2025-06-05 19:00:00,16277.557833714685
2025-06-05 19:15:00,16277.557833714685
2025-06-05 19:30:00,16277.557833714685
2025-06-05 19:45:00,16277.557833714685
2025-06-05 20:00:00,16277.557833714685
2025-06-05 20:15:00,16277.557833714685
2025-06-05 20:30:00,16277.557833714685
2025-06-05 20:45:00,16277.557833714685
2025-06-05 21:00:00,16277.557833714685
2025-06-05 21:15:00,16277.557833714685
2025-06-05 21:30:00,16277.557833714685
2025-06-05 21:45:00,16277.557833714685
2025-06-05 22:00:00,16277.557833714685
2025-06-05 22:15:00,16277.557833714685
2025-06-05 22:30:00,16277.557833714685
2025-06-05 22:45:00,16277.557833714685
2025-06-05 23:00:00,16277.557833714685
2025-06-05 23:15:00,16277.557833714685
2025-06-05 23:30:00,16277.557833714685
2025-06-05 23:45:00,16277.557833714685
2025-06-06 00:00:00,16277.557833714685
2025-06-06 00:15:00,16277.557833714685
2025-06-06 00:30:00,16277.557833714685
2025-06-06 00:45:00,16277.557833714685
2025-06-06 01:00:00,16277.557833714685
2025-06-06 01:15:00,16277.557833714685
2025-06-06 01:30:00,16277.557833714685
2025-06-06 01:45:00,16277.557833714685
2025-06-06 02:00:00,16277.557833714685
2025-06-06 02:15:00,16277.557833714685
2025-06-06 02:30:00,16277.557833714685
2025-06-06 02:45:00,16277.557833714685
2025-06-06 03:00:00,16277.557833714685
2025-06-06 03:15:00,16277.557833714685
2025-06-06 03:30:00,16277.557833714685
2025-06-06 03:45:00,16277.557833714685
2025-06-06 04:00:00,16277.557833714685
2025-06-06 04:15:00,16277.557833714685
2025-06-06 04:30:00,16277.557833714685
2025-06-06 04:45:00,16277.557833714685
2025-06-06 05:00:00,16277.557833714685
2025-06-06 05:15:00,16277.557833714685
2025-06-06 05:30:00,16277.557833714685
2025-06-06 05:45:00,16277.557833714685
2025-06-06 06:00:00,16277.557833714685
2025-06-06 06:15:00,16277.557833714685
2025-06-06 06:30:00,16277.557833714685
2025-06-06 06:45:00,16277.557833714685
2025-06-06 07:00:00,16277.557833714685
2025-06-06 07:15:00,16277.557833714685
2025-06-06 07:30:00,16277.557833714685
2025-06-06 07:45:00,16277.557833714685
2025-06-06 08:00:00,16277.557833714685
2025-06-06 08:15:00,16277.557833714685
2025-06-06 08:30:00,16277.557833714685
2025-06-06 08:45:00,16277.557833714685
2025-06-06 09:00:00,16277.557833714685
2025-06-06 09:15:00,16277.557833714685
2025-06-06 09:30:00,16277.557833714685
2025-06-06 09:45:00,16277.557833714685
2025-06-06 10:00:00,16277.557833714685
2025-06-06 10:15:00,16277.557833714685
2025-06-06 10:30:00,16277.557833714685
2025-06-06 10:45:00,16277.557833714685
2025-06-06 11:00:00,16277.557833714685
2025-06-06 11:15:00,16277.557833714685
2025-06-06 11:30:00,16277.557833714685
2025-06-06 11:45:00,16277.557833714685
2025-06-06 12:00:00,16277.557833714685
2025-06-06 12:15:00,16277.557833714685
2025-06-06 12:30:00,16277.557833714685
2025-06-06 12:45:00,16277.557833714685
2025-06-06 13:00:00,16277.557833714685
2025-06-06 13:15:00,16277.557833714685
2025-06-06 13:30:00,16277.557833714685
2025-06-06 13:45:00,16277.557833714685
2025-06-06 14:00:00,16277.557833714685
2025-06-06 14:15:00,16277.557833714685
2025-06-06 14:30:00,16277.557833714685
2025-06-06 14:45:00,16277.557833714685
2025-06-06 15:00:00,16277.557833714685
2025-06-06 15:15:00,16277.557833714685
2025-06-06 15:30:00,16277.557833714685
2025-06-06 15:45:00,16277.557833714685
2025-06-06 16:00:00,16277.557833714685
2025-06-06 16:15:00,16277.557833714685
2025-06-06 16:30:00,16277.557833714685
2025-06-06 16:45:00,16277.557833714685
2025-06-06 17:00:00,16277.557833714685
2025-06-06 17:15:00,16277.557833714685
2025-06-06 17:30:00,16277.557833714685
2025-06-06 17:45:00,16277.557833714685
2025-06-06 18:00:00,16277.557833714685
2025-06-06 18:15:00,16277.557833714685
2025-06-06 18:30:00,16277.557833714685
2025-06-06 18:45:00,16277.557833714685
2025-06-06 19:00:00,16277.557833714685
2025-06-06 19:15:00,16277.557833714685
2025-06-06 19:30:00,16277.557833714685
2025-06-06 19:45:00,16277.557833714685
2025-06-06 20:00:00,16277.557833714685
2025-06-06 20:15:00,16277.557833714685
2025-06-06 20:30:00,16277.557833714685
2025-06-06 20:45:00,16277.557833714685
2025-06-06 21:00:00,16277.557833714685
2025-06-06 21:15:00,16277.557833714685
2025-06-06 21:30:00,16277.557833714685
2025-06-06 21:45:00,16277.557833714685
2025-06-06 22:00:00,16277.557833714685
2025-06-06 22:15:00,16277.557833714685
2025-06-06 22:30:00,16277.557833714685
2025-06-06 22:45:00,16277.557833714685
2025-06-06 23:00:00,16277.557833714685
2025-06-06 23:15:00,16277.557833714685
2025-06-06 23:30:00,16277.557833714685
2025-06-06 23:45:00,16277.557833714685
2025-06-09 00:00:00,16277.557833714685
2025-06-09 00:15:00,16277.557833714685
2025-06-09 00:30:00,16277.557833714685
2025-06-09 00:45:00,16277.557833714685
2025-06-09 01:00:00,16277.557833714685
2025-06-09 01:15:00,16277.557833714685
2025-06-09 01:30:00,16277.557833714685
2025-06-09 01:45:00,16277.557833714685
2025-06-09 02:00:00,16277.557833714685
2025-06-09 02:15:00,16277.557833714685
2025-06-09 02:30:00,16277.557833714685
2025-06-09 02:45:00,16277.557833714685
2025-06-09 03:00:00,16277.557833714685
2025-06-09 03:15:00,16277.557833714685
2025-06-09 03:30:00,16277.557833714685
2025-06-09 03:45:00,16277.557833714685
2025-06-09 04:00:00,16277.557833714685
2025-06-09 04:15:00,16277.557833714685
2025-06-09 04:30:00,16277.557833714685
2025-06-09 04:45:00,16277.557833714685
2025-06-09 05:00:00,16277.557833714685
2025-06-09 05:15:00,16277.557833714685
2025-06-09 05:30:00,16277.557833714685
2025-06-09 05:45:00,16277.557833714685
2025-06-09 06:00:00,16277.557833714685
2025-06-09 06:15:00,16277.557833714685
2025-06-09 06:30:00,16277.557833714685
2025-06-09 06:45:00,16277.557833714685
2025-06-09 07:00:00,16277.557833714685
2025-06-09 07:15:00,16277.557833714685
2025-06-09 07:30:00,16277.557833714685
2025-06-09 07:45:00,16277.557833714685
2025-06-09 08:00:00,16277.557833714685
2025-06-09 08:15:00,16277.557833714685
2025-06-09 08:30:00,16277.557833714685
2025-06-09 08:45:00,16277.557833714685
2025-06-09 09:00:00,16277.557833714685
2025-06-09 09:15:00,16277.557833714685
2025-06-09 09:30:00,16277.557833714685
2025-06-09 09:45:00,16277.557833714685
2025-06-09 10:00:00,16277.557833714685
2025-06-09 10:15:00,16277.557833714685
2025-06-09 10:30:00,16277.557833714685
2025-06-09 10:45:00,16277.557833714685
2025-06-09 11:00:00,16277.557833714685
2025-06-09 11:15:00,16277.557833714685
2025-06-09 11:30:00,16277.557833714685
2025-06-09 11:45:00,16277.557833714685
2025-06-09 12:00:00,16277.557833714685
2025-06-09 12:15:00,16277.557833714685
2025-06-09 12:30:00,16277.557833714685
2025-06-09 12:45:00,16277.557833714685
2025-06-09 13:00:00,16277.557833714685
2025-06-09 13:15:00,16277.557833714685
2025-06-09 13:30:00,16277.557833714685
2025-06-09 13:45:00,16277.557833714685
2025-06-09 14:00:00,16277.557833714685
2025-06-09 14:15:00,16277.557833714685
2025-06-09 14:30:00,16277.557833714685
2025-06-09 14:45:00,16277.557833714685
2025-06-09 15:00:00,16277.557833714685
2025-06-09 15:15:00,16277.557833714685
2025-06-09 15:30:00,16277.557833714685
2025-06-09 15:45:00,16277.557833714685
2025-06-09 16:00:00,16277.557833714685
2025-06-09 16:15:00,16277.557833714685
2025-06-09 16:30:00,16277.557833714685
2025-06-09 16:45:00,16277.557833714685
2025-06-09 17:00:00,16277.557833714685
2025-06-09 17:15:00,16277.557833714685
2025-06-09 17:30:00,16277.557833714685
2025-06-09 17:45:00,16277.557833714685
2025-06-09 18:00:00,16277.557833714685
2025-06-09 18:15:00,16277.557833714685
2025-06-09 18:30:00,16277.557833714685
2025-06-09 18:45:00,16277.557833714685
2025-06-09 19:00:00,16277.557833714685
2025-06-09 19:15:00,16277.557833714685
2025-06-09 19:30:00,16277.557833714685
2025-06-09 19:45:00,16277.557833714685
2025-06-09 20:00:00,16277.557833714685
2025-06-09 20:15:00,16277.557833714685
2025-06-09 20:30:00,16277.557833714685
2025-06-09 20:45:00,16277.557833714685
2025-06-09 21:00:00,16277.557833714685
2025-06-09 21:15:00,16277.557833714685
2025-06-09 21:30:00,16277.557833714685
2025-06-09 21:45:00,16277.557833714685
2025-06-09 22:00:00,16277.557833714685
2025-06-09 22:15:00,16277.557833714685
2025-06-09 22:30:00,16277.557833714685
2025-06-09 22:45:00,16277.557833714685
2025-06-09 23:00:00,16277.557833714685
2025-06-09 23:15:00,16277.557833714685
2025-06-09 23:30:00,16277.557833714685
2025-06-09 23:45:00,16277.557833714685
2025-06-10 00:00:00,16277.557833714685
2025-06-10 00:15:00,16277.557833714685
2025-06-10 00:30:00,16277.557833714685
2025-06-10 00:45:00,16277.557833714685
2025-06-10 01:00:00,16277.557833714685
2025-06-10 01:15:00,16277.557833714685
2025-06-10 01:30:00,16277.557833714685
2025-06-10 01:45:00,16277.557833714685
2025-06-10 02:00:00,16277.557833714685
2025-06-10 02:15:00,16277.557833714685
2025-06-10 02:30:00,16277.557833714685
2025-06-10 02:45:00,16277.557833714685
2025-06-10 03:00:00,16277.557833714685
2025-06-10 03:15:00,16277.557833714685
2025-06-10 03:30:00,16277.557833714685
2025-06-10 03:45:00,16277.557833714685
2025-06-10 04:00:00,16277.557833714685
2025-06-10 04:15:00,16277.557833714685
2025-06-10 04:30:00,16277.557833714685
2025-06-10 04:45:00,16277.557833714685
2025-06-10 05:00:00,16277.557833714685
2025-06-10 05:15:00,16277.557833714685
2025-06-10 05:30:00,16277.557833714685
2025-06-10 05:45:00,16277.557833714685
2025-06-10 06:00:00,16277.557833714685
2025-06-10 06:15:00,16277.557833714685
2025-06-10 06:30:00,16277.557833714685
2025-06-10 06:45:00,16277.557833714685
2025-06-10 07:00:00,16277.557833714685
2025-06-10 07:15:00,16277.557833714685
2025-06-10 07:30:00,16277.557833714685
2025-06-10 07:45:00,16277.557833714685
2025-06-10 08:00:00,16277.557833714685
2025-06-10 08:15:00,16277.557833714685
2025-06-10 08:30:00,16277.557833714685
2025-06-10 08:45:00,16277.557833714685
2025-06-10 09:00:00,16277.557833714685
2025-06-10 09:15:00,16277.557833714685
2025-06-10 09:30:00,16277.557833714685
2025-06-10 09:45:00,16277.557833714685
2025-06-10 10:00:00,16277.557833714685
2025-06-10 10:15:00,16277.557833714685
2025-06-10 10:30:00,16277.557833714685
2025-06-10 10:45:00,16277.557833714685
2025-06-10 11:00:00,16277.557833714685
2025-06-10 11:15:00,16277.557833714685
2025-06-10 11:30:00,16277.557833714685
2025-06-10 11:45:00,16277.557833714685
2025-06-10 12:00:00,16277.557833714685
2025-06-10 12:15:00,16277.557833714685
2025-06-10 12:30:00,16277.557833714685
2025-06-10 12:45:00,16277.557833714685
2025-06-10 13:00:00,16277.557833714685
2025-06-10 13:15:00,16277.557833714685
2025-06-10 13:30:00,16277.557833714685
2025-06-10 13:45:00,16277.557833714685
2025-06-10 14:00:00,16277.557833714685
2025-06-10 14:15:00,16277.557833714685
2025-06-10 14:30:00,16277.557833714685
2025-06-10 14:45:00,16277.557833714685
2025-06-10 15:00:00,16277.557833714685
2025-06-10 15:15:00,16277.557833714685
2025-06-10 15:30:00,16277.557833714685
2025-06-10 15:45:00,16277.557833714685
2025-06-10 16:00:00,16277.557833714685
2025-06-10 16:15:00,16277.557833714685
2025-06-10 16:30:00,16277.557833714685
2025-06-10 16:45:00,16277.557833714685
2025-06-10 17:00:00,16277.557833714685
2025-06-10 17:15:00,16277.557833714685
2025-06-10 17:30:00,16277.557833714685
2025-06-10 17:45:00,16277.557833714685
2025-06-10 18:00:00,16277.557833714685
2025-06-10 18:15:00,16277.557833714685
2025-06-10 18:30:00,16277.557833714685
2025-06-10 18:45:00,16277.557833714685
2025-06-10 19:00:00,16277.557833714685
2025-06-10 19:15:00,16277.557833714685
2025-06-10 19:30:00,16277.557833714685
2025-06-10 19:45:00,16277.557833714685
2025-06-10 20:00:00,16277.557833714685
2025-06-10 20:15:00,16277.557833714685
2025-06-10 20:30:00,16277.557833714685
2025-06-10 20:45:00,16277.557833714685
2025-06-10 21:00:00,16277.557833714685
2025-06-10 21:15:00,16277.557833714685
2025-06-10 21:30:00,16277.557833714685
2025-06-10 21:45:00,16277.557833714685
2025-06-10 22:00:00,16277.557833714685
2025-06-10 22:15:00,16277.557833714685
2025-06-10 22:30:00,16277.557833714685
2025-06-10 22:45:00,16277.557833714685
2025-06-10 23:00:00,16277.557833714685
2025-06-10 23:15:00,16277.557833714685
2025-06-10 23:30:00,16277.557833714685
2025-06-10 23:45:00,16277.557833714685
2025-06-11 00:00:00,16277.557833714685
2025-06-11 00:15:00,16277.557833714685
2025-06-11 00:30:00,16277.557833714685
2025-06-11 00:45:00,16277.557833714685
2025-06-11 01:00:00,16277.557833714685
2025-06-11 01:15:00,16277.557833714685
2025-06-11 01:30:00,16277.557833714685
2025-06-11 01:45:00,16277.557833714685
2025-06-11 02:00:00,16277.557833714685
2025-06-11 02:15:00,16277.557833714685
2025-06-11 02:30:00,16277.557833714685
2025-06-11 02:45:00,16277.557833714685
2025-06-11 03:00:00,16277.557833714685
2025-06-11 03:15:00,16277.557833714685
2025-06-11 03:30:00,16277.557833714685
2025-06-11 03:45:00,16277.557833714685
2025-06-11 04:00:00,16277.557833714685
2025-06-11 04:15:00,16277.557833714685
2025-06-11 04:30:00,16277.557833714685
2025-06-11 04:45:00,16277.557833714685
2025-06-11 05:00:00,16277.557833714685
2025-06-11 05:15:00,16277.557833714685
2025-06-11 05:30:00,16277.557833714685
2025-06-11 05:45:00,16277.557833714685
2025-06-11 06:00:00,16277.557833714685
2025-06-11 06:15:00,16277.557833714685
2025-06-11 06:30:00,16277.557833714685
2025-06-11 06:45:00,16277.557833714685
2025-06-11 07:00:00,16277.557833714685
2025-06-11 07:15:00,16277.557833714685
2025-06-11 07:30:00,16277.557833714685
2025-06-11 07:45:00,16277.557833714685
2025-06-11 08:00:00,16277.557833714685
2025-06-11 08:15:00,16277.557833714685
2025-06-11 08:30:00,16277.557833714685
2025-06-11 08:45:00,16277.557833714685
2025-06-11 09:00:00,16277.557833714685
2025-06-11 09:15:00,16277.557833714685
2025-06-11 09:30:00,16277.557833714685
2025-06-11 09:45:00,16277.557833714685
2025-06-11 10:00:00,16277.557833714685
2025-06-11 10:15:00,16277.557833714685
2025-06-11 10:30:00,16277.557833714685
2025-06-11 10:45:00,16277.557833714685
2025-06-11 11:00:00,16277.557833714685
2025-06-11 11:15:00,16277.557833714685
2025-06-11 11:30:00,16277.557833714685
2025-06-11 11:45:00,16277.557833714685
2025-06-11 12:00:00,16277.557833714685
2025-06-11 12:15:00,16277.557833714685
2025-06-11 12:30:00,16277.557833714685
2025-06-11 12:45:00,16277.557833714685
2025-06-11 13:00:00,16277.557833714685
2025-06-11 13:15:00,16277.557833714685
2025-06-11 13:30:00,16277.557833714685
2025-06-11 13:45:00,16277.557833714685
2025-06-11 14:00:00,16277.557833714685
2025-06-11 14:15:00,16277.557833714685
2025-06-11 14:30:00,16277.557833714685
2025-06-11 14:45:00,16277.557833714685
2025-06-11 15:00:00,16277.557833714685
2025-06-11 15:15:00,16277.557833714685
2025-06-11 15:30:00,16277.557833714685
2025-06-11 15:45:00,16277.557833714685
2025-06-11 16:00:00,16277.557833714685
2025-06-11 16:15:00,16277.557833714685
2025-06-11 16:30:00,16277.557833714685
2025-06-11 16:45:00,16277.557833714685
2025-06-11 17:00:00,16277.557833714685
2025-06-11 17:15:00,16277.557833714685
2025-06-11 17:30:00,16277.557833714685
2025-06-11 17:45:00,16277.557833714685
2025-06-11 18:00:00,16277.557833714685
2025-06-11 18:15:00,16277.557833714685
2025-06-11 18:30:00,16277.557833714685
2025-06-11 18:45:00,16277.557833714685
2025-06-11 19:00:00,16277.557833714685
2025-06-11 19:15:00,16277.557833714685
2025-06-11 19:30:00,16277.557833714685
2025-06-11 19:45:00,16277.557833714685
2025-06-11 20:00:00,16277.557833714685
2025-06-11 20:15:00,16277.557833714685
2025-06-11 20:30:00,16277.557833714685
2025-06-11 20:45:00,16277.557833714685
2025-06-11 21:00:00,16277.557833714685
2025-06-11 21:15:00,16277.557833714685
2025-06-11 21:30:00,16277.557833714685
2025-06-11 21:45:00,16277.557833714685
2025-06-11 22:00:00,16277.557833714685
2025-06-11 22:15:00,16277.557833714685
2025-06-11 22:30:00,16277.557833714685
2025-06-11 22:45:00,16277.557833714685
2025-06-11 23:00:00,16277.557833714685
2025-06-11 23:15:00,16277.557833714685
2025-06-11 23:30:00,16277.557833714685
2025-06-11 23:45:00,16277.557833714685
2025-06-12 00:00:00,16277.557833714685
2025-06-12 00:15:00,16277.557833714685
2025-06-12 00:30:00,16277.557833714685
2025-06-12 00:45:00,16277.557833714685
2025-06-12 01:00:00,16277.557833714685
2025-06-12 01:15:00,16277.557833714685
2025-06-12 01:30:00,16277.557833714685
2025-06-12 01:45:00,16277.557833714685
2025-06-12 02:00:00,16277.557833714685
2025-06-12 02:15:00,16277.557833714685
2025-06-12 02:30:00,16277.557833714685
2025-06-12 02:45:00,16277.557833714685
2025-06-12 03:00:00,16277.557833714685
2025-06-12 03:15:00,16277.557833714685
2025-06-12 03:30:00,16277.557833714685
2025-06-12 03:45:00,16277.557833714685
2025-06-12 04:00:00,16277.557833714685
2025-06-12 04:15:00,16277.557833714685
2025-06-12 04:30:00,16277.557833714685
2025-06-12 04:45:00,16277.557833714685
2025-06-12 05:00:00,16277.557833714685
2025-06-12 05:15:00,16277.557833714685
2025-06-12 05:30:00,16277.557833714685
2025-06-12 05:45:00,16277.557833714685
2025-06-12 06:00:00,16277.557833714685
2025-06-12 06:15:00,16277.557833714685
2025-06-12 06:30:00,16277.557833714685
2025-06-12 06:45:00,16277.557833714685
2025-06-12 07:00:00,16277.557833714685
2025-06-12 07:15:00,16277.557833714685
2025-06-12 07:30:00,16277.557833714685
2025-06-12 07:45:00,16277.557833714685
2025-06-12 08:00:00,16277.557833714685
2025-06-12 08:15:00,16277.557833714685
2025-06-12 08:30:00,16277.557833714685
2025-06-12 08:45:00,16277.557833714685
2025-06-12 09:00:00,16277.557833714685
2025-06-12 09:15:00,16277.557833714685
2025-06-12 09:30:00,16277.557833714685
2025-06-12 09:45:00,16277.557833714685
2025-06-12 10:00:00,16277.557833714685
2025-06-12 10:15:00,16277.557833714685
2025-06-12 10:30:00,16277.557833714685
2025-06-12 10:45:00,16277.557833714685
2025-06-12 11:00:00,16277.557833714685
2025-06-12 11:15:00,16277.557833714685
2025-06-12 11:30:00,16277.557833714685
2025-06-12 11:45:00,16277.557833714685
2025-06-12 12:00:00,16277.557833714685
2025-06-12 12:15:00,16277.557833714685
2025-06-12 12:30:00,16277.557833714685
2025-06-12 12:45:00,16277.557833714685
2025-06-12 13:00:00,16277.557833714685
2025-06-12 13:15:00,16277.557833714685
2025-06-12 13:30:00,16277.557833714685
2025-06-12 13:45:00,16277.557833714685
2025-06-12 14:00:00,16277.557833714685
2025-06-12 14:15:00,16277.557833714685
2025-06-12 14:30:00,16277.557833714685
2025-06-12 14:45:00,16277.557833714685
2025-06-12 15:00:00,16277.557833714685
2025-06-12 15:15:00,16277.557833714685
2025-06-12 15:30:00,16277.557833714685
2025-06-12 15:45:00,16277.557833714685
2025-06-12 16:00:00,16277.557833714685
2025-06-12 16:15:00,16277.557833714685
2025-06-12 16:30:00,16277.557833714685
2025-06-12 16:45:00,16277.557833714685
2025-06-12 17:00:00,16277.557833714685
2025-06-12 17:15:00,16277.557833714685
2025-06-12 17:30:00,16277.557833714685
2025-06-12 17:45:00,16277.557833714685
2025-06-12 18:00:00,16277.557833714685
2025-06-12 18:15:00,16277.557833714685
2025-06-12 18:30:00,16277.557833714685
2025-06-12 18:45:00,16277.557833714685
2025-06-12 19:00:00,16277.557833714685
2025-06-12 19:15:00,16277.557833714685
2025-06-12 19:30:00,16277.557833714685
2025-06-12 19:45:00,16277.557833714685
2025-06-12 20:00:00,16277.557833714685
2025-06-12 20:15:00,16277.557833714685
2025-06-12 20:30:00,16277.557833714685
2025-06-12 20:45:00,16277.557833714685
2025-06-12 21:00:00,16277.557833714685
2025-06-12 21:15:00,16277.557833714685
2025-06-12 21:30:00,16277.557833714685
2025-06-12 21:45:00,16277.557833714685
2025-06-12 22:00:00,16277.557833714685
2025-06-12 22:15:00,16277.557833714685
2025-06-12 22:30:00,16277.557833714685
2025-06-12 22:45:00,16277.557833714685
2025-06-12 23:00:00,16277.557833714685
2025-06-12 23:15:00,16277.557833714685
2025-06-12 23:30:00,16277.557833714685
2025-06-12 23:45:00,16277.557833714685
2025-06-13 00:00:00,16277.557833714685
2025-06-13 00:15:00,16277.557833714685
2025-06-13 00:30:00,16277.557833714685
2025-06-13 00:45:00,16277.557833714685
2025-06-13 01:00:00,16277.557833714685
2025-06-13 01:15:00,16277.557833714685
2025-06-13 01:30:00,16277.557833714685
2025-06-13 01:45:00,16277.557833714685
2025-06-13 02:00:00,16277.557833714685
2025-06-13 02:15:00,16277.557833714685
2025-06-13 02:30:00,16277.557833714685
2025-06-13 02:45:00,16277.557833714685
2025-06-13 03:00:00,16277.557833714685
2025-06-13 03:15:00,16277.557833714685
2025-06-13 03:30:00,16277.557833714685
2025-06-13 03:45:00,16277.557833714685
2025-06-13 04:00:00,16277.557833714685
2025-06-13 04:15:00,16277.557833714685
2025-06-13 04:30:00,16277.557833714685
2025-06-13 04:45:00,16277.557833714685
2025-06-13 05:00:00,16277.557833714685
2025-06-13 05:15:00,16277.557833714685
2025-06-13 05:30:00,16277.557833714685
2025-06-13 05:45:00,16277.557833714685
2025-06-13 06:00:00,16277.557833714685
2025-06-13 06:15:00,16277.557833714685
2025-06-13 06:30:00,16277.557833714685
2025-06-13 06:45:00,16277.557833714685
2025-06-13 07:00:00,16277.557833714685
2025-06-13 07:15:00,16277.557833714685
2025-06-13 07:30:00,16277.557833714685
2025-06-13 07:45:00,16277.557833714685
2025-06-13 08:00:00,16277.557833714685
2025-06-13 08:15:00,16277.557833714685
2025-06-13 08:30:00,16277.557833714685
2025-06-13 08:45:00,16277.557833714685
2025-06-13 09:00:00,16277.557833714685
2025-06-13 09:15:00,16277.557833714685
2025-06-13 09:30:00,16277.557833714685
2025-06-13 09:45:00,16277.557833714685
2025-06-13 10:00:00,16277.557833714685
2025-06-13 10:15:00,16277.557833714685
2025-06-13 10:30:00,16277.557833714685
2025-06-13 10:45:00,16277.557833714685
2025-06-13 11:00:00,16277.557833714685
2025-06-13 11:15:00,16277.557833714685
2025-06-13 11:30:00,16277.557833714685
2025-06-13 11:45:00,16277.557833714685
2025-06-13 12:00:00,16277.557833714685
2025-06-13 12:15:00,16277.557833714685
2025-06-13 12:30:00,16277.557833714685
2025-06-13 12:45:00,16277.557833714685
2025-06-13 13:00:00,16277.557833714685
2025-06-13 13:15:00,16277.557833714685
2025-06-13 13:30:00,16277.557833714685
2025-06-13 13:45:00,16277.557833714685
2025-06-13 14:00:00,16277.557833714685
2025-06-13 14:15:00,16277.557833714685
2025-06-13 14:30:00,16277.557833714685
2025-06-13 14:45:00,16277.557833714685
2025-06-13 15:00:00,16277.557833714685
2025-06-13 15:15:00,16277.557833714685
2025-06-13 15:30:00,16277.557833714685
2025-06-13 15:45:00,16277.557833714685
2025-06-13 16:00:00,16277.557833714685
2025-06-13 16:15:00,16277.557833714685
2025-06-13 16:30:00,16277.557833714685
2025-06-13 16:45:00,16277.557833714685
2025-06-13 17:00:00,16277.557833714685
2025-06-13 17:15:00,16277.557833714685
2025-06-13 17:30:00,16277.557833714685
2025-06-13 17:45:00,16277.557833714685
2025-06-13 18:00:00,16277.557833714685
2025-06-13 18:15:00,16277.557833714685
2025-06-13 18:30:00,16277.557833714685
2025-06-13 18:45:00,16277.557833714685
2025-06-13 19:00:00,16277.557833714685
2025-06-13 19:15:00,16277.557833714685
2025-06-13 19:30:00,16277.557833714685
2025-06-13 19:45:00,16277.557833714685
2025-06-13 20:00:00,16277.557833714685
2025-06-13 20:15:00,16277.557833714685
2025-06-13 20:30:00,16277.557833714685
2025-06-13 20:45:00,16277.557833714685
2025-06-13 21:00:00,16277.557833714685
2025-06-13 21:15:00,16277.557833714685
2025-06-13 21:30:00,16277.557833714685
2025-06-13 21:45:00,16277.557833714685
2025-06-13 22:00:00,16277.557833714685
2025-06-13 22:15:00,16277.557833714685
2025-06-13 22:30:00,16277.557833714685
2025-06-13 22:45:00,16277.557833714685
2025-06-13 23:00:00,16277.557833714685
2025-06-13 23:15:00,16277.557833714685
2025-06-13 23:30:00,16277.557833714685
2025-06-13 23:45:00,16277.557833714685
2025-06-16 00:00:00,16277.557833714685
2025-06-16 00:15:00,16277.557833714685
2025-06-16 00:30:00,16277.557833714685
2025-06-16 00:45:00,16277.557833714685
2025-06-16 01:00:00,16277.557833714685
2025-06-16 01:15:00,16277.557833714685
2025-06-16 01:30:00,16277.557833714685
2025-06-16 01:45:00,16277.557833714685
2025-06-16 02:00:00,16277.557833714685
2025-06-16 02:15:00,16277.557833714685
2025-06-16 02:30:00,16277.557833714685
2025-06-16 02:45:00,16277.557833714685
2025-06-16 03:00:00,16277.557833714685
2025-06-16 03:15:00,16277.557833714685
2025-06-16 03:30:00,16277.557833714685
2025-06-16 03:45:00,16277.557833714685
2025-06-16 04:00:00,16277.557833714685
2025-06-16 04:15:00,16277.557833714685
2025-06-16 04:30:00,16277.557833714685
2025-06-16 04:45:00,16277.557833714685
2025-06-16 05:00:00,16277.557833714685
2025-06-16 05:15:00,16277.557833714685
2025-06-16 05:30:00,16277.557833714685
2025-06-16 05:45:00,16277.557833714685
2025-06-16 06:00:00,16277.557833714685
2025-06-16 06:15:00,16277.557833714685
2025-06-16 06:30:00,16277.557833714685
2025-06-16 06:45:00,16277.557833714685
2025-06-16 07:00:00,16277.557833714685
2025-06-16 07:15:00,16277.557833714685
2025-06-16 07:30:00,16277.557833714685
2025-06-16 07:45:00,16277.557833714685
2025-06-16 08:00:00,16277.557833714685
2025-06-16 08:15:00,16277.557833714685
2025-06-16 08:30:00,16277.557833714685
2025-06-16 08:45:00,16277.557833714685
2025-06-16 09:00:00,16277.557833714685
2025-06-16 09:15:00,16277.557833714685
2025-06-16 09:30:00,16277.557833714685
2025-06-16 09:45:00,16277.557833714685
2025-06-16 10:00:00,16277.557833714685
2025-06-16 10:15:00,16277.557833714685
2025-06-16 10:30:00,16277.557833714685
2025-06-16 10:45:00,16277.557833714685
2025-06-16 11:00:00,16277.557833714685
2025-06-16 11:15:00,16277.557833714685
2025-06-16 11:30:00,16277.557833714685
2025-06-16 11:45:00,16277.557833714685
2025-06-16 12:00:00,16277.557833714685
2025-06-16 12:15:00,16277.557833714685
2025-06-16 12:30:00,16277.557833714685
2025-06-16 12:45:00,16277.557833714685
2025-06-16 13:00:00,16277.557833714685
2025-06-16 13:15:00,16277.557833714685
2025-06-16 13:30:00,16277.557833714685
2025-06-16 13:45:00,16277.557833714685
2025-06-16 14:00:00,16277.557833714685
2025-06-16 14:15:00,16277.557833714685
2025-06-16 14:30:00,16277.557833714685
2025-06-16 14:45:00,16277.557833714685
2025-06-16 15:00:00,16277.557833714685
2025-06-16 15:15:00,16277.557833714685
2025-06-16 15:30:00,16277.557833714685
2025-06-16 15:45:00,16277.557833714685
2025-06-16 16:00:00,16277.557833714685
2025-06-16 16:15:00,16277.557833714685
2025-06-16 16:30:00,16277.557833714685
2025-06-16 16:45:00,16277.557833714685
2025-06-16 17:00:00,16277.557833714685
2025-06-16 17:15:00,16277.557833714685
2025-06-16 17:30:00,16277.557833714685
2025-06-16 17:45:00,16277.557833714685
2025-06-16 18:00:00,16277.557833714685
2025-06-16 18:15:00,16277.557833714685
2025-06-16 18:30:00,16277.557833714685
2025-06-16 18:45:00,16277.557833714685
2025-06-16 19:00:00,16277.557833714685
2025-06-16 19:15:00,16277.557833714685
2025-06-16 19:30:00,16277.557833714685
2025-06-16 19:45:00,16277.557833714685
2025-06-16 20:00:00,16277.557833714685
2025-06-16 20:15:00,16277.557833714685
2025-06-16 20:30:00,16277.557833714685
2025-06-16 20:45:00,16277.557833714685
2025-06-16 21:00:00,16277.557833714685
2025-06-16 21:15:00,16277.557833714685
2025-06-16 21:30:00,16277.557833714685
2025-06-16 21:45:00,16277.557833714685
2025-06-16 22:00:00,16277.557833714685
2025-06-16 22:15:00,16277.557833714685
2025-06-16 22:30:00,16277.557833714685
2025-06-16 22:45:00,16277.557833714685
2025-06-16 23:00:00,16277.557833714685
2025-06-16 23:15:00,16277.557833714685
2025-06-16 23:30:00,16277.557833714685
2025-06-16 23:45:00,16277.557833714685
2025-06-17 00:00:00,16277.557833714685
2025-06-17 00:15:00,16277.557833714685
2025-06-17 00:30:00,16277.557833714685
2025-06-17 00:45:00,16277.557833714685
2025-06-17 01:00:00,16277.557833714685
2025-06-17 01:15:00,16277.557833714685
2025-06-17 01:30:00,16277.557833714685
2025-06-17 01:45:00,16277.557833714685
2025-06-17 02:00:00,16277.557833714685
2025-06-17 02:15:00,16277.557833714685
2025-06-17 02:30:00,16277.557833714685
2025-06-17 02:45:00,16277.557833714685
2025-06-17 03:00:00,16277.557833714685
2025-06-17 03:15:00,16277.557833714685
2025-06-17 03:30:00,16277.557833714685
2025-06-17 03:45:00,16277.557833714685
2025-06-17 04:00:00,16277.557833714685
2025-06-17 04:15:00,16277.557833714685
2025-06-17 04:30:00,16277.557833714685
2025-06-17 04:45:00,16277.557833714685
2025-06-17 05:00:00,16277.557833714685
2025-06-17 05:15:00,16277.557833714685
2025-06-17 05:30:00,16277.557833714685
2025-06-17 05:45:00,16277.557833714685
2025-06-17 06:00:00,16277.557833714685
2025-06-17 06:15:00,16277.557833714685
2025-06-17 06:30:00,16277.557833714685
2025-06-17 06:45:00,16277.557833714685
2025-06-17 07:00:00,16277.557833714685
2025-06-17 07:15:00,16277.557833714685
2025-06-17 07:30:00,16277.557833714685
2025-06-17 07:45:00,16277.557833714685
2025-06-17 08:00:00,16277.557833714685
2025-06-17 08:15:00,16277.557833714685
2025-06-17 08:30:00,16277.557833714685
2025-06-17 08:45:00,16277.557833714685
2025-06-17 09:00:00,16277.557833714685
2025-06-17 09:15:00,16277.557833714685
2025-06-17 09:30:00,16277.557833714685
2025-06-17 09:45:00,16277.557833714685
2025-06-17 10:00:00,16277.557833714685
2025-06-17 10:15:00,16277.557833714685
2025-06-17 10:30:00,16277.557833714685
2025-06-17 10:45:00,16277.557833714685
2025-06-17 11:00:00,16277.557833714685
2025-06-17 11:15:00,16277.557833714685
2025-06-17 11:30:00,16277.557833714685
2025-06-17 11:45:00,16277.557833714685
2025-06-17 12:00:00,16277.557833714685
2025-06-17 12:15:00,16277.557833714685
2025-06-17 12:30:00,16277.557833714685
2025-06-17 12:45:00,16277.557833714685
2025-06-17 13:00:00,16277.557833714685
2025-06-17 13:15:00,16277.557833714685
2025-06-17 13:30:00,16277.557833714685
2025-06-17 13:45:00,16277.557833714685
2025-06-17 14:00:00,16277.557833714685
2025-06-17 14:15:00,16277.557833714685
2025-06-17 14:30:00,16277.557833714685
2025-06-17 14:45:00,16277.557833714685
2025-06-17 15:00:00,16277.557833714685
2025-06-17 15:15:00,16277.557833714685
2025-06-17 15:30:00,16277.557833714685
2025-06-17 15:45:00,16277.557833714685
2025-06-17 16:00:00,16277.557833714685
2025-06-17 16:15:00,16277.557833714685
2025-06-17 16:30:00,16277.557833714685
2025-06-17 16:45:00,16277.557833714685
2025-06-17 17:00:00,16277.557833714685
2025-06-17 17:15:00,16277.557833714685
2025-06-17 17:30:00,16277.557833714685
2025-06-17 17:45:00,16277.557833714685
2025-06-17 18:00:00,16277.557833714685
2025-06-17 18:15:00,16277.557833714685
2025-06-17 18:30:00,16277.557833714685
2025-06-17 18:45:00,16277.557833714685
2025-06-17 19:00:00,16277.557833714685
2025-06-17 19:15:00,16277.557833714685
2025-06-17 19:30:00,16277.557833714685
2025-06-17 19:45:00,16277.557833714685
2025-06-17 20:00:00,16277.557833714685
2025-06-17 20:15:00,16277.557833714685
2025-06-17 20:30:00,16277.557833714685
2025-06-17 20:45:00,16277.557833714685
2025-06-17 21:00:00,16277.557833714685
2025-06-17 21:15:00,16277.557833714685
2025-06-17 21:30:00,16277.557833714685
2025-06-17 21:45:00,16277.557833714685
2025-06-17 22:00:00,16277.557833714685
2025-06-17 22:15:00,16277.557833714685
2025-06-17 22:30:00,16277.557833714685
2025-06-17 22:45:00,16277.557833714685
2025-06-17 23:00:00,16277.557833714685
2025-06-17 23:15:00,16277.557833714685
2025-06-17 23:30:00,16277.557833714685
2025-06-17 23:45:00,16277.557833714685
2025-06-18 00:00:00,16277.557833714685
2025-06-18 00:15:00,16277.557833714685
2025-06-18 00:30:00,16277.557833714685
2025-06-18 00:45:00,16277.557833714685
2025-06-18 01:00:00,16277.557833714685
2025-06-18 01:15:00,16277.557833714685
2025-06-18 01:30:00,16277.557833714685
2025-06-18 01:45:00,16277.557833714685
2025-06-18 02:00:00,16277.557833714685
2025-06-18 02:15:00,16277.557833714685
2025-06-18 02:30:00,16277.557833714685
2025-06-18 02:45:00,16277.557833714685
2025-06-18 03:00:00,16277.557833714685
2025-06-18 03:15:00,16277.557833714685
2025-06-18 03:30:00,16277.557833714685
2025-06-18 03:45:00,16277.557833714685
2025-06-18 04:00:00,16277.557833714685
2025-06-18 04:15:00,16277.557833714685
2025-06-18 04:30:00,16277.557833714685
2025-06-18 04:45:00,16277.557833714685
2025-06-18 05:00:00,16277.557833714685
2025-06-18 05:15:00,16277.557833714685
2025-06-18 05:30:00,16277.557833714685
2025-06-18 05:45:00,16277.557833714685
2025-06-18 06:00:00,16277.557833714685
2025-06-18 06:15:00,16277.557833714685
2025-06-18 06:30:00,16277.557833714685
2025-06-18 06:45:00,16277.557833714685
2025-06-18 07:00:00,16277.557833714685
2025-06-18 07:15:00,16277.557833714685
2025-06-18 07:30:00,16277.557833714685
2025-06-18 07:45:00,16277.557833714685
2025-06-18 08:00:00,16277.557833714685
2025-06-18 08:15:00,16277.557833714685
2025-06-18 08:30:00,16277.557833714685
2025-06-18 08:45:00,16277.557833714685
2025-06-18 09:00:00,16277.557833714685
2025-06-18 09:15:00,16277.557833714685
2025-06-18 09:30:00,16277.557833714685
2025-06-18 09:45:00,16277.557833714685
2025-06-18 10:00:00,16277.557833714685
2025-06-18 10:15:00,16277.557833714685
2025-06-18 10:30:00,16277.557833714685
2025-06-18 10:45:00,16277.557833714685
2025-06-18 11:00:00,16277.557833714685
2025-06-18 11:15:00,16277.557833714685
2025-06-18 11:30:00,16277.557833714685
2025-06-18 11:45:00,16277.557833714685
2025-06-18 12:00:00,16277.557833714685
2025-06-18 12:15:00,16277.557833714685
2025-06-18 12:30:00,16277.557833714685
2025-06-18 12:45:00,16277.557833714685
2025-06-18 13:00:00,16277.557833714685
2025-06-18 13:15:00,16277.557833714685
2025-06-18 13:30:00,16277.557833714685
2025-06-18 13:45:00,16277.557833714685
2025-06-18 14:00:00,16277.557833714685
2025-06-18 14:15:00,16277.557833714685
2025-06-18 14:30:00,16277.557833714685
2025-06-18 14:45:00,16277.557833714685
2025-06-18 15:00:00,16277.557833714685
2025-06-18 15:15:00,16277.557833714685
2025-06-18 15:30:00,16277.557833714685
2025-06-18 15:45:00,16277.557833714685
2025-06-18 16:00:00,16277.557833714685
2025-06-18 16:15:00,16277.557833714685
2025-06-18 16:30:00,16277.557833714685
2025-06-18 16:45:00,16277.557833714685
2025-06-18 17:00:00,16277.557833714685
2025-06-18 17:15:00,16277.557833714685
2025-06-18 17:30:00,16277.557833714685
2025-06-18 17:45:00,16277.557833714685
2025-06-18 18:00:00,16277.557833714685
2025-06-18 18:15:00,16277.557833714685
2025-06-18 18:30:00,16277.557833714685
2025-06-18 18:45:00,16277.557833714685
2025-06-18 19:00:00,16277.557833714685
2025-06-18 19:15:00,16277.557833714685
2025-06-18 19:30:00,16277.557833714685
2025-06-18 19:45:00,16277.557833714685
2025-06-18 20:00:00,16277.557833714685
2025-06-18 20:15:00,16277.557833714685
2025-06-18 20:30:00,16277.557833714685
2025-06-18 20:45:00,16277.557833714685
2025-06-18 21:00:00,16277.557833714685
2025-06-18 21:15:00,16277.557833714685
2025-06-18 21:30:00,16277.557833714685
2025-06-18 21:45:00,16277.557833714685
2025-06-18 22:00:00,16277.557833714685
2025-06-18 22:15:00,16277.557833714685
2025-06-18 22:30:00,16277.557833714685
2025-06-18 22:45:00,16277.557833714685
2025-06-18 23:00:00,16277.557833714685
2025-06-18 23:15:00,16277.557833714685
2025-06-18 23:30:00,16277.557833714685
2025-06-18 23:45:00,16277.557833714685
2025-06-19 00:00:00,16277.557833714685
2025-06-19 00:15:00,16277.557833714685
2025-06-19 00:30:00,16277.557833714685
2025-06-19 00:45:00,16277.557833714685
2025-06-19 01:00:00,16277.557833714685
2025-06-19 01:15:00,16277.557833714685
2025-06-19 01:30:00,16277.557833714685
2025-06-19 01:45:00,16277.557833714685
2025-06-19 02:00:00,16277.557833714685
2025-06-19 02:15:00,16277.557833714685
2025-06-19 02:30:00,16277.557833714685
2025-06-19 02:45:00,16277.557833714685
2025-06-19 03:00:00,16277.557833714685
2025-06-19 03:15:00,16277.557833714685
2025-06-19 03:30:00,16277.557833714685
2025-06-19 03:45:00,16277.557833714685
2025-06-19 04:00:00,16277.557833714685
2025-06-19 04:15:00,16277.557833714685
2025-06-19 04:30:00,16277.557833714685
2025-06-19 04:45:00,16277.557833714685
2025-06-19 05:00:00,16277.557833714685
2025-06-19 05:15:00,16277.557833714685
2025-06-19 05:30:00,16277.557833714685
2025-06-19 05:45:00,16277.557833714685
2025-06-19 06:00:00,16277.557833714685
2025-06-19 06:15:00,16277.557833714685
2025-06-19 06:30:00,16277.557833714685
2025-06-19 06:45:00,16277.557833714685
2025-06-19 07:00:00,16277.557833714685
2025-06-19 07:15:00,16277.557833714685
2025-06-19 07:30:00,16277.557833714685
2025-06-19 07:45:00,16277.557833714685
2025-06-19 08:00:00,16277.557833714685
2025-06-19 08:15:00,16277.557833714685
2025-06-19 08:30:00,16277.557833714685
2025-06-19 08:45:00,16277.557833714685
2025-06-19 09:00:00,16277.557833714685
2025-06-19 09:15:00,16277.557833714685
2025-06-19 09:30:00,16277.557833714685
2025-06-19 09:45:00,16277.557833714685
2025-06-19 10:00:00,16277.557833714685
2025-06-19 10:15:00,16277.557833714685
2025-06-19 10:30:00,16277.557833714685
2025-06-19 10:45:00,16277.557833714685
2025-06-19 11:00:00,16277.557833714685
2025-06-19 11:15:00,16277.557833714685
2025-06-19 11:30:00,16277.557833714685
2025-06-19 11:45:00,16277.557833714685
2025-06-19 12:00:00,16277.557833714685
2025-06-19 12:15:00,16277.557833714685
2025-06-19 12:30:00,16277.557833714685
2025-06-19 12:45:00,16277.557833714685
2025-06-19 13:00:00,16277.557833714685
2025-06-19 13:15:00,16277.557833714685
2025-06-19 13:30:00,16277.557833714685
2025-06-19 13:45:00,16277.557833714685
2025-06-19 14:00:00,16277.557833714685
2025-06-19 14:15:00,16277.557833714685
2025-06-19 14:30:00,16277.557833714685
2025-06-19 14:45:00,16277.557833714685
2025-06-19 15:00:00,16277.557833714685
2025-06-19 15:15:00,16277.557833714685
2025-06-19 15:30:00,16277.557833714685
2025-06-19 15:45:00,16277.557833714685
2025-06-19 16:00:00,16277.557833714685
2025-06-19 16:15:00,16277.557833714685
2025-06-19 16:30:00,16277.557833714685
2025-06-19 16:45:00,16277.557833714685
2025-06-19 17:00:00,16277.557833714685
2025-06-19 17:15:00,16277.557833714685
2025-06-19 17:30:00,16277.557833714685
2025-06-19 17:45:00,16277.557833714685
2025-06-19 18:00:00,16277.557833714685
2025-06-19 18:15:00,16277.557833714685
2025-06-19 18:30:00,16277.557833714685
2025-06-19 18:45:00,16277.557833714685
2025-06-19 19:00:00,16277.557833714685
2025-06-19 19:15:00,16277.557833714685
2025-06-19 19:30:00,16277.557833714685
2025-06-19 19:45:00,16277.557833714685
2025-06-19 20:00:00,16277.557833714685
2025-06-19 20:15:00,16277.557833714685
2025-06-19 20:30:00,16277.557833714685
2025-06-19 20:45:00,16277.557833714685
2025-06-19 21:00:00,16277.557833714685
2025-06-19 21:15:00,16277.557833714685
2025-06-19 21:30:00,16277.557833714685
2025-06-19 21:45:00,16277.557833714685
2025-06-19 22:00:00,16277.557833714685
2025-06-19 22:15:00,16277.557833714685
2025-06-19 22:30:00,16277.557833714685
2025-06-19 22:45:00,16277.557833714685
2025-06-19 23:00:00,16277.557833714685
2025-06-19 23:15:00,16277.557833714685
2025-06-19 23:30:00,16277.557833714685
2025-06-19 23:45:00,16277.557833714685
2025-06-20 00:00:00,16277.557833714685
2025-06-20 00:15:00,16277.557833714685
2025-06-20 00:30:00,16277.557833714685
2025-06-20 00:45:00,16277.557833714685
2025-06-20 01:00:00,16277.557833714685
2025-06-20 01:15:00,16277.557833714685
2025-06-20 01:30:00,16277.557833714685
2025-06-20 01:45:00,16277.557833714685
2025-06-20 02:00:00,16277.557833714685
2025-06-20 02:15:00,16277.557833714685
2025-06-20 02:30:00,16277.557833714685
2025-06-20 02:45:00,16277.557833714685
2025-06-20 03:00:00,16277.557833714685
2025-06-20 03:15:00,16277.557833714685
2025-06-20 03:30:00,16277.557833714685
2025-06-20 03:45:00,16277.557833714685
2025-06-20 04:00:00,16277.557833714685
2025-06-20 04:15:00,16277.557833714685
2025-06-20 04:30:00,16277.557833714685
2025-06-20 04:45:00,16277.557833714685
2025-06-20 05:00:00,16277.557833714685
2025-06-20 05:15:00,16277.557833714685
2025-06-20 05:30:00,16277.557833714685
2025-06-20 05:45:00,16277.557833714685
2025-06-20 06:00:00,16277.557833714685
2025-06-20 06:15:00,16277.557833714685
2025-06-20 06:30:00,16277.557833714685
2025-06-20 06:45:00,16277.557833714685
2025-06-20 07:00:00,16277.557833714685
2025-06-20 07:15:00,16277.557833714685
2025-06-20 07:30:00,16277.557833714685
2025-06-20 07:45:00,16277.557833714685
2025-06-20 08:00:00,16277.557833714685
2025-06-20 08:15:00,16277.557833714685
2025-06-20 08:30:00,16277.557833714685
2025-06-20 08:45:00,16277.557833714685
2025-06-20 09:00:00,16277.557833714685
2025-06-20 09:15:00,16277.557833714685
2025-06-20 09:30:00,16277.557833714685
2025-06-20 09:45:00,16277.557833714685
2025-06-20 10:00:00,16277.557833714685
2025-06-20 10:15:00,16277.557833714685
2025-06-20 10:30:00,16277.557833714685
2025-06-20 10:45:00,16277.557833714685
2025-06-20 11:00:00,16277.557833714685
2025-06-20 11:15:00,16277.557833714685
2025-06-20 11:30:00,16277.557833714685
2025-06-20 11:45:00,16277.557833714685
2025-06-20 12:00:00,16277.557833714685
2025-06-20 12:15:00,16277.557833714685
2025-06-20 12:30:00,16277.557833714685
2025-06-20 12:45:00,16277.557833714685
2025-06-20 13:00:00,16277.557833714685
2025-06-20 13:15:00,16277.557833714685
2025-06-20 13:30:00,16277.557833714685
2025-06-20 13:45:00,16277.557833714685
2025-06-20 14:00:00,16277.557833714685
2025-06-20 14:15:00,16277.557833714685
2025-06-20 14:30:00,16277.557833714685
2025-06-20 14:45:00,16277.557833714685
2025-06-20 15:00:00,16277.557833714685
2025-06-20 15:15:00,16277.557833714685
2025-06-20 15:30:00,16277.557833714685
2025-06-20 15:45:00,16277.557833714685
2025-06-20 16:00:00,16277.557833714685
2025-06-20 16:15:00,16277.557833714685
2025-06-20 16:30:00,16277.557833714685
2025-06-20 16:45:00,16277.557833714685
2025-06-20 17:00:00,16277.557833714685
2025-06-20 17:15:00,16277.557833714685
2025-06-20 17:30:00,16277.557833714685
2025-06-20 17:45:00,16277.557833714685
2025-06-20 18:00:00,16277.557833714685
2025-06-20 18:15:00,16277.557833714685
2025-06-20 18:30:00,16277.557833714685
2025-06-20 18:45:00,16277.557833714685
2025-06-20 19:00:00,16277.557833714685
2025-06-20 19:15:00,16277.557833714685
2025-06-20 19:30:00,16277.557833714685
2025-06-20 19:45:00,16277.557833714685
2025-06-20 20:00:00,16277.557833714685
2025-06-20 20:15:00,16277.557833714685
2025-06-20 20:30:00,16277.557833714685
2025-06-20 20:45:00,16277.557833714685
2025-06-20 21:00:00,16277.557833714685
2025-06-20 21:15:00,16277.557833714685
2025-06-20 21:30:00,16277.557833714685
2025-06-20 21:45:00,16277.557833714685
2025-06-20 22:00:00,16277.557833714685
2025-06-20 22:15:00,16277.557833714685
2025-06-20 22:30:00,16277.557833714685
2025-06-20 22:45:00,16277.557833714685
2025-06-20 23:00:00,16277.557833714685
2025-06-20 23:15:00,16277.557833714685
2025-06-20 23:30:00,16277.557833714685
2025-06-20 23:45:00,16277.557833714685
2025-06-23 00:00:00,16277.557833714685
2025-06-23 00:15:00,16277.557833714685
2025-06-23 00:30:00,16277.557833714685
2025-06-23 00:45:00,16277.557833714685
2025-06-23 01:00:00,16277.557833714685
2025-06-23 01:15:00,16277.557833714685
2025-06-23 01:30:00,16277.557833714685
2025-06-23 01:45:00,16277.557833714685
2025-06-23 02:00:00,16277.557833714685
2025-06-23 02:15:00,16277.557833714685
2025-06-23 02:30:00,16277.557833714685
2025-06-23 02:45:00,16277.557833714685
2025-06-23 03:00:00,16277.557833714685
2025-06-23 03:15:00,16277.557833714685
2025-06-23 03:30:00,16277.557833714685
2025-06-23 03:45:00,16277.557833714685
2025-06-23 04:00:00,16277.557833714685
2025-06-23 04:15:00,16277.557833714685
2025-06-23 04:30:00,16277.557833714685
2025-06-23 04:45:00,16277.557833714685
2025-06-23 05:00:00,16277.557833714685
2025-06-23 05:15:00,16277.557833714685
2025-06-23 05:30:00,16277.557833714685
2025-06-23 05:45:00,16277.557833714685
2025-06-23 06:00:00,16277.557833714685
2025-06-23 06:15:00,16277.557833714685
2025-06-23 06:30:00,16277.557833714685
2025-06-23 06:45:00,16277.557833714685
2025-06-23 07:00:00,16277.557833714685
2025-06-23 07:15:00,16277.557833714685
2025-06-23 07:30:00,16277.557833714685
2025-06-23 07:45:00,16277.557833714685
2025-06-23 08:00:00,16277.557833714685
2025-06-23 08:15:00,16277.557833714685
2025-06-23 08:30:00,16277.557833714685
2025-06-23 08:45:00,16277.557833714685
2025-06-23 09:00:00,16277.557833714685
2025-06-23 09:15:00,16277.557833714685
2025-06-23 09:30:00,16277.557833714685
2025-06-23 09:45:00,16277.557833714685
2025-06-23 10:00:00,16277.557833714685
2025-06-23 10:15:00,16277.557833714685
2025-06-23 10:30:00,16277.557833714685
2025-06-23 10:45:00,16277.557833714685
2025-06-23 11:00:00,16277.557833714685
2025-06-23 11:15:00,16277.557833714685
2025-06-23 11:30:00,16277.557833714685
2025-06-23 11:45:00,16277.557833714685
2025-06-23 12:00:00,16277.557833714685
2025-06-23 12:15:00,16277.557833714685
2025-06-23 12:30:00,16277.557833714685
2025-06-23 12:45:00,16277.557833714685
2025-06-23 13:00:00,16277.557833714685
2025-06-23 13:15:00,16277.557833714685
2025-06-23 13:30:00,16277.557833714685
2025-06-23 13:45:00,16277.557833714685
2025-06-23 14:00:00,16277.557833714685
2025-06-23 14:15:00,16277.557833714685
2025-06-23 14:30:00,16277.557833714685
2025-06-23 14:45:00,16277.557833714685
2025-06-23 15:00:00,16277.557833714685
2025-06-23 15:15:00,16277.557833714685
2025-06-23 15:30:00,16277.557833714685
2025-06-23 15:45:00,16277.557833714685
2025-06-23 16:00:00,16277.557833714685
2025-06-23 16:15:00,16277.557833714685
2025-06-23 16:30:00,16277.557833714685
2025-06-23 16:45:00,16277.557833714685
2025-06-23 17:00:00,16277.557833714685
2025-06-23 17:15:00,16277.557833714685
2025-06-23 17:30:00,16277.557833714685
2025-06-23 17:45:00,16277.557833714685
2025-06-23 18:00:00,16277.557833714685
2025-06-23 18:15:00,16277.557833714685
2025-06-23 18:30:00,16277.557833714685
2025-06-23 18:45:00,16277.557833714685
2025-06-23 19:00:00,16277.557833714685
2025-06-23 19:15:00,16277.557833714685
2025-06-23 19:30:00,16277.557833714685
2025-06-23 19:45:00,16277.557833714685
2025-06-23 20:00:00,16277.557833714685
2025-06-23 20:15:00,16277.557833714685
2025-06-23 20:30:00,16277.557833714685
2025-06-23 20:45:00,16277.557833714685
2025-06-23 21:00:00,16277.557833714685
2025-06-23 21:15:00,16277.557833714685
2025-06-23 21:30:00,16277.557833714685
2025-06-23 21:45:00,16277.557833714685
2025-06-23 22:00:00,16277.557833714685
2025-06-23 22:15:00,16277.557833714685
2025-06-23 22:30:00,16277.557833714685
2025-06-23 22:45:00,16277.557833714685
2025-06-23 23:00:00,16277.557833714685
2025-06-23 23:15:00,16277.557833714685
2025-06-23 23:30:00,16277.557833714685
2025-06-23 23:45:00,16277.557833714685
2025-06-24 00:00:00,16277.557833714685
2025-06-24 00:15:00,16277.557833714685
2025-06-24 00:30:00,16277.557833714685
2025-06-24 00:45:00,16277.557833714685
2025-06-24 01:00:00,16277.557833714685
2025-06-24 01:15:00,16277.557833714685
2025-06-24 01:30:00,16277.557833714685
2025-06-24 01:45:00,16277.557833714685
2025-06-24 02:00:00,16277.557833714685
2025-06-24 02:15:00,16277.557833714685
2025-06-24 02:30:00,16277.557833714685
2025-06-24 02:45:00,16277.557833714685
2025-06-24 03:00:00,16277.557833714685
2025-06-24 03:15:00,16277.557833714685
2025-06-24 03:30:00,16277.557833714685
2025-06-24 03:45:00,16277.557833714685
2025-06-24 04:00:00,16277.557833714685
2025-06-24 04:15:00,16277.557833714685
2025-06-24 04:30:00,16277.557833714685
2025-06-24 04:45:00,16277.557833714685
2025-06-24 05:00:00,16277.557833714685
2025-06-24 05:15:00,16277.557833714685
2025-06-24 05:30:00,16277.557833714685
2025-06-24 05:45:00,16277.557833714685
2025-06-24 06:00:00,16277.557833714685
2025-06-24 06:15:00,16277.557833714685
2025-06-24 06:30:00,16277.557833714685
2025-06-24 06:45:00,16277.557833714685
2025-06-24 07:00:00,16277.557833714685
2025-06-24 07:15:00,16277.557833714685
2025-06-24 07:30:00,16277.557833714685
2025-06-24 07:45:00,16277.557833714685
2025-06-24 08:00:00,16277.557833714685
2025-06-24 08:15:00,16277.557833714685
2025-06-24 08:30:00,16277.557833714685
2025-06-24 08:45:00,16277.557833714685
2025-06-24 09:00:00,16277.557833714685
2025-06-24 09:15:00,16277.557833714685
2025-06-24 09:30:00,16277.557833714685
2025-06-24 09:45:00,16277.557833714685
2025-06-24 10:00:00,16277.557833714685
2025-06-24 10:15:00,16277.557833714685
2025-06-24 10:30:00,16277.557833714685
2025-06-24 10:45:00,16277.557833714685
2025-06-24 11:00:00,16277.557833714685
2025-06-24 11:15:00,16277.557833714685
2025-06-24 11:30:00,16277.557833714685
2025-06-24 11:45:00,16277.557833714685
2025-06-24 12:00:00,16277.557833714685
2025-06-24 12:15:00,16277.557833714685
2025-06-24 12:30:00,16277.557833714685
2025-06-24 12:45:00,16277.557833714685
2025-06-24 13:00:00,16277.557833714685
2025-06-24 13:15:00,16277.557833714685
2025-06-24 13:30:00,16277.557833714685
2025-06-24 13:45:00,16277.557833714685
2025-06-24 14:00:00,16277.557833714685
2025-06-24 14:15:00,16277.557833714685
2025-06-24 14:30:00,16277.557833714685
2025-06-24 14:45:00,16277.557833714685
2025-06-24 15:00:00,16277.557833714685
2025-06-24 15:15:00,16277.557833714685
2025-06-24 15:30:00,16277.557833714685
2025-06-24 15:45:00,16277.557833714685
2025-06-24 16:00:00,16277.557833714685
2025-06-24 16:15:00,16277.557833714685
2025-06-24 16:30:00,16277.557833714685
2025-06-24 16:45:00,16277.557833714685
2025-06-24 17:00:00,16277.557833714685
2025-06-24 17:15:00,16277.557833714685
2025-06-24 17:30:00,16277.557833714685
2025-06-24 17:45:00,16277.557833714685
2025-06-24 18:00:00,16277.557833714685
2025-06-24 18:15:00,16277.557833714685
2025-06-24 18:30:00,16277.557833714685
2025-06-24 18:45:00,16277.557833714685
2025-06-24 19:00:00,16277.557833714685
2025-06-24 19:15:00,16277.557833714685
2025-06-24 19:30:00,16277.557833714685
2025-06-24 19:45:00,16277.557833714685
2025-06-24 20:00:00,16277.557833714685
2025-06-24 20:15:00,16277.557833714685
2025-06-24 20:30:00,16277.557833714685
2025-06-24 20:45:00,16277.557833714685
2025-06-24 21:00:00,16277.557833714685
2025-06-24 21:15:00,16277.557833714685
2025-06-24 21:30:00,16277.557833714685
2025-06-24 21:45:00,16277.557833714685
2025-06-24 22:00:00,16277.557833714685
2025-06-24 22:15:00,16277.557833714685
2025-06-24 22:30:00,16277.557833714685
2025-06-24 22:45:00,16277.557833714685
2025-06-24 23:00:00,16277.557833714685
2025-06-24 23:15:00,16277.557833714685
2025-06-24 23:30:00,16277.557833714685
2025-06-24 23:45:00,16277.557833714685
2025-06-25 00:00:00,16277.557833714685
2025-06-25 00:15:00,16277.557833714685
2025-06-25 00:30:00,16277.557833714685
2025-06-25 00:45:00,16277.557833714685
2025-06-25 01:00:00,16277.557833714685
2025-06-25 01:15:00,16277.557833714685
2025-06-25 01:30:00,16277.557833714685
2025-06-25 01:45:00,16277.557833714685
2025-06-25 02:00:00,16277.557833714685
2025-06-25 02:15:00,16277.557833714685
2025-06-25 02:30:00,16277.557833714685
2025-06-25 02:45:00,16277.557833714685
2025-06-25 03:00:00,16277.557833714685
2025-06-25 03:15:00,16277.557833714685
2025-06-25 03:30:00,16277.557833714685
2025-06-25 03:45:00,16277.557833714685
2025-06-25 04:00:00,16277.557833714685
2025-06-25 04:15:00,16277.557833714685
2025-06-25 04:30:00,16277.557833714685
2025-06-25 04:45:00,16277.557833714685
2025-06-25 05:00:00,16277.557833714685
2025-06-25 05:15:00,16277.557833714685
2025-06-25 05:30:00,16277.557833714685
2025-06-25 05:45:00,16277.557833714685
2025-06-25 06:00:00,16277.557833714685
2025-06-25 06:15:00,16277.557833714685
2025-06-25 06:30:00,16277.557833714685
2025-06-25 06:45:00,16277.557833714685
2025-06-25 07:00:00,16277.557833714685
2025-06-25 07:15:00,16277.557833714685
2025-06-25 07:30:00,16277.557833714685
2025-06-25 07:45:00,16277.557833714685
2025-06-25 08:00:00,16277.557833714685
2025-06-25 08:15:00,16277.557833714685
2025-06-25 08:30:00,16277.557833714685
2025-06-25 08:45:00,16277.557833714685
2025-06-25 09:00:00,16277.557833714685
2025-06-25 09:15:00,16277.557833714685
2025-06-25 09:30:00,16277.557833714685
2025-06-25 09:45:00,16277.557833714685
2025-06-25 10:00:00,16277.557833714685
2025-06-25 10:15:00,16277.557833714685
2025-06-25 10:30:00,16277.557833714685
2025-06-25 10:45:00,16277.557833714685
2025-06-25 11:00:00,16277.557833714685
2025-06-25 11:15:00,16277.557833714685
2025-06-25 11:30:00,16277.557833714685
2025-06-25 11:45:00,16277.557833714685
2025-06-25 12:00:00,16277.557833714685
2025-06-25 12:15:00,16277.557833714685
2025-06-25 12:30:00,16277.557833714685
2025-06-25 12:45:00,16277.557833714685
2025-06-25 13:00:00,16277.557833714685
2025-06-25 13:15:00,16277.557833714685
2025-06-25 13:30:00,16277.557833714685
2025-06-25 13:45:00,16277.557833714685
2025-06-25 14:00:00,16277.557833714685
2025-06-25 14:15:00,16277.557833714685
2025-06-25 14:30:00,16277.557833714685
2025-06-25 14:45:00,16277.557833714685
2025-06-25 15:00:00,16277.557833714685
2025-06-25 15:15:00,16277.557833714685
2025-06-25 15:30:00,16277.557833714685
2025-06-25 15:45:00,16277.557833714685
2025-06-25 16:00:00,16277.557833714685
2025-06-25 16:15:00,16277.557833714685
2025-06-25 16:30:00,16277.557833714685
2025-06-25 16:45:00,16277.557833714685
2025-06-25 17:00:00,16277.557833714685
2025-06-25 17:15:00,16277.557833714685
2025-06-25 17:30:00,16277.557833714685
2025-06-25 17:45:00,16277.557833714685
2025-06-25 18:00:00,16277.557833714685
2025-06-25 18:15:00,16277.557833714685
2025-06-25 18:30:00,16277.557833714685
2025-06-25 18:45:00,16277.557833714685
2025-06-25 19:00:00,16277.557833714685
2025-06-25 19:15:00,16277.557833714685
2025-06-25 19:30:00,16277.557833714685
2025-06-25 19:45:00,16277.557833714685
2025-06-25 20:00:00,16277.557833714685
2025-06-25 20:15:00,16277.557833714685
2025-06-25 20:30:00,16277.557833714685
2025-06-25 20:45:00,16277.557833714685
2025-06-25 21:00:00,16277.557833714685
2025-06-25 21:15:00,16277.557833714685
2025-06-25 21:30:00,16277.557833714685
2025-06-25 21:45:00,16277.557833714685
2025-06-25 22:00:00,16277.557833714685
2025-06-25 22:15:00,16277.557833714685
2025-06-25 22:30:00,16277.557833714685
2025-06-25 22:45:00,16277.557833714685
2025-06-25 23:00:00,16277.557833714685
2025-06-25 23:15:00,16277.557833714685
2025-06-25 23:30:00,16277.557833714685
2025-06-25 23:45:00,16277.557833714685
2025-06-26 00:00:00,16277.557833714685
2025-06-26 00:15:00,16277.557833714685
2025-06-26 00:30:00,16277.557833714685
2025-06-26 00:45:00,16277.557833714685
2025-06-26 01:00:00,16277.557833714685
2025-06-26 01:15:00,16277.557833714685
2025-06-26 01:30:00,16277.557833714685
2025-06-26 01:45:00,16277.557833714685
2025-06-26 02:00:00,16277.557833714685
2025-06-26 02:15:00,16277.557833714685
2025-06-26 02:30:00,16277.557833714685
2025-06-26 02:45:00,16277.557833714685
2025-06-26 03:00:00,16277.557833714685
2025-06-26 03:15:00,16277.557833714685
2025-06-26 03:30:00,16277.557833714685
2025-06-26 03:45:00,16277.557833714685
2025-06-26 04:00:00,16277.557833714685
2025-06-26 04:15:00,16277.557833714685
2025-06-26 04:30:00,16277.557833714685
2025-06-26 04:45:00,16277.557833714685
2025-06-26 05:00:00,16277.557833714685
2025-06-26 05:15:00,16277.557833714685
2025-06-26 05:30:00,16277.557833714685
2025-06-26 05:45:00,16277.557833714685
2025-06-26 06:00:00,16277.557833714685
2025-06-26 06:15:00,16277.557833714685
2025-06-26 06:30:00,16277.557833714685
2025-06-26 06:45:00,16277.557833714685
2025-06-26 07:00:00,16277.557833714685
2025-06-26 07:15:00,16277.557833714685
2025-06-26 07:30:00,16277.557833714685
2025-06-26 07:45:00,16277.557833714685
2025-06-26 08:00:00,16277.557833714685
2025-06-26 08:15:00,16277.557833714685
2025-06-26 08:30:00,16277.557833714685
2025-06-26 08:45:00,16277.557833714685
2025-06-26 09:00:00,16277.557833714685
2025-06-26 09:15:00,16277.557833714685
2025-06-26 09:30:00,16277.557833714685
2025-06-26 09:45:00,16277.557833714685
2025-06-26 10:00:00,16277.557833714685
2025-06-26 10:15:00,16277.557833714685
2025-06-26 10:30:00,16277.557833714685
2025-06-26 10:45:00,16277.557833714685
2025-06-26 11:00:00,16277.557833714685
2025-06-26 11:15:00,16277.557833714685
2025-06-26 11:30:00,16277.557833714685
2025-06-26 11:45:00,16277.557833714685
2025-06-26 12:00:00,16277.557833714685
2025-06-26 12:15:00,16277.557833714685
2025-06-26 12:30:00,16277.557833714685
2025-06-26 12:45:00,16277.557833714685
2025-06-26 13:00:00,16277.557833714685
2025-06-26 13:15:00,16277.557833714685
2025-06-26 13:30:00,16277.557833714685
2025-06-26 13:45:00,16277.557833714685
2025-06-26 14:00:00,16277.557833714685
2025-06-26 14:15:00,16277.557833714685
2025-06-26 14:30:00,16277.557833714685
2025-06-26 14:45:00,16277.557833714685
2025-06-26 15:00:00,16277.557833714685
2025-06-26 15:15:00,16277.557833714685
2025-06-26 15:30:00,16277.557833714685
2025-06-26 15:45:00,16277.557833714685
2025-06-26 16:00:00,16277.557833714685
2025-06-26 16:15:00,16277.557833714685
2025-06-26 16:30:00,16277.557833714685
2025-06-26 16:45:00,16277.557833714685
2025-06-26 17:00:00,16277.557833714685
2025-06-26 17:15:00,16277.557833714685
2025-06-26 17:30:00,16277.557833714685
2025-06-26 17:45:00,16277.557833714685
2025-06-26 18:00:00,16277.557833714685
2025-06-26 18:15:00,16277.557833714685
2025-06-26 18:30:00,16277.557833714685
2025-06-26 18:45:00,16277.557833714685
2025-06-26 19:00:00,16277.557833714685
2025-06-26 19:15:00,16277.557833714685
2025-06-26 19:30:00,16277.557833714685
2025-06-26 19:45:00,16277.557833714685
2025-06-26 20:00:00,16277.557833714685
2025-06-26 20:15:00,16277.557833714685
2025-06-26 20:30:00,16277.557833714685
2025-06-26 20:45:00,16277.557833714685
2025-06-26 21:00:00,16277.557833714685
2025-06-26 21:15:00,16277.557833714685
2025-06-26 21:30:00,16277.557833714685
2025-06-26 21:45:00,16277.557833714685
2025-06-26 22:00:00,16277.557833714685
2025-06-26 22:15:00,16277.557833714685
2025-06-26 22:30:00,16277.557833714685
2025-06-26 22:45:00,16277.557833714685
2025-06-26 23:00:00,16277.557833714685
2025-06-26 23:15:00,16277.557833714685
2025-06-26 23:30:00,16277.557833714685
2025-06-26 23:45:00,16277.557833714685
2025-06-27 00:00:00,16277.557833714685
2025-06-27 00:15:00,16277.557833714685
2025-06-27 00:30:00,16277.557833714685
2025-06-27 00:45:00,16277.557833714685
2025-06-27 01:00:00,16277.557833714685
2025-06-27 01:15:00,16277.557833714685
2025-06-27 01:30:00,16277.557833714685
2025-06-27 01:45:00,16277.557833714685
2025-06-27 02:00:00,16277.557833714685
2025-06-27 02:15:00,16277.557833714685
2025-06-27 02:30:00,16277.557833714685
2025-06-27 02:45:00,16277.557833714685
2025-06-27 03:00:00,16277.557833714685
2025-06-27 03:15:00,16277.557833714685
2025-06-27 03:30:00,16277.557833714685
2025-06-27 03:45:00,16277.557833714685
2025-06-27 04:00:00,16277.557833714685
2025-06-27 04:15:00,16277.557833714685
2025-06-27 04:30:00,16277.557833714685
2025-06-27 04:45:00,16277.557833714685
2025-06-27 05:00:00,16277.557833714685
2025-06-27 05:15:00,16277.557833714685
2025-06-27 05:30:00,16277.557833714685
2025-06-27 05:45:00,16277.557833714685
2025-06-27 06:00:00,16277.557833714685
2025-06-27 06:15:00,16277.557833714685
2025-06-27 06:30:00,16277.557833714685
2025-06-27 06:45:00,16277.557833714685
2025-06-27 07:00:00,16277.557833714685
2025-06-27 07:15:00,16277.557833714685
2025-06-27 07:30:00,16277.557833714685
2025-06-27 07:45:00,16277.557833714685
2025-06-27 08:00:00,16277.557833714685
2025-06-27 08:15:00,16277.557833714685
2025-06-27 08:30:00,16277.557833714685
2025-06-27 08:45:00,16277.557833714685
2025-06-27 09:00:00,16277.557833714685
2025-06-27 09:15:00,16277.557833714685
2025-06-27 09:30:00,16277.557833714685
2025-06-27 09:45:00,16277.557833714685
2025-06-27 10:00:00,16277.557833714685
2025-06-27 10:15:00,16277.557833714685
2025-06-27 10:30:00,16277.557833714685
2025-06-27 10:45:00,16277.557833714685
2025-06-27 11:00:00,16277.557833714685
2025-06-27 11:15:00,16277.557833714685
2025-06-27 11:30:00,16277.557833714685
2025-06-27 11:45:00,16277.557833714685
2025-06-27 12:00:00,16277.557833714685
2025-06-27 12:15:00,16277.557833714685
2025-06-27 12:30:00,16277.557833714685
2025-06-27 12:45:00,16277.557833714685
2025-06-27 13:00:00,16277.557833714685
2025-06-27 13:15:00,16277.557833714685
2025-06-27 13:30:00,16277.557833714685
2025-06-27 13:45:00,16277.557833714685
2025-06-27 14:00:00,16277.557833714685
2025-06-27 14:15:00,16277.557833714685
2025-06-27 14:30:00,16277.557833714685
2025-06-27 14:45:00,16277.557833714685
2025-06-27 15:00:00,16277.557833714685
2025-06-27 15:15:00,16277.557833714685
2025-06-27 15:30:00,16277.557833714685
2025-06-27 15:45:00,16277.557833714685
2025-06-27 16:00:00,16277.557833714685
2025-06-27 16:15:00,16277.557833714685
2025-06-27 16:30:00,16277.557833714685
2025-06-27 16:45:00,16277.557833714685
2025-06-27 17:00:00,16277.557833714685
2025-06-27 17:15:00,16277.557833714685
2025-06-27 17:30:00,16277.557833714685
2025-06-27 17:45:00,16277.557833714685
2025-06-27 18:00:00,16277.557833714685
2025-06-27 18:15:00,16277.557833714685
2025-06-27 18:30:00,16277.557833714685
2025-06-27 18:45:00,16277.557833714685
2025-06-27 19:00:00,16277.557833714685
2025-06-27 19:15:00,16277.557833714685
2025-06-27 19:30:00,16277.557833714685
2025-06-27 19:45:00,16277.557833714685
2025-06-27 20:00:00,16277.557833714685
2025-06-27 20:15:00,16277.557833714685
2025-06-27 20:30:00,16277.557833714685
2025-06-27 20:45:00,16277.557833714685
2025-06-27 21:00:00,16277.557833714685
2025-06-27 21:15:00,16277.557833714685
2025-06-27 21:30:00,16277.557833714685
2025-06-27 21:45:00,16277.557833714685
2025-06-27 22:00:00,16277.557833714685
2025-06-27 22:15:00,16277.557833714685
2025-06-27 22:30:00,16277.557833714685
2025-06-27 22:45:00,16277.557833714685
2025-06-27 23:00:00,16277.557833714685
2025-06-27 23:15:00,16277.557833714685
2025-06-27 23:30:00,16277.557833714685
2025-06-27 23:45:00,16277.557833714685
2025-06-30 00:00:00,16277.557833714685
2025-06-30 00:15:00,16277.557833714685
2025-06-30 00:30:00,16277.557833714685
2025-06-30 00:45:00,16277.557833714685
2025-06-30 01:00:00,16277.557833714685
2025-06-30 01:15:00,16277.557833714685
2025-06-30 01:30:00,16277.557833714685
2025-06-30 01:45:00,16277.557833714685
2025-06-30 02:00:00,16277.557833714685
2025-06-30 02:15:00,16277.557833714685
2025-06-30 02:30:00,16277.557833714685
2025-06-30 02:45:00,16277.557833714685
2025-06-30 03:00:00,16277.557833714685
2025-06-30 03:15:00,16277.557833714685
2025-06-30 03:30:00,16277.557833714685
2025-06-30 03:45:00,16277.557833714685
2025-06-30 04:00:00,16277.557833714685
2025-06-30 04:15:00,16277.557833714685
2025-06-30 04:30:00,16277.557833714685
2025-06-30 04:45:00,16277.557833714685
2025-06-30 05:00:00,16277.557833714685
2025-06-30 05:15:00,16277.557833714685
2025-06-30 05:30:00,16277.557833714685
2025-06-30 05:45:00,16277.557833714685
2025-06-30 06:00:00,16277.557833714685
2025-06-30 06:15:00,16277.557833714685
2025-06-30 06:30:00,16277.557833714685
2025-06-30 06:45:00,16277.557833714685
2025-06-30 07:00:00,16277.557833714685
2025-06-30 07:15:00,16277.557833714685
2025-06-30 07:30:00,16277.557833714685
2025-06-30 07:45:00,16277.557833714685
2025-06-30 08:00:00,16277.557833714685
2025-06-30 08:15:00,16277.557833714685
2025-06-30 08:30:00,16277.557833714685
2025-06-30 08:45:00,16277.557833714685
2025-06-30 09:00:00,16277.557833714685
2025-06-30 09:15:00,16277.557833714685
2025-06-30 09:30:00,16277.557833714685
2025-06-30 09:45:00,16277.557833714685
2025-06-30 10:00:00,16277.557833714685
2025-06-30 10:15:00,16277.557833714685
2025-06-30 10:30:00,16277.557833714685
2025-06-30 10:45:00,16277.557833714685
2025-06-30 11:00:00,16277.557833714685
2025-06-30 11:15:00,16277.557833714685
2025-06-30 11:30:00,16277.557833714685
2025-06-30 11:45:00,16277.557833714685
2025-06-30 12:00:00,16277.557833714685
2025-06-30 12:15:00,16277.557833714685
2025-06-30 12:30:00,16277.557833714685
2025-06-30 12:45:00,16277.557833714685
2025-06-30 13:00:00,16277.557833714685
2025-06-30 13:15:00,16277.557833714685
2025-06-30 13:30:00,16277.557833714685
2025-06-30 13:45:00,16277.557833714685
2025-06-30 14:00:00,16277.557833714685
2025-06-30 14:15:00,16277.557833714685
2025-06-30 14:30:00,16277.557833714685
2025-06-30 14:45:00,16277.557833714685
2025-06-30 15:00:00,16277.557833714685
2025-06-30 15:15:00,16277.557833714685
2025-06-30 15:30:00,16277.557833714685
2025-06-30 15:45:00,16277.557833714685
2025-06-30 16:00:00,16277.557833714685
2025-06-30 16:15:00,16277.557833714685
2025-06-30 16:30:00,16277.557833714685
2025-06-30 16:45:00,16277.557833714685
2025-06-30 17:00:00,16277.557833714685
2025-06-30 17:15:00,16277.557833714685
2025-06-30 17:30:00,16277.557833714685
2025-06-30 17:45:00,16277.557833714685
2025-06-30 18:00:00,16277.557833714685
2025-06-30 18:15:00,16277.557833714685
2025-06-30 18:30:00,16277.557833714685
2025-06-30 18:45:00,16277.557833714685
2025-06-30 19:00:00,16277.557833714685
2025-06-30 19:15:00,16277.557833714685
2025-06-30 19:30:00,16277.557833714685
2025-06-30 19:45:00,16277.557833714685
2025-06-30 20:00:00,16277.557833714685
2025-06-30 20:15:00,16277.557833714685
2025-06-30 20:30:00,16277.557833714685
2025-06-30 20:45:00,16277.557833714685
2025-06-30 21:00:00,16277.557833714685
2025-06-30 21:15:00,16277.557833714685
2025-06-30 21:30:00,16277.557833714685
2025-06-30 21:45:00,16277.557833714685
2025-06-30 22:00:00,16277.557833714685
2025-06-30 22:15:00,16277.557833714685
2025-06-30 22:30:00,16277.557833714685
2025-06-30 22:45:00,16277.557833714685
2025-06-30 23:00:00,16277.557833714685
2025-06-30 23:15:00,16277.557833714685
2025-06-30 23:30:00,16277.557833714685
2025-06-30 23:45:00,16277.557833714685
2025-07-01 00:00:00,16277.557833714685
2025-07-01 00:15:00,16277.557833714685
2025-07-01 00:30:00,16277.557833714685
2025-07-01 00:45:00,16277.557833714685
2025-07-01 01:00:00,16277.557833714685
2025-07-01 01:15:00,16277.557833714685
2025-07-01 01:30:00,16277.557833714685
2025-07-01 01:45:00,16277.557833714685
2025-07-01 02:00:00,16277.557833714685
2025-07-01 02:15:00,16277.557833714685
2025-07-01 02:30:00,16277.557833714685
2025-07-01 02:45:00,16277.557833714685
2025-07-01 03:00:00,16277.557833714685
2025-07-01 03:15:00,16277.557833714685
2025-07-01 03:30:00,16277.557833714685
2025-07-01 03:45:00,16277.557833714685
2025-07-01 04:00:00,16277.557833714685
2025-07-01 04:15:00,16277.557833714685
2025-07-01 04:30:00,16277.557833714685
2025-07-01 04:45:00,16277.557833714685
2025-07-01 05:00:00,16277.557833714685
2025-07-01 05:15:00,16277.557833714685
2025-07-01 05:30:00,16277.557833714685
2025-07-01 05:45:00,16277.557833714685
2025-07-01 06:00:00,16277.557833714685
2025-07-01 06:15:00,16277.557833714685
2025-07-01 06:30:00,16277.557833714685
2025-07-01 06:45:00,16277.557833714685
2025-07-01 07:00:00,16277.557833714685
2025-07-01 07:15:00,16277.557833714685
2025-07-01 07:30:00,16277.557833714685
2025-07-01 07:45:00,16277.557833714685
2025-07-01 08:00:00,16277.557833714685
2025-07-01 08:15:00,16277.557833714685
2025-07-01 08:30:00,16277.557833714685
2025-07-01 08:45:00,16277.557833714685
2025-07-01 09:00:00,16277.557833714685
2025-07-01 09:15:00,16277.557833714685
2025-07-01 09:30:00,16277.557833714685
2025-07-01 09:45:00,16277.557833714685
2025-07-01 10:00:00,16277.557833714685
2025-07-01 10:15:00,16277.557833714685
2025-07-01 10:30:00,16277.557833714685
2025-07-01 10:45:00,16277.557833714685
2025-07-01 11:00:00,16277.557833714685
2025-07-01 11:15:00,16277.557833714685
2025-07-01 11:30:00,16277.557833714685
2025-07-01 11:45:00,16277.557833714685
2025-07-01 12:00:00,16277.557833714685
2025-07-01 12:15:00,16277.557833714685
2025-07-01 12:30:00,16277.557833714685
2025-07-01 12:45:00,16277.557833714685
2025-07-01 13:00:00,16277.557833714685
2025-07-01 13:15:00,16277.557833714685
2025-07-01 13:30:00,16277.557833714685
2025-07-01 13:45:00,16277.557833714685
2025-07-01 14:00:00,16277.557833714685
2025-07-01 14:15:00,16277.557833714685
2025-07-01 14:30:00,16277.557833714685
2025-07-01 14:45:00,16277.557833714685
2025-07-01 15:00:00,16277.557833714685
2025-07-01 15:15:00,16277.557833714685
2025-07-01 15:30:00,16277.557833714685
2025-07-01 15:45:00,16277.557833714685
2025-07-01 16:00:00,16277.557833714685
2025-07-01 16:15:00,16277.557833714685
2025-07-01 16:30:00,16277.557833714685
2025-07-01 16:45:00,16277.557833714685
2025-07-01 17:00:00,16277.557833714685
2025-07-01 17:15:00,16277.557833714685
2025-07-01 17:30:00,16277.557833714685
2025-07-01 17:45:00,16277.557833714685
2025-07-01 18:00:00,16277.557833714685
2025-07-01 18:15:00,16277.557833714685
2025-07-01 18:30:00,16277.557833714685
2025-07-01 18:45:00,16277.557833714685
2025-07-01 19:00:00,16277.557833714685
2025-07-01 19:15:00,16277.557833714685
2025-07-01 19:30:00,16277.557833714685
2025-07-01 19:45:00,16277.557833714685
2025-07-01 20:00:00,16277.557833714685
2025-07-01 20:15:00,16277.557833714685
2025-07-01 20:30:00,16277.557833714685
2025-07-01 20:45:00,16277.557833714685
2025-07-01 21:00:00,16277.557833714685
2025-07-01 21:15:00,16277.557833714685
2025-07-01 21:30:00,16277.557833714685
2025-07-01 21:45:00,16277.557833714685
2025-07-01 22:00:00,16277.557833714685
2025-07-01 22:15:00,16277.557833714685
2025-07-01 22:30:00,16277.557833714685
2025-07-01 22:45:00,16277.557833714685
2025-07-01 23:00:00,16277.557833714685
2025-07-01 23:15:00,16277.557833714685
2025-07-01 23:30:00,16277.557833714685
2025-07-01 23:45:00,16277.557833714685
2025-07-02 00:00:00,16277.557833714685
2025-07-02 00:15:00,16277.557833714685
2025-07-02 00:30:00,16277.557833714685
2025-07-02 00:45:00,16277.557833714685
2025-07-02 01:00:00,16277.557833714685
2025-07-02 01:15:00,16277.557833714685
2025-07-02 01:30:00,16277.557833714685
2025-07-02 01:45:00,16277.557833714685
2025-07-02 02:00:00,16277.557833714685
2025-07-02 02:15:00,16277.557833714685
2025-07-02 02:30:00,16277.557833714685
2025-07-02 02:45:00,16277.557833714685
2025-07-02 03:00:00,16277.557833714685
2025-07-02 03:15:00,16277.557833714685
2025-07-02 03:30:00,16277.557833714685
2025-07-02 03:45:00,16277.557833714685
2025-07-02 04:00:00,16277.557833714685
2025-07-02 04:15:00,16277.557833714685
2025-07-02 04:30:00,16277.557833714685
2025-07-02 04:45:00,16277.557833714685
2025-07-02 05:00:00,16277.557833714685
2025-07-02 05:15:00,16277.557833714685
2025-07-02 05:30:00,16277.557833714685
2025-07-02 05:45:00,16277.557833714685
2025-07-02 06:00:00,16277.557833714685
2025-07-02 06:15:00,16277.557833714685
2025-07-02 06:30:00,16277.557833714685
2025-07-02 06:45:00,16277.557833714685
2025-07-02 07:00:00,16277.557833714685
2025-07-02 07:15:00,16277.557833714685
2025-07-02 07:30:00,16277.557833714685
2025-07-02 07:45:00,16277.557833714685
2025-07-02 08:00:00,16277.557833714685
2025-07-02 08:15:00,16277.557833714685
2025-07-02 08:30:00,16277.557833714685
2025-07-02 08:45:00,16277.557833714685
2025-07-02 09:00:00,16277.557833714685
2025-07-02 09:15:00,16277.557833714685
2025-07-02 09:30:00,16277.557833714685
2025-07-02 09:45:00,16277.557833714685
2025-07-02 10:00:00,16277.557833714685
2025-07-02 10:15:00,16277.557833714685
2025-07-02 10:30:00,16277.557833714685
2025-07-02 10:45:00,16277.557833714685
2025-07-02 11:00:00,16277.557833714685
2025-07-02 11:15:00,16277.557833714685
2025-07-02 11:30:00,16277.557833714685
2025-07-02 11:45:00,16277.557833714685
2025-07-02 12:00:00,16277.557833714685
2025-07-02 12:15:00,16277.557833714685
2025-07-02 12:30:00,16277.557833714685
2025-07-02 12:45:00,16277.557833714685
2025-07-02 13:00:00,16277.557833714685
2025-07-02 13:15:00,16277.557833714685
2025-07-02 13:30:00,16277.557833714685
2025-07-02 13:45:00,16277.557833714685
2025-07-02 14:00:00,16277.557833714685
2025-07-02 14:15:00,16277.557833714685
2025-07-02 14:30:00,16277.557833714685
2025-07-02 14:45:00,16277.557833714685
2025-07-02 15:00:00,16277.557833714685
2025-07-02 15:15:00,16277.557833714685
2025-07-02 15:30:00,16277.557833714685
2025-07-02 15:45:00,16277.557833714685
2025-07-02 16:00:00,16277.557833714685
2025-07-02 16:15:00,16277.557833714685
2025-07-02 16:30:00,16277.557833714685
2025-07-02 16:45:00,16277.557833714685
2025-07-02 17:00:00,16277.557833714685
2025-07-02 17:15:00,16277.557833714685
2025-07-02 17:30:00,16277.557833714685
2025-07-02 17:45:00,16277.557833714685
2025-07-02 18:00:00,16277.557833714685
2025-07-02 18:15:00,16277.557833714685
2025-07-02 18:30:00,16277.557833714685
2025-07-02 18:45:00,16277.557833714685
2025-07-02 19:00:00,16277.557833714685
2025-07-02 19:15:00,16277.557833714685
2025-07-02 19:30:00,16277.557833714685
2025-07-02 19:45:00,16277.557833714685
2025-07-02 20:00:00,16277.557833714685
2025-07-02 20:15:00,16277.557833714685
2025-07-02 20:30:00,16277.557833714685
2025-07-02 20:45:00,16277.557833714685
2025-07-02 21:00:00,16277.557833714685
2025-07-02 21:15:00,16277.557833714685
2025-07-02 21:30:00,16277.557833714685
2025-07-02 21:45:00,16277.557833714685
2025-07-02 22:00:00,16277.557833714685
2025-07-02 22:15:00,16277.557833714685
2025-07-02 22:30:00,16277.557833714685
2025-07-02 22:45:00,16277.557833714685
2025-07-02 23:00:00,16277.557833714685
2025-07-02 23:15:00,16277.557833714685
2025-07-02 23:30:00,16277.557833714685
2025-07-02 23:45:00,16277.557833714685
2025-07-03 00:00:00,16277.557833714685
2025-07-03 00:15:00,16277.557833714685
2025-07-03 00:30:00,16277.557833714685
2025-07-03 00:45:00,16277.557833714685
2025-07-03 01:00:00,16277.557833714685
2025-07-03 01:15:00,16277.557833714685
2025-07-03 01:30:00,16277.557833714685
2025-07-03 01:45:00,16277.557833714685
2025-07-03 02:00:00,16277.557833714685
2025-07-03 02:15:00,16277.557833714685
2025-07-03 02:30:00,16277.557833714685
2025-07-03 02:45:00,16277.557833714685
2025-07-03 03:00:00,16277.557833714685
2025-07-03 03:15:00,16277.557833714685
2025-07-03 03:30:00,16277.557833714685
2025-07-03 03:45:00,16277.557833714685
2025-07-03 04:00:00,16277.557833714685
2025-07-03 04:15:00,16277.557833714685
2025-07-03 04:30:00,16277.557833714685
2025-07-03 04:45:00,16277.557833714685
2025-07-03 05:00:00,16277.557833714685
2025-07-03 05:15:00,16277.557833714685
2025-07-03 05:30:00,16277.557833714685
2025-07-03 05:45:00,16277.557833714685
2025-07-03 06:00:00,16277.557833714685
2025-07-03 06:15:00,16277.557833714685
2025-07-03 06:30:00,16277.557833714685
2025-07-03 06:45:00,16277.557833714685
2025-07-03 07:00:00,16277.557833714685
2025-07-03 07:15:00,16277.557833714685
2025-07-03 07:30:00,16277.557833714685
2025-07-03 07:45:00,16277.557833714685
2025-07-03 08:00:00,16277.557833714685
2025-07-03 08:15:00,16277.557833714685
2025-07-03 08:30:00,16277.557833714685
2025-07-03 08:45:00,16277.557833714685
2025-07-03 09:00:00,16277.557833714685
2025-07-03 09:15:00,16277.557833714685
2025-07-03 09:30:00,16277.557833714685
2025-07-03 09:45:00,16277.557833714685
2025-07-03 10:00:00,16277.557833714685
2025-07-03 10:15:00,16277.557833714685
2025-07-03 10:30:00,16277.557833714685
2025-07-03 10:45:00,16277.557833714685
2025-07-03 11:00:00,16277.557833714685
2025-07-03 11:15:00,16277.557833714685
2025-07-03 11:30:00,16277.557833714685
2025-07-03 11:45:00,16277.557833714685
2025-07-03 12:00:00,16277.557833714685
2025-07-03 12:15:00,16277.557833714685
2025-07-03 12:30:00,16277.557833714685
2025-07-03 12:45:00,16277.557833714685
2025-07-03 13:00:00,16277.557833714685
2025-07-03 13:15:00,16277.557833714685
2025-07-03 13:30:00,16277.557833714685
2025-07-03 13:45:00,16277.557833714685
2025-07-03 14:00:00,16277.557833714685
2025-07-03 14:15:00,16277.557833714685
2025-07-03 14:30:00,16277.557833714685
2025-07-03 14:45:00,16277.557833714685
2025-07-03 15:00:00,16277.557833714685
2025-07-03 15:15:00,16277.557833714685
2025-07-03 15:30:00,16277.557833714685
2025-07-03 15:45:00,16277.557833714685
2025-07-03 16:00:00,16277.557833714685
2025-07-03 16:15:00,16277.557833714685
2025-07-03 16:30:00,16277.557833714685
2025-07-03 16:45:00,16277.557833714685
2025-07-03 17:00:00,16277.557833714685
2025-07-03 17:15:00,16277.557833714685
2025-07-03 17:30:00,16277.557833714685
2025-07-03 17:45:00,16277.557833714685
2025-07-03 18:00:00,16277.557833714685
2025-07-03 18:15:00,16277.557833714685
2025-07-03 18:30:00,16277.557833714685
2025-07-03 18:45:00,16277.557833714685
2025-07-03 19:00:00,16277.557833714685
2025-07-03 19:15:00,16277.557833714685
2025-07-03 19:30:00,16277.557833714685
2025-07-03 19:45:00,16277.557833714685
2025-07-03 20:00:00,16277.557833714685
2025-07-03 20:15:00,16277.557833714685
2025-07-03 20:30:00,16277.557833714685
2025-07-03 20:45:00,16277.557833714685
2025-07-03 21:00:00,16277.557833714685
2025-07-03 21:15:00,16277.557833714685
2025-07-03 21:30:00,16277.557833714685
2025-07-03 21:45:00,16277.557833714685
2025-07-03 22:00:00,16277.557833714685
2025-07-03 22:15:00,16277.557833714685
2025-07-03 22:30:00,16277.557833714685
2025-07-03 22:45:00,16277.557833714685
2025-07-03 23:00:00,16277.557833714685
2025-07-03 23:15:00,16277.557833714685
2025-07-03 23:30:00,16277.557833714685
2025-07-03 23:45:00,16277.557833714685
2025-07-04 00:00:00,16277.557833714685
2025-07-04 00:15:00,16277.557833714685
2025-07-04 00:30:00,16277.557833714685
2025-07-04 00:45:00,16277.557833714685
2025-07-04 01:00:00,16277.557833714685
2025-07-04 01:15:00,16277.557833714685
2025-07-04 01:30:00,16277.557833714685
2025-07-04 01:45:00,16277.557833714685
2025-07-04 02:00:00,16277.557833714685
2025-07-04 02:15:00,16277.557833714685
2025-07-04 02:30:00,16277.557833714685
2025-07-04 02:45:00,16277.557833714685
2025-07-04 03:00:00,16277.557833714685
2025-07-04 03:15:00,16277.557833714685
2025-07-04 03:30:00,16277.557833714685
2025-07-04 03:45:00,16277.557833714685
2025-07-04 04:00:00,16277.557833714685
2025-07-04 04:15:00,16277.557833714685
2025-07-04 04:30:00,16277.557833714685
2025-07-04 04:45:00,16277.557833714685
2025-07-04 05:00:00,16277.557833714685
2025-07-04 05:15:00,16277.557833714685
2025-07-04 05:30:00,16277.557833714685
2025-07-04 05:45:00,16277.557833714685
2025-07-04 06:00:00,16277.557833714685
2025-07-04 06:15:00,16277.557833714685
2025-07-04 06:30:00,16277.557833714685
2025-07-04 06:45:00,16277.557833714685
2025-07-04 07:00:00,16277.557833714685
2025-07-04 07:15:00,16277.557833714685
2025-07-04 07:30:00,16277.557833714685
2025-07-04 07:45:00,16277.557833714685
2025-07-04 08:00:00,16277.557833714685
2025-07-04 08:15:00,16277.557833714685
2025-07-04 08:30:00,16277.557833714685
2025-07-04 08:45:00,16277.557833714685
2025-07-04 09:00:00,16277.557833714685
2025-07-04 09:15:00,16277.557833714685
2025-07-04 09:30:00,16277.557833714685
2025-07-04 09:45:00,16277.557833714685
2025-07-04 10:00:00,16277.557833714685
2025-07-04 10:15:00,16277.557833714685
2025-07-04 10:30:00,16277.557833714685
2025-07-04 10:45:00,16277.557833714685
2025-07-04 11:00:00,16277.557833714685
2025-07-04 11:15:00,16277.557833714685
2025-07-04 11:30:00,16277.557833714685
2025-07-04 11:45:00,16277.557833714685
2025-07-04 12:00:00,16277.557833714685
2025-07-04 12:15:00,16277.557833714685
2025-07-04 12:30:00,16277.557833714685
2025-07-04 12:45:00,16277.557833714685
2025-07-04 13:00:00,16277.557833714685
2025-07-04 13:15:00,16277.557833714685
2025-07-04 13:30:00,16277.557833714685
2025-07-04 13:45:00,16277.557833714685
2025-07-04 14:00:00,16277.557833714685
2025-07-04 14:15:00,16277.557833714685
2025-07-04 14:30:00,16277.557833714685
2025-07-04 14:45:00,16277.557833714685
2025-07-04 15:00:00,16277.557833714685
2025-07-04 15:15:00,16277.557833714685
2025-07-04 15:30:00,16277.557833714685
2025-07-04 15:45:00,16277.557833714685
2025-07-04 16:00:00,16277.557833714685
2025-07-04 16:15:00,16277.557833714685
2025-07-04 16:30:00,16277.557833714685
2025-07-04 16:45:00,16277.557833714685
2025-07-04 17:00:00,16277.557833714685
2025-07-04 17:15:00,16277.557833714685
2025-07-04 17:30:00,16277.557833714685
2025-07-04 17:45:00,16277.557833714685
2025-07-04 18:00:00,16277.557833714685
2025-07-04 18:15:00,16277.557833714685
2025-07-04 18:30:00,16277.557833714685
2025-07-04 18:45:00,16277.557833714685
2025-07-04 19:00:00,16277.557833714685
2025-07-04 19:15:00,16277.557833714685
2025-07-04 19:30:00,16277.557833714685
2025-07-04 19:45:00,16277.557833714685
2025-07-04 20:00:00,16277.557833714685
2025-07-04 20:15:00,16277.557833714685
2025-07-04 20:30:00,16277.557833714685
2025-07-04 20:45:00,16277.557833714685
2025-07-04 21:00:00,16277.557833714685
2025-07-04 21:15:00,16277.557833714685
2025-07-04 21:30:00,16277.557833714685
2025-07-04 21:45:00,16277.557833714685
2025-07-04 22:00:00,16277.557833714685
2025-07-04 22:15:00,16277.557833714685
2025-07-04 22:30:00,16277.557833714685
2025-07-04 22:45:00,16277.557833714685
2025-07-04 23:00:00,16277.557833714685
2025-07-04 23:15:00,16277.557833714685
2025-07-04 23:30:00,16277.557833714685
2025-07-04 23:45:00,16277.557833714685
2025-07-07 00:00:00,16277.557833714685
2025-07-07 00:15:00,16277.557833714685
2025-07-07 00:30:00,16277.557833714685
2025-07-07 00:45:00,16277.557833714685
2025-07-07 01:00:00,16277.557833714685
2025-07-07 01:15:00,16277.557833714685
2025-07-07 01:30:00,16277.557833714685
2025-07-07 01:45:00,16277.557833714685
2025-07-07 02:00:00,16277.557833714685
2025-07-07 02:15:00,16277.557833714685
2025-07-07 02:30:00,16277.557833714685
2025-07-07 02:45:00,16277.557833714685
2025-07-07 03:00:00,16277.557833714685
2025-07-07 03:15:00,16277.557833714685
2025-07-07 03:30:00,16277.557833714685
2025-07-07 03:45:00,16277.557833714685
2025-07-07 04:00:00,16277.557833714685
2025-07-07 04:15:00,16277.557833714685
2025-07-07 04:30:00,16277.557833714685
2025-07-07 04:45:00,16277.557833714685
2025-07-07 05:00:00,16277.557833714685
2025-07-07 05:15:00,16277.557833714685
2025-07-07 05:30:00,16277.557833714685
2025-07-07 05:45:00,16277.557833714685
2025-07-07 06:00:00,16277.557833714685
2025-07-07 06:15:00,16277.557833714685
2025-07-07 06:30:00,16277.557833714685
2025-07-07 06:45:00,16277.557833714685
2025-07-07 07:00:00,16277.557833714685
2025-07-07 07:15:00,16277.557833714685
2025-07-07 07:30:00,16277.557833714685
2025-07-07 07:45:00,16277.557833714685
2025-07-07 08:00:00,16277.557833714685
2025-07-07 08:15:00,16277.557833714685
2025-07-07 08:30:00,16277.557833714685
2025-07-07 08:45:00,16277.557833714685
2025-07-07 09:00:00,16277.557833714685
2025-07-07 09:15:00,16277.557833714685
2025-07-07 09:30:00,16277.557833714685
2025-07-07 09:45:00,16277.557833714685
2025-07-07 10:00:00,16277.557833714685
2025-07-07 10:15:00,16277.557833714685
2025-07-07 10:30:00,16277.557833714685
2025-07-07 10:45:00,16277.557833714685
2025-07-07 11:00:00,16277.557833714685
2025-07-07 11:15:00,16277.557833714685
2025-07-07 11:30:00,16277.557833714685
2025-07-07 11:45:00,16277.557833714685
2025-07-07 12:00:00,16277.557833714685
2025-07-07 12:15:00,16277.557833714685
2025-07-07 12:30:00,16277.557833714685
2025-07-07 12:45:00,16277.557833714685
2025-07-07 13:00:00,16277.557833714685
2025-07-07 13:15:00,16277.557833714685
2025-07-07 13:30:00,16277.557833714685
2025-07-07 13:45:00,16277.557833714685
2025-07-07 14:00:00,16277.557833714685
2025-07-07 14:15:00,16277.557833714685
2025-07-07 14:30:00,16277.557833714685
2025-07-07 14:45:00,16277.557833714685
2025-07-07 15:00:00,16277.557833714685
2025-07-07 15:15:00,16277.557833714685
2025-07-07 15:30:00,16277.557833714685
2025-07-07 15:45:00,16277.557833714685
2025-07-07 16:00:00,16277.557833714685
2025-07-07 16:15:00,16277.557833714685
2025-07-07 16:30:00,16277.557833714685
2025-07-07 16:45:00,16277.557833714685
2025-07-07 17:00:00,16277.557833714685
2025-07-07 17:15:00,16277.557833714685
2025-07-07 17:30:00,16277.557833714685
2025-07-07 17:45:00,16277.557833714685
2025-07-07 18:00:00,16277.557833714685
2025-07-07 18:15:00,16277.557833714685
2025-07-07 18:30:00,16277.557833714685
2025-07-07 18:45:00,16277.557833714685
2025-07-07 19:00:00,16277.557833714685
2025-07-07 19:15:00,16277.557833714685
2025-07-07 19:30:00,16277.557833714685
2025-07-07 19:45:00,16277.557833714685
2025-07-07 20:00:00,16277.557833714685
2025-07-07 20:15:00,16277.557833714685
2025-07-07 20:30:00,16277.557833714685
2025-07-07 20:45:00,16277.557833714685
2025-07-07 21:00:00,16277.557833714685
2025-07-07 21:15:00,16277.557833714685
2025-07-07 21:30:00,16277.557833714685
2025-07-07 21:45:00,16277.557833714685
2025-07-07 22:00:00,16277.557833714685
2025-07-07 22:15:00,16277.557833714685
2025-07-07 22:30:00,16277.557833714685
2025-07-07 22:45:00,16277.557833714685
2025-07-07 23:00:00,16277.557833714685
2025-07-07 23:15:00,16277.557833714685
2025-07-07 23:30:00,16277.557833714685
2025-07-07 23:45:00,16277.557833714685
2025-07-08 00:00:00,16277.557833714685
2025-07-08 00:15:00,16277.557833714685
2025-07-08 00:30:00,16277.557833714685
2025-07-08 00:45:00,16277.557833714685
2025-07-08 01:00:00,16277.557833714685
2025-07-08 01:15:00,16277.557833714685
2025-07-08 01:30:00,16277.557833714685
2025-07-08 01:45:00,16277.557833714685
2025-07-08 02:00:00,16277.557833714685
2025-07-08 02:15:00,16277.557833714685
2025-07-08 02:30:00,16277.557833714685
2025-07-08 02:45:00,16277.557833714685
2025-07-08 03:00:00,16277.557833714685
2025-07-08 03:15:00,16277.557833714685
2025-07-08 03:30:00,16277.557833714685
2025-07-08 03:45:00,16277.557833714685
2025-07-08 04:00:00,16277.557833714685
2025-07-08 04:15:00,16277.557833714685
2025-07-08 04:30:00,16277.557833714685
2025-07-08 04:45:00,16277.557833714685
2025-07-08 05:00:00,16277.557833714685
2025-07-08 05:15:00,16277.557833714685
2025-07-08 05:30:00,16277.557833714685
2025-07-08 05:45:00,16277.557833714685
2025-07-08 06:00:00,16277.557833714685
2025-07-08 06:15:00,16277.557833714685
2025-07-08 06:30:00,16277.557833714685
2025-07-08 06:45:00,16277.557833714685
2025-07-08 07:00:00,16277.557833714685
2025-07-08 07:15:00,16277.557833714685
2025-07-08 07:30:00,16277.557833714685
2025-07-08 07:45:00,16277.557833714685
2025-07-08 08:00:00,16277.557833714685
2025-07-08 08:15:00,16277.557833714685
2025-07-08 08:30:00,16277.557833714685
2025-07-08 08:45:00,16277.557833714685
2025-07-08 09:00:00,16277.557833714685
2025-07-08 09:15:00,16277.557833714685
2025-07-08 09:30:00,16277.557833714685
2025-07-08 09:45:00,16277.557833714685
2025-07-08 10:00:00,16277.557833714685
2025-07-08 10:15:00,16277.557833714685
2025-07-08 10:30:00,16277.557833714685
2025-07-08 10:45:00,16277.557833714685
2025-07-08 11:00:00,16277.557833714685
2025-07-08 11:15:00,16277.557833714685
2025-07-08 11:30:00,16277.557833714685
2025-07-08 11:45:00,16277.557833714685
2025-07-08 12:00:00,16277.557833714685
2025-07-08 12:15:00,16277.557833714685
2025-07-08 12:30:00,16277.557833714685
2025-07-08 12:45:00,16277.557833714685
2025-07-08 13:00:00,16277.557833714685
2025-07-08 13:15:00,16277.557833714685
2025-07-08 13:30:00,16277.557833714685
2025-07-08 13:45:00,16277.557833714685
2025-07-08 14:00:00,16277.557833714685
2025-07-08 14:15:00,16277.557833714685
2025-07-08 14:30:00,16277.557833714685
2025-07-08 14:45:00,16277.557833714685
2025-07-08 15:00:00,16277.557833714685
2025-07-08 15:15:00,16277.557833714685
2025-07-08 15:30:00,16277.557833714685
2025-07-08 15:45:00,16277.557833714685
2025-07-08 16:00:00,16277.557833714685
2025-07-08 16:15:00,16277.557833714685
2025-07-08 16:30:00,16277.557833714685
2025-07-08 16:45:00,16277.557833714685
2025-07-08 17:00:00,16277.557833714685
2025-07-08 17:15:00,16277.557833714685
2025-07-08 17:30:00,16277.557833714685
2025-07-08 17:45:00,16277.557833714685
2025-07-08 18:00:00,16277.557833714685
2025-07-08 18:15:00,16277.557833714685
2025-07-08 18:30:00,16277.557833714685
2025-07-08 18:45:00,16277.557833714685
2025-07-08 19:00:00,16277.557833714685
2025-07-08 19:15:00,16277.557833714685
2025-07-08 19:30:00,16277.557833714685
2025-07-08 19:45:00,16277.557833714685
2025-07-08 20:00:00,16277.557833714685
2025-07-08 20:15:00,16277.557833714685
2025-07-08 20:30:00,16277.557833714685
2025-07-08 20:45:00,16277.557833714685
2025-07-08 21:00:00,16277.557833714685
2025-07-08 21:15:00,16277.557833714685
2025-07-08 21:30:00,16277.557833714685
2025-07-08 21:45:00,16277.557833714685
2025-07-08 22:00:00,16277.557833714685
2025-07-08 22:15:00,16277.557833714685
2025-07-08 22:30:00,16277.557833714685
2025-07-08 22:45:00,16277.557833714685
2025-07-08 23:00:00,16277.557833714685
2025-07-08 23:15:00,16277.557833714685
2025-07-08 23:30:00,16277.557833714685
2025-07-08 23:45:00,16277.557833714685
2025-07-09 00:00:00,16277.557833714685
2025-07-09 00:15:00,16277.557833714685
2025-07-09 00:30:00,16277.557833714685
2025-07-09 00:45:00,16277.557833714685
2025-07-09 01:00:00,16277.557833714685
2025-07-09 01:15:00,16277.557833714685
2025-07-09 01:30:00,16277.557833714685
2025-07-09 01:45:00,16277.557833714685
2025-07-09 02:00:00,16277.557833714685
2025-07-09 02:15:00,16277.557833714685
2025-07-09 02:30:00,16277.557833714685
2025-07-09 02:45:00,16277.557833714685
2025-07-09 03:00:00,16277.557833714685
2025-07-09 03:15:00,16277.557833714685
2025-07-09 03:30:00,16277.557833714685
2025-07-09 03:45:00,16277.557833714685
2025-07-09 04:00:00,16277.557833714685
2025-07-09 04:15:00,16277.557833714685
2025-07-09 04:30:00,16277.557833714685
2025-07-09 04:45:00,16277.557833714685
2025-07-09 05:00:00,16277.557833714685
2025-07-09 05:15:00,16277.557833714685
2025-07-09 05:30:00,16277.557833714685
2025-07-09 05:45:00,16277.557833714685
2025-07-09 06:00:00,16277.557833714685
2025-07-09 06:15:00,16277.557833714685
2025-07-09 06:30:00,16277.557833714685
2025-07-09 06:45:00,16277.557833714685
2025-07-09 07:00:00,16277.557833714685
2025-07-09 07:15:00,16277.557833714685
2025-07-09 07:30:00,16277.557833714685
2025-07-09 07:45:00,16277.557833714685
2025-07-09 08:00:00,16277.557833714685
2025-07-09 08:15:00,16277.557833714685
2025-07-09 08:30:00,16277.557833714685
2025-07-09 08:45:00,16277.557833714685
2025-07-09 09:00:00,16277.557833714685
2025-07-09 09:15:00,16277.557833714685
2025-07-09 09:30:00,16277.557833714685
2025-07-09 09:45:00,16277.557833714685
2025-07-09 10:00:00,16277.557833714685
2025-07-09 10:15:00,16277.557833714685
2025-07-09 10:30:00,16277.557833714685
2025-07-09 10:45:00,16277.557833714685
2025-07-09 11:00:00,16277.557833714685
2025-07-09 11:15:00,16277.557833714685
2025-07-09 11:30:00,16277.557833714685
2025-07-09 11:45:00,16277.557833714685
2025-07-09 12:00:00,16277.557833714685
2025-07-09 12:15:00,16277.557833714685
2025-07-09 12:30:00,16277.557833714685
2025-07-09 12:45:00,16277.557833714685
2025-07-09 13:00:00,16277.557833714685
2025-07-09 13:15:00,16277.557833714685
2025-07-09 13:30:00,16277.557833714685
2025-07-09 13:45:00,16277.557833714685
2025-07-09 14:00:00,16277.557833714685
2025-07-09 14:15:00,16277.557833714685
2025-07-09 14:30:00,16277.557833714685
2025-07-09 14:45:00,16277.557833714685
2025-07-09 15:00:00,16277.557833714685
2025-07-09 15:15:00,16277.557833714685
2025-07-09 15:30:00,16277.557833714685
2025-07-09 15:45:00,16277.557833714685
2025-07-09 16:00:00,16277.557833714685
2025-07-09 16:15:00,16277.557833714685
2025-07-09 16:30:00,16277.557833714685
2025-07-09 16:45:00,16277.557833714685
2025-07-09 17:00:00,16277.557833714685
2025-07-09 17:15:00,16277.557833714685
2025-07-09 17:30:00,16277.557833714685
2025-07-09 17:45:00,16277.557833714685
2025-07-09 18:00:00,16277.557833714685
2025-07-09 18:15:00,16277.557833714685
2025-07-09 18:30:00,16277.557833714685
2025-07-09 18:45:00,16277.557833714685
2025-07-09 19:00:00,16277.557833714685
2025-07-09 19:15:00,16277.557833714685
2025-07-09 19:30:00,16277.557833714685
2025-07-09 19:45:00,16277.557833714685
2025-07-09 20:00:00,16277.557833714685
2025-07-09 20:15:00,16277.557833714685
2025-07-09 20:30:00,16277.557833714685
2025-07-09 20:45:00,16277.557833714685
2025-07-09 21:00:00,16277.557833714685
2025-07-09 21:15:00,16277.557833714685
2025-07-09 21:30:00,16277.557833714685
2025-07-09 21:45:00,16277.557833714685
2025-07-09 22:00:00,16277.557833714685
2025-07-09 22:15:00,16277.557833714685
2025-07-09 22:30:00,16277.557833714685
2025-07-09 22:45:00,16277.557833714685
2025-07-09 23:00:00,16277.557833714685
2025-07-09 23:15:00,16277.557833714685
2025-07-09 23:30:00,16277.557833714685
2025-07-09 23:45:00,16277.557833714685
2025-07-10 00:00:00,16277.557833714685
2025-07-10 00:15:00,16277.557833714685
2025-07-10 00:30:00,16277.557833714685
2025-07-10 00:45:00,16277.557833714685
2025-07-10 01:00:00,16277.557833714685
2025-07-10 01:15:00,16277.557833714685
2025-07-10 01:30:00,16277.557833714685
2025-07-10 01:45:00,16277.557833714685
2025-07-10 02:00:00,16277.557833714685
2025-07-10 02:15:00,16277.557833714685
2025-07-10 02:30:00,16277.557833714685
2025-07-10 02:45:00,16277.557833714685
2025-07-10 03:00:00,16277.557833714685
2025-07-10 03:15:00,16277.557833714685
2025-07-10 03:30:00,16277.557833714685
2025-07-10 03:45:00,16277.557833714685
2025-07-10 04:00:00,16277.557833714685
2025-07-10 04:15:00,16277.557833714685
2025-07-10 04:30:00,16277.557833714685
2025-07-10 04:45:00,16277.557833714685
2025-07-10 05:00:00,16277.557833714685
2025-07-10 05:15:00,16277.557833714685
2025-07-10 05:30:00,16277.557833714685
2025-07-10 05:45:00,16277.557833714685
2025-07-10 06:00:00,16277.557833714685
2025-07-10 06:15:00,16277.557833714685
2025-07-10 06:30:00,16277.557833714685
2025-07-10 06:45:00,16277.557833714685
2025-07-10 07:00:00,16277.557833714685
2025-07-10 07:15:00,16277.557833714685
2025-07-10 07:30:00,16277.557833714685
2025-07-10 07:45:00,16277.557833714685
2025-07-10 08:00:00,16277.557833714685
2025-07-10 08:15:00,16277.557833714685
2025-07-10 08:30:00,16277.557833714685
2025-07-10 08:45:00,16277.557833714685
2025-07-10 09:00:00,16277.557833714685
2025-07-10 09:15:00,16277.557833714685
2025-07-10 09:30:00,16277.557833714685
2025-07-10 09:45:00,16277.557833714685
2025-07-10 10:00:00,16277.557833714685
2025-07-10 10:15:00,16277.557833714685
2025-07-10 10:30:00,16277.557833714685
2025-07-10 10:45:00,16277.557833714685
2025-07-10 11:00:00,16277.557833714685
2025-07-10 11:15:00,16277.557833714685
2025-07-10 11:30:00,16277.557833714685
2025-07-10 11:45:00,16277.557833714685
2025-07-10 12:00:00,16277.557833714685
2025-07-10 12:15:00,16277.557833714685
2025-07-10 12:30:00,16277.557833714685
2025-07-10 12:45:00,16277.557833714685
2025-07-10 13:00:00,16277.557833714685
2025-07-10 13:15:00,16277.557833714685
2025-07-10 13:30:00,16277.557833714685
2025-07-10 13:45:00,16277.557833714685
2025-07-10 14:00:00,16277.557833714685
2025-07-10 14:15:00,16277.557833714685
2025-07-10 14:30:00,16277.557833714685
2025-07-10 14:45:00,16277.557833714685
2025-07-10 15:00:00,16277.557833714685
2025-07-10 15:15:00,16277.557833714685
2025-07-10 15:30:00,16277.557833714685
2025-07-10 15:45:00,16277.557833714685
2025-07-10 16:00:00,16277.557833714685
2025-07-10 16:15:00,16277.557833714685
2025-07-10 16:30:00,16277.557833714685
2025-07-10 16:45:00,16277.557833714685
2025-07-10 17:00:00,16277.557833714685
2025-07-10 17:15:00,16277.557833714685
2025-07-10 17:30:00,16277.557833714685
2025-07-10 17:45:00,16277.557833714685
2025-07-10 18:00:00,16277.557833714685
2025-07-10 18:15:00,16277.557833714685
2025-07-10 18:30:00,16277.557833714685
2025-07-10 18:45:00,16277.557833714685
2025-07-10 19:00:00,16277.557833714685
2025-07-10 19:15:00,16277.557833714685
2025-07-10 19:30:00,16277.557833714685
2025-07-10 19:45:00,16277.557833714685
2025-07-10 20:00:00,16277.557833714685
2025-07-10 20:15:00,16277.557833714685
2025-07-10 20:30:00,16277.557833714685
2025-07-10 20:45:00,16277.557833714685
2025-07-10 21:00:00,16277.557833714685
2025-07-10 21:15:00,16277.557833714685
2025-07-10 21:30:00,16277.557833714685
2025-07-10 21:45:00,16277.557833714685
2025-07-10 22:00:00,16277.557833714685
2025-07-10 22:15:00,16277.557833714685
2025-07-10 22:30:00,16277.557833714685
2025-07-10 22:45:00,16277.557833714685
2025-07-10 23:00:00,16277.557833714685
2025-07-10 23:15:00,16277.557833714685
2025-07-10 23:30:00,16277.557833714685
2025-07-10 23:45:00,16277.557833714685
2025-07-11 00:00:00,16277.557833714685
2025-07-11 00:15:00,16277.557833714685
2025-07-11 00:30:00,16277.557833714685
2025-07-11 00:45:00,16277.557833714685
2025-07-11 01:00:00,16277.557833714685
2025-07-11 01:15:00,16277.557833714685
2025-07-11 01:30:00,16277.557833714685
2025-07-11 01:45:00,16277.557833714685
2025-07-11 02:00:00,16277.557833714685
2025-07-11 02:15:00,16277.557833714685
2025-07-11 02:30:00,16277.557833714685
2025-07-11 02:45:00,16277.557833714685
2025-07-11 03:00:00,16277.557833714685
2025-07-11 03:15:00,16277.557833714685
2025-07-11 03:30:00,16277.557833714685
2025-07-11 03:45:00,16277.557833714685
2025-07-11 04:00:00,16277.557833714685
2025-07-11 04:15:00,16277.557833714685
2025-07-11 04:30:00,16277.557833714685
2025-07-11 04:45:00,16277.557833714685
2025-07-11 05:00:00,16277.557833714685
2025-07-11 05:15:00,16277.557833714685
2025-07-11 05:30:00,16277.557833714685
2025-07-11 05:45:00,16277.557833714685
2025-07-11 06:00:00,16277.557833714685
2025-07-11 06:15:00,16277.557833714685
2025-07-11 06:30:00,16277.557833714685
2025-07-11 06:45:00,16277.557833714685
2025-07-11 07:00:00,16277.557833714685
2025-07-11 07:15:00,16277.557833714685
2025-07-11 07:30:00,16277.557833714685
2025-07-11 07:45:00,16277.557833714685
2025-07-11 08:00:00,16277.557833714685
2025-07-11 08:15:00,16277.557833714685
2025-07-11 08:30:00,16277.557833714685
2025-07-11 08:45:00,16277.557833714685
2025-07-11 09:00:00,16277.557833714685
2025-07-11 09:15:00,16277.557833714685
2025-07-11 09:30:00,16277.557833714685
2025-07-11 09:45:00,16277.557833714685
2025-07-11 10:00:00,16277.557833714685
2025-07-11 10:15:00,16277.557833714685
2025-07-11 10:30:00,16277.557833714685
2025-07-11 10:45:00,16277.557833714685
2025-07-11 11:00:00,16277.557833714685
2025-07-11 11:15:00,16277.557833714685
2025-07-11 11:30:00,16277.557833714685
2025-07-11 11:45:00,16277.557833714685
2025-07-11 12:00:00,16277.557833714685
2025-07-11 12:15:00,16277.557833714685
2025-07-11 12:30:00,16277.557833714685
2025-07-11 12:45:00,16277.557833714685
2025-07-11 13:00:00,16277.557833714685
2025-07-11 13:15:00,16277.557833714685
2025-07-11 13:30:00,16277.557833714685
2025-07-11 13:45:00,16277.557833714685
2025-07-11 14:00:00,16277.557833714685
2025-07-11 14:15:00,16277.557833714685
2025-07-11 14:30:00,16277.557833714685
2025-07-11 14:45:00,16277.557833714685
2025-07-11 15:00:00,16277.557833714685
2025-07-11 15:15:00,16277.557833714685
2025-07-11 15:30:00,16277.557833714685
2025-07-11 15:45:00,16277.557833714685
2025-07-11 16:00:00,16277.557833714685
2025-07-11 16:15:00,16277.557833714685
2025-07-11 16:30:00,16277.557833714685
2025-07-11 16:45:00,16277.557833714685
2025-07-11 17:00:00,16277.557833714685
2025-07-11 17:15:00,16277.557833714685
2025-07-11 17:30:00,16277.557833714685
2025-07-11 17:45:00,16277.557833714685
2025-07-11 18:00:00,16277.557833714685
2025-07-11 18:15:00,16277.557833714685
2025-07-11 18:30:00,16277.557833714685
2025-07-11 18:45:00,16277.557833714685
2025-07-11 19:00:00,16277.557833714685
2025-07-11 19:15:00,16277.557833714685
2025-07-11 19:30:00,16277.557833714685
2025-07-11 19:45:00,16277.557833714685
2025-07-11 20:00:00,16277.557833714685
2025-07-11 20:15:00,16277.557833714685
2025-07-11 20:30:00,16277.557833714685
2025-07-11 20:45:00,16277.557833714685
2025-07-11 21:00:00,16277.557833714685
2025-07-11 21:15:00,16277.557833714685
2025-07-11 21:30:00,16277.557833714685
2025-07-11 21:45:00,16277.557833714685
2025-07-11 22:00:00,16277.557833714685
2025-07-11 22:15:00,16277.557833714685
2025-07-11 22:30:00,16277.557833714685
2025-07-11 22:45:00,16277.557833714685
2025-07-11 23:00:00,16277.557833714685
2025-07-11 23:15:00,16277.557833714685
2025-07-11 23:30:00,16277.557833714685
2025-07-11 23:45:00,16277.557833714685
2025-07-14 00:00:00,16277.557833714685
2025-07-14 00:15:00,16277.557833714685
2025-07-14 00:30:00,16277.557833714685
2025-07-14 00:45:00,16277.557833714685
2025-07-14 01:00:00,16277.557833714685
2025-07-14 01:15:00,16277.557833714685
2025-07-14 01:30:00,16277.557833714685
2025-07-14 01:45:00,16277.557833714685
2025-07-14 02:00:00,16277.557833714685
2025-07-14 02:15:00,16277.557833714685
2025-07-14 02:30:00,16277.557833714685
2025-07-14 02:45:00,16277.557833714685
2025-07-14 03:00:00,16277.557833714685
2025-07-14 03:15:00,16277.557833714685
2025-07-14 03:30:00,16277.557833714685
2025-07-14 03:45:00,16277.557833714685
2025-07-14 04:00:00,16277.557833714685
2025-07-14 04:15:00,16277.557833714685
2025-07-14 04:30:00,16277.557833714685
2025-07-14 04:45:00,16277.557833714685
2025-07-14 05:00:00,16277.557833714685
2025-07-14 05:15:00,16277.557833714685
2025-07-14 05:30:00,16277.557833714685
2025-07-14 05:45:00,16277.557833714685
2025-07-14 06:00:00,16277.557833714685
2025-07-14 06:15:00,16277.557833714685
2025-07-14 06:30:00,16277.557833714685
2025-07-14 06:45:00,16277.557833714685
2025-07-14 07:00:00,16277.557833714685
2025-07-14 07:15:00,16277.557833714685
2025-07-14 07:30:00,16277.557833714685
2025-07-14 07:45:00,16277.557833714685
2025-07-14 08:00:00,16277.557833714685
2025-07-14 08:15:00,16277.557833714685
2025-07-14 08:30:00,16277.557833714685
2025-07-14 08:45:00,16277.557833714685
2025-07-14 09:00:00,16277.557833714685
2025-07-14 09:15:00,16277.557833714685
2025-07-14 09:30:00,16277.557833714685
2025-07-14 09:45:00,16277.557833714685
2025-07-14 10:00:00,16277.557833714685
2025-07-14 10:15:00,16277.557833714685
2025-07-14 10:30:00,16277.557833714685
2025-07-14 10:45:00,16277.557833714685
2025-07-14 11:00:00,16277.557833714685
2025-07-14 11:15:00,16277.557833714685
2025-07-14 11:30:00,16277.557833714685
2025-07-14 11:45:00,16277.557833714685
2025-07-14 12:00:00,16277.557833714685
2025-07-14 12:15:00,16277.557833714685
2025-07-14 12:30:00,16277.557833714685
2025-07-14 12:45:00,16277.557833714685
2025-07-14 13:00:00,16277.557833714685
2025-07-14 13:15:00,16277.557833714685
2025-07-14 13:30:00,16277.557833714685
2025-07-14 13:45:00,16277.557833714685
2025-07-14 14:00:00,16277.557833714685
2025-07-14 14:15:00,16277.557833714685
2025-07-14 14:30:00,16277.557833714685
2025-07-14 14:45:00,16277.557833714685
2025-07-14 15:00:00,16277.557833714685
2025-07-14 15:15:00,16277.557833714685
2025-07-14 15:30:00,16277.557833714685
2025-07-14 15:45:00,16277.557833714685
2025-07-14 16:00:00,16277.557833714685
2025-07-14 16:15:00,16277.557833714685
2025-07-14 16:30:00,16277.557833714685
2025-07-14 16:45:00,16277.557833714685
2025-07-14 17:00:00,16277.557833714685
2025-07-14 17:15:00,16277.557833714685
2025-07-14 17:30:00,16277.557833714685
2025-07-14 17:45:00,16277.557833714685
2025-07-14 18:00:00,16277.557833714685
2025-07-14 18:15:00,16277.557833714685
2025-07-14 18:30:00,16277.557833714685
2025-07-14 18:45:00,16277.557833714685
2025-07-14 19:00:00,16277.557833714685
2025-07-14 19:15:00,16277.557833714685
2025-07-14 19:30:00,16277.557833714685
2025-07-14 19:45:00,16277.557833714685
2025-07-14 20:00:00,16277.557833714685
2025-07-14 20:15:00,16277.557833714685
2025-07-14 20:30:00,16277.557833714685
2025-07-14 20:45:00,16277.557833714685
2025-07-14 21:00:00,16277.557833714685
2025-07-14 21:15:00,16277.557833714685
2025-07-14 21:30:00,16277.557833714685
2025-07-14 21:45:00,16277.557833714685
2025-07-14 22:00:00,16277.557833714685
2025-07-14 22:15:00,16277.557833714685
2025-07-14 22:30:00,16277.557833714685
2025-07-14 22:45:00,16277.557833714685
2025-07-14 23:00:00,16277.557833714685
2025-07-14 23:15:00,16277.557833714685
2025-07-14 23:30:00,16277.557833714685
2025-07-14 23:45:00,16277.557833714685
2025-07-15 00:00:00,16277.557833714685
2025-07-15 00:15:00,16277.557833714685
2025-07-15 00:30:00,16277.557833714685
2025-07-15 00:45:00,16277.557833714685
2025-07-15 01:00:00,16277.557833714685
2025-07-15 01:15:00,16277.557833714685
2025-07-15 01:30:00,16277.557833714685
2025-07-15 01:45:00,16277.557833714685
2025-07-15 02:00:00,16277.557833714685
2025-07-15 02:15:00,16277.557833714685
2025-07-15 02:30:00,16277.557833714685
2025-07-15 02:45:00,16277.557833714685
2025-07-15 03:00:00,16277.557833714685
2025-07-15 03:15:00,16277.557833714685
2025-07-15 03:30:00,16277.557833714685
2025-07-15 03:45:00,16277.557833714685
2025-07-15 04:00:00,16277.557833714685
2025-07-15 04:15:00,16277.557833714685
2025-07-15 04:30:00,16277.557833714685
2025-07-15 04:45:00,16277.557833714685
2025-07-15 05:00:00,16277.557833714685
2025-07-15 05:15:00,16277.557833714685
2025-07-15 05:30:00,16277.557833714685
2025-07-15 05:45:00,16277.557833714685
2025-07-15 06:00:00,16277.557833714685
2025-07-15 06:15:00,16277.557833714685
2025-07-15 06:30:00,16277.557833714685
2025-07-15 06:45:00,16277.557833714685
2025-07-15 07:00:00,16277.557833714685
2025-07-15 07:15:00,16277.557833714685
2025-07-15 07:30:00,16277.557833714685
2025-07-15 07:45:00,16277.557833714685
2025-07-15 08:00:00,16277.557833714685
2025-07-15 08:15:00,16277.557833714685
2025-07-15 08:30:00,16277.557833714685
2025-07-15 08:45:00,16277.557833714685
2025-07-15 09:00:00,16277.557833714685
2025-07-15 09:15:00,16277.557833714685
2025-07-15 09:30:00,16277.557833714685
2025-07-15 09:45:00,16277.557833714685
2025-07-15 10:00:00,16277.557833714685
2025-07-15 10:15:00,16277.557833714685
2025-07-15 10:30:00,16277.557833714685
2025-07-15 10:45:00,16277.557833714685
2025-07-15 11:00:00,16277.557833714685
2025-07-15 11:15:00,16277.557833714685
2025-07-15 11:30:00,16277.557833714685
2025-07-15 11:45:00,16277.557833714685
2025-07-15 12:00:00,16277.557833714685
2025-07-15 12:15:00,16277.557833714685
2025-07-15 12:30:00,16277.557833714685
2025-07-15 12:45:00,16277.557833714685
2025-07-15 13:00:00,16277.557833714685
2025-07-15 13:15:00,16277.557833714685
2025-07-15 13:30:00,16277.557833714685
2025-07-15 13:45:00,16277.557833714685
2025-07-15 14:00:00,16277.557833714685
2025-07-15 14:15:00,16277.557833714685
2025-07-15 14:30:00,16277.557833714685
2025-07-15 14:45:00,16277.557833714685
2025-07-15 15:00:00,16277.557833714685
2025-07-15 15:15:00,16277.557833714685
2025-07-15 15:30:00,16277.557833714685
2025-07-15 15:45:00,16277.557833714685
2025-07-15 16:00:00,16277.557833714685
2025-07-15 16:15:00,16277.557833714685
2025-07-15 16:30:00,16277.557833714685
2025-07-15 16:45:00,16277.557833714685
2025-07-15 17:00:00,16277.557833714685
2025-07-15 17:15:00,16277.557833714685
2025-07-15 17:30:00,16277.557833714685
2025-07-15 17:45:00,16277.557833714685
2025-07-15 18:00:00,16277.557833714685
2025-07-15 18:15:00,16277.557833714685
2025-07-15 18:30:00,16277.557833714685
2025-07-15 18:45:00,16277.557833714685
2025-07-15 19:00:00,16277.557833714685
2025-07-15 19:15:00,16277.557833714685
2025-07-15 19:30:00,16277.557833714685
2025-07-15 19:45:00,16277.557833714685
2025-07-15 20:00:00,16277.557833714685
2025-07-15 20:15:00,16277.557833714685
2025-07-15 20:30:00,16277.557833714685
2025-07-15 20:45:00,16277.557833714685
2025-07-15 21:00:00,16277.557833714685
2025-07-15 21:15:00,16277.557833714685
2025-07-15 21:30:00,16277.557833714685
2025-07-15 21:45:00,16277.557833714685
2025-07-15 22:00:00,16277.557833714685
2025-07-15 22:15:00,16277.557833714685
2025-07-15 22:30:00,16277.557833714685
2025-07-15 22:45:00,16277.557833714685
2025-07-15 23:00:00,16277.557833714685
2025-07-15 23:15:00,16277.557833714685
2025-07-15 23:30:00,16277.557833714685
2025-07-15 23:45:00,16277.557833714685
2025-07-16 00:00:00,16277.557833714685
2025-07-16 00:15:00,16277.557833714685
2025-07-16 00:30:00,16277.557833714685
2025-07-16 00:45:00,16277.557833714685
2025-07-16 01:00:00,16277.557833714685
2025-07-16 01:15:00,16277.557833714685
2025-07-16 01:30:00,16277.557833714685
2025-07-16 01:45:00,16277.557833714685
2025-07-16 02:00:00,16277.557833714685
2025-07-16 02:15:00,16277.557833714685
2025-07-16 02:30:00,16277.557833714685
2025-07-16 02:45:00,16277.557833714685
2025-07-16 03:00:00,16277.557833714685
2025-07-16 03:15:00,16277.557833714685
2025-07-16 03:30:00,16277.557833714685
2025-07-16 03:45:00,16277.557833714685
2025-07-16 04:00:00,16277.557833714685
2025-07-16 04:15:00,16277.557833714685
2025-07-16 04:30:00,16277.557833714685
2025-07-16 04:45:00,16277.557833714685
2025-07-16 05:00:00,16277.557833714685
2025-07-16 05:15:00,16277.557833714685
2025-07-16 05:30:00,16277.557833714685
2025-07-16 05:45:00,16277.557833714685
2025-07-16 06:00:00,16277.557833714685
2025-07-16 06:15:00,16277.557833714685
2025-07-16 06:30:00,16277.557833714685
2025-07-16 06:45:00,16277.557833714685
2025-07-16 07:00:00,16277.557833714685
2025-07-16 07:15:00,16277.557833714685
2025-07-16 07:30:00,16277.557833714685
2025-07-16 07:45:00,16277.557833714685
2025-07-16 08:00:00,16277.557833714685
2025-07-16 08:15:00,16277.557833714685
2025-07-16 08:30:00,16277.557833714685
2025-07-16 08:45:00,16277.557833714685
2025-07-16 09:00:00,16277.557833714685
2025-07-16 09:15:00,16277.557833714685
2025-07-16 09:30:00,16277.557833714685
2025-07-16 09:45:00,16277.557833714685
2025-07-16 10:00:00,16277.557833714685
2025-07-16 10:15:00,16277.557833714685
2025-07-16 10:30:00,16277.557833714685
2025-07-16 10:45:00,16277.557833714685
2025-07-16 11:00:00,16277.557833714685
2025-07-16 11:15:00,16277.557833714685
2025-07-16 11:30:00,16277.557833714685
2025-07-16 11:45:00,16277.557833714685
2025-07-16 12:00:00,16277.557833714685
2025-07-16 12:15:00,16277.557833714685
2025-07-16 12:30:00,16277.557833714685
2025-07-16 12:45:00,16277.557833714685
2025-07-16 13:00:00,16277.557833714685
2025-07-16 13:15:00,16277.557833714685
2025-07-16 13:30:00,16277.557833714685
2025-07-16 13:45:00,16277.557833714685
2025-07-16 14:00:00,16277.557833714685
2025-07-16 14:15:00,16277.557833714685
2025-07-16 14:30:00,16277.557833714685
2025-07-16 14:45:00,16277.557833714685
2025-07-16 15:00:00,16277.557833714685
2025-07-16 15:15:00,16277.557833714685
2025-07-16 15:30:00,16277.557833714685
2025-07-16 15:45:00,16277.557833714685
2025-07-16 16:00:00,16277.557833714685
2025-07-16 16:15:00,16277.557833714685
2025-07-16 16:30:00,16277.557833714685
2025-07-16 16:45:00,16277.557833714685
2025-07-16 17:00:00,16277.557833714685
2025-07-16 17:15:00,16277.557833714685
2025-07-16 17:30:00,16277.557833714685
2025-07-16 17:45:00,16277.557833714685
2025-07-16 18:00:00,16277.557833714685
2025-07-16 18:15:00,16277.557833714685
2025-07-16 18:30:00,16277.557833714685
2025-07-16 18:45:00,16277.557833714685
2025-07-16 19:00:00,16277.557833714685
2025-07-16 19:15:00,16277.557833714685
2025-07-16 19:30:00,16277.557833714685
2025-07-16 19:45:00,16277.557833714685
2025-07-16 20:00:00,16277.557833714685
2025-07-16 20:15:00,16277.557833714685
2025-07-16 20:30:00,16277.557833714685
2025-07-16 20:45:00,16277.557833714685
2025-07-16 21:00:00,16277.557833714685
2025-07-16 21:15:00,16277.557833714685
2025-07-16 21:30:00,16277.557833714685
2025-07-16 21:45:00,16277.557833714685
2025-07-16 22:00:00,16277.557833714685
2025-07-16 22:15:00,16277.557833714685
2025-07-16 22:30:00,16277.557833714685
2025-07-16 22:45:00,16277.557833714685
2025-07-16 23:00:00,16277.557833714685
2025-07-16 23:15:00,16277.557833714685
2025-07-16 23:30:00,16277.557833714685
2025-07-16 23:45:00,16277.557833714685
2025-07-17 00:00:00,16277.557833714685
2025-07-17 00:15:00,16277.557833714685
2025-07-17 00:30:00,16277.557833714685
2025-07-17 00:45:00,16277.557833714685
2025-07-17 01:00:00,16277.557833714685
2025-07-17 01:15:00,16277.557833714685
2025-07-17 01:30:00,16277.557833714685
2025-07-17 01:45:00,16277.557833714685
2025-07-17 02:00:00,16277.557833714685
2025-07-17 02:15:00,16277.557833714685
2025-07-17 02:30:00,16277.557833714685
2025-07-17 02:45:00,16277.557833714685
2025-07-17 03:00:00,16277.557833714685
2025-07-17 03:15:00,16277.557833714685
2025-07-17 03:30:00,16277.557833714685
2025-07-17 03:45:00,16277.557833714685
2025-07-17 04:00:00,16277.557833714685
2025-07-17 04:15:00,16277.557833714685
2025-07-17 04:30:00,16277.557833714685
2025-07-17 04:45:00,16277.557833714685
2025-07-17 05:00:00,16277.557833714685
2025-07-17 05:15:00,16277.557833714685
2025-07-17 05:30:00,16277.557833714685
2025-07-17 05:45:00,16277.557833714685
2025-07-17 06:00:00,16277.557833714685
2025-07-17 06:15:00,16277.557833714685
2025-07-17 06:30:00,16277.557833714685
2025-07-17 06:45:00,16277.557833714685
2025-07-17 07:00:00,16277.557833714685
2025-07-17 07:15:00,16277.557833714685
2025-07-17 07:30:00,16277.557833714685
2025-07-17 07:45:00,16277.557833714685
2025-07-17 08:00:00,16277.557833714685
2025-07-17 08:15:00,16277.557833714685
2025-07-17 08:30:00,16277.557833714685
2025-07-17 08:45:00,16277.557833714685
2025-07-17 09:00:00,16277.557833714685
2025-07-17 09:15:00,16277.557833714685
2025-07-17 09:30:00,16277.557833714685
2025-07-17 09:45:00,16277.557833714685
2025-07-17 10:00:00,16277.557833714685
2025-07-17 10:15:00,16277.557833714685
2025-07-17 10:30:00,16277.557833714685
2025-07-17 10:45:00,16277.557833714685
2025-07-17 11:00:00,16277.557833714685
2025-07-17 11:15:00,16277.557833714685
2025-07-17 11:30:00,16277.557833714685
2025-07-17 11:45:00,16277.557833714685
2025-07-17 12:00:00,16277.557833714685
2025-07-17 12:15:00,16277.557833714685
2025-07-17 12:30:00,16277.557833714685
2025-07-17 12:45:00,16277.557833714685
2025-07-17 13:00:00,16277.557833714685
2025-07-17 13:15:00,16277.557833714685
2025-07-17 13:30:00,16277.557833714685
2025-07-17 13:45:00,16277.557833714685
2025-07-17 14:00:00,16277.557833714685
2025-07-17 14:15:00,16277.557833714685
2025-07-17 14:30:00,16277.557833714685
2025-07-17 14:45:00,16277.557833714685
2025-07-17 15:00:00,16277.557833714685
2025-07-17 15:15:00,16277.557833714685
2025-07-17 15:30:00,16277.557833714685
2025-07-17 15:45:00,16277.557833714685
2025-07-17 16:00:00,16277.557833714685
2025-07-17 16:15:00,16277.557833714685
2025-07-17 16:30:00,16277.557833714685
2025-07-17 16:45:00,16277.557833714685
2025-07-17 17:00:00,16277.557833714685
2025-07-17 17:15:00,16277.557833714685
2025-07-17 17:30:00,16277.557833714685
2025-07-17 17:45:00,16277.557833714685
2025-07-17 18:00:00,16277.557833714685
2025-07-17 18:15:00,16277.557833714685
2025-07-17 18:30:00,16277.557833714685
2025-07-17 18:45:00,16277.557833714685
2025-07-17 19:00:00,16277.557833714685
2025-07-17 19:15:00,16277.557833714685
2025-07-17 19:30:00,16277.557833714685
2025-07-17 19:45:00,16277.557833714685
2025-07-17 20:00:00,16277.557833714685
2025-07-17 20:15:00,16277.557833714685
2025-07-17 20:30:00,16277.557833714685
2025-07-17 20:45:00,16277.557833714685
2025-07-17 21:00:00,16277.557833714685
2025-07-17 21:15:00,16277.557833714685
2025-07-17 21:30:00,16277.557833714685
2025-07-17 21:45:00,16277.557833714685
2025-07-17 22:00:00,16277.557833714685
2025-07-17 22:15:00,16277.557833714685
2025-07-17 22:30:00,16277.557833714685
2025-07-17 22:45:00,16277.557833714685
2025-07-17 23:00:00,16277.557833714685
2025-07-17 23:15:00,16277.557833714685
2025-07-17 23:30:00,16277.557833714685
2025-07-17 23:45:00,16277.557833714685
2025-07-18 00:00:00,16277.557833714685
2025-07-18 00:15:00,16277.557833714685
2025-07-18 00:30:00,16277.557833714685
2025-07-18 00:45:00,16277.557833714685
2025-07-18 01:00:00,16277.557833714685
2025-07-18 01:15:00,16277.557833714685
2025-07-18 01:30:00,16277.557833714685
2025-07-18 01:45:00,16277.557833714685
2025-07-18 02:00:00,16277.557833714685
2025-07-18 02:15:00,16277.557833714685
2025-07-18 02:30:00,16277.557833714685
2025-07-18 02:45:00,16277.557833714685
2025-07-18 03:00:00,16277.557833714685
2025-07-18 03:15:00,16277.557833714685
2025-07-18 03:30:00,16277.557833714685
2025-07-18 03:45:00,16277.557833714685
2025-07-18 04:00:00,16277.557833714685
2025-07-18 04:15:00,16277.557833714685
2025-07-18 04:30:00,16277.557833714685
2025-07-18 04:45:00,16277.557833714685
2025-07-18 05:00:00,16277.557833714685
2025-07-18 05:15:00,16277.557833714685
2025-07-18 05:30:00,16277.557833714685
2025-07-18 05:45:00,16277.557833714685
2025-07-18 06:00:00,16277.557833714685
2025-07-18 06:15:00,16277.557833714685
2025-07-18 06:30:00,16277.557833714685
2025-07-18 06:45:00,16277.557833714685
2025-07-18 07:00:00,16277.557833714685
2025-07-18 07:15:00,16277.557833714685
2025-07-18 07:30:00,16277.557833714685
2025-07-18 07:45:00,16277.557833714685
2025-07-18 08:00:00,16277.557833714685
2025-07-18 08:15:00,16277.557833714685
2025-07-18 08:30:00,16277.557833714685
2025-07-18 08:45:00,16277.557833714685
2025-07-18 09:00:00,16277.557833714685
2025-07-18 09:15:00,16277.557833714685
2025-07-18 09:30:00,16277.557833714685
2025-07-18 09:45:00,16277.557833714685
2025-07-18 10:00:00,16277.557833714685
2025-07-18 10:15:00,16277.557833714685
2025-07-18 10:30:00,16277.557833714685
2025-07-18 10:45:00,16277.557833714685
2025-07-18 11:00:00,16277.557833714685
2025-07-18 11:15:00,16277.557833714685
2025-07-18 11:30:00,16277.557833714685
2025-07-18 11:45:00,16277.557833714685
2025-07-18 12:00:00,16277.557833714685
2025-07-18 12:15:00,16277.557833714685
2025-07-18 12:30:00,16277.557833714685
2025-07-18 12:45:00,16277.557833714685
2025-07-18 13:00:00,16277.557833714685
2025-07-18 13:15:00,16277.557833714685
2025-07-18 13:30:00,16277.557833714685
2025-07-18 13:45:00,16277.557833714685
2025-07-18 14:00:00,16277.557833714685
2025-07-18 14:15:00,16277.557833714685
2025-07-18 14:30:00,16277.557833714685
2025-07-18 14:45:00,16277.557833714685
2025-07-18 15:00:00,16277.557833714685
2025-07-18 15:15:00,16277.557833714685
2025-07-18 15:30:00,16277.557833714685
2025-07-18 15:45:00,16277.557833714685
2025-07-18 16:00:00,16277.557833714685
2025-07-18 16:15:00,16277.557833714685
2025-07-18 16:30:00,16277.557833714685
2025-07-18 16:45:00,16277.557833714685
2025-07-18 17:00:00,16277.557833714685
2025-07-18 17:15:00,16277.557833714685
2025-07-18 17:30:00,16277.557833714685
2025-07-18 17:45:00,16277.557833714685
2025-07-18 18:00:00,16277.557833714685
2025-07-18 18:15:00,16277.557833714685
2025-07-18 18:30:00,16277.557833714685
2025-07-18 18:45:00,16277.557833714685
2025-07-18 19:00:00,16277.557833714685
2025-07-18 19:15:00,16277.557833714685
2025-07-18 19:30:00,16277.557833714685
2025-07-18 19:45:00,16277.557833714685
2025-07-18 20:00:00,16277.557833714685
2025-07-18 20:15:00,16277.557833714685
2025-07-18 20:30:00,16277.557833714685
2025-07-18 20:45:00,16277.557833714685
2025-07-18 21:00:00,16277.557833714685
2025-07-18 21:15:00,16277.557833714685
2025-07-18 21:30:00,16277.557833714685
2025-07-18 21:45:00,16277.557833714685
2025-07-18 22:00:00,16277.557833714685
2025-07-18 22:15:00,16277.557833714685
2025-07-18 22:30:00,16277.557833714685
2025-07-18 22:45:00,16277.557833714685
2025-07-18 23:00:00,16277.557833714685
2025-07-18 23:15:00,16277.557833714685
2025-07-18 23:30:00,16277.557833714685
2025-07-18 23:45:00,16277.557833714685
2025-07-21 00:00:00,16277.557833714685
2025-07-21 00:15:00,16277.557833714685
2025-07-21 00:30:00,16277.557833714685
2025-07-21 00:45:00,16277.557833714685
2025-07-21 01:00:00,16277.557833714685
2025-07-21 01:15:00,16277.557833714685
2025-07-21 01:30:00,16277.557833714685
2025-07-21 01:45:00,16277.557833714685
2025-07-21 02:00:00,16277.557833714685
2025-07-21 02:15:00,16277.557833714685
2025-07-21 02:30:00,16277.557833714685
2025-07-21 02:45:00,16277.557833714685
2025-07-21 03:00:00,16277.557833714685
2025-07-21 03:15:00,16277.557833714685
2025-07-21 03:30:00,16277.557833714685
2025-07-21 03:45:00,16277.557833714685
2025-07-21 04:00:00,16277.557833714685
2025-07-21 04:15:00,16277.557833714685
2025-07-21 04:30:00,16277.557833714685
2025-07-21 04:45:00,16277.557833714685
2025-07-21 05:00:00,16277.557833714685
2025-07-21 05:15:00,16277.557833714685
2025-07-21 05:30:00,16277.557833714685
2025-07-21 05:45:00,16277.557833714685
2025-07-21 06:00:00,16277.557833714685
2025-07-21 06:15:00,16277.557833714685
2025-07-21 06:30:00,16277.557833714685
2025-07-21 06:45:00,16277.557833714685
2025-07-21 07:00:00,16277.557833714685
2025-07-21 07:15:00,16277.557833714685
2025-07-21 07:30:00,16277.557833714685
2025-07-21 07:45:00,16277.557833714685
2025-07-21 08:00:00,16277.557833714685
2025-07-21 08:15:00,16277.557833714685
2025-07-21 08:30:00,16277.557833714685
2025-07-21 08:45:00,16277.557833714685
2025-07-21 09:00:00,16277.557833714685
2025-07-21 09:15:00,16277.557833714685
2025-07-21 09:30:00,16277.557833714685
2025-07-21 09:45:00,16277.557833714685
2025-07-21 10:00:00,16277.557833714685
2025-07-21 10:15:00,16277.557833714685
2025-07-21 10:30:00,16277.557833714685
2025-07-21 10:45:00,16277.557833714685
2025-07-21 11:00:00,16277.557833714685
2025-07-21 11:15:00,16277.557833714685
2025-07-21 11:30:00,16277.557833714685
2025-07-21 11:45:00,16277.557833714685
2025-07-21 12:00:00,16277.557833714685
2025-07-21 12:15:00,16277.557833714685
2025-07-21 12:30:00,16277.557833714685
2025-07-21 12:45:00,16277.557833714685
2025-07-21 13:00:00,16277.557833714685
2025-07-21 13:15:00,16277.557833714685
2025-07-21 13:30:00,16277.557833714685
2025-07-21 13:45:00,16277.557833714685
2025-07-21 14:00:00,16277.557833714685
2025-07-21 14:15:00,16277.557833714685
2025-07-21 14:30:00,16277.557833714685
2025-07-21 14:45:00,16277.557833714685
2025-07-21 15:00:00,16277.557833714685
2025-07-21 15:15:00,16277.557833714685
2025-07-21 15:30:00,16277.557833714685
2025-07-21 15:45:00,16277.557833714685
2025-07-21 16:00:00,16277.557833714685
2025-07-21 16:15:00,16277.557833714685
2025-07-21 16:30:00,16277.557833714685
2025-07-21 16:45:00,16277.557833714685
2025-07-21 17:00:00,16277.557833714685
2025-07-21 17:15:00,16277.557833714685
2025-07-21 17:30:00,16277.557833714685
2025-07-21 17:45:00,16277.557833714685
2025-07-21 18:00:00,16277.557833714685
2025-07-21 18:15:00,16277.557833714685
2025-07-21 18:30:00,16277.557833714685
2025-07-21 18:45:00,16277.557833714685
2025-07-21 19:00:00,16277.557833714685
2025-07-21 19:15:00,16277.557833714685
2025-07-21 19:30:00,16277.557833714685
2025-07-21 19:45:00,16277.557833714685
2025-07-21 20:00:00,16277.557833714685
2025-07-21 20:15:00,16277.557833714685
2025-07-21 20:30:00,16277.557833714685
2025-07-21 20:45:00,16277.557833714685
2025-07-21 21:00:00,16277.557833714685
2025-07-21 21:15:00,16277.557833714685
2025-07-21 21:30:00,16277.557833714685
2025-07-21 21:45:00,16277.557833714685
2025-07-21 22:00:00,16277.557833714685
2025-07-21 22:15:00,16277.557833714685
2025-07-21 22:30:00,16277.557833714685
2025-07-21 22:45:00,16277.557833714685
2025-07-21 23:00:00,16277.557833714685
2025-07-21 23:15:00,16277.557833714685
2025-07-21 23:30:00,16277.557833714685
2025-07-21 23:45:00,16277.557833714685
2025-07-22 00:00:00,16277.557833714685
2025-07-22 00:15:00,16277.557833714685
2025-07-22 00:30:00,16277.557833714685
2025-07-22 00:45:00,16277.557833714685
2025-07-22 01:00:00,16277.557833714685
2025-07-22 01:15:00,16277.557833714685
2025-07-22 01:30:00,16277.557833714685
2025-07-22 01:45:00,16277.557833714685
2025-07-22 02:00:00,16277.557833714685
2025-07-22 02:15:00,16277.557833714685
2025-07-22 02:30:00,16277.557833714685
2025-07-22 02:45:00,16277.557833714685
2025-07-22 03:00:00,16277.557833714685
2025-07-22 03:15:00,16277.557833714685
2025-07-22 03:30:00,16277.557833714685
2025-07-22 03:45:00,16277.557833714685
2025-07-22 04:00:00,16277.557833714685
2025-07-22 04:15:00,16277.557833714685
2025-07-22 04:30:00,16277.557833714685
2025-07-22 04:45:00,16277.557833714685
2025-07-22 05:00:00,16277.557833714685
2025-07-22 05:15:00,16277.557833714685
2025-07-22 05:30:00,16277.557833714685
2025-07-22 05:45:00,16277.557833714685
2025-07-22 06:00:00,16277.557833714685
2025-07-22 06:15:00,16277.557833714685
2025-07-22 06:30:00,16277.557833714685
2025-07-22 06:45:00,16277.557833714685
2025-07-22 07:00:00,16277.557833714685
2025-07-22 07:15:00,16277.557833714685
2025-07-22 07:30:00,16277.557833714685
2025-07-22 07:45:00,16277.557833714685
2025-07-22 08:00:00,16277.557833714685
2025-07-22 08:15:00,16277.557833714685
2025-07-22 08:30:00,16277.557833714685
2025-07-22 08:45:00,16277.557833714685
2025-07-22 09:00:00,16277.557833714685
2025-07-22 09:15:00,16277.557833714685
2025-07-22 09:30:00,16277.557833714685
2025-07-22 09:45:00,16277.557833714685
2025-07-22 10:00:00,16277.557833714685
2025-07-22 10:15:00,16277.557833714685
2025-07-22 10:30:00,16277.557833714685
2025-07-22 10:45:00,16277.557833714685
2025-07-22 11:00:00,16277.557833714685
2025-07-22 11:15:00,16277.557833714685
2025-07-22 11:30:00,16277.557833714685
2025-07-22 11:45:00,16277.557833714685
2025-07-22 12:00:00,16277.557833714685
2025-07-22 12:15:00,16277.557833714685
2025-07-22 12:30:00,16277.557833714685
2025-07-22 12:45:00,16277.557833714685
2025-07-22 13:00:00,16277.557833714685
2025-07-22 13:15:00,16277.557833714685
2025-07-22 13:30:00,16277.557833714685
2025-07-22 13:45:00,16277.557833714685
2025-07-22 14:00:00,16277.557833714685
2025-07-22 14:15:00,16277.557833714685
2025-07-22 14:30:00,16277.557833714685
2025-07-22 14:45:00,16277.557833714685
2025-07-22 15:00:00,16277.557833714685
2025-07-22 15:15:00,16277.557833714685
2025-07-22 15:30:00,16277.557833714685
2025-07-22 15:45:00,16277.557833714685
2025-07-22 16:00:00,16277.557833714685
2025-07-22 16:15:00,16277.557833714685
2025-07-22 16:30:00,16277.557833714685
2025-07-22 16:45:00,16277.557833714685
2025-07-22 17:00:00,16277.557833714685
2025-07-22 17:15:00,16277.557833714685
2025-07-22 17:30:00,16277.557833714685
2025-07-22 17:45:00,16277.557833714685
2025-07-22 18:00:00,16277.557833714685
2025-07-22 18:15:00,16277.557833714685
2025-07-22 18:30:00,16277.557833714685
2025-07-22 18:45:00,16277.557833714685
2025-07-22 19:00:00,16277.557833714685
2025-07-22 19:15:00,16277.557833714685
2025-07-22 19:30:00,16277.557833714685
2025-07-22 19:45:00,16277.557833714685
2025-07-22 20:00:00,16277.557833714685
2025-07-22 20:15:00,16277.557833714685
2025-07-22 20:30:00,16277.557833714685
2025-07-22 20:45:00,16277.557833714685
2025-07-22 21:00:00,16277.557833714685
2025-07-22 21:15:00,16277.557833714685
2025-07-22 21:30:00,16277.557833714685
2025-07-22 21:45:00,16277.557833714685
2025-07-22 22:00:00,16277.557833714685
2025-07-22 22:15:00,16277.557833714685
2025-07-22 22:30:00,16277.557833714685
2025-07-22 22:45:00,16277.557833714685
2025-07-22 23:00:00,16277.557833714685
2025-07-22 23:15:00,16277.557833714685
2025-07-22 23:30:00,16277.557833714685
2025-07-22 23:45:00,16277.557833714685
2025-07-23 00:00:00,16277.557833714685
2025-07-23 00:15:00,16277.557833714685
2025-07-23 00:30:00,16277.557833714685
2025-07-23 00:45:00,16277.557833714685
2025-07-23 01:00:00,16277.557833714685
2025-07-23 01:15:00,16277.557833714685
2025-07-23 01:30:00,16277.557833714685
2025-07-23 01:45:00,16277.557833714685
2025-07-23 02:00:00,16277.557833714685
2025-07-23 02:15:00,16277.557833714685
2025-07-23 02:30:00,16277.557833714685
2025-07-23 02:45:00,16277.557833714685
2025-07-23 03:00:00,16277.557833714685
2025-07-23 03:15:00,16277.557833714685
2025-07-23 03:30:00,16277.557833714685
2025-07-23 03:45:00,16277.557833714685
2025-07-23 04:00:00,16277.557833714685
2025-07-23 04:15:00,16277.557833714685
2025-07-23 04:30:00,16277.557833714685
2025-07-23 04:45:00,16277.557833714685
2025-07-23 05:00:00,16277.557833714685
2025-07-23 05:15:00,16277.557833714685
2025-07-23 05:30:00,16277.557833714685
2025-07-23 05:45:00,16277.557833714685
2025-07-23 06:00:00,16277.557833714685
2025-07-23 06:15:00,16277.557833714685
2025-07-23 06:30:00,16277.557833714685
2025-07-23 06:45:00,16277.557833714685
2025-07-23 07:00:00,16277.557833714685
2025-07-23 07:15:00,16277.557833714685
2025-07-23 07:30:00,16277.557833714685
2025-07-23 07:45:00,16277.557833714685
2025-07-23 08:00:00,16277.557833714685
2025-07-23 08:15:00,16277.557833714685
2025-07-23 08:30:00,16277.557833714685
2025-07-23 08:45:00,16277.557833714685
2025-07-23 09:00:00,16277.557833714685
2025-07-23 09:15:00,16277.557833714685
2025-07-23 09:30:00,16277.557833714685
2025-07-23 09:45:00,16277.557833714685
2025-07-23 10:00:00,16277.557833714685
2025-07-23 10:15:00,16277.557833714685
2025-07-23 10:30:00,16277.557833714685
2025-07-23 10:45:00,16277.557833714685
2025-07-23 11:00:00,16277.557833714685
2025-07-23 11:15:00,16277.557833714685
2025-07-23 11:30:00,16277.557833714685
2025-07-23 11:45:00,16277.557833714685
2025-07-23 12:00:00,16277.557833714685
2025-07-23 12:15:00,16277.557833714685
2025-07-23 12:30:00,16277.557833714685
2025-07-23 12:45:00,16277.557833714685
2025-07-23 13:00:00,16277.557833714685
2025-07-23 13:15:00,16277.557833714685
2025-07-23 13:30:00,16277.557833714685
2025-07-23 13:45:00,16277.557833714685
2025-07-23 14:00:00,16277.557833714685
2025-07-23 14:15:00,16277.557833714685
2025-07-23 14:30:00,16277.557833714685
2025-07-23 14:45:00,16277.557833714685
2025-07-23 15:00:00,16277.557833714685
2025-07-23 15:15:00,16277.557833714685
2025-07-23 15:30:00,16277.557833714685
2025-07-23 15:45:00,16277.557833714685
2025-07-23 16:00:00,16277.557833714685
2025-07-23 16:15:00,16277.557833714685
2025-07-23 16:30:00,16277.557833714685
2025-07-23 16:45:00,16277.557833714685
2025-07-23 17:00:00,16277.557833714685
2025-07-23 17:15:00,16277.557833714685
2025-07-23 17:30:00,16277.557833714685
2025-07-23 17:45:00,16277.557833714685
2025-07-23 18:00:00,16277.557833714685
2025-07-23 18:15:00,16277.557833714685
2025-07-23 18:30:00,16277.557833714685
2025-07-23 18:45:00,16277.557833714685
2025-07-23 19:00:00,16277.557833714685
2025-07-23 19:15:00,16277.557833714685
2025-07-23 19:30:00,16277.557833714685
2025-07-23 19:45:00,16277.557833714685
2025-07-23 20:00:00,16277.557833714685
2025-07-23 20:15:00,16277.557833714685
2025-07-23 20:30:00,16277.557833714685
2025-07-23 20:45:00,16277.557833714685
2025-07-23 21:00:00,16277.557833714685
2025-07-23 21:15:00,16277.557833714685
2025-07-23 21:30:00,16277.557833714685
2025-07-23 21:45:00,16277.557833714685
2025-07-23 22:00:00,16277.557833714685
2025-07-23 22:15:00,16277.557833714685
2025-07-23 22:30:00,16277.557833714685
2025-07-23 22:45:00,16277.557833714685
2025-07-23 23:00:00,16277.557833714685
2025-07-23 23:15:00,16277.557833714685
2025-07-23 23:30:00,16277.557833714685
2025-07-23 23:45:00,16277.557833714685
2025-07-24 00:00:00,16277.557833714685
2025-07-24 00:15:00,16277.557833714685
2025-07-24 00:30:00,16277.557833714685
2025-07-24 00:45:00,16277.557833714685
2025-07-24 01:00:00,16277.557833714685
2025-07-24 01:15:00,16277.557833714685
2025-07-24 01:30:00,16277.557833714685
2025-07-24 01:45:00,16277.557833714685
2025-07-24 02:00:00,16277.557833714685
2025-07-24 02:15:00,16277.557833714685
2025-07-24 02:30:00,16277.557833714685
2025-07-24 02:45:00,16277.557833714685
2025-07-24 03:00:00,16277.557833714685
2025-07-24 03:15:00,16277.557833714685
2025-07-24 03:30:00,16277.557833714685
2025-07-24 03:45:00,16277.557833714685
2025-07-24 04:00:00,16277.557833714685
2025-07-24 04:15:00,16277.557833714685
2025-07-24 04:30:00,16277.557833714685
2025-07-24 04:45:00,16277.557833714685
2025-07-24 05:00:00,16277.557833714685
2025-07-24 05:15:00,16277.557833714685
2025-07-24 05:30:00,16277.557833714685
2025-07-24 05:45:00,16277.557833714685
2025-07-24 06:00:00,16277.557833714685
2025-07-24 06:15:00,16277.557833714685
2025-07-24 06:30:00,16277.557833714685
2025-07-24 06:45:00,16277.557833714685
2025-07-24 07:00:00,16277.557833714685
2025-07-24 07:15:00,16277.557833714685
2025-07-24 07:30:00,16277.557833714685
2025-07-24 07:45:00,16277.557833714685
2025-07-24 08:00:00,16277.557833714685
2025-07-24 08:15:00,16277.557833714685
2025-07-24 08:30:00,16277.557833714685
2025-07-24 08:45:00,16277.557833714685
2025-07-24 09:00:00,16277.557833714685
2025-07-24 09:15:00,16277.557833714685
2025-07-24 09:30:00,16277.557833714685
2025-07-24 09:45:00,16277.557833714685
2025-07-24 10:00:00,16277.557833714685
2025-07-24 10:15:00,16277.557833714685
2025-07-24 10:30:00,16277.557833714685
2025-07-24 10:45:00,16277.557833714685
2025-07-24 11:00:00,16277.557833714685
2025-07-24 11:15:00,16277.557833714685
2025-07-24 11:30:00,16277.557833714685
2025-07-24 11:45:00,16277.557833714685
2025-07-24 12:00:00,16277.557833714685
2025-07-24 12:15:00,16277.557833714685
2025-07-24 12:30:00,16277.557833714685
2025-07-24 12:45:00,16277.557833714685
2025-07-24 13:00:00,16277.557833714685
2025-07-24 13:15:00,16277.557833714685
2025-07-24 13:30:00,16277.557833714685
2025-07-24 13:45:00,16277.557833714685
2025-07-24 14:00:00,16277.557833714685
2025-07-24 14:15:00,16277.557833714685
2025-07-24 14:30:00,16277.557833714685
2025-07-24 14:45:00,16277.557833714685
2025-07-24 15:00:00,16277.557833714685
2025-07-24 15:15:00,16277.557833714685
2025-07-24 15:30:00,16277.557833714685
2025-07-24 15:45:00,16277.557833714685
2025-07-24 16:00:00,16277.557833714685
2025-07-24 16:15:00,16277.557833714685
2025-07-24 16:30:00,16277.557833714685
2025-07-24 16:45:00,16277.557833714685
2025-07-24 17:00:00,16277.557833714685
2025-07-24 17:15:00,16277.557833714685
2025-07-24 17:30:00,16277.557833714685
2025-07-24 17:45:00,16277.557833714685
2025-07-24 18:00:00,16277.557833714685
2025-07-24 18:15:00,16277.557833714685
2025-07-24 18:30:00,16277.557833714685
2025-07-24 18:45:00,16277.557833714685
2025-07-24 19:00:00,16277.557833714685
2025-07-24 19:15:00,16277.557833714685
2025-07-24 19:30:00,16277.557833714685
2025-07-24 19:45:00,16277.557833714685
2025-07-24 20:00:00,16277.557833714685
2025-07-24 20:15:00,16277.557833714685
2025-07-24 20:30:00,16277.557833714685
2025-07-24 20:45:00,16277.557833714685
2025-07-24 21:00:00,16277.557833714685
2025-07-24 21:15:00,16277.557833714685
2025-07-24 21:30:00,16277.557833714685
2025-07-24 21:45:00,16277.557833714685
2025-07-24 22:00:00,16277.557833714685
2025-07-24 22:15:00,16277.557833714685
2025-07-24 22:30:00,16277.557833714685
2025-07-24 22:45:00,16277.557833714685
2025-07-24 23:00:00,16277.557833714685
2025-07-24 23:15:00,16277.557833714685
2025-07-24 23:30:00,16277.557833714685
2025-07-24 23:45:00,16277.557833714685
2025-07-25 00:00:00,16277.557833714685
2025-07-25 00:15:00,16277.557833714685
2025-07-25 00:30:00,16277.557833714685
2025-07-25 00:45:00,16277.557833714685
2025-07-25 01:00:00,16277.557833714685
2025-07-25 01:15:00,16277.557833714685
2025-07-25 01:30:00,16277.557833714685
2025-07-25 01:45:00,16277.557833714685
2025-07-25 02:00:00,16277.557833714685
2025-07-25 02:15:00,16277.557833714685
2025-07-25 02:30:00,16277.557833714685
2025-07-25 02:45:00,16277.557833714685
2025-07-25 03:00:00,16277.557833714685
2025-07-25 03:15:00,16277.557833714685
2025-07-25 03:30:00,16277.557833714685
2025-07-25 03:45:00,16277.557833714685
2025-07-25 04:00:00,16277.557833714685
2025-07-25 04:15:00,16277.557833714685
2025-07-25 04:30:00,16277.557833714685
2025-07-25 04:45:00,16277.557833714685
2025-07-25 05:00:00,16277.557833714685
2025-07-25 05:15:00,16277.557833714685
2025-07-25 05:30:00,16277.557833714685
2025-07-25 05:45:00,16277.557833714685
2025-07-25 06:00:00,16277.557833714685
2025-07-25 06:15:00,16277.557833714685
2025-07-25 06:30:00,16277.557833714685
2025-07-25 06:45:00,16277.557833714685
2025-07-25 07:00:00,16277.557833714685
2025-07-25 07:15:00,16277.557833714685
2025-07-25 07:30:00,16277.557833714685
2025-07-25 07:45:00,16277.557833714685
2025-07-25 08:00:00,16277.557833714685
2025-07-25 08:15:00,16277.557833714685
2025-07-25 08:30:00,16277.557833714685
2025-07-25 08:45:00,16277.557833714685
2025-07-25 09:00:00,16277.557833714685
2025-07-25 09:15:00,16277.557833714685
2025-07-25 09:30:00,16277.557833714685
2025-07-25 09:45:00,16277.557833714685
2025-07-25 10:00:00,16277.557833714685
2025-07-25 10:15:00,16277.557833714685
2025-07-25 10:30:00,16277.557833714685
2025-07-25 10:45:00,16277.557833714685
2025-07-25 11:00:00,16277.557833714685
2025-07-25 11:15:00,16277.557833714685
2025-07-25 11:30:00,16277.557833714685
2025-07-25 11:45:00,16277.557833714685
2025-07-25 12:00:00,16277.557833714685
2025-07-25 12:15:00,16277.557833714685
2025-07-25 12:30:00,16277.557833714685
2025-07-25 12:45:00,16277.557833714685
2025-07-25 13:00:00,16277.557833714685
2025-07-25 13:15:00,16277.557833714685
2025-07-25 13:30:00,16277.557833714685
2025-07-25 13:45:00,16277.557833714685
2025-07-25 14:00:00,16277.557833714685
2025-07-25 14:15:00,16277.557833714685
2025-07-25 14:30:00,16277.557833714685
2025-07-25 14:45:00,16277.557833714685
2025-07-25 15:00:00,16277.557833714685
2025-07-25 15:15:00,16277.557833714685
2025-07-25 15:30:00,16277.557833714685
2025-07-25 15:45:00,16277.557833714685
2025-07-25 16:00:00,16277.557833714685
2025-07-25 16:15:00,16277.557833714685
2025-07-25 16:30:00,16277.557833714685
2025-07-25 16:45:00,16277.557833714685
2025-07-25 17:00:00,16277.557833714685
2025-07-25 17:15:00,16277.557833714685
2025-07-25 17:30:00,16277.557833714685
2025-07-25 17:45:00,16277.557833714685
2025-07-25 18:00:00,16277.557833714685
2025-07-25 18:15:00,16277.557833714685
2025-07-25 18:30:00,16277.557833714685
2025-07-25 18:45:00,16277.557833714685
2025-07-25 19:00:00,16277.557833714685
2025-07-25 19:15:00,16277.557833714685
2025-07-25 19:30:00,16277.557833714685
2025-07-25 19:45:00,16277.557833714685
2025-07-25 20:00:00,16277.557833714685
2025-07-25 20:15:00,16277.557833714685
2025-07-25 20:30:00,16277.557833714685
2025-07-25 20:45:00,16277.557833714685
2025-07-25 21:00:00,16277.557833714685
2025-07-25 21:15:00,16277.557833714685
2025-07-25 21:30:00,16277.557833714685
2025-07-25 21:45:00,16277.557833714685
2025-07-25 22:00:00,16277.557833714685
2025-07-25 22:15:00,16277.557833714685
2025-07-25 22:30:00,16277.557833714685
2025-07-25 22:45:00,16277.557833714685
2025-07-25 23:00:00,16277.557833714685
2025-07-25 23:15:00,16277.557833714685
2025-07-25 23:30:00,16277.557833714685
2025-07-25 23:45:00,16277.557833714685
2025-07-28 00:00:00,16277.557833714685
2025-07-28 00:15:00,16277.557833714685
2025-07-28 00:30:00,16277.557833714685
2025-07-28 00:45:00,16277.557833714685
2025-07-28 01:00:00,16277.557833714685
2025-07-28 01:15:00,16277.557833714685
2025-07-28 01:30:00,16277.557833714685
2025-07-28 01:45:00,16277.557833714685
2025-07-28 02:00:00,16277.557833714685
2025-07-28 02:15:00,16277.557833714685
2025-07-28 02:30:00,16277.557833714685
2025-07-28 02:45:00,16277.557833714685
2025-07-28 03:00:00,16277.557833714685
2025-07-28 03:15:00,16277.557833714685
2025-07-28 03:30:00,16277.557833714685
2025-07-28 03:45:00,16277.557833714685
2025-07-28 04:00:00,16277.557833714685
2025-07-28 04:15:00,16277.557833714685
2025-07-28 04:30:00,16277.557833714685
2025-07-28 04:45:00,16277.557833714685
2025-07-28 05:00:00,16277.557833714685
2025-07-28 05:15:00,16277.557833714685
2025-07-28 05:30:00,16277.557833714685
2025-07-28 05:45:00,16277.557833714685
2025-07-28 06:00:00,16277.557833714685
2025-07-28 06:15:00,16277.557833714685
2025-07-28 06:30:00,16277.557833714685
2025-07-28 06:45:00,16277.557833714685
2025-07-28 07:00:00,16277.557833714685
2025-07-28 07:15:00,16277.557833714685
2025-07-28 07:30:00,16277.557833714685
2025-07-28 07:45:00,16277.557833714685
2025-07-28 08:00:00,16277.557833714685
2025-07-28 08:15:00,16277.557833714685
2025-07-28 08:30:00,16277.557833714685
2025-07-28 08:45:00,16277.557833714685
2025-07-28 09:00:00,16277.557833714685
2025-07-28 09:15:00,16277.557833714685
2025-07-28 09:30:00,16277.557833714685
2025-07-28 09:45:00,16277.557833714685
2025-07-28 10:00:00,16277.557833714685
2025-07-28 10:15:00,16277.557833714685
2025-07-28 10:30:00,16277.557833714685
2025-07-28 10:45:00,16277.557833714685
2025-07-28 11:00:00,16277.557833714685
2025-07-28 11:15:00,16277.557833714685
2025-07-28 11:30:00,16277.557833714685
2025-07-28 11:45:00,16277.557833714685
2025-07-28 12:00:00,16277.557833714685
2025-07-28 12:15:00,16277.557833714685
2025-07-28 12:30:00,16277.557833714685
2025-07-28 12:45:00,16277.557833714685
2025-07-28 13:00:00,16277.557833714685
2025-07-28 13:15:00,16277.557833714685
2025-07-28 13:30:00,16277.557833714685
2025-07-28 13:45:00,16277.557833714685
2025-07-28 14:00:00,16277.557833714685
2025-07-28 14:15:00,16277.557833714685
2025-07-28 14:30:00,16277.557833714685
2025-07-28 14:45:00,16277.557833714685
2025-07-28 15:00:00,16277.557833714685
2025-07-28 15:15:00,16277.557833714685
2025-07-28 15:30:00,16277.557833714685
2025-07-28 15:45:00,16277.557833714685
2025-07-28 16:00:00,16277.557833714685
2025-07-28 16:15:00,16277.557833714685
2025-07-28 16:30:00,16277.557833714685
2025-07-28 16:45:00,16277.557833714685
2025-07-28 17:00:00,16277.557833714685
2025-07-28 17:15:00,16277.557833714685
2025-07-28 17:30:00,16277.557833714685
2025-07-28 17:45:00,16277.557833714685
2025-07-28 18:00:00,16277.557833714685
2025-07-28 18:15:00,16277.557833714685
2025-07-28 18:30:00,16277.557833714685
2025-07-28 18:45:00,16277.557833714685
2025-07-28 19:00:00,16277.557833714685
2025-07-28 19:15:00,16277.557833714685
2025-07-28 19:30:00,16277.557833714685
2025-07-28 19:45:00,16277.557833714685
2025-07-28 20:00:00,16277.557833714685
2025-07-28 20:15:00,16277.557833714685
2025-07-28 20:30:00,16277.557833714685
2025-07-28 20:45:00,16277.557833714685
2025-07-28 21:00:00,16277.557833714685
2025-07-28 21:15:00,16277.557833714685
2025-07-28 21:30:00,16277.557833714685
2025-07-28 21:45:00,16277.557833714685
2025-07-28 22:00:00,16277.557833714685
2025-07-28 22:15:00,16277.557833714685
2025-07-28 22:30:00,16277.557833714685
2025-07-28 22:45:00,16277.557833714685
2025-07-28 23:00:00,16277.557833714685
2025-07-28 23:15:00,16277.557833714685
2025-07-28 23:30:00,16277.557833714685
2025-07-28 23:45:00,16277.557833714685
2025-07-29 00:00:00,16277.557833714685
2025-07-29 00:15:00,16277.557833714685
2025-07-29 00:30:00,16277.557833714685
2025-07-29 00:45:00,16277.557833714685
2025-07-29 01:00:00,16277.557833714685
2025-07-29 01:15:00,16277.557833714685
2025-07-29 01:30:00,16277.557833714685
2025-07-29 01:45:00,16277.557833714685
2025-07-29 02:00:00,16277.557833714685
2025-07-29 02:15:00,16277.557833714685
2025-07-29 02:30:00,16277.557833714685
2025-07-29 02:45:00,16277.557833714685
2025-07-29 03:00:00,16277.557833714685
2025-07-29 03:15:00,16277.557833714685
2025-07-29 03:30:00,16277.557833714685
2025-07-29 03:45:00,16277.557833714685
2025-07-29 04:00:00,16277.557833714685
2025-07-29 04:15:00,16277.557833714685
2025-07-29 04:30:00,16277.557833714685
2025-07-29 04:45:00,16277.557833714685
2025-07-29 05:00:00,16277.557833714685
2025-07-29 05:15:00,16277.557833714685
2025-07-29 05:30:00,16277.557833714685
2025-07-29 05:45:00,16277.557833714685
2025-07-29 06:00:00,16277.557833714685
2025-07-29 06:15:00,16277.557833714685
2025-07-29 06:30:00,16277.557833714685
2025-07-29 06:45:00,16277.557833714685
2025-07-29 07:00:00,16277.557833714685
2025-07-29 07:15:00,16277.557833714685
2025-07-29 07:30:00,16277.557833714685
2025-07-29 07:45:00,16277.557833714685
2025-07-29 08:00:00,16277.557833714685
2025-07-29 08:15:00,16277.557833714685
2025-07-29 08:30:00,16277.557833714685
2025-07-29 08:45:00,16277.557833714685
2025-07-29 09:00:00,16277.557833714685
2025-07-29 09:15:00,16277.557833714685
2025-07-29 09:30:00,16277.557833714685
2025-07-29 09:45:00,16277.557833714685
2025-07-29 10:00:00,16277.557833714685
2025-07-29 10:15:00,16277.557833714685
2025-07-29 10:30:00,16277.557833714685
2025-07-29 10:45:00,16277.557833714685
2025-07-29 11:00:00,16277.557833714685
2025-07-29 11:15:00,16277.557833714685
2025-07-29 11:30:00,16277.557833714685
2025-07-29 11:45:00,16277.557833714685
2025-07-29 12:00:00,16277.557833714685
2025-07-29 12:15:00,16277.557833714685
2025-07-29 12:30:00,16277.557833714685
2025-07-29 12:45:00,16277.557833714685
2025-07-29 13:00:00,16277.557833714685
2025-07-29 13:15:00,16277.557833714685
2025-07-29 13:30:00,16277.557833714685
2025-07-29 13:45:00,16277.557833714685
2025-07-29 14:00:00,16277.557833714685
2025-07-29 14:15:00,16277.557833714685
2025-07-29 14:30:00,16277.557833714685
2025-07-29 14:45:00,16277.557833714685
2025-07-29 15:00:00,16277.557833714685
2025-07-29 15:15:00,16277.557833714685
2025-07-29 15:30:00,16277.557833714685
2025-07-29 15:45:00,16277.557833714685
2025-07-29 16:00:00,16277.557833714685
2025-07-29 16:15:00,16277.557833714685
2025-07-29 16:30:00,16277.557833714685
2025-07-29 16:45:00,16277.557833714685
2025-07-29 17:00:00,16277.557833714685
2025-07-29 17:15:00,16277.557833714685
2025-07-29 17:30:00,16277.557833714685
2025-07-29 17:45:00,16277.557833714685
2025-07-29 18:00:00,16277.557833714685
2025-07-29 18:15:00,16277.557833714685
2025-07-29 18:30:00,16277.557833714685
2025-07-29 18:45:00,16277.557833714685
2025-07-29 19:00:00,16277.557833714685
2025-07-29 19:15:00,16277.557833714685
2025-07-29 19:30:00,16277.557833714685
2025-07-29 19:45:00,16277.557833714685
2025-07-29 20:00:00,16277.557833714685
2025-07-29 20:15:00,16277.557833714685
2025-07-29 20:30:00,16277.557833714685
2025-07-29 20:45:00,16277.557833714685
2025-07-29 21:00:00,16277.557833714685
2025-07-29 21:15:00,16277.557833714685
2025-07-29 21:30:00,16277.557833714685
2025-07-29 21:45:00,16277.557833714685
2025-07-29 22:00:00,16277.557833714685
2025-07-29 22:15:00,16277.557833714685
2025-07-29 22:30:00,16277.557833714685
2025-07-29 22:45:00,16277.557833714685
2025-07-29 23:00:00,16277.557833714685
2025-07-29 23:15:00,16277.557833714685
2025-07-29 23:30:00,16277.557833714685
2025-07-29 23:45:00,16277.557833714685
2025-07-30 00:00:00,16277.557833714685
2025-07-30 00:15:00,16277.557833714685
2025-07-30 00:30:00,16277.557833714685
2025-07-30 00:45:00,16277.557833714685
2025-07-30 01:00:00,16277.557833714685
2025-07-30 01:15:00,16277.557833714685
2025-07-30 01:30:00,16277.557833714685
2025-07-30 01:45:00,16277.557833714685
2025-07-30 02:00:00,16277.557833714685
2025-07-30 02:15:00,16277.557833714685
2025-07-30 02:30:00,16277.557833714685
2025-07-30 02:45:00,16277.557833714685
2025-07-30 03:00:00,16277.557833714685
2025-07-30 03:15:00,16277.557833714685
2025-07-30 03:30:00,16277.557833714685
2025-07-30 03:45:00,16277.557833714685
2025-07-30 04:00:00,16277.557833714685
2025-07-30 04:15:00,16277.557833714685
2025-07-30 04:30:00,16277.557833714685
2025-07-30 04:45:00,16277.557833714685
2025-07-30 05:00:00,16277.557833714685
2025-07-30 05:15:00,16277.557833714685
2025-07-30 05:30:00,16277.557833714685
2025-07-30 05:45:00,16277.557833714685
2025-07-30 06:00:00,16277.557833714685
2025-07-30 06:15:00,16277.557833714685
2025-07-30 06:30:00,16277.557833714685
2025-07-30 06:45:00,16277.557833714685
2025-07-30 07:00:00,16277.557833714685
2025-07-30 07:15:00,16277.557833714685
2025-07-30 07:30:00,16277.557833714685
2025-07-30 07:45:00,16277.557833714685
2025-07-30 08:00:00,16277.557833714685
2025-07-30 08:15:00,16277.557833714685
2025-07-30 08:30:00,16277.557833714685
2025-07-30 08:45:00,16277.557833714685
2025-07-30 09:00:00,16277.557833714685
2025-07-30 09:15:00,16277.557833714685
2025-07-30 09:30:00,16277.557833714685
2025-07-30 09:45:00,16277.557833714685
2025-07-30 10:00:00,16277.557833714685
2025-07-30 10:15:00,16277.557833714685
2025-07-30 10:30:00,16277.557833714685
2025-07-30 10:45:00,16277.557833714685
2025-07-30 11:00:00,16277.557833714685
2025-07-30 11:15:00,16277.557833714685
2025-07-30 11:30:00,16277.557833714685
2025-07-30 11:45:00,16277.557833714685
2025-07-30 12:00:00,16277.557833714685
2025-07-30 12:15:00,16277.557833714685
2025-07-30 12:30:00,16277.557833714685
2025-07-30 12:45:00,16277.557833714685
2025-07-30 13:00:00,16277.557833714685
2025-07-30 13:15:00,16277.557833714685
2025-07-30 13:30:00,16277.557833714685
2025-07-30 13:45:00,16277.557833714685
2025-07-30 14:00:00,16277.557833714685
2025-07-30 14:15:00,16277.557833714685
2025-07-30 14:30:00,16277.557833714685
2025-07-30 14:45:00,16277.557833714685
2025-07-30 15:00:00,16277.557833714685
2025-07-30 15:15:00,16277.557833714685
2025-07-30 15:30:00,16277.557833714685
2025-07-30 15:45:00,16277.557833714685
2025-07-30 16:00:00,16277.557833714685
2025-07-30 16:15:00,16277.557833714685
2025-07-30 16:30:00,16277.557833714685
2025-07-30 16:45:00,16277.557833714685
2025-07-30 17:00:00,16277.557833714685
2025-07-30 17:15:00,16277.557833714685
2025-07-30 17:30:00,16277.557833714685
2025-07-30 17:45:00,16277.557833714685
2025-07-30 18:00:00,16277.557833714685
2025-07-30 18:15:00,16277.557833714685
2025-07-30 18:30:00,16277.557833714685
2025-07-30 18:45:00,16277.557833714685
2025-07-30 19:00:00,16277.557833714685
2025-07-30 19:15:00,16277.557833714685
2025-07-30 19:30:00,16277.557833714685
2025-07-30 19:45:00,16277.557833714685
2025-07-30 20:00:00,16277.557833714685
2025-07-30 20:15:00,16277.557833714685
2025-07-30 20:30:00,16277.557833714685
2025-07-30 20:45:00,16277.557833714685
2025-07-30 21:00:00,16277.557833714685
2025-07-30 21:15:00,16277.557833714685
2025-07-30 21:30:00,16277.557833714685
2025-07-30 21:45:00,16277.557833714685
2025-07-30 22:00:00,16277.557833714685
2025-07-30 22:15:00,16277.557833714685
2025-07-30 22:30:00,16277.557833714685
2025-07-30 22:45:00,16277.557833714685
2025-07-30 23:00:00,16277.557833714685
2025-07-30 23:15:00,16277.557833714685
2025-07-30 23:30:00,16277.557833714685
2025-07-30 23:45:00,16277.557833714685
2025-07-31 00:00:00,16277.557833714685
2025-07-31 00:15:00,16277.557833714685
2025-07-31 00:30:00,16277.557833714685
2025-07-31 00:45:00,16277.557833714685
2025-07-31 01:00:00,16277.557833714685
2025-07-31 01:15:00,16277.557833714685
2025-07-31 01:30:00,16277.557833714685
2025-07-31 01:45:00,16277.557833714685
2025-07-31 02:00:00,16277.557833714685
2025-07-31 02:15:00,16277.557833714685
2025-07-31 02:30:00,16277.557833714685
2025-07-31 02:45:00,16277.557833714685
2025-07-31 03:00:00,16277.557833714685
2025-07-31 03:15:00,16277.557833714685
2025-07-31 03:30:00,16277.557833714685
2025-07-31 03:45:00,16277.557833714685
2025-07-31 04:00:00,16277.557833714685
2025-07-31 04:15:00,16277.557833714685
2025-07-31 04:30:00,16277.557833714685
2025-07-31 04:45:00,16277.557833714685
2025-07-31 05:00:00,16277.557833714685
2025-07-31 05:15:00,16277.557833714685
2025-07-31 05:30:00,16277.557833714685
2025-07-31 05:45:00,16277.557833714685
2025-07-31 06:00:00,16277.557833714685
2025-07-31 06:15:00,16277.557833714685
2025-07-31 06:30:00,16277.557833714685
2025-07-31 06:45:00,16277.557833714685
2025-07-31 07:00:00,16277.557833714685
2025-07-31 07:15:00,16277.557833714685
2025-07-31 07:30:00,16277.557833714685
2025-07-31 07:45:00,16277.557833714685
2025-07-31 08:00:00,16277.557833714685
2025-07-31 08:15:00,16277.557833714685
2025-07-31 08:30:00,16277.557833714685
2025-07-31 08:45:00,16277.557833714685
2025-07-31 09:00:00,16277.557833714685
2025-07-31 09:15:00,16277.557833714685
2025-07-31 09:30:00,16277.557833714685
2025-07-31 09:45:00,16277.557833714685
2025-07-31 10:00:00,16277.557833714685
2025-07-31 10:15:00,16277.557833714685
2025-07-31 10:30:00,16277.557833714685
2025-07-31 10:45:00,16277.557833714685
2025-07-31 11:00:00,16277.557833714685
2025-07-31 11:15:00,16277.557833714685
2025-07-31 11:30:00,16277.557833714685
2025-07-31 11:45:00,16277.557833714685
2025-07-31 12:00:00,16277.557833714685
2025-07-31 12:15:00,16277.557833714685
2025-07-31 12:30:00,16277.557833714685
2025-07-31 12:45:00,16277.557833714685
2025-07-31 13:00:00,16277.557833714685
2025-07-31 13:15:00,16277.557833714685
2025-07-31 13:30:00,16277.557833714685
2025-07-31 13:45:00,16277.557833714685
2025-07-31 14:00:00,16277.557833714685
2025-07-31 14:15:00,16277.557833714685
2025-07-31 14:30:00,16277.557833714685
2025-07-31 14:45:00,16277.557833714685
2025-07-31 15:00:00,16277.557833714685
2025-07-31 15:15:00,16277.557833714685
2025-07-31 15:30:00,16277.557833714685
2025-07-31 15:45:00,16277.557833714685
2025-07-31 16:00:00,16277.557833714685
2025-07-31 16:15:00,16277.557833714685
2025-07-31 16:30:00,16277.557833714685
2025-07-31 16:45:00,16277.557833714685
2025-07-31 17:00:00,16277.557833714685
2025-07-31 17:15:00,16277.557833714685
2025-07-31 17:30:00,16277.557833714685
2025-07-31 17:45:00,16277.557833714685
2025-07-31 18:00:00,16277.557833714685
2025-07-31 18:15:00,16277.557833714685
2025-07-31 18:30:00,16277.557833714685
2025-07-31 18:45:00,16277.557833714685
2025-07-31 19:00:00,16277.557833714685
2025-07-31 19:15:00,16277.557833714685
2025-07-31 19:30:00,16277.557833714685
2025-07-31 19:45:00,16277.557833714685
2025-07-31 20:00:00,16277.557833714685
2025-07-31 20:15:00,16277.557833714685
2025-07-31 20:30:00,16277.557833714685
2025-07-31 20:45:00,16277.557833714685
2025-07-31 21:00:00,16277.557833714685
2025-07-31 21:15:00,16277.557833714685
2025-07-31 21:30:00,16277.557833714685
2025-07-31 21:45:00,16277.557833714685
2025-07-31 22:00:00,16277.557833714685
2025-07-31 22:15:00,16277.557833714685
2025-07-31 22:30:00,16277.557833714685
2025-07-31 22:45:00,16277.557833714685
2025-07-31 23:00:00,16277.557833714685
2025-07-31 23:15:00,16277.557833714685
2025-07-31 23:30:00,16277.557833714685
2025-07-31 23:45:00,16277.557833714685
2025-08-01 00:00:00,16277.557833714685
2025-08-01 00:15:00,16277.557833714685
2025-08-01 00:30:00,16277.557833714685
2025-08-01 00:45:00,16277.557833714685
2025-08-01 01:00:00,16277.557833714685
2025-08-01 01:15:00,16277.557833714685
2025-08-01 01:30:00,16277.557833714685
2025-08-01 01:45:00,16277.557833714685
2025-08-01 02:00:00,16277.557833714685
2025-08-01 02:15:00,16277.557833714685
2025-08-01 02:30:00,16277.557833714685
2025-08-01 02:45:00,16277.557833714685
2025-08-01 03:00:00,16277.557833714685
2025-08-01 03:15:00,16277.557833714685
2025-08-01 03:30:00,16277.557833714685
2025-08-01 03:45:00,16277.557833714685
2025-08-01 04:00:00,16277.557833714685
2025-08-01 04:15:00,16277.557833714685
2025-08-01 04:30:00,16277.557833714685
2025-08-01 04:45:00,16277.557833714685
2025-08-01 05:00:00,16277.557833714685
2025-08-01 05:15:00,16277.557833714685
2025-08-01 05:30:00,16277.557833714685
2025-08-01 05:45:00,16277.557833714685
2025-08-01 06:00:00,16277.557833714685
2025-08-01 06:15:00,16277.557833714685
2025-08-01 06:30:00,16277.557833714685
2025-08-01 06:45:00,16277.557833714685
2025-08-01 07:00:00,16277.557833714685
2025-08-01 07:15:00,16277.557833714685
2025-08-01 07:30:00,16277.557833714685
2025-08-01 07:45:00,16277.557833714685
2025-08-01 08:00:00,16277.557833714685
2025-08-01 08:15:00,16277.557833714685
2025-08-01 08:30:00,16277.557833714685
2025-08-01 08:45:00,16277.557833714685
2025-08-01 09:00:00,16277.557833714685
2025-08-01 09:15:00,16277.557833714685
2025-08-01 09:30:00,16277.557833714685
2025-08-01 09:45:00,16277.557833714685
2025-08-01 10:00:00,16277.557833714685
2025-08-01 10:15:00,16277.557833714685
2025-08-01 10:30:00,16277.557833714685
2025-08-01 10:45:00,16277.557833714685
2025-08-01 11:00:00,16277.557833714685
2025-08-01 11:15:00,16277.557833714685
2025-08-01 11:30:00,16277.557833714685
2025-08-01 11:45:00,16277.557833714685
2025-08-01 12:00:00,16277.557833714685
2025-08-01 12:15:00,16277.557833714685
2025-08-01 12:30:00,16277.557833714685
2025-08-01 12:45:00,16277.557833714685
2025-08-01 13:00:00,16277.557833714685
2025-08-01 13:15:00,16277.557833714685
2025-08-01 13:30:00,16277.557833714685
2025-08-01 13:45:00,16277.557833714685
2025-08-01 14:00:00,16277.557833714685
2025-08-01 14:15:00,16277.557833714685
2025-08-01 14:30:00,16277.557833714685
2025-08-01 14:45:00,16277.557833714685
2025-08-01 15:00:00,16277.557833714685
2025-08-01 15:15:00,16277.557833714685
2025-08-01 15:30:00,16277.557833714685
2025-08-01 15:45:00,16277.557833714685
2025-08-01 16:00:00,16277.557833714685
2025-08-01 16:15:00,16277.557833714685
2025-08-01 16:30:00,16277.557833714685
2025-08-01 16:45:00,16277.557833714685
2025-08-01 17:00:00,16277.557833714685
2025-08-01 17:15:00,16277.557833714685
2025-08-01 17:30:00,16277.557833714685
2025-08-01 17:45:00,16277.557833714685
2025-08-01 18:00:00,16277.557833714685
2025-08-01 18:15:00,16277.557833714685
2025-08-01 18:30:00,16277.557833714685
2025-08-01 18:45:00,16277.557833714685
2025-08-01 19:00:00,16277.557833714685
2025-08-01 19:15:00,16277.557833714685
2025-08-01 19:30:00,16277.557833714685
2025-08-01 19:45:00,16277.557833714685
2025-08-01 20:00:00,16277.557833714685
2025-08-01 20:15:00,16277.557833714685
2025-08-01 20:30:00,16277.557833714685
2025-08-01 20:45:00,16277.557833714685
2025-08-01 21:00:00,16277.557833714685
2025-08-01 21:15:00,16277.557833714685
2025-08-01 21:30:00,16277.557833714685
2025-08-01 21:45:00,16277.557833714685
2025-08-01 22:00:00,16277.557833714685
2025-08-01 22:15:00,16277.557833714685
2025-08-01 22:30:00,16277.557833714685
2025-08-01 22:45:00,16277.557833714685
2025-08-01 23:00:00,16277.557833714685
2025-08-01 23:15:00,16277.557833714685
2025-08-01 23:30:00,16277.557833714685
2025-08-01 23:45:00,16277.557833714685
2025-08-04 00:00:00,16277.557833714685
2025-08-04 00:15:00,16277.557833714685
2025-08-04 00:30:00,16277.557833714685
2025-08-04 00:45:00,16277.557833714685
2025-08-04 01:00:00,16277.557833714685
2025-08-04 01:15:00,16277.557833714685
2025-08-04 01:30:00,16277.557833714685
2025-08-04 01:45:00,16277.557833714685
2025-08-04 02:00:00,16277.557833714685
2025-08-04 02:15:00,16277.557833714685
2025-08-04 02:30:00,16277.557833714685
2025-08-04 02:45:00,16277.557833714685
2025-08-04 03:00:00,16277.557833714685
2025-08-04 03:15:00,16277.557833714685
2025-08-04 03:30:00,16277.557833714685
2025-08-04 03:45:00,16277.557833714685
2025-08-04 04:00:00,16277.557833714685
2025-08-04 04:15:00,16277.557833714685
2025-08-04 04:30:00,16277.557833714685
2025-08-04 04:45:00,16277.557833714685
2025-08-04 05:00:00,16277.557833714685
2025-08-04 05:15:00,16277.557833714685
2025-08-04 05:30:00,16277.557833714685
2025-08-04 05:45:00,16277.557833714685
2025-08-04 06:00:00,16277.557833714685
2025-08-04 06:15:00,16277.557833714685
2025-08-04 06:30:00,16277.557833714685
2025-08-04 06:45:00,16277.557833714685
2025-08-04 07:00:00,16277.557833714685
2025-08-04 07:15:00,16277.557833714685
2025-08-04 07:30:00,16277.557833714685
2025-08-04 07:45:00,16277.557833714685
2025-08-04 08:00:00,16277.557833714685
2025-08-04 08:15:00,16277.557833714685
2025-08-04 08:30:00,16277.557833714685
2025-08-04 08:45:00,16277.557833714685
2025-08-04 09:00:00,16277.557833714685
2025-08-04 09:15:00,16277.557833714685
2025-08-04 09:30:00,16277.557833714685
2025-08-04 09:45:00,16277.557833714685
2025-08-04 10:00:00,16277.557833714685
2025-08-04 10:15:00,16277.557833714685
2025-08-04 10:30:00,16277.557833714685
2025-08-04 10:45:00,16277.557833714685
2025-08-04 11:00:00,16277.557833714685
2025-08-04 11:15:00,16277.557833714685
2025-08-04 11:30:00,16277.557833714685
2025-08-04 11:45:00,16277.557833714685
2025-08-04 12:00:00,16277.557833714685
2025-08-04 12:15:00,16277.557833714685
2025-08-04 12:30:00,16277.557833714685
2025-08-04 12:45:00,16277.557833714685
2025-08-04 13:00:00,16277.557833714685
2025-08-04 13:15:00,16277.557833714685
2025-08-04 13:30:00,16277.557833714685
2025-08-04 13:45:00,16277.557833714685
2025-08-04 14:00:00,16277.557833714685
2025-08-04 14:15:00,16277.557833714685
2025-08-04 14:30:00,16277.557833714685
2025-08-04 14:45:00,16277.557833714685
2025-08-04 15:00:00,16277.557833714685
2025-08-04 15:15:00,16277.557833714685
2025-08-04 15:30:00,16277.557833714685
2025-08-04 15:45:00,16277.557833714685
2025-08-04 16:00:00,16277.557833714685
2025-08-04 16:15:00,16277.557833714685
2025-08-04 16:30:00,16277.557833714685
2025-08-04 16:45:00,16277.557833714685
2025-08-04 17:00:00,16277.557833714685
2025-08-04 17:15:00,16277.557833714685
2025-08-04 17:30:00,16277.557833714685
2025-08-04 17:45:00,16277.557833714685
2025-08-04 18:00:00,16277.557833714685
2025-08-04 18:15:00,16277.557833714685
2025-08-04 18:30:00,16277.557833714685
2025-08-04 18:45:00,16277.557833714685
2025-08-04 19:00:00,16277.557833714685
2025-08-04 19:15:00,16277.557833714685
2025-08-04 19:30:00,16277.557833714685
2025-08-04 19:45:00,16277.557833714685
2025-08-04 20:00:00,16277.557833714685
2025-08-04 20:15:00,16277.557833714685
2025-08-04 20:30:00,16277.557833714685
2025-08-04 20:45:00,16277.557833714685
2025-08-04 21:00:00,16277.557833714685
2025-08-04 21:15:00,16277.557833714685
2025-08-04 21:30:00,16277.557833714685
2025-08-04 21:45:00,16277.557833714685
2025-08-04 22:00:00,16277.557833714685
2025-08-04 22:15:00,16277.557833714685
2025-08-04 22:30:00,16277.557833714685
2025-08-04 22:45:00,16277.557833714685
2025-08-04 23:00:00,16277.557833714685
2025-08-04 23:15:00,16277.557833714685
2025-08-04 23:30:00,16277.557833714685
2025-08-04 23:45:00,16277.557833714685
2025-08-05 00:00:00,16277.557833714685
2025-08-05 00:15:00,16277.557833714685
2025-08-05 00:30:00,16277.557833714685
2025-08-05 00:45:00,16277.557833714685
2025-08-05 01:00:00,16277.557833714685
2025-08-05 01:15:00,16277.557833714685
2025-08-05 01:30:00,16277.557833714685
2025-08-05 01:45:00,16277.557833714685
2025-08-05 02:00:00,16277.557833714685
2025-08-05 02:15:00,16277.557833714685
2025-08-05 02:30:00,16277.557833714685
2025-08-05 02:45:00,16277.557833714685
2025-08-05 03:00:00,16277.557833714685
2025-08-05 03:15:00,16277.557833714685
2025-08-05 03:30:00,16277.557833714685
2025-08-05 03:45:00,16277.557833714685
2025-08-05 04:00:00,16277.557833714685
2025-08-05 04:15:00,16277.557833714685
2025-08-05 04:30:00,16277.557833714685
2025-08-05 04:45:00,16277.557833714685
2025-08-05 05:00:00,16277.557833714685
2025-08-05 05:15:00,16277.557833714685
2025-08-05 05:30:00,16277.557833714685
2025-08-05 05:45:00,16277.557833714685
2025-08-05 06:00:00,16277.557833714685
2025-08-05 06:15:00,16277.557833714685
2025-08-05 06:30:00,16277.557833714685
2025-08-05 06:45:00,16277.557833714685
2025-08-05 07:00:00,16277.557833714685
2025-08-05 07:15:00,16277.557833714685
2025-08-05 07:30:00,16277.557833714685
2025-08-05 07:45:00,16277.557833714685
2025-08-05 08:00:00,16277.557833714685
2025-08-05 08:15:00,16277.557833714685
2025-08-05 08:30:00,16277.557833714685
2025-08-05 08:45:00,16277.557833714685
2025-08-05 09:00:00,16277.557833714685
2025-08-05 09:15:00,16277.557833714685
2025-08-05 09:30:00,16277.557833714685
2025-08-05 09:45:00,16277.557833714685
2025-08-05 10:00:00,16277.557833714685
2025-08-05 10:15:00,16277.557833714685
2025-08-05 10:30:00,16277.557833714685
2025-08-05 10:45:00,16277.557833714685
2025-08-05 11:00:00,16277.557833714685
2025-08-05 11:15:00,16277.557833714685
2025-08-05 11:30:00,16277.557833714685
2025-08-05 11:45:00,16277.557833714685
2025-08-05 12:00:00,16277.557833714685
2025-08-05 12:15:00,16277.557833714685
2025-08-05 12:30:00,16277.557833714685
2025-08-05 12:45:00,16277.557833714685
2025-08-05 13:00:00,16277.557833714685
2025-08-05 13:15:00,16277.557833714685
2025-08-05 13:30:00,16277.557833714685
2025-08-05 13:45:00,16277.557833714685
2025-08-05 14:00:00,16277.557833714685
2025-08-05 14:15:00,16277.557833714685
2025-08-05 14:30:00,16277.557833714685
2025-08-05 14:45:00,16277.557833714685
2025-08-05 15:00:00,16277.557833714685
2025-08-05 15:15:00,16277.557833714685
2025-08-05 15:30:00,16277.557833714685
2025-08-05 15:45:00,16277.557833714685
2025-08-05 16:00:00,16277.557833714685
2025-08-05 16:15:00,16277.557833714685
2025-08-05 16:30:00,16277.557833714685
2025-08-05 16:45:00,16277.557833714685
2025-08-05 17:00:00,16277.557833714685
2025-08-05 17:15:00,16277.557833714685
2025-08-05 17:30:00,16277.557833714685
2025-08-05 17:45:00,16277.557833714685
2025-08-05 18:00:00,16277.557833714685
2025-08-05 18:15:00,16277.557833714685
2025-08-05 18:30:00,16277.557833714685
2025-08-05 18:45:00,16277.557833714685
2025-08-05 19:00:00,16277.557833714685
2025-08-05 19:15:00,16277.557833714685
2025-08-05 19:30:00,16277.557833714685
2025-08-05 19:45:00,16277.557833714685
2025-08-05 20:00:00,16277.557833714685
2025-08-05 20:15:00,16277.557833714685
2025-08-05 20:30:00,16277.557833714685
2025-08-05 20:45:00,16277.557833714685
2025-08-05 21:00:00,16277.557833714685
2025-08-05 21:15:00,16277.557833714685
2025-08-05 21:30:00,16277.557833714685
2025-08-05 21:45:00,16277.557833714685
2025-08-05 22:00:00,16277.557833714685
2025-08-05 22:15:00,16277.557833714685
2025-08-05 22:30:00,16277.557833714685
2025-08-05 22:45:00,16277.557833714685
2025-08-05 23:00:00,16277.557833714685
2025-08-05 23:15:00,16277.557833714685
2025-08-05 23:30:00,16277.557833714685
2025-08-05 23:45:00,16277.557833714685
2025-08-06 00:00:00,16277.557833714685
2025-08-06 00:15:00,16277.557833714685
2025-08-06 00:30:00,16277.557833714685
2025-08-06 00:45:00,16277.557833714685
2025-08-06 01:00:00,16277.557833714685
2025-08-06 01:15:00,16277.557833714685
2025-08-06 01:30:00,16277.557833714685
2025-08-06 01:45:00,16277.557833714685
2025-08-06 02:00:00,16277.557833714685
2025-08-06 02:15:00,16277.557833714685
2025-08-06 02:30:00,16277.557833714685
2025-08-06 02:45:00,16277.557833714685
2025-08-06 03:00:00,16277.557833714685
2025-08-06 03:15:00,16277.557833714685
2025-08-06 03:30:00,16277.557833714685
2025-08-06 03:45:00,16277.557833714685
2025-08-06 04:00:00,16277.557833714685
2025-08-06 04:15:00,16277.557833714685
2025-08-06 04:30:00,16277.557833714685
2025-08-06 04:45:00,16277.557833714685
2025-08-06 05:00:00,16277.557833714685
2025-08-06 05:15:00,16277.557833714685
2025-08-06 05:30:00,16277.557833714685
2025-08-06 05:45:00,16277.557833714685
2025-08-06 06:00:00,16277.557833714685
2025-08-06 06:15:00,16277.557833714685
2025-08-06 06:30:00,16277.557833714685
2025-08-06 06:45:00,16277.557833714685
2025-08-06 07:00:00,16277.557833714685
2025-08-06 07:15:00,16277.557833714685
2025-08-06 07:30:00,16277.557833714685
2025-08-06 07:45:00,16277.557833714685
2025-08-06 08:00:00,16277.557833714685
2025-08-06 08:15:00,16277.557833714685
2025-08-06 08:30:00,16277.557833714685
2025-08-06 08:45:00,16277.557833714685
2025-08-06 09:00:00,16277.557833714685
2025-08-06 09:15:00,16277.557833714685
2025-08-06 09:30:00,16277.557833714685
2025-08-06 09:45:00,16277.557833714685
2025-08-06 10:00:00,16277.557833714685
2025-08-06 10:15:00,16277.557833714685
2025-08-06 10:30:00,16277.557833714685
2025-08-06 10:45:00,16277.557833714685
2025-08-06 11:00:00,16277.557833714685
2025-08-06 11:15:00,16277.557833714685
2025-08-06 11:30:00,16277.557833714685
2025-08-06 11:45:00,16277.557833714685
2025-08-06 12:00:00,16277.557833714685
2025-08-06 12:15:00,16277.557833714685
2025-08-06 12:30:00,16277.557833714685
2025-08-06 12:45:00,16277.557833714685
2025-08-06 13:00:00,16277.557833714685
2025-08-06 13:15:00,16277.557833714685
2025-08-06 13:30:00,16277.557833714685
2025-08-06 13:45:00,16277.557833714685
2025-08-06 14:00:00,16277.557833714685
2025-08-06 14:15:00,16277.557833714685
2025-08-06 14:30:00,16277.557833714685
2025-08-06 14:45:00,16277.557833714685
2025-08-06 15:00:00,16277.557833714685
2025-08-06 15:15:00,16277.557833714685
2025-08-06 15:30:00,16277.557833714685
2025-08-06 15:45:00,16277.557833714685
2025-08-06 16:00:00,16277.557833714685
2025-08-06 16:15:00,16277.557833714685
2025-08-06 16:30:00,16277.557833714685
2025-08-06 16:45:00,16277.557833714685
2025-08-06 17:00:00,16277.557833714685
2025-08-06 17:15:00,16277.557833714685
2025-08-06 17:30:00,16277.557833714685
2025-08-06 17:45:00,16277.557833714685
2025-08-06 18:00:00,16277.557833714685
2025-08-06 18:15:00,16277.557833714685
2025-08-06 18:30:00,16277.557833714685
2025-08-06 18:45:00,16277.557833714685
2025-08-06 19:00:00,16277.557833714685
2025-08-06 19:15:00,16277.557833714685
2025-08-06 19:30:00,16277.557833714685
2025-08-06 19:45:00,16277.557833714685
2025-08-06 20:00:00,16277.557833714685
2025-08-06 20:15:00,16277.557833714685
2025-08-06 20:30:00,16277.557833714685
2025-08-06 20:45:00,16277.557833714685
2025-08-06 21:00:00,16277.557833714685
2025-08-06 21:15:00,16277.557833714685
2025-08-06 21:30:00,16277.557833714685
2025-08-06 21:45:00,16277.557833714685
2025-08-06 22:00:00,16277.557833714685
2025-08-06 22:15:00,16277.557833714685
2025-08-06 22:30:00,16277.557833714685
2025-08-06 22:45:00,16277.557833714685
2025-08-06 23:00:00,16277.557833714685
2025-08-06 23:15:00,16277.557833714685
2025-08-06 23:30:00,16277.557833714685
2025-08-06 23:45:00,16277.557833714685
2025-08-07 00:00:00,16277.557833714685
2025-08-07 00:15:00,16277.557833714685
2025-08-07 00:30:00,16277.557833714685
2025-08-07 00:45:00,16277.557833714685
2025-08-07 01:00:00,16277.557833714685
2025-08-07 01:15:00,16277.557833714685
2025-08-07 01:30:00,16277.557833714685
2025-08-07 01:45:00,16277.557833714685
2025-08-07 02:00:00,16277.557833714685
2025-08-07 02:15:00,16277.557833714685
2025-08-07 02:30:00,16277.557833714685
2025-08-07 02:45:00,16277.557833714685
2025-08-07 03:00:00,16277.557833714685
2025-08-07 03:15:00,16277.557833714685
2025-08-07 03:30:00,16277.557833714685
2025-08-07 03:45:00,16277.557833714685
2025-08-07 04:00:00,16277.557833714685
2025-08-07 04:15:00,16277.557833714685
2025-08-07 04:30:00,16277.557833714685
2025-08-07 04:45:00,16277.557833714685
2025-08-07 05:00:00,16277.557833714685
2025-08-07 05:15:00,16277.557833714685
2025-08-07 05:30:00,16277.557833714685
2025-08-07 05:45:00,16277.557833714685
2025-08-07 06:00:00,16277.557833714685
2025-08-07 06:15:00,16277.557833714685
2025-08-07 06:30:00,16277.557833714685
2025-08-07 06:45:00,16277.557833714685
2025-08-07 07:00:00,16277.557833714685
2025-08-07 07:15:00,16277.557833714685
2025-08-07 07:30:00,16277.557833714685
2025-08-07 07:45:00,16277.557833714685
2025-08-07 08:00:00,16277.557833714685
2025-08-07 08:15:00,16277.557833714685
2025-08-07 08:30:00,16277.557833714685
2025-08-07 08:45:00,16277.557833714685
2025-08-07 09:00:00,16277.557833714685
2025-08-07 09:15:00,16277.557833714685
2025-08-07 09:30:00,16277.557833714685
2025-08-07 09:45:00,16277.557833714685
2025-08-07 10:00:00,16277.557833714685
2025-08-07 10:15:00,16277.557833714685
2025-08-07 10:30:00,16277.557833714685
2025-08-07 10:45:00,16277.557833714685
2025-08-07 11:00:00,16277.557833714685
2025-08-07 11:15:00,16277.557833714685
2025-08-07 11:30:00,16277.557833714685
2025-08-07 11:45:00,16277.557833714685
2025-08-07 12:00:00,16277.557833714685
2025-08-07 12:15:00,16277.557833714685
2025-08-07 12:30:00,16277.557833714685
2025-08-07 12:45:00,16277.557833714685
2025-08-07 13:00:00,16277.557833714685
2025-08-07 13:15:00,16277.557833714685
2025-08-07 13:30:00,16277.557833714685
2025-08-07 13:45:00,16277.557833714685
2025-08-07 14:00:00,16277.557833714685
2025-08-07 14:15:00,16277.557833714685
2025-08-07 14:30:00,16277.557833714685
2025-08-07 14:45:00,16277.557833714685
2025-08-07 15:00:00,16277.557833714685
2025-08-07 15:15:00,16277.557833714685
2025-08-07 15:30:00,16277.557833714685
2025-08-07 15:45:00,16277.557833714685
2025-08-07 16:00:00,16277.557833714685
2025-08-07 16:15:00,16277.557833714685
2025-08-07 16:30:00,16277.557833714685
2025-08-07 16:45:00,16277.557833714685
2025-08-07 17:00:00,16277.557833714685
2025-08-07 17:15:00,16277.557833714685
2025-08-07 17:30:00,16277.557833714685
2025-08-07 17:45:00,16277.557833714685
2025-08-07 18:00:00,16277.557833714685
2025-08-07 18:15:00,16277.557833714685
2025-08-07 18:30:00,16277.557833714685
2025-08-07 18:45:00,16277.557833714685
2025-08-07 19:00:00,16277.557833714685
2025-08-07 19:15:00,16277.557833714685
2025-08-07 19:30:00,16277.557833714685
2025-08-07 19:45:00,16277.557833714685
2025-08-07 20:00:00,16277.557833714685
2025-08-07 20:15:00,16277.557833714685
2025-08-07 20:30:00,16277.557833714685
2025-08-07 20:45:00,16277.557833714685
2025-08-07 21:00:00,16277.557833714685
2025-08-07 21:15:00,16277.557833714685
2025-08-07 21:30:00,16277.557833714685
2025-08-07 21:45:00,16277.557833714685
2025-08-07 22:00:00,16277.557833714685
2025-08-07 22:15:00,16277.557833714685
2025-08-07 22:30:00,16277.557833714685
2025-08-07 22:45:00,16277.557833714685
2025-08-07 23:00:00,16277.557833714685
2025-08-07 23:15:00,16277.557833714685
2025-08-07 23:30:00,16277.557833714685
2025-08-07 23:45:00,16277.557833714685
2025-08-08 00:00:00,16277.557833714685
2025-08-08 00:15:00,16277.557833714685
2025-08-08 00:30:00,16277.557833714685
2025-08-08 00:45:00,16277.557833714685
2025-08-08 01:00:00,16277.557833714685
2025-08-08 01:15:00,16277.557833714685
2025-08-08 01:30:00,16277.557833714685
2025-08-08 01:45:00,16277.557833714685
2025-08-08 02:00:00,16277.557833714685
2025-08-08 02:15:00,16277.557833714685
2025-08-08 02:30:00,16277.557833714685
2025-08-08 02:45:00,16277.557833714685
2025-08-08 03:00:00,16277.557833714685
2025-08-08 03:15:00,16277.557833714685
2025-08-08 03:30:00,16277.557833714685
2025-08-08 03:45:00,16277.557833714685
2025-08-08 04:00:00,16277.557833714685
2025-08-08 04:15:00,16277.557833714685
2025-08-08 04:30:00,16277.557833714685
2025-08-08 04:45:00,16277.557833714685
2025-08-08 05:00:00,16277.557833714685
2025-08-08 05:15:00,16277.557833714685
2025-08-08 05:30:00,16277.557833714685
2025-08-08 05:45:00,16277.557833714685
2025-08-08 06:00:00,16277.557833714685
2025-08-08 06:15:00,16277.557833714685
2025-08-08 06:30:00,16277.557833714685
2025-08-08 06:45:00,16277.557833714685
2025-08-08 07:00:00,16277.557833714685
2025-08-08 07:15:00,16277.557833714685
2025-08-08 07:30:00,16277.557833714685
2025-08-08 07:45:00,16277.557833714685
2025-08-08 08:00:00,16277.557833714685
2025-08-08 08:15:00,16277.557833714685
2025-08-08 08:30:00,16277.557833714685
2025-08-08 08:45:00,16277.557833714685
2025-08-08 09:00:00,16277.557833714685
2025-08-08 09:15:00,16277.557833714685
2025-08-08 09:30:00,16277.557833714685
2025-08-08 09:45:00,16277.557833714685
2025-08-08 10:00:00,16277.557833714685
2025-08-08 10:15:00,16277.557833714685
2025-08-08 10:30:00,16277.557833714685
2025-08-08 10:45:00,16277.557833714685
2025-08-08 11:00:00,16277.557833714685
2025-08-08 11:15:00,16277.557833714685
2025-08-08 11:30:00,16277.557833714685
2025-08-08 11:45:00,16277.557833714685
2025-08-08 12:00:00,16277.557833714685
2025-08-08 12:15:00,16277.557833714685
2025-08-08 12:30:00,16277.557833714685
2025-08-08 12:45:00,16277.557833714685
2025-08-08 13:00:00,16277.557833714685
2025-08-08 13:15:00,16277.557833714685
2025-08-08 13:30:00,16277.557833714685
2025-08-08 13:45:00,16277.557833714685
2025-08-08 14:00:00,16277.557833714685
2025-08-08 14:15:00,16277.557833714685
2025-08-08 14:30:00,16277.557833714685
2025-08-08 14:45:00,16277.557833714685
2025-08-08 15:00:00,16277.557833714685
2025-08-08 15:15:00,16277.557833714685
2025-08-08 15:30:00,16277.557833714685
2025-08-08 15:45:00,16277.557833714685
2025-08-08 16:00:00,16277.557833714685
2025-08-08 16:15:00,16277.557833714685
2025-08-08 16:30:00,16277.557833714685
2025-08-08 16:45:00,16277.557833714685
2025-08-08 17:00:00,16277.557833714685
2025-08-08 17:15:00,16277.557833714685
2025-08-08 17:30:00,16277.557833714685
2025-08-08 17:45:00,16277.557833714685
2025-08-08 18:00:00,16277.557833714685
2025-08-08 18:15:00,16277.557833714685
2025-08-08 18:30:00,16277.557833714685
2025-08-08 18:45:00,16277.557833714685
2025-08-08 19:00:00,16277.557833714685
2025-08-08 19:15:00,16277.557833714685
2025-08-08 19:30:00,16277.557833714685
2025-08-08 19:45:00,16277.557833714685
2025-08-08 20:00:00,16277.557833714685
2025-08-08 20:15:00,16277.557833714685
2025-08-08 20:30:00,16277.557833714685
2025-08-08 20:45:00,16277.557833714685
2025-08-08 21:00:00,16277.557833714685
2025-08-08 21:15:00,16277.557833714685
2025-08-08 21:30:00,16277.557833714685
2025-08-08 21:45:00,16277.557833714685
2025-08-08 22:00:00,16277.557833714685
2025-08-08 22:15:00,16277.557833714685
2025-08-08 22:30:00,16277.557833714685
2025-08-08 22:45:00,16277.557833714685
2025-08-08 23:00:00,16277.557833714685
2025-08-08 23:15:00,16277.557833714685
2025-08-08 23:30:00,16277.557833714685
2025-08-08 23:45:00,16277.557833714685
2025-08-11 00:00:00,16277.557833714685
2025-08-11 00:15:00,16277.557833714685
2025-08-11 00:30:00,16277.557833714685
2025-08-11 00:45:00,16277.557833714685
2025-08-11 01:00:00,16277.557833714685
2025-08-11 01:15:00,16277.557833714685
2025-08-11 01:30:00,16277.557833714685
2025-08-11 01:45:00,16277.557833714685
2025-08-11 02:00:00,16277.557833714685
2025-08-11 02:15:00,16277.557833714685
2025-08-11 02:30:00,16277.557833714685
2025-08-11 02:45:00,16277.557833714685
2025-08-11 03:00:00,16277.557833714685
2025-08-11 03:15:00,16277.557833714685
2025-08-11 03:30:00,16277.557833714685
2025-08-11 03:45:00,16277.557833714685
2025-08-11 04:00:00,16277.557833714685
2025-08-11 04:15:00,16277.557833714685
2025-08-11 04:30:00,16277.557833714685
2025-08-11 04:45:00,16277.557833714685
2025-08-11 05:00:00,16277.557833714685
2025-08-11 05:15:00,16277.557833714685
2025-08-11 05:30:00,16277.557833714685
2025-08-11 05:45:00,16277.557833714685
2025-08-11 06:00:00,16277.557833714685
2025-08-11 06:15:00,16277.557833714685
2025-08-11 06:30:00,16277.557833714685
2025-08-11 06:45:00,16277.557833714685
2025-08-11 07:00:00,16277.557833714685
2025-08-11 07:15:00,16277.557833714685
2025-08-11 07:30:00,16277.557833714685
2025-08-11 07:45:00,16277.557833714685
2025-08-11 08:00:00,16277.557833714685
2025-08-11 08:15:00,16277.557833714685
2025-08-11 08:30:00,16277.557833714685
2025-08-11 08:45:00,16277.557833714685
2025-08-11 09:00:00,16277.557833714685
2025-08-11 09:15:00,16277.557833714685
2025-08-11 09:30:00,16277.557833714685
2025-08-11 09:45:00,16277.557833714685
2025-08-11 10:00:00,16277.557833714685
2025-08-11 10:15:00,16277.557833714685
2025-08-11 10:30:00,16277.557833714685
2025-08-11 10:45:00,16277.557833714685
2025-08-11 11:00:00,16277.557833714685
2025-08-11 11:15:00,16277.557833714685
2025-08-11 11:30:00,16277.557833714685
2025-08-11 11:45:00,16277.557833714685
2025-08-11 12:00:00,16277.557833714685
2025-08-11 12:15:00,16277.557833714685
2025-08-11 12:30:00,16277.557833714685
2025-08-11 12:45:00,16277.557833714685
2025-08-11 13:00:00,16277.557833714685
2025-08-11 13:15:00,16277.557833714685
2025-08-11 13:30:00,16277.557833714685
2025-08-11 13:45:00,16277.557833714685
2025-08-11 14:00:00,16277.557833714685
2025-08-11 14:15:00,16277.557833714685
2025-08-11 14:30:00,16277.557833714685
2025-08-11 14:45:00,16277.557833714685
2025-08-11 15:00:00,16277.557833714685
2025-08-11 15:15:00,16277.557833714685
2025-08-11 15:30:00,16277.557833714685
2025-08-11 15:45:00,16277.557833714685
2025-08-11 16:00:00,16277.557833714685
2025-08-11 16:15:00,16277.557833714685
2025-08-11 16:30:00,16277.557833714685
2025-08-11 16:45:00,16277.557833714685
2025-08-11 17:00:00,16277.557833714685
2025-08-11 17:15:00,16277.557833714685
2025-08-11 17:30:00,16277.557833714685
2025-08-11 17:45:00,16277.557833714685
2025-08-11 18:00:00,16277.557833714685
2025-08-11 18:15:00,16277.557833714685
2025-08-11 18:30:00,16277.557833714685
2025-08-11 18:45:00,16277.557833714685
2025-08-11 19:00:00,16277.557833714685
2025-08-11 19:15:00,16277.557833714685
2025-08-11 19:30:00,16277.557833714685
2025-08-11 19:45:00,16277.557833714685
2025-08-11 20:00:00,16277.557833714685
2025-08-11 20:15:00,16277.557833714685
2025-08-11 20:30:00,16277.557833714685
2025-08-11 20:45:00,16277.557833714685
2025-08-11 21:00:00,16277.557833714685
2025-08-11 21:15:00,16277.557833714685
2025-08-11 21:30:00,16277.557833714685
2025-08-11 21:45:00,16277.557833714685
2025-08-11 22:00:00,16277.557833714685
2025-08-11 22:15:00,16277.557833714685
2025-08-11 22:30:00,16277.557833714685
2025-08-11 22:45:00,16277.557833714685
2025-08-11 23:00:00,16277.557833714685
2025-08-11 23:15:00,16277.557833714685
2025-08-11 23:30:00,16277.557833714685
2025-08-11 23:45:00,16277.557833714685
2025-08-12 00:00:00,16277.557833714685
2025-08-12 00:15:00,16277.557833714685
2025-08-12 00:30:00,16277.557833714685
2025-08-12 00:45:00,16277.557833714685
2025-08-12 01:00:00,16277.557833714685
2025-08-12 01:15:00,16277.557833714685
2025-08-12 01:30:00,16277.557833714685
2025-08-12 01:45:00,16277.557833714685
2025-08-12 02:00:00,16277.557833714685
2025-08-12 02:15:00,16277.557833714685
2025-08-12 02:30:00,16277.557833714685
2025-08-12 02:45:00,16277.557833714685
2025-08-12 03:00:00,16277.557833714685
2025-08-12 03:15:00,16277.557833714685
2025-08-12 03:30:00,16277.557833714685
2025-08-12 03:45:00,16277.557833714685
2025-08-12 04:00:00,16277.557833714685
2025-08-12 04:15:00,16277.557833714685
2025-08-12 04:30:00,16277.557833714685
2025-08-12 04:45:00,16277.557833714685
2025-08-12 05:00:00,16277.557833714685
2025-08-12 05:15:00,16277.557833714685
2025-08-12 05:30:00,16277.557833714685
2025-08-12 05:45:00,16277.557833714685
2025-08-12 06:00:00,16277.557833714685
2025-08-12 06:15:00,16277.557833714685
2025-08-12 06:30:00,16277.557833714685
2025-08-12 06:45:00,16277.557833714685
2025-08-12 07:00:00,16277.557833714685
2025-08-12 07:15:00,16277.557833714685
2025-08-12 07:30:00,16277.557833714685
2025-08-12 07:45:00,16277.557833714685
2025-08-12 08:00:00,16277.557833714685
2025-08-12 08:15:00,16277.557833714685
2025-08-12 08:30:00,16277.557833714685
2025-08-12 08:45:00,16277.557833714685
2025-08-12 09:00:00,16277.557833714685
2025-08-12 09:15:00,16277.557833714685
2025-08-12 09:30:00,16277.557833714685
2025-08-12 09:45:00,16277.557833714685
2025-08-12 10:00:00,16277.557833714685
2025-08-12 10:15:00,16277.557833714685
2025-08-12 10:30:00,16277.557833714685
2025-08-12 10:45:00,16277.557833714685
2025-08-12 11:00:00,16277.557833714685
2025-08-12 11:15:00,16277.557833714685
2025-08-12 11:30:00,16277.557833714685
2025-08-12 11:45:00,16277.557833714685
2025-08-12 12:00:00,16277.557833714685
2025-08-12 12:15:00,16277.557833714685
2025-08-12 12:30:00,16277.557833714685
2025-08-12 12:45:00,16277.557833714685
2025-08-12 13:00:00,16277.557833714685
2025-08-12 13:15:00,16277.557833714685
2025-08-12 13:30:00,16277.557833714685
2025-08-12 13:45:00,16277.557833714685
2025-08-12 14:00:00,16277.557833714685
2025-08-12 14:15:00,16277.557833714685
2025-08-12 14:30:00,16277.557833714685
2025-08-12 14:45:00,16277.557833714685
2025-08-12 15:00:00,16277.557833714685
2025-08-12 15:15:00,16277.557833714685
2025-08-12 15:30:00,16277.557833714685
2025-08-12 15:45:00,16277.557833714685
2025-08-12 16:00:00,16277.557833714685
2025-08-12 16:15:00,16277.557833714685
2025-08-12 16:30:00,16277.557833714685
2025-08-12 16:45:00,16277.557833714685
2025-08-12 17:00:00,16277.557833714685
2025-08-12 17:15:00,16277.557833714685
2025-08-12 17:30:00,16277.557833714685
2025-08-12 17:45:00,16277.557833714685
2025-08-12 18:00:00,16277.557833714685
2025-08-12 18:15:00,16277.557833714685
2025-08-12 18:30:00,16277.557833714685
2025-08-12 18:45:00,16277.557833714685
2025-08-12 19:00:00,16277.557833714685
2025-08-12 19:15:00,16277.557833714685
2025-08-12 19:30:00,16277.557833714685
2025-08-12 19:45:00,16277.557833714685
2025-08-12 20:00:00,16277.557833714685
2025-08-12 20:15:00,16277.557833714685
2025-08-12 20:30:00,16277.557833714685
2025-08-12 20:45:00,16277.557833714685
2025-08-12 21:00:00,16277.557833714685
2025-08-12 21:15:00,16277.557833714685
2025-08-12 21:30:00,16277.557833714685
2025-08-12 21:45:00,16277.557833714685
2025-08-12 22:00:00,16277.557833714685
2025-08-12 22:15:00,16277.557833714685
2025-08-12 22:30:00,16277.557833714685
2025-08-12 22:45:00,16277.557833714685
2025-08-12 23:00:00,16277.557833714685
2025-08-12 23:15:00,16277.557833714685
2025-08-12 23:30:00,16277.557833714685
2025-08-12 23:45:00,16277.557833714685
2025-08-13 00:00:00,16277.557833714685
2025-08-13 00:15:00,16277.557833714685
2025-08-13 00:30:00,16277.557833714685
2025-08-13 00:45:00,16277.557833714685
2025-08-13 01:00:00,16277.557833714685
2025-08-13 01:15:00,16277.557833714685
2025-08-13 01:30:00,16277.557833714685
2025-08-13 01:45:00,16277.557833714685
2025-08-13 02:00:00,16277.557833714685
2025-08-13 02:15:00,16277.557833714685
2025-08-13 02:30:00,16277.557833714685
2025-08-13 02:45:00,16277.557833714685
2025-08-13 03:00:00,16277.557833714685
2025-08-13 03:15:00,16277.557833714685
2025-08-13 03:30:00,16277.557833714685
2025-08-13 03:45:00,16277.557833714685
2025-08-13 04:00:00,16277.557833714685
2025-08-13 04:15:00,16277.557833714685
2025-08-13 04:30:00,16277.557833714685
2025-08-13 04:45:00,16277.557833714685
2025-08-13 05:00:00,16277.557833714685
2025-08-13 05:15:00,16277.557833714685
2025-08-13 05:30:00,16277.557833714685
2025-08-13 05:45:00,16277.557833714685
2025-08-13 06:00:00,16277.557833714685
2025-08-13 06:15:00,16277.557833714685
2025-08-13 06:30:00,16277.557833714685
2025-08-13 06:45:00,16277.557833714685
2025-08-13 07:00:00,16277.557833714685
2025-08-13 07:15:00,16277.557833714685
2025-08-13 07:30:00,16277.557833714685
2025-08-13 07:45:00,16277.557833714685
2025-08-13 08:00:00,16277.557833714685
2025-08-13 08:15:00,16277.557833714685
2025-08-13 08:30:00,16277.557833714685
2025-08-13 08:45:00,16277.557833714685
2025-08-13 09:00:00,16277.557833714685
2025-08-13 09:15:00,16277.557833714685
2025-08-13 09:30:00,16277.557833714685
2025-08-13 09:45:00,16277.557833714685
2025-08-13 10:00:00,16277.557833714685
2025-08-13 10:15:00,16277.557833714685
2025-08-13 10:30:00,16277.557833714685
2025-08-13 10:45:00,16277.557833714685
2025-08-13 11:00:00,16277.557833714685
2025-08-13 11:15:00,16277.557833714685
2025-08-13 11:30:00,16277.557833714685
2025-08-13 11:45:00,16277.557833714685
2025-08-13 12:00:00,16277.557833714685
2025-08-13 12:15:00,16277.557833714685
2025-08-13 12:30:00,16277.557833714685
2025-08-13 12:45:00,16277.557833714685
2025-08-13 13:00:00,16277.557833714685
2025-08-13 13:15:00,16277.557833714685
2025-08-13 13:30:00,16277.557833714685
2025-08-13 13:45:00,16277.557833714685
2025-08-13 14:00:00,16277.557833714685
2025-08-13 14:15:00,16277.557833714685
2025-08-13 14:30:00,16277.557833714685
2025-08-13 14:45:00,16277.557833714685
2025-08-13 15:00:00,16277.557833714685
2025-08-13 15:15:00,16277.557833714685
2025-08-13 15:30:00,16277.557833714685
2025-08-13 15:45:00,16277.557833714685
2025-08-13 16:00:00,16277.557833714685
2025-08-13 16:15:00,16277.557833714685
2025-08-13 16:30:00,16277.557833714685
2025-08-13 16:45:00,16277.557833714685
2025-08-13 17:00:00,16277.557833714685
2025-08-13 17:15:00,16277.557833714685
2025-08-13 17:30:00,16277.557833714685
2025-08-13 17:45:00,16277.557833714685
2025-08-13 18:00:00,16277.557833714685
2025-08-13 18:15:00,16277.557833714685
2025-08-13 18:30:00,16277.557833714685
2025-08-13 18:45:00,16277.557833714685
2025-08-13 19:00:00,16277.557833714685
2025-08-13 19:15:00,16277.557833714685
2025-08-13 19:30:00,16277.557833714685
2025-08-13 19:45:00,16277.557833714685
2025-08-13 20:00:00,16277.557833714685
2025-08-13 20:15:00,16277.557833714685
2025-08-13 20:30:00,16277.557833714685
2025-08-13 20:45:00,16277.557833714685
2025-08-13 21:00:00,16277.557833714685
2025-08-13 21:15:00,16277.557833714685
2025-08-13 21:30:00,16277.557833714685
2025-08-13 21:45:00,16277.557833714685
2025-08-13 22:00:00,16277.557833714685
2025-08-13 22:15:00,16277.557833714685
2025-08-13 22:30:00,16277.557833714685
2025-08-13 22:45:00,16277.557833714685
2025-08-13 23:00:00,16277.557833714685
2025-08-13 23:15:00,16277.557833714685
2025-08-13 23:30:00,16277.557833714685
2025-08-13 23:45:00,16277.557833714685
2025-08-14 00:00:00,16277.557833714685
2025-08-14 00:15:00,16277.557833714685
2025-08-14 00:30:00,16277.557833714685
2025-08-14 00:45:00,16277.557833714685
2025-08-14 01:00:00,16277.557833714685
2025-08-14 01:15:00,16277.557833714685
2025-08-14 01:30:00,16277.557833714685
2025-08-14 01:45:00,16277.557833714685
2025-08-14 02:00:00,16277.557833714685
2025-08-14 02:15:00,16277.557833714685
2025-08-14 02:30:00,16277.557833714685
2025-08-14 02:45:00,16277.557833714685
2025-08-14 03:00:00,16277.557833714685
2025-08-14 03:15:00,16277.557833714685
2025-08-14 03:30:00,16277.557833714685
2025-08-14 03:45:00,16277.557833714685
2025-08-14 04:00:00,16277.557833714685
2025-08-14 04:15:00,16277.557833714685
2025-08-14 04:30:00,16277.557833714685
2025-08-14 04:45:00,16277.557833714685
2025-08-14 05:00:00,16277.557833714685
2025-08-14 05:15:00,16277.557833714685
2025-08-14 05:30:00,16277.557833714685
2025-08-14 05:45:00,16277.557833714685
2025-08-14 06:00:00,16277.557833714685
2025-08-14 06:15:00,16277.557833714685
2025-08-14 06:30:00,16277.557833714685
2025-08-14 06:45:00,16277.557833714685
2025-08-14 07:00:00,16277.557833714685
2025-08-14 07:15:00,16277.557833714685
2025-08-14 07:30:00,16277.557833714685
2025-08-14 07:45:00,16277.557833714685
2025-08-14 08:00:00,16277.557833714685
2025-08-14 08:15:00,16277.557833714685
2025-08-14 08:30:00,16277.557833714685
2025-08-14 08:45:00,16277.557833714685
2025-08-14 09:00:00,16277.557833714685
2025-08-14 09:15:00,16277.557833714685
2025-08-14 09:30:00,16277.557833714685
2025-08-14 09:45:00,16277.557833714685
2025-08-14 10:00:00,16277.557833714685
2025-08-14 10:15:00,16277.557833714685
2025-08-14 10:30:00,16277.557833714685
2025-08-14 10:45:00,16277.557833714685
2025-08-14 11:00:00,16277.557833714685
2025-08-14 11:15:00,16277.557833714685
2025-08-14 11:30:00,16277.557833714685
2025-08-14 11:45:00,16277.557833714685
2025-08-14 12:00:00,16277.557833714685
2025-08-14 12:15:00,16277.557833714685
2025-08-14 12:30:00,16277.557833714685
2025-08-14 12:45:00,16277.557833714685
2025-08-14 13:00:00,16277.557833714685
2025-08-14 13:15:00,16277.557833714685
2025-08-14 13:30:00,16277.557833714685
2025-08-14 13:45:00,16277.557833714685
2025-08-14 14:00:00,16277.557833714685
2025-08-14 14:15:00,16277.557833714685
2025-08-14 14:30:00,16277.557833714685
2025-08-14 14:45:00,16277.557833714685
2025-08-14 15:00:00,16277.557833714685
2025-08-14 15:15:00,16277.557833714685
2025-08-14 15:30:00,16277.557833714685
2025-08-14 15:45:00,16277.557833714685
2025-08-14 16:00:00,16277.557833714685
2025-08-14 16:15:00,16277.557833714685
2025-08-14 16:30:00,16277.557833714685
2025-08-14 16:45:00,16277.557833714685
2025-08-14 17:00:00,16277.557833714685
2025-08-14 17:15:00,16277.557833714685
2025-08-14 17:30:00,16277.557833714685
2025-08-14 17:45:00,16277.557833714685
2025-08-14 18:00:00,16277.557833714685
2025-08-14 18:15:00,16277.557833714685
2025-08-14 18:30:00,16277.557833714685
2025-08-14 18:45:00,16277.557833714685
2025-08-14 19:00:00,16277.557833714685
2025-08-14 19:15:00,16277.557833714685
2025-08-14 19:30:00,16277.557833714685
2025-08-14 19:45:00,16277.557833714685
2025-08-14 20:00:00,16277.557833714685
2025-08-14 20:15:00,16277.557833714685
2025-08-14 20:30:00,16277.557833714685
2025-08-14 20:45:00,16277.557833714685
2025-08-14 21:00:00,16277.557833714685
2025-08-14 21:15:00,16277.557833714685
2025-08-14 21:30:00,16277.557833714685
2025-08-14 21:45:00,16277.557833714685
2025-08-14 22:00:00,16277.557833714685
2025-08-14 22:15:00,16277.557833714685
2025-08-14 22:30:00,16277.557833714685
2025-08-14 22:45:00,16277.557833714685
2025-08-14 23:00:00,16277.557833714685
2025-08-14 23:15:00,16277.557833714685
2025-08-14 23:30:00,16277.557833714685
2025-08-14 23:45:00,16277.557833714685
2025-08-15 00:00:00,16277.557833714685
2025-08-15 00:15:00,16277.557833714685
2025-08-15 00:30:00,16277.557833714685
2025-08-15 00:45:00,16277.557833714685
2025-08-15 01:00:00,16277.557833714685
2025-08-15 01:15:00,16277.557833714685
2025-08-15 01:30:00,16277.557833714685
2025-08-15 01:45:00,16277.557833714685
2025-08-15 02:00:00,16277.557833714685
2025-08-15 02:15:00,16277.557833714685
2025-08-15 02:30:00,16277.557833714685
2025-08-15 02:45:00,16277.557833714685
2025-08-15 03:00:00,16277.557833714685
2025-08-15 03:15:00,16277.557833714685
2025-08-15 03:30:00,16277.557833714685
2025-08-15 03:45:00,16277.557833714685
2025-08-15 04:00:00,16277.557833714685
2025-08-15 04:15:00,16277.557833714685
2025-08-15 04:30:00,16277.557833714685
2025-08-15 04:45:00,16277.557833714685
2025-08-15 05:00:00,16277.557833714685
2025-08-15 05:15:00,16277.557833714685
2025-08-15 05:30:00,16277.557833714685
2025-08-15 05:45:00,16277.557833714685
2025-08-15 06:00:00,16277.557833714685
2025-08-15 06:15:00,16277.557833714685
2025-08-15 06:30:00,16277.557833714685
2025-08-15 06:45:00,16277.557833714685
2025-08-15 07:00:00,16277.557833714685
2025-08-15 07:15:00,16277.557833714685
2025-08-15 07:30:00,16277.557833714685
2025-08-15 07:45:00,16277.557833714685
2025-08-15 08:00:00,16277.557833714685
2025-08-15 08:15:00,16277.557833714685
2025-08-15 08:30:00,16277.557833714685
2025-08-15 08:45:00,16277.557833714685
2025-08-15 09:00:00,16277.557833714685
2025-08-15 09:15:00,16277.557833714685
2025-08-15 09:30:00,16277.557833714685
2025-08-15 09:45:00,16277.557833714685
2025-08-15 10:00:00,16277.557833714685
2025-08-15 10:15:00,16277.557833714685
2025-08-15 10:30:00,16277.557833714685
2025-08-15 10:45:00,16277.557833714685
2025-08-15 11:00:00,16277.557833714685
2025-08-15 11:15:00,16277.557833714685
2025-08-15 11:30:00,16277.557833714685
2025-08-15 11:45:00,16277.557833714685
2025-08-15 12:00:00,16277.557833714685
2025-08-15 12:15:00,16277.557833714685
2025-08-15 12:30:00,16277.557833714685
2025-08-15 12:45:00,16277.557833714685
2025-08-15 13:00:00,16277.557833714685
2025-08-15 13:15:00,16277.557833714685
2025-08-15 13:30:00,16277.557833714685
2025-08-15 13:45:00,16277.557833714685
2025-08-15 14:00:00,16277.557833714685
2025-08-15 14:15:00,16277.557833714685
2025-08-15 14:30:00,16277.557833714685
2025-08-15 14:45:00,16277.557833714685
2025-08-15 15:00:00,16277.557833714685
2025-08-15 15:15:00,16277.557833714685
2025-08-15 15:30:00,16277.557833714685
2025-08-15 15:45:00,16277.557833714685
2025-08-15 16:00:00,16277.557833714685
2025-08-15 16:15:00,16277.557833714685
2025-08-15 16:30:00,16277.557833714685
2025-08-15 16:45:00,16277.557833714685
2025-08-15 17:00:00,16277.557833714685
2025-08-15 17:15:00,16277.557833714685
2025-08-15 17:30:00,16277.557833714685
2025-08-15 17:45:00,16277.557833714685
2025-08-15 18:00:00,16277.557833714685
2025-08-15 18:15:00,16277.557833714685
2025-08-15 18:30:00,16277.557833714685
2025-08-15 18:45:00,16277.557833714685
2025-08-15 19:00:00,16277.557833714685
2025-08-15 19:15:00,16277.557833714685
2025-08-15 19:30:00,16277.557833714685
2025-08-15 19:45:00,16277.557833714685
2025-08-15 20:00:00,16277.557833714685
2025-08-15 20:15:00,16277.557833714685
2025-08-15 20:30:00,16277.557833714685
2025-08-15 20:45:00,16277.557833714685
2025-08-15 21:00:00,16277.557833714685
2025-08-15 21:15:00,16277.557833714685
2025-08-15 21:30:00,16277.557833714685
2025-08-15 21:45:00,16277.557833714685
2025-08-15 22:00:00,16277.557833714685
2025-08-15 22:15:00,16277.557833714685
2025-08-15 22:30:00,16277.557833714685
2025-08-15 22:45:00,16277.557833714685
2025-08-15 23:00:00,16277.557833714685
2025-08-15 23:15:00,16277.557833714685
2025-08-15 23:30:00,16277.557833714685
2025-08-15 23:45:00,16277.557833714685
2025-08-18 00:00:00,16277.557833714685
2025-08-18 00:15:00,16277.557833714685
2025-08-18 00:30:00,16277.557833714685
2025-08-18 00:45:00,16277.557833714685
2025-08-18 01:00:00,16277.557833714685
2025-08-18 01:15:00,16277.557833714685
2025-08-18 01:30:00,16277.557833714685
2025-08-18 01:45:00,16277.557833714685
2025-08-18 02:00:00,16277.557833714685
2025-08-18 02:15:00,16277.557833714685
2025-08-18 02:30:00,16277.557833714685
2025-08-18 02:45:00,16277.557833714685
2025-08-18 03:00:00,16277.557833714685
2025-08-18 03:15:00,16277.557833714685
2025-08-18 03:30:00,16277.557833714685
2025-08-18 03:45:00,16277.557833714685
2025-08-18 04:00:00,16277.557833714685
2025-08-18 04:15:00,16277.557833714685
2025-08-18 04:30:00,16277.557833714685
2025-08-18 04:45:00,16277.557833714685
2025-08-18 05:00:00,16277.557833714685
2025-08-18 05:15:00,16277.557833714685
2025-08-18 05:30:00,16277.557833714685
2025-08-18 05:45:00,16277.557833714685
2025-08-18 06:00:00,16277.557833714685
2025-08-18 06:15:00,16277.557833714685
2025-08-18 06:30:00,16277.557833714685
2025-08-18 06:45:00,16277.557833714685
2025-08-18 07:00:00,16277.557833714685
2025-08-18 07:15:00,16277.557833714685
2025-08-18 07:30:00,16277.557833714685
2025-08-18 07:45:00,16277.557833714685
2025-08-18 08:00:00,16277.557833714685
2025-08-18 08:15:00,16277.557833714685
2025-08-18 08:30:00,16277.557833714685
2025-08-18 08:45:00,16277.557833714685
2025-08-18 09:00:00,16277.557833714685
2025-08-18 09:15:00,16277.557833714685
2025-08-18 09:30:00,16277.557833714685
2025-08-18 09:45:00,16277.557833714685
2025-08-18 10:00:00,16277.557833714685
2025-08-18 10:15:00,16277.557833714685
2025-08-18 10:30:00,16277.557833714685
2025-08-18 10:45:00,16277.557833714685
2025-08-18 11:00:00,16277.557833714685
2025-08-18 11:15:00,16277.557833714685
2025-08-18 11:30:00,16277.557833714685
2025-08-18 11:45:00,16277.557833714685
2025-08-18 12:00:00,16277.557833714685
2025-08-18 12:15:00,16277.557833714685
2025-08-18 12:30:00,16277.557833714685
2025-08-18 12:45:00,16277.557833714685
2025-08-18 13:00:00,16277.557833714685
2025-08-18 13:15:00,16277.557833714685
2025-08-18 13:30:00,16277.557833714685
2025-08-18 13:45:00,16277.557833714685
2025-08-18 14:00:00,16277.557833714685
2025-08-18 14:15:00,16277.557833714685
2025-08-18 14:30:00,16277.557833714685
2025-08-18 14:45:00,16277.557833714685
2025-08-18 15:00:00,16277.557833714685
2025-08-18 15:15:00,16277.557833714685
2025-08-18 15:30:00,16277.557833714685
2025-08-18 15:45:00,16277.557833714685
2025-08-18 16:00:00,16277.557833714685
2025-08-18 16:15:00,16277.557833714685
2025-08-18 16:30:00,16277.557833714685
2025-08-18 16:45:00,16277.557833714685
2025-08-18 17:00:00,16277.557833714685
2025-08-18 17:15:00,16277.557833714685
2025-08-18 17:30:00,16277.557833714685
2025-08-18 17:45:00,16277.557833714685
2025-08-18 18:00:00,16277.557833714685
2025-08-18 18:15:00,16277.557833714685
2025-08-18 18:30:00,16277.557833714685
2025-08-18 18:45:00,16277.557833714685
2025-08-18 19:00:00,16277.557833714685
2025-08-18 19:15:00,16277.557833714685
2025-08-18 19:30:00,16277.557833714685
2025-08-18 19:45:00,16277.557833714685
2025-08-18 20:00:00,16277.557833714685
2025-08-18 20:15:00,16277.557833714685
2025-08-18 20:30:00,16277.557833714685
2025-08-18 20:45:00,16277.557833714685
2025-08-18 21:00:00,16277.557833714685
2025-08-18 21:15:00,16277.557833714685
2025-08-18 21:30:00,16277.557833714685
2025-08-18 21:45:00,16277.557833714685
2025-08-18 22:00:00,16277.557833714685
2025-08-18 22:15:00,16277.557833714685
2025-08-18 22:30:00,16277.557833714685
2025-08-18 22:45:00,16277.557833714685
2025-08-18 23:00:00,16277.557833714685
2025-08-18 23:15:00,16277.557833714685
2025-08-18 23:30:00,16277.557833714685
2025-08-18 23:45:00,16277.557833714685
2025-08-19 00:00:00,16277.557833714685
2025-08-19 00:15:00,16277.557833714685
2025-08-19 00:30:00,16277.557833714685
2025-08-19 00:45:00,16277.557833714685
2025-08-19 01:00:00,16277.557833714685
2025-08-19 01:15:00,16277.557833714685
2025-08-19 01:30:00,16277.557833714685
2025-08-19 01:45:00,16277.557833714685
2025-08-19 02:00:00,16277.557833714685
2025-08-19 02:15:00,16277.557833714685
2025-08-19 02:30:00,16277.557833714685
2025-08-19 02:45:00,16277.557833714685
2025-08-19 03:00:00,16277.557833714685
2025-08-19 03:15:00,16277.557833714685
2025-08-19 03:30:00,16277.557833714685
2025-08-19 03:45:00,16277.557833714685
2025-08-19 04:00:00,16277.557833714685
2025-08-19 04:15:00,16277.557833714685
2025-08-19 04:30:00,16277.557833714685
2025-08-19 04:45:00,16277.557833714685
2025-08-19 05:00:00,16277.557833714685
2025-08-19 05:15:00,16277.557833714685
2025-08-19 05:30:00,16277.557833714685
2025-08-19 05:45:00,16277.557833714685
2025-08-19 06:00:00,16277.557833714685
2025-08-19 06:15:00,16277.557833714685
2025-08-19 06:30:00,16277.557833714685
2025-08-19 06:45:00,16277.557833714685
2025-08-19 07:00:00,16277.557833714685
2025-08-19 07:15:00,16277.557833714685
2025-08-19 07:30:00,16277.557833714685
2025-08-19 07:45:00,16277.557833714685
2025-08-19 08:00:00,16277.557833714685
2025-08-19 08:15:00,16277.557833714685
2025-08-19 08:30:00,16277.557833714685
2025-08-19 08:45:00,16277.557833714685
2025-08-19 09:00:00,16277.557833714685
2025-08-19 09:15:00,16277.557833714685
2025-08-19 09:30:00,16277.557833714685
2025-08-19 09:45:00,16277.557833714685
2025-08-19 10:00:00,16277.557833714685
2025-08-19 10:15:00,16277.557833714685
2025-08-19 10:30:00,16277.557833714685
2025-08-19 10:45:00,16277.557833714685
2025-08-19 11:00:00,16277.557833714685
2025-08-19 11:15:00,16277.557833714685
2025-08-19 11:30:00,16277.557833714685
2025-08-19 11:45:00,16277.557833714685
2025-08-19 12:00:00,16277.557833714685
2025-08-19 12:15:00,16277.557833714685
2025-08-19 12:30:00,16277.557833714685
2025-08-19 12:45:00,16277.557833714685
2025-08-19 13:00:00,16277.557833714685
2025-08-19 13:15:00,16277.557833714685
2025-08-19 13:30:00,16277.557833714685
2025-08-19 13:45:00,16277.557833714685
2025-08-19 14:00:00,16277.557833714685
2025-08-19 14:15:00,16277.557833714685
2025-08-19 14:30:00,16277.557833714685
2025-08-19 14:45:00,16277.557833714685
2025-08-19 15:00:00,16277.557833714685
2025-08-19 15:15:00,16277.557833714685
2025-08-19 15:30:00,16277.557833714685
2025-08-19 15:45:00,16277.557833714685
2025-08-19 16:00:00,16277.557833714685
2025-08-19 16:15:00,16277.557833714685
2025-08-19 16:30:00,16277.557833714685
2025-08-19 16:45:00,16277.557833714685
2025-08-19 17:00:00,16277.557833714685
2025-08-19 17:15:00,16277.557833714685
2025-08-19 17:30:00,16277.557833714685
2025-08-19 17:45:00,16277.557833714685
2025-08-19 18:00:00,16277.557833714685
2025-08-19 18:15:00,16277.557833714685
2025-08-19 18:30:00,16277.557833714685
2025-08-19 18:45:00,16277.557833714685
2025-08-19 19:00:00,16277.557833714685
2025-08-19 19:15:00,16277.557833714685
2025-08-19 19:30:00,16277.557833714685
2025-08-19 19:45:00,16277.557833714685
2025-08-19 20:00:00,16277.557833714685
2025-08-19 20:15:00,16277.557833714685
2025-08-19 20:30:00,16277.557833714685
2025-08-19 20:45:00,16277.557833714685
2025-08-19 21:00:00,16277.557833714685
2025-08-19 21:15:00,16277.557833714685
2025-08-19 21:30:00,16277.557833714685
2025-08-19 21:45:00,16277.557833714685
2025-08-19 22:00:00,16277.557833714685
2025-08-19 22:15:00,16277.557833714685
2025-08-19 22:30:00,16277.557833714685
2025-08-19 22:45:00,16277.557833714685
2025-08-19 23:00:00,16277.557833714685
2025-08-19 23:15:00,16277.557833714685
2025-08-19 23:30:00,16277.557833714685
2025-08-19 23:45:00,16277.557833714685
2025-08-20 00:00:00,16277.557833714685
2025-08-20 00:15:00,16277.557833714685
2025-08-20 00:30:00,16277.557833714685
2025-08-20 00:45:00,16277.557833714685
2025-08-20 01:00:00,16277.557833714685
2025-08-20 01:15:00,16277.557833714685
2025-08-20 01:30:00,16277.557833714685
2025-08-20 01:45:00,16277.557833714685
2025-08-20 02:00:00,16277.557833714685
2025-08-20 02:15:00,16277.557833714685
2025-08-20 02:30:00,16277.557833714685
2025-08-20 02:45:00,16277.557833714685
2025-08-20 03:00:00,16277.557833714685
2025-08-20 03:15:00,16277.557833714685
2025-08-20 03:30:00,16277.557833714685
2025-08-20 03:45:00,16277.557833714685
2025-08-20 04:00:00,16277.557833714685
2025-08-20 04:15:00,16277.557833714685
2025-08-20 04:30:00,16277.557833714685
2025-08-20 04:45:00,16277.557833714685
2025-08-20 05:00:00,16277.557833714685
2025-08-20 05:15:00,16277.557833714685
2025-08-20 05:30:00,16277.557833714685
2025-08-20 05:45:00,16277.557833714685
2025-08-20 06:00:00,16277.557833714685
2025-08-20 06:15:00,16277.557833714685
2025-08-20 06:30:00,16277.557833714685
2025-08-20 06:45:00,16277.557833714685
2025-08-20 07:00:00,16277.557833714685
2025-08-20 07:15:00,16277.557833714685
2025-08-20 07:30:00,16277.557833714685
2025-08-20 07:45:00,16277.557833714685
2025-08-20 08:00:00,16277.557833714685
2025-08-20 08:15:00,16277.557833714685
2025-08-20 08:30:00,16277.557833714685
2025-08-20 08:45:00,16277.557833714685
2025-08-20 09:00:00,16277.557833714685
2025-08-20 09:15:00,16277.557833714685
2025-08-20 09:30:00,16277.557833714685
2025-08-20 09:45:00,16277.557833714685
2025-08-20 10:00:00,16277.557833714685
2025-08-20 10:15:00,16277.557833714685
2025-08-20 10:30:00,16277.557833714685
2025-08-20 10:45:00,16277.557833714685
2025-08-20 11:00:00,16277.557833714685
2025-08-20 11:15:00,16277.557833714685
2025-08-20 11:30:00,16277.557833714685
2025-08-20 11:45:00,16277.557833714685
2025-08-20 12:00:00,16277.557833714685
2025-08-20 12:15:00,16277.557833714685
2025-08-20 12:30:00,16277.557833714685
2025-08-20 12:45:00,16277.557833714685
2025-08-20 13:00:00,16277.557833714685
2025-08-20 13:15:00,16277.557833714685
2025-08-20 13:30:00,16277.557833714685
2025-08-20 13:45:00,16277.557833714685
2025-08-20 14:00:00,16277.557833714685
2025-08-20 14:15:00,16277.557833714685
2025-08-20 14:30:00,16277.557833714685
2025-08-20 14:45:00,16277.557833714685
2025-08-20 15:00:00,16277.557833714685
2025-08-20 15:15:00,16277.557833714685
2025-08-20 15:30:00,16277.557833714685
2025-08-20 15:45:00,16277.557833714685
2025-08-20 16:00:00,16277.557833714685
2025-08-20 16:15:00,16277.557833714685
2025-08-20 16:30:00,16277.557833714685
2025-08-20 16:45:00,16277.557833714685
2025-08-20 17:00:00,16277.557833714685
2025-08-20 17:15:00,16277.557833714685
2025-08-20 17:30:00,16277.557833714685
2025-08-20 17:45:00,16277.557833714685
2025-08-20 18:00:00,16277.557833714685
2025-08-20 18:15:00,16277.557833714685
2025-08-20 18:30:00,16277.557833714685
2025-08-20 18:45:00,16277.557833714685
2025-08-20 19:00:00,16277.557833714685
2025-08-20 19:15:00,16277.557833714685
2025-08-20 19:30:00,16277.557833714685
2025-08-20 19:45:00,16277.557833714685
2025-08-20 20:00:00,16277.557833714685
2025-08-20 20:15:00,16277.557833714685
2025-08-20 20:30:00,16277.557833714685
2025-08-20 20:45:00,16277.557833714685
2025-08-20 21:00:00,16277.557833714685
2025-08-20 21:15:00,16277.557833714685
2025-08-20 21:30:00,16277.557833714685
2025-08-20 21:45:00,16277.557833714685
2025-08-20 22:00:00,16277.557833714685
2025-08-20 22:15:00,16277.557833714685
2025-08-20 22:30:00,16277.557833714685
2025-08-20 22:45:00,16277.557833714685
2025-08-20 23:00:00,16277.557833714685
2025-08-20 23:15:00,16277.557833714685
2025-08-20 23:30:00,16277.557833714685
2025-08-20 23:45:00,16277.557833714685
2025-08-21 00:00:00,16277.557833714685
2025-08-21 00:15:00,16277.557833714685
2025-08-21 00:30:00,16277.557833714685
2025-08-21 00:45:00,16277.557833714685
2025-08-21 01:00:00,16277.557833714685
2025-08-21 01:15:00,16277.557833714685
2025-08-21 01:30:00,16277.557833714685
2025-08-21 01:45:00,16277.557833714685
2025-08-21 02:00:00,16277.557833714685
2025-08-21 02:15:00,16277.557833714685
2025-08-21 02:30:00,16277.557833714685
2025-08-21 02:45:00,16277.557833714685
2025-08-21 03:00:00,16277.557833714685
2025-08-21 03:15:00,16277.557833714685
2025-08-21 03:30:00,16277.557833714685
2025-08-21 03:45:00,16277.557833714685
2025-08-21 04:00:00,16277.557833714685
2025-08-21 04:15:00,16277.557833714685
2025-08-21 04:30:00,16277.557833714685
2025-08-21 04:45:00,16277.557833714685
2025-08-21 05:00:00,16277.557833714685
2025-08-21 05:15:00,16277.557833714685
2025-08-21 05:30:00,16277.557833714685
2025-08-21 05:45:00,16277.557833714685
2025-08-21 06:00:00,16277.557833714685
2025-08-21 06:15:00,16277.557833714685
2025-08-21 06:30:00,16277.557833714685
2025-08-21 06:45:00,16277.557833714685
2025-08-21 07:00:00,16277.557833714685
2025-08-21 07:15:00,16277.557833714685
2025-08-21 07:30:00,16277.557833714685
2025-08-21 07:45:00,16277.557833714685
2025-08-21 08:00:00,16277.557833714685
2025-08-21 08:15:00,16277.557833714685
2025-08-21 08:30:00,16277.557833714685
2025-08-21 08:45:00,16277.557833714685
2025-08-21 09:00:00,16277.557833714685
2025-08-21 09:15:00,16277.557833714685
2025-08-21 09:30:00,16277.557833714685
2025-08-21 09:45:00,16277.557833714685
2025-08-21 10:00:00,16277.557833714685
2025-08-21 10:15:00,16277.557833714685
2025-08-21 10:30:00,16277.557833714685
2025-08-21 10:45:00,16277.557833714685
2025-08-21 11:00:00,16277.557833714685
2025-08-21 11:15:00,16277.557833714685
2025-08-21 11:30:00,16277.557833714685
2025-08-21 11:45:00,16277.557833714685
2025-08-21 12:00:00,16277.557833714685
2025-08-21 12:15:00,16277.557833714685
2025-08-21 12:30:00,16277.557833714685
2025-08-21 12:45:00,16277.557833714685
2025-08-21 13:00:00,16277.557833714685
2025-08-21 13:15:00,16277.557833714685
2025-08-21 13:30:00,16277.557833714685
2025-08-21 13:45:00,16277.557833714685
2025-08-21 14:00:00,16277.557833714685
2025-08-21 14:15:00,16277.557833714685
2025-08-21 14:30:00,16277.557833714685
2025-08-21 14:45:00,16277.557833714685
2025-08-21 15:00:00,16277.557833714685
2025-08-21 15:15:00,16277.557833714685
2025-08-21 15:30:00,16277.557833714685
2025-08-21 15:45:00,16277.557833714685
2025-08-21 16:00:00,16277.557833714685
2025-08-21 16:15:00,16277.557833714685
2025-08-21 16:30:00,16277.557833714685
2025-08-21 16:45:00,16277.557833714685
2025-08-21 17:00:00,16277.557833714685
2025-08-21 17:15:00,16277.557833714685
2025-08-21 17:30:00,16277.557833714685
2025-08-21 17:45:00,16277.557833714685
2025-08-21 18:00:00,16277.557833714685
2025-08-21 18:15:00,16277.557833714685
2025-08-21 18:30:00,16277.557833714685
2025-08-21 18:45:00,16277.557833714685
2025-08-21 19:00:00,16277.557833714685
2025-08-21 19:15:00,16277.557833714685
2025-08-21 19:30:00,16277.557833714685
2025-08-21 19:45:00,16277.557833714685
2025-08-21 20:00:00,16277.557833714685
2025-08-21 20:15:00,16277.557833714685
2025-08-21 20:30:00,16277.557833714685
2025-08-21 20:45:00,16277.557833714685
2025-08-21 21:00:00,16277.557833714685
2025-08-21 21:15:00,16277.557833714685
2025-08-21 21:30:00,16277.557833714685
2025-08-21 21:45:00,16277.557833714685
2025-08-21 22:00:00,16277.557833714685
2025-08-21 22:15:00,16277.557833714685
2025-08-21 22:30:00,16277.557833714685
2025-08-21 22:45:00,16277.557833714685
2025-08-21 23:00:00,16277.557833714685
2025-08-21 23:15:00,16277.557833714685
2025-08-21 23:30:00,16277.557833714685
2025-08-21 23:45:00,16277.557833714685
2025-08-22 00:00:00,16277.557833714685
2025-08-22 00:15:00,16277.557833714685
2025-08-22 00:30:00,16277.557833714685
2025-08-22 00:45:00,16277.557833714685
2025-08-22 01:00:00,16277.557833714685
2025-08-22 01:15:00,16277.557833714685
2025-08-22 01:30:00,16277.557833714685
2025-08-22 01:45:00,16277.557833714685
2025-08-22 02:00:00,16277.557833714685
2025-08-22 02:15:00,16277.557833714685
2025-08-22 02:30:00,16277.557833714685
2025-08-22 02:45:00,16277.557833714685
2025-08-22 03:00:00,16277.557833714685
2025-08-22 03:15:00,16277.557833714685
2025-08-22 03:30:00,16277.557833714685
2025-08-22 03:45:00,16277.557833714685
2025-08-22 04:00:00,16277.557833714685
2025-08-22 04:15:00,16277.557833714685
2025-08-22 04:30:00,16277.557833714685
2025-08-22 04:45:00,16277.557833714685
2025-08-22 05:00:00,16277.557833714685
2025-08-22 05:15:00,16277.557833714685
2025-08-22 05:30:00,16277.557833714685
2025-08-22 05:45:00,16277.557833714685
2025-08-22 06:00:00,16277.557833714685
2025-08-22 06:15:00,16277.557833714685
2025-08-22 06:30:00,16277.557833714685
2025-08-22 06:45:00,16277.557833714685
2025-08-22 07:00:00,16277.557833714685
2025-08-22 07:15:00,16277.557833714685
2025-08-22 07:30:00,16277.557833714685
2025-08-22 07:45:00,16277.557833714685
2025-08-22 08:00:00,16277.557833714685
2025-08-22 08:15:00,16277.557833714685
2025-08-22 08:30:00,16277.557833714685
2025-08-22 08:45:00,16277.557833714685
2025-08-22 09:00:00,16277.557833714685
2025-08-22 09:15:00,16277.557833714685
2025-08-22 09:30:00,16277.557833714685
2025-08-22 09:45:00,16277.557833714685
2025-08-22 10:00:00,16277.557833714685
2025-08-22 10:15:00,16277.557833714685
2025-08-22 10:30:00,16277.557833714685
2025-08-22 10:45:00,16277.557833714685
2025-08-22 11:00:00,16277.557833714685
2025-08-22 11:15:00,16277.557833714685
2025-08-22 11:30:00,16277.557833714685
2025-08-22 11:45:00,16277.557833714685
2025-08-22 12:00:00,16277.557833714685
2025-08-22 12:15:00,16277.557833714685
2025-08-22 12:30:00,16277.557833714685
2025-08-22 12:45:00,16277.557833714685
2025-08-22 13:00:00,16277.557833714685
2025-08-22 13:15:00,16277.557833714685
2025-08-22 13:30:00,16277.557833714685
2025-08-22 13:45:00,16277.557833714685
2025-08-22 14:00:00,16277.557833714685
2025-08-22 14:15:00,16277.557833714685
2025-08-22 14:30:00,16277.557833714685
2025-08-22 14:45:00,16277.557833714685
2025-08-22 15:00:00,16277.557833714685
2025-08-22 15:15:00,16277.557833714685
2025-08-22 15:30:00,16277.557833714685
2025-08-22 15:45:00,16277.557833714685
2025-08-22 16:00:00,16277.557833714685
2025-08-22 16:15:00,16277.557833714685
2025-08-22 16:30:00,16277.557833714685
2025-08-22 16:45:00,16277.557833714685
2025-08-22 17:00:00,16277.557833714685
2025-08-22 17:15:00,16277.557833714685
2025-08-22 17:30:00,16277.557833714685
2025-08-22 17:45:00,16277.557833714685
2025-08-22 18:00:00,16277.557833714685
2025-08-22 18:15:00,16277.557833714685
2025-08-22 18:30:00,16277.557833714685
2025-08-22 18:45:00,16277.557833714685
2025-08-22 19:00:00,16277.557833714685
2025-08-22 19:15:00,16277.557833714685
2025-08-22 19:30:00,16277.557833714685
2025-08-22 19:45:00,16277.557833714685
2025-08-22 20:00:00,16277.557833714685
2025-08-22 20:15:00,16277.557833714685
2025-08-22 20:30:00,16277.557833714685
2025-08-22 20:45:00,16277.557833714685
2025-08-22 21:00:00,16277.557833714685
2025-08-22 21:15:00,16277.557833714685
2025-08-22 21:30:00,16277.557833714685
2025-08-22 21:45:00,16277.557833714685
2025-08-22 22:00:00,16277.557833714685
2025-08-22 22:15:00,16277.557833714685
2025-08-22 22:30:00,16277.557833714685
2025-08-22 22:45:00,16277.557833714685
2025-08-22 23:00:00,16277.557833714685
2025-08-22 23:15:00,16277.557833714685
2025-08-22 23:30:00,16277.557833714685
2025-08-22 23:45:00,16277.557833714685
2025-08-25 00:00:00,16277.557833714685
2025-08-25 00:15:00,16277.557833714685
2025-08-25 00:30:00,16277.557833714685
2025-08-25 00:45:00,16277.557833714685
2025-08-25 01:00:00,16277.557833714685
2025-08-25 01:15:00,16277.557833714685
2025-08-25 01:30:00,16277.557833714685
2025-08-25 01:45:00,16277.557833714685
2025-08-25 02:00:00,16277.557833714685
2025-08-25 02:15:00,16277.557833714685
2025-08-25 02:30:00,16277.557833714685
2025-08-25 02:45:00,16277.557833714685
2025-08-25 03:00:00,16277.557833714685
2025-08-25 03:15:00,16277.557833714685
2025-08-25 03:30:00,16277.557833714685
2025-08-25 03:45:00,16277.557833714685
2025-08-25 04:00:00,16277.557833714685
2025-08-25 04:15:00,16277.557833714685
2025-08-25 04:30:00,16277.557833714685
2025-08-25 04:45:00,16277.557833714685
2025-08-25 05:00:00,16277.557833714685
2025-08-25 05:15:00,16277.557833714685
2025-08-25 05:30:00,16277.557833714685
2025-08-25 05:45:00,16277.557833714685
2025-08-25 06:00:00,16277.557833714685
2025-08-25 06:15:00,16277.557833714685
2025-08-25 06:30:00,16277.557833714685
2025-08-25 06:45:00,16277.557833714685
2025-08-25 07:00:00,16277.557833714685
2025-08-25 07:15:00,16277.557833714685
2025-08-25 07:30:00,16277.557833714685
2025-08-25 07:45:00,16277.557833714685
2025-08-25 08:00:00,16277.557833714685
2025-08-25 08:15:00,16277.557833714685
2025-08-25 08:30:00,16277.557833714685
2025-08-25 08:45:00,16277.557833714685
2025-08-25 09:00:00,16277.557833714685
2025-08-25 09:15:00,16277.557833714685
2025-08-25 09:30:00,16277.557833714685
2025-08-25 09:45:00,16277.557833714685
2025-08-25 10:00:00,16277.557833714685
2025-08-25 10:15:00,16277.557833714685
2025-08-25 10:30:00,16277.557833714685
2025-08-25 10:45:00,16277.557833714685
2025-08-25 11:00:00,16277.557833714685
2025-08-25 11:15:00,16277.557833714685
2025-08-25 11:30:00,16277.557833714685
2025-08-25 11:45:00,16277.557833714685
2025-08-25 12:00:00,16277.557833714685
2025-08-25 12:15:00,16277.557833714685
2025-08-25 12:30:00,16277.557833714685
2025-08-25 12:45:00,16277.557833714685
2025-08-25 13:00:00,16277.557833714685
2025-08-25 13:15:00,16277.557833714685
2025-08-25 13:30:00,16277.557833714685
2025-08-25 13:45:00,16277.557833714685
2025-08-25 14:00:00,16277.557833714685
2025-08-25 14:15:00,16277.557833714685
2025-08-25 14:30:00,16277.557833714685
2025-08-25 14:45:00,16277.557833714685
2025-08-25 15:00:00,16277.557833714685
2025-08-25 15:15:00,16277.557833714685
2025-08-25 15:30:00,16277.557833714685
2025-08-25 15:45:00,16277.557833714685
2025-08-25 16:00:00,16277.557833714685
2025-08-25 16:15:00,16277.557833714685
2025-08-25 16:30:00,16277.557833714685
2025-08-25 16:45:00,16277.557833714685
2025-08-25 17:00:00,16277.557833714685
2025-08-25 17:15:00,16277.557833714685
2025-08-25 17:30:00,16277.557833714685
2025-08-25 17:45:00,16277.557833714685
2025-08-25 18:00:00,16277.557833714685
2025-08-25 18:15:00,16277.557833714685
2025-08-25 18:30:00,16277.557833714685
2025-08-25 18:45:00,16277.557833714685
2025-08-25 19:00:00,16277.557833714685
2025-08-25 19:15:00,16277.557833714685
2025-08-25 19:30:00,16277.557833714685
2025-08-25 19:45:00,16277.557833714685
2025-08-25 20:00:00,16277.557833714685
2025-08-25 20:15:00,16277.557833714685
2025-08-25 20:30:00,16277.557833714685
2025-08-25 20:45:00,16277.557833714685
2025-08-25 21:00:00,16277.557833714685
2025-08-25 21:15:00,16277.557833714685
2025-08-25 21:30:00,16277.557833714685
2025-08-25 21:45:00,16277.557833714685
2025-08-25 22:00:00,16277.557833714685
2025-08-25 22:15:00,16277.557833714685
2025-08-25 22:30:00,16277.557833714685
2025-08-25 22:45:00,16277.557833714685
2025-08-25 23:00:00,16277.557833714685
2025-08-25 23:15:00,16277.557833714685
2025-08-25 23:30:00,16277.557833714685
2025-08-25 23:45:00,16277.557833714685
2025-08-26 00:00:00,16277.557833714685
2025-08-26 00:15:00,16277.557833714685
2025-08-26 00:30:00,16277.557833714685
2025-08-26 00:45:00,16277.557833714685
2025-08-26 01:00:00,16277.557833714685
2025-08-26 01:15:00,16277.557833714685
2025-08-26 01:30:00,16277.557833714685
2025-08-26 01:45:00,16277.557833714685
2025-08-26 02:00:00,16277.557833714685
2025-08-26 02:15:00,16277.557833714685
2025-08-26 02:30:00,16277.557833714685
2025-08-26 02:45:00,16277.557833714685
2025-08-26 03:00:00,16277.557833714685
2025-08-26 03:15:00,16277.557833714685
2025-08-26 03:30:00,16277.557833714685
2025-08-26 03:45:00,16277.557833714685
2025-08-26 04:00:00,16277.557833714685
2025-08-26 04:15:00,16277.557833714685
2025-08-26 04:30:00,16277.557833714685
2025-08-26 04:45:00,16277.557833714685
2025-08-26 05:00:00,16277.557833714685
2025-08-26 05:15:00,16277.557833714685
2025-08-26 05:30:00,16277.557833714685
2025-08-26 05:45:00,16277.557833714685
2025-08-26 06:00:00,16277.557833714685
2025-08-26 06:15:00,16277.557833714685
2025-08-26 06:30:00,16277.557833714685
2025-08-26 06:45:00,16277.557833714685
2025-08-26 07:00:00,16277.557833714685
2025-08-26 07:15:00,16277.557833714685
2025-08-26 07:30:00,16277.557833714685
2025-08-26 07:45:00,16277.557833714685
2025-08-26 08:00:00,16277.557833714685
2025-08-26 08:15:00,16277.557833714685
2025-08-26 08:30:00,16277.557833714685
2025-08-26 08:45:00,16277.557833714685
2025-08-26 09:00:00,16277.557833714685
2025-08-26 09:15:00,16277.557833714685
2025-08-26 09:30:00,16277.557833714685
2025-08-26 09:45:00,16277.557833714685
2025-08-26 10:00:00,16277.557833714685
2025-08-26 10:15:00,16277.557833714685
2025-08-26 10:30:00,16277.557833714685
2025-08-26 10:45:00,16277.557833714685
2025-08-26 11:00:00,16277.557833714685
2025-08-26 11:15:00,16277.557833714685
2025-08-26 11:30:00,16277.557833714685
2025-08-26 11:45:00,16277.557833714685
2025-08-26 12:00:00,16277.557833714685
2025-08-26 12:15:00,16277.557833714685
2025-08-26 12:30:00,16277.557833714685
2025-08-26 12:45:00,16277.557833714685
2025-08-26 13:00:00,16277.557833714685
2025-08-26 13:15:00,16277.557833714685
2025-08-26 13:30:00,16277.557833714685
2025-08-26 13:45:00,16277.557833714685
2025-08-26 14:00:00,16277.557833714685
2025-08-26 14:15:00,16277.557833714685
2025-08-26 14:30:00,16277.557833714685
2025-08-26 14:45:00,16277.557833714685
2025-08-26 15:00:00,16277.557833714685
2025-08-26 15:15:00,16277.557833714685
2025-08-26 15:30:00,16277.557833714685
2025-08-26 15:45:00,16277.557833714685
2025-08-26 16:00:00,16277.557833714685
2025-08-26 16:15:00,16277.557833714685
2025-08-26 16:30:00,16277.557833714685
2025-08-26 16:45:00,16277.557833714685
2025-08-26 17:00:00,16277.557833714685
2025-08-26 17:15:00,16277.557833714685
2025-08-26 17:30:00,16277.557833714685
2025-08-26 17:45:00,16277.557833714685
2025-08-26 18:00:00,16277.557833714685
2025-08-26 18:15:00,16277.557833714685
2025-08-26 18:30:00,16277.557833714685
2025-08-26 18:45:00,16277.557833714685
2025-08-26 19:00:00,16277.557833714685
2025-08-26 19:15:00,16277.557833714685
2025-08-26 19:30:00,16277.557833714685
2025-08-26 19:45:00,16277.557833714685
2025-08-26 20:00:00,16277.557833714685
2025-08-26 20:15:00,16277.557833714685
2025-08-26 20:30:00,16277.557833714685
2025-08-26 20:45:00,16277.557833714685
2025-08-26 21:00:00,16277.557833714685
2025-08-26 21:15:00,16277.557833714685
2025-08-26 21:30:00,16277.557833714685
2025-08-26 21:45:00,16277.557833714685
2025-08-26 22:00:00,16277.557833714685
2025-08-26 22:15:00,16277.557833714685
2025-08-26 22:30:00,16277.557833714685
2025-08-26 22:45:00,16277.557833714685
2025-08-26 23:00:00,16277.557833714685
2025-08-26 23:15:00,16277.557833714685
2025-08-26 23:30:00,16277.557833714685
2025-08-26 23:45:00,16277.557833714685
2025-08-27 00:00:00,16277.557833714685
2025-08-27 00:15:00,16277.557833714685
2025-08-27 00:30:00,16277.557833714685
2025-08-27 00:45:00,16277.557833714685
2025-08-27 01:00:00,16277.557833714685
2025-08-27 01:15:00,16277.557833714685
2025-08-27 01:30:00,16277.557833714685
2025-08-27 01:45:00,16277.557833714685
2025-08-27 02:00:00,16277.557833714685
2025-08-27 02:15:00,16277.557833714685
2025-08-27 02:30:00,16277.557833714685
2025-08-27 02:45:00,16277.557833714685
2025-08-27 03:00:00,16277.557833714685
2025-08-27 03:15:00,16277.557833714685
2025-08-27 03:30:00,16277.557833714685
2025-08-27 03:45:00,16277.557833714685
2025-08-27 04:00:00,16277.557833714685
2025-08-27 04:15:00,16277.557833714685
2025-08-27 04:30:00,16277.557833714685
2025-08-27 04:45:00,16277.557833714685
2025-08-27 05:00:00,16277.557833714685
2025-08-27 05:15:00,16277.557833714685
2025-08-27 05:30:00,16277.557833714685
2025-08-27 05:45:00,16277.557833714685
2025-08-27 06:00:00,16277.557833714685
2025-08-27 06:15:00,16277.557833714685
2025-08-27 06:30:00,16277.557833714685
2025-08-27 06:45:00,16277.557833714685
2025-08-27 07:00:00,16277.557833714685
2025-08-27 07:15:00,16277.557833714685
2025-08-27 07:30:00,16277.557833714685
2025-08-27 07:45:00,16277.557833714685
2025-08-27 08:00:00,16277.557833714685
2025-08-27 08:15:00,16277.557833714685
2025-08-27 08:30:00,16277.557833714685
2025-08-27 08:45:00,16277.557833714685
2025-08-27 09:00:00,16277.557833714685
2025-08-27 09:15:00,16277.557833714685
2025-08-27 09:30:00,16277.557833714685
2025-08-27 09:45:00,16277.557833714685
2025-08-27 10:00:00,16277.557833714685
2025-08-27 10:15:00,16277.557833714685
2025-08-27 10:30:00,16277.557833714685
2025-08-27 10:45:00,16277.557833714685
2025-08-27 11:00:00,16277.557833714685
2025-08-27 11:15:00,16277.557833714685
2025-08-27 11:30:00,16277.557833714685
2025-08-27 11:45:00,16277.557833714685
2025-08-27 12:00:00,16277.557833714685
2025-08-27 12:15:00,16277.557833714685
2025-08-27 12:30:00,16277.557833714685
2025-08-27 12:45:00,16277.557833714685
2025-08-27 13:00:00,16277.557833714685
2025-08-27 13:15:00,16277.557833714685
2025-08-27 13:30:00,16277.557833714685
2025-08-27 13:45:00,16277.557833714685
2025-08-27 14:00:00,16277.557833714685
2025-08-27 14:15:00,16277.557833714685
2025-08-27 14:30:00,16277.557833714685
2025-08-27 14:45:00,16277.557833714685
2025-08-27 15:00:00,16277.557833714685
2025-08-27 15:15:00,16277.557833714685
2025-08-27 15:30:00,16277.557833714685
2025-08-27 15:45:00,16277.557833714685
2025-08-27 16:00:00,16277.557833714685
2025-08-27 16:15:00,16277.557833714685
2025-08-27 16:30:00,16277.557833714685
2025-08-27 16:45:00,16277.557833714685
2025-08-27 17:00:00,16277.557833714685
2025-08-27 17:15:00,16277.557833714685
2025-08-27 17:30:00,16277.557833714685
2025-08-27 17:45:00,16277.557833714685
2025-08-27 18:00:00,16277.557833714685
2025-08-27 18:15:00,16277.557833714685
2025-08-27 18:30:00,16277.557833714685
2025-08-27 18:45:00,16277.557833714685
2025-08-27 19:00:00,16277.557833714685
2025-08-27 19:15:00,16277.557833714685
2025-08-27 19:30:00,16277.557833714685
2025-08-27 19:45:00,16277.557833714685
2025-08-27 20:00:00,16277.557833714685
2025-08-27 20:15:00,16277.557833714685
2025-08-27 20:30:00,16277.557833714685
2025-08-27 20:45:00,16277.557833714685
2025-08-27 21:00:00,16277.557833714685
2025-08-27 21:15:00,16277.557833714685
2025-08-27 21:30:00,16277.557833714685
2025-08-27 21:45:00,16277.557833714685
2025-08-27 22:00:00,16277.557833714685
2025-08-27 22:15:00,16277.557833714685
2025-08-27 22:30:00,16277.557833714685
2025-08-27 22:45:00,16277.557833714685
2025-08-27 23:00:00,16277.557833714685
2025-08-27 23:15:00,16277.557833714685
2025-08-27 23:30:00,16277.557833714685
2025-08-27 23:45:00,16277.557833714685
2025-08-28 00:00:00,16277.557833714685
2025-08-28 00:15:00,16277.557833714685
2025-08-28 00:30:00,16277.557833714685
2025-08-28 00:45:00,16277.557833714685
2025-08-28 01:00:00,16277.557833714685
2025-08-28 01:15:00,16277.557833714685
2025-08-28 01:30:00,16277.557833714685
2025-08-28 01:45:00,16277.557833714685
2025-08-28 02:00:00,16277.557833714685
2025-08-28 02:15:00,16277.557833714685
2025-08-28 02:30:00,16277.557833714685
2025-08-28 02:45:00,16277.557833714685
2025-08-28 03:00:00,16277.557833714685
2025-08-28 03:15:00,16277.557833714685
2025-08-28 03:30:00,16277.557833714685
2025-08-28 03:45:00,16277.557833714685
2025-08-28 04:00:00,16277.557833714685
2025-08-28 04:15:00,16277.557833714685
2025-08-28 04:30:00,16277.557833714685
2025-08-28 04:45:00,16277.557833714685
2025-08-28 05:00:00,16277.557833714685
2025-08-28 05:15:00,16277.557833714685
2025-08-28 05:30:00,16277.557833714685
2025-08-28 05:45:00,16277.557833714685
2025-08-28 06:00:00,16277.557833714685
2025-08-28 06:15:00,16277.557833714685
2025-08-28 06:30:00,16277.557833714685
2025-08-28 06:45:00,16277.557833714685
2025-08-28 07:00:00,16277.557833714685
2025-08-28 07:15:00,16277.557833714685
2025-08-28 07:30:00,16277.557833714685
2025-08-28 07:45:00,16277.557833714685
2025-08-28 08:00:00,16277.557833714685
2025-08-28 08:15:00,16277.557833714685
2025-08-28 08:30:00,16277.557833714685
2025-08-28 08:45:00,16277.557833714685
2025-08-28 09:00:00,16277.557833714685
2025-08-28 09:15:00,16277.557833714685
2025-08-28 09:30:00,16277.557833714685
2025-08-28 09:45:00,16277.557833714685
2025-08-28 10:00:00,16277.557833714685
2025-08-28 10:15:00,16277.557833714685
2025-08-28 10:30:00,16277.557833714685
2025-08-28 10:45:00,16277.557833714685
2025-08-28 11:00:00,16277.557833714685
2025-08-28 11:15:00,16277.557833714685
2025-08-28 11:30:00,16277.557833714685
2025-08-28 11:45:00,16277.557833714685
2025-08-28 12:00:00,16277.557833714685
2025-08-28 12:15:00,16277.557833714685
2025-08-28 12:30:00,16277.557833714685
2025-08-28 12:45:00,16277.557833714685
2025-08-28 13:00:00,16277.557833714685
2025-08-28 13:15:00,16277.557833714685
2025-08-28 13:30:00,16277.557833714685
2025-08-28 13:45:00,16277.557833714685
2025-08-28 14:00:00,16277.557833714685
2025-08-28 14:15:00,16277.557833714685
2025-08-28 14:30:00,16277.557833714685
2025-08-28 14:45:00,16277.557833714685
2025-08-28 15:00:00,16277.557833714685
2025-08-28 15:15:00,16277.557833714685
2025-08-28 15:30:00,16277.557833714685
2025-08-28 15:45:00,16277.557833714685
2025-08-28 16:00:00,16277.557833714685
2025-08-28 16:15:00,16277.557833714685
2025-08-28 16:30:00,16277.557833714685
2025-08-28 16:45:00,16277.557833714685
2025-08-28 17:00:00,16277.557833714685
2025-08-28 17:15:00,16277.557833714685
2025-08-28 17:30:00,16277.557833714685
2025-08-28 17:45:00,16277.557833714685
2025-08-28 18:00:00,16277.557833714685
2025-08-28 18:15:00,16277.557833714685
2025-08-28 18:30:00,16277.557833714685
2025-08-28 18:45:00,16277.557833714685
2025-08-28 19:00:00,16277.557833714685
2025-08-28 19:15:00,16277.557833714685
2025-08-28 19:30:00,16277.557833714685
2025-08-28 19:45:00,16277.557833714685
2025-08-28 20:00:00,16277.557833714685
2025-08-28 20:15:00,16277.557833714685
2025-08-28 20:30:00,16277.557833714685
2025-08-28 20:45:00,16277.557833714685
2025-08-28 21:00:00,16277.557833714685
2025-08-28 21:15:00,16277.557833714685
2025-08-28 21:30:00,16277.557833714685
2025-08-28 21:45:00,16277.557833714685
2025-08-28 22:00:00,16277.557833714685
2025-08-28 22:15:00,16277.557833714685
2025-08-28 22:30:00,16277.557833714685
2025-08-28 22:45:00,16277.557833714685
2025-08-28 23:00:00,16277.557833714685
2025-08-28 23:15:00,16277.557833714685
2025-08-28 23:30:00,16277.557833714685
2025-08-28 23:45:00,16277.557833714685
2025-08-29 00:00:00,16277.557833714685
2025-08-29 00:15:00,16277.557833714685
2025-08-29 00:30:00,16277.557833714685
2025-08-29 00:45:00,16277.557833714685
2025-08-29 01:00:00,16277.557833714685
2025-08-29 01:15:00,16277.557833714685
2025-08-29 01:30:00,16277.557833714685
2025-08-29 01:45:00,16277.557833714685
2025-08-29 02:00:00,16277.557833714685
2025-08-29 02:15:00,16277.557833714685
2025-08-29 02:30:00,16277.557833714685
2025-08-29 02:45:00,16277.557833714685
2025-08-29 03:00:00,16277.557833714685
2025-08-29 03:15:00,16277.557833714685
2025-08-29 03:30:00,16277.557833714685
2025-08-29 03:45:00,16277.557833714685
2025-08-29 04:00:00,16277.557833714685
2025-08-29 04:15:00,16277.557833714685
2025-08-29 04:30:00,16277.557833714685
2025-08-29 04:45:00,16277.557833714685
2025-08-29 05:00:00,16277.557833714685
2025-08-29 05:15:00,16277.557833714685
2025-08-29 05:30:00,16277.557833714685
2025-08-29 05:45:00,16277.557833714685
2025-08-29 06:00:00,16277.557833714685
2025-08-29 06:15:00,16277.557833714685
2025-08-29 06:30:00,16277.557833714685
2025-08-29 06:45:00,16277.557833714685
2025-08-29 07:00:00,16277.557833714685
2025-08-29 07:15:00,16277.557833714685
2025-08-29 07:30:00,16277.557833714685
2025-08-29 07:45:00,16277.557833714685
2025-08-29 08:00:00,16277.557833714685
2025-08-29 08:15:00,16277.557833714685
2025-08-29 08:30:00,16277.557833714685
2025-08-29 08:45:00,16277.557833714685
2025-08-29 09:00:00,16277.557833714685
2025-08-29 09:15:00,16277.557833714685
2025-08-29 09:30:00,16277.557833714685
2025-08-29 09:45:00,16277.557833714685
2025-08-29 10:00:00,16277.557833714685
2025-08-29 10:15:00,16277.557833714685
2025-08-29 10:30:00,16277.557833714685
2025-08-29 10:45:00,16277.557833714685
2025-08-29 11:00:00,16277.557833714685
2025-08-29 11:15:00,16277.557833714685
2025-08-29 11:30:00,16277.557833714685
2025-08-29 11:45:00,16277.557833714685
2025-08-29 12:00:00,16277.557833714685
2025-08-29 12:15:00,16277.557833714685
2025-08-29 12:30:00,16277.557833714685
2025-08-29 12:45:00,16277.557833714685
2025-08-29 13:00:00,16277.557833714685
2025-08-29 13:15:00,16277.557833714685
2025-08-29 13:30:00,16277.557833714685
2025-08-29 13:45:00,16277.557833714685
2025-08-29 14:00:00,16277.557833714685
2025-08-29 14:15:00,16277.557833714685
2025-08-29 14:30:00,16277.557833714685
2025-08-29 14:45:00,16277.557833714685
2025-08-29 15:00:00,16277.557833714685
2025-08-29 15:15:00,16277.557833714685
2025-08-29 15:30:00,16277.557833714685
2025-08-29 15:45:00,16277.557833714685
2025-08-29 16:00:00,16277.557833714685
2025-08-29 16:15:00,16277.557833714685
2025-08-29 16:30:00,16277.557833714685
2025-08-29 16:45:00,16277.557833714685
2025-08-29 17:00:00,16277.557833714685
2025-08-29 17:15:00,16277.557833714685
2025-08-29 17:30:00,16277.557833714685
2025-08-29 17:45:00,16277.557833714685
2025-08-29 18:00:00,16277.557833714685
2025-08-29 18:15:00,16277.557833714685
2025-08-29 18:30:00,16277.557833714685
2025-08-29 18:45:00,16277.557833714685
2025-08-29 19:00:00,16277.557833714685
2025-08-29 19:15:00,16277.557833714685
2025-08-29 19:30:00,16277.557833714685
2025-08-29 19:45:00,16277.557833714685
2025-08-29 20:00:00,16277.557833714685
2025-08-29 20:15:00,16277.557833714685
2025-08-29 20:30:00,16277.557833714685
2025-08-29 20:45:00,16277.557833714685
2025-08-29 21:00:00,16277.557833714685
2025-08-29 21:15:00,16277.557833714685
2025-08-29 21:30:00,16277.557833714685
2025-08-29 21:45:00,16277.557833714685
2025-08-29 22:00:00,16277.557833714685
2025-08-29 22:15:00,16277.557833714685
2025-08-29 22:30:00,16277.557833714685
2025-08-29 22:45:00,16277.557833714685
2025-08-29 23:00:00,16277.557833714685
2025-08-29 23:15:00,16277.557833714685
2025-08-29 23:30:00,16277.557833714685
2025-08-29 23:45:00,16277.557833714685
2025-09-01 00:00:00,16277.557833714685
2025-09-01 00:15:00,16277.557833714685
2025-09-01 00:30:00,16277.557833714685
2025-09-01 00:45:00,16277.557833714685
2025-09-01 01:00:00,16277.557833714685
2025-09-01 01:15:00,16277.557833714685
2025-09-01 01:30:00,16277.557833714685
2025-09-01 01:45:00,16277.557833714685
2025-09-01 02:00:00,16277.557833714685
2025-09-01 02:15:00,16277.557833714685
2025-09-01 02:30:00,16277.557833714685
2025-09-01 02:45:00,16277.557833714685
2025-09-01 03:00:00,16277.557833714685
2025-09-01 03:15:00,16277.557833714685
2025-09-01 03:30:00,16277.557833714685
2025-09-01 03:45:00,16277.557833714685
2025-09-01 04:00:00,16277.557833714685
2025-09-01 04:15:00,16277.557833714685
2025-09-01 04:30:00,16277.557833714685
2025-09-01 04:45:00,16277.557833714685
2025-09-01 05:00:00,16277.557833714685
2025-09-01 05:15:00,16277.557833714685
2025-09-01 05:30:00,16277.557833714685
2025-09-01 05:45:00,16277.557833714685
2025-09-01 06:00:00,16277.557833714685
2025-09-01 06:15:00,16277.557833714685
2025-09-01 06:30:00,16277.557833714685
2025-09-01 06:45:00,16277.557833714685
2025-09-01 07:00:00,16277.557833714685
2025-09-01 07:15:00,16277.557833714685
2025-09-01 07:30:00,16277.557833714685
2025-09-01 07:45:00,16277.557833714685
2025-09-01 08:00:00,16277.557833714685
2025-09-01 08:15:00,16277.557833714685
2025-09-01 08:30:00,16277.557833714685
2025-09-01 08:45:00,16277.557833714685
2025-09-01 09:00:00,16277.557833714685
2025-09-01 09:15:00,16277.557833714685
2025-09-01 09:30:00,16277.557833714685
2025-09-01 09:45:00,16277.557833714685
2025-09-01 10:00:00,16277.557833714685
2025-09-01 10:15:00,16277.557833714685
2025-09-01 10:30:00,16277.557833714685
2025-09-01 10:45:00,16277.557833714685
2025-09-01 11:00:00,16277.557833714685
2025-09-01 11:15:00,16277.557833714685
2025-09-01 11:30:00,16277.557833714685
2025-09-01 11:45:00,16277.557833714685
2025-09-01 12:00:00,16277.557833714685
2025-09-01 12:15:00,16277.557833714685
2025-09-01 12:30:00,16277.557833714685
2025-09-01 12:45:00,16277.557833714685
2025-09-01 13:00:00,16277.557833714685
2025-09-01 13:15:00,16277.557833714685
2025-09-01 13:30:00,16277.557833714685
2025-09-01 13:45:00,16277.557833714685
2025-09-01 14:00:00,16277.557833714685
2025-09-01 14:15:00,16277.557833714685
2025-09-01 14:30:00,16277.557833714685
2025-09-01 14:45:00,16277.557833714685
2025-09-01 15:00:00,16277.557833714685
2025-09-01 15:15:00,16277.557833714685
2025-09-01 15:30:00,16277.557833714685
2025-09-01 15:45:00,16277.557833714685
2025-09-01 16:00:00,16277.557833714685
2025-09-01 16:15:00,16277.557833714685
2025-09-01 16:30:00,16277.557833714685
2025-09-01 16:45:00,16277.557833714685
2025-09-01 17:00:00,16277.557833714685
2025-09-01 17:15:00,16277.557833714685
2025-09-01 17:30:00,16277.557833714685
2025-09-01 17:45:00,16277.557833714685
2025-09-01 18:00:00,16277.557833714685
2025-09-01 18:15:00,16277.557833714685
2025-09-01 18:30:00,16277.557833714685
2025-09-01 18:45:00,16277.557833714685
2025-09-01 19:00:00,16277.557833714685
2025-09-01 19:15:00,16277.557833714685
2025-09-01 19:30:00,16277.557833714685
2025-09-01 19:45:00,16277.557833714685
2025-09-01 20:00:00,16277.557833714685
2025-09-01 20:15:00,16277.557833714685
2025-09-01 20:30:00,16277.557833714685
2025-09-01 20:45:00,16277.557833714685
2025-09-01 21:00:00,16277.557833714685
2025-09-01 21:15:00,16277.557833714685
2025-09-01 21:30:00,16277.557833714685
2025-09-01 21:45:00,16277.557833714685
2025-09-01 22:00:00,16277.557833714685
2025-09-01 22:15:00,16277.557833714685
2025-09-01 22:30:00,16277.557833714685
2025-09-01 22:45:00,16277.557833714685
2025-09-01 23:00:00,16277.557833714685
2025-09-01 23:15:00,16277.557833714685
2025-09-01 23:30:00,16277.557833714685
2025-09-01 23:45:00,16277.557833714685
2025-09-02 00:00:00,16277.557833714685
2025-09-02 00:15:00,16277.557833714685
2025-09-02 00:30:00,16277.557833714685
2025-09-02 00:45:00,16277.557833714685
2025-09-02 01:00:00,16277.557833714685
2025-09-02 01:15:00,16277.557833714685
2025-09-02 01:30:00,16277.557833714685
2025-09-02 01:45:00,16277.557833714685
2025-09-02 02:00:00,16277.557833714685
2025-09-02 02:15:00,16277.557833714685
2025-09-02 02:30:00,16277.557833714685
2025-09-02 02:45:00,16277.557833714685
2025-09-02 03:00:00,16277.557833714685
2025-09-02 03:15:00,16277.557833714685
2025-09-02 03:30:00,16277.557833714685
2025-09-02 03:45:00,16277.557833714685
2025-09-02 04:00:00,16277.557833714685
2025-09-02 04:15:00,16277.557833714685
2025-09-02 04:30:00,16277.557833714685
2025-09-02 04:45:00,16277.557833714685
2025-09-02 05:00:00,16277.557833714685
2025-09-02 05:15:00,16277.557833714685
2025-09-02 05:30:00,16277.557833714685
2025-09-02 05:45:00,16277.557833714685
2025-09-02 06:00:00,16277.557833714685
2025-09-02 06:15:00,16277.557833714685
2025-09-02 06:30:00,16277.557833714685
2025-09-02 06:45:00,16277.557833714685
2025-09-02 07:00:00,16277.557833714685
2025-09-02 07:15:00,16277.557833714685
2025-09-02 07:30:00,16277.557833714685
2025-09-02 07:45:00,16277.557833714685
2025-09-02 08:00:00,16277.557833714685
2025-09-02 08:15:00,16277.557833714685
2025-09-02 08:30:00,16277.557833714685
2025-09-02 08:45:00,16277.557833714685
2025-09-02 09:00:00,16277.557833714685
2025-09-02 09:15:00,16277.557833714685
2025-09-02 09:30:00,16277.557833714685
2025-09-02 09:45:00,16277.557833714685
2025-09-02 10:00:00,16277.557833714685
2025-09-02 10:15:00,16277.557833714685
2025-09-02 10:30:00,16277.557833714685
2025-09-02 10:45:00,16277.557833714685
2025-09-02 11:00:00,16277.557833714685
2025-09-02 11:15:00,16277.557833714685
2025-09-02 11:30:00,16277.557833714685
2025-09-02 11:45:00,16277.557833714685
2025-09-02 12:00:00,16277.557833714685
2025-09-02 12:15:00,16277.557833714685
2025-09-02 12:30:00,16277.557833714685
2025-09-02 12:45:00,16277.557833714685
2025-09-02 13:00:00,16277.557833714685
2025-09-02 13:15:00,16277.557833714685
2025-09-02 13:30:00,16277.557833714685
2025-09-02 13:45:00,16277.557833714685
2025-09-02 14:00:00,16277.557833714685
2025-09-02 14:15:00,16277.557833714685
2025-09-02 14:30:00,16277.557833714685
2025-09-02 14:45:00,16277.557833714685
2025-09-02 15:00:00,16277.557833714685
2025-09-02 15:15:00,16277.557833714685
2025-09-02 15:30:00,16277.557833714685
2025-09-02 15:45:00,16277.557833714685
2025-09-02 16:00:00,16277.557833714685
2025-09-02 16:15:00,16277.557833714685
2025-09-02 16:30:00,16277.557833714685
2025-09-02 16:45:00,16277.557833714685
2025-09-02 17:00:00,16277.557833714685
2025-09-02 17:15:00,16277.557833714685
2025-09-02 17:30:00,16277.557833714685
2025-09-02 17:45:00,16277.557833714685
2025-09-02 18:00:00,16277.557833714685
2025-09-02 18:15:00,16277.557833714685
2025-09-02 18:30:00,16277.557833714685
2025-09-02 18:45:00,16277.557833714685
2025-09-02 19:00:00,16277.557833714685
2025-09-02 19:15:00,16277.557833714685
2025-09-02 19:30:00,16277.557833714685
2025-09-02 19:45:00,16277.557833714685
2025-09-02 20:00:00,16277.557833714685
2025-09-02 20:15:00,16277.557833714685
2025-09-02 20:30:00,16277.557833714685
2025-09-02 20:45:00,16277.557833714685
2025-09-02 21:00:00,16277.557833714685
2025-09-02 21:15:00,16277.557833714685
2025-09-02 21:30:00,16277.557833714685
2025-09-02 21:45:00,16277.557833714685
2025-09-02 22:00:00,16277.557833714685
2025-09-02 22:15:00,16277.557833714685
2025-09-02 22:30:00,16277.557833714685
2025-09-02 22:45:00,16277.557833714685
2025-09-02 23:00:00,16277.557833714685
2025-09-02 23:15:00,16277.557833714685
2025-09-02 23:30:00,16277.557833714685
2025-09-02 23:45:00,16277.557833714685
2025-09-03 00:00:00,16277.557833714685
2025-09-03 00:15:00,16277.557833714685
2025-09-03 00:30:00,16277.557833714685
2025-09-03 00:45:00,16277.557833714685
2025-09-03 01:00:00,16277.557833714685
2025-09-03 01:15:00,16277.557833714685
2025-09-03 01:30:00,16277.557833714685
2025-09-03 01:45:00,16277.557833714685
2025-09-03 02:00:00,16277.557833714685
2025-09-03 02:15:00,16277.557833714685
2025-09-03 02:30:00,16277.557833714685
2025-09-03 02:45:00,16277.557833714685
2025-09-03 03:00:00,16277.557833714685
2025-09-03 03:15:00,16277.557833714685
2025-09-03 03:30:00,16277.557833714685
2025-09-03 03:45:00,16277.557833714685
2025-09-03 04:00:00,16277.557833714685
2025-09-03 04:15:00,16277.557833714685
2025-09-03 04:30:00,16277.557833714685
2025-09-03 04:45:00,16277.557833714685
2025-09-03 05:00:00,16277.557833714685
2025-09-03 05:15:00,16277.557833714685
2025-09-03 05:30:00,16277.557833714685
2025-09-03 05:45:00,16277.557833714685
2025-09-03 06:00:00,16277.557833714685
2025-09-03 06:15:00,16277.557833714685
2025-09-03 06:30:00,16277.557833714685
2025-09-03 06:45:00,16277.557833714685
2025-09-03 07:00:00,16277.557833714685
2025-09-03 07:15:00,16277.557833714685
2025-09-03 07:30:00,16277.557833714685
2025-09-03 07:45:00,16277.557833714685
2025-09-03 08:00:00,16277.557833714685
2025-09-03 08:15:00,16277.557833714685
2025-09-03 08:30:00,16277.557833714685
2025-09-03 08:45:00,16277.557833714685
2025-09-03 09:00:00,16277.557833714685
2025-09-03 09:15:00,16277.557833714685
2025-09-03 09:30:00,16277.557833714685
2025-09-03 09:45:00,16277.557833714685
2025-09-03 10:00:00,16277.557833714685
2025-09-03 10:15:00,16277.557833714685
2025-09-03 10:30:00,16277.557833714685
2025-09-03 10:45:00,16277.557833714685
2025-09-03 11:00:00,16277.557833714685
2025-09-03 11:15:00,16277.557833714685
2025-09-03 11:30:00,16277.557833714685
2025-09-03 11:45:00,16277.557833714685
2025-09-03 12:00:00,16277.557833714685
2025-09-03 12:15:00,16277.557833714685
2025-09-03 12:30:00,16277.557833714685
2025-09-03 12:45:00,16277.557833714685
2025-09-03 13:00:00,16277.557833714685
2025-09-03 13:15:00,16277.557833714685
2025-09-03 13:30:00,16277.557833714685
2025-09-03 13:45:00,16277.557833714685
2025-09-03 14:00:00,16277.557833714685
2025-09-03 14:15:00,16277.557833714685
2025-09-03 14:30:00,16277.557833714685
2025-09-03 14:45:00,16277.557833714685
2025-09-03 15:00:00,16277.557833714685
2025-09-03 15:15:00,16277.557833714685
2025-09-03 15:30:00,16277.557833714685
2025-09-03 15:45:00,16277.557833714685
2025-09-03 16:00:00,16277.557833714685
2025-09-03 16:15:00,16277.557833714685
2025-09-03 16:30:00,16277.557833714685
2025-09-03 16:45:00,16277.557833714685
2025-09-03 17:00:00,16277.557833714685
2025-09-03 17:15:00,16277.557833714685
2025-09-03 17:30:00,16277.557833714685
2025-09-03 17:45:00,16277.557833714685
2025-09-03 18:00:00,16277.557833714685
2025-09-03 18:15:00,16277.557833714685
2025-09-03 18:30:00,16277.557833714685
2025-09-03 18:45:00,16277.557833714685
2025-09-03 19:00:00,16277.557833714685
2025-09-03 19:15:00,16277.557833714685
2025-09-03 19:30:00,16277.557833714685
2025-09-03 19:45:00,16277.557833714685
2025-09-03 20:00:00,16277.557833714685
2025-09-03 20:15:00,16277.557833714685
2025-09-03 20:30:00,16277.557833714685
2025-09-03 20:45:00,16277.557833714685
2025-09-03 21:00:00,16277.557833714685
2025-09-03 21:15:00,16277.557833714685
2025-09-03 21:30:00,16277.557833714685
2025-09-03 21:45:00,16277.557833714685
2025-09-03 22:00:00,16277.557833714685
2025-09-03 22:15:00,16277.557833714685
2025-09-03 22:30:00,16277.557833714685
2025-09-03 22:45:00,16277.557833714685
2025-09-03 23:00:00,16277.557833714685
2025-09-03 23:15:00,16277.557833714685
2025-09-03 23:30:00,16277.557833714685
2025-09-03 23:45:00,16277.557833714685
2025-09-04 00:00:00,16277.557833714685
2025-09-04 00:15:00,16277.557833714685
2025-09-04 00:30:00,16277.557833714685
2025-09-04 00:45:00,16277.557833714685
2025-09-04 01:00:00,16277.557833714685
2025-09-04 01:15:00,16277.557833714685
2025-09-04 01:30:00,16277.557833714685
2025-09-04 01:45:00,16277.557833714685
2025-09-04 02:00:00,16277.557833714685
2025-09-04 02:15:00,16277.557833714685
2025-09-04 02:30:00,16277.557833714685
2025-09-04 02:45:00,16277.557833714685
2025-09-04 03:00:00,16277.557833714685
2025-09-04 03:15:00,16277.557833714685
2025-09-04 03:30:00,16277.557833714685
2025-09-04 03:45:00,16277.557833714685
2025-09-04 04:00:00,16277.557833714685
2025-09-04 04:15:00,16277.557833714685
2025-09-04 04:30:00,16277.557833714685
2025-09-04 04:45:00,16277.557833714685
2025-09-04 05:00:00,16277.557833714685
2025-09-04 05:15:00,16277.557833714685
2025-09-04 05:30:00,16277.557833714685
2025-09-04 05:45:00,16277.557833714685
2025-09-04 06:00:00,16277.557833714685
2025-09-04 06:15:00,16277.557833714685
2025-09-04 06:30:00,16277.557833714685
2025-09-04 06:45:00,16277.557833714685
2025-09-04 07:00:00,16277.557833714685
2025-09-04 07:15:00,16277.557833714685
2025-09-04 07:30:00,16277.557833714685
2025-09-04 07:45:00,16277.557833714685
2025-09-04 08:00:00,16277.557833714685
2025-09-04 08:15:00,16277.557833714685
2025-09-04 08:30:00,16277.557833714685
2025-09-04 08:45:00,16277.557833714685
2025-09-04 09:00:00,16277.557833714685
2025-09-04 09:15:00,16277.557833714685
2025-09-04 09:30:00,16277.557833714685
2025-09-04 09:45:00,16277.557833714685
2025-09-04 10:00:00,16277.557833714685
2025-09-04 10:15:00,16277.557833714685
2025-09-04 10:30:00,16277.557833714685
2025-09-04 10:45:00,16277.557833714685
2025-09-04 11:00:00,16277.557833714685
2025-09-04 11:15:00,16277.557833714685
2025-09-04 11:30:00,16277.557833714685
2025-09-04 11:45:00,16277.557833714685
2025-09-04 12:00:00,16277.557833714685
2025-09-04 12:15:00,16277.557833714685
2025-09-04 12:30:00,16277.557833714685
2025-09-04 12:45:00,16277.557833714685
2025-09-04 13:00:00,16277.557833714685
2025-09-04 13:15:00,16277.557833714685
2025-09-04 13:30:00,16277.557833714685
2025-09-04 13:45:00,16277.557833714685
2025-09-04 14:00:00,16277.557833714685
2025-09-04 14:15:00,16277.557833714685
2025-09-04 14:30:00,16277.557833714685
2025-09-04 14:45:00,16277.557833714685
2025-09-04 15:00:00,16277.557833714685
2025-09-04 15:15:00,16277.557833714685
2025-09-04 15:30:00,16277.557833714685
2025-09-04 15:45:00,16277.557833714685
2025-09-04 16:00:00,16277.557833714685
2025-09-04 16:15:00,16277.557833714685
2025-09-04 16:30:00,16277.557833714685
2025-09-04 16:45:00,16277.557833714685
2025-09-04 17:00:00,16277.557833714685
2025-09-04 17:15:00,16277.557833714685
2025-09-04 17:30:00,16277.557833714685
2025-09-04 17:45:00,16277.557833714685
2025-09-04 18:00:00,16277.557833714685
2025-09-04 18:15:00,16277.557833714685
2025-09-04 18:30:00,16277.557833714685
2025-09-04 18:45:00,16277.557833714685
2025-09-04 19:00:00,16277.557833714685
2025-09-04 19:15:00,16277.557833714685
2025-09-04 19:30:00,16277.557833714685
2025-09-04 19:45:00,16277.557833714685
2025-09-04 20:00:00,16277.557833714685
2025-09-04 20:15:00,16277.557833714685
2025-09-04 20:30:00,16277.557833714685
2025-09-04 20:45:00,16277.557833714685
2025-09-04 21:00:00,16277.557833714685
2025-09-04 21:15:00,16277.557833714685
2025-09-04 21:30:00,16277.557833714685
2025-09-04 21:45:00,16277.557833714685
2025-09-04 22:00:00,16277.557833714685
2025-09-04 22:15:00,16277.557833714685
2025-09-04 22:30:00,16277.557833714685
2025-09-04 22:45:00,16277.557833714685
2025-09-04 23:00:00,16277.557833714685
2025-09-04 23:15:00,16277.557833714685
2025-09-04 23:30:00,16277.557833714685
2025-09-04 23:45:00,16277.557833714685
2025-09-05 00:00:00,16277.557833714685
2025-09-05 00:15:00,16277.557833714685
2025-09-05 00:30:00,16277.557833714685
2025-09-05 00:45:00,16277.557833714685
2025-09-05 01:00:00,16277.557833714685
2025-09-05 01:15:00,16277.557833714685
2025-09-05 01:30:00,16277.557833714685
2025-09-05 01:45:00,16277.557833714685
2025-09-05 02:00:00,16277.557833714685
2025-09-05 02:15:00,16277.557833714685
2025-09-05 02:30:00,16277.557833714685
2025-09-05 02:45:00,16277.557833714685
2025-09-05 03:00:00,16277.557833714685
2025-09-05 03:15:00,16277.557833714685
2025-09-05 03:30:00,16277.557833714685
2025-09-05 03:45:00,16277.557833714685
2025-09-05 04:00:00,16277.557833714685
2025-09-05 04:15:00,16277.557833714685
2025-09-05 04:30:00,16277.557833714685
2025-09-05 04:45:00,16277.557833714685
2025-09-05 05:00:00,16277.557833714685
2025-09-05 05:15:00,16277.557833714685
2025-09-05 05:30:00,16277.557833714685
2025-09-05 05:45:00,16277.557833714685
2025-09-05 06:00:00,16277.557833714685
2025-09-05 06:15:00,16277.557833714685
2025-09-05 06:30:00,16277.557833714685
2025-09-05 06:45:00,16277.557833714685
2025-09-05 07:00:00,16277.557833714685
2025-09-05 07:15:00,16277.557833714685
2025-09-05 07:30:00,16277.557833714685
2025-09-05 07:45:00,16277.557833714685
2025-09-05 08:00:00,16277.557833714685
2025-09-05 08:15:00,16277.557833714685
2025-09-05 08:30:00,16277.557833714685
2025-09-05 08:45:00,16277.557833714685
2025-09-05 09:00:00,16277.557833714685
2025-09-05 09:15:00,16277.557833714685
2025-09-05 09:30:00,16277.557833714685
2025-09-05 09:45:00,16277.557833714685
2025-09-05 10:00:00,16277.557833714685
2025-09-05 10:15:00,16277.557833714685
2025-09-05 10:30:00,16277.557833714685
2025-09-05 10:45:00,16277.557833714685
2025-09-05 11:00:00,16277.557833714685
2025-09-05 11:15:00,16277.557833714685
2025-09-05 11:30:00,16277.557833714685
2025-09-05 11:45:00,16277.557833714685
2025-09-05 12:00:00,16277.557833714685
2025-09-05 12:15:00,16277.557833714685
2025-09-05 12:30:00,16277.557833714685
2025-09-05 12:45:00,16277.557833714685
2025-09-05 13:00:00,16277.557833714685
2025-09-05 13:15:00,16277.557833714685
2025-09-05 13:30:00,16277.557833714685
2025-09-05 13:45:00,16277.557833714685
2025-09-05 14:00:00,16277.557833714685
2025-09-05 14:15:00,16277.557833714685
2025-09-05 14:30:00,16277.557833714685
2025-09-05 14:45:00,16277.557833714685
2025-09-05 15:00:00,16277.557833714685
2025-09-05 15:15:00,16277.557833714685
2025-09-05 15:30:00,16277.557833714685
2025-09-05 15:45:00,16277.557833714685
2025-09-05 16:00:00,16277.557833714685
2025-09-05 16:15:00,16277.557833714685
2025-09-05 16:30:00,16277.557833714685
2025-09-05 16:45:00,16277.557833714685
2025-09-05 17:00:00,16277.557833714685
2025-09-05 17:15:00,16277.557833714685
2025-09-05 17:30:00,16277.557833714685
2025-09-05 17:45:00,16277.557833714685
2025-09-05 18:00:00,16277.557833714685
2025-09-05 18:15:00,16277.557833714685
2025-09-05 18:30:00,16277.557833714685
2025-09-05 18:45:00,16277.557833714685
2025-09-05 19:00:00,16277.557833714685
2025-09-05 19:15:00,16277.557833714685
2025-09-05 19:30:00,16277.557833714685
2025-09-05 19:45:00,16277.557833714685
2025-09-05 20:00:00,16277.557833714685
2025-09-05 20:15:00,16277.557833714685
2025-09-05 20:30:00,16277.557833714685
2025-09-05 20:45:00,16277.557833714685
2025-09-05 21:00:00,16277.557833714685
2025-09-05 21:15:00,16277.557833714685
2025-09-05 21:30:00,16277.557833714685
2025-09-05 21:45:00,16277.557833714685
2025-09-05 22:00:00,16277.557833714685
2025-09-05 22:15:00,16277.557833714685
2025-09-05 22:30:00,16277.557833714685
2025-09-05 22:45:00,16277.557833714685
2025-09-05 23:00:00,16277.557833714685
2025-09-05 23:15:00,16277.557833714685
2025-09-05 23:30:00,16277.557833714685
2025-09-05 23:45:00,16277.557833714685
2025-09-08 00:00:00,16277.557833714685
2025-09-08 00:15:00,16277.557833714685
2025-09-08 00:30:00,16277.557833714685
2025-09-08 00:45:00,16277.557833714685
2025-09-08 01:00:00,16277.557833714685
2025-09-08 01:15:00,16277.557833714685
2025-09-08 01:30:00,16277.557833714685
2025-09-08 01:45:00,16277.557833714685
2025-09-08 02:00:00,16277.557833714685
2025-09-08 02:15:00,16277.557833714685
2025-09-08 02:30:00,16277.557833714685
2025-09-08 02:45:00,16277.557833714685
2025-09-08 03:00:00,16277.557833714685
2025-09-08 03:15:00,16277.557833714685
2025-09-08 03:30:00,16277.557833714685
2025-09-08 03:45:00,16277.557833714685
2025-09-08 04:00:00,16277.557833714685
2025-09-08 04:15:00,16277.557833714685
2025-09-08 04:30:00,16277.557833714685
2025-09-08 04:45:00,16277.557833714685
2025-09-08 05:00:00,16277.557833714685
2025-09-08 05:15:00,16277.557833714685
2025-09-08 05:30:00,16277.557833714685
2025-09-08 05:45:00,16277.557833714685
2025-09-08 06:00:00,16277.557833714685
2025-09-08 06:15:00,16277.557833714685
2025-09-08 06:30:00,16277.557833714685
2025-09-08 06:45:00,16277.557833714685
2025-09-08 07:00:00,16277.557833714685
2025-09-08 07:15:00,16277.557833714685
2025-09-08 07:30:00,16277.557833714685
2025-09-08 07:45:00,16277.557833714685
2025-09-08 08:00:00,16277.557833714685
2025-09-08 08:15:00,16277.557833714685
2025-09-08 08:30:00,16277.557833714685
2025-09-08 08:45:00,16277.557833714685
2025-09-08 09:00:00,16277.557833714685
2025-09-08 09:15:00,16277.557833714685
2025-09-08 09:30:00,16277.557833714685
2025-09-08 09:45:00,16277.557833714685
2025-09-08 10:00:00,16277.557833714685
2025-09-08 10:15:00,16277.557833714685
2025-09-08 10:30:00,16277.557833714685
2025-09-08 10:45:00,16277.557833714685
2025-09-08 11:00:00,16277.557833714685
2025-09-08 11:15:00,16277.557833714685
2025-09-08 11:30:00,16277.557833714685
2025-09-08 11:45:00,16277.557833714685
2025-09-08 12:00:00,16277.557833714685
2025-09-08 12:15:00,16277.557833714685
2025-09-08 12:30:00,16277.557833714685
2025-09-08 12:45:00,16277.557833714685
2025-09-08 13:00:00,16277.557833714685
2025-09-08 13:15:00,16277.557833714685
2025-09-08 13:30:00,16277.557833714685
2025-09-08 13:45:00,16277.557833714685
2025-09-08 14:00:00,16277.557833714685
2025-09-08 14:15:00,16277.557833714685
2025-09-08 14:30:00,16277.557833714685
2025-09-08 14:45:00,16277.557833714685
2025-09-08 15:00:00,16277.557833714685
2025-09-08 15:15:00,16277.557833714685
2025-09-08 15:30:00,16277.557833714685
2025-09-08 15:45:00,16277.557833714685
2025-09-08 16:00:00,16277.557833714685
2025-09-08 16:15:00,16277.557833714685
2025-09-08 16:30:00,16277.557833714685
2025-09-08 16:45:00,16277.557833714685
2025-09-08 17:00:00,16277.557833714685
2025-09-08 17:15:00,16277.557833714685
2025-09-08 17:30:00,16277.557833714685
2025-09-08 17:45:00,16277.557833714685
2025-09-08 18:00:00,16277.557833714685
2025-09-08 18:15:00,16277.557833714685
2025-09-08 18:30:00,16277.557833714685
2025-09-08 18:45:00,16277.557833714685
2025-09-08 19:00:00,16277.557833714685
2025-09-08 19:15:00,16277.557833714685
2025-09-08 19:30:00,16277.557833714685
2025-09-08 19:45:00,16277.557833714685
2025-09-08 20:00:00,16277.557833714685
2025-09-08 20:15:00,16277.557833714685
2025-09-08 20:30:00,16277.557833714685
2025-09-08 20:45:00,16277.557833714685
2025-09-08 21:00:00,16277.557833714685
2025-09-08 21:15:00,16277.557833714685
2025-09-08 21:30:00,16277.557833714685
2025-09-08 21:45:00,16277.557833714685
2025-09-08 22:00:00,16277.557833714685
2025-09-08 22:15:00,16277.557833714685
2025-09-08 22:30:00,16277.557833714685
2025-09-08 22:45:00,16277.557833714685
2025-09-08 23:00:00,16277.557833714685
2025-09-08 23:15:00,16277.557833714685
2025-09-08 23:30:00,16277.557833714685
2025-09-08 23:45:00,16277.557833714685
2025-09-09 00:00:00,16277.557833714685
2025-09-09 00:15:00,16277.557833714685
2025-09-09 00:30:00,16277.557833714685
2025-09-09 00:45:00,16277.557833714685
2025-09-09 01:00:00,16277.557833714685
2025-09-09 01:15:00,16277.557833714685
2025-09-09 01:30:00,16277.557833714685
2025-09-09 01:45:00,16277.557833714685
2025-09-09 02:00:00,16277.557833714685
2025-09-09 02:15:00,16277.557833714685
2025-09-09 02:30:00,16277.557833714685
2025-09-09 02:45:00,16277.557833714685
2025-09-09 03:00:00,16277.557833714685
2025-09-09 03:15:00,16277.557833714685
2025-09-09 03:30:00,16277.557833714685
2025-09-09 03:45:00,16277.557833714685
2025-09-09 04:00:00,16277.557833714685
2025-09-09 04:15:00,16277.557833714685
2025-09-09 04:30:00,16277.557833714685
2025-09-09 04:45:00,16277.557833714685
2025-09-09 05:00:00,16277.557833714685
2025-09-09 05:15:00,16277.557833714685
2025-09-09 05:30:00,16277.557833714685
2025-09-09 05:45:00,16277.557833714685
2025-09-09 06:00:00,16277.557833714685
2025-09-09 06:15:00,16277.557833714685
2025-09-09 06:30:00,16277.557833714685
2025-09-09 06:45:00,16277.557833714685
2025-09-09 07:00:00,16277.557833714685
2025-09-09 07:15:00,16277.557833714685
2025-09-09 07:30:00,16277.557833714685
2025-09-09 07:45:00,16277.557833714685
2025-09-09 08:00:00,16277.557833714685
2025-09-09 08:15:00,16277.557833714685
2025-09-09 08:30:00,16277.557833714685
2025-09-09 08:45:00,16277.557833714685
2025-09-09 09:00:00,16277.557833714685
2025-09-09 09:15:00,16277.557833714685
2025-09-09 09:30:00,16277.557833714685
2025-09-09 09:45:00,16277.557833714685
2025-09-09 10:00:00,16277.557833714685
2025-09-09 10:15:00,16277.557833714685
2025-09-09 10:30:00,16277.557833714685
2025-09-09 10:45:00,16277.557833714685
2025-09-09 11:00:00,16277.557833714685
2025-09-09 11:15:00,16277.557833714685
2025-09-09 11:30:00,16277.557833714685
2025-09-09 11:45:00,16277.557833714685
2025-09-09 12:00:00,16277.557833714685
2025-09-09 12:15:00,16277.557833714685
2025-09-09 12:30:00,16277.557833714685
2025-09-09 12:45:00,16277.557833714685
2025-09-09 13:00:00,16277.557833714685
2025-09-09 13:15:00,16277.557833714685
2025-09-09 13:30:00,16277.557833714685
2025-09-09 13:45:00,16277.557833714685
2025-09-09 14:00:00,16277.557833714685
2025-09-09 14:15:00,16277.557833714685
2025-09-09 14:30:00,16277.557833714685
2025-09-09 14:45:00,16277.557833714685
2025-09-09 15:00:00,16277.557833714685
2025-09-09 15:15:00,16277.557833714685
2025-09-09 15:30:00,16277.557833714685
2025-09-09 15:45:00,16277.557833714685
2025-09-09 16:00:00,16277.557833714685
2025-09-09 16:15:00,16277.557833714685
2025-09-09 16:30:00,16277.557833714685
2025-09-09 16:45:00,16277.557833714685
2025-09-09 17:00:00,16277.557833714685
2025-09-09 17:15:00,16277.557833714685
2025-09-09 17:30:00,16277.557833714685
2025-09-09 17:45:00,16277.557833714685
2025-09-09 18:00:00,16277.557833714685
2025-09-09 18:15:00,16277.557833714685
2025-09-09 18:30:00,16277.557833714685
2025-09-09 18:45:00,16277.557833714685
2025-09-09 19:00:00,16277.557833714685
2025-09-09 19:15:00,16277.557833714685
2025-09-09 19:30:00,16277.557833714685
2025-09-09 19:45:00,16277.557833714685
2025-09-09 20:00:00,16277.557833714685
2025-09-09 20:15:00,16277.557833714685
2025-09-09 20:30:00,16277.557833714685
2025-09-09 20:45:00,16277.557833714685
2025-09-09 21:00:00,16277.557833714685
2025-09-09 21:15:00,16277.557833714685
2025-09-09 21:30:00,16277.557833714685
2025-09-09 21:45:00,16277.557833714685
2025-09-09 22:00:00,16277.557833714685
2025-09-09 22:15:00,16277.557833714685
2025-09-09 22:30:00,16277.557833714685
2025-09-09 22:45:00,16277.557833714685
2025-09-09 23:00:00,16277.557833714685
2025-09-09 23:15:00,16277.557833714685
2025-09-09 23:30:00,16277.557833714685
2025-09-09 23:45:00,16277.557833714685
2025-09-10 00:00:00,16277.557833714685
2025-09-10 00:15:00,16277.557833714685
2025-09-10 00:30:00,16277.557833714685
2025-09-10 00:45:00,16277.557833714685
2025-09-10 01:00:00,16277.557833714685
2025-09-10 01:15:00,16277.557833714685
2025-09-10 01:30:00,16277.557833714685
2025-09-10 01:45:00,16277.557833714685
2025-09-10 02:00:00,16277.557833714685
2025-09-10 02:15:00,16277.557833714685
2025-09-10 02:30:00,16277.557833714685
2025-09-10 02:45:00,16277.557833714685
2025-09-10 03:00:00,16277.557833714685
2025-09-10 03:15:00,16277.557833714685
2025-09-10 03:30:00,16277.557833714685
2025-09-10 03:45:00,16277.557833714685
2025-09-10 04:00:00,16277.557833714685
2025-09-10 04:15:00,16277.557833714685
2025-09-10 04:30:00,16277.557833714685
2025-09-10 04:45:00,16277.557833714685
2025-09-10 05:00:00,16277.557833714685
2025-09-10 05:15:00,16277.557833714685
2025-09-10 05:30:00,16277.557833714685
2025-09-10 05:45:00,16277.557833714685
2025-09-10 06:00:00,16277.557833714685
2025-09-10 06:15:00,16277.557833714685
2025-09-10 06:30:00,16277.557833714685
2025-09-10 06:45:00,16277.557833714685
2025-09-10 07:00:00,16277.557833714685
2025-09-10 07:15:00,16277.557833714685
2025-09-10 07:30:00,16277.557833714685
2025-09-10 07:45:00,16277.557833714685
2025-09-10 08:00:00,16277.557833714685
2025-09-10 08:15:00,16277.557833714685
2025-09-10 08:30:00,16277.557833714685
2025-09-10 08:45:00,16277.557833714685
2025-09-10 09:00:00,16277.557833714685
2025-09-10 09:15:00,16277.557833714685
2025-09-10 09:30:00,16277.557833714685
2025-09-10 09:45:00,16277.557833714685
2025-09-10 10:00:00,16277.557833714685
2025-09-10 10:15:00,16277.557833714685
2025-09-10 10:30:00,16277.557833714685
2025-09-10 10:45:00,16277.557833714685
2025-09-10 11:00:00,16277.557833714685
2025-09-10 11:15:00,16277.557833714685
2025-09-10 11:30:00,16277.557833714685
2025-09-10 11:45:00,16277.557833714685
2025-09-10 12:00:00,16277.557833714685
2025-09-10 12:15:00,16277.557833714685
2025-09-10 12:30:00,16277.557833714685
2025-09-10 12:45:00,16277.557833714685
2025-09-10 13:00:00,16277.557833714685
2025-09-10 13:15:00,16277.557833714685
2025-09-10 13:30:00,16277.557833714685
2025-09-10 13:45:00,16277.557833714685
2025-09-10 14:00:00,16277.557833714685
2025-09-10 14:15:00,16277.557833714685
2025-09-10 14:30:00,16277.557833714685
2025-09-10 14:45:00,16277.557833714685
2025-09-10 15:00:00,16277.557833714685
2025-09-10 15:15:00,16277.557833714685
2025-09-10 15:30:00,16277.557833714685
2025-09-10 15:45:00,16277.557833714685
2025-09-10 16:00:00,16277.557833714685
2025-09-10 16:15:00,16277.557833714685
2025-09-10 16:30:00,16277.557833714685
2025-09-10 16:45:00,16277.557833714685
2025-09-10 17:00:00,16277.557833714685
2025-09-10 17:15:00,16277.557833714685
2025-09-10 17:30:00,16277.557833714685
2025-09-10 17:45:00,16277.557833714685
2025-09-10 18:00:00,16277.557833714685
2025-09-10 18:15:00,16277.557833714685
2025-09-10 18:30:00,16277.557833714685
2025-09-10 18:45:00,16277.557833714685
2025-09-10 19:00:00,16277.557833714685
2025-09-10 19:15:00,16277.557833714685
2025-09-10 19:30:00,16277.557833714685
2025-09-10 19:45:00,16277.557833714685
2025-09-10 20:00:00,16277.557833714685
2025-09-10 20:15:00,16277.557833714685
2025-09-10 20:30:00,16277.557833714685
2025-09-10 20:45:00,16277.557833714685
2025-09-10 21:00:00,16277.557833714685
2025-09-10 21:15:00,16277.557833714685
2025-09-10 21:30:00,16277.557833714685
2025-09-10 21:45:00,16277.557833714685
2025-09-10 22:00:00,16277.557833714685
2025-09-10 22:15:00,16277.557833714685
2025-09-10 22:30:00,16277.557833714685
2025-09-10 22:45:00,16277.557833714685
2025-09-10 23:00:00,16277.557833714685
2025-09-10 23:15:00,16277.557833714685
2025-09-10 23:30:00,16277.557833714685
2025-09-10 23:45:00,16277.557833714685
2025-09-11 00:00:00,16277.557833714685
2025-09-11 00:15:00,16277.557833714685
2025-09-11 00:30:00,16277.557833714685
2025-09-11 00:45:00,16277.557833714685
2025-09-11 01:00:00,16277.557833714685
2025-09-11 01:15:00,16277.557833714685
2025-09-11 01:30:00,16277.557833714685
2025-09-11 01:45:00,16277.557833714685
2025-09-11 02:00:00,16277.557833714685
2025-09-11 02:15:00,16277.557833714685
2025-09-11 02:30:00,16277.557833714685
2025-09-11 02:45:00,16277.557833714685
2025-09-11 03:00:00,16277.557833714685
2025-09-11 03:15:00,16277.557833714685
2025-09-11 03:30:00,16277.557833714685
2025-09-11 03:45:00,16277.557833714685
2025-09-11 04:00:00,16277.557833714685
2025-09-11 04:15:00,16277.557833714685
2025-09-11 04:30:00,16277.557833714685
2025-09-11 04:45:00,16277.557833714685
2025-09-11 05:00:00,16277.557833714685
2025-09-11 05:15:00,16277.557833714685
2025-09-11 05:30:00,16277.557833714685
2025-09-11 05:45:00,16277.557833714685
2025-09-11 06:00:00,16277.557833714685
2025-09-11 06:15:00,16277.557833714685
2025-09-11 06:30:00,16277.557833714685
2025-09-11 06:45:00,16277.557833714685
2025-09-11 07:00:00,16277.557833714685
2025-09-11 07:15:00,16277.557833714685
2025-09-11 07:30:00,16277.557833714685
2025-09-11 07:45:00,16277.557833714685
2025-09-11 08:00:00,16277.557833714685
2025-09-11 08:15:00,16277.557833714685
2025-09-11 08:30:00,16277.557833714685
2025-09-11 08:45:00,16277.557833714685
2025-09-11 09:00:00,16277.557833714685
2025-09-11 09:15:00,16277.557833714685
2025-09-11 09:30:00,16277.557833714685
2025-09-11 09:45:00,16277.557833714685
2025-09-11 10:00:00,16277.557833714685
2025-09-11 10:15:00,16277.557833714685
2025-09-11 10:30:00,16277.557833714685
2025-09-11 10:45:00,16277.557833714685
2025-09-11 11:00:00,16277.557833714685
2025-09-11 11:15:00,16277.557833714685
2025-09-11 11:30:00,16277.557833714685
2025-09-11 11:45:00,16277.557833714685
2025-09-11 12:00:00,16277.557833714685
2025-09-11 12:15:00,16277.557833714685
2025-09-11 12:30:00,16277.557833714685
2025-09-11 12:45:00,16277.557833714685
2025-09-11 13:00:00,16277.557833714685
2025-09-11 13:15:00,16277.557833714685
2025-09-11 13:30:00,16277.557833714685
2025-09-11 13:45:00,16277.557833714685
2025-09-11 14:00:00,16277.557833714685
2025-09-11 14:15:00,16277.557833714685
2025-09-11 14:30:00,16277.557833714685
2025-09-11 14:45:00,16277.557833714685
2025-09-11 15:00:00,16277.557833714685
2025-09-11 15:15:00,16277.557833714685
2025-09-11 15:30:00,16277.557833714685
2025-09-11 15:45:00,16277.557833714685
2025-09-11 16:00:00,16277.557833714685
2025-09-11 16:15:00,16277.557833714685
2025-09-11 16:30:00,16277.557833714685
2025-09-11 16:45:00,16277.557833714685
2025-09-11 17:00:00,16277.557833714685
2025-09-11 17:15:00,16277.557833714685
2025-09-11 17:30:00,16277.557833714685
2025-09-11 17:45:00,16277.557833714685
2025-09-11 18:00:00,16277.557833714685
2025-09-11 18:15:00,16277.557833714685
2025-09-11 18:30:00,16277.557833714685
2025-09-11 18:45:00,16277.557833714685
2025-09-11 19:00:00,16277.557833714685
2025-09-11 19:15:00,16277.557833714685
2025-09-11 19:30:00,16277.557833714685
2025-09-11 19:45:00,16277.557833714685
2025-09-11 20:00:00,16277.557833714685
2025-09-11 20:15:00,16277.557833714685
2025-09-11 20:30:00,16277.557833714685
2025-09-11 20:45:00,16277.557833714685
2025-09-11 21:00:00,16277.557833714685
2025-09-11 21:15:00,16277.557833714685
2025-09-11 21:30:00,16277.557833714685
2025-09-11 21:45:00,16277.557833714685
2025-09-11 22:00:00,16277.557833714685
2025-09-11 22:15:00,16277.557833714685
2025-09-11 22:30:00,16277.557833714685
2025-09-11 22:45:00,16277.557833714685
2025-09-11 23:00:00,16277.557833714685
2025-09-11 23:15:00,16277.557833714685
2025-09-11 23:30:00,16277.557833714685
2025-09-11 23:45:00,16277.557833714685
2025-09-12 00:00:00,16277.557833714685
2025-09-12 00:15:00,16277.557833714685
2025-09-12 00:30:00,16277.557833714685
2025-09-12 00:45:00,16277.557833714685
2025-09-12 01:00:00,16277.557833714685
2025-09-12 01:15:00,16277.557833714685
2025-09-12 01:30:00,16277.557833714685
2025-09-12 01:45:00,16277.557833714685
2025-09-12 02:00:00,16277.557833714685
2025-09-12 02:15:00,16277.557833714685
2025-09-12 02:30:00,16277.557833714685
2025-09-12 02:45:00,16277.557833714685
2025-09-12 03:00:00,16277.557833714685
2025-09-12 03:15:00,16277.557833714685
2025-09-12 03:30:00,16277.557833714685
2025-09-12 03:45:00,16277.557833714685
2025-09-12 04:00:00,16277.557833714685
2025-09-12 04:15:00,16277.557833714685
2025-09-12 04:30:00,16277.557833714685
2025-09-12 04:45:00,16277.557833714685
2025-09-12 05:00:00,16277.557833714685
2025-09-12 05:15:00,16277.557833714685
2025-09-12 05:30:00,16277.557833714685
2025-09-12 05:45:00,16277.557833714685
2025-09-12 06:00:00,16277.557833714685
2025-09-12 06:15:00,16277.557833714685
2025-09-12 06:30:00,16277.557833714685
2025-09-12 06:45:00,16277.557833714685
2025-09-12 07:00:00,16277.557833714685
2025-09-12 07:15:00,16277.557833714685
2025-09-12 07:30:00,16277.557833714685
2025-09-12 07:45:00,16277.557833714685
2025-09-12 08:00:00,16277.557833714685
2025-09-12 08:15:00,16277.557833714685
2025-09-12 08:30:00,16277.557833714685
2025-09-12 08:45:00,16277.557833714685
2025-09-12 09:00:00,16277.557833714685
2025-09-12 09:15:00,16277.557833714685
2025-09-12 09:30:00,16277.557833714685
2025-09-12 09:45:00,16277.557833714685
2025-09-12 10:00:00,16277.557833714685
2025-09-12 10:15:00,16277.557833714685
2025-09-12 10:30:00,16277.557833714685
2025-09-12 10:45:00,16277.557833714685
2025-09-12 11:00:00,16277.557833714685
2025-09-12 11:15:00,16277.557833714685
2025-09-12 11:30:00,16277.557833714685
2025-09-12 11:45:00,16277.557833714685
2025-09-12 12:00:00,16277.557833714685
2025-09-12 12:15:00,16277.557833714685
2025-09-12 12:30:00,16277.557833714685
2025-09-12 12:45:00,16277.557833714685
2025-09-12 13:00:00,16277.557833714685
2025-09-12 13:15:00,16277.557833714685
2025-09-12 13:30:00,16277.557833714685
2025-09-12 13:45:00,16277.557833714685
2025-09-12 14:00:00,16277.557833714685
2025-09-12 14:15:00,16277.557833714685
2025-09-12 14:30:00,16277.557833714685
2025-09-12 14:45:00,16277.557833714685
2025-09-12 15:00:00,16277.557833714685
2025-09-12 15:15:00,16277.557833714685
2025-09-12 15:30:00,16277.557833714685
2025-09-12 15:45:00,16277.557833714685
2025-09-12 16:00:00,16277.557833714685
2025-09-12 16:15:00,16277.557833714685
2025-09-12 16:30:00,16277.557833714685
2025-09-12 16:45:00,16277.557833714685
2025-09-12 17:00:00,16277.557833714685
2025-09-12 17:15:00,16277.557833714685
2025-09-12 17:30:00,16277.557833714685
2025-09-12 17:45:00,16277.557833714685
2025-09-12 18:00:00,16277.557833714685
2025-09-12 18:15:00,16277.557833714685
2025-09-12 18:30:00,16277.557833714685
2025-09-12 18:45:00,16277.557833714685
2025-09-12 19:00:00,16277.557833714685
2025-09-12 19:15:00,16277.557833714685
2025-09-12 19:30:00,16277.557833714685
2025-09-12 19:45:00,16277.557833714685
2025-09-12 20:00:00,16277.557833714685
2025-09-12 20:15:00,16277.557833714685
2025-09-12 20:30:00,16277.557833714685
2025-09-12 20:45:00,16277.557833714685
2025-09-12 21:00:00,16277.557833714685
2025-09-12 21:15:00,16277.557833714685
2025-09-12 21:30:00,16277.557833714685
2025-09-12 21:45:00,16277.557833714685
2025-09-12 22:00:00,16277.557833714685
2025-09-12 22:15:00,16277.557833714685
2025-09-12 22:30:00,16277.557833714685
2025-09-12 22:45:00,16277.557833714685
2025-09-12 23:00:00,16277.557833714685
2025-09-12 23:15:00,16277.557833714685
2025-09-12 23:30:00,16277.557833714685
2025-09-12 23:45:00,16277.557833714685
2025-09-15 00:00:00,16277.557833714685
2025-09-15 00:15:00,16277.557833714685
2025-09-15 00:30:00,16277.557833714685
2025-09-15 00:45:00,16277.557833714685
2025-09-15 01:00:00,16277.557833714685
2025-09-15 01:15:00,16277.557833714685
2025-09-15 01:30:00,16277.557833714685
2025-09-15 01:45:00,16277.557833714685
2025-09-15 02:00:00,16277.557833714685
2025-09-15 02:15:00,16277.557833714685
2025-09-15 02:30:00,16277.557833714685
2025-09-15 02:45:00,16277.557833714685
2025-09-15 03:00:00,16277.557833714685
2025-09-15 03:15:00,16277.557833714685
2025-09-15 03:30:00,16277.557833714685
2025-09-15 03:45:00,16277.557833714685
2025-09-15 04:00:00,16277.557833714685
2025-09-15 04:15:00,16277.557833714685
2025-09-15 04:30:00,16277.557833714685
2025-09-15 04:45:00,16277.557833714685
2025-09-15 05:00:00,16277.557833714685
2025-09-15 05:15:00,16277.557833714685
2025-09-15 05:30:00,16277.557833714685
2025-09-15 05:45:00,16277.557833714685
2025-09-15 06:00:00,16277.557833714685
2025-09-15 06:15:00,16277.557833714685
2025-09-15 06:30:00,16277.557833714685
2025-09-15 06:45:00,16277.557833714685
2025-09-15 07:00:00,16277.557833714685
2025-09-15 07:15:00,16277.557833714685
2025-09-15 07:30:00,16277.557833714685
2025-09-15 07:45:00,16277.557833714685
2025-09-15 08:00:00,16277.557833714685
2025-09-15 08:15:00,16277.557833714685
2025-09-15 08:30:00,16277.557833714685
2025-09-15 08:45:00,16277.557833714685
2025-09-15 09:00:00,16277.557833714685
2025-09-15 09:15:00,16277.557833714685
2025-09-15 09:30:00,16277.557833714685
2025-09-15 09:45:00,16277.557833714685
2025-09-15 10:00:00,16277.557833714685
2025-09-15 10:15:00,16277.557833714685
2025-09-15 10:30:00,16277.557833714685
2025-09-15 10:45:00,16277.557833714685
2025-09-15 11:00:00,16277.557833714685
2025-09-15 11:15:00,16277.557833714685
2025-09-15 11:30:00,16277.557833714685
2025-09-15 11:45:00,16277.557833714685
2025-09-15 12:00:00,16277.557833714685
2025-09-15 12:15:00,16277.557833714685
2025-09-15 12:30:00,16277.557833714685
2025-09-15 12:45:00,16277.557833714685
2025-09-15 13:00:00,16277.557833714685
2025-09-15 13:15:00,16277.557833714685
2025-09-15 13:30:00,16277.557833714685
2025-09-15 13:45:00,16277.557833714685
2025-09-15 14:00:00,16277.557833714685
2025-09-15 14:15:00,16277.557833714685
2025-09-15 14:30:00,16277.557833714685
2025-09-15 14:45:00,16277.557833714685
2025-09-15 15:00:00,16277.557833714685
2025-09-15 15:15:00,16277.557833714685
2025-09-15 15:30:00,16277.557833714685
2025-09-15 15:45:00,16277.557833714685
2025-09-15 16:00:00,16277.557833714685
2025-09-15 16:15:00,16277.557833714685
2025-09-15 16:30:00,16277.557833714685
2025-09-15 16:45:00,16277.557833714685
2025-09-15 17:00:00,16277.557833714685
2025-09-15 17:15:00,16277.557833714685
2025-09-15 17:30:00,16277.557833714685
2025-09-15 17:45:00,16277.557833714685
2025-09-15 18:00:00,16277.557833714685
2025-09-15 18:15:00,16277.557833714685
2025-09-15 18:30:00,16277.557833714685
2025-09-15 18:45:00,16277.557833714685
2025-09-15 19:00:00,16277.557833714685
2025-09-15 19:15:00,16277.557833714685
2025-09-15 19:30:00,16277.557833714685
2025-09-15 19:45:00,16277.557833714685
2025-09-15 20:00:00,16277.557833714685
2025-09-15 20:15:00,16277.557833714685
2025-09-15 20:30:00,16277.557833714685
2025-09-15 20:45:00,16277.557833714685
2025-09-15 21:00:00,16277.557833714685
2025-09-15 21:15:00,16277.557833714685
2025-09-15 21:30:00,16277.557833714685
2025-09-15 21:45:00,16277.557833714685
2025-09-15 22:00:00,16277.557833714685
2025-09-15 22:15:00,16277.557833714685
2025-09-15 22:30:00,16277.557833714685
2025-09-15 22:45:00,16277.557833714685
2025-09-15 23:00:00,16277.557833714685
2025-09-15 23:15:00,16277.557833714685
2025-09-15 23:30:00,16277.557833714685
2025-09-15 23:45:00,16277.557833714685
2025-09-16 00:00:00,16277.557833714685
2025-09-16 00:15:00,16277.557833714685
2025-09-16 00:30:00,16277.557833714685
2025-09-16 00:45:00,16277.557833714685
2025-09-16 01:00:00,16277.557833714685
2025-09-16 01:15:00,16277.557833714685
2025-09-16 01:30:00,16277.557833714685
2025-09-16 01:45:00,16277.557833714685
2025-09-16 02:00:00,16277.557833714685
2025-09-16 02:15:00,16277.557833714685
2025-09-16 02:30:00,16277.557833714685
2025-09-16 02:45:00,16277.557833714685
2025-09-16 03:00:00,16277.557833714685
2025-09-16 03:15:00,16277.557833714685
2025-09-16 03:30:00,16277.557833714685
2025-09-16 03:45:00,16277.557833714685
2025-09-16 04:00:00,16277.557833714685
2025-09-16 04:15:00,16277.557833714685
2025-09-16 04:30:00,16277.557833714685
2025-09-16 04:45:00,16277.557833714685
2025-09-16 05:00:00,16277.557833714685
2025-09-16 05:15:00,16277.557833714685
2025-09-16 05:30:00,16277.557833714685
2025-09-16 05:45:00,16277.557833714685
2025-09-16 06:00:00,16277.557833714685
2025-09-16 06:15:00,16277.557833714685
2025-09-16 06:30:00,16277.557833714685
2025-09-16 06:45:00,16277.557833714685
2025-09-16 07:00:00,16277.557833714685
2025-09-16 07:15:00,16277.557833714685
2025-09-16 07:30:00,16277.557833714685
2025-09-16 07:45:00,16277.557833714685
2025-09-16 08:00:00,16277.557833714685
2025-09-16 08:15:00,16277.557833714685
2025-09-16 08:30:00,16277.557833714685
2025-09-16 08:45:00,16277.557833714685
2025-09-16 09:00:00,16277.557833714685
2025-09-16 09:15:00,16277.557833714685
2025-09-16 09:30:00,16277.557833714685
2025-09-16 09:45:00,16277.557833714685
2025-09-16 10:00:00,16277.557833714685
2025-09-16 10:15:00,16277.557833714685
2025-09-16 10:30:00,16277.557833714685
2025-09-16 10:45:00,16277.557833714685
2025-09-16 11:00:00,16277.557833714685
2025-09-16 11:15:00,16277.557833714685
2025-09-16 11:30:00,16277.557833714685
2025-09-16 11:45:00,16277.557833714685
2025-09-16 12:00:00,16277.557833714685
2025-09-16 12:15:00,16277.557833714685
2025-09-16 12:30:00,16277.557833714685
2025-09-16 12:45:00,16277.557833714685
2025-09-16 13:00:00,16277.557833714685
2025-09-16 13:15:00,16277.557833714685
2025-09-16 13:30:00,16277.557833714685
2025-09-16 13:45:00,16277.557833714685
2025-09-16 14:00:00,16277.557833714685
2025-09-16 14:15:00,16277.557833714685
2025-09-16 14:30:00,16277.557833714685
2025-09-16 14:45:00,16277.557833714685
2025-09-16 15:00:00,16277.557833714685
2025-09-16 15:15:00,16277.557833714685
2025-09-16 15:30:00,16277.557833714685
2025-09-16 15:45:00,16277.557833714685
2025-09-16 16:00:00,16277.557833714685
2025-09-16 16:15:00,16277.557833714685
2025-09-16 16:30:00,16277.557833714685
2025-09-16 16:45:00,16277.557833714685
2025-09-16 17:00:00,16277.557833714685
2025-09-16 17:15:00,16277.557833714685
2025-09-16 17:30:00,16277.557833714685
2025-09-16 17:45:00,16277.557833714685
2025-09-16 18:00:00,16277.557833714685
2025-09-16 18:15:00,16277.557833714685
2025-09-16 18:30:00,16277.557833714685
2025-09-16 18:45:00,16277.557833714685
2025-09-16 19:00:00,16277.557833714685
2025-09-16 19:15:00,16277.557833714685
2025-09-16 19:30:00,16277.557833714685
2025-09-16 19:45:00,16277.557833714685
2025-09-16 20:00:00,16277.557833714685
2025-09-16 20:15:00,16277.557833714685
2025-09-16 20:30:00,16277.557833714685
2025-09-16 20:45:00,16277.557833714685
2025-09-16 21:00:00,16277.557833714685
2025-09-16 21:15:00,16277.557833714685
2025-09-16 21:30:00,16277.557833714685
2025-09-16 21:45:00,16277.557833714685
2025-09-16 22:00:00,16277.557833714685
2025-09-16 22:15:00,16277.557833714685
2025-09-16 22:30:00,16277.557833714685
2025-09-16 22:45:00,16277.557833714685
2025-09-16 23:00:00,16277.557833714685
2025-09-16 23:15:00,16277.557833714685
2025-09-16 23:30:00,16277.557833714685
2025-09-16 23:45:00,16277.557833714685
2025-09-17 00:00:00,16277.557833714685
2025-09-17 00:15:00,16277.557833714685
2025-09-17 00:30:00,16277.557833714685
2025-09-17 00:45:00,16277.557833714685
2025-09-17 01:00:00,16277.557833714685
2025-09-17 01:15:00,16277.557833714685
2025-09-17 01:30:00,16277.557833714685
2025-09-17 01:45:00,16277.557833714685
2025-09-17 02:00:00,16277.557833714685
2025-09-17 02:15:00,16277.557833714685
2025-09-17 02:30:00,16277.557833714685
2025-09-17 02:45:00,16277.557833714685
2025-09-17 03:00:00,16277.557833714685
2025-09-17 03:15:00,16277.557833714685
2025-09-17 03:30:00,16277.557833714685
2025-09-17 03:45:00,16277.557833714685
2025-09-17 04:00:00,16277.557833714685
2025-09-17 04:15:00,16277.557833714685
2025-09-17 04:30:00,16277.557833714685
2025-09-17 04:45:00,16277.557833714685
2025-09-17 05:00:00,16277.557833714685
2025-09-17 05:15:00,16277.557833714685
2025-09-17 05:30:00,16277.557833714685
2025-09-17 05:45:00,16277.557833714685
2025-09-17 06:00:00,16277.557833714685
2025-09-17 06:15:00,16277.557833714685
2025-09-17 06:30:00,16277.557833714685
2025-09-17 06:45:00,16277.557833714685
2025-09-17 07:00:00,16277.557833714685
2025-09-17 07:15:00,16277.557833714685
2025-09-17 07:30:00,16277.557833714685
2025-09-17 07:45:00,16277.557833714685
2025-09-17 08:00:00,16277.557833714685
2025-09-17 08:15:00,16277.557833714685
2025-09-17 08:30:00,16277.557833714685
2025-09-17 08:45:00,16277.557833714685
2025-09-17 09:00:00,16277.557833714685
2025-09-17 09:15:00,16277.557833714685
2025-09-17 09:30:00,16277.557833714685
2025-09-17 09:45:00,16277.557833714685
2025-09-17 10:00:00,16277.557833714685
2025-09-17 10:15:00,16277.557833714685
2025-09-17 10:30:00,16277.557833714685
2025-09-17 10:45:00,16277.557833714685
2025-09-17 11:00:00,16277.557833714685
2025-09-17 11:15:00,16277.557833714685
2025-09-17 11:30:00,16277.557833714685
2025-09-17 11:45:00,16277.557833714685
2025-09-17 12:00:00,16277.557833714685
2025-09-17 12:15:00,16277.557833714685
2025-09-17 12:30:00,16277.557833714685
2025-09-17 12:45:00,16277.557833714685
2025-09-17 13:00:00,16277.557833714685
2025-09-17 13:15:00,16277.557833714685
2025-09-17 13:30:00,16277.557833714685
2025-09-17 13:45:00,16277.557833714685
2025-09-17 14:00:00,16277.557833714685
2025-09-17 14:15:00,16277.557833714685
2025-09-17 14:30:00,16277.557833714685
2025-09-17 14:45:00,16277.557833714685
2025-09-17 15:00:00,16277.557833714685
2025-09-17 15:15:00,16277.557833714685
2025-09-17 15:30:00,16277.557833714685
2025-09-17 15:45:00,16277.557833714685
2025-09-17 16:00:00,16277.557833714685
2025-09-17 16:15:00,16277.557833714685
2025-09-17 16:30:00,16277.557833714685
2025-09-17 16:45:00,16277.557833714685
2025-09-17 17:00:00,16277.557833714685
2025-09-17 17:15:00,16277.557833714685
2025-09-17 17:30:00,16277.557833714685
2025-09-17 17:45:00,16277.557833714685
2025-09-17 18:00:00,16277.557833714685
2025-09-17 18:15:00,16277.557833714685
2025-09-17 18:30:00,16277.557833714685
2025-09-17 18:45:00,16277.557833714685
2025-09-17 19:00:00,16277.557833714685
2025-09-17 19:15:00,16277.557833714685
2025-09-17 19:30:00,16277.557833714685
2025-09-17 19:45:00,16277.557833714685
2025-09-17 20:00:00,16277.557833714685
2025-09-17 20:15:00,16277.557833714685
2025-09-17 20:30:00,16277.557833714685
2025-09-17 20:45:00,16277.557833714685
2025-09-17 21:00:00,16277.557833714685
2025-09-17 21:15:00,16277.557833714685
2025-09-17 21:30:00,16277.557833714685
2025-09-17 21:45:00,16277.557833714685
2025-09-17 22:00:00,16277.557833714685
2025-09-17 22:15:00,16277.557833714685
2025-09-17 22:30:00,16277.557833714685
2025-09-17 22:45:00,16277.557833714685
2025-09-17 23:00:00,16277.557833714685
2025-09-17 23:15:00,16277.557833714685
2025-09-17 23:30:00,16277.557833714685
2025-09-17 23:45:00,16277.557833714685
2025-09-18 00:00:00,16277.557833714685
2025-09-18 00:15:00,16277.557833714685
2025-09-18 00:30:00,16277.557833714685
2025-09-18 00:45:00,16277.557833714685
2025-09-18 01:00:00,16277.557833714685
2025-09-18 01:15:00,16277.557833714685
2025-09-18 01:30:00,16277.557833714685
2025-09-18 01:45:00,16277.557833714685
2025-09-18 02:00:00,16277.557833714685
2025-09-18 02:15:00,16277.557833714685
2025-09-18 02:30:00,16277.557833714685
2025-09-18 02:45:00,16277.557833714685
2025-09-18 03:00:00,16277.557833714685
2025-09-18 03:15:00,16277.557833714685
2025-09-18 03:30:00,16277.557833714685
2025-09-18 03:45:00,16277.557833714685
2025-09-18 04:00:00,16277.557833714685
2025-09-18 04:15:00,16277.557833714685
2025-09-18 04:30:00,16277.557833714685
2025-09-18 04:45:00,16277.557833714685
2025-09-18 05:00:00,16277.557833714685
2025-09-18 05:15:00,16277.557833714685
2025-09-18 05:30:00,16277.557833714685
2025-09-18 05:45:00,16277.557833714685
2025-09-18 06:00:00,16277.557833714685
2025-09-18 06:15:00,16277.557833714685
2025-09-18 06:30:00,16277.557833714685
2025-09-18 06:45:00,16277.557833714685
2025-09-18 07:00:00,16277.557833714685
2025-09-18 07:15:00,16277.557833714685
2025-09-18 07:30:00,16277.557833714685
2025-09-18 07:45:00,16277.557833714685
2025-09-18 08:00:00,16277.557833714685
2025-09-18 08:15:00,16277.557833714685
2025-09-18 08:30:00,16277.557833714685
2025-09-18 08:45:00,16277.557833714685
