time,portfolio_equity
2026-01-28 09:00:00,100000.0
2026-01-28 09:15:00,100000.0
2026-01-28 09:30:00,100000.0
2026-01-28 09:45:00,100000.0
2026-01-28 10:00:00,100000.0
2026-01-28 10:15:00,100000.0
2026-01-28 10:30:00,100000.0
2026-01-28 10:45:00,100000.0
2026-01-28 11:00:00,100000.0
2026-01-28 11:15:00,100000.0
2026-01-28 11:30:00,100000.0
2026-01-28 11:45:00,100000.0
2026-01-28 12:00:00,100000.0
2026-01-28 12:15:00,100000.0
2026-01-28 12:30:00,100000.0
2026-01-28 12:45:00,100000.0
2026-01-28 13:00:00,100000.0
2026-01-28 13:15:00,100000.0
2026-01-28 13:30:00,100000.0
2026-01-28 13:45:00,100000.0
2026-01-28 14:00:00,100000.0
2026-01-28 14:15:00,100000.0
2026-01-28 14:30:00,100000.0
2026-01-28 14:45:00,100000.0
2026-01-28 15:00:00,100000.0
2026-01-28 15:15:00,100000.0
2026-01-28 15:30:00,100000.0
2026-01-28 15:45:00,99750.0
2026-01-28 16:00:00,99750.0
2026-01-28 16:15:00,99750.0
2026-01-28 16:30:00,99750.0
2026-01-28 16:45:00,99750.0
2026-01-28 17:00:00,99750.0
2026-01-28 17:15:00,99750.0
2026-01-28 17:30:00,99502.5
2026-01-28 17:45:00,99502.5
2026-01-28 18:00:00,99502.5
2026-01-28 18:15:00,99257.475
2026-01-28 18:30:00,99257.475
2026-01-28 18:45:00,99257.475
2026-01-28 19:00:00,99257.475
2026-01-28 19:15:00,99257.475
2026-01-28 19:30:00,99257.475
2026-01-28 19:45:00,99257.475
2026-01-28 20:00:00,99257.475
2026-01-28 20:15:00,99257.475
2026-01-28 20:30:00,99014.90025
2026-01-28 20:45:00,99014.90025
2026-01-28 21:00:00,99014.90025
2026-01-28 21:15:00,99014.90025
2026-01-28 21:30:00,98764.90025
2026-01-28 21:45:00,99507.40025000004
2026-01-28 22:00:00,99507.40025000004
2026-01-28 22:15:00,99507.40025000004
2026-01-28 22:30:00,99507.40025000004
2026-01-28 22:45:00,99000.09950000004
2026-01-28 23:00:00,98750.24750750004
2026-01-28 23:15:00,98750.24750750004
2026-01-28 23:30:00,98750.24750750004
2026-01-28 23:45:00,99492.30792522508
2026-01-29 01:00:00,98985.3075124881
2026-01-29 01:15:00,98735.60343986322
2026-01-29 01:30:00,98735.60343986322
2026-01-29 01:45:00,98735.60343986322
2026-01-29 02:00:00,99237.53384847281
2026-01-29 02:15:00,99237.53384847281
2026-01-29 02:30:00,99237.53384847281
2026-01-29 02:45:00,99237.53384847281
2026-01-29 03:00:00,99237.53384847281
2026-01-29 03:15:00,99237.53384847281
2026-01-29 03:30:00,99237.53384847281
2026-01-29 03:45:00,99237.53384847281
2026-01-29 04:00:00,99237.53384847281
2026-01-29 04:15:00,98488.39640796458
2026-01-29 04:30:00,98488.39640796458
2026-01-29 04:45:00,98488.39640796458
2026-01-29 05:00:00,98243.66144638493
2026-01-29 05:15:00,98243.66144638493
2026-01-29 05:30:00,98243.66144638493
2026-01-29 05:45:00,98985.3075124881
2026-01-29 06:00:00,98735.60343986322
2026-01-29 06:15:00,98001.37383442109
2026-01-29 06:30:00,98001.37383442109
2026-01-29 06:45:00,98001.37383442109
2026-01-29 07:00:00,98001.37383442109
2026-01-29 07:15:00,98001.37383442109
2026-01-29 07:30:00,98001.37383442109
2026-01-29 07:45:00,98001.37383442109
2026-01-29 08:00:00,98001.37383442109
2026-01-29 08:15:00,98001.37383442109
2026-01-29 08:30:00,98001.37383442109
2026-01-29 08:45:00,97523.47731944607
2026-01-29 09:00:00,97288.10728209584
2026-01-29 09:15:00,97523.47731944607
2026-01-29 09:30:00,97288.10728209584
2026-01-29 09:45:00,97288.10728209584
2026-01-29 10:00:00,97055.09094511908
2026-01-29 10:15:00,96824.4047715121
2026-01-29 10:30:00,97055.09094511908
2026-01-29 10:45:00,97055.09094511908
2026-01-29 11:00:00,97055.09094511908
2026-01-29 11:15:00,97055.09094511908
2026-01-29 11:30:00,97055.09094511908
2026-01-29 11:45:00,97055.09094511908
2026-01-29 12:00:00,97055.09094511908
2026-01-29 12:15:00,97055.09094511908
2026-01-29 12:30:00,97055.09094511908
2026-01-29 12:45:00,97055.09094511908
2026-01-29 13:00:00,97055.09094511908
2026-01-29 13:15:00,97055.09094511908
2026-01-29 13:30:00,97055.09094511908
2026-01-29 13:45:00,97055.09094511908
2026-01-29 14:00:00,97055.09094511908
2026-01-29 14:15:00,97055.09094511908
2026-01-29 14:30:00,97055.09094511908
2026-01-29 14:45:00,97055.09094511908
2026-01-29 15:00:00,96596.0254596412
2026-01-29 15:15:00,96146.09537732432
2026-01-29 15:30:00,96146.09537732432
2026-01-29 15:45:00,96146.09537732432
2026-01-29 16:00:00,96146.09537732432
2026-01-29 16:15:00,96865.68958485691
2026-01-29 16:30:00,97165.89514493675
2026-01-29 16:45:00,96948.7086917445
2026-01-29 17:00:00,96733.69410308418
2026-01-29 17:15:00,96733.69410308418
2026-01-29 17:30:00,97372.28743140533
2026-01-29 17:45:00,97372.28743140533
2026-01-29 18:00:00,96935.97918305206
2026-01-29 18:15:00,96721.09188947864
2026-01-29 18:30:00,96721.09188947864
2026-01-29 18:45:00,96721.09188947864
2026-01-29 19:00:00,96466.61939122152
2026-01-29 19:15:00,95582.83723481106
2026-01-29 19:30:00,95582.83723481106
2026-01-29 19:45:00,95582.83723481106
2026-01-29 20:00:00,95582.83723481106
2026-01-29 20:15:00,95582.83723481106
2026-01-29 20:30:00,95333.42873926925
2026-01-29 20:45:00,95333.42873926925
2026-01-29 21:00:00,95333.42873926925
2026-01-29 21:15:00,95333.42873926925
2026-01-29 21:30:00,95333.42873926925
2026-01-29 21:45:00,95333.42873926925
2026-01-29 22:00:00,95333.42873926925
2026-01-29 22:15:00,95333.42873926925
2026-01-29 22:30:00,94675.7387738383
2026-01-29 22:45:00,91737.51662701159
2026-01-29 23:00:00,91541.2133780672
2026-01-29 23:15:00,92136.09173710168
2026-01-29 23:30:00,92136.09173710168
2026-01-29 23:45:00,92136.09173710168
2026-01-30 01:00:00,92338.40385835955
2026-01-30 01:15:00,92338.40385835955
2026-01-30 01:30:00,92338.40385835955
2026-01-30 01:45:00,92338.40385835955
2026-01-30 02:00:00,92338.40385835955
2026-01-30 02:15:00,92338.40385835955
2026-01-30 02:30:00,92338.40385835955
2026-01-30 02:45:00,92338.40385835955
2026-01-30 03:00:00,92338.40385835955
2026-01-30 03:15:00,92338.40385835955
2026-01-30 03:30:00,92136.09173710168
2026-01-30 03:45:00,92136.09173710168
2026-01-30 04:00:00,92736.95873723752
2026-01-30 04:15:00,93355.85174737746
2026-01-30 04:30:00,93355.85174737746
2026-01-30 04:45:00,93134.77983005172
2026-01-30 05:00:00,92915.91863189924
2026-01-30 05:15:00,92915.91863189924
2026-01-30 05:30:00,92915.91863189924
2026-01-30 05:45:00,92915.91863189924
2026-01-30 06:00:00,92915.91863189924
2026-01-30 06:15:00,92915.91863189924
2026-01-30 06:30:00,92915.91863189924
2026-01-30 06:45:00,92915.91863189924
2026-01-30 07:00:00,92915.91863189924
2026-01-30 07:15:00,92915.91863189924
2026-01-30 07:30:00,92915.91863189924
2026-01-30 07:45:00,92915.91863189924
2026-01-30 08:00:00,92915.91863189924
2026-01-30 08:15:00,92915.91863189924
2026-01-30 08:30:00,92915.91863189924
2026-01-30 08:45:00,92915.91863189924
2026-01-30 09:00:00,92915.91863189924
2026-01-30 09:15:00,92699.24604572829
2026-01-30 09:30:00,97896.65512337127
2026-01-30 09:45:00,95635.35047689309
2026-01-30 10:00:00,96366.95119075579
2026-01-30 10:15:00,96115.76827899627
2026-01-30 10:30:00,95915.74310213132
2026-01-30 10:45:00,95420.8876476739
2026-01-30 11:00:00,95177.16511957656
2026-01-30 11:15:00,95177.16511957656
2026-01-30 11:30:00,95177.16511957656
2026-01-30 11:45:00,99605.05707094827
2026-01-30 12:00:00,99605.05707094827
2026-01-30 12:15:00,99605.05707094827
2026-01-30 12:30:00,98479.82009484299
2026-01-30 12:45:00,98479.82009484299
2026-01-30 13:00:00,99319.49284861819
2026-01-30 13:15:00,99319.49284861819
2026-01-30 13:30:00,99036.78426851139
2026-01-30 13:45:00,99036.78426851139
2026-01-30 14:00:00,99036.78426851139
2026-01-30 14:15:00,99036.78426851139
2026-01-30 14:30:00,99036.78426851139
2026-01-30 14:45:00,98207.38407184358
2026-01-30 15:00:00,98005.19172543088
2026-01-30 15:15:00,98005.19172543088
2026-01-30 15:30:00,96367.32940221128
2026-01-30 15:45:00,96367.32940221128
2026-01-30 16:00:00,96367.32940221128
2026-01-30 16:15:00,96367.32940221128
2026-01-30 16:30:00,96367.32940221128
2026-01-30 16:45:00,96367.32940221128
2026-01-30 17:00:00,96103.82653113776
2026-01-30 17:15:00,95842.95868877496
2026-01-30 17:30:00,96633.49391844717
2026-01-30 17:45:00,96633.49391844717
2026-01-30 18:00:00,96367.32940221128
2026-01-30 18:15:00,97173.91569919344
2026-01-30 18:30:00,97173.91569919344
2026-01-30 18:45:00,96902.3469651501
2026-01-30 19:00:00,97852.53179420406
2026-01-30 19:15:00,97852.53179420406
2026-01-30 19:30:00,97852.53179420406
2026-01-30 19:45:00,97852.53179420406
2026-01-30 20:00:00,97852.53179420406
2026-01-30 20:15:00,97852.53179420406
2026-01-30 20:30:00,97852.53179420406
2026-01-30 20:45:00,97852.53179420406
2026-01-30 21:00:00,97852.53179420406
2026-01-30 21:15:00,97852.53179420406
2026-01-30 21:30:00,97852.53179420406
2026-01-30 21:45:00,97852.53179420406
2026-01-30 22:00:00,97852.53179420406
2026-01-30 22:15:00,97852.53179420406
2026-01-30 22:30:00,97852.53179420406
2026-01-30 22:45:00,97852.53179420406
2026-01-30 23:00:00,97852.53179420406
2026-01-30 23:15:00,97852.53179420406
2026-01-30 23:30:00,97852.53179420406
2026-01-30 23:45:00,97852.53179420406
2026-02-02 01:00:00,97852.53179420406
2026-02-02 01:15:00,97852.53179420406
2026-02-02 01:30:00,97852.53179420406
2026-02-02 01:45:00,97852.53179420406
2026-02-02 02:00:00,97852.53179420406
2026-02-02 02:15:00,97852.53179420406
2026-02-02 02:30:00,97852.53179420406
2026-02-02 02:45:00,97852.53179420406
2026-02-02 03:00:00,97852.53179420406
2026-02-02 03:15:00,97852.53179420406
2026-02-02 03:30:00,97852.53179420406
2026-02-02 03:45:00,97852.53179420406
2026-02-02 04:00:00,97852.53179420406
2026-02-02 04:15:00,97852.53179420406
2026-02-02 04:30:00,97852.53179420406
2026-02-02 04:45:00,98651.02534291171
2026-02-02 05:00:00,98651.02534291171
2026-02-02 05:15:00,98651.02534291171
2026-02-02 05:30:00,98651.02534291171
2026-02-02 05:45:00,99473.4736980806
2026-02-02 06:00:00,99473.47369808063
2026-02-02 06:15:00,99473.47369808063
2026-02-02 06:30:00,98634.79487292138
2026-02-02 06:45:00,98422.43407121522
2026-02-02 07:00:00,98422.43407121522
2026-02-02 07:15:00,98422.43407121522
2026-02-02 07:30:00,98422.43407121522
2026-02-02 07:45:00,101061.09607098096
2026-02-02 08:00:00,101061.09607098096
2026-02-02 08:15:00,102017.15188385671
2026-02-02 08:30:00,102755.70499930321
2026-02-02 08:45:00,102755.70499930321
2026-02-02 09:00:00,101437.33166701978
2026-02-02 09:15:00,101188.80780511891
2026-02-02 09:30:00,101688.36587096006
2026-02-02 09:45:00,101171.48221225046
2026-02-02 10:00:00,102002.57703049212
2026-02-02 10:15:00,102312.84329709485
2026-02-02 10:30:00,102312.84329709485
2026-02-02 10:45:00,102312.84329709485
2026-02-02 11:00:00,102069.2650600458
2026-02-02 11:15:00,101828.12260536726
2026-02-02 11:30:00,101828.12260536726
2026-02-02 11:45:00,101828.12260536726
2026-02-02 12:00:00,101828.12260536726
2026-02-02 12:15:00,101828.12260536726
2026-02-02 12:30:00,100522.75581849738
2026-02-02 12:45:00,100796.74296552045
2026-02-02 13:00:00,100796.74296552045
2026-02-02 13:15:00,100796.74296552045
2026-02-02 13:30:00,100796.74296552045
2026-02-02 13:45:00,100796.74296552045
2026-02-02 14:00:00,100796.74296552045
2026-02-02 14:15:00,100796.74296552045
2026-02-02 14:30:00,100796.74296552045
2026-02-02 14:45:00,101618.70440658965
2026-02-02 15:00:00,101153.08364415169
2026-02-02 15:15:00,101153.08364415169
2026-02-02 15:30:00,101153.08364415169
2026-02-02 15:45:00,100923.75956914393
2026-02-02 16:00:00,100923.75956914393
2026-02-02 16:15:00,100923.75956914393
2026-02-02 16:30:00,104166.7042605018
2026-02-02 16:45:00,104166.7042605018
2026-02-02 17:00:00,104166.7042605018
2026-02-02 17:15:00,103939.67342624412
2026-02-02 17:30:00,104396.02833550956
2026-02-02 17:45:00,104166.7042605018
2026-02-02 18:00:00,104166.7042605018
2026-02-02 18:15:00,103939.67342624412
2026-02-02 18:30:00,103939.67342624412
2026-02-02 18:45:00,103939.67342624412
2026-02-02 19:00:00,103939.67342624412
2026-02-02 19:15:00,103939.67342624412
2026-02-02 19:30:00,103939.67342624412
2026-02-02 19:45:00,103939.67342624412
2026-02-02 20:00:00,103939.67342624412
2026-02-02 20:15:00,103939.67342624412
2026-02-02 20:30:00,103939.67342624412
2026-02-02 20:45:00,103939.67342624412
2026-02-02 21:00:00,103939.67342624412
2026-02-02 21:15:00,103939.67342624412
2026-02-02 21:30:00,103272.11218822365
2026-02-02 21:45:00,102523.48700194186
2026-02-02 22:00:00,102523.48700194186
2026-02-02 22:15:00,102523.48700194186
2026-02-02 22:30:00,102523.48700194186
2026-02-02 22:45:00,102523.48700194186
2026-02-02 23:00:00,102523.48700194186
2026-02-02 23:15:00,102523.48700194186
2026-02-02 23:30:00,102523.48700194186
2026-02-02 23:45:00,102523.48700194186
2026-02-03 01:00:00,102739.39106634141
2026-02-03 01:15:00,101272.65431629635
2026-02-03 01:30:00,103169.62748004329
2026-02-03 01:45:00,105522.01038164372
2026-02-03 02:00:00,105522.01038164372
2026-02-03 02:15:00,106513.38911534767
2026-02-03 02:30:00,106513.38911534767
2026-02-03 02:45:00,106288.62858943256
2026-02-03 03:00:00,106066.1156687766
2026-02-03 03:15:00,106066.1156687766
2026-02-03 03:30:00,106066.1156687766
2026-02-03 03:45:00,106066.1156687766
2026-02-03 04:00:00,105627.74296379229
2026-02-03 04:15:00,105627.74296379229
2026-02-03 04:30:00,105411.83889939274
2026-02-03 04:45:00,105411.83889939274
2026-02-03 05:00:00,105411.83889939274
2026-02-03 05:15:00,105411.83889939274
2026-02-03 05:30:00,105411.83889939274
2026-02-03 05:45:00,105411.83889939274
2026-02-03 06:00:00,105411.83889939274
2026-02-03 06:15:00,105411.83889939274
2026-02-03 06:30:00,105411.83889939274
2026-02-03 06:45:00,105411.83889939274
2026-02-03 07:00:00,105411.83889939274
2026-02-03 07:15:00,105411.83889939274
2026-02-03 07:30:00,105411.83889939274
2026-02-03 07:45:00,105411.83889939274
2026-02-03 08:00:00,105411.83889939274
2026-02-03 08:15:00,106053.07397065942
2026-02-03 08:30:00,108108.77827254943
2026-02-03 08:45:00,108108.77827254943
2026-02-03 09:00:00,108108.77827254943
2026-02-03 09:15:00,110000.47748634394
2026-02-03 09:30:00,114189.9453817324
2026-02-03 09:45:00,114189.9453817324
2026-02-03 10:00:00,113852.9757501464
2026-02-03 10:15:00,113852.9757501464
2026-02-03 10:30:00,114103.90134565288
2026-02-03 10:45:00,113789.82362875459
2026-02-03 11:00:00,113478.8866890253
2026-02-03 11:15:00,113171.05911869329
2026-02-03 11:30:00,113565.44152515574
2026-02-03 11:45:00,113565.44152515574
2026-02-03 12:00:00,113565.44152515574
2026-02-03 12:15:00,113565.44152515574
2026-02-03 12:30:00,112237.64672582396
2026-02-03 12:45:00,112237.64672582396
2026-02-03 13:00:00,112101.58889084784
2026-02-03 13:15:00,112101.58889084784
2026-02-03 13:30:00,112101.58889084784
2026-02-03 13:45:00,112101.58889084784
2026-02-03 14:00:00,112101.58889084784
2026-02-03 14:15:00,111817.54263352534
2026-02-03 14:30:00,111536.33683877607
2026-02-03 14:45:00,111536.33683877607
2026-02-03 15:00:00,111536.33683877607
2026-02-03 15:15:00,111536.33683877607
2026-02-03 15:30:00,111536.33683877607
2026-02-03 15:45:00,110865.76727191996
2026-02-03 16:00:00,110920.9734703883
2026-02-03 16:15:00,109708.64609832758
2026-02-03 16:30:00,109111.5596373443
2026-02-03 16:45:00,109111.5596373443
2026-02-03 17:00:00,109111.5596373443
2026-02-03 17:15:00,110082.63468812229
2026-02-03 17:30:00,109815.21077534149
2026-02-03 17:45:00,109151.7399314816
2026-02-03 18:00:00,108824.97220581977
2026-02-03 18:15:00,127129.97725887441
2026-02-03 18:30:00,131282.2897613109
2026-02-03 18:45:00,131282.2897613109
2026-02-03 19:00:00,130308.53729138721
2026-02-03 19:15:00,130308.53729138721
2026-02-03 19:30:00,130799.45211209425
2026-02-03 19:45:00,131279.0374366029
2026-02-03 20:00:00,131279.0374366029
2026-02-03 20:15:00,131279.0374366029
2026-02-03 20:30:00,130854.23621385192
2026-02-03 20:45:00,130854.23621385192
2026-02-03 21:00:00,134036.63799363893
2026-02-03 21:15:00,134036.63799363893
2026-02-03 21:30:00,134036.63799363893
2026-02-03 21:45:00,134036.63799363893
2026-02-03 22:00:00,134036.63799363893
2026-02-03 22:15:00,134036.63799363893
2026-02-03 22:30:00,134036.63799363893
2026-02-03 22:45:00,134036.63799363893
2026-02-03 23:00:00,133661.61277448793
2026-02-03 23:15:00,133661.61277448793
2026-02-03 23:30:00,133661.61277448793
2026-02-03 23:45:00,133661.61277448793
2026-02-04 00:00:00,133661.61277448793
2026-02-04 00:15:00,133661.61277448793
2026-02-04 00:30:00,133661.61277448793
2026-02-04 00:45:00,133661.61277448793
2026-02-04 01:00:00,131380.97806753105
2026-02-04 01:15:00,130938.44325381519
2026-02-04 01:30:00,130938.44325381519
2026-02-04 01:45:00,130938.44325381519
2026-02-04 02:00:00,130938.44325381519
2026-02-04 02:15:00,130938.44325381519
2026-02-04 02:30:00,130938.44325381519
2026-02-04 02:45:00,132252.77165055127
2026-02-04 03:00:00,135000.90089528664
2026-02-04 03:15:00,134629.62592832718
2026-02-04 03:30:00,134150.89188633376
2026-02-04 03:45:00,133900.89188633376
2026-02-04 04:00:00,135815.82805430738
2026-02-04 04:15:00,135815.82805430738
2026-02-04 04:30:00,135815.82805430738
2026-02-04 04:45:00,135815.82805430738
2026-02-04 05:00:00,135815.82805430738
2026-02-04 05:15:00,135815.82805430738
2026-02-04 05:30:00,137295.11624406697
2026-02-04 05:45:00,137295.11624406697
2026-02-04 06:00:00,137295.11624406697
2026-02-04 06:15:00,137295.11624406697
2026-02-04 06:30:00,137047.61624406697
2026-02-04 06:45:00,137047.61624406697
2026-02-04 07:00:00,137047.61624406697
2026-02-04 07:15:00,137047.61624406697
2026-02-04 07:30:00,137047.61624406697
2026-02-04 07:45:00,137047.61624406697
2026-02-04 08:00:00,136036.91724321689
2026-02-04 08:15:00,135539.1352880746
2026-02-04 08:30:00,135539.1352880746
2026-02-04 08:45:00,134807.68647566775
2026-02-04 09:00:00,134807.68647566775
2026-02-04 09:15:00,134314.88234007687
2026-02-04 09:30:00,134678.76893519383
2026-02-04 09:45:00,135417.6061194432
2026-02-04 10:00:00,134678.76893519383
2026-02-04 10:15:00,134314.88234007687
2026-02-04 10:30:00,133344.0089125493
2026-02-04 10:45:00,133344.0089125493
2026-02-04 11:00:00,132865.8415525896
2026-02-04 11:15:00,131322.48408583418
2026-02-04 11:30:00,134127.685085111
2026-02-04 11:45:00,134127.685085111
2026-02-04 12:00:00,133178.23179724664
2026-02-04 12:15:00,133524.28432849486
2026-02-04 12:30:00,133024.16903506938
2026-02-04 12:45:00,132536.29294083442
2026-02-04 13:00:00,132536.29294083442
2026-02-04 13:15:00,133516.97317066026
2026-02-04 13:30:00,133516.97317066026
2026-02-04 13:45:00,133516.97317066026
2026-02-04 14:00:00,133516.97317066026
2026-02-04 14:15:00,132828.32863347628
2026-02-04 14:30:00,132828.32863347628
2026-02-04 14:45:00,132828.32863347628
2026-02-04 15:00:00,132489.1625475999
2026-02-04 15:15:00,133268.950489663
2026-02-04 15:30:00,132776.14635407212
2026-02-04 15:45:00,132776.14635407212
2026-02-04 16:00:00,132288.27025983715
2026-02-04 16:15:00,132288.27025983715
2026-02-04 16:30:00,139848.09179925843
2026-02-04 16:45:00,139848.09179925843
2026-02-04 17:00:00,139848.09179925843
2026-02-04 17:15:00,141561.97697355336
2026-02-04 17:30:00,147018.3480893385
2026-02-04 17:45:00,147018.3480893385
2026-02-04 18:00:00,147018.3480893385
2026-02-04 18:15:00,147018.3480893385
2026-02-04 18:30:00,147018.3480893385
2026-02-04 18:45:00,148947.3409523359
2026-02-04 19:00:00,148947.3409523359
2026-02-04 19:15:00,150046.94090111897
2026-02-04 19:30:00,150046.94090111897
2026-02-04 19:45:00,150046.94090111897
2026-02-04 20:00:00,150046.94090111897
2026-02-04 20:15:00,150046.94090111897
2026-02-04 20:30:00,150046.94090111897
2026-02-04 20:45:00,150046.94090111897
2026-02-04 21:00:00,150046.94090111897
2026-02-04 21:15:00,150046.94090111897
2026-02-04 21:30:00,150046.94090111897
2026-02-04 21:45:00,150046.94090111897
2026-02-04 22:00:00,150046.94090111897
2026-02-04 22:15:00,150046.94090111897
2026-02-04 22:30:00,150046.94090111897
2026-02-04 22:45:00,150046.94090111897
2026-02-04 23:00:00,150046.94090111897
2026-02-04 23:15:00,150046.94090111897
2026-02-04 23:30:00,148079.8806499656
2026-02-04 23:45:00,148079.8806499656
2026-02-05 00:00:00,148079.8806499656
2026-02-05 00:15:00,148079.8806499656
2026-02-05 00:30:00,148079.8806499656
2026-02-05 00:45:00,148079.8806499656
2026-02-05 01:00:00,148079.8806499656
2026-02-05 01:15:00,150007.73149131826
2026-02-05 01:30:00,150007.73149131826
2026-02-05 01:45:00,150007.73149131826
2026-02-05 02:00:00,149345.8360357872
2026-02-05 02:15:00,149345.8360357872
2026-02-05 02:30:00,149345.8360357872
2026-02-05 02:45:00,149345.8360357872
2026-02-05 03:00:00,146134.32917433462
2026-02-05 03:15:00,148041.8357988454
2026-02-05 03:30:00,148041.8357988454
2026-02-05 03:45:00,148041.8357988454
2026-02-05 04:00:00,144319.29587619507
2026-02-05 04:15:00,144319.29587619507
2026-02-05 04:30:00,144319.29587619507
2026-02-05 04:45:00,143817.0050818098
2026-02-05 05:00:00,143569.62055538918
2026-02-05 05:15:00,143233.84613037156
2026-02-05 05:30:00,143233.84613037156
2026-02-05 05:45:00,143233.84613037156
2026-02-05 06:00:00,143233.84613037156
2026-02-05 06:15:00,143233.84613037156
2026-02-05 06:30:00,142901.4294496041
2026-02-05 06:45:00,142246.53534682415
2026-02-05 07:00:00,142246.53534682415
2026-02-05 07:15:00,142246.53534682415
2026-02-05 07:30:00,142001.62466566774
2026-02-05 07:45:00,142001.62466566774
2026-02-05 08:00:00,141396.61356628788
2026-02-05 08:15:00,141074.0699933559
2026-02-05 08:30:00,140754.75185615325
2026-02-05 08:45:00,141396.61356628788
2026-02-05 09:00:00,143750.03656498744
2026-02-05 09:15:00,144391.89827512208
2026-02-05 09:30:00,143792.937286736
2026-02-05 09:45:00,143792.937286736
2026-02-05 10:00:00,143151.07557660138
2026-02-05 10:15:00,143151.07557660138
2026-02-05 10:30:00,143151.07557660138
2026-02-05 10:45:00,143151.07557660138
2026-02-05 11:00:00,143151.07557660138
2026-02-05 11:15:00,143151.07557660138
2026-02-05 11:30:00,142241.97924226854
2026-02-05 11:45:00,142241.97924226854
2026-02-05 12:00:00,142241.97924226854
2026-02-05 12:15:00,141929.01553599624
2026-02-05 12:30:00,141929.01553599624
2026-02-05 12:45:00,141032.13980206943
2026-02-05 13:00:00,141032.13980206943
2026-02-05 13:15:00,140450.96855399944
2026-02-05 13:30:00,140450.96855399944
2026-02-05 13:45:00,140450.96855399944
2026-02-05 14:00:00,140450.96855399944
2026-02-05 14:15:00,141266.0113734975
2026-02-05 14:30:00,140673.3910518405
2026-02-05 14:45:00,140673.3910518405
2026-02-05 15:00:00,144283.2294176444
2026-02-05 15:15:00,144283.2294176444
2026-02-05 15:30:00,143362.81154490117
2026-02-05 15:45:00,143362.81154490117
2026-02-05 16:00:00,143362.81154490117
2026-02-05 16:15:00,143090.39712346796
2026-02-05 16:30:00,140419.359763268
2026-02-05 16:45:00,140439.50413005878
2026-02-05 17:00:00,141271.72301396675
2026-02-05 17:15:00,141271.72301396675
2026-02-05 17:30:00,140985.9945304917
2026-02-05 17:45:00,140985.9945304917
2026-02-05 18:00:00,140985.9945304917
2026-02-05 18:15:00,139232.55937997578
2026-02-05 18:30:00,138368.97054026695
2026-02-05 18:45:00,133947.90809710594
2026-02-05 19:00:00,133947.90809710594
2026-02-05 19:15:00,133947.90809710594
2026-02-05 19:30:00,134788.0638441876
2026-02-05 19:45:00,134788.0638441876
2026-02-05 20:00:00,134788.0638441876
2026-02-05 20:15:00,134251.79115847696
2026-02-05 20:30:00,134251.79115847696
2026-02-05 20:45:00,134251.79115847696
2026-02-05 21:00:00,134251.79115847696
2026-02-05 21:15:00,133688.87747318269
2026-02-05 21:30:00,132112.02180439178
2026-02-05 21:45:00,132112.02180439178
2026-02-05 22:00:00,131834.7797426044
2026-02-05 22:15:00,131834.7797426044
2026-02-05 22:30:00,131834.7797426044
2026-02-05 22:45:00,131834.7797426044
2026-02-05 23:00:00,131834.7797426044
2026-02-05 23:15:00,131834.7797426044
2026-02-05 23:30:00,138728.86506926862
2026-02-05 23:45:00,138728.86506926862
2026-02-06 00:00:00,138728.86506926862
2026-02-06 00:15:00,138728.86506926862
2026-02-06 00:30:00,138728.86506926862
2026-02-06 00:45:00,138728.86506926862
2026-02-06 01:00:00,139805.4966909769
2026-02-06 01:15:00,138435.1263925069
2026-02-06 01:30:00,146221.65545488917
2026-02-06 01:45:00,148066.9727777683
2026-02-06 02:00:00,149967.6496203338
2026-02-06 02:15:00,152970.73110831445
2026-02-06 02:30:00,152970.73110831445
2026-02-06 02:45:00,152285.34720994625
2026-02-06 03:00:00,152285.34720994625
2026-02-06 03:15:00,152285.34720994625
2026-02-06 03:30:00,152285.34720994625
2026-02-06 03:45:00,150935.072391771
2026-02-06 04:00:00,150270.04508056823
2026-02-06 04:15:00,149611.6680424775
2026-02-06 04:30:00,148959.87477476767
2026-02-06 04:45:00,148959.87477476767
2026-02-06 05:00:00,148959.87477476767
2026-02-06 05:15:00,148959.87477476767
2026-02-06 05:30:00,148959.87477476767
2026-02-06 05:45:00,148959.87477476767
2026-02-06 06:00:00,148959.87477476767
2026-02-06 06:15:00,148959.87477476767
2026-02-06 06:30:00,147399.52526121965
2026-02-06 06:45:00,147096.75473019015
2026-02-06 07:00:00,147096.75473019015
2026-02-06 07:15:00,146820.80534364015
2026-02-06 07:30:00,146521.06251792097
2026-02-06 07:45:00,148160.14312555725
2026-02-06 08:00:00,148160.14312555725
2026-02-06 08:15:00,148160.14312555725
2026-02-06 08:30:00,147886.95323287277
2026-02-06 08:45:00,147302.3351253329
2026-02-06 09:00:00,147014.40336292094
2026-02-06 09:15:00,147014.40336292094
2026-02-06 09:30:00,147014.40336292094
2026-02-06 09:45:00,147014.40336292094
2026-02-06 10:00:00,146167.7690966566
2026-02-06 10:15:00,146167.7690966566
2026-02-06 10:30:00,146167.7690966566
2026-02-06 10:45:00,146167.7690966566
2026-02-06 11:00:00,146167.7690966566
2026-02-06 11:15:00,155395.58352417755
2026-02-06 11:30:00,155395.58352417755
2026-02-06 11:45:00,155395.58352417755
2026-02-06 12:00:00,155395.58352417755
2026-02-06 12:15:00,155395.58352417755
2026-02-06 12:30:00,155395.58352417755
2026-02-06 12:45:00,155395.58352417755
2026-02-06 13:00:00,155395.58352417755
2026-02-06 13:15:00,155395.58352417755
2026-02-06 13:30:00,155395.58352417755
2026-02-06 13:45:00,155395.58352417755
2026-02-06 14:00:00,155395.58352417755
2026-02-06 14:15:00,155395.58352417755
2026-02-06 14:30:00,154730.94992909383
2026-02-06 14:45:00,154730.94992909383
2026-02-06 15:00:00,161558.53146131022
2026-02-06 15:15:00,161558.53146131022
2026-02-06 15:30:00,165981.47358474165
2026-02-06 15:45:00,165711.01559098403
2026-02-06 16:00:00,164672.7696814746
2026-02-06 16:15:00,163644.90623106025
2026-02-06 16:30:00,166433.63139310502
2026-02-06 16:45:00,166173.8305234288
2026-02-06 17:00:00,169348.259605669
2026-02-06 17:15:00,169348.259605669
2026-02-06 17:30:00,169348.259605669
2026-02-06 17:45:00,168530.84411699217
2026-02-06 18:00:00,168530.84411699217
2026-02-06 18:15:00,167721.60278320208
2026-02-06 18:30:00,167721.60278320208
2026-02-06 18:45:00,167721.60278320208
2026-02-06 19:00:00,167721.60278320208
2026-02-06 19:15:00,167721.60278320208
2026-02-06 19:30:00,176927.90820752282
2026-02-06 19:45:00,176927.90820752282
2026-02-06 20:00:00,176927.90820752282
2026-02-06 20:15:00,176927.90820752282
2026-02-06 20:30:00,176927.90820752282
2026-02-06 20:45:00,176927.90820752282
2026-02-06 21:00:00,176927.90820752282
2026-02-06 21:15:00,176927.90820752282
2026-02-06 21:30:00,176927.90820752282
2026-02-06 21:45:00,176927.90820752282
2026-02-06 22:00:00,176559.0439611224
2026-02-06 22:15:00,173906.1150750796
2026-02-06 22:30:00,173039.43238924467
2026-02-06 22:45:00,175263.35181721736
2026-02-06 23:00:00,174405.33595824076
2026-02-06 23:15:00,174017.92116002465
2026-02-06 23:30:00,172784.94480940382
2026-02-06 23:45:00,171944.00346602086
2026-02-09 00:00:00,171944.00346602086
2026-02-09 00:15:00,171944.00346602086
2026-02-09 00:30:00,171944.00346602086
2026-02-09 00:45:00,171944.00346602086
2026-02-09 01:00:00,178017.79914504255
2026-02-09 01:15:00,216126.15605363713
2026-02-09 01:30:00,208753.52377912888
2026-02-09 01:45:00,208496.3209181495
2026-02-09 02:00:00,213264.7793177275
2026-02-09 02:15:00,211764.66860830487
2026-02-09 02:30:00,211764.66860830487
2026-02-09 02:45:00,211349.5086492872
2026-02-09 03:00:00,210531.6020140265
2026-02-09 03:15:00,210531.6020140265
2026-02-09 03:30:00,210938.5002898597
2026-02-09 03:45:00,209331.19981100707
2026-02-09 04:00:00,210437.22593818244
2026-02-09 04:15:00,210437.22593818244
2026-02-09 04:30:00,210437.22593818244
2026-02-09 04:45:00,210437.22593818244
2026-02-09 05:00:00,210437.22593818244
2026-02-09 05:15:00,210034.39664510754
2026-02-09 05:30:00,210844.12421401567
2026-02-09 05:45:00,210437.22593818244
2026-02-09 06:00:00,210437.22593818244
2026-02-09 06:15:00,210437.22593818244
2026-02-09 06:30:00,210437.22593818244
2026-02-09 06:45:00,208849.91779457944
2026-02-09 07:00:00,209635.5956449634
2026-02-09 07:15:00,209635.5956449634
2026-02-09 07:30:00,209635.5956449634
2026-02-09 07:45:00,209635.5956449634
2026-02-09 08:00:00,209635.5956449634
2026-02-09 08:15:00,209635.5956449634
2026-02-09 08:30:00,209360.5668778358
2026-02-09 08:45:00,208693.4754082368
2026-02-09 09:00:00,208693.4754082368
2026-02-09 09:15:00,210272.72736880765
2026-02-09 09:30:00,209472.12000009272
2026-02-09 09:45:00,209065.46262024573
2026-02-09 10:00:00,207869.72766720105
2026-02-09 10:15:00,203984.72938770044
2026-02-09 10:30:00,203984.72938770044
2026-02-09 10:45:00,202843.15883675092
2026-02-09 11:00:00,201451.4543703363
2026-02-09 11:15:00,201451.4543703363
2026-02-09 11:30:00,204664.45229928693
2026-02-09 11:45:00,207215.2920458531
2026-02-09 12:00:00,212792.47054064358
2026-02-09 12:15:00,214292.8823916115
2026-02-09 12:30:00,205112.60319608008
2026-02-09 12:45:00,205112.60319608008
2026-02-09 13:00:00,204689.26458586974
2026-02-09 13:15:00,201366.15840849275
2026-02-09 13:30:00,200280.5361732809
2026-02-09 13:45:00,200280.5361732809
2026-02-09 14:00:00,199035.75174715708
2026-02-09 14:15:00,198629.0943673101
2026-02-09 14:30:00,199205.77016042118
2026-02-09 14:45:00,199205.77016042118
2026-02-09 15:00:00,199714.71660252195
2026-02-09 15:15:00,199312.12579647347
2026-02-09 15:30:00,199053.1916717086
2026-02-09 15:45:00,198796.8468881914
2026-02-09 16:00:00,197457.4433172975
2026-02-09 16:15:00,196131.43378211255
2026-02-09 16:30:00,200744.13033667352
2026-02-09 16:45:00,200072.31126851865
2026-02-09 17:00:00,199582.28615381906
2026-02-09 17:15:00,199582.28615381906
2026-02-09 17:30:00,199582.28615381906
2026-02-09 17:45:00,212201.02514810616
2026-02-09 18:00:00,212201.02514810616
2026-02-09 18:15:00,219580.94576529844
2026-02-09 18:30:00,219580.94576529844
2026-02-09 18:45:00,219580.94576529838
2026-02-09 19:00:00,219580.94576529838
2026-02-09 19:15:00,219580.94576529838
2026-02-09 19:30:00,219580.94576529838
2026-02-09 19:45:00,219580.94576529838
2026-02-09 20:00:00,218295.33693397173
2026-02-09 20:15:00,218295.33693397173
2026-02-09 20:30:00,218295.33693397173
2026-02-09 20:45:00,218295.33693397173
2026-02-09 21:00:00,218295.33693397173
2026-02-09 21:15:00,218295.33693397173
2026-02-09 21:30:00,218295.33693397173
2026-02-09 21:45:00,218295.33693397173
2026-02-09 22:00:00,218295.33693397173
2026-02-09 22:15:00,218295.33693397173
2026-02-09 22:30:00,218295.33693397173
2026-02-09 22:45:00,218295.33693397173
2026-02-09 23:00:00,218295.33693397173
2026-02-09 23:15:00,218295.33693397173
2026-02-09 23:30:00,218295.33693397173
2026-02-09 23:45:00,218295.33693397173
2026-02-10 00:00:00,218295.33693397173
2026-02-10 00:15:00,218295.33693397173
2026-02-10 00:30:00,218295.33693397173
2026-02-10 00:45:00,218295.33693397173
2026-02-10 01:00:00,220802.659837708
2026-02-10 01:15:00,224696.13775386033
2026-02-10 01:30:00,223359.37700264805
2026-02-10 01:45:00,221202.45822747558
2026-02-10 02:00:00,219584.83836024444
2026-02-10 02:15:00,219584.83836024444
2026-02-10 02:30:00,219584.83836024444
2026-02-10 02:45:00,219190.49271398908
2026-02-10 03:00:00,219190.49271398908
2026-02-10 03:15:00,219190.49271398908
2026-02-10 03:30:00,219190.49271398908
2026-02-10 03:45:00,219190.49271398908
2026-02-10 04:00:00,215299.18883764633
2026-02-10 04:15:00,211523.4605777348
2026-02-10 04:30:00,213950.09462145128
2026-02-10 04:45:00,216025.18671834076
2026-02-10 05:00:00,215610.5181881108
2026-02-10 05:15:00,215610.5181881108
2026-02-10 05:30:00,215610.5181881108
2026-02-10 05:45:00,215610.5181881108
2026-02-10 06:00:00,214793.57971670473
2026-02-10 06:15:00,214793.57971670473
2026-02-10 06:30:00,214793.57971670473
2026-02-10 06:45:00,214793.57971670473
2026-02-10 07:00:00,214793.57971670473
2026-02-10 07:15:00,214793.57971670473
2026-02-10 07:30:00,214793.57971670473
2026-02-10 07:45:00,209933.1413244889
2026-02-10 08:00:00,207575.22115560182
2026-02-10 08:15:00,206380.19411352137
2026-02-10 08:30:00,205989.7919237286
2026-02-10 08:45:00,205603.2937558337
2026-02-10 09:00:00,205603.2937558337
2026-02-10 09:15:00,205603.2937558337
2026-02-10 09:30:00,205603.2937558337
2026-02-10 09:45:00,205603.2937558337
2026-02-10 10:00:00,202999.21489194408
2026-02-10 10:15:00,202999.21489194408
2026-02-10 10:30:00,209530.7888642753
2026-02-10 10:45:00,209530.7888642753
2026-02-10 11:00:00,220748.10018048226
2026-02-10 11:15:00,220748.10018048226
2026-02-10 11:30:00,220748.10018048226
2026-02-10 11:45:00,220349.7712448708
2026-02-10 12:00:00,219955.42559861543
2026-02-10 12:15:00,219955.42559861543
2026-02-10 12:30:00,219955.42559861543
2026-02-10 12:45:00,219955.42559861543
2026-02-10 13:00:00,220026.62602710698
2026-02-10 13:15:00,220026.62602710698
2026-02-10 13:30:00,220026.62602710698
2026-02-10 13:45:00,220026.62602710698
2026-02-10 14:00:00,220026.62602710698
2026-02-10 14:15:00,224062.38174168096
2026-02-10 14:30:00,225342.94891680274
2026-02-10 14:45:00,225342.94891680274
2026-02-10 15:00:00,220697.35318178064
2026-02-10 15:15:00,219413.26613784154
2026-02-10 15:30:00,219862.78131286422
2026-02-10 15:45:00,218198.0715854565
2026-02-10 16:00:00,218688.13543518327
2026-02-10 16:15:00,219946.669146948
2026-02-10 16:30:00,215749.9707917496
2026-02-10 16:45:00,215749.9707917496
2026-02-10 17:00:00,215339.93488542992
2026-02-10 17:15:00,215339.93488542992
2026-02-10 17:30:00,215339.93488542992
2026-02-10 17:45:00,215339.93488542992
2026-02-10 18:00:00,215339.93488542992
2026-02-10 18:15:00,215339.93488542992
2026-02-10 18:30:00,215339.93488542992
2026-02-10 18:45:00,215339.93488542992
2026-02-10 19:00:00,215339.93488542992
2026-02-10 19:15:00,212835.45279901812
2026-02-10 19:30:00,212835.45279901812
2026-02-10 19:45:00,210794.15216907713
2026-02-10 20:00:00,210794.15216907713
2026-02-10 20:15:00,210794.15216907713
2026-02-10 20:30:00,210794.15216907713
2026-02-10 20:45:00,210794.15216907713
2026-02-10 21:00:00,210794.15216907713
2026-02-10 21:15:00,210794.15216907713
2026-02-10 21:30:00,207167.2026677619
2026-02-10 21:45:00,207167.2026677619
2026-02-10 22:00:00,207167.2026677619
2026-02-10 22:15:00,207167.2026677619
2026-02-10 22:30:00,204809.28249887482
2026-02-10 22:45:00,204809.28249887482
2026-02-10 23:00:00,204809.28249887482
2026-02-10 23:15:00,204809.28249887482
2026-02-10 23:30:00,204809.28249887482
2026-02-10 23:45:00,204809.28249887482
2026-02-11 00:00:00,204809.28249887482
2026-02-11 00:15:00,204809.28249887482
2026-02-11 00:30:00,204809.28249887482
2026-02-11 00:45:00,204809.28249887482
2026-02-11 01:00:00,203627.6061464296
2026-02-11 01:15:00,212481.85314919133
2026-02-11 01:30:00,212481.85314919133
2026-02-11 01:45:00,212481.85314919133
2026-02-11 02:00:00,212481.85314919133
2026-02-11 02:15:00,212481.85314919133
2026-02-11 02:30:00,212091.91308217958
2026-02-11 02:45:00,212091.91308217958
2026-02-11 03:00:00,209469.35924601243
2026-02-11 03:15:00,209109.5441180325
2026-02-11 03:30:00,209109.5441180325
2026-02-11 03:45:00,212875.73200475873
2026-02-11 04:00:00,210396.29473921107
2026-02-11 04:15:00,209175.14073721945
2026-02-11 04:30:00,209175.14073721945
2026-02-11 04:45:00,209175.14073721945
2026-02-11 05:00:00,209175.14073721945
2026-02-11 05:15:00,209175.14073721945
2026-02-11 05:30:00,208781.26188165206
2026-02-11 05:45:00,207529.8102695308
2026-02-11 06:00:00,207529.8102695308
2026-02-11 06:15:00,207147.63000985258
2026-02-11 06:30:00,206769.27155277118
2026-02-11 06:45:00,205560.3290907995
2026-02-11 07:00:00,205560.3290907995
2026-02-11 07:15:00,205560.3290907995
2026-02-11 07:30:00,204084.3546377336
2026-02-11 07:45:00,203724.53950975364
2026-02-11 08:00:00,202527.6864724017
2026-02-11 08:15:00,202527.6864724017
2026-02-11 08:30:00,202527.6864724017
2026-02-11 08:45:00,202527.6864724017
2026-02-11 09:00:00,202527.6864724017
2026-02-11 09:15:00,201342.80196542328
2026-02-11 09:30:00,201342.80196542328
2026-02-11 09:45:00,199008.46099822503
2026-02-11 10:00:00,199008.46099822503
2026-02-11 10:15:00,200077.1119283255
2026-02-11 10:30:00,199710.20844232434
2026-02-11 10:45:00,199710.20844232434
2026-02-11 11:00:00,199710.20844232434
2026-02-11 11:15:00,199710.20844232434
2026-02-11 11:30:00,202311.55415807257
2026-02-11 11:45:00,202311.55415807257
2026-02-11 12:00:00,209509.3436993469
2026-02-11 12:15:00,219061.19205876224
2026-02-11 12:30:00,266445.1803446423
2026-02-11 12:45:00,271616.1689748223
2026-02-11 13:00:00,271213.5984991857
2026-02-11 13:15:00,271665.6459094032
2026-02-11 13:30:00,271665.6459094032
2026-02-11 13:45:00,271665.6459094032
2026-02-11 14:00:00,270766.07156307035
2026-02-11 14:15:00,265253.8006337513
2026-02-11 14:30:00,266993.84347879555
2026-02-11 14:45:00,266993.84347879555
2026-02-11 15:00:00,266993.84347879555
2026-02-11 15:15:00,266756.99955580605
2026-02-11 15:30:00,268988.5779936573
2026-02-11 15:45:00,270398.6785334358
2026-02-11 16:00:00,270398.6785334358
2026-02-11 16:15:00,268658.6356883915
2026-02-11 16:30:00,268661.3879724223
2026-02-11 16:45:00,267947.4165092919
2026-02-11 17:00:00,265740.92619619984
2026-02-11 17:15:00,265261.9167786666
2026-02-11 17:30:00,265012.933669451
2026-02-11 17:45:00,265012.933669451
2026-02-11 18:00:00,265012.933669451
2026-02-11 18:15:00,265012.933669451
2026-02-11 18:30:00,261619.1558445195
2026-02-11 18:45:00,261619.1558445195
2026-02-11 19:00:00,261619.1558445195
2026-02-11 19:15:00,261619.1558445195
2026-02-11 19:30:00,259947.6776303409
2026-02-11 19:45:00,259947.6776303409
2026-02-11 20:00:00,259947.6776303409
2026-02-11 20:15:00,259947.6776303409
2026-02-11 20:30:00,259947.6776303409
2026-02-11 20:45:00,259947.6776303409
2026-02-11 21:00:00,259478.2005002166
2026-02-11 21:15:00,259478.2005002166
2026-02-11 21:30:00,259478.2005002166
2026-02-11 21:45:00,259478.2005002166
2026-02-11 22:00:00,259478.2005002166
2026-02-11 22:15:00,259478.2005002166
2026-02-11 22:30:00,259478.2005002166
2026-02-11 22:45:00,259478.2005002166
2026-02-11 23:00:00,259478.2005002166
2026-02-11 23:15:00,259478.2005002166
2026-02-11 23:30:00,251368.2131770738
2026-02-11 23:45:00,251368.2131770738
2026-02-12 00:00:00,251368.2131770738
2026-02-12 00:15:00,251368.2131770738
2026-02-12 00:30:00,251368.2131770738
2026-02-12 00:45:00,251368.2131770738
2026-02-12 01:00:00,248236.62269505113
2026-02-12 01:15:00,246694.275041066
2026-02-12 01:30:00,246694.275041066
2026-02-12 01:45:00,246694.275041066
2026-02-12 02:00:00,246694.275041066
2026-02-12 02:15:00,246694.275041066
2026-02-12 02:30:00,245769.35814700808
2026-02-12 02:45:00,245313.8249571256
2026-02-12 03:00:00,245769.35814700808
2026-02-12 03:15:00,245769.35814700808
2026-02-12 03:30:00,244862.84709914192
2026-02-12 03:45:00,244416.37901973806
2026-02-12 04:00:00,244416.37901973806
2026-02-12 04:15:00,244416.37901973806
2026-02-12 04:30:00,244416.37901973806
2026-02-12 04:45:00,244416.37901973806
2026-02-12 05:00:00,242889.45484229276
2026-02-12 05:15:00,242889.45484229276
2026-02-12 05:30:00,242889.45484229276
2026-02-12 05:45:00,242889.45484229276
2026-02-12 06:00:00,242889.45484229276
2026-02-12 06:15:00,242889.45484229276
2026-02-12 06:30:00,242889.45484229276
2026-02-12 06:45:00,242889.45484229276
2026-02-12 07:00:00,242889.45484229276
2026-02-12 07:15:00,242664.21862815047
2026-02-12 07:30:00,242664.21862815047
2026-02-12 07:45:00,242664.21862815047
2026-02-12 08:00:00,241152.56369247966
2026-02-12 08:15:00,236484.71117928717
2026-02-12 08:30:00,234811.8674661041
2026-02-12 08:45:00,234811.8674661041
2026-02-12 09:00:00,234811.8674661041
2026-02-12 09:15:00,235549.44991024453
2026-02-12 09:30:00,235549.44991024453
2026-02-12 09:45:00,235549.44991024453
2026-02-12 10:00:00,237827.34593157246
2026-02-12 10:15:00,237827.34593157246
2026-02-12 10:30:00,237827.34593157246
2026-02-12 10:45:00,237827.34593157246
2026-02-12 11:00:00,237827.34593157246
2026-02-12 11:15:00,237827.34593157246
2026-02-12 11:30:00,237827.34593157246
2026-02-12 11:45:00,237827.34593157246
2026-02-12 12:00:00,237362.56357274938
2026-02-12 12:15:00,231697.96890013866
2026-02-12 12:30:00,231697.96890013866
2026-02-12 12:45:00,234501.80165536606
2026-02-12 13:00:00,234501.80165536606
2026-02-12 13:15:00,234501.80165536606
2026-02-12 13:30:00,234501.80165536606
2026-02-12 13:45:00,234501.80165536606
2026-02-12 14:00:00,234501.80165536606
2026-02-12 14:15:00,234501.80165536606
2026-02-12 14:30:00,234501.80165536606
2026-02-12 14:45:00,233713.01932850608
2026-02-12 15:00:00,233713.01932850608
2026-02-12 15:15:00,233713.01932850608
2026-02-12 15:30:00,233713.01932850608
2026-02-12 15:45:00,233713.01932850608
2026-02-12 16:00:00,232318.14775681007
2026-02-12 16:15:00,230937.224900831
2026-02-12 16:30:00,229570.11127341166
2026-02-12 16:45:00,235121.98051203747
2026-02-12 17:00:00,236502.38411774198
2026-02-12 17:15:00,236028.4455464501
2026-02-12 17:30:00,237436.04310318705
2026-02-12 17:45:00,238885.86858662608
2026-02-12 18:00:00,237476.9074030947
2026-02-12 18:15:00,236082.03583139868
2026-02-12 18:30:00,236082.03583139868
2026-02-12 18:45:00,236082.03583139868
2026-02-12 19:00:00,235849.9117450445
2026-02-12 19:15:00,235849.9117450445
2026-02-12 19:30:00,235849.9117450445
2026-02-12 19:45:00,235849.9117450445
2026-02-12 20:00:00,235849.9117450445
2026-02-12 20:15:00,235167.37431365275
2026-02-12 20:30:00,235167.37431365275
2026-02-12 20:45:00,235167.37431365275
2026-02-12 21:00:00,235167.37431365275
2026-02-12 21:15:00,235167.37431365275
2026-02-12 21:30:00,235167.37431365275
2026-02-12 21:45:00,235167.37431365275
2026-02-12 22:00:00,235167.37431365275
2026-02-12 22:15:00,235167.37431365275
2026-02-12 22:30:00,235167.37431365275
2026-02-12 22:45:00,235167.37431365275
2026-02-12 23:00:00,235167.37431365275
2026-02-12 23:15:00,235167.37431365275
2026-02-12 23:30:00,235167.37431365275
2026-02-12 23:45:00,235167.37431365275
2026-02-13 00:00:00,235167.37431365275
2026-02-13 00:15:00,235167.37431365275
2026-02-13 00:30:00,235167.37431365275
2026-02-13 00:45:00,235167.37431365275
2026-02-13 01:00:00,235167.37431365275
2026-02-13 01:15:00,235167.37431365275
2026-02-13 01:30:00,235167.37431365275
2026-02-13 01:45:00,235167.37431365275
2026-02-13 02:00:00,221963.27650748924
2026-02-13 02:15:00,220714.39462957182
2026-02-13 02:30:00,220714.39462957182
2026-02-13 02:45:00,220714.39462957182
2026-02-13 03:00:00,229725.98727287567
2026-02-13 03:15:00,224499.01259263942
2026-02-13 03:30:00,224499.01259263942
2026-02-13 03:45:00,224499.01259263942
2026-02-13 04:00:00,224499.01259263942
2026-02-13 04:15:00,224499.01259263942
2026-02-13 04:30:00,224001.2391766587
2026-02-13 04:45:00,224001.2391766587
2026-02-13 05:00:00,224001.2391766587
2026-02-13 05:15:00,224001.2391766587
2026-02-13 05:30:00,224001.2391766587
2026-02-13 05:45:00,224001.2391766587
2026-02-13 06:00:00,224001.2391766587
2026-02-13 06:15:00,223508.4434948378
2026-02-13 06:30:00,223508.4434948378
2026-02-13 06:45:00,223508.4434948378
2026-02-13 07:00:00,223285.46602366108
2026-02-13 07:15:00,218264.45500145515
2026-02-13 07:30:00,219500.84806059342
2026-02-13 07:45:00,219280.10036412848
2026-02-13 08:00:00,219061.5601446282
2026-02-13 08:15:00,217825.16708548993
2026-02-13 08:30:00,231033.73109555678
2026-02-13 08:45:00,229597.65261056897
2026-02-13 09:00:00,229246.99943568633
2026-02-13 09:15:00,230240.24805344743
2026-02-13 09:30:00,227828.78826729723
2026-02-13 09:45:00,227828.78826729723
2026-02-13 10:00:00,227828.78826729723
2026-02-13 10:15:00,227828.78826729723
2026-02-13 10:30:00,227828.78826729723
2026-02-13 10:45:00,227828.78826729723
2026-02-13 11:00:00,229579.79980149382
2026-02-13 11:15:00,229579.79980149382
2026-02-13 11:30:00,229579.79980149382
2026-02-13 11:45:00,229579.79980149382
2026-02-13 12:00:00,229579.79980149382
2026-02-13 12:15:00,229579.79980149382
2026-02-13 12:30:00,229579.79980149382
2026-02-13 12:45:00,220105.86095761525
2026-02-13 13:00:00,220775.4367574906
2026-02-13 13:15:00,220169.7190429129
2026-02-13 13:30:00,213012.4470011173
2026-02-13 13:45:00,213012.4470011173
2026-02-13 14:00:00,213012.4470011173
2026-02-13 14:15:00,213012.4470011173
2026-02-13 14:30:00,213012.4470011173
2026-02-13 14:45:00,213012.4470011173
2026-02-13 15:00:00,213012.4470011173
2026-02-13 15:15:00,213012.4470011173
2026-02-13 15:30:00,213012.4470011173
2026-02-13 15:45:00,213012.4470011173
2026-02-13 16:00:00,213012.4470011173
2026-02-13 16:15:00,246232.3596990345
2026-02-13 16:30:00,241396.5254283683
2026-02-13 16:45:00,242347.6292556099
2026-02-13 17:00:00,242347.6292556099
2026-02-13 17:15:00,242347.6292556099
2026-02-13 17:30:00,242347.6292556099
2026-02-13 17:45:00,237645.0202405338
2026-02-13 18:00:00,237645.0202405338
2026-02-13 18:15:00,238018.76664002723
2026-02-13 18:30:00,238018.76664002723
2026-02-13 18:45:00,238018.76664002723
2026-02-13 19:00:00,238018.76664002723
2026-02-13 19:15:00,241725.46783642983
2026-02-13 19:30:00,241725.46783642983
2026-02-13 19:45:00,241725.46783642983
2026-02-13 20:00:00,241725.46783642983
2026-02-13 20:15:00,241725.46783642983
2026-02-13 20:30:00,241725.46783642983
2026-02-13 20:45:00,241725.46783642983
2026-02-13 21:00:00,241725.46783642983
2026-02-13 21:15:00,241725.46783642983
2026-02-13 21:30:00,241725.46783642983
2026-02-13 21:45:00,238174.4463979004
2026-02-13 22:00:00,238174.4463979004
2026-02-13 22:15:00,239256.22717037494
2026-02-13 22:30:00,239256.22717037494
2026-02-13 22:45:00,239256.22717037494
2026-02-13 23:00:00,238712.61874199577
2026-02-13 23:15:00,238712.61874199577
2026-02-13 23:30:00,238712.61874199577
2026-02-13 23:45:00,238712.61874199577
2026-02-16 00:00:00,238712.61874199577
2026-02-16 00:15:00,238712.61874199577
2026-02-16 00:30:00,238712.61874199577
2026-02-16 00:45:00,238712.61874199577
2026-02-16 01:00:00,227021.53079378238
2026-02-16 01:15:00,225786.60126485454
2026-02-16 01:30:00,225786.60126485454
2026-02-16 01:45:00,224564.02103121596
2026-02-16 02:00:00,224564.02103121596
2026-02-16 02:15:00,225117.35081904155
2026-02-16 02:30:00,225117.35081904155
2026-02-16 02:45:00,225117.35081904155
2026-02-16 03:00:00,225117.35081904155
2026-02-16 03:15:00,225117.35081904155
2026-02-16 03:30:00,225117.35081904155
2026-02-16 03:45:00,224579.17847494618
2026-02-16 04:00:00,224579.17847494618
2026-02-16 04:15:00,224579.17847494618
2026-02-16 04:30:00,223368.824043644
2026-02-16 04:45:00,231417.44634092186
2026-02-16 05:00:00,231417.44634092186
2026-02-16 05:15:00,230367.79553917056
2026-02-16 05:30:00,230367.79553917056
2026-02-16 05:45:00,230367.79553917056
2026-02-16 06:00:00,230367.79553917056
2026-02-16 06:15:00,230367.79553917056
2026-02-16 06:30:00,230367.79553917056
2026-02-16 06:45:00,230367.79553917056
2026-02-16 07:00:00,230367.79553917056
2026-02-16 07:15:00,227812.5061569953
2026-02-16 07:30:00,226783.74340619892
2026-02-16 07:45:00,226783.74340619892
2026-02-16 08:00:00,226783.74340619892
2026-02-16 08:15:00,225525.2312838522
2026-02-16 08:30:00,220615.78177455306
2026-02-16 08:45:00,220615.78177455306
2026-02-16 09:00:00,221172.7759304624
2026-02-16 09:15:00,221172.7759304624
2026-02-16 09:30:00,219975.94342443213
2026-02-16 09:45:00,219975.94342443213
2026-02-16 10:00:00,218284.40066453975
2026-02-16 10:15:00,218284.40066453975
2026-02-16 10:30:00,218284.40066453975
2026-02-16 10:45:00,218284.40066453975
2026-02-16 11:00:00,218284.40066453975
2026-02-16 11:15:00,223489.35770223604
2026-02-16 11:30:00,223489.35770223604
2026-02-16 11:45:00,223489.35770223604
2026-02-16 12:00:00,222387.57158885087
2026-02-16 12:15:00,221214.55604969064
2026-02-16 12:30:00,221762.68079956563
2026-02-16 12:45:00,221762.68079956563
2026-02-16 13:00:00,216765.366221871
2026-02-16 13:15:00,216244.1050386359
2026-02-16 13:30:00,216244.1050386359
2026-02-16 13:45:00,216244.1050386359
2026-02-16 14:00:00,213979.1351874189
2026-02-16 14:15:00,212863.6090812994
2026-02-16 14:30:00,212863.6090812994
2026-02-16 14:45:00,212089.34383554469
2026-02-16 15:00:00,211833.70932793623
2026-02-16 15:15:00,211580.63116540387
2026-02-16 15:30:00,211330.08378449685
2026-02-16 15:45:00,211330.08378449685
2026-02-16 16:00:00,210909.13310786596
2026-02-16 16:15:00,211809.30849498417
2026-02-16 16:30:00,211964.13801938927
2026-02-16 16:45:00,211964.13801938927
2026-02-16 17:00:00,211964.13801938927
2026-02-16 17:15:00,211964.13801938927
2026-02-16 17:30:00,216206.22238767112
2026-02-16 17:45:00,216206.22238767112
2026-02-16 18:00:00,216206.22238767112
2026-02-16 18:15:00,215657.12296506588
2026-02-16 18:30:00,215657.12296506588
2026-02-16 18:45:00,215657.12296506588
2026-02-16 19:00:00,215657.12296506588
2026-02-16 19:15:00,215657.12296506588
2026-02-16 19:30:00,215113.5145366867
2026-02-16 19:45:00,215113.5145366867
2026-02-16 20:00:00,215113.5145366867
2026-02-16 20:15:00,215113.5145366867
2026-02-16 20:30:00,215113.5145366867
2026-02-16 20:45:00,215113.5145366867
2026-02-16 21:00:00,215113.5145366867
2026-02-16 21:15:00,215113.5145366867
2026-02-16 21:30:00,215113.5145366867
2026-02-16 21:45:00,215113.5145366867
2026-02-16 22:00:00,215113.5145366867
2026-02-16 22:15:00,215113.5145366867
2026-02-16 22:30:00,215113.5145366867
2026-02-16 22:45:00,215113.5145366867
2026-02-16 23:00:00,215113.5145366867
2026-02-16 23:15:00,215113.5145366867
2026-02-16 23:30:00,215113.5145366867
2026-02-16 23:45:00,215113.5145366867
2026-02-17 00:00:00,215113.5145366867
2026-02-17 00:15:00,215113.5145366867
2026-02-17 00:30:00,215113.5145366867
2026-02-17 00:45:00,215113.5145366867
2026-02-17 01:00:00,209162.82619177114
2026-02-17 01:15:00,210223.68041909445
2026-02-17 01:30:00,207612.47624589238
2026-02-17 01:45:00,207105.79766697
2026-02-17 02:00:00,204994.69775459653
2026-02-17 02:15:00,204994.69775459653
2026-02-17 02:30:00,204994.69775459653
2026-02-17 02:45:00,207612.31564606202
2026-02-17 03:00:00,210825.12222119892
2026-02-17 03:15:00,209463.46667418873
2026-02-17 03:30:00,207383.2083256481
2026-02-17 03:45:00,209349.72719944743
2026-02-17 04:00:00,208843.34858944413
2026-02-17 04:15:00,207762.235964104
2026-02-17 04:30:00,207762.235964104
2026-02-17 04:45:00,207762.235964104
2026-02-17 05:00:00,207252.78395116839
2026-02-17 05:15:00,207252.78395116839
2026-02-17 05:30:00,207252.78395116839
2026-02-17 05:45:00,207252.78395116839
2026-02-17 06:00:00,207252.78395116839
2026-02-17 06:15:00,207252.78395116839
2026-02-17 06:30:00,207252.78395116839
2026-02-17 06:45:00,207252.78395116839
2026-02-17 07:00:00,207252.78395116839
2026-02-17 07:15:00,207252.78395116839
2026-02-17 07:30:00,207252.78395116839
2026-02-17 07:45:00,207252.78395116839
2026-02-17 08:00:00,206182.4824520817
2026-02-17 08:15:00,206182.4824520817
2026-02-17 08:30:00,204073.88146873098
2026-02-17 08:45:00,203035.3689944687
2026-02-17 09:00:00,203035.3689944687
2026-02-17 09:15:00,203035.3689944687
2026-02-17 09:30:00,203035.3689944687
2026-02-17 09:45:00,202784.457477947
2026-02-17 10:00:00,198733.2254980269
2026-02-17 10:15:00,198733.2254980269
2026-02-17 10:30:00,198231.91067412362
2026-02-17 10:45:00,200091.85748354997
2026-02-17 11:00:00,200091.85748354997
2026-02-17 11:15:00,200091.85748354997
2026-02-17 11:30:00,200091.85748354997
2026-02-17 11:45:00,200091.85748354997
2026-02-17 12:00:00,195251.5611510888
2026-02-17 12:15:00,194760.2224921812
2026-02-17 12:30:00,193315.49079086795
2026-02-17 12:45:00,193792.23620026733
2026-02-17 13:00:00,193792.23620026733
2026-02-17 13:15:00,193792.23620026733
2026-02-17 13:30:00,193792.23620026733
2026-02-17 13:45:00,193792.23620026733
2026-02-17 14:00:00,193792.23620026733
2026-02-17 14:15:00,193792.23620026733
2026-02-17 14:30:00,193792.23620026733
2026-02-17 14:45:00,192853.02413387145
2026-02-17 15:00:00,190253.9721462581
2026-02-17 15:15:00,189073.41038010095
2026-02-17 15:30:00,191835.06860091933
2026-02-17 15:45:00,197556.1072271718
2026-02-17 16:00:00,200517.19822315514
2026-02-17 16:15:00,199500.55698120088
2026-02-17 16:30:00,199500.55698120088
2026-02-17 16:45:00,199500.55698120088
2026-02-17 17:00:00,198762.02624092362
2026-02-17 17:15:00,198498.13898380147
2026-02-17 17:30:00,198236.8905992505
2026-02-17 17:45:00,197230.41576971576
2026-02-17 18:00:00,194270.97818742663
2026-02-17 18:15:00,194270.97818742663
2026-02-17 18:30:00,195230.07706899825
2026-02-17 18:45:00,195230.07706899825
2026-02-17 19:00:00,195230.07706899825
2026-02-17 19:15:00,195230.07706899825
2026-02-17 19:30:00,194300.23329925106
2026-02-17 19:45:00,193388.89342052187
2026-02-17 20:00:00,193388.89342052187
2026-02-17 20:15:00,192422.07771510538
2026-02-17 20:30:00,192422.07771510538
2026-02-17 20:45:00,190517.35409386433
2026-02-17 21:00:00,190517.35409386433
2026-02-17 21:15:00,189579.25378171442
2026-02-17 21:30:00,188650.534472686
2026-02-17 21:45:00,188650.534472686
2026-02-17 22:00:00,188201.6881334184
2026-02-17 22:15:00,188201.6881334184
2026-02-17 22:30:00,186450.7408036788
2026-02-17 22:45:00,186450.7408036788
2026-02-17 23:00:00,186450.7408036788
2026-02-17 23:15:00,186450.7408036788
2026-02-17 23:30:00,186450.7408036788
2026-02-17 23:45:00,186450.7408036788
2026-02-18 00:00:00,186450.7408036788
2026-02-18 00:15:00,186450.7408036788
2026-02-18 00:30:00,186450.7408036788
2026-02-18 00:45:00,186450.7408036788
2026-02-18 01:00:00,184352.84400344075
2026-02-18 01:15:00,185659.43345730548
2026-02-18 01:30:00,185659.43345730548
2026-02-18 01:45:00,184352.84400344075
2026-02-18 02:00:00,184352.84400344075
2026-02-18 02:15:00,183451.7085866098
2026-02-18 02:30:00,182559.58452394715
2026-02-18 02:45:00,181676.3817019111
2026-02-18 03:00:00,179079.41300719918
2026-02-18 03:15:00,178231.01190033063
2026-02-18 03:30:00,182559.58452394715
2026-02-18 03:45:00,182559.58452394715
2026-02-18 04:00:00,181676.3817019111
2026-02-18 04:15:00,181676.3817019111
2026-02-18 04:30:00,181676.3817019111
2026-02-18 04:45:00,181676.3817019111
2026-02-18 05:00:00,192883.9003630433
2026-02-18 05:15:00,192883.9003630433
2026-02-18 05:30:00,192883.9003630433
2026-02-18 05:45:00,192883.9003630433
2026-02-18 06:00:00,192883.9003630433
2026-02-18 06:15:00,192883.9003630433
2026-02-18 06:30:00,196841.93754562375
2026-02-18 06:45:00,196841.93754562375
2026-02-18 07:00:00,196841.93754562375
2026-02-18 07:15:00,196841.93754562375
2026-02-18 07:30:00,194164.44557077595
2026-02-18 07:45:00,194164.44557077595
2026-02-18 08:00:00,192009.7042229853
2026-02-18 08:15:00,192009.7042229853
2026-02-18 08:30:00,192009.7042229853
2026-02-18 08:45:00,192009.7042229853
2026-02-18 09:00:00,191591.59778180838
2026-02-18 09:15:00,190767.8862820457
2026-02-18 09:30:00,190767.8862820457
2026-02-18 09:45:00,190767.8862820457
2026-02-18 10:00:00,202167.59579309012
2026-02-18 10:15:00,205104.40095191938
2026-02-18 10:30:00,205104.40095191938
2026-02-18 10:45:00,205104.40095191938
2026-02-18 11:00:00,206775.22199964974
2026-02-18 11:15:00,206775.22199964974
2026-02-18 11:30:00,206775.22199964974
2026-02-18 11:45:00,206775.22199964974
2026-02-18 12:00:00,204238.54593887922
2026-02-18 12:15:00,204238.54593887922
2026-02-18 12:30:00,205215.12745950196
2026-02-18 12:45:00,205215.12745950196
2026-02-18 13:00:00,203528.37180814752
2026-02-18 13:15:00,203528.37180814752
2026-02-18 13:30:00,204084.98243199603
2026-02-18 13:45:00,204084.98243199603
2026-02-18 14:00:00,198370.0419635374
2026-02-18 14:15:00,200046.2982038235
2026-02-18 14:30:00,195869.5890329422
2026-02-18 14:45:00,194435.31338486436
2026-02-18 15:00:00,194435.31338486436
2026-02-18 15:15:00,194435.31338486436
2026-02-18 15:30:00,194435.31338486436
2026-02-18 15:45:00,194435.31338486436
2026-02-18 16:00:00,194435.31338486436
2026-02-18 16:15:00,194160.89314261277
2026-02-18 16:30:00,193370.41962801764
2026-02-18 16:45:00,192856.81012799917
2026-02-18 17:00:00,194568.65391479732
2026-02-18 17:15:00,193037.80388697336
2026-02-18 17:30:00,193037.80388697336
2026-02-18 17:45:00,193037.80388697336
2026-02-18 18:00:00,193037.80388697336
2026-02-18 18:15:00,192768.84460754262
2026-02-18 18:30:00,192502.57492090616
2026-02-18 18:45:00,192238.96793113602
2026-02-18 19:00:00,192238.96793113602
2026-02-18 19:15:00,192238.96793113602
2026-02-18 19:30:00,192238.96793113602
2026-02-18 19:45:00,192238.96793113602
2026-02-18 20:00:00,192238.96793113602
2026-02-18 20:15:00,187822.5077499132
2026-02-18 20:30:00,182552.46613169572
2026-02-18 20:45:00,184693.84604209286
2026-02-18 21:00:00,184693.84604209286
2026-02-18 21:15:00,183845.4449352243
2026-02-18 21:30:00,183587.08372455064
2026-02-18 21:45:00,183096.90758167196
2026-02-18 22:00:00,183096.90758167196
2026-02-18 22:15:00,183096.90758167196
2026-02-18 22:30:00,183096.90758167196
2026-02-18 22:45:00,183096.90758167196
2026-02-18 23:00:00,183096.90758167196
2026-02-18 23:15:00,183096.90758167196
2026-02-18 23:30:00,183096.90758167196
2026-02-18 23:45:00,183096.90758167196
2026-02-19 00:00:00,183096.90758167196
2026-02-19 00:15:00,183096.90758167196
2026-02-19 00:30:00,183096.90758167196
2026-02-19 00:45:00,183096.90758167196
2026-02-19 01:00:00,183096.90758167196
2026-02-19 01:15:00,183096.90758167196
2026-02-19 01:30:00,180602.26981543674
2026-02-19 01:45:00,180602.26981543674
2026-02-19 02:00:00,180602.26981543674
2026-02-19 02:15:00,180602.26981543674
2026-02-19 02:30:00,180602.26981543674
2026-02-19 02:45:00,180602.26981543674
2026-02-19 03:00:00,180602.26981543674
2026-02-19 03:15:00,180602.26981543674
2026-02-19 03:30:00,180602.26981543674
2026-02-19 03:45:00,177390.96001265838
2026-02-19 04:00:00,178980.4780863431
2026-02-19 04:15:00,178980.4780863431
2026-02-19 04:30:00,178980.4780863431
2026-02-19 04:45:00,178980.4780863431
2026-02-19 05:00:00,178980.4780863431
2026-02-19 05:15:00,178980.4780863431
2026-02-19 05:30:00,177390.96001265838
2026-02-19 05:45:00,174580.52021372053
2026-02-19 06:00:00,176835.23593300165
2026-02-19 06:15:00,176835.23593300165
2026-02-19 06:30:00,180014.43263775224
2026-02-19 06:45:00,179058.39357885777
2026-02-19 07:00:00,177314.55868627917
2026-02-19 07:15:00,177314.55868627917
2026-02-19 07:30:00,177314.55868627917
2026-02-19 07:45:00,177314.55868627917
2026-02-19 08:00:00,177314.55868627917
2026-02-19 08:15:00,177314.55868627917
2026-02-19 08:30:00,179207.61162679608
2026-02-19 08:45:00,180648.87653970224
2026-02-19 09:00:00,180648.87653970224
2026-02-19 09:15:00,182133.37939999547
2026-02-19 09:30:00,181352.53512680338
2026-02-19 09:45:00,180842.85581143596
2026-02-19 10:00:00,180338.27328922224
2026-02-19 10:15:00,185571.00297665317
2026-02-19 10:30:00,184462.69168165867
2026-02-19 10:45:00,183376.43578143453
2026-02-19 11:00:00,182591.42422446675
2026-02-19 11:15:00,182591.42422446675
2026-02-19 11:30:00,182061.7794939484
2026-02-19 11:45:00,182061.7794939484
2026-02-19 12:00:00,182061.7794939484
2026-02-19 12:15:00,182846.8464246493
2026-02-19 12:30:00,182846.8464246493
2026-02-19 12:45:00,182846.8464246493
2026-02-19 13:00:00,182048.0936238027
2026-02-19 13:15:00,182048.0936238027
2026-02-19 13:30:00,182048.0936238027
2026-02-19 13:45:00,182048.0936238027
2026-02-19 14:00:00,181792.726243616
2026-02-19 14:15:00,181539.91253723117
2026-02-19 14:30:00,180498.86169507203
2026-02-19 14:45:00,180251.07898144424
2026-02-19 15:00:00,180005.77409495274
2026-02-19 15:15:00,179762.92225732614
2026-02-19 15:30:00,176678.15087390336
2026-02-19 15:45:00,177726.59318799962
2026-02-19 16:00:00,177490.95429280237
2026-02-19 16:15:00,177490.95429280237
2026-02-19 16:30:00,189764.40706798263
2026-02-19 16:45:00,185452.59515216274
2026-02-19 17:00:00,184605.6999900996
2026-02-19 17:15:00,184605.6999900996
2026-02-19 17:30:00,184605.6999900996
2026-02-19 17:45:00,184605.6999900996
2026-02-19 18:00:00,183767.27377965706
2026-02-19 18:15:00,182115.49030246423
2026-02-19 18:30:00,182115.49030246423
2026-02-19 18:45:00,181301.96618889808
2026-02-19 19:00:00,181301.96618889808
2026-02-19 19:15:00,181301.96618889808
2026-02-19 19:30:00,180496.57731646756
2026-02-19 19:45:00,183767.27377965706
2026-02-19 20:00:00,182115.49030246423
2026-02-19 20:15:00,181301.96618889808
2026-02-19 20:30:00,181301.96618889808
2026-02-19 20:45:00,181301.96618889808
2026-02-19 21:00:00,181301.96618889808
2026-02-19 21:15:00,181301.96618889808
2026-02-19 21:30:00,181301.96618889808
2026-02-19 21:45:00,181301.96618889808
2026-02-19 22:00:00,181301.96618889808
2026-02-19 22:15:00,181301.96618889808
2026-02-19 22:30:00,181301.96618889808
2026-02-19 22:45:00,178732.13786936813
2026-02-19 23:00:00,179744.59935292654
2026-02-19 23:15:00,179744.59935292654
2026-02-19 23:30:00,179744.59935292654
2026-02-19 23:45:00,179744.59935292654
2026-02-20 00:00:00,179744.59935292654
2026-02-20 00:15:00,179744.59935292654
2026-02-20 00:30:00,179744.59935292654
2026-02-20 00:45:00,179744.59935292654
2026-02-20 01:00:00,179744.59935292654
2026-02-20 01:15:00,179744.59935292654
2026-02-20 01:30:00,179235.82473807305
2026-02-20 01:45:00,178430.43586564256
2026-02-20 02:00:00,177633.10088193635
2026-02-20 02:15:00,177633.10088193635
2026-02-20 02:30:00,178141.8754967898
2026-02-20 02:45:00,178141.8754967898
2026-02-20 03:00:00,180001.1857835438
2026-02-20 03:15:00,179188.14330065856
2026-02-20 03:30:00,178383.2312426022
2026-02-20 03:45:00,178383.2312426022
2026-02-20 04:00:00,178383.2312426022
2026-02-20 04:15:00,178149.94873635692
2026-02-20 04:30:00,178149.94873635692
2026-02-20 04:45:00,177415.31218646915
2026-02-20 05:00:00,177415.31218646915
2026-02-20 05:15:00,177415.31218646915
2026-02-20 05:30:00,172001.85154414587
2026-02-20 05:45:00,172001.85154414587
2026-02-20 06:00:00,172001.85154414587
2026-02-20 06:15:00,172001.85154414587
2026-02-20 06:30:00,169075.20557119467
2026-02-20 06:45:00,168846.56538682367
2026-02-20 07:00:00,169844.737953751
2026-02-20 07:15:00,169844.737953751
2026-02-20 07:30:00,171859.48542857077
2026-02-20 07:45:00,171131.53739130613
2026-02-20 08:00:00,171131.53739130613
2026-02-20 08:15:00,172687.92981560435
2026-02-20 08:30:00,172153.56841659526
2026-02-20 08:45:00,172153.56841659526
2026-02-20 09:00:00,172153.56841659526
2026-02-20 09:15:00,172153.56841659526
2026-02-20 09:30:00,170582.33269331037
2026-02-20 09:45:00,171100.8230244075
2026-02-20 10:00:00,171624.55063157628
2026-02-20 10:15:00,171100.8230244075
2026-02-20 10:30:00,171569.03120394534
2026-02-20 10:45:00,171569.03120394534
2026-02-20 11:00:00,173156.13799514237
2026-02-20 11:15:00,189442.0404842862
2026-02-20 11:30:00,189442.0404842862
2026-02-20 11:45:00,188054.5718407242
2026-02-20 12:00:00,187371.2261032593
2026-02-20 12:15:00,187371.2261032593
2026-02-20 12:30:00,187371.2261032593
2026-02-20 12:45:00,184743.99394756905
2026-02-20 13:00:00,183450.01643008768
2026-02-20 13:15:00,183450.01643008768
2026-02-20 13:30:00,182015.88600187266
2026-02-20 13:45:00,180610.29476917908
2026-02-20 14:00:00,179918.0234288962
2026-02-20 14:15:00,179918.0234288962
2026-02-20 14:30:00,179232.67480201612
2026-02-20 14:45:00,178327.6482373545
2026-02-20 15:00:00,178327.6482373545
2026-02-20 15:15:00,177661.55546460825
2026-02-20 15:30:00,177661.55546460825
2026-02-20 15:45:00,177649.40175811015
2026-02-20 16:00:00,177649.40175811015
2026-02-20 16:15:00,177649.40175811015
2026-02-20 16:30:00,177649.40175811015
2026-02-20 16:45:00,181699.20965984682
2026-02-20 17:00:00,182297.28317092836
2026-02-20 17:15:00,181619.59117146104
2026-02-20 17:30:00,181619.59117146104
2026-02-20 17:45:00,181619.59117146104
2026-02-20 18:00:00,181619.59117146104
2026-02-20 18:15:00,180982.2909881025
2026-02-20 18:30:00,180351.36380657757
2026-02-20 18:45:00,180351.36380657757
2026-02-20 19:00:00,182364.10904499545
2026-02-20 19:15:00,182703.1909100343
2026-02-20 19:30:00,182703.1909100343
2026-02-20 19:45:00,182703.1909100343
2026-02-20 20:00:00,182703.1909100343
2026-02-20 20:15:00,182703.1909100343
2026-02-20 20:30:00,182703.1909100343
2026-02-20 20:45:00,182703.1909100343
2026-02-20 21:00:00,182703.1909100343
2026-02-20 21:15:00,182703.1909100343
2026-02-20 21:30:00,182703.1909100343
2026-02-20 21:45:00,184776.3185056047
2026-02-20 22:00:00,184776.3185056047
2026-02-20 22:15:00,184776.3185056047
2026-02-20 22:30:00,184776.3185056047
2026-02-20 22:45:00,184776.3185056047
2026-02-20 23:00:00,184776.3185056047
2026-02-20 23:15:00,184776.3185056047
2026-02-20 23:30:00,186911.63992904214
2026-02-20 23:45:00,196113.0299406367
2026-02-23 00:00:00,196113.0299406367
2026-02-23 00:15:00,196113.0299406367
2026-02-23 00:30:00,196113.0299406367
2026-02-23 00:45:00,196113.0299406367
2026-02-23 01:00:00,240313.15265346848
2026-02-23 01:15:00,240587.26555825002
2026-02-23 01:30:00,242696.1256770949
2026-02-23 01:45:00,241843.27337128253
2026-02-23 02:00:00,237660.21901040943
2026-02-23 02:15:00,236975.44289124495
2026-02-23 02:30:00,236727.62770927028
2026-02-23 02:45:00,236061.76006734755
2026-02-23 03:00:00,236061.76006734755
2026-02-23 03:15:00,236061.76006734755
2026-02-23 03:30:00,236061.76006734755
2026-02-23 03:45:00,236061.76006734755
2026-02-23 04:00:00,236061.76006734755
2026-02-23 04:15:00,236061.76006734755
2026-02-23 04:30:00,236061.76006734755
2026-02-23 04:45:00,236061.76006734755
2026-02-23 05:00:00,234802.5456300024
2026-02-23 05:15:00,233555.9233370307
2026-02-23 05:30:00,233555.9233370307
2026-02-23 05:45:00,233555.9233370307
2026-02-23 06:00:00,233555.9233370307
2026-02-23 06:15:00,233555.9233370307
2026-02-23 06:30:00,233555.9233370307
2026-02-23 06:45:00,233555.9233370307
2026-02-23 07:00:00,231099.95275764714
2026-02-23 07:15:00,231099.95275764714
2026-02-23 07:30:00,231099.95275764714
2026-02-23 07:45:00,231099.95275764714
2026-02-23 08:00:00,231099.95275764714
2026-02-23 08:15:00,230854.61572749223
2026-02-23 08:30:00,221509.84205360553
2026-02-23 08:45:00,221509.84205360553
2026-02-23 09:00:00,232076.4302368338
2026-02-23 09:15:00,233310.58630687578
2026-02-23 09:30:00,233310.58630687578
2026-02-23 09:45:00,233310.58630687578
2026-02-23 10:00:00,231510.50928473743
2026-02-23 10:15:00,232757.1315777091
2026-02-23 10:30:00,232169.0662147571
2026-02-23 10:45:00,230922.4439217854
2026-02-23 11:00:00,232100.39563154549
2026-02-23 11:15:00,231617.05714843728
2026-02-23 11:30:00,231617.05714843728
2026-02-23 11:45:00,231379.00687341497
2026-02-23 12:00:00,230193.48147681536
2026-02-23 12:15:00,226252.0612610865
2026-02-23 12:30:00,224472.85372302495
2026-02-23 12:45:00,224472.85372302495
2026-02-23 13:00:00,226205.4897691047
2026-02-23 13:15:00,226402.66671069898
2026-02-23 13:30:00,224922.46066699238
2026-02-23 13:45:00,224323.5202280888
2026-02-23 14:00:00,223730.56919357425
2026-02-23 14:15:00,228124.98019096212
2026-02-23 14:30:00,226859.00397874304
2026-02-23 14:45:00,226859.00397874304
2026-02-23 15:00:00,225096.68382427417
2026-02-23 15:15:00,223969.26096820418
2026-02-23 15:30:00,223969.26096820418
2026-02-23 15:45:00,222853.11234069488
2026-02-23 16:00:00,220654.18792963887
2026-02-23 16:15:00,220654.18792963887
2026-02-23 16:30:00,241098.65621805133
2026-02-23 16:45:00,246051.22164428345
2026-02-23 17:00:00,246051.22164428345
2026-02-23 17:15:00,246051.22164428345
2026-02-23 17:30:00,246051.22164428345
2026-02-23 17:45:00,243714.39530539676
2026-02-23 18:00:00,242407.40321758157
2026-02-23 18:15:00,242407.40321758157
2026-02-23 18:30:00,242407.40321758157
2026-02-23 18:45:00,242407.40321758157
2026-02-23 19:00:00,242407.40321758157
2026-02-23 19:15:00,242407.40321758157
2026-02-23 19:30:00,242407.40321758157
2026-02-23 19:45:00,242407.40321758157
2026-02-23 20:00:00,242407.40321758157
2026-02-23 20:15:00,242407.40321758157
2026-02-23 20:30:00,242407.40321758157
2026-02-23 20:45:00,242407.40321758157
2026-02-23 21:00:00,242407.40321758157
2026-02-23 21:15:00,242407.40321758157
2026-02-23 21:30:00,242407.40321758157
2026-02-23 21:45:00,242407.40321758157
2026-02-23 22:00:00,242407.40321758157
2026-02-23 22:15:00,242407.40321758157
2026-02-23 22:30:00,242407.40321758157
2026-02-23 22:45:00,242407.40321758157
2026-02-23 23:00:00,242407.40321758157
2026-02-23 23:15:00,242407.40321758157
2026-02-23 23:30:00,242407.40321758157
2026-02-23 23:45:00,242407.40321758157
2026-02-24 00:00:00,242407.40321758157
2026-02-24 00:15:00,242407.40321758157
2026-02-24 00:30:00,242407.40321758157
2026-02-24 00:45:00,242407.40321758157
2026-02-24 01:00:00,250287.38921422802
2026-02-24 01:15:00,254405.5552949387
2026-02-24 01:30:00,254405.5552949387
2026-02-24 01:45:00,254405.5552949387
2026-02-24 02:00:00,254405.5552949387
2026-02-24 02:15:00,253199.48368992365
2026-02-24 02:30:00,253199.48368992365
2026-02-24 02:45:00,253199.48368992365
2026-02-24 03:00:00,243750.35828143248
2026-02-24 03:15:00,243750.35828143248
2026-02-24 03:30:00,243750.35828143248
2026-02-24 03:45:00,243750.35828143248
2026-02-24 04:00:00,242430.94584780675
2026-02-24 04:15:00,242430.94584780675
2026-02-24 04:30:00,244212.96209917654
2026-02-24 04:45:00,242906.7437898871
2026-02-24 05:00:00,241613.58766369056
2026-02-24 05:15:00,241613.5876636905
2026-02-24 05:30:00,241613.5876636905
2026-02-24 05:45:00,241613.5876636905
2026-02-24 06:00:00,241613.5876636905
2026-02-24 06:15:00,241613.5876636905
2026-02-24 06:30:00,241068.15705688042
2026-02-24 06:45:00,241068.15705688042
2026-02-24 07:00:00,241068.15705688042
2026-02-24 07:15:00,240456.33147724345
2026-02-24 07:30:00,238657.3201547045
2026-02-24 07:45:00,236703.32701858087
2026-02-24 08:00:00,235448.5789224885
2026-02-24 08:15:00,235448.5789224885
2026-02-24 08:30:00,235448.5789224885
2026-02-24 08:45:00,235448.5789224885
2026-02-24 09:00:00,235448.5789224885
2026-02-24 09:15:00,232382.94595028073
2026-02-24 09:30:00,231165.4651273904
2026-02-24 09:45:00,231165.4651273904
2026-02-24 10:00:00,230577.74791677523
2026-02-24 10:15:00,234372.70518450142
2026-02-24 10:30:00,232567.74891923778
2026-02-24 10:45:00,236819.26919600734
2026-02-24 11:00:00,235553.29298378824
2026-02-24 11:15:00,234929.7837950466
2026-02-24 11:30:00,234355.1299297496
2026-02-24 11:45:00,234355.1299297496
2026-02-24 12:00:00,234355.1299297496
2026-02-24 12:15:00,229653.23718103234
2026-02-24 12:30:00,229653.23718103234
2026-02-24 12:45:00,229653.23718103234
2026-02-24 13:00:00,229653.23718103234
2026-02-24 13:15:00,229653.23718103234
2026-02-24 13:30:00,228424.8617282924
2026-02-24 13:45:00,228424.8617282924
2026-02-24 14:00:00,228424.8617282924
2026-02-24 14:15:00,262126.70875027165
2026-02-24 14:30:00,261521.7184079448
2026-02-24 14:45:00,252573.9933276468
2026-02-24 15:00:00,252573.9933276468
2026-02-24 15:15:00,252573.9933276468
2026-02-24 15:30:00,289915.5263102832
2026-02-24 15:45:00,274868.61522758397
2026-02-24 16:00:00,279736.7478370826
2026-02-24 16:15:00,277975.62396947097
2026-02-24 16:30:00,280133.6086183383
2026-02-24 16:45:00,280386.0181681876
2026-02-24 17:00:00,279736.9324107507
2026-02-24 17:15:00,278115.1822344341
2026-02-24 17:30:00,278115.1822344341
2026-02-24 17:45:00,278115.1822344341
2026-02-24 18:00:00,280042.9669340215
2026-02-24 18:15:00,280042.9669340215
2026-02-24 18:30:00,280042.9669340215
2026-02-24 18:45:00,280042.9669340215
2026-02-24 19:00:00,278833.5751522352
2026-02-24 19:15:00,275702.14582931885
2026-02-24 19:30:00,275702.14582931885
2026-02-24 19:45:00,275702.14582931885
2026-02-24 20:00:00,272633.0319499285
2026-02-24 20:15:00,272633.0319499285
2026-02-24 20:30:00,272633.0319499285
2026-02-24 20:45:00,272633.0319499285
2026-02-24 21:00:00,272633.0319499285
2026-02-24 21:15:00,271121.4548076218
2026-02-24 21:30:00,271121.4548076218
2026-02-24 21:45:00,271121.4548076218
2026-02-24 22:00:00,271121.4548076218
2026-02-24 22:15:00,271121.4548076218
2026-02-24 22:30:00,269624.99343673803
2026-02-24 22:45:00,269624.99343673803
2026-02-24 23:00:00,269624.99343673803
2026-02-24 23:15:00,269624.99343673803
2026-02-24 23:30:00,269624.99343673803
2026-02-24 23:45:00,266676.8148899601
2026-02-25 00:00:00,266676.8148899601
2026-02-25 00:15:00,266676.8148899601
2026-02-25 00:30:00,266676.8148899601
2026-02-25 00:45:00,266676.8148899601
2026-02-25 01:00:00,265320.17432072456
2026-02-25 01:15:00,265320.17432072456
2026-02-25 01:30:00,263868.15934901754
2026-02-25 01:45:00,262430.6645270275
2026-02-25 02:00:00,262430.6645270275
2026-02-25 02:15:00,262430.6645270275
2026-02-25 02:30:00,262430.6645270275
2026-02-25 02:45:00,261007.5446532574
2026-02-25 03:00:00,259598.65597822503
2026-02-25 03:15:00,263712.22593839676
2026-02-25 03:30:00,263712.22593839676
2026-02-25 03:45:00,263712.22593839676
2026-02-25 04:00:00,263712.22593839676
2026-02-25 04:15:00,263712.22593839676
2026-02-25 04:30:00,263429.20169046836
2026-02-25 04:45:00,263149.0076850192
2026-02-25 05:00:00,262871.61561962456
2026-02-25 05:15:00,262871.61561962456
2026-02-25 05:30:00,262871.61561962456
2026-02-25 05:45:00,262871.61561962456
2026-02-25 06:00:00,262871.61561962456
2026-02-25 06:15:00,262871.61561962456
2026-02-25 06:30:00,262871.61561962456
2026-02-25 06:45:00,262596.99747488386
2026-02-25 07:00:00,262596.99747488386
2026-02-25 07:15:00,262596.99747488386
2026-02-25 07:30:00,262596.99747488386
2026-02-25 07:45:00,262596.99747488386
2026-02-25 08:00:00,261216.14568448463
2026-02-25 08:15:00,259849.10241198936
2026-02-25 08:30:00,259849.10241198936
2026-02-25 08:45:00,259849.10241198936
2026-02-25 09:00:00,259849.10241198936
2026-02-25 09:15:00,257155.89046084642
2026-02-25 09:30:00,257155.89046084642
2026-02-25 09:45:00,255829.44974058753
2026-02-25 10:00:00,248913.919449075
2026-02-25 10:15:00,253681.33613942825
2026-02-25 10:30:00,252979.57105438356
2026-02-25 10:45:00,251666.39474132727
2026-02-25 11:00:00,250366.35019140155
2026-02-25 11:15:00,250366.35019140155
2026-02-25 11:30:00,250366.35019140155
2026-02-25 11:45:00,250366.35019140155
2026-02-25 12:00:00,251866.24584343925
2026-02-25 12:15:00,250579.20173901273
2026-02-25 12:30:00,250579.20173901273
2026-02-25 12:45:00,250579.20173901273
2026-02-25 13:00:00,250579.20173901273
2026-02-25 13:15:00,254401.72272915937
2026-02-25 13:30:00,253089.3238558757
2026-02-25 13:45:00,256809.66632069764
2026-02-25 14:00:00,255523.3841849923
2026-02-25 14:15:00,251247.10313039745
2026-02-25 14:30:00,251247.10313039745
2026-02-25 14:45:00,251247.10313039745
2026-02-25 15:00:00,251247.10313039756
2026-02-25 15:15:00,251247.10313039756
2026-02-25 15:30:00,251247.10313039756
2026-02-25 15:45:00,251247.10313039756
2026-02-25 16:00:00,251247.10313039756
2026-02-25 16:15:00,246229.32293755893
2026-02-25 16:30:00,278609.11058659886
2026-02-25 16:45:00,267445.0815350843
2026-02-25 17:00:00,269150.3720286299
2026-02-25 17:15:00,269150.3720286299
2026-02-25 17:30:00,269150.3720286299
2026-02-25 17:45:00,269150.3720286299
2026-02-25 18:00:00,269150.3720286299
2026-02-25 18:15:00,274142.6851086009
2026-02-25 18:30:00,274142.6851086009
2026-02-25 18:45:00,274142.6851086009
2026-02-25 19:00:00,273202.93178401643
2026-02-25 19:15:00,273202.93178401643
2026-02-25 19:30:00,273202.93178401643
2026-02-25 19:45:00,273202.93178401643
2026-02-25 20:00:00,273202.93178401643
2026-02-25 20:15:00,273202.93178401643
2026-02-25 20:30:00,273202.93178401643
2026-02-25 20:45:00,273202.93178401643
2026-02-25 21:00:00,271917.41116592387
2026-02-25 21:15:00,270644.74575401226
2026-02-25 21:30:00,269384.8069962198
2026-02-25 21:45:00,269384.8069962198
2026-02-25 22:00:00,268137.46762600524
2026-02-25 22:15:00,266902.60164949286
2026-02-25 22:30:00,271027.9095403795
2026-02-25 22:45:00,271027.9095403795
2026-02-25 23:00:00,271027.9095403795
2026-02-25 23:15:00,271027.9095403795
2026-02-25 23:30:00,338941.89707288926
2026-02-25 23:45:00,343621.13652673154
2026-02-26 00:00:00,343621.13652673154
2026-02-26 00:15:00,343621.13652673154
2026-02-26 00:30:00,343621.13652673154
2026-02-26 00:45:00,343621.13652673154
2026-02-26 01:00:00,342014.59764757904
2026-02-26 01:15:00,340424.12415721803
2026-02-26 01:30:00,338849.5554017607
2026-02-26 01:45:00,337290.73233385786
2026-02-26 02:00:00,337290.73233385786
2026-02-26 02:15:00,337290.73233385786
2026-02-26 02:30:00,337290.73233385786
2026-02-26 02:45:00,336378.8906227669
2026-02-26 03:00:00,334537.76712845085
2026-02-26 03:15:00,334242.85735792946
2026-02-26 03:30:00,333950.89668511326
2026-02-26 03:45:00,333661.85561902524
2026-02-26 04:00:00,333661.85561902524
2026-02-26 04:15:00,333661.85561902524
2026-02-26 04:30:00,332389.1902071136
2026-02-26 04:45:00,332389.1902071136
2026-02-26 05:00:00,332389.1902071136
2026-02-26 05:15:00,332389.1902071136
2026-02-26 05:30:00,332389.1902071136
2026-02-26 05:45:00,332389.1902071136
2026-02-26 06:00:00,332389.1902071136
2026-02-26 06:15:00,332389.1902071136
2026-02-26 06:30:00,332389.1902071136
2026-02-26 06:45:00,332389.1902071136
2026-02-26 07:00:00,332389.1902071136
2026-02-26 07:15:00,332389.1902071136
2026-02-26 07:30:00,332389.1902071136
2026-02-26 07:45:00,332389.1902071136
2026-02-26 08:00:00,332389.1902071136
2026-02-26 08:15:00,332389.1902071136
2026-02-26 08:30:00,332389.1902071136
2026-02-26 08:45:00,332389.1902071136
2026-02-26 09:00:00,335301.5629789637
2026-02-26 09:15:00,335301.5629789637
2026-02-26 09:30:00,335301.5629789637
2026-02-26 09:45:00,335301.5629789637
2026-02-26 10:00:00,339884.97044551827
2026-02-26 10:15:00,349468.4171173379
2026-02-26 10:30:00,348208.47835954546
2026-02-26 10:45:00,344886.23100937734
2026-02-26 11:00:00,344570.95662623167
2026-02-26 11:15:00,343949.83456399647
2026-02-26 11:30:00,356191.8211180825
2026-02-26 11:45:00,354956.95514157007
2026-02-26 12:00:00,354348.1934083734
2026-02-26 12:15:00,352577.0515923968
2026-02-26 12:30:00,349087.7251007414
2026-02-26 12:45:00,357516.5154984466
2026-02-26 13:00:00,355763.0851006298
2026-02-26 13:15:00,355763.0851006298
2026-02-26 13:30:00,355763.0851006298
2026-02-26 13:45:00,363509.0289114987
2026-02-26 14:00:00,371726.7007004502
2026-02-26 14:15:00,370295.15258864424
2026-02-26 14:30:00,363349.3025376335
2026-02-26 14:45:00,362001.52840745565
2026-02-26 15:00:00,360533.38275965594
2026-02-26 15:15:00,360533.38275965594
2026-02-26 15:30:00,360533.38275965594
2026-02-26 15:45:00,378298.64185948577
2026-02-26 16:00:00,378562.31236450025
2026-02-26 16:15:00,359483.0870592411
2026-02-26 16:30:00,383172.56018265977
2026-02-26 16:45:00,378315.41244632367
2026-02-26 17:00:00,383218.34758763923
2026-02-26 17:15:00,402911.4174263098
2026-02-26 17:30:00,406387.35411775793
2026-02-26 17:45:00,402893.1662537296
2026-02-26 18:00:00,402893.1662537296
2026-02-26 18:15:00,399374.8502920482
2026-02-26 18:30:00,399374.8502920482
2026-02-26 18:45:00,399374.8502920482
2026-02-26 19:00:00,399374.8502920482
2026-02-26 19:15:00,399055.16461489897
2026-02-26 19:30:00,399055.16461489897
2026-02-26 19:45:00,394031.9888864567
2026-02-26 20:00:00,394031.9888864567
2026-02-26 20:15:00,394031.9888864567
2026-02-26 20:30:00,394031.9888864567
2026-02-26 20:45:00,394031.9888864567
2026-02-26 21:00:00,394031.9888864567
2026-02-26 21:15:00,394031.9888864567
2026-02-26 21:30:00,394031.9888864567
2026-02-26 21:45:00,397363.9166002051
2026-02-26 22:00:00,398345.93281959073
2026-02-26 22:15:00,398275.4256492377
2026-02-26 22:30:00,398348.2655456277
2026-02-26 22:45:00,398348.2655456277
2026-02-26 23:00:00,398348.2655456277
2026-02-26 23:15:00,393375.3215744698
2026-02-26 23:30:00,395016.33783187927
2026-02-26 23:45:00,395016.33783187927
2026-02-27 00:00:00,395016.33783187927
2026-02-27 00:15:00,395016.33783187927
2026-02-27 00:30:00,395016.33783187927
2026-02-27 00:45:00,395016.33783187927
2026-02-27 01:00:00,393375.3215744698
2026-02-27 01:15:00,393375.3215744698
2026-02-27 01:30:00,393375.3215744698
2026-02-27 01:45:00,393375.3215744698
2026-02-27 02:00:00,393375.3215744698
2026-02-27 02:15:00,393375.3215744698
2026-02-27 02:30:00,396673.9300110807
2026-02-27 02:45:00,396673.9300110807
2026-02-27 03:00:00,394941.1152000033
2026-02-27 03:15:00,394941.1152000033
2026-02-27 03:30:00,394941.1152000033
2026-02-27 03:45:00,394941.1152000033
2026-02-27 04:00:00,394941.1152000033
2026-02-27 04:15:00,394941.1152000033
2026-02-27 04:30:00,393225.6285370367
2026-02-27 04:45:00,393225.6285370367
2026-02-27 05:00:00,393225.6285370367
2026-02-27 05:15:00,393225.6285370367
2026-02-27 05:30:00,393225.6285370367
2026-02-27 05:45:00,393225.6285370367
2026-02-27 06:00:00,393225.6285370367
2026-02-27 06:15:00,393225.6285370367
2026-02-27 06:30:00,392899.29622720473
2026-02-27 06:45:00,392899.29622720473
2026-02-27 07:00:00,391200.9644308678
2026-02-27 07:15:00,391200.9644308678
2026-02-27 07:30:00,391200.9644308678
2026-02-27 07:45:00,391200.9644308678
2026-02-27 08:00:00,389519.6159524942
2026-02-27 08:15:00,387855.08095890435
2026-02-27 08:30:00,387855.08095890435
2026-02-27 08:45:00,387855.08095890435
2026-02-27 09:00:00,390830.5297763181
2026-02-27 09:15:00,402632.0828808701
2026-02-27 09:30:00,402632.0828808701
2026-02-27 09:45:00,402632.0828808701
2026-02-27 10:00:00,399117.9315832181
2026-02-27 10:15:00,397387.16792149516
2026-02-27 10:30:00,397387.16792149516
2026-02-27 10:45:00,397387.16792149516
2026-02-27 11:00:00,397387.16792149516
2026-02-27 11:15:00,413386.44539478945
2026-02-27 11:30:00,406004.30961735407
2026-02-27 11:45:00,407822.11511438864
2026-02-27 12:00:00,407822.11511438864
2026-02-27 12:15:00,407822.11511438864
2026-02-27 12:30:00,407822.11511438864
2026-02-27 12:45:00,407822.11511438864
2026-02-27 13:00:00,407822.11511438864
2026-02-27 13:15:00,407822.11511438864
2026-02-27 13:30:00,407822.11511438864
2026-02-27 13:45:00,407822.11511438864
2026-02-27 14:00:00,407822.11511438864
2026-02-27 14:15:00,408594.8231340037
2026-02-27 14:30:00,408594.8231340037
2026-02-27 14:45:00,408594.8231340037
2026-02-27 15:00:00,408594.8231340037
2026-02-27 15:15:00,434995.9691249265
2026-02-27 15:30:00,434995.9691249265
2026-02-27 15:45:00,434995.9691249265
2026-02-27 16:00:00,434995.9691249265
2026-02-27 16:15:00,434995.9691249265
2026-02-27 16:30:00,434995.9691249265
2026-02-27 16:45:00,434995.9691249265
2026-02-27 17:00:00,434995.9691249265
2026-02-27 17:15:00,434995.9691249265
2026-02-27 17:30:00,434995.9691249265
2026-02-27 17:45:00,434995.9691249265
2026-02-27 18:00:00,434995.9691249265
2026-02-27 18:15:00,434995.9691249265
2026-02-27 18:30:00,434635.4185698225
2026-02-27 18:45:00,434635.4185698225
2026-02-27 19:00:00,433925.0979212122
2026-02-27 19:15:00,433925.0979212122
2026-02-27 19:30:00,433925.0979212122
2026-02-27 19:45:00,433925.0979212122
2026-02-27 20:00:00,433925.0979212122
2026-02-27 20:15:00,433925.0979212122
2026-02-27 20:30:00,433925.0979212122
2026-02-27 20:45:00,433925.0979212122
2026-02-27 21:00:00,433925.0979212122
2026-02-27 21:15:00,433925.0979212122
2026-02-27 21:30:00,433925.0979212122
2026-02-27 21:45:00,433925.0979212122
2026-02-27 22:00:00,433925.0979212122
2026-02-27 22:15:00,433925.0979212122
2026-02-27 22:30:00,433925.0979212122
2026-02-27 22:45:00,433925.0979212122
2026-02-27 23:00:00,433925.0979212122
2026-02-27 23:15:00,433925.0979212122
2026-02-27 23:30:00,433925.0979212122
2026-02-27 23:45:00,433925.0979212122
2026-03-02 00:00:00,435389.4115684184
2026-03-02 00:15:00,435389.4115684184
2026-03-02 00:30:00,435389.4115684184
2026-03-02 00:45:00,435389.4115684184
2026-03-02 01:00:00,435024.92658887955
2026-03-02 01:15:00,434664.08645913604
2026-03-02 01:30:00,434664.08645913604
2026-03-02 01:45:00,435024.92658887955
2026-03-02 02:00:00,435024.92658887955
2026-03-02 02:15:00,435024.92658887955
2026-03-02 02:30:00,435024.92658887955
2026-03-02 02:45:00,435024.92658887955
2026-03-02 03:00:00,435024.92658887955
2026-03-02 03:15:00,435024.92658887955
2026-03-02 03:30:00,435024.92658887955
2026-03-02 03:45:00,435024.92658887955
2026-03-02 04:00:00,435024.92658887955
2026-03-02 04:15:00,435024.92658887955
2026-03-02 04:30:00,435024.92658887955
2026-03-02 04:45:00,435024.92658887955
2026-03-02 05:00:00,435024.92658887955
2026-03-02 05:15:00,435024.92658887955
2026-03-02 05:30:00,435024.92658887955
2026-03-02 05:45:00,435024.92658887955
2026-03-02 06:00:00,435024.92658887955
2026-03-02 06:15:00,435024.92658887955
2026-03-02 06:30:00,435024.92658887955
2026-03-02 06:45:00,435024.92658887955
2026-03-02 07:00:00,435024.92658887955
2026-03-02 07:15:00,435024.92658887955
2026-03-02 07:30:00,435024.92658887955
2026-03-02 07:45:00,435024.92658887955
2026-03-02 08:00:00,434306.85473069
2026-03-02 08:15:00,434306.85473069
2026-03-02 08:30:00,433953.19531952846
2026-03-02 08:45:00,433603.0725024785
2026-03-02 09:00:00,433256.450913599
2026-03-02 09:15:00,432913.29554060835
2026-03-02 09:30:00,432573.5717213476
2026-03-02 09:45:00,432237.2451402794
2026-03-02 10:00:00,432237.2451402794
2026-03-02 10:15:00,431574.648142917
2026-03-02 10:30:00,431574.648142917
2026-03-02 10:45:00,431574.648142917
2026-03-02 11:00:00,431574.648142917
2026-03-02 11:15:00,431574.648142917
2026-03-02 11:30:00,431574.648142917
2026-03-02 11:45:00,431574.648142917
2026-03-02 12:00:00,431574.648142917
2026-03-02 12:15:00,431574.648142917
2026-03-02 12:30:00,431574.648142917
2026-03-02 12:45:00,431574.648142917
2026-03-02 13:00:00,431574.648142917
2026-03-02 13:15:00,431574.648142917
2026-03-02 13:30:00,431574.648142917
2026-03-02 13:45:00,431574.648142917
2026-03-02 14:00:00,431574.648142917
2026-03-02 14:15:00,431574.648142917
2026-03-02 14:30:00,431574.648142917
2026-03-02 14:45:00,431574.648142917
2026-03-02 15:00:00,431574.648142917
2026-03-02 15:15:00,431574.648142917
2026-03-02 15:30:00,431574.648142917
2026-03-02 15:45:00,431574.648142917
2026-03-02 16:00:00,431574.648142917
2026-03-02 16:15:00,431574.648142917
2026-03-02 16:30:00,431574.648142917
2026-03-02 16:45:00,431574.648142917
2026-03-02 17:00:00,431574.648142917
2026-03-02 17:15:00,431574.648142917
2026-03-02 17:30:00,431248.3107976332
2026-03-02 17:45:00,431248.3107976332
2026-03-02 18:00:00,431248.3107976332
2026-03-02 18:15:00,431248.3107976332
2026-03-02 18:30:00,431248.3107976332
2026-03-02 18:45:00,431248.3107976332
2026-03-02 19:00:00,431248.3107976332
2026-03-02 19:15:00,431248.3107976332
2026-03-02 19:30:00,431248.3107976332
2026-03-02 19:45:00,431248.3107976332
2026-03-02 20:00:00,431248.3107976332
2026-03-02 20:15:00,431248.3107976332
2026-03-02 20:30:00,431248.3107976332
2026-03-02 20:45:00,431248.3107976332
2026-03-02 21:00:00,431248.3107976332
2026-03-02 21:15:00,431248.3107976332
2026-03-02 21:30:00,431248.3107976332
2026-03-02 21:45:00,431248.3107976332
2026-03-02 22:00:00,431248.3107976332
2026-03-02 22:15:00,431248.3107976332
2026-03-02 22:30:00,431248.3107976332
2026-03-02 22:45:00,431248.3107976332
2026-03-02 23:00:00,431248.3107976332
2026-03-02 23:15:00,431248.3107976332
2026-03-02 23:30:00,431248.3107976332
2026-03-02 23:45:00,431248.3107976332
2026-03-03 00:00:00,431248.3107976332
2026-03-03 00:15:00,431248.3107976332
2026-03-03 00:30:00,431248.3107976332
2026-03-03 00:45:00,431248.3107976332
2026-03-03 01:00:00,431248.3107976332
2026-03-03 01:15:00,431248.3107976332
2026-03-03 01:30:00,431248.3107976332
2026-03-03 01:45:00,431248.3107976332
2026-03-03 02:00:00,431248.3107976332
2026-03-03 02:15:00,431248.3107976332
2026-03-03 02:30:00,431248.3107976332
2026-03-03 02:45:00,431248.3107976332
2026-03-03 03:00:00,431248.3107976332
2026-03-03 03:15:00,431248.3107976332
2026-03-03 03:30:00,431248.3107976332
2026-03-03 03:45:00,431248.3107976332
2026-03-03 04:00:00,431248.3107976332
2026-03-03 04:15:00,431248.3107976332
2026-03-03 04:30:00,431248.3107976332
2026-03-03 04:45:00,431248.3107976332
2026-03-03 05:00:00,431248.3107976332
2026-03-03 05:15:00,431248.3107976332
2026-03-03 05:30:00,431248.3107976332
2026-03-03 05:45:00,431248.3107976332
2026-03-03 06:00:00,431248.3107976332
2026-03-03 06:15:00,431248.3107976332
2026-03-03 06:30:00,431248.3107976332
2026-03-03 06:45:00,431248.3107976332
2026-03-03 07:00:00,431248.3107976332
2026-03-03 07:15:00,430925.23682580213
2026-03-03 07:30:00,430288.7487938979
2026-03-03 07:45:00,430288.7487938979
2026-03-03 08:00:00,429975.2704421042
2026-03-03 08:15:00,429975.2704421042
2026-03-03 08:30:00,429975.2704421042
2026-03-03 08:45:00,429975.2704421042
2026-03-03 09:00:00,428752.39295601414
2026-03-03 09:15:00,428752.39295601414
2026-03-03 09:30:00,428752.39295601414
2026-03-03 09:45:00,428454.2781625993
2026-03-03 10:00:00,428159.14451711864
2026-03-03 10:15:00,427866.9622080928
2026-03-03 10:30:00,427577.7017221572
2026-03-03 10:45:00,427291.3338410809
2026-03-03 11:00:00,427291.3338410809
2026-03-03 11:15:00,426727.1604785726
2026-03-03 11:30:00,426727.1604785726
2026-03-03 11:45:00,426449.29800993216
2026-03-03 12:00:00,426449.29800993216
2026-03-03 12:15:00,426449.29800993216
2026-03-03 12:30:00,426174.2141659782
2026-03-03 12:45:00,426174.2141659782
2026-03-03 13:00:00,426174.2141659782
2026-03-03 13:15:00,426174.2141659782
2026-03-03 13:30:00,426174.2141659782
2026-03-03 13:45:00,426174.2141659782
2026-03-03 14:00:00,426174.2141659782
2026-03-03 14:15:00,426174.2141659782
2026-03-03 14:30:00,426174.2141659782
2026-03-03 14:45:00,426174.2141659782
2026-03-03 15:00:00,426174.2141659782
2026-03-03 15:15:00,426174.2141659782
2026-03-03 15:30:00,426174.2141659782
2026-03-03 15:45:00,426174.2141659782
2026-03-03 16:00:00,426174.2141659782
2026-03-03 16:15:00,426174.2141659782
2026-03-03 16:30:00,426174.2141659782
2026-03-03 16:45:00,426174.2141659782
2026-03-03 17:00:00,426174.2141659782
2026-03-03 17:15:00,426174.2141659782
2026-03-03 17:30:00,426174.2141659782
2026-03-03 17:45:00,426174.2141659782
2026-03-03 18:00:00,426174.2141659782
2026-03-03 18:15:00,426174.2141659782
2026-03-03 18:30:00,426174.2141659782
2026-03-03 18:45:00,428550.2321603639
2026-03-03 19:00:00,428550.2321603639
2026-03-03 19:15:00,428550.2321603639
2026-03-03 19:30:00,428550.2321603639
2026-03-03 19:45:00,428550.2321603639
2026-03-03 20:00:00,428550.2321603639
2026-03-03 20:15:00,428550.2321603639
2026-03-03 20:30:00,428550.2321603639
2026-03-03 20:45:00,428550.2321603639
2026-03-03 21:00:00,428550.2321603639
2026-03-03 21:15:00,428550.2321603639
2026-03-03 21:30:00,428550.2321603639
2026-03-03 21:45:00,428550.2321603639
2026-03-03 22:00:00,428550.2321603639
2026-03-03 22:15:00,428550.2321603639
2026-03-03 22:30:00,428550.2321603639
2026-03-03 22:45:00,428550.2321603639
2026-03-03 23:00:00,428550.2321603639
2026-03-03 23:15:00,428550.2321603639
2026-03-03 23:30:00,428550.2321603639
2026-03-03 23:45:00,428550.2321603639
2026-03-04 00:00:00,428550.2321603639
2026-03-04 00:15:00,428550.2321603639
2026-03-04 00:30:00,428550.2321603639
2026-03-04 00:45:00,428550.2321603639
2026-03-04 01:00:00,428550.2321603639
2026-03-04 01:15:00,428550.2321603639
2026-03-04 01:30:00,428550.2321603639
2026-03-04 01:45:00,428550.2321603639
2026-03-04 02:00:00,428550.2321603639
2026-03-04 02:15:00,428550.2321603639
2026-03-04 02:30:00,428550.2321603639
2026-03-04 02:45:00,428550.2321603639
2026-03-04 03:00:00,428550.2321603639
2026-03-04 03:15:00,428254.1389749056
2026-03-04 03:30:00,428254.1389749056
2026-03-04 03:45:00,428254.1389749056
2026-03-04 04:00:00,428254.1389749056
2026-03-04 04:15:00,428254.1389749056
2026-03-04 04:30:00,428254.1389749056
2026-03-04 04:45:00,428254.1389749056
2026-03-04 05:00:00,428254.1389749056
2026-03-04 05:15:00,428254.1389749056
2026-03-04 05:30:00,428254.1389749056
2026-03-04 05:45:00,428254.1389749056
2026-03-04 06:00:00,429723.61182522064
2026-03-04 06:15:00,429723.61182522064
2026-03-04 06:30:00,429723.61182522064
2026-03-04 06:45:00,429723.61182522064
2026-03-04 07:00:00,429723.61182522064
2026-03-04 07:15:00,429723.61182522064
2026-03-04 07:30:00,429723.61182522064
2026-03-04 07:45:00,429723.61182522064
2026-03-04 08:00:00,429723.61182522064
2026-03-04 08:15:00,429723.61182522064
2026-03-04 08:30:00,429723.61182522064
2026-03-04 08:45:00,429723.61182522064
2026-03-04 09:00:00,429723.61182522064
2026-03-04 09:15:00,429723.61182522064
2026-03-04 09:30:00,429723.61182522064
2026-03-04 09:45:00,429723.61182522064
2026-03-04 10:00:00,429723.61182522064
2026-03-04 10:15:00,429723.61182522064
2026-03-04 10:30:00,429723.61182522064
2026-03-04 10:45:00,429723.61182522064
2026-03-04 11:00:00,429723.61182522064
2026-03-04 11:15:00,429723.61182522064
2026-03-04 11:30:00,429723.61182522064
2026-03-04 11:45:00,429723.61182522064
2026-03-04 12:00:00,429723.61182522064
2026-03-04 12:15:00,429723.61182522064
2026-03-04 12:30:00,429723.61182522064
2026-03-04 12:45:00,429723.61182522064
2026-03-04 13:00:00,429723.61182522064
2026-03-04 13:15:00,429723.61182522064
2026-03-04 13:30:00,429723.61182522064
2026-03-04 13:45:00,429723.61182522064
2026-03-04 14:00:00,429723.61182522064
2026-03-04 14:15:00,429723.61182522064
2026-03-04 14:30:00,429723.61182522064
2026-03-04 14:45:00,429723.61182522064
2026-03-04 15:00:00,429723.61182522064
2026-03-04 15:15:00,429723.61182522064
2026-03-04 15:30:00,429723.61182522064
2026-03-04 15:45:00,429723.61182522064
2026-03-04 16:00:00,429723.61182522064
2026-03-04 16:15:00,429723.61182522064
2026-03-04 16:30:00,429723.61182522064
2026-03-04 16:45:00,429723.61182522064
2026-03-04 17:00:00,429723.61182522064
2026-03-04 17:15:00,429723.61182522064
2026-03-04 17:30:00,429723.61182522064
2026-03-04 17:45:00,429723.61182522064
2026-03-04 18:00:00,429723.61182522064
2026-03-04 18:15:00,429723.61182522064
2026-03-04 18:30:00,429723.61182522064
2026-03-04 18:45:00,429723.61182522064
2026-03-04 19:00:00,429723.61182522064
2026-03-04 19:15:00,429723.61182522064
2026-03-04 19:30:00,429723.61182522064
2026-03-04 19:45:00,429723.61182522064
2026-03-04 20:00:00,429723.61182522064
2026-03-04 20:15:00,429723.61182522064
2026-03-04 20:30:00,429723.61182522064
2026-03-04 20:45:00,429723.61182522064
2026-03-04 21:00:00,429723.61182522064
2026-03-04 21:15:00,429723.61182522064
2026-03-04 21:30:00,429723.61182522064
2026-03-04 21:45:00,429723.61182522064
2026-03-04 22:00:00,429723.61182522064
2026-03-04 22:15:00,429723.61182522064
2026-03-04 22:30:00,429723.61182522064
2026-03-04 22:45:00,429723.61182522064
2026-03-04 23:00:00,429723.61182522064
2026-03-04 23:15:00,429723.61182522064
2026-03-04 23:30:00,429723.61182522064
2026-03-04 23:45:00,429723.61182522064
2026-03-05 00:00:00,429723.61182522064
2026-03-05 00:15:00,429723.61182522064
2026-03-05 00:30:00,429723.61182522064
2026-03-05 00:45:00,429723.61182522064
2026-03-05 01:00:00,429723.61182522064
2026-03-05 01:15:00,429723.61182522064
2026-03-05 01:30:00,429723.61182522064
2026-03-05 01:45:00,429723.61182522064
2026-03-05 02:00:00,429723.61182522064
2026-03-05 02:15:00,429723.61182522064
2026-03-05 02:30:00,429723.61182522064
2026-03-05 02:45:00,429723.61182522064
2026-03-05 03:00:00,429723.61182522064
2026-03-05 03:15:00,429723.61182522064
2026-03-05 03:30:00,429723.61182522064
2026-03-05 03:45:00,429723.61182522064
2026-03-05 04:00:00,429723.61182522064
2026-03-05 04:15:00,429723.61182522064
2026-03-05 04:30:00,429723.61182522064
2026-03-05 04:45:00,429723.61182522064
2026-03-05 05:00:00,429723.61182522064
2026-03-05 05:15:00,429723.61182522064
2026-03-05 05:30:00,429723.61182522064
2026-03-05 05:45:00,429723.61182522064
2026-03-05 06:00:00,429723.61182522064
2026-03-05 06:15:00,429723.61182522064
2026-03-05 06:30:00,429723.61182522064
2026-03-05 06:45:00,429723.61182522064
2026-03-05 07:00:00,429723.61182522064
2026-03-05 07:15:00,429723.61182522064
2026-03-05 07:30:00,429723.61182522064
2026-03-05 07:45:00,429723.61182522064
2026-03-05 08:00:00,429723.61182522064
2026-03-05 08:15:00,429723.61182522064
2026-03-05 08:30:00,429723.61182522064
2026-03-05 08:45:00,429723.61182522064
2026-03-05 09:00:00,429723.61182522064
2026-03-05 09:15:00,429723.61182522064
2026-03-05 09:30:00,429723.61182522064
2026-03-05 09:45:00,429723.61182522064
2026-03-05 10:00:00,429723.61182522064
2026-03-05 10:15:00,429723.61182522064
2026-03-05 10:30:00,429723.61182522064
2026-03-05 10:45:00,429723.61182522064
2026-03-05 11:00:00,429723.61182522064
2026-03-05 11:15:00,429723.61182522064
2026-03-05 11:30:00,429723.61182522064
2026-03-05 11:45:00,429723.61182522064
2026-03-05 12:00:00,429723.61182522064
2026-03-05 12:15:00,429723.61182522064
2026-03-05 12:30:00,429723.61182522064
2026-03-05 12:45:00,429723.61182522064
2026-03-05 13:00:00,429723.61182522064
2026-03-05 13:15:00,429723.61182522064
2026-03-05 13:30:00,429723.61182522064
2026-03-05 13:45:00,429723.61182522064
2026-03-05 14:00:00,429723.61182522064
2026-03-05 14:15:00,429723.61182522064
2026-03-05 14:30:00,429723.61182522064
2026-03-05 14:45:00,429723.61182522064
2026-03-05 15:00:00,429723.61182522064
2026-03-05 15:15:00,429723.61182522064
2026-03-05 15:30:00,429723.61182522064
2026-03-05 15:45:00,429723.61182522064
2026-03-05 16:00:00,429723.61182522064
2026-03-05 16:15:00,429723.61182522064
2026-03-05 16:30:00,429723.61182522064
2026-03-05 16:45:00,429723.61182522064
2026-03-05 17:00:00,429723.61182522064
2026-03-05 17:15:00,429723.61182522064
2026-03-05 17:30:00,429723.61182522064
2026-03-05 17:45:00,429723.61182522064
2026-03-05 18:00:00,429723.61182522064
2026-03-05 18:15:00,429723.61182522064
2026-03-05 18:30:00,429723.61182522064
2026-03-05 18:45:00,429723.61182522064
2026-03-05 19:00:00,429723.61182522064
2026-03-05 19:15:00,429723.61182522064
2026-03-05 19:30:00,429723.61182522064
2026-03-05 19:45:00,429723.61182522064
2026-03-05 20:00:00,429723.61182522064
2026-03-05 20:15:00,429723.61182522064
2026-03-05 20:30:00,429723.61182522064
2026-03-05 20:45:00,429723.61182522064
2026-03-05 21:00:00,429723.61182522064
2026-03-05 21:15:00,429723.61182522064
2026-03-05 21:30:00,429723.61182522064
2026-03-05 21:45:00,429723.61182522064
2026-03-05 22:00:00,429723.61182522064
2026-03-05 22:15:00,429723.61182522064
2026-03-05 22:30:00,429723.61182522064
2026-03-05 22:45:00,429723.61182522064
2026-03-05 23:00:00,429723.61182522064
2026-03-05 23:15:00,429723.61182522064
2026-03-05 23:30:00,429723.61182522064
2026-03-05 23:45:00,429723.61182522064
2026-03-06 00:00:00,429723.61182522064
2026-03-06 00:15:00,429723.61182522064
2026-03-06 00:30:00,429723.61182522064
2026-03-06 00:45:00,429723.61182522064
2026-03-06 01:00:00,429723.61182522064
2026-03-06 01:15:00,429723.61182522064
2026-03-06 01:30:00,429723.61182522064
2026-03-06 01:45:00,429723.61182522064
2026-03-06 02:00:00,429723.61182522064
2026-03-06 02:15:00,429723.61182522064
2026-03-06 02:30:00,429723.61182522064
2026-03-06 02:45:00,429723.61182522064
2026-03-06 03:00:00,429723.61182522064
2026-03-06 03:15:00,429723.61182522064
2026-03-06 03:30:00,429723.61182522064
2026-03-06 03:45:00,429723.61182522064
2026-03-06 04:00:00,429723.61182522064
2026-03-06 04:15:00,429723.61182522064
2026-03-06 04:30:00,429723.61182522064
2026-03-06 04:45:00,429723.61182522064
2026-03-06 05:00:00,429723.61182522064
2026-03-06 05:15:00,429723.61182522064
2026-03-06 05:30:00,429723.61182522064
2026-03-06 05:45:00,429723.61182522064
2026-03-06 06:00:00,429723.61182522064
2026-03-06 06:15:00,429723.61182522064
2026-03-06 06:30:00,429723.61182522064
2026-03-06 06:45:00,429723.61182522064
2026-03-06 07:00:00,429723.61182522064
2026-03-06 07:15:00,429723.61182522064
2026-03-06 07:30:00,429723.61182522064
2026-03-06 07:45:00,429723.61182522064
2026-03-06 08:00:00,429723.61182522064
2026-03-06 08:15:00,429723.61182522064
2026-03-06 08:30:00,429723.61182522064
2026-03-06 08:45:00,429723.61182522064
2026-03-06 09:00:00,429723.61182522064
2026-03-06 09:15:00,429723.61182522064
2026-03-06 09:30:00,429723.61182522064
2026-03-06 09:45:00,429723.61182522064
2026-03-06 10:00:00,429723.61182522064
2026-03-06 10:15:00,429723.61182522064
2026-03-06 10:30:00,429723.61182522064
2026-03-06 10:45:00,429723.61182522064
2026-03-06 11:00:00,429723.61182522064
2026-03-06 11:15:00,429723.61182522064
2026-03-06 11:30:00,429723.61182522064
2026-03-06 11:45:00,429723.61182522064
2026-03-06 12:00:00,429723.61182522064
2026-03-06 12:15:00,429723.61182522064
2026-03-06 12:30:00,429723.61182522064
2026-03-06 12:45:00,429723.61182522064
2026-03-06 13:00:00,429723.61182522064
2026-03-06 13:15:00,429723.61182522064
2026-03-06 13:30:00,429723.61182522064
2026-03-06 13:45:00,429723.61182522064
2026-03-06 14:00:00,429723.61182522064
2026-03-06 14:15:00,429723.61182522064
2026-03-06 14:30:00,429723.61182522064
2026-03-06 14:45:00,429723.61182522064
2026-03-06 15:00:00,429723.61182522064
2026-03-06 15:15:00,429723.61182522064
2026-03-06 15:30:00,429723.61182522064
2026-03-06 15:45:00,429723.61182522064
2026-03-06 16:00:00,429723.61182522064
2026-03-06 16:15:00,429723.61182522064
2026-03-06 16:30:00,429723.61182522064
2026-03-06 16:45:00,429723.61182522064
2026-03-06 17:00:00,429723.61182522064
2026-03-06 17:15:00,429723.61182522064
2026-03-06 17:30:00,429723.61182522064
2026-03-06 17:45:00,429723.61182522064
2026-03-06 18:00:00,429723.61182522064
2026-03-06 18:15:00,429723.61182522064
2026-03-06 18:30:00,429723.61182522064
2026-03-06 18:45:00,429723.61182522064
2026-03-06 19:00:00,429723.61182522064
2026-03-06 19:15:00,429723.61182522064
2026-03-06 19:30:00,429723.61182522064
2026-03-06 19:45:00,429723.61182522064
2026-03-06 20:00:00,429723.61182522064
2026-03-06 20:15:00,429723.61182522064
2026-03-06 20:30:00,429723.61182522064
2026-03-06 20:45:00,429723.61182522064
2026-03-06 21:00:00,429723.61182522064
2026-03-06 21:15:00,429723.61182522064
2026-03-06 21:30:00,429723.61182522064
2026-03-06 21:45:00,429723.61182522064
2026-03-06 22:00:00,429723.61182522064
2026-03-06 22:15:00,429723.61182522064
2026-03-06 22:30:00,429723.61182522064
2026-03-06 22:45:00,429723.61182522064
2026-03-06 23:00:00,429723.61182522064
2026-03-06 23:15:00,429723.61182522064
2026-03-06 23:30:00,429723.61182522064
2026-03-06 23:45:00,429723.61182522064
2026-03-09 00:00:00,429723.61182522064
2026-03-09 00:15:00,429723.61182522064
2026-03-09 00:30:00,429723.61182522064
2026-03-09 00:45:00,429723.61182522064
2026-03-09 01:00:00,429723.61182522064
2026-03-09 01:15:00,429723.61182522064
2026-03-09 01:30:00,429723.61182522064
2026-03-09 01:45:00,429723.61182522064
2026-03-09 02:00:00,429723.61182522064
2026-03-09 02:15:00,429723.61182522064
2026-03-09 02:30:00,429723.61182522064
2026-03-09 02:45:00,429723.61182522064
2026-03-09 03:00:00,429723.61182522064
2026-03-09 03:15:00,429723.61182522064
2026-03-09 03:30:00,429723.61182522064
2026-03-09 03:45:00,429723.61182522064
2026-03-09 04:00:00,429723.61182522064
2026-03-09 04:15:00,429723.61182522064
2026-03-09 04:30:00,429723.61182522064
2026-03-09 04:45:00,429723.61182522064
2026-03-09 05:00:00,429723.61182522064
2026-03-09 05:15:00,429723.61182522064
2026-03-09 05:30:00,429723.61182522064
2026-03-09 05:45:00,429723.61182522064
2026-03-09 06:00:00,429723.61182522064
2026-03-09 06:15:00,429723.61182522064
2026-03-09 06:30:00,429723.61182522064
2026-03-09 06:45:00,429723.61182522064
2026-03-09 07:00:00,429723.61182522064
2026-03-09 07:15:00,429723.61182522064
2026-03-09 07:30:00,429723.61182522064
2026-03-09 07:45:00,429723.61182522064
2026-03-09 08:00:00,429723.61182522064
2026-03-09 08:15:00,429723.61182522064
2026-03-09 08:30:00,429723.61182522064
2026-03-09 08:45:00,429723.61182522064
2026-03-09 09:00:00,429723.61182522064
2026-03-09 09:15:00,429723.61182522064
2026-03-09 09:30:00,429723.61182522064
2026-03-09 09:45:00,429473.61182522064
2026-03-09 10:00:00,429226.11182522064
2026-03-09 10:15:00,428981.0868252206
2026-03-09 10:30:00,428981.0868252206
2026-03-09 10:45:00,428981.0868252206
2026-03-09 11:00:00,428981.0868252206
2026-03-09 11:15:00,428981.0868252206
2026-03-09 11:30:00,428981.0868252206
2026-03-09 11:45:00,428981.0868252206
2026-03-09 12:00:00,428498.36307272065
2026-03-09 12:15:00,428498.36307272065
2026-03-09 12:30:00,428498.36307272065
2026-03-09 12:45:00,428498.36307272065
2026-03-09 13:00:00,428260.61556024564
2026-03-09 13:15:00,428025.24552289536
2026-03-09 13:30:00,427792.22918591864
2026-03-09 13:45:00,427561.5430123117
2026-03-09 14:00:00,427561.5430123117
2026-03-09 14:15:00,428025.24552289536
2026-03-09 14:30:00,427792.22918591864
2026-03-09 14:45:00,427792.22918591864
2026-03-09 15:00:00,427792.22918591864
2026-03-09 15:15:00,427792.22918591864
2026-03-09 15:30:00,427792.22918591864
2026-03-09 15:45:00,427792.22918591864
2026-03-09 16:00:00,427792.22918591864
2026-03-09 16:15:00,427792.22918591864
2026-03-09 16:30:00,432763.66040600755
2026-03-09 16:45:00,432763.66040600755
2026-03-09 17:00:00,432483.2599201997
2026-03-09 17:15:00,432483.2599201997
2026-03-09 17:30:00,434165.66283504694
2026-03-09 17:45:00,434165.66283504694
2026-03-09 18:00:00,433871.2423249487
2026-03-09 18:15:00,433871.2423249487
2026-03-09 18:30:00,433005.52855147625
2026-03-09 18:45:00,432722.7093842137
2026-03-09 19:00:00,432722.7093842137
2026-03-09 19:15:00,432722.7093842137
2026-03-09 19:30:00,433291.20447800413
2026-03-09 19:45:00,433291.20447800413
2026-03-09 20:00:00,433291.20447800413
2026-03-09 20:15:00,433005.52855147625
2026-03-09 20:30:00,433291.20447800413
2026-03-09 20:45:00,433291.20447800413
2026-03-09 21:00:00,433291.20447800413
2026-03-09 21:15:00,433005.52855147625
2026-03-09 21:30:00,432722.7093842137
2026-03-09 21:45:00,432722.7093842137
2026-03-09 22:00:00,432722.7093842137
2026-03-09 22:15:00,432442.71840862377
2026-03-09 22:30:00,432442.71840862377
2026-03-09 22:45:00,432165.52734278975
2026-03-09 23:00:00,432165.52734278975
2026-03-09 23:15:00,432165.52734278975
2026-03-09 23:30:00,432165.52734278975
2026-03-09 23:45:00,431350.47501000244
2026-03-10 00:00:00,431350.47501000244
2026-03-10 00:15:00,431084.20637815463
2026-03-10 00:30:00,431350.47501000244
2026-03-10 00:45:00,431350.47501000244
2026-03-10 01:00:00,431350.47501000244
2026-03-10 01:15:00,431350.47501000244
2026-03-10 01:30:00,431084.20637815463
2026-03-10 01:45:00,431084.20637815463
2026-03-10 02:00:00,431084.20637815463
2026-03-10 02:15:00,431084.20637815463
2026-03-10 02:30:00,431084.20637815463
2026-03-10 02:45:00,431084.20637815463
2026-03-10 03:00:00,431084.20637815463
2026-03-10 03:15:00,430045.4937739968
2026-03-10 03:30:00,430045.4937739968
2026-03-10 03:45:00,430045.4937739968
2026-03-10 04:00:00,430045.4937739968
2026-03-10 04:15:00,429541.5883232161
2026-03-10 04:30:00,429293.40855823614
2026-03-10 04:45:00,429293.40855823614
2026-03-10 05:00:00,429293.40855823614
2026-03-10 05:15:00,429293.40855823614
2026-03-10 05:30:00,434588.3533154307
2026-03-10 05:45:00,436081.5903899412
2026-03-10 06:00:00,435768.01060429396
2026-03-10 06:15:00,435768.01060429396
2026-03-10 06:30:00,435150.2270685904
2026-03-10 06:45:00,434845.9609161567
2026-03-10 07:00:00,434544.7374252473
2026-03-10 07:15:00,434544.7374252473
2026-03-10 07:30:00,434544.7374252473
2026-03-10 07:45:00,434544.7374252473
2026-03-10 08:00:00,434544.7374252473
2026-03-10 08:15:00,434544.7374252473
2026-03-10 08:30:00,433951.2970258068
2026-03-10 08:45:00,433951.2970258068
2026-03-10 09:00:00,433951.2970258068
2026-03-10 09:15:00,433659.02017380093
2026-03-10 09:30:00,433659.02017380093
2026-03-10 09:45:00,433369.66609031515
2026-03-10 10:00:00,433369.66609031515
2026-03-10 10:15:00,433369.66609031515
2026-03-10 10:30:00,433369.66609031515
2026-03-10 10:45:00,433369.66609031515
2026-03-10 11:00:00,444686.77224034705
2026-03-10 11:15:00,444686.77224034705
2026-03-10 11:30:00,442783.76460153155
2026-03-10 11:45:00,442783.76460153155
2026-03-10 12:00:00,442783.76460153155
2026-03-10 12:15:00,446684.9302611033
2026-03-10 12:30:00,446684.9302611033
2026-03-10 12:45:00,446684.9302611033
2026-03-10 13:00:00,446684.9302611033
2026-03-10 13:15:00,446684.9302611033
2026-03-10 13:30:00,446684.9302611033
2026-03-10 13:45:00,446684.9302611033
2026-03-10 14:00:00,446684.9302611033
2026-03-10 14:15:00,446684.9302611033
2026-03-10 14:30:00,446684.9302611033
2026-03-10 14:45:00,446684.9302611033
2026-03-10 15:00:00,446684.9302611033
2026-03-10 15:15:00,446684.9302611033
2026-03-10 15:30:00,446684.9302611033
2026-03-10 15:45:00,446265.3170767445
2026-03-10 16:00:00,445438.6371422392
2026-03-10 16:15:00,445031.486889069
2026-03-10 16:30:00,447046.8806422614
2026-03-10 16:45:00,447046.8806422614
2026-03-10 17:00:00,446623.647954091
2026-03-10 17:15:00,446623.647954091
2026-03-10 17:30:00,445789.83723512647
2026-03-10 17:45:00,445379.17498102743
2026-03-10 18:00:00,445379.17498102743
2026-03-10 18:15:00,444972.6193494694
2026-03-10 18:30:00,444972.6193494694
2026-03-10 18:45:00,444171.66409973684
2026-03-10 19:00:00,444171.66409973684
2026-03-10 19:15:00,444171.66409973684
2026-03-10 19:30:00,444171.66409973684
2026-03-10 19:45:00,444171.66409973684
2026-03-10 20:00:00,444171.66409973684
2026-03-10 20:15:00,443000.0174991314
2026-03-10 20:30:00,442617.25344239234
2026-03-10 20:45:00,442238.3170262206
2026-03-10 21:00:00,441863.16997421056
2026-03-10 21:15:00,441491.77439272066
2026-03-10 21:30:00,441491.77439272066
2026-03-10 21:45:00,441491.77439272066
2026-03-10 22:00:00,441491.77439272066
2026-03-10 22:15:00,441491.77439272066
2026-03-10 22:30:00,441491.77439272066
2026-03-10 22:45:00,441491.77439272066
2026-03-10 23:00:00,441491.77439272066
2026-03-10 23:15:00,441491.77439272066
2026-03-10 23:30:00,441491.77439272066
2026-03-10 23:45:00,441491.77439272066
2026-03-11 00:00:00,441491.77439272066
2026-03-11 00:15:00,441491.77439272066
2026-03-11 00:30:00,441491.77439272066
2026-03-11 00:45:00,441491.77439272066
2026-03-11 01:00:00,441491.77439272066
2026-03-11 01:15:00,441491.77439272066
2026-03-11 01:30:00,441491.77439272066
2026-03-11 01:45:00,441491.77439272066
2026-03-11 02:00:00,441491.77439272066
2026-03-11 02:15:00,441491.77439272066
2026-03-11 02:30:00,441491.77439272066
2026-03-11 02:45:00,441491.77439272066
2026-03-11 03:00:00,441491.77439272066
2026-03-11 03:15:00,441491.77439272066
2026-03-11 03:30:00,441491.77439272066
2026-03-11 03:45:00,441124.09276704566
2026-03-11 04:00:00,441124.09276704566
2026-03-11 04:15:00,441124.09276704566
2026-03-11 04:30:00,440399.72319630336
2026-03-11 04:45:00,440042.96208259254
2026-03-11 05:00:00,440042.96208259254
2026-03-11 05:15:00,439689.76858001883
2026-03-11 05:30:00,439340.10701247083
2026-03-11 05:45:00,438993.94206059835
2026-03-11 06:00:00,438993.94206059835
2026-03-11 06:15:00,438993.94206059835
2026-03-11 06:30:00,438993.94206059835
2026-03-11 06:45:00,438993.94206059835
2026-03-11 07:00:00,438993.94206059835
2026-03-11 07:15:00,438993.94206059835
2026-03-11 07:30:00,438993.94206059835
2026-03-11 07:45:00,438993.94206059835
2026-03-11 08:00:00,438993.94206059835
2026-03-11 08:15:00,438651.23875824455
2026-03-11 08:30:00,438311.9624889143
2026-03-11 08:45:00,437976.07898227737
2026-03-11 09:00:00,437976.07898227737
2026-03-11 09:15:00,437976.07898227737
2026-03-11 09:30:00,437643.5543107068
2026-03-11 09:45:00,437643.5543107068
2026-03-11 10:00:00,437643.5543107068
2026-03-11 10:15:00,437314.35488585196
2026-03-11 10:30:00,436988.44745524565
2026-03-11 10:45:00,436665.7990989454
2026-03-11 11:00:00,436665.7990989454
2026-03-11 11:15:00,436665.7990989454
2026-03-11 11:30:00,436665.7990989454
2026-03-11 11:45:00,436665.7990989454
2026-03-11 12:00:00,436665.7990989454
2026-03-11 12:15:00,436665.7990989454
2026-03-11 12:30:00,436665.7990989454
2026-03-11 12:45:00,436346.37722620816
2026-03-11 13:00:00,436346.37722620816
2026-03-11 13:15:00,436346.37722620816
2026-03-11 13:30:00,436346.37722620816
2026-03-11 13:45:00,436346.37722620816
2026-03-11 14:00:00,436346.37722620816
2026-03-11 14:15:00,436346.37722620816
2026-03-11 14:30:00,436346.37722620816
2026-03-11 14:45:00,436346.37722620816
2026-03-11 15:00:00,437927.5154962576
2026-03-11 15:15:00,437595.4764595472
2026-03-11 15:30:00,436300.1938342148
2026-03-11 15:45:00,436300.1938342148
2026-03-11 16:00:00,435671.81985223584
2026-03-11 16:15:00,435362.33777196566
2026-03-11 16:30:00,435055.9505124982
2026-03-11 16:45:00,435055.9505124982
2026-03-11 17:00:00,435055.9505124982
2026-03-11 17:15:00,435055.9505124982
2026-03-11 17:30:00,435055.9505124982
2026-03-11 17:45:00,435055.9505124982
2026-03-11 18:00:00,435055.9505124982
2026-03-11 18:15:00,435055.9505124982
2026-03-11 18:30:00,435055.9505124982
2026-03-11 18:45:00,435055.9505124982
2026-03-11 19:00:00,435055.9505124982
2026-03-11 19:15:00,435055.9505124982
2026-03-11 19:30:00,435055.9505124982
2026-03-11 19:45:00,435055.9505124982
2026-03-11 20:00:00,435055.9505124982
2026-03-11 20:15:00,435055.9505124982
2026-03-11 20:30:00,435055.9505124982
2026-03-11 20:45:00,435055.9505124982
2026-03-11 21:00:00,435055.9505124982
2026-03-11 21:15:00,435055.9505124982
2026-03-11 21:30:00,435055.9505124982
2026-03-11 21:45:00,435055.9505124982
2026-03-11 22:00:00,435055.9505124982
2026-03-11 22:15:00,435055.9505124982
2026-03-11 22:30:00,435055.9505124982
2026-03-11 22:45:00,435055.9505124982
2026-03-11 23:00:00,435055.9505124982
2026-03-11 23:15:00,435055.9505124982
2026-03-11 23:30:00,435055.9505124982
2026-03-11 23:45:00,434452.3369726214
2026-03-12 00:00:00,434452.3369726214
2026-03-12 00:15:00,434452.3369726214
2026-03-12 00:30:00,434452.3369726214
2026-03-12 00:45:00,433569.36410701845
2026-03-12 01:00:00,433569.36410701845
2026-03-12 01:15:00,433569.36410701845
2026-03-12 01:30:00,433569.36410701845
2026-03-12 01:45:00,433569.36410701845
2026-03-12 02:00:00,433280.90658420045
2026-03-12 02:15:00,433280.90658420045
2026-03-12 02:30:00,433280.90658420045
2026-03-12 02:45:00,433280.90658420045
2026-03-12 03:00:00,433280.90658420045
2026-03-12 03:15:00,432995.33363661065
2026-03-12 03:30:00,432995.33363661065
2026-03-12 03:45:00,432995.33363661065
2026-03-12 04:00:00,432995.33363661065
2026-03-12 04:15:00,432995.33363661065
2026-03-12 04:30:00,432995.33363661065
2026-03-12 04:45:00,432995.33363661065
2026-03-12 05:00:00,432995.33363661065
2026-03-12 05:15:00,441170.7606009845
2026-03-12 05:30:00,441170.7606009845
2026-03-12 05:45:00,442993.1180397727
2026-03-12 06:00:00,442993.1180397727
2026-03-12 06:15:00,442993.1180397727
2026-03-12 06:30:00,442993.1180397727
2026-03-12 06:45:00,442993.1180397727
2026-03-12 07:00:00,442993.1180397727
2026-03-12 07:15:00,442993.1180397727
2026-03-12 07:30:00,442993.1180397727
2026-03-12 07:45:00,442993.1180397727
2026-03-12 08:00:00,442993.1180397727
2026-03-12 08:15:00,442993.11803977273
2026-03-12 08:30:00,442993.11803977273
2026-03-12 08:45:00,442993.11803977273
2026-03-12 09:00:00,442993.11803977273
2026-03-12 09:15:00,442993.11803977273
2026-03-12 09:30:00,442993.11803977273
2026-03-12 09:45:00,442993.11803977273
2026-03-12 10:00:00,442993.11803977273
2026-03-12 10:15:00,442610.4229776272
2026-03-12 10:30:00,442231.5548661031
2026-03-12 10:45:00,442231.5548661031
2026-03-12 11:00:00,442231.5548661031
2026-03-12 11:15:00,440088.24383519555
2026-03-12 11:30:00,440088.24383519555
2026-03-12 11:45:00,440088.24383519555
2026-03-12 12:00:00,440088.24383519555
2026-03-12 12:15:00,440088.24383519555
2026-03-12 12:30:00,440088.24383519555
2026-03-12 12:45:00,440088.24383519555
2026-03-12 13:00:00,440088.24383519555
2026-03-12 13:15:00,440088.24383519555
2026-03-12 13:30:00,440088.24383519555
2026-03-12 13:45:00,440088.24383519555
2026-03-12 14:00:00,440088.24383519555
2026-03-12 14:15:00,440088.24383519555
2026-03-12 14:30:00,440088.24383519555
2026-03-12 14:45:00,440088.24383519555
2026-03-12 15:00:00,440088.24383519555
2026-03-12 15:15:00,440088.24383519555
2026-03-12 15:30:00,440088.24383519555
2026-03-12 15:45:00,440088.24383519555
2026-03-12 16:00:00,440088.24383519555
2026-03-12 16:15:00,440088.24383519555
2026-03-12 16:30:00,440088.24383519555
2026-03-12 16:45:00,440088.24383519555
2026-03-12 17:00:00,440088.24383519555
2026-03-12 17:15:00,439734.5975150958
2026-03-12 17:30:00,441485.14679958957
2026-03-12 17:45:00,441485.14679958957
2026-03-12 18:00:00,441485.14679958957
2026-03-12 18:15:00,440393.29244931584
2026-03-12 18:30:00,440036.5956430749
2026-03-12 18:45:00,440036.5956430749
2026-03-12 19:00:00,440036.5956430749
2026-03-12 19:15:00,439683.4658048963
2026-03-12 19:30:00,439683.4658048963
2026-03-12 19:45:00,439683.4658048963
2026-03-12 20:00:00,439683.4658048963
2026-03-12 20:15:00,439683.4658048963
2026-03-12 20:30:00,439683.4658048963
2026-03-12 20:45:00,439683.4658048963
2026-03-12 21:00:00,439333.86726509954
2026-03-12 21:15:00,438987.7647107008
2026-03-12 21:30:00,438645.123181846
2026-03-12 21:45:00,438645.123181846
2026-03-12 22:00:00,438645.123181846
2026-03-12 22:15:00,438645.123181846
2026-03-12 22:30:00,438645.123181846
2026-03-12 22:45:00,438645.123181846
2026-03-12 23:00:00,438645.123181846
2026-03-12 23:15:00,438305.90806827974
2026-03-12 23:30:00,437970.08510584914
2026-03-12 23:45:00,437637.6203730429
2026-03-13 00:00:00,437637.6203730429
2026-03-13 00:15:00,437637.6203730429
2026-03-13 00:30:00,437308.4802875646
2026-03-13 00:45:00,437308.4802875646
2026-03-13 01:00:00,436660.041405164
2026-03-13 01:15:00,436340.67710936454
2026-03-13 01:30:00,436982.6316029412
2026-03-13 01:45:00,436660.041405164
2026-03-13 02:00:00,436660.041405164
2026-03-13 02:15:00,439333.86726509954
2026-03-13 02:30:00,439333.86726509954
2026-03-13 02:45:00,439333.86726509954
2026-03-13 03:00:00,442122.0780959002
2026-03-13 03:15:00,443992.00140943413
2026-03-13 03:30:00,445955.4208886449
2026-03-13 03:45:00,445955.4208886449
2026-03-13 04:00:00,445955.4208886449
2026-03-13 04:15:00,445955.4208886449
2026-03-13 04:30:00,445955.4208886449
2026-03-13 04:45:00,445955.4208886449
2026-03-13 05:00:00,445955.4208886449
2026-03-13 05:15:00,445955.4208886449
2026-03-13 05:30:00,445955.4208886449
2026-03-13 05:45:00,445543.1027980106
2026-03-13 06:00:00,445543.1027980106
2026-03-13 06:15:00,445543.1027980106
2026-03-13 06:30:00,444730.7949276521
2026-03-13 06:45:00,444730.7949276521
2026-03-13 07:00:00,444730.7949276521
2026-03-13 07:15:00,444330.72309662774
2026-03-13 07:30:00,444330.72309662774
2026-03-13 07:45:00,444330.72309662774
2026-03-13 08:00:00,443934.6519839137
2026-03-13 08:15:00,443934.6519839137
2026-03-13 08:30:00,443934.6519839137
2026-03-13 08:45:00,443934.6519839137
2026-03-13 09:00:00,443542.54158232675
2026-03-13 09:15:00,442770.04488016036
2026-03-13 09:30:00,443154.3522847557
2026-03-13 09:45:00,443154.3522847557
2026-03-13 10:00:00,443154.3522847557
2026-03-13 10:15:00,443154.3522847557
2026-03-13 10:30:00,443154.3522847557
2026-03-13 10:45:00,443154.3522847557
2026-03-13 11:00:00,442389.58054961095
2026-03-13 11:15:00,442012.920862367
2026-03-13 11:30:00,461017.7360779377
2026-03-13 11:45:00,461017.7360779377
2026-03-13 12:00:00,460454.79483541055
2026-03-13 12:15:00,459897.48300530866
2026-03-13 12:30:00,459897.48300530866
2026-03-13 12:45:00,459897.48300530866
2026-03-13 13:00:00,451504.7384302229
2026-03-13 13:15:00,453843.7947604731
2026-03-13 13:30:00,456299.80390723556
2026-03-13 13:45:00,456299.80390723556
2026-03-13 14:00:00,456299.80390723556
2026-03-13 14:15:00,456299.80390723556
2026-03-13 14:30:00,456299.80390723556
2026-03-13 14:45:00,456299.80390723556
2026-03-13 15:00:00,456299.80390723556
2026-03-13 15:15:00,456299.80390723556
2026-03-13 15:30:00,456299.80390723556
2026-03-13 15:45:00,458878.61351133627
2026-03-13 16:00:00,458878.61351133627
2026-03-13 16:15:00,458878.61351133627
2026-03-13 16:30:00,458878.61351133627
2026-03-13 16:45:00,458878.61351133627
2026-03-13 17:00:00,458878.61351133627
2026-03-13 17:15:00,458878.61351133627
2026-03-13 17:30:00,458878.61351133627
2026-03-13 17:45:00,458878.61351133627
2026-03-13 18:00:00,458878.61351133627
2026-03-13 18:15:00,458878.61351133627
2026-03-13 18:30:00,458878.61351133627
2026-03-13 18:45:00,458878.61351133627
2026-03-13 19:00:00,458878.61351133627
2026-03-13 19:15:00,458878.61351133627
2026-03-13 19:30:00,458878.61351133627
2026-03-13 19:45:00,457800.92897778255
2026-03-13 20:00:00,457800.92897778255
2026-03-13 20:15:00,457270.1558062569
2026-03-13 20:30:00,457270.1558062569
2026-03-13 20:45:00,457270.1558062569
2026-03-13 21:00:00,457270.1558062569
2026-03-13 21:15:00,457270.1558062569
2026-03-13 21:30:00,457270.1558062569
2026-03-13 21:45:00,457270.1558062569
2026-03-13 22:00:00,457270.1558062569
2026-03-13 22:15:00,457270.1558062569
2026-03-13 22:30:00,457270.1558062569
2026-03-13 22:45:00,457270.1558062569
2026-03-13 23:00:00,456224.47958103433
2026-03-13 23:15:00,455199.6123126936
2026-03-13 23:30:00,455199.6123126936
2026-03-13 23:45:00,455199.6123126936
2026-03-14 01:00:00,455199.6123126936
2026-03-14 01:15:00,455199.6123126936
2026-03-14 01:30:00,455199.6123126936
2026-03-14 01:45:00,455199.6123126936
2026-03-14 02:00:00,455199.6123126936
2026-03-14 02:15:00,453700.42462221516
2026-03-14 02:30:00,453210.6564942452
2026-03-14 02:45:00,453210.6564942452
2026-03-14 03:00:00,453210.6564942452
2026-03-14 03:15:00,453210.6564942452
2026-03-14 03:30:00,453210.6564942452
2026-03-14 03:45:00,453210.6564942452
2026-03-14 04:00:00,452725.786047555
2026-03-14 04:15:00,452245.7643053316
2026-03-14 04:30:00,459897.4830053088
2026-03-14 04:45:00,458799.522968825
2026-03-14 05:00:00,458799.522968825
2026-03-14 05:15:00,458799.522968825
2026-03-14 05:30:00,458799.522968825
2026-03-14 05:45:00,458799.522968825
2026-03-14 06:00:00,457193.41433194885
2026-03-14 06:15:00,456149.26526206493
2026-03-14 06:30:00,455635.0087276965
2026-03-14 06:45:00,455635.0087276965
2026-03-14 07:00:00,455635.0087276965
2026-03-14 07:15:00,455635.0087276965
2026-03-14 07:30:00,455635.0087276965
2026-03-14 07:45:00,455635.0087276965
2026-03-14 08:00:00,455635.0087276965
2026-03-14 08:15:00,455635.0087276965
2026-03-14 08:30:00,455635.0087276965
2026-03-14 08:45:00,455635.0087276965
2026-03-14 09:00:00,455635.0087276965
2026-03-14 09:15:00,455635.0087276965
2026-03-14 09:30:00,467414.79565211036
2026-03-14 09:45:00,467414.79565211036
2026-03-14 10:00:00,466787.88381384144
2026-03-14 10:15:00,466787.88381384144
2026-03-14 10:30:00,466787.88381384144
2026-03-14 10:45:00,466787.88381384144
2026-03-14 11:00:00,466167.24109395524
2026-03-14 11:15:00,466167.24109395524
2026-03-14 11:30:00,466167.24109395524
2026-03-14 11:45:00,466167.24109395524
2026-03-14 12:00:00,465552.8048012679
2026-03-14 12:15:00,464944.51287150744
2026-03-14 12:30:00,464944.51287150744
2026-03-14 12:45:00,464944.51287150744
2026-03-14 13:00:00,464944.51287150744
2026-03-14 13:15:00,464944.51287150744
2026-03-14 13:30:00,464944.51287150744
2026-03-14 13:45:00,464944.51287150744
2026-03-14 14:00:00,464342.3038610446
2026-03-14 14:15:00,464342.3038610446
2026-03-14 14:30:00,464342.3038610446
2026-03-14 14:45:00,465552.8048012679
2026-03-14 15:00:00,463155.89188953163
2026-03-14 15:15:00,463155.89188953163
2026-03-14 15:30:00,461993.0895162519
2026-03-14 15:45:00,461420.3947393416
2026-03-14 16:00:00,461420.3947393416
2026-03-14 16:15:00,461420.3947393416
2026-03-14 16:30:00,461420.3947393416
2026-03-14 16:45:00,460853.42691020033
2026-03-14 17:00:00,460292.1287593505
2026-03-14 17:15:00,460292.1287593505
2026-03-14 17:30:00,460292.1287593505
2026-03-14 17:45:00,460853.42691020033
2026-03-14 18:00:00,460853.42691020033
2026-03-14 18:15:00,460292.1287593505
2026-03-14 18:30:00,460292.1287593505
2026-03-14 18:45:00,460292.1287593505
2026-03-14 19:00:00,460292.1287593505
2026-03-14 19:15:00,460292.1287593505
2026-03-14 19:30:00,460292.1287593505
2026-03-14 19:45:00,460292.1287593505
2026-03-14 20:00:00,460292.1287593505
2026-03-14 20:15:00,459736.44359000924
2026-03-14 20:30:00,459736.44359000924
2026-03-14 20:45:00,459186.3152723614
2026-03-14 21:00:00,459186.3152723614
2026-03-14 21:15:00,459186.3152723614
2026-03-14 21:30:00,458641.68823788996
2026-03-14 21:45:00,458102.50747376325
2026-03-14 22:00:00,458102.50747376325
2026-03-14 22:15:00,458102.50747376325
2026-03-14 22:30:00,457568.71851727786
2026-03-14 22:45:00,457040.26745035726
2026-03-14 23:00:00,456517.1008941059
2026-03-14 23:15:00,459186.3152723614
2026-03-14 23:30:00,459186.3152723614
2026-03-14 23:45:00,459186.3152723614
2026-03-15 00:00:00,456517.1008941059
2026-03-15 00:15:00,455999.16600341705
2026-03-15 00:30:00,455999.16600341705
2026-03-15 00:45:00,455999.16600341705
2026-03-15 01:00:00,455486.4104616351
2026-03-15 01:15:00,454978.7824752709
2026-03-15 01:30:00,454978.7824752709
2026-03-15 01:45:00,454476.23076877045
2026-03-15 02:00:00,464081.47523075563
2026-03-15 02:15:00,467049.36840103247
2026-03-15 02:30:00,467049.36840103264
2026-03-15 02:45:00,467049.36840103264
2026-03-15 03:00:00,466426.1108352745
2026-03-15 03:15:00,465809.0858451739
2026-03-15 03:30:00,465809.0858451739
2026-03-15 03:45:00,465809.0858451739
2026-03-15 04:00:00,465198.2311049744
2026-03-15 04:15:00,464593.4849121769
2026-03-15 04:30:00,463994.78618130734
2026-03-15 04:45:00,463994.78618130734
2026-03-15 05:00:00,463994.78618130734
2026-03-15 05:15:00,463994.78618130734
2026-03-15 05:30:00,463402.0744377464
2026-03-15 05:45:00,473337.40503918537
2026-03-15 06:00:00,473337.40503918537
2026-03-15 06:15:00,471971.9905542275
2026-03-15 06:30:00,471299.50676693744
2026-03-15 06:45:00,471299.50676693744
2026-03-15 07:00:00,471299.50676693744
2026-03-15 07:15:00,471299.50676693744
2026-03-15 07:30:00,471299.50676693744
2026-03-15 07:45:00,471299.50676693744
2026-03-15 08:00:00,471299.50676693744
2026-03-15 08:15:00,471299.50676693744
2026-03-15 08:30:00,471299.50676693744
2026-03-15 08:45:00,471299.50676693744
2026-03-15 09:00:00,471299.50676693744
2026-03-15 09:15:00,471299.50676693744
2026-03-15 09:30:00,471299.50676693744
2026-03-15 09:45:00,471299.50676693744
2026-03-15 10:00:00,471299.50676693744
2026-03-15 10:15:00,471299.50676693744
2026-03-15 10:30:00,471299.50676693744
2026-03-15 10:45:00,471299.50676693744
2026-03-15 11:00:00,471299.50676693744
2026-03-15 11:15:00,471299.50676693744
2026-03-15 11:30:00,471299.50676693744
2026-03-15 11:45:00,471299.50676693744
2026-03-15 12:00:00,476768.09469988354
2026-03-15 12:15:00,480370.3188436167
2026-03-15 12:30:00,480370.3188436167
2026-03-15 12:45:00,480370.3188436167
2026-03-15 13:00:00,480370.3188436167
2026-03-15 13:15:00,480370.3188436167
2026-03-15 13:30:00,480370.3188436167
2026-03-15 13:45:00,480370.3188436167
2026-03-15 14:00:00,480370.3188436167
2026-03-15 14:15:00,480370.3188436167
2026-03-15 14:30:00,480370.3188436167
2026-03-15 14:45:00,480370.3188436167
2026-03-15 15:00:00,480370.3188436167
2026-03-15 15:15:00,480370.3188436167
2026-03-15 15:30:00,480370.3188436167
2026-03-15 15:45:00,480370.3188436167
2026-03-15 16:00:00,479613.85177343275
2026-03-15 16:15:00,479613.85177343275
2026-03-15 16:30:00,478864.9493739506
2026-03-15 16:45:00,478864.9493739506
2026-03-15 17:00:00,478123.5359984633
2026-03-15 17:15:00,478123.5359984633
2026-03-15 17:30:00,478123.5359984633
2026-03-15 17:45:00,477389.5367567309
2026-03-15 18:00:00,476662.8775074158
2026-03-15 18:15:00,476662.8775074158
2026-03-15 18:30:00,476662.8775074158
2026-03-15 18:45:00,476662.8775074158
2026-03-15 19:00:00,476662.8775074158
2026-03-15 19:15:00,476662.8775074158
2026-03-15 19:30:00,476662.8775074158
2026-03-15 19:45:00,476662.8775074158
2026-03-15 20:00:00,476662.8775074158
2026-03-15 20:15:00,475943.48485059384
2026-03-15 20:30:00,475943.48485059384
2026-03-15 20:45:00,472453.00242749194
2026-03-15 21:00:00,472453.00242749194
2026-03-15 21:15:00,471775.7085214692
2026-03-15 21:30:00,471775.7085214692
2026-03-15 21:45:00,470441.37179721385
2026-03-15 22:00:00,469784.19419749395
2026-03-15 22:15:00,469784.19419749395
2026-03-15 22:30:00,469784.19419749395
2026-03-15 22:45:00,469784.19419749395
2026-03-15 23:00:00,469784.19419749395
2026-03-15 23:15:00,469784.19419749395
2026-03-15 23:30:00,469784.19419749395
2026-03-15 23:45:00,469784.19419749395
2026-03-16 00:00:00,469133.58837377117
2026-03-16 00:15:00,469133.58837377117
2026-03-16 00:30:00,473037.22331610747
2026-03-16 00:45:00,473037.22331610747
2026-03-16 01:00:00,472354.08720119856
2026-03-16 01:15:00,471677.7824474388
2026-03-16 01:30:00,483805.1563273582
2026-03-16 01:45:00,483805.1563273582
2026-03-16 02:00:00,483805.1563273582
2026-03-16 02:15:00,483805.1563273582
2026-03-16 02:30:00,483805.1563273582
2026-03-16 02:45:00,483805.1563273582
2026-03-16 03:00:00,483805.1563273582
2026-03-16 03:15:00,483805.1563273582
2026-03-16 03:30:00,483805.1563273582
2026-03-16 03:45:00,483805.1563273582
2026-03-16 04:00:00,483805.1563273582
2026-03-16 04:15:00,483805.1563273582
2026-03-16 04:30:00,483805.1563273582
2026-03-16 04:45:00,483805.1563273582
2026-03-16 05:00:00,483805.1563273582
2026-03-16 05:15:00,481456.35537410027
2026-03-16 05:30:00,480689.02793861146
2026-03-16 05:45:00,480689.02793861146
2026-03-16 06:00:00,480689.02793861146
2026-03-16 06:15:00,480689.02793861146
2026-03-16 06:30:00,505653.92900732206
2026-03-16 06:45:00,510700.44486642705
2026-03-16 07:00:00,509640.676536015
2026-03-16 07:15:00,509640.676536015
2026-03-16 07:30:00,509640.676536015
2026-03-16 07:45:00,509640.676536015
2026-03-16 08:00:00,509640.676536015
2026-03-16 08:15:00,509640.676536015
2026-03-16 08:30:00,509640.676536015
2026-03-16 08:45:00,509640.676536015
2026-03-16 09:00:00,505506.52556732146
2026-03-16 09:15:00,504498.6964299005
2026-03-16 09:30:00,504498.6964299005
2026-03-16 09:45:00,504498.6964299005
2026-03-16 10:00:00,504498.6964299005
2026-03-16 10:15:00,504498.6964299005
2026-03-16 10:30:00,503500.94558385364
2026-03-16 10:45:00,505506.52556732146
2026-03-16 11:00:00,505506.52556732146
2026-03-16 11:15:00,508591.505888907
2026-03-16 11:30:00,506524.53479703964
2026-03-16 11:45:00,506524.53479703964
2026-03-16 12:00:00,506524.53479703964
2026-03-16 12:15:00,506524.53479703964
2026-03-16 12:30:00,506524.53479703964
2026-03-16 12:45:00,506524.53479703964
2026-03-16 13:00:00,504498.6964299005
2026-03-16 13:15:00,503500.94558385364
2026-03-16 13:30:00,503500.94558385364
2026-03-16 13:45:00,501535.2766420569
2026-03-16 14:00:00,500567.15999388846
2026-03-16 14:15:00,500567.15999388846
2026-03-16 14:30:00,500567.15999388846
2026-03-16 14:45:00,500567.15999388846
2026-03-16 15:00:00,500567.15999388846
2026-03-16 15:15:00,500567.15999388846
2026-03-16 15:30:00,500567.15999388846
2026-03-16 15:45:00,500567.15999388846
2026-03-16 16:00:00,500567.15999388846
2026-03-16 16:15:00,500567.15999388846
2026-03-16 16:30:00,500567.15999388846
2026-03-16 16:45:00,500567.15999388846
2026-03-16 17:00:00,500567.15999388846
2026-03-16 17:15:00,500567.15999388846
2026-03-16 17:30:00,499608.7245122018
2026-03-16 17:45:00,498659.873385332
2026-03-16 18:00:00,498659.873385332
2026-03-16 18:15:00,498659.873385332
2026-03-16 18:30:00,498659.873385332
2026-03-16 18:45:00,498659.873385332
2026-03-16 19:00:00,498659.873385332
2026-03-16 19:15:00,498659.873385332
2026-03-16 19:30:00,498659.873385332
2026-03-16 19:45:00,498659.873385332
2026-03-16 20:00:00,498659.873385332
2026-03-16 20:15:00,498659.873385332
2026-03-16 20:30:00,498659.873385332
2026-03-16 20:45:00,498659.873385332
2026-03-16 21:00:00,498659.873385332
2026-03-16 21:15:00,498659.873385332
2026-03-16 21:30:00,498659.873385332
2026-03-16 21:45:00,496790.54178028577
2026-03-16 22:00:00,495869.8724807352
2026-03-16 22:15:00,495869.8724807352
2026-03-16 22:30:00,495869.8724807352
2026-03-16 22:45:00,494056.0618936904
2026-03-16 23:00:00,493162.7373930057
2026-03-16 23:15:00,493162.7373930057
2026-03-16 23:30:00,493162.7373930057
2026-03-16 23:45:00,493162.7373930057
2026-03-17 00:00:00,493162.7373930057
2026-03-17 00:15:00,493162.7373930057
2026-03-17 00:30:00,493162.7373930057
2026-03-17 00:45:00,493162.7373930057
2026-03-17 01:00:00,497584.693671395
2026-03-17 01:15:00,497584.693671395
2026-03-17 01:30:00,496656.08285293326
2026-03-17 01:45:00,496656.08285293326
2026-03-17 02:00:00,494826.6266794818
2026-03-17 02:15:00,493925.5965309392
2026-03-17 02:30:00,493925.5965309392
2026-03-17 02:45:00,493925.5965309392
2026-03-17 03:00:00,580083.1345586575
2026-03-17 03:15:00,580083.1345586575
2026-03-17 03:30:00,578329.5393313232
2026-03-17 03:45:00,578329.5393313232
2026-03-17 04:00:00,600010.3530510936
2026-03-17 04:15:00,600010.3530510936
2026-03-17 04:30:00,598057.4856388349
2026-03-17 04:45:00,596124.1469006988
2026-03-17 05:00:00,594210.141549944
2026-03-17 05:15:00,592315.2762526968
2026-03-17 05:30:00,592315.2762526968
2026-03-17 05:45:00,592315.2762526968
2026-03-17 06:00:00,594210.141549944
2026-03-17 06:15:00,592315.2762526968
2026-03-17 06:30:00,590439.3596084219
2026-03-17 06:45:00,590439.3596084219
2026-03-17 07:00:00,590439.3596084219
2026-03-17 07:15:00,590439.3596084219
2026-03-17 07:30:00,590439.3596084219
2026-03-17 07:45:00,590439.3596084219
2026-03-17 08:00:00,590439.3596084219
2026-03-17 08:15:00,590439.3596084219
2026-03-17 08:30:00,590439.3596084219
2026-03-17 08:45:00,590439.3596084219
2026-03-17 09:00:00,590439.3596084219
2026-03-17 09:15:00,590439.3596084219
2026-03-17 09:30:00,590439.3596084219
2026-03-17 09:45:00,590439.3596084219
2026-03-17 10:00:00,590439.3596084219
2026-03-17 10:15:00,590439.3596084219
2026-03-17 10:30:00,590439.3596084219
2026-03-17 10:45:00,590439.3596084219
2026-03-17 11:00:00,590439.3596084219
2026-03-17 11:15:00,590439.3596084219
2026-03-17 11:30:00,590439.3596084219
2026-03-17 11:45:00,590439.3596084219
2026-03-17 12:00:00,590439.3596084219
2026-03-17 12:15:00,590439.3596084219
2026-03-17 12:30:00,590439.3596084219
2026-03-17 12:45:00,590439.3596084219
2026-03-17 13:00:00,590439.3596084219
2026-03-17 13:15:00,590439.3596084219
2026-03-17 13:30:00,590439.3596084219
2026-03-17 13:45:00,590439.3596084219
2026-03-17 14:00:00,590439.3596084219
2026-03-17 14:15:00,590439.3596084219
2026-03-17 14:30:00,590439.3596084219
2026-03-17 14:45:00,590439.3596084219
2026-03-17 15:00:00,590439.3596084219
2026-03-17 15:15:00,590439.3596084219
2026-03-17 15:30:00,590439.3596084219
2026-03-17 15:45:00,590439.3596084219
2026-03-17 16:00:00,590439.3596084219
2026-03-17 16:15:00,590439.3596084219
2026-03-17 16:30:00,590439.3596084219
2026-03-17 16:45:00,590439.3596084219
2026-03-17 17:00:00,590439.3596084219
2026-03-17 17:15:00,590439.3596084219
2026-03-17 17:30:00,590439.3596084219
2026-03-17 17:45:00,590439.3596084219
2026-03-17 18:00:00,590439.3596084219
2026-03-17 18:15:00,586743.6162275362
2026-03-17 18:30:00,586743.6162275362
2026-03-17 18:45:00,586743.6162275362
2026-03-17 19:00:00,586743.6162275362
2026-03-17 19:15:00,586743.6162275362
2026-03-17 19:30:00,586743.6162275362
2026-03-17 19:45:00,586743.6162275362
2026-03-17 20:00:00,586743.6162275362
2026-03-17 20:15:00,586743.6162275362
2026-03-17 20:30:00,586743.6162275362
2026-03-17 20:45:00,586743.6162275362
2026-03-17 21:00:00,586743.6162275362
2026-03-17 21:15:00,586743.6162275362
2026-03-17 21:30:00,586743.6162275362
2026-03-17 21:45:00,586743.6162275362
2026-03-17 22:00:00,586743.6162275362
2026-03-17 22:15:00,586743.6162275362
2026-03-17 22:30:00,586743.6162275362
2026-03-17 22:45:00,586743.6162275362
2026-03-17 23:00:00,586743.6162275362
2026-03-17 23:15:00,586743.6162275362
2026-03-17 23:30:00,586743.6162275362
2026-03-17 23:45:00,586743.6162275362
2026-03-18 00:00:00,586743.6162275362
2026-03-18 00:15:00,586743.6162275362
2026-03-18 00:30:00,586743.6162275362
2026-03-18 00:45:00,586743.6162275362
2026-03-18 01:00:00,586743.6162275362
2026-03-18 01:15:00,586743.6162275362
2026-03-18 01:30:00,586743.6162275362
2026-03-18 01:45:00,586743.6162275362
2026-03-18 02:00:00,584923.4161835131
2026-03-18 02:15:00,584923.4161835131
2026-03-18 02:30:00,584923.4161835131
2026-03-18 02:45:00,584923.4161835131
2026-03-18 03:00:00,584923.4161835131
2026-03-18 03:15:00,584923.4161835131
2026-03-18 03:30:00,593933.4064014279
2026-03-18 03:45:00,593933.4064014279
2026-03-18 04:00:00,593933.4064014279
2026-03-18 04:15:00,593933.4064014279
2026-03-18 04:30:00,588313.68629272
2026-03-18 04:45:00,588313.68629272
2026-03-18 05:00:00,588313.68629272
2026-03-18 05:15:00,588313.68629272
2026-03-18 05:30:00,592041.3084556658
2026-03-18 05:45:00,583121.4181399301
2026-03-18 06:00:00,581337.4400767831
2026-03-18 06:15:00,581337.4400767831
2026-03-18 06:30:00,581337.4400767831
2026-03-18 06:45:00,581337.4400767831
2026-03-18 07:00:00,581337.4400767831
2026-03-18 07:15:00,576091.8327638834
2026-03-18 07:30:00,577822.8248945769
2026-03-18 07:45:00,576091.8327638834
2026-03-18 08:00:00,576091.8327638834
2026-03-18 08:15:00,577822.8248945769
2026-03-18 08:30:00,576091.8327638834
2026-03-18 08:45:00,576091.8327638834
2026-03-18 09:00:00,576091.8327638834
2026-03-18 09:15:00,576091.8327638834
2026-03-18 09:30:00,576091.8327638834
2026-03-18 09:45:00,576091.8327638834
2026-03-18 10:00:00,576091.8327638834
2026-03-18 10:15:00,576091.8327638834
2026-03-18 10:30:00,576091.8327638834
2026-03-18 10:45:00,576091.8327638834
2026-03-18 11:00:00,576091.8327638834
2026-03-18 11:15:00,576091.8327638834
2026-03-18 11:30:00,576091.8327638834
2026-03-18 11:45:00,576091.8327638834
2026-03-18 12:00:00,576091.8327638834
2026-03-18 12:15:00,576091.8327638834
2026-03-18 12:30:00,576091.8327638834
2026-03-18 12:45:00,576091.8327638834
2026-03-18 13:00:00,574378.1505544968
2026-03-18 13:15:00,574378.1505544968
2026-03-18 13:30:00,569339.2410996985
2026-03-18 13:45:00,567693.0848069538
2026-03-18 14:00:00,567693.0848069538
2026-03-18 14:15:00,567693.0848069538
2026-03-18 14:30:00,584397.4557875819
2026-03-18 14:45:00,593381.1479856995
2026-03-18 15:00:00,593381.1479856995
2026-03-18 15:15:00,593381.1479856995
2026-03-18 15:30:00,593381.1479856995
2026-03-18 15:45:00,593381.1479856995
2026-03-18 16:00:00,593381.1479856995
2026-03-18 16:15:00,593381.1479856995
2026-03-18 16:30:00,593381.1479856995
2026-03-18 16:45:00,593381.1479856995
2026-03-18 17:00:00,593381.1479856995
2026-03-18 17:15:00,593381.1479856995
2026-03-18 17:30:00,593381.1479856995
2026-03-18 17:45:00,612718.5454421483
2026-03-18 18:00:00,612718.5454421483
2026-03-18 18:15:00,612718.5454421483
2026-03-18 18:30:00,612718.5454421483
2026-03-18 18:45:00,612718.5454421483
2026-03-18 19:00:00,612718.5454421483
2026-03-18 19:15:00,612718.5454421483
2026-03-18 19:30:00,612718.5454421483
2026-03-18 19:45:00,612718.5454421483
2026-03-18 20:00:00,612718.5454421483
2026-03-18 20:15:00,612718.5454421483
2026-03-18 20:30:00,612718.5454421483
2026-03-18 20:45:00,612718.5454421483
2026-03-18 21:00:00,612718.5454421483
2026-03-18 21:15:00,612718.5454421483
2026-03-18 21:30:00,612718.5454421483
2026-03-18 21:45:00,612718.5454421483
2026-03-18 22:00:00,612718.5454421483
2026-03-18 22:15:00,610638.5961059792
2026-03-18 22:30:00,610638.5961059792
2026-03-18 22:45:00,610638.5961059792
2026-03-18 23:00:00,634038.0261378835
2026-03-18 23:15:00,634038.0261378835
2026-03-18 23:30:00,634038.0261378835
2026-03-18 23:45:00,634038.0261378835
2026-03-19 00:00:00,634038.0261378835
2026-03-19 00:15:00,634038.0261378835
2026-03-19 00:30:00,634038.0261378835
2026-03-19 00:45:00,634038.0261378835
2026-03-19 01:00:00,634038.0261378835
2026-03-19 01:15:00,634038.0261378835
2026-03-19 01:30:00,634038.0261378835
2026-03-19 01:45:00,634038.0261378835
2026-03-19 02:00:00,634038.0261378835
2026-03-19 02:15:00,634038.0261378835
2026-03-19 02:30:00,634038.0261378835
2026-03-19 02:45:00,634038.0261378835
2026-03-19 03:00:00,634038.0261378835
2026-03-19 03:15:00,631744.8819947569
2026-03-19 03:30:00,629474.6692930615
2026-03-19 03:45:00,627227.1587183832
2026-03-19 04:00:00,627227.1587183832
2026-03-19 04:15:00,627227.1587183832
2026-03-19 04:30:00,627227.1587183832
2026-03-19 04:45:00,627227.1587183832
2026-03-19 05:00:00,627227.1587183832
2026-03-19 05:15:00,627227.1587183832
2026-03-19 05:30:00,627227.1587183832
2026-03-19 05:45:00,625002.1232494514
2026-03-19 06:00:00,622799.3381352092
2026-03-19 06:15:00,631744.8819947569
2026-03-19 06:30:00,631744.8819947569
2026-03-19 06:45:00,629474.6692930615
2026-03-19 07:00:00,627227.1587183832
2026-03-19 07:15:00,625002.1232494514
2026-03-19 07:30:00,625002.1232494514
2026-03-19 07:45:00,625002.1232494514
2026-03-19 08:00:00,625002.1232494514
2026-03-19 08:15:00,625002.1232494514
2026-03-19 08:30:00,625002.1232494514
2026-03-19 08:45:00,622799.3381352092
2026-03-19 09:00:00,620618.5808721093
2026-03-19 09:15:00,620618.5808721093
2026-03-19 09:30:00,620618.5808721093
2026-03-19 09:45:00,620618.5808721093
2026-03-19 10:00:00,654649.0253681262
2026-03-19 10:15:00,680266.3802562732
2026-03-19 10:30:00,677510.9525719627
2026-03-19 10:45:00,674783.0791644952
2026-03-19 11:00:00,672082.4844911025
2026-03-19 11:15:00,672082.4844911025
2026-03-19 11:30:00,672082.4844911025
2026-03-19 11:45:00,672082.4844911025
2026-03-19 12:00:00,672082.4844911025
2026-03-19 12:15:00,658979.2394829554
2026-03-19 12:30:00,656436.683206378
2026-03-19 12:45:00,653919.5524925665
2026-03-19 13:00:00,653919.5524925665
2026-03-19 13:15:00,653919.5524925665
2026-03-19 13:30:00,653919.5524925665
2026-03-19 13:45:00,653919.5524925665
2026-03-19 14:00:00,653919.5524925665
2026-03-19 14:15:00,653919.5524925665
2026-03-19 14:30:00,653919.5524925665
2026-03-19 14:45:00,653919.5524925665
2026-03-19 15:00:00,653919.5524925665
2026-03-19 15:15:00,653919.5524925665
2026-03-19 15:30:00,653919.5524925665
2026-03-19 15:45:00,791308.305889782
2026-03-19 16:00:00,791308.305889782
2026-03-19 16:15:00,787442.4589491365
2026-03-19 16:30:00,783615.2704778974
2026-03-19 16:45:00,779826.3538913706
2026-03-19 17:00:00,776075.3264707092
2026-03-19 17:15:00,776075.3264707092
2026-03-19 17:30:00,776075.3264707092
2026-03-19 17:45:00,772361.8093242543
2026-03-19 18:00:00,768685.4273492638
2026-03-19 18:15:00,765045.8091940234
2026-03-19 18:30:00,794642.9122029839
2026-03-19 18:45:00,790743.7191992062
2026-03-19 19:00:00,786883.5181254663
2026-03-19 19:15:00,786883.5181254663
2026-03-19 19:30:00,786883.5181254663
2026-03-19 19:45:00,786883.5181254663
2026-03-19 20:00:00,786883.5181254663
2026-03-19 20:15:00,779278.5359900914
2026-03-19 20:30:00,771824.8929992105
2026-03-19 20:45:00,771824.8929992105
2026-03-19 21:00:00,771824.8929992105
2026-03-19 21:15:00,771824.8929992105
2026-03-19 21:30:00,771824.8929992105
2026-03-19 21:45:00,768153.8801874705
2026-03-19 22:00:00,786883.5181254663
2026-03-19 22:15:00,786883.5181254663
2026-03-19 22:30:00,786883.5181254663
2026-03-19 22:45:00,786883.5181254663
2026-03-19 23:00:00,783061.9190624638
2026-03-19 23:15:00,783061.9190624638
2026-03-19 23:30:00,783061.9190624638
2026-03-19 23:45:00,783061.9190624638
2026-03-20 00:00:00,783061.9190624638
2026-03-20 00:15:00,783061.9190624638
2026-03-20 00:30:00,779278.5359900914
2026-03-20 00:45:00,775532.9867484428
2026-03-20 01:00:00,779278.5359900914
2026-03-20 01:15:00,779278.5359900914
2026-03-20 01:30:00,753833.2775272272
2026-03-20 01:45:00,750342.180870207
2026-03-20 02:00:00,750342.180870207
2026-03-20 02:15:00,746885.9951797572
2026-03-20 02:30:00,743464.3713462118
2026-03-20 02:45:00,743464.3713462118
2026-03-20 03:00:00,743464.3713462118
2026-03-20 03:15:00,743464.3713462118
2026-03-20 03:30:00,743464.3713462118
2026-03-20 03:45:00,743464.3713462118
2026-03-20 04:00:00,740076.963751002
2026-03-20 04:15:00,736723.4302317441
2026-03-20 04:30:00,736723.4302317441
2026-03-20 04:45:00,736723.4302317441
2026-03-20 05:00:00,736723.4302317441
2026-03-20 05:15:00,736723.4302317441
2026-03-20 05:30:00,736723.4302317441
2026-03-20 05:45:00,736723.4302317441
2026-03-20 06:00:00,736723.4302317441
2026-03-20 06:15:00,736723.4302317441
2026-03-20 06:30:00,736723.4302317441
2026-03-20 06:45:00,736723.4302317441
2026-03-20 07:00:00,805991.5134404786
2026-03-20 07:15:00,805991.5134404786
2026-03-20 07:30:00,794073.4554946038
2026-03-20 07:45:00,790179.95705791
2026-03-20 08:00:00,790179.95705791
2026-03-20 08:15:00,786325.3936055831
2026-03-20 08:30:00,782509.3757877795
2026-03-20 08:45:00,782509.3757877795
2026-03-20 09:00:00,774991.4390849245
2026-03-20 09:15:00,790179.95705791
2026-03-20 09:30:00,786325.3936055831
2026-03-20 09:45:00,786325.3936055831
2026-03-20 10:00:00,794073.4554946038
2026-03-20 10:15:00,794073.4554946038
2026-03-20 10:30:00,794073.4554946038
2026-03-20 10:45:00,794073.4554946038
2026-03-20 11:00:00,942460.9775025706
2026-03-20 11:15:00,942460.9775025706
2026-03-20 11:30:00,937083.6038457971
2026-03-20 11:45:00,931760.0039255914
2026-03-20 12:00:00,926489.6400045876
2026-03-20 12:15:00,926489.6400045876
2026-03-20 12:30:00,921271.9797227939
2026-03-20 12:45:00,921271.9797227939
2026-03-20 13:00:00,910992.6672016323
2026-03-20 13:15:00,910992.6672016323
2026-03-20 13:30:00,910992.6672016323
2026-03-20 13:45:00,910992.6672016323
2026-03-20 14:00:00,910992.6672016323
2026-03-20 14:15:00,910992.6672016323
2026-03-20 14:30:00,910992.6672016323
2026-03-20 14:45:00,910992.6672016323
2026-03-20 15:00:00,905929.9766478682
2026-03-20 15:15:00,900917.9129996417
2026-03-20 15:30:00,900917.9129996417
2026-03-20 15:45:00,900917.9129996417
2026-03-20 16:00:00,900917.9129996417
2026-03-20 16:15:00,900917.9129996417
2026-03-20 16:30:00,962885.2453777154
2026-03-20 16:45:00,962885.2453777154
2026-03-20 17:00:00,1020096.8128168477
2026-03-20 17:15:00,1020096.8128168477
2026-03-20 17:30:00,1013943.0808069314
2026-03-20 17:45:00,1013943.0808069314
2026-03-20 18:00:00,1013943.0808069314
2026-03-20 18:15:00,1013943.0808069314
2026-03-20 18:30:00,1013943.0808069314
2026-03-20 18:45:00,1013943.0808069314
2026-03-20 19:00:00,1013943.0808069314
2026-03-20 19:15:00,1007850.8861171143
2026-03-20 19:30:00,1007850.8861171143
2026-03-20 19:45:00,1007850.8861171143
2026-03-20 20:00:00,1007850.8861171143
2026-03-20 20:15:00,1007850.8861171143
2026-03-20 20:30:00,1050865.4728664286
2026-03-20 20:45:00,1038007.2498317085
2026-03-20 21:00:00,1031674.4134516435
2026-03-20 21:15:00,1031674.4134516435
2026-03-20 21:30:00,1031674.4134516435
2026-03-20 21:45:00,1031674.4134516435
2026-03-20 22:00:00,1031674.4134516435
2026-03-20 22:15:00,1025404.9054353794
2026-03-20 22:30:00,1025404.9054353794
2026-03-20 22:45:00,1013053.3476925372
2026-03-20 23:00:00,1044404.0542560164
2026-03-20 23:15:00,1044404.0542560164
2026-03-20 23:30:00,1044404.0542560164
2026-03-20 23:45:00,1044404.0542560164
2026-03-21 01:00:00,1038007.2498317085
2026-03-21 01:15:00,1038007.2498317085
2026-03-21 01:30:00,1038007.2498317085
2026-03-21 01:45:00,1038007.2498317085
2026-03-21 02:00:00,1038007.2498317085
2026-03-21 02:15:00,1038007.2498317085
2026-03-21 02:30:00,1038007.2498317085
2026-03-21 02:45:00,1038007.2498317085
2026-03-21 03:00:00,1038007.2498317085
2026-03-21 03:15:00,1038007.2498317085
2026-03-21 03:30:00,1038007.2498317085
2026-03-21 03:45:00,1038007.2498317085
2026-03-21 04:00:00,1038007.2498317085
2026-03-21 04:15:00,1038007.2498317085
2026-03-21 04:30:00,1038007.2498317085
2026-03-21 04:45:00,1038007.2498317085
2026-03-21 05:00:00,1038007.2498317085
2026-03-21 05:15:00,1038007.2498317085
2026-03-21 05:30:00,1038007.2498317085
2026-03-21 05:45:00,1038007.2498317085
2026-03-21 06:00:00,1038007.2498317085
2026-03-21 06:15:00,1038007.2498317085
2026-03-21 06:30:00,1038007.2498317085
2026-03-21 06:45:00,1038007.2498317085
2026-03-21 07:00:00,1038007.2498317085
2026-03-21 07:15:00,1038007.2498317085
2026-03-21 07:30:00,1038007.2498317085
2026-03-21 07:45:00,1038007.2498317085
2026-03-21 08:00:00,1038007.2498317085
2026-03-21 08:15:00,1038007.2498317085
2026-03-21 08:30:00,1038007.2498317085
2026-03-21 08:45:00,1031674.4134516435
2026-03-21 09:00:00,1025404.9054353794
2026-03-21 09:15:00,1025404.9054353794
2026-03-21 09:30:00,1025404.9054353794
2026-03-21 09:45:00,1025404.9054353794
2026-03-21 10:00:00,1019198.0924992778
2026-03-21 10:15:00,1019198.0924992778
2026-03-21 10:30:00,1019198.0924992778
2026-03-21 10:45:00,994985.346207542
2026-03-21 11:00:00,989082.7288637188
2026-03-21 11:15:00,1000947.5859487776
2026-03-21 11:30:00,994985.346207542
2026-03-21 11:45:00,994985.346207542
2026-03-21 12:00:00,994985.346207542
2026-03-21 12:15:00,994985.346207542
2026-03-21 12:30:00,994985.346207542
2026-03-21 12:45:00,994985.346207542
2026-03-21 13:00:00,994985.346207542
2026-03-21 13:15:00,994985.346207542
2026-03-21 13:30:00,994985.346207542
2026-03-21 13:45:00,994985.346207542
2026-03-21 14:00:00,994985.346207542
2026-03-21 14:15:00,994985.346207542
2026-03-21 14:30:00,989082.7288637188
2026-03-21 14:45:00,989082.7288637188
2026-03-21 15:00:00,977453.9824346527
2026-03-21 15:15:00,971726.6787285584
2026-03-21 15:30:00,971726.6787285584
2026-03-21 15:45:00,971726.6787285584
2026-03-21 16:00:00,971726.6787285584
2026-03-21 16:15:00,971726.6787285584
2026-03-21 16:30:00,971726.6787285584
2026-03-21 16:45:00,971726.6787285584
2026-03-21 17:00:00,971726.6787285584
2026-03-21 17:15:00,971726.6787285584
2026-03-21 17:30:00,971726.6787285584
2026-03-21 17:45:00,971726.6787285584
2026-03-21 18:00:00,971726.6787285584
2026-03-21 18:15:00,971726.6787285584
2026-03-21 18:30:00,971726.6787285584
2026-03-21 18:45:00,971726.6787285584
2026-03-21 19:00:00,971726.6787285584
2026-03-21 19:15:00,971726.6787285584
2026-03-21 19:30:00,971726.6787285584
2026-03-21 19:45:00,971726.6787285584
2026-03-21 20:00:00,1029844.4930861486
2026-03-21 20:15:00,1029844.4930861486
2026-03-21 20:30:00,1017404.5875490562
2026-03-21 20:45:00,1017404.5875490562
2026-03-21 21:00:00,1017404.5875490562
2026-03-21 21:15:00,1011277.7777918178
2026-03-21 21:30:00,999207.3498890825
2026-03-21 21:45:00,999207.3498890825
2026-03-21 22:00:00,999207.3498890825
2026-03-21 22:15:00,999207.3498890825
2026-03-21 22:30:00,999207.3498890825
2026-03-21 22:45:00,999207.3498890825
2026-03-21 23:00:00,993262.5125084438
2026-03-21 23:15:00,987377.1235016115
2026-03-21 23:30:00,981550.5883848476
2026-03-21 23:45:00,987377.1235016115
2026-03-22 00:00:00,993262.5125084438
2026-03-22 00:15:00,993262.5125084438
2026-03-22 00:30:00,993262.5125084438
2026-03-22 00:45:00,993262.5125084438
2026-03-22 01:00:00,993262.5125084438
2026-03-22 01:15:00,993262.5125084438
2026-03-22 01:30:00,993262.5125084438
2026-03-22 01:45:00,993262.5125084438
2026-03-22 02:00:00,1164561.950003387
2026-03-22 02:15:00,1164561.950003387
2026-03-22 02:30:00,1164561.950003387
2026-03-22 02:45:00,1328311.8608703953
2026-03-22 03:00:00,1328311.8608703953
2026-03-22 03:15:00,1328311.8608703953
2026-03-22 03:30:00,1328311.8608703953
2026-03-22 03:45:00,1328311.8608703953
2026-03-22 04:00:00,1328311.8608703953
2026-03-22 04:15:00,1328311.8608703953
2026-03-22 04:30:00,1328311.8608703953
2026-03-22 04:45:00,1328311.8608703953
2026-03-22 05:00:00,1319075.9783799434
2026-03-22 05:15:00,1300880.3662855043
2026-03-22 05:30:00,1291918.7987409015
2026-03-22 05:45:00,1291918.7987409015
2026-03-22 06:00:00,1291918.7987409015
2026-03-22 06:15:00,1274263.6145212795
2026-03-22 06:30:00,1274263.6145212795
2026-03-22 06:45:00,1274263.6145212795
2026-03-22 07:00:00,1274263.6145212795
2026-03-22 07:15:00,1256959.768467628
2026-03-22 07:30:00,1256959.768467628
2026-03-22 07:45:00,1256959.768467628
2026-03-22 08:00:00,1256959.768467628
2026-03-22 08:15:00,1256959.768467628
2026-03-22 08:30:00,1256959.768467628
2026-03-22 08:45:00,1256959.768467628
2026-03-22 09:00:00,1256959.768467628
2026-03-22 09:15:00,1256959.768467628
2026-03-22 09:30:00,1256959.768467628
2026-03-22 09:45:00,1256959.768467628
2026-03-22 10:00:00,1248437.4069012038
2026-03-22 10:15:00,1248437.4069012038
2026-03-22 10:30:00,1248437.4069012038
2026-03-22 10:45:00,1248437.4069012038
2026-03-22 11:00:00,1248437.4069012038
2026-03-22 11:15:00,1492416.9054437885
2026-03-22 11:30:00,1492416.9054437885
2026-03-22 11:45:00,1492416.9054437885
2026-03-22 12:00:00,1492416.9054437885
2026-03-22 12:15:00,1492416.9054437885
2026-03-22 12:30:00,1492416.9054437885
2026-03-22 12:45:00,1492416.9054437885
2026-03-22 13:00:00,1492416.9054437885
2026-03-22 13:15:00,1492416.9054437885
2026-03-22 13:30:00,1492416.9054437885
2026-03-22 13:45:00,1492416.9054437885
2026-03-22 14:00:00,1492416.9054437885
2026-03-22 14:15:00,1363391.464797624
2026-03-22 14:30:00,1363391.464797624
2026-03-22 14:45:00,1363391.464797624
2026-03-22 15:00:00,1363391.464797624
2026-03-22 15:15:00,1363391.464797624
2026-03-22 15:30:00,1363391.464797624
2026-03-22 15:45:00,1363391.464797624
2026-03-22 16:00:00,1363391.464797624
2026-03-22 16:15:00,1363391.464797624
2026-03-22 16:30:00,1363391.464797624
2026-03-22 16:45:00,1353804.7862679001
2026-03-22 17:00:00,1353804.7862679001
2026-03-22 17:15:00,1353804.7862679001
2026-03-22 17:30:00,1353804.7862679001
2026-03-22 17:45:00,1344313.9745234733
2026-03-22 18:00:00,1344313.9745234733
2026-03-22 18:15:00,1344313.9745234733
2026-03-22 18:30:00,1325616.1263057783
2026-03-22 18:45:00,1316407.2011609725
2026-03-22 19:00:00,1316407.2011609725
2026-03-22 19:15:00,1307290.3652676153
2026-03-22 19:30:00,1307290.3652676153
2026-03-22 19:45:00,1307290.3652676153
2026-03-22 20:00:00,1307290.3652676153
2026-03-22 20:15:00,1307290.3652676153
2026-03-22 20:30:00,1289329.2868741115
2026-03-22 20:45:00,1280483.2301236223
2026-03-22 21:00:00,1307290.3652676153
2026-03-22 21:15:00,1307290.3652676153
2026-03-22 21:30:00,1325616.1263057783
2026-03-22 21:45:00,1325616.1263057783
2026-03-22 22:00:00,1325616.1263057783
2026-03-22 22:15:00,1325616.1263057783
2026-03-22 22:30:00,1325616.1263057783
2026-03-22 22:45:00,1325616.1263057783
2026-03-22 23:00:00,1325616.1263057783
2026-03-22 23:15:00,1325616.1263057783
2026-03-22 23:30:00,1325616.1263057783
2026-03-22 23:45:00,1325616.1263057783
2026-03-23 00:00:00,1325616.1263057783
2026-03-23 00:15:00,1325616.1263057783
2026-03-23 00:30:00,1325616.1263057783
2026-03-23 00:45:00,1325616.1263057783
2026-03-23 01:00:00,1325616.1263057783
2026-03-23 01:15:00,1325616.1263057783
2026-03-23 01:30:00,1316407.2011609725
2026-03-23 01:45:00,1316407.2011609725
2026-03-23 02:00:00,1307290.3652676153
2026-03-23 02:15:00,1307290.3652676153
2026-03-23 02:30:00,1307290.3652676153
2026-03-23 02:45:00,1307290.3652676153
2026-03-23 03:00:00,1307290.3652676153
2026-03-23 03:15:00,1307290.3652676153
2026-03-23 03:30:00,1307290.3652676153
2026-03-23 03:45:00,1307290.3652676153
2026-03-23 04:00:00,1307290.3652676153
2026-03-23 04:15:00,1307290.3652676153
2026-03-23 04:30:00,1307290.3652676153
2026-03-23 04:45:00,1307290.3652676153
2026-03-23 05:00:00,1307290.3652676153
2026-03-23 05:15:00,1307290.3652676153
2026-03-23 05:30:00,1307290.3652676153
2026-03-23 05:45:00,1307290.3652676153
2026-03-23 06:00:00,1307290.3652676153
2026-03-23 06:15:00,1307290.3652676153
2026-03-23 06:30:00,1298264.6977331913
2026-03-23 06:45:00,1280483.2301236223
2026-03-23 07:00:00,1271725.6339406385
2026-03-23 07:15:00,1271725.6339406385
2026-03-23 07:30:00,1271725.6339406385
2026-03-23 07:45:00,1271725.6339406385
2026-03-23 08:00:00,1271725.6339406385
2026-03-23 08:15:00,1271725.6339406385
2026-03-23 08:30:00,1263055.6137194843
2026-03-23 08:45:00,1263055.6137194843
2026-03-23 09:00:00,1263055.6137194843
2026-03-23 09:15:00,1245974.8068817887
2026-03-23 09:30:00,1212826.1532042916
2026-03-23 09:45:00,1212826.1532042916
2026-03-23 10:00:00,1204745.1277905009
2026-03-23 10:15:00,1204745.1277905009
2026-03-23 10:30:00,1204745.1277905009
2026-03-23 10:45:00,1204745.1277905009
2026-03-23 11:00:00,1204745.1277905009
2026-03-23 11:15:00,1204745.1277905009
2026-03-23 11:30:00,1196744.912630848
2026-03-23 11:45:00,1196744.912630848
2026-03-23 12:00:00,1180983.6887448158
2026-03-23 12:15:00,1173221.0879756198
2026-03-23 12:30:00,1165536.1132141158
2026-03-23 12:45:00,1165536.1132141158
2026-03-23 13:00:00,1165536.1132141158
2026-03-23 13:15:00,1165536.1132141158
2026-03-23 13:30:00,1157927.9882002268
2026-03-23 13:45:00,1157927.9882002268
2026-03-23 14:00:00,1285459.183745542
2026-03-23 14:15:00,1329495.9623415582
2026-03-23 14:30:00,1320248.2388363946
2026-03-23 14:45:00,1311092.9925662829
2026-03-23 15:00:00,1302029.2987588723
2026-03-23 15:15:00,1302029.2987588723
2026-03-23 15:30:00,1302029.2987588723
2026-03-23 15:45:00,1302029.2987588723
2026-03-23 16:00:00,1302029.2987588723
2026-03-23 16:15:00,1302029.2987588723
2026-03-23 16:30:00,1302029.2987588723
2026-03-23 16:45:00,1302029.2987588723
2026-03-23 17:00:00,1302029.2987588723
2026-03-23 17:15:00,1302029.2987588723
2026-03-23 17:30:00,1302029.2987588723
2026-03-23 17:45:00,1293056.241889536
2026-03-23 18:00:00,1293056.241889536
2026-03-23 18:15:00,1266671.8744439958
2026-03-23 18:30:00,1284172.9155888928
2026-03-23 18:45:00,1258052.391817808
2026-03-23 19:00:00,1249519.104017882
2026-03-23 19:15:00,1249519.104017882
2026-03-23 19:30:00,1249519.104017882
2026-03-23 19:45:00,1249519.104017882
2026-03-23 20:00:00,1249519.104017882
2026-03-23 20:15:00,1249519.104017882
2026-03-23 20:30:00,1249519.104017882
2026-03-23 20:45:00,1249519.104017882
2026-03-23 21:00:00,1249519.104017882
2026-03-23 21:15:00,1241071.1490959553
2026-03-23 21:30:00,1241071.1490959553
2026-03-23 21:45:00,1241071.1490959553
2026-03-23 22:00:00,1232707.6737232483
2026-03-23 22:15:00,1224427.8331042677
2026-03-23 22:30:00,1224427.8331042677
2026-03-23 22:45:00,1208115.7191008148
2026-03-23 23:00:00,1200081.7980280588
2026-03-23 23:15:00,1200081.7980280588
2026-03-23 23:30:00,1200081.7980280588
2026-03-23 23:45:00,1200081.7980280588
2026-03-24 00:00:00,1200081.7980280588
2026-03-24 00:15:00,1200081.7980280588
2026-03-24 00:30:00,1200081.7980280588
2026-03-24 00:45:00,1200081.7980280588
2026-03-24 01:00:00,1176458.8645396484
2026-03-24 01:15:00,1176458.8645396484
2026-03-24 01:30:00,1176458.8645396484
2026-03-24 01:45:00,1168741.512012504
2026-03-24 02:00:00,1168741.512012504
2026-03-24 02:15:00,1192128.2161660304
2026-03-24 02:30:00,1192128.2161660304
2026-03-24 02:45:00,1161101.3330106311
2026-03-24 03:00:00,1153537.555798777
2026-03-24 03:15:00,1153537.555798777
2026-03-24 03:30:00,1153537.555798777
2026-03-24 03:45:00,1153537.555798777
2026-03-24 04:00:00,1153537.555798777
2026-03-24 04:15:00,1131297.0328488185
2026-03-24 04:30:00,1124031.2986385825
2026-03-24 04:45:00,1124031.2986385825
2026-03-24 05:00:00,1116838.2217704488
2026-03-24 05:15:00,1116838.2217704488
2026-03-24 05:30:00,1116838.2217704488
2026-03-24 05:45:00,1116838.2217704488
2026-03-24 06:00:00,1116838.2217704488
2026-03-24 06:15:00,1116838.2217704488
2026-03-24 06:30:00,1116838.2217704488
2026-03-24 06:45:00,1116838.2217704488
2026-03-24 07:00:00,1061823.5899767876
2026-03-24 07:15:00,1061823.5899767876
2026-03-24 07:30:00,1061823.5899767876
2026-03-24 07:45:00,1061823.5899767876
2026-03-24 08:00:00,1190978.252997454
2026-03-24 08:15:00,1190978.252997454
2026-03-24 08:30:00,1183115.7065857318
2026-03-24 08:45:00,1175331.7856381265
2026-03-24 09:00:00,1175331.7856381265
2026-03-24 09:15:00,1159996.6829792499
2026-03-24 09:30:00,1175331.7856381265
2026-03-24 09:45:00,1167625.7038999978
2026-03-24 10:00:00,1152443.9522677097
2026-03-24 10:15:00,1167625.7038999978
2026-03-24 10:30:00,1167625.7038999978
2026-03-24 10:45:00,1167625.7038999978
2026-03-24 11:00:00,1167625.7038999978
2026-03-24 11:15:00,1167625.7038999978
2026-03-24 11:30:00,1167625.7038999978
2026-03-24 11:45:00,1167625.7038999978
2026-03-24 12:00:00,1159996.6829792499
2026-03-24 12:15:00,1159996.6829792499
2026-03-24 12:30:00,1159996.6829792499
2026-03-24 12:45:00,1159996.6829792499
2026-03-24 13:00:00,1159996.6829792499
2026-03-24 13:15:00,1144966.7488632845
2026-03-24 13:30:00,1137564.3174929041
2026-03-24 13:45:00,1137564.3174929041
2026-03-24 14:00:00,1122980.787450117
2026-03-24 14:15:00,1115798.2156938682
2026-03-24 14:30:00,1115798.2156938682
2026-03-24 14:45:00,1115798.2156938682
2026-03-24 15:00:00,1108687.4696551817
2026-03-24 15:15:00,1101647.831076882
2026-03-24 15:30:00,1130235.9104362272
2026-03-24 15:45:00,1122980.787450117
2026-03-24 16:00:00,1144966.7488632845
2026-03-24 16:15:00,1144966.7488632845
2026-03-24 16:30:00,1144966.7488632845
2026-03-24 16:45:00,1144966.7488632845
2026-03-24 17:00:00,1241071.1490959553
2026-03-24 17:15:00,1241071.1490959553
2026-03-24 17:30:00,1241071.1490959553
2026-03-24 17:45:00,1241071.1490959553
2026-03-24 18:00:00,1241071.1490959553
2026-03-24 18:15:00,1241071.1490959553
2026-03-24 18:30:00,1241071.1490959553
2026-03-24 18:45:00,1241071.1490959553
2026-03-24 19:00:00,1241071.1490959553
2026-03-24 19:15:00,1241071.1490959553
2026-03-24 19:30:00,1241071.1490959553
2026-03-24 19:45:00,1241071.1490959553
2026-03-24 20:00:00,1241071.1490959553
2026-03-24 20:15:00,1241071.1490959553
2026-03-24 20:30:00,1241071.1490959553
2026-03-24 20:45:00,1241071.1490959553
2026-03-24 21:00:00,1241071.1490959553
2026-03-24 21:15:00,1241071.1490959553
2026-03-24 21:30:00,1241071.1490959553
2026-03-24 21:45:00,1241071.1490959553
2026-03-24 22:00:00,1241071.1490959553
2026-03-24 22:15:00,1241071.1490959553
2026-03-24 22:30:00,1241071.1490959553
2026-03-24 22:45:00,1241071.1490959553
2026-03-24 23:00:00,1241071.1490959553
2026-03-24 23:15:00,1241071.1490959553
2026-03-24 23:30:00,1241071.1490959553
2026-03-24 23:45:00,1241071.1490959553
2026-03-25 00:00:00,1241071.1490959553
2026-03-25 00:15:00,1224427.8331042677
2026-03-25 00:30:00,1224427.8331042677
2026-03-25 00:45:00,1224427.8331042677
2026-03-25 01:00:00,1224427.8331042677
2026-03-25 01:15:00,1224427.8331042677
2026-03-25 01:30:00,1216230.7908914774
2026-03-25 01:45:00,1216230.7908914774
2026-03-25 02:00:00,1216230.7908914774
2026-03-25 02:15:00,1216230.7908914774
2026-03-25 02:30:00,1216230.7908914774
2026-03-25 02:45:00,1216230.7908914774
2026-03-25 03:00:00,1216230.7908914774
2026-03-25 03:15:00,1216230.7908914774
2026-03-25 03:30:00,1363218.6614799253
2026-03-25 03:45:00,1363218.6614799253
2026-03-25 04:00:00,1353633.710983378
2026-03-25 04:15:00,1353633.710983378
2026-03-25 04:30:00,1334750.4000101308
2026-03-25 04:45:00,1334750.4000101308
2026-03-25 05:00:00,1316242.866925251
2026-03-25 05:15:00,1344144.6099917963
2026-03-25 05:30:00,1344144.6099917963
2026-03-25 05:45:00,1325450.1321282818
2026-03-25 06:00:00,1316242.866925251
2026-03-25 06:15:00,1353633.710983378
2026-03-25 06:30:00,1353633.710983378
2026-03-25 06:45:00,1353633.710983378
2026-03-25 07:00:00,1353633.710983378
2026-03-25 07:15:00,1353633.710983378
2026-03-25 07:30:00,1353633.710983378
2026-03-25 07:45:00,1353633.710983378
2026-03-25 08:00:00,1472138.5534861437
2026-03-25 08:15:00,1472138.5534861437
2026-03-25 08:30:00,1472138.5534861437
2026-03-25 08:45:00,1472138.5534861437
2026-03-25 09:00:00,1472138.5534861437
2026-03-25 09:15:00,1472138.5534861437
2026-03-25 09:30:00,1472138.5534861437
2026-03-25 09:45:00,1472138.5534861437
2026-03-25 10:00:00,1472138.5534861437
2026-03-25 10:15:00,1472138.5534861437
2026-03-25 10:30:00,1472138.5534861437
2026-03-25 10:45:00,1472138.5534861437
2026-03-25 11:00:00,1472138.5534861437
2026-03-25 11:15:00,1472138.5534861437
2026-03-25 11:30:00,1461464.404069534
2026-03-25 11:45:00,1461464.404069534
2026-03-25 12:00:00,1461464.404069534
2026-03-25 12:15:00,1461464.404069534
2026-03-25 12:30:00,1461464.404069534
2026-03-25 12:45:00,1461464.404069534
2026-03-25 13:00:00,1461464.404069534
2026-03-25 13:15:00,1461464.404069534
2026-03-25 13:30:00,1461464.404069534
2026-03-25 13:45:00,1461464.404069534
2026-03-25 14:00:00,1461464.404069534
2026-03-25 14:15:00,1461464.404069534
2026-03-25 14:30:00,1514301.4436817477
2026-03-25 14:45:00,1503205.6653631823
2026-03-25 15:00:00,1503205.6653631823
2026-03-25 15:15:00,1449369.1147335414
2026-03-25 15:30:00,1449369.1147335414
2026-03-25 15:45:00,1449369.1147335414
2026-03-25 16:00:00,1449369.1147335414
2026-03-25 16:15:00,1449369.1147335414
2026-03-25 16:30:00,1449369.1147335414
2026-03-25 16:45:00,1449369.1147335414
2026-03-25 17:00:00,1449369.1147335414
2026-03-25 17:15:00,1449369.1147335414
2026-03-25 17:30:00,1449369.1147335414
2026-03-25 17:45:00,1449369.1147335414
2026-03-25 18:00:00,1449369.1147335414
2026-03-25 18:15:00,1449369.1147335414
2026-03-25 18:30:00,1438922.6597044582
2026-03-25 18:45:00,1438922.6597044582
2026-03-25 19:00:00,1438922.6597044582
2026-03-25 19:15:00,1388236.615974429
2026-03-25 19:30:00,1378401.4859329371
2026-03-25 19:45:00,1378401.4859329371
2026-03-25 20:00:00,1378401.4859329371
2026-03-25 20:15:00,1378401.4859329371
2026-03-25 20:30:00,1378401.4859329371
2026-03-25 20:45:00,1378401.4859329371
2026-03-25 21:00:00,1378401.4859329371
2026-03-25 21:15:00,1359025.2962381935
2026-03-25 21:30:00,1359025.2962381935
2026-03-25 21:45:00,1359025.2962381935
2026-03-25 22:00:00,1359025.2962381935
2026-03-25 22:15:00,1359025.2962381935
2026-03-25 22:30:00,1359025.2962381935
2026-03-25 22:45:00,1359025.2962381935
2026-03-25 23:00:00,1359025.2962381935
2026-03-25 23:15:00,1359025.2962381935
2026-03-25 23:30:00,1359025.2962381935
2026-03-25 23:45:00,1359025.2962381935
2026-03-26 00:00:00,1349482.2793940639
2026-03-26 00:15:00,1349482.2793940639
2026-03-26 00:30:00,1340034.6927183755
2026-03-26 00:45:00,1340034.6927183755
2026-03-26 01:00:00,1340034.6927183755
2026-03-26 01:15:00,1340034.6927183755
2026-03-26 01:30:00,1349482.2793940639
2026-03-26 01:45:00,1349482.2793940639
2026-03-26 02:00:00,1349482.2793940639
2026-03-26 02:15:00,1349482.2793940639
2026-03-26 02:30:00,1349482.2793940639
2026-03-26 02:45:00,1349482.2793940639
2026-03-26 03:00:00,1349482.2793940639
2026-03-26 03:15:00,1349482.2793940639
2026-03-26 03:30:00,1349482.2793940639
2026-03-26 03:45:00,1349482.2793940639
2026-03-26 04:00:00,1349482.2793940639
2026-03-26 04:15:00,1349482.2793940639
2026-03-26 04:30:00,1349482.2793940639
2026-03-26 04:45:00,1349482.2793940639
2026-03-26 05:00:00,1349482.2793940639
2026-03-26 05:15:00,1312255.0183047676
2026-03-26 05:30:00,1340034.6927183755
2026-03-26 05:45:00,1340034.6927183755
2026-03-26 06:00:00,1340034.6927183755
2026-03-26 06:15:00,1340034.6927183755
2026-03-26 06:30:00,1340034.6927183755
2026-03-26 06:45:00,1330681.581909444
2026-03-26 07:00:00,1330681.581909444
2026-03-26 07:15:00,1330681.581909444
2026-03-26 07:30:00,1321422.0022086017
2026-03-26 07:45:00,1321422.0022086017
2026-03-26 08:00:00,1386800.246763031
2026-03-26 08:15:00,1386800.246763031
2026-03-26 08:30:00,1588235.1532898638
2026-03-26 08:45:00,2153309.1815493447
2026-03-26 09:00:00,2153309.1815493447
2026-03-26 09:15:00,2153309.1815493447
2026-03-26 09:30:00,2153309.1815493447
2026-03-26 09:45:00,2135823.325852104
2026-03-26 10:00:00,2118512.328711835
2026-03-26 10:15:00,2118512.328711835
2026-03-26 10:30:00,2118512.328711835
2026-03-26 10:45:00,2101374.4415429686
2026-03-26 11:00:00,2101374.4415429686
2026-03-26 11:15:00,2101374.4415429686
2026-03-26 11:30:00,2101374.4415429686
2026-03-26 11:45:00,2084407.9332457911
2026-03-26 12:00:00,2067611.0900315852
2026-03-26 12:15:00,2067611.0900315852
2026-03-26 12:30:00,2240738.460035549
2026-03-26 12:45:00,2240738.460035549
2026-03-26 13:00:00,2240738.460035549
2026-03-26 13:15:00,2204201.764556164
2026-03-26 13:30:00,2204201.764556164
2026-03-26 13:45:00,2204201.764556164
2026-03-26 14:00:00,2204201.764556164
2026-03-26 14:15:00,3252985.250809408
2026-03-26 14:30:00,3252985.250809408
2026-03-26 14:45:00,3252985.250809408
2026-03-26 15:00:00,3252985.250809408
2026-03-26 15:15:00,3224502.6344195656
2026-03-26 15:30:00,3224502.6344195656
2026-03-26 15:45:00,3224502.6344195656
2026-03-26 16:00:00,3168389.031869938
2026-03-26 16:15:00,3168389.031869938
2026-03-26 16:30:00,3196304.8441936225
2026-03-26 16:45:00,3006659.7443832983
2026-03-26 17:00:00,2980640.3830577172
2026-03-26 17:15:00,2980640.3830577172
2026-03-26 17:30:00,2954881.2153453925
2026-03-26 17:45:00,2954881.2153453925
2026-03-26 18:00:00,2954881.2153453925
2026-03-26 18:15:00,3082389.0955214016
2026-03-26 18:30:00,3082389.0955214016
2026-03-26 18:45:00,3029103.552395847
2026-03-26 19:00:00,3029103.552395847
2026-03-26 19:15:00,3029103.552395847
2026-03-26 19:30:00,3029103.552395847
2026-03-26 19:45:00,3029103.552395847
2026-03-26 20:00:00,3029103.552395847
2026-03-26 20:15:00,3002859.752990141
2026-03-26 20:30:00,2925692.511461402
2026-03-26 20:45:00,2925692.511461402
2026-03-26 21:00:00,2925692.511461402
2026-03-26 21:15:00,3298102.496304343
2026-03-26 21:30:00,3298102.496304343
2026-03-26 21:45:00,3269168.707459552
2026-03-26 22:00:00,3240524.2565032085
2026-03-26 22:15:00,3240524.2565032085
2026-03-26 22:30:00,3184091.8236741167
2026-03-26 22:45:00,3156298.141555628
2026-03-26 23:00:00,2925692.511461402
2026-03-26 23:15:00,2900482.82246504
2026-03-26 23:30:00,2900482.82246504
2026-03-26 23:45:00,2900482.82246504
2026-03-27 00:00:00,2900482.82246504
2026-03-27 00:15:00,2900482.82246504
2026-03-27 00:30:00,2900482.82246504
2026-03-27 00:45:00,2900482.82246504
2026-03-27 01:00:00,2900482.82246504
2026-03-27 01:15:00,2900482.82246504
2026-03-27 01:30:00,2900482.82246504
2026-03-27 01:45:00,2900482.82246504
2026-03-27 02:00:00,2900482.82246504
2026-03-27 02:15:00,2900482.82246504
2026-03-27 02:30:00,2900482.82246504
2026-03-27 02:45:00,2900482.82246504
2026-03-27 03:00:00,2850817.2141733076
2026-03-27 03:15:00,2826356.278149827
2026-03-27 03:30:00,2826356.278149827
2026-03-27 03:45:00,2826356.278149827
2026-03-27 04:00:00,2778165.788089967
2026-03-27 04:15:00,2754431.3663273198
2026-03-27 04:30:00,2754431.3663273198
2026-03-27 04:45:00,2826356.278149827
2026-03-27 05:00:00,2826356.278149827
2026-03-27 05:15:00,2826356.278149827
2026-03-27 05:30:00,2826356.278149827
2026-03-27 05:45:00,2826356.278149827
2026-03-27 06:00:00,2826356.278149827
2026-03-27 06:15:00,2826356.278149827
2026-03-27 06:30:00,2826356.278149827
2026-03-27 06:45:00,2826356.278149827
2026-03-27 07:00:00,2947437.911466057
2026-03-27 07:15:00,2947437.911466057
2026-03-27 07:30:00,2947437.911466057
2026-03-27 07:45:00,2947437.911466057
2026-03-27 08:00:00,2947437.911466057
2026-03-27 08:15:00,2947437.911466057
2026-03-27 08:30:00,2947437.911466057
2026-03-27 08:45:00,2947437.911466057
2026-03-27 09:00:00,2947437.911466057
2026-03-27 09:15:00,2947437.911466057
2026-03-27 09:30:00,2947437.911466057
2026-03-27 09:45:00,2947437.911466057
2026-03-27 10:00:00,2922010.7684696484
2026-03-27 10:15:00,2802139.9514865805
2026-03-27 10:30:00,2778165.788089967
2026-03-27 10:45:00,2754431.3663273198
2026-03-27 11:00:00,2730934.2887822986
2026-03-27 11:15:00,3025270.7829970308
2026-03-27 11:30:00,3025270.7829970308
2026-03-27 11:45:00,3025270.7829970308
2026-03-27 12:00:00,3025270.7829970308
2026-03-27 12:15:00,3025270.7829970308
2026-03-27 12:30:00,3025270.7829970308
2026-03-27 12:45:00,3025270.7829970308
2026-03-27 13:00:00,3025270.7829970308
2026-03-27 13:15:00,3025270.7829970308
2026-03-27 13:30:00,3025270.7829970308
2026-03-27 13:45:00,3025270.7829970308
2026-03-27 14:00:00,3025270.7829970308
2026-03-27 14:15:00,3025270.7829970308
2026-03-27 14:30:00,3025270.7829970308
2026-03-27 14:45:00,3025270.7829970308
2026-03-27 15:00:00,3025270.7829970308
2026-03-27 15:15:00,3025270.7829970308
2026-03-27 15:30:00,3025270.7829970308
2026-03-27 15:45:00,3025270.7829970308
2026-03-27 16:00:00,2999065.3112853128
2026-03-27 16:15:00,2999065.3112853128
2026-03-27 16:30:00,2973121.8942907117
2026-03-27 16:45:00,2973121.8942907117
2026-03-27 17:00:00,2973121.8942907117
2026-03-27 17:15:00,3438334.5308529967
2026-03-27 17:30:00,3438334.5308529967
2026-03-27 17:45:00,3438334.5308529967
2026-03-27 18:00:00,3438334.5308529967
2026-03-27 18:15:00,3438334.5308529967
2026-03-27 18:30:00,3438334.5308529967
2026-03-27 18:45:00,3438334.5308529967
2026-03-27 19:00:00,3438334.5308529967
2026-03-27 19:15:00,3438334.5308529967
2026-03-27 19:30:00,3438334.5308529967
2026-03-27 19:45:00,3438334.5308529967
2026-03-27 20:00:00,3377965.673564344
2026-03-27 20:15:00,3348233.252946953
2026-03-27 20:30:00,3438334.530852996
2026-03-27 20:45:00,3438334.530852996
2026-03-27 21:00:00,3438334.530852996
2026-03-27 21:15:00,3377965.673564343
2026-03-27 21:30:00,3348233.2529469514
2026-03-27 21:45:00,3318798.1565357344
2026-03-27 22:00:00,3318798.1565357344
2026-03-27 22:15:00,3318798.1565357344
2026-03-27 22:30:00,3232247.228483287
2026-03-27 22:45:00,3377965.673564343
2026-03-27 23:00:00,3348233.2529469514
2026-03-27 23:15:00,3348233.2529469514
2026-03-27 23:30:00,3348233.2529469514
2026-03-27 23:45:00,3318798.1565357344
2026-03-28 01:00:00,3289657.411088629
2026-03-28 01:15:00,3289657.411088629
2026-03-28 01:30:00,3289657.411088629
2026-03-28 01:45:00,3289657.411088629
2026-03-28 02:00:00,3289657.411088629
2026-03-28 02:15:00,3289657.411088629
2026-03-28 02:30:00,3289657.411088629
2026-03-28 02:45:00,3289657.411088629
2026-03-28 03:00:00,3407998.421662718
2026-03-28 03:15:00,3407998.421662718
2026-03-28 03:30:00,3407998.421662718
2026-03-28 03:45:00,3407998.421662718
2026-03-28 04:00:00,3407998.421662718
2026-03-28 04:15:00,3407998.421662718
2026-03-28 04:30:00,3407998.421662718
2026-03-28 04:45:00,3407998.421662718
2026-03-28 05:00:00,3407998.421662718
2026-03-28 05:15:00,3407998.421662718
2026-03-28 05:30:00,3407998.421662718
2026-03-28 05:45:00,3407998.421662718
2026-03-28 06:00:00,3407998.421662718
2026-03-28 06:15:00,3407998.421662718
2026-03-28 06:30:00,3407998.421662718
2026-03-28 06:45:00,3407998.421662718
2026-03-28 07:00:00,3407998.421662718
2026-03-28 07:15:00,3377965.673564343
2026-03-28 07:30:00,3377965.673564343
2026-03-28 07:45:00,3377965.673564343
2026-03-28 08:00:00,3348233.2529469514
2026-03-28 08:15:00,3348233.2529469514
2026-03-28 08:30:00,3348233.2529469514
2026-03-28 08:45:00,3348233.2529469514
2026-03-28 09:00:00,3348233.2529469514
2026-03-28 09:15:00,3348233.2529469514
2026-03-28 09:30:00,3348233.2529469514
2026-03-28 09:45:00,3318798.1565357344
2026-03-28 10:00:00,3318798.1565357344
2026-03-28 10:15:00,3318798.1565357344
2026-03-28 10:30:00,3318798.1565357344
2026-03-28 10:45:00,3318798.1565357344
2026-03-28 11:00:00,3318798.1565357344
2026-03-28 11:15:00,3289657.411088629
2026-03-28 11:30:00,3260808.0730959945
2026-03-28 11:45:00,3175979.508511791
2026-03-28 12:00:00,3289657.411088629
2026-03-28 12:15:00,3232247.228483287
2026-03-28 12:30:00,3203971.992316706
2026-03-28 12:45:00,3175979.508511791
2026-03-28 13:00:00,3175979.508511791
2026-03-28 13:15:00,3289657.411088629
2026-03-28 13:30:00,3289657.411088629
2026-03-28 13:45:00,3289657.411088629
2026-03-28 14:00:00,3289657.411088629
2026-03-28 14:15:00,3289657.411088629
2026-03-28 14:30:00,3289657.411088629
2026-03-28 14:45:00,3289657.411088629
2026-03-28 15:00:00,3289657.411088629
2026-03-28 15:15:00,3289657.411088629
2026-03-28 15:30:00,3289657.411088629
2026-03-28 15:45:00,3260808.0730959945
2026-03-28 16:00:00,3260808.0730959945
2026-03-28 16:15:00,3260808.0730959945
2026-03-28 16:30:00,3710998.386303806
2026-03-28 16:45:00,3876312.1250277422
2026-03-28 17:00:00,3841596.2398957177
2026-03-28 17:15:00,3807227.5136150126
2026-03-28 17:30:00,3807227.5136150126
2026-03-28 17:45:00,3739517.685969396
2026-03-28 18:00:00,3706169.7452279544
2026-03-28 18:15:00,3706169.7452279544
2026-03-28 18:30:00,3706169.7452279544
2026-03-28 18:45:00,3706169.7452279544
2026-03-28 19:00:00,3706169.7452279544
2026-03-28 19:15:00,3706169.7452279544
2026-03-28 19:30:00,3706169.7452279544
2026-03-28 19:45:00,3706169.7452279544
2026-03-28 20:00:00,3706169.7452279544
2026-03-28 20:15:00,3673155.283893927
2026-03-28 20:30:00,3673155.283893927
2026-03-28 20:45:00,3673155.283893927
2026-03-28 21:00:00,3673155.283893927
2026-03-28 21:15:00,3673155.283893927
2026-03-28 21:30:00,3673155.283893927
2026-03-28 21:45:00,3673155.283893927
2026-03-28 22:00:00,3640470.9671732397
2026-03-28 22:15:00,3608113.493619759
2026-03-28 22:30:00,3608113.493619759
2026-03-28 22:45:00,3608113.493619759
2026-03-28 23:00:00,3576079.5948018148
2026-03-28 23:15:00,3576079.5948018148
2026-03-28 23:30:00,3576079.5948018148
2026-03-28 23:45:00,3576079.5948018148
2026-03-29 00:00:00,3640470.9671732397
2026-03-29 00:15:00,3640470.9671732397
2026-03-29 00:30:00,3640470.9671732397
2026-03-29 00:45:00,3673155.283893927
2026-03-29 01:00:00,3673155.283893927
2026-03-29 01:15:00,3640470.9671732397
2026-03-29 01:30:00,3608113.493619759
2026-03-29 01:45:00,3608113.493619759
2026-03-29 02:00:00,4377522.736922702
2026-03-29 02:15:00,4576162.693177575
2026-03-29 02:30:00,4576162.693177575
2026-03-29 02:45:00,4576162.693177575
2026-03-29 03:00:00,4576162.693177575
2026-03-29 03:15:00,4534448.302364052
2026-03-29 03:30:00,4534448.302364052
2026-03-29 03:45:00,4371720.671955307
2026-03-29 04:00:00,4332050.701354005
2026-03-29 04:15:00,4292777.430458717
2026-03-29 04:30:00,4292777.430458717
2026-03-29 04:45:00,4292777.430458717
2026-03-29 05:00:00,4253896.892272383
2026-03-29 05:15:00,4177298.3439914845
2026-03-29 05:30:00,4139572.596669822
2026-03-29 05:45:00,4139572.596669822
2026-03-29 06:00:00,4139572.596669822
2026-03-29 06:15:00,4139572.596669822
2026-03-29 06:30:00,4139572.596669822
2026-03-29 06:45:00,4139572.596669822
2026-03-29 07:00:00,4139572.596669822
2026-03-29 07:15:00,4139572.596669822
2026-03-29 07:30:00,4139572.596669822
2026-03-29 07:45:00,4139572.596669822
2026-03-29 08:00:00,4139572.596669822
2026-03-29 08:15:00,4139572.596669822
2026-03-29 08:30:00,4139572.596669822
2026-03-29 08:45:00,4139572.596669822
2026-03-29 09:00:00,4102224.106821376
2026-03-29 09:15:00,4065249.1018714146
2026-03-29 09:30:00,4065249.1018714146
2026-03-29 09:45:00,4065249.1018714146
2026-03-29 10:00:00,4065249.1018714146
2026-03-29 10:15:00,4065249.1018714146
2026-03-29 10:30:00,4028643.846970952
2026-03-29 10:45:00,4028643.846970952
2026-03-29 11:00:00,3956527.8342915527
2026-03-29 11:15:00,3956527.8342915527
2026-03-29 11:30:00,3885846.930264473
2026-03-29 11:45:00,3885846.930264473
2026-03-29 12:00:00,3851035.69708008
2026-03-29 12:15:00,3851035.69708008
2026-03-29 12:30:00,3851035.69708008
2026-03-29 12:45:00,3851035.69708008
2026-03-29 13:00:00,3851035.69708008
2026-03-29 13:15:00,3851035.69708008
2026-03-29 13:30:00,3851035.69708008
2026-03-29 13:45:00,3816572.5762275313
2026-03-29 14:00:00,3715237.250135818
2026-03-29 14:15:00,3682132.113752712
2026-03-29 14:30:00,3649358.028733437
2026-03-29 14:45:00,3649358.028733437
2026-03-29 15:00:00,3649358.028733437
2026-03-29 15:15:00,3649358.028733437
2026-03-29 15:30:00,3649358.028733437
2026-03-29 15:45:00,3649358.028733437
2026-03-29 16:00:00,3649358.028733437
2026-03-29 16:15:00,3649358.028733437
2026-03-29 16:30:00,3649358.028733437
2026-03-29 16:45:00,3649358.028733437
2026-03-29 17:00:00,3616911.684564355
2026-03-29 17:15:00,3616911.684564355
2026-03-29 17:30:00,3616911.684564355
2026-03-29 17:45:00,3616911.684564355
2026-03-29 18:00:00,3552989.141916846
2026-03-29 18:15:00,3552989.141916846
2026-03-29 18:30:00,3552989.141916846
2026-03-29 18:45:00,3521506.4866159293
2026-03-29 19:00:00,3521506.4866159293
2026-03-29 19:15:00,3459482.507407594
2026-03-29 19:30:00,3428934.91845177
2026-03-29 19:45:00,3428934.91845177
2026-03-29 20:00:00,3428934.91845177
2026-03-29 20:15:00,3428934.91845177
2026-03-29 20:30:00,3428934.91845177
2026-03-29 20:45:00,3398692.8053855044
2026-03-29 21:00:00,3398692.8053855044
2026-03-29 21:15:00,3398692.8053855044
2026-03-29 21:30:00,3339112.8184336545
2026-03-29 21:45:00,3339112.8184336545
2026-03-29 22:00:00,3339112.8184336545
2026-03-29 22:15:00,3339112.8184336545
2026-03-29 22:30:00,3339112.8184336545
2026-03-29 22:45:00,3339112.8184336545
2026-03-29 23:00:00,3339112.8184336545
2026-03-29 23:15:00,3398692.8053855044
2026-03-29 23:30:00,3398692.8053855044
2026-03-29 23:45:00,3368753.1134499013
2026-03-30 00:00:00,3339112.8184336545
2026-03-30 00:15:00,3309768.92636757
2026-03-30 00:30:00,3309768.92636757
2026-03-30 00:45:00,3309768.92636757
2026-03-30 01:00:00,3280718.4732221467
2026-03-30 01:15:00,3280718.4732221467
2026-03-30 01:30:00,3280718.4732221467
2026-03-30 01:45:00,3280718.4732221467
2026-03-30 02:00:00,3280718.4732221467
2026-03-30 02:15:00,3280718.4732221467
2026-03-30 02:30:00,3280718.4732221467
2026-03-30 02:45:00,3280718.4732221467
2026-03-30 03:00:00,3280718.4732221467
2026-03-30 03:15:00,3280718.4732221467
2026-03-30 03:30:00,3280718.4732221467
2026-03-30 03:45:00,3280718.4732221467
2026-03-30 04:00:00,3280718.4732221467
2026-03-30 04:15:00,3280718.4732221467
2026-03-30 04:30:00,3280718.4732221467
2026-03-30 04:45:00,3280718.4732221467
2026-03-30 05:00:00,3280718.4732221467
2026-03-30 05:15:00,3280718.4732221467
2026-03-30 05:30:00,3280718.4732221467
2026-03-30 05:45:00,3280718.4732221467
2026-03-30 06:00:00,3280718.4732221467
2026-03-30 06:15:00,3280718.4732221467
2026-03-30 06:30:00,3280718.4732221467
2026-03-30 06:45:00,3280718.4732221467
2026-03-30 07:00:00,3280718.4732221467
2026-03-30 07:15:00,3280718.4732221467
2026-03-30 07:30:00,3280718.4732221467
2026-03-30 07:45:00,3280718.4732221467
2026-03-30 08:00:00,3280718.4732221467
2026-03-30 08:15:00,3280718.4732221467
2026-03-30 08:30:00,3280718.4732221467
2026-03-30 08:45:00,3280718.4732221467
2026-03-30 09:00:00,3280718.4732221467
2026-03-30 09:15:00,3280718.4732221467
2026-03-30 09:30:00,3280718.4732221467
2026-03-30 09:45:00,3280718.4732221467
2026-03-30 10:00:00,3280718.4732221467
2026-03-30 10:15:00,3280718.4732221467
2026-03-30 10:30:00,3280718.4732221467
2026-03-30 10:45:00,3280718.4732221467
2026-03-30 11:00:00,3280718.4732221467
2026-03-30 11:15:00,3280718.4732221467
2026-03-30 11:30:00,3280718.4732221467
2026-03-30 11:45:00,3280718.4732221467
2026-03-30 12:00:00,3280718.4732221467
2026-03-30 12:15:00,3280718.4732221467
2026-03-30 12:30:00,3280718.4732221467
2026-03-30 12:45:00,3280718.4732221467
2026-03-30 13:00:00,3280718.4732221467
2026-03-30 13:15:00,3280718.4732221467
2026-03-30 13:30:00,3280718.4732221467
2026-03-30 13:45:00,3280718.4732221467
2026-03-30 14:00:00,3280718.4732221467
2026-03-30 14:15:00,3280718.4732221467
2026-03-30 14:30:00,3280718.4732221467
2026-03-30 14:45:00,3280718.4732221467
2026-03-30 15:00:00,3280718.4732221467
2026-03-30 15:15:00,3280718.4732221467
2026-03-30 15:30:00,3280718.4732221467
2026-03-30 15:45:00,3280718.4732221467
2026-03-30 16:00:00,3280718.4732221467
2026-03-30 16:15:00,3280718.4732221467
2026-03-30 16:30:00,3280718.4732221467
2026-03-30 16:45:00,3280718.4732221467
2026-03-30 17:00:00,3280718.4732221467
2026-03-30 17:15:00,3280718.4732221467
2026-03-30 17:30:00,3280718.4732221467
2026-03-30 17:45:00,3280718.4732221467
2026-03-30 18:00:00,3280718.4732221467
2026-03-30 18:15:00,3280718.4732221467
2026-03-30 18:30:00,3280718.4732221467
2026-03-30 18:45:00,3280718.4732221467
2026-03-30 19:00:00,3280718.4732221467
2026-03-30 19:15:00,3280718.4732221467
2026-03-30 19:30:00,3280718.4732221467
2026-03-30 19:45:00,3280718.4732221467
2026-03-30 20:00:00,3280718.4732221467
2026-03-30 20:15:00,3280718.4732221467
2026-03-30 20:30:00,3280718.4732221467
2026-03-30 20:45:00,3280718.4732221467
2026-03-30 21:00:00,3280718.4732221467
2026-03-30 21:15:00,3280718.4732221467
2026-03-30 21:30:00,3280718.4732221467
2026-03-30 21:45:00,3280718.4732221467
2026-03-30 22:00:00,3280718.4732221467
2026-03-30 22:15:00,3280718.4732221467
2026-03-30 22:30:00,3280718.4732221467
2026-03-30 22:45:00,3280718.4732221467
2026-03-30 23:00:00,3280718.4732221467
2026-03-30 23:15:00,3280718.4732221467
2026-03-30 23:30:00,3280718.4732221467
2026-03-30 23:45:00,3280718.4732221467
2026-03-31 00:00:00,3280718.4732221467
2026-03-31 00:15:00,3280718.4732221467
2026-03-31 00:30:00,3280718.4732221467
2026-03-31 00:45:00,3280718.4732221467
2026-03-31 01:00:00,3280718.4732221467
2026-03-31 01:15:00,3280718.4732221467
2026-03-31 01:30:00,3280718.4732221467
2026-03-31 01:45:00,3280718.4732221467
2026-03-31 02:00:00,3280718.4732221467
2026-03-31 02:15:00,3280718.4732221467
2026-03-31 02:30:00,3280718.4732221467
2026-03-31 02:45:00,3280718.4732221467
2026-03-31 03:00:00,3280718.4732221467
2026-03-31 03:15:00,3280718.4732221467
2026-03-31 03:30:00,3280718.4732221467
2026-03-31 03:45:00,3280718.4732221467
2026-03-31 04:00:00,3280718.4732221467
2026-03-31 04:15:00,3280718.4732221467
2026-03-31 04:30:00,3280718.4732221467
2026-03-31 04:45:00,3280718.4732221467
2026-03-31 05:00:00,3280718.4732221467
2026-03-31 05:15:00,3280718.4732221467
2026-03-31 05:30:00,3280718.4732221467
2026-03-31 05:45:00,3280718.4732221467
2026-03-31 06:00:00,3280718.4732221467
2026-03-31 06:15:00,3280718.4732221467
2026-03-31 06:30:00,3280718.4732221467
2026-03-31 06:45:00,3280718.4732221467
2026-03-31 07:00:00,3280718.4732221467
2026-03-31 07:15:00,3280718.4732221467
2026-03-31 07:30:00,3280718.4732221467
2026-03-31 07:45:00,3280718.4732221467
2026-03-31 08:00:00,3280718.4732221467
2026-03-31 08:15:00,3280718.4732221467
2026-03-31 08:30:00,3280718.4732221467
2026-03-31 08:45:00,3280718.4732221467
2026-03-31 09:00:00,3280718.4732221467
2026-03-31 09:15:00,3280718.4732221467
2026-03-31 09:30:00,3280718.4732221467
2026-03-31 09:45:00,3280718.4732221467
2026-03-31 10:00:00,3280718.4732221467
2026-03-31 10:15:00,3280718.4732221467
2026-03-31 10:30:00,3280718.4732221467
2026-03-31 10:45:00,3280718.4732221467
2026-03-31 11:00:00,3280718.4732221467
2026-03-31 11:15:00,3280718.4732221467
2026-03-31 11:30:00,3280718.4732221467
2026-03-31 11:45:00,3280718.4732221467
2026-03-31 12:00:00,3280718.4732221467
2026-03-31 12:15:00,3280718.4732221467
2026-03-31 12:30:00,3280718.4732221467
2026-03-31 12:45:00,3280718.4732221467
2026-03-31 13:00:00,3280718.4732221467
2026-03-31 13:15:00,3280718.4732221467
2026-03-31 13:30:00,3280718.4732221467
2026-03-31 13:45:00,3280718.4732221467
2026-03-31 14:00:00,3280718.4732221467
2026-03-31 14:15:00,3280718.4732221467
2026-03-31 14:30:00,3280718.4732221467
2026-03-31 14:45:00,3280718.4732221467
2026-03-31 15:00:00,3280718.4732221467
2026-03-31 15:15:00,3280718.4732221467
2026-03-31 15:30:00,3280718.4732221467
2026-03-31 15:45:00,3280718.4732221467
2026-03-31 16:00:00,3280718.4732221467
2026-03-31 16:15:00,3280718.4732221467
2026-03-31 16:30:00,3280718.4732221467
2026-03-31 16:45:00,3280718.4732221467
2026-03-31 17:00:00,3280718.4732221467
2026-03-31 17:15:00,3280718.4732221467
2026-03-31 17:30:00,3280718.4732221467
2026-03-31 17:45:00,3280718.4732221467
2026-03-31 18:00:00,3280718.4732221467
2026-03-31 18:15:00,3280718.4732221467
2026-03-31 18:30:00,3280718.4732221467
2026-03-31 18:45:00,3280718.4732221467
2026-03-31 19:00:00,3280718.4732221467
2026-03-31 19:15:00,3280718.4732221467
2026-03-31 19:30:00,3280718.4732221467
2026-03-31 19:45:00,3280718.4732221467
2026-03-31 20:00:00,3280718.4732221467
2026-03-31 20:15:00,3280718.4732221467
2026-03-31 20:30:00,3280718.4732221467
2026-03-31 20:45:00,3280718.4732221467
2026-03-31 21:00:00,3280718.4732221467
2026-03-31 21:15:00,3280718.4732221467
2026-03-31 21:30:00,3280718.4732221467
2026-03-31 21:45:00,3280718.4732221467
2026-03-31 22:00:00,3280718.4732221467
2026-03-31 22:15:00,3280718.4732221467
2026-03-31 22:30:00,3280718.4732221467
2026-03-31 22:45:00,3280718.4732221467
2026-03-31 23:00:00,3280718.4732221467
2026-03-31 23:15:00,3280718.4732221467
2026-03-31 23:30:00,3280718.4732221467
2026-03-31 23:45:00,3280718.4732221467
2026-04-01 00:00:00,3280718.4732221467
2026-04-01 00:15:00,3280718.4732221467
2026-04-01 00:30:00,3280718.4732221467
2026-04-01 00:45:00,3280718.4732221467
2026-04-01 01:00:00,3280718.4732221467
2026-04-01 01:15:00,3280718.4732221467
2026-04-01 01:30:00,3280718.4732221467
2026-04-01 01:45:00,3280718.4732221467
2026-04-01 02:00:00,3280718.4732221467
2026-04-01 02:15:00,3280718.4732221467
2026-04-01 02:30:00,3280718.4732221467
2026-04-01 02:45:00,3280718.4732221467
2026-04-01 03:00:00,3280718.4732221467
2026-04-01 03:15:00,3280718.4732221467
2026-04-01 03:30:00,3280718.4732221467
2026-04-01 03:45:00,3280718.4732221467
2026-04-01 04:00:00,3280718.4732221467
2026-04-01 04:15:00,3280718.4732221467
2026-04-01 04:30:00,3280718.4732221467
2026-04-01 04:45:00,3280718.4732221467
2026-04-01 05:00:00,3280718.4732221467
2026-04-01 05:15:00,3280718.4732221467
2026-04-01 05:30:00,3280718.4732221467
2026-04-01 05:45:00,3280718.4732221467
2026-04-01 06:00:00,3280718.4732221467
2026-04-01 06:15:00,3280718.4732221467
2026-04-01 06:30:00,3280718.4732221467
2026-04-01 06:45:00,3280718.4732221467
2026-04-01 07:00:00,3280718.4732221467
2026-04-01 07:15:00,3280718.4732221467
2026-04-01 07:30:00,3280718.4732221467
2026-04-01 07:45:00,3280718.4732221467
2026-04-01 08:00:00,3280718.4732221467
2026-04-01 08:15:00,3280718.4732221467
2026-04-01 08:30:00,3280718.4732221467
2026-04-01 08:45:00,3280718.4732221467
2026-04-01 09:00:00,3280718.4732221467
2026-04-01 09:15:00,3280718.4732221467
2026-04-01 09:30:00,3280718.4732221467
2026-04-01 09:45:00,3280718.4732221467
2026-04-01 10:00:00,3280718.4732221467
2026-04-01 10:15:00,3280718.4732221467
2026-04-01 10:30:00,3280718.4732221467
2026-04-01 10:45:00,3280718.4732221467
2026-04-01 11:00:00,3280718.4732221467
2026-04-01 11:15:00,3280718.4732221467
2026-04-01 11:30:00,3280718.4732221467
2026-04-01 11:45:00,3280718.4732221467
2026-04-01 12:00:00,3280718.4732221467
2026-04-01 12:15:00,3280718.4732221467
2026-04-01 12:30:00,3280718.4732221467
2026-04-01 12:45:00,3280718.4732221467
2026-04-01 13:00:00,3280718.4732221467
2026-04-01 13:15:00,3280718.4732221467
2026-04-01 13:30:00,3280718.4732221467
2026-04-01 13:45:00,3280718.4732221467
2026-04-01 14:00:00,3280718.4732221467
2026-04-01 14:15:00,3280718.4732221467
2026-04-01 14:30:00,3280718.4732221467
2026-04-01 14:45:00,3280718.4732221467
2026-04-01 15:00:00,3280718.4732221467
2026-04-01 15:15:00,3280718.4732221467
2026-04-01 15:30:00,3280718.4732221467
2026-04-01 15:45:00,3280718.4732221467
2026-04-01 16:00:00,3280718.4732221467
2026-04-01 16:15:00,3280718.4732221467
2026-04-01 16:30:00,3280718.4732221467
2026-04-01 16:45:00,3280718.4732221467
2026-04-01 17:00:00,3280718.4732221467
2026-04-01 17:15:00,3280718.4732221467
2026-04-01 17:30:00,3280718.4732221467
2026-04-01 17:45:00,3280718.4732221467
2026-04-01 18:00:00,3280718.4732221467
2026-04-01 18:15:00,3280718.4732221467
2026-04-01 18:30:00,3280718.4732221467
2026-04-01 18:45:00,3280718.4732221467
2026-04-01 19:00:00,3280718.4732221467
2026-04-01 19:15:00,3280718.4732221467
2026-04-01 19:30:00,3280718.4732221467
2026-04-01 19:45:00,3280718.4732221467
2026-04-01 20:00:00,3280718.4732221467
2026-04-01 20:15:00,3280718.4732221467
2026-04-01 20:30:00,3280718.4732221467
2026-04-01 20:45:00,3280718.4732221467
2026-04-01 21:00:00,3280718.4732221467
2026-04-01 21:15:00,3280718.4732221467
2026-04-01 21:30:00,3280718.4732221467
2026-04-01 21:45:00,3280718.4732221467
2026-04-01 22:00:00,3280718.4732221467
2026-04-01 22:15:00,3280718.4732221467
2026-04-01 22:30:00,3280718.4732221467
2026-04-01 22:45:00,3280718.4732221467
2026-04-01 23:00:00,3280718.4732221467
2026-04-01 23:15:00,3280718.4732221467
2026-04-01 23:30:00,3280718.4732221467
2026-04-01 23:45:00,3280718.4732221467
2026-04-02 00:00:00,3280718.4732221467
2026-04-02 00:15:00,3280718.4732221467
2026-04-02 00:30:00,3280718.4732221467
2026-04-02 00:45:00,3280718.4732221467
2026-04-02 01:00:00,3280718.4732221467
2026-04-02 01:15:00,3280718.4732221467
2026-04-02 01:30:00,3280718.4732221467
2026-04-02 01:45:00,3280718.4732221467
2026-04-02 02:00:00,3280718.4732221467
2026-04-02 02:15:00,3280718.4732221467
2026-04-02 02:30:00,3280718.4732221467
2026-04-02 02:45:00,3280718.4732221467
2026-04-02 03:00:00,3280718.4732221467
2026-04-02 03:15:00,3280718.4732221467
2026-04-02 03:30:00,3280718.4732221467
2026-04-02 03:45:00,3280718.4732221467
2026-04-02 04:00:00,3280718.4732221467
2026-04-02 04:15:00,3280718.4732221467
2026-04-02 04:30:00,3280718.4732221467
2026-04-02 04:45:00,3280718.4732221467
2026-04-02 05:00:00,3280718.4732221467
2026-04-02 05:15:00,3280718.4732221467
2026-04-02 05:30:00,3280718.4732221467
2026-04-02 05:45:00,3280718.4732221467
2026-04-02 06:00:00,3280718.4732221467
2026-04-02 06:15:00,3280718.4732221467
2026-04-02 06:30:00,3280718.4732221467
2026-04-02 06:45:00,3280718.4732221467
2026-04-02 07:00:00,3280718.4732221467
2026-04-02 07:15:00,3280718.4732221467
2026-04-02 07:30:00,3280718.4732221467
2026-04-02 07:45:00,3280718.4732221467
2026-04-02 08:00:00,3280718.4732221467
2026-04-02 08:15:00,3280718.4732221467
2026-04-02 08:30:00,3280718.4732221467
2026-04-02 08:45:00,3280718.4732221467
2026-04-02 09:00:00,3280718.4732221467
2026-04-02 09:15:00,3280718.4732221467
2026-04-02 09:30:00,3280718.4732221467
2026-04-02 09:45:00,3280718.4732221467
2026-04-02 10:00:00,3280718.4732221467
2026-04-02 10:15:00,3280718.4732221467
2026-04-02 10:30:00,3280718.4732221467
2026-04-02 10:45:00,3280718.4732221467
2026-04-02 11:00:00,3280718.4732221467
2026-04-02 11:15:00,3280718.4732221467
2026-04-02 11:30:00,3280718.4732221467
2026-04-02 11:45:00,3280718.4732221467
2026-04-02 12:00:00,3280718.4732221467
2026-04-02 12:15:00,3280718.4732221467
2026-04-02 12:30:00,3280718.4732221467
2026-04-02 12:45:00,3280718.4732221467
2026-04-02 13:00:00,3280718.4732221467
2026-04-02 13:15:00,3280718.4732221467
2026-04-02 13:30:00,3280718.4732221467
2026-04-02 13:45:00,3280718.4732221467
2026-04-02 14:00:00,3280718.4732221467
2026-04-02 14:15:00,3280718.4732221467
2026-04-02 14:30:00,3280718.4732221467
2026-04-02 14:45:00,3280718.4732221467
2026-04-02 15:00:00,3280718.4732221467
2026-04-02 15:15:00,3280718.4732221467
2026-04-02 15:30:00,3280718.4732221467
2026-04-02 15:45:00,3280718.4732221467
2026-04-02 16:00:00,3280718.4732221467
2026-04-02 16:15:00,3280718.4732221467
2026-04-02 16:30:00,3280718.4732221467
2026-04-02 16:45:00,3280718.4732221467
2026-04-02 17:00:00,3280718.4732221467
2026-04-02 17:15:00,3280718.4732221467
2026-04-02 17:30:00,3280718.4732221467
2026-04-02 17:45:00,3280718.4732221467
2026-04-02 18:00:00,3280718.4732221467
2026-04-02 18:15:00,3280718.4732221467
2026-04-02 18:30:00,3280718.4732221467
2026-04-02 18:45:00,3280718.4732221467
2026-04-02 19:00:00,3280718.4732221467
2026-04-02 19:15:00,3280718.4732221467
2026-04-02 19:30:00,3280718.4732221467
2026-04-02 19:45:00,3280718.4732221467
2026-04-02 20:00:00,3280718.4732221467
2026-04-02 20:15:00,3280718.4732221467
2026-04-02 20:30:00,3280718.4732221467
2026-04-02 20:45:00,3280718.4732221467
2026-04-02 21:00:00,3280718.4732221467
2026-04-02 21:15:00,3280718.4732221467
2026-04-02 21:30:00,3280718.4732221467
2026-04-02 21:45:00,3280718.4732221467
2026-04-02 22:00:00,3280718.4732221467
2026-04-02 22:15:00,3280718.4732221467
2026-04-02 22:30:00,3280718.4732221467
2026-04-02 22:45:00,3280718.4732221467
2026-04-02 23:00:00,3280718.4732221467
2026-04-02 23:15:00,3280718.4732221467
2026-04-02 23:30:00,3280718.4732221467
2026-04-02 23:45:00,3280718.4732221467
2026-04-03 00:00:00,3280718.4732221467
2026-04-03 00:15:00,3280718.4732221467
2026-04-03 00:30:00,3280718.4732221467
2026-04-03 00:45:00,3280718.4732221467
2026-04-03 01:00:00,3280718.4732221467
2026-04-03 01:15:00,3280718.4732221467
2026-04-03 01:30:00,3280718.4732221467
2026-04-03 01:45:00,3280718.4732221467
2026-04-03 02:00:00,3280718.4732221467
2026-04-03 02:15:00,3280718.4732221467
2026-04-03 02:30:00,3280718.4732221467
2026-04-03 02:45:00,3280718.4732221467
2026-04-03 03:00:00,3280718.4732221467
2026-04-03 03:15:00,3280718.4732221467
2026-04-03 03:30:00,3280718.4732221467
2026-04-03 03:45:00,3280718.4732221467
2026-04-03 04:00:00,3280718.4732221467
2026-04-03 04:15:00,3280718.4732221467
2026-04-03 04:30:00,3280718.4732221467
2026-04-03 04:45:00,3280718.4732221467
2026-04-03 05:00:00,3280718.4732221467
2026-04-03 05:15:00,3280718.4732221467
2026-04-03 05:30:00,3280718.4732221467
2026-04-03 05:45:00,3280718.4732221467
2026-04-03 06:00:00,3280718.4732221467
2026-04-03 06:15:00,3280718.4732221467
2026-04-03 06:30:00,3280718.4732221467
2026-04-03 06:45:00,3280718.4732221467
2026-04-03 07:00:00,3280718.4732221467
2026-04-03 07:15:00,3280718.4732221467
2026-04-03 07:30:00,3280718.4732221467
2026-04-03 07:45:00,3280718.4732221467
2026-04-03 08:00:00,3280718.4732221467
2026-04-03 08:15:00,3280718.4732221467
2026-04-03 08:30:00,3280718.4732221467
2026-04-03 08:45:00,3280718.4732221467
2026-04-03 09:00:00,3280718.4732221467
2026-04-03 09:15:00,3280718.4732221467
2026-04-03 09:30:00,3280718.4732221467
2026-04-03 09:45:00,3280718.4732221467
2026-04-03 10:00:00,3280718.4732221467
2026-04-03 10:15:00,3280718.4732221467
2026-04-03 10:30:00,3280718.4732221467
2026-04-03 10:45:00,3280718.4732221467
2026-04-03 11:00:00,3280718.4732221467
2026-04-03 11:15:00,3280718.4732221467
2026-04-03 11:30:00,3280718.4732221467
2026-04-03 11:45:00,3280718.4732221467
2026-04-03 12:00:00,3280718.4732221467
2026-04-03 12:15:00,3280718.4732221467
2026-04-03 12:30:00,3280718.4732221467
2026-04-03 12:45:00,3280718.4732221467
2026-04-03 13:00:00,3280718.4732221467
2026-04-03 13:15:00,3280718.4732221467
2026-04-03 13:30:00,3280718.4732221467
2026-04-03 13:45:00,3280718.4732221467
2026-04-03 14:00:00,3280718.4732221467
2026-04-03 14:15:00,3280718.4732221467
2026-04-03 14:30:00,3280718.4732221467
2026-04-03 14:45:00,3280718.4732221467
2026-04-03 15:00:00,3280718.4732221467
2026-04-03 15:15:00,3280718.4732221467
2026-04-03 15:30:00,3280718.4732221467
2026-04-03 15:45:00,3280718.4732221467
2026-04-03 16:00:00,3280718.4732221467
2026-04-03 16:15:00,3280718.4732221467
2026-04-03 16:30:00,3280718.4732221467
2026-04-03 16:45:00,3280718.4732221467
2026-04-03 17:00:00,3280718.4732221467
2026-04-03 17:15:00,3280718.4732221467
2026-04-03 17:30:00,3280718.4732221467
2026-04-03 17:45:00,3280718.4732221467
2026-04-03 18:00:00,3280718.4732221467
2026-04-03 18:15:00,3280718.4732221467
2026-04-03 18:30:00,3280718.4732221467
2026-04-03 18:45:00,3280718.4732221467
2026-04-03 19:00:00,3280718.4732221467
2026-04-03 19:15:00,3280718.4732221467
2026-04-03 19:30:00,3280718.4732221467
2026-04-03 19:45:00,3280718.4732221467
2026-04-03 20:00:00,3280718.4732221467
2026-04-03 20:15:00,3280718.4732221467
2026-04-03 20:30:00,3280718.4732221467
2026-04-03 20:45:00,3280718.4732221467
2026-04-03 21:00:00,3280718.4732221467
2026-04-03 21:15:00,3280718.4732221467
2026-04-03 21:30:00,3280718.4732221467
2026-04-03 21:45:00,3280718.4732221467
2026-04-03 22:00:00,3280718.4732221467
2026-04-03 22:15:00,3280718.4732221467
2026-04-03 22:30:00,3280718.4732221467
2026-04-03 22:45:00,3280718.4732221467
2026-04-03 23:00:00,3280718.4732221467
2026-04-03 23:15:00,3280718.4732221467
2026-04-03 23:30:00,3280718.4732221467
2026-04-03 23:45:00,3280718.4732221467
2026-04-04 01:00:00,3280718.4732221467
2026-04-04 01:15:00,3280718.4732221467
2026-04-04 01:30:00,3280718.4732221467
2026-04-04 01:45:00,3280718.4732221467
2026-04-04 02:00:00,3280718.4732221467
2026-04-04 02:15:00,3280718.4732221467
2026-04-04 02:30:00,3280718.4732221467
2026-04-04 02:45:00,3280718.4732221467
2026-04-04 03:00:00,3280718.4732221467
2026-04-04 03:15:00,3280718.4732221467
2026-04-04 03:30:00,3280718.4732221467
2026-04-04 03:45:00,3280718.4732221467
2026-04-04 04:00:00,3280718.4732221467
2026-04-04 04:15:00,3280718.4732221467
2026-04-04 04:30:00,3280718.4732221467
2026-04-04 04:45:00,3280718.4732221467
2026-04-04 05:00:00,3280718.4732221467
2026-04-04 05:15:00,3280718.4732221467
2026-04-04 05:30:00,3280718.4732221467
2026-04-04 05:45:00,3280718.4732221467
2026-04-04 06:00:00,3280718.4732221467
2026-04-04 06:15:00,3280718.4732221467
2026-04-04 06:30:00,3280718.4732221467
2026-04-04 06:45:00,3280718.4732221467
2026-04-04 07:00:00,3280718.4732221467
2026-04-04 07:15:00,3280718.4732221467
2026-04-04 07:30:00,3280718.4732221467
2026-04-04 07:45:00,3280718.4732221467
2026-04-04 08:00:00,3280718.4732221467
2026-04-04 08:15:00,3280718.4732221467
2026-04-04 08:30:00,3280718.4732221467
2026-04-04 08:45:00,3280718.4732221467
2026-04-04 09:00:00,3280718.4732221467
2026-04-04 09:15:00,3280718.4732221467
2026-04-04 09:30:00,3280718.4732221467
2026-04-04 09:45:00,3280718.4732221467
2026-04-04 10:00:00,3280718.4732221467
2026-04-04 10:15:00,3280718.4732221467
2026-04-04 10:30:00,3280718.4732221467
2026-04-04 10:45:00,3280718.4732221467
2026-04-04 11:00:00,3280718.4732221467
2026-04-04 11:15:00,3280718.4732221467
2026-04-04 11:30:00,3280718.4732221467
2026-04-04 11:45:00,3280718.4732221467
2026-04-04 12:00:00,3280718.4732221467
2026-04-04 12:15:00,3280718.4732221467
2026-04-04 12:30:00,3280718.4732221467
2026-04-04 12:45:00,3280718.4732221467
2026-04-04 13:00:00,3280718.4732221467
2026-04-04 13:15:00,3280718.4732221467
2026-04-04 13:30:00,3280718.4732221467
2026-04-04 13:45:00,3280718.4732221467
2026-04-04 14:00:00,3280718.4732221467
2026-04-04 14:15:00,3280718.4732221467
2026-04-04 14:30:00,3280718.4732221467
2026-04-04 14:45:00,3280718.4732221467
2026-04-04 15:00:00,3280718.4732221467
2026-04-04 15:15:00,3280718.4732221467
2026-04-04 15:30:00,3280718.4732221467
2026-04-04 15:45:00,3280718.4732221467
2026-04-04 16:00:00,3280718.4732221467
2026-04-04 16:15:00,3280718.4732221467
2026-04-04 16:30:00,3280718.4732221467
2026-04-04 16:45:00,3280718.4732221467
2026-04-04 17:00:00,3280718.4732221467
2026-04-04 17:15:00,3280718.4732221467
2026-04-04 17:30:00,3280718.4732221467
2026-04-04 17:45:00,3280718.4732221467
2026-04-04 18:00:00,3280718.4732221467
2026-04-04 18:15:00,3280718.4732221467
2026-04-04 18:30:00,3280718.4732221467
2026-04-04 18:45:00,3280718.4732221467
2026-04-04 19:00:00,3280718.4732221467
2026-04-04 19:15:00,3280718.4732221467
2026-04-04 19:30:00,3280718.4732221467
2026-04-04 19:45:00,3280718.4732221467
2026-04-04 20:00:00,3280718.4732221467
2026-04-04 20:15:00,3280718.4732221467
2026-04-04 20:30:00,3280718.4732221467
2026-04-04 20:45:00,3280718.4732221467
2026-04-04 21:00:00,3280718.4732221467
2026-04-04 21:15:00,3280718.4732221467
2026-04-04 21:30:00,3280718.4732221467
2026-04-04 21:45:00,3280718.4732221467
2026-04-04 22:00:00,3280718.4732221467
2026-04-04 22:15:00,3280718.4732221467
2026-04-04 22:30:00,3280718.4732221467
2026-04-04 22:45:00,3280718.4732221467
2026-04-04 23:00:00,3280718.4732221467
2026-04-04 23:15:00,3280718.4732221467
2026-04-04 23:30:00,3280718.4732221467
2026-04-04 23:45:00,3280718.4732221467
2026-04-05 00:00:00,3280718.4732221467
2026-04-05 00:15:00,3280718.4732221467
2026-04-05 00:30:00,3280718.4732221467
2026-04-05 00:45:00,3280718.4732221467
2026-04-05 01:00:00,3280718.4732221467
2026-04-05 01:15:00,3280718.4732221467
2026-04-05 01:30:00,3280718.4732221467
2026-04-05 01:45:00,3280718.4732221467
2026-04-05 02:00:00,3280718.4732221467
2026-04-05 02:15:00,3280718.4732221467
2026-04-05 02:30:00,3280718.4732221467
2026-04-05 02:45:00,3280718.4732221467
2026-04-05 03:00:00,3280718.4732221467
2026-04-05 03:15:00,3280718.4732221467
2026-04-05 03:30:00,3280718.4732221467
2026-04-05 03:45:00,3280718.4732221467
2026-04-05 04:00:00,3280718.4732221467
2026-04-05 04:15:00,3280718.4732221467
2026-04-05 04:30:00,3280718.4732221467
2026-04-05 04:45:00,3280718.4732221467
2026-04-05 05:00:00,3280718.4732221467
2026-04-05 05:15:00,3280718.4732221467
2026-04-05 05:30:00,3280718.4732221467
2026-04-05 05:45:00,3280718.4732221467
2026-04-05 06:00:00,3280718.4732221467
2026-04-05 06:15:00,3280718.4732221467
2026-04-05 06:30:00,3280718.4732221467
2026-04-05 06:45:00,3280718.4732221467
2026-04-05 07:00:00,3280718.4732221467
2026-04-05 07:15:00,3280718.4732221467
2026-04-05 07:30:00,3280718.4732221467
2026-04-05 07:45:00,3280718.4732221467
2026-04-05 08:00:00,3280718.4732221467
2026-04-05 08:15:00,3280718.4732221467
2026-04-05 08:30:00,3280718.4732221467
2026-04-05 08:45:00,3280718.4732221467
2026-04-05 09:00:00,3280718.4732221467
2026-04-05 09:15:00,3280718.4732221467
2026-04-05 09:30:00,3280718.4732221467
2026-04-05 09:45:00,3280718.4732221467
2026-04-05 10:00:00,3280718.4732221467
2026-04-05 10:15:00,3280718.4732221467
2026-04-05 10:30:00,3280718.4732221467
2026-04-05 10:45:00,3280718.4732221467
2026-04-05 11:00:00,3280718.4732221467
2026-04-05 11:15:00,3280718.4732221467
2026-04-05 11:30:00,3280718.4732221467
2026-04-05 11:45:00,3280718.4732221467
2026-04-05 12:00:00,3280718.4732221467
2026-04-05 12:15:00,3280718.4732221467
2026-04-05 12:30:00,3280718.4732221467
2026-04-05 12:45:00,3280718.4732221467
2026-04-05 13:00:00,3280718.4732221467
2026-04-05 13:15:00,3280718.4732221467
2026-04-05 13:30:00,3280718.4732221467
2026-04-05 13:45:00,3280718.4732221467
2026-04-05 14:00:00,3280718.4732221467
2026-04-05 14:15:00,3280718.4732221467
2026-04-05 14:30:00,3280718.4732221467
2026-04-05 14:45:00,3280718.4732221467
2026-04-05 15:00:00,3280718.4732221467
2026-04-05 15:15:00,3280718.4732221467
2026-04-05 15:30:00,3280718.4732221467
2026-04-05 15:45:00,3280718.4732221467
2026-04-05 16:00:00,3280718.4732221467
2026-04-05 16:15:00,3280718.4732221467
2026-04-05 16:30:00,3280718.4732221467
2026-04-05 16:45:00,3280718.4732221467
2026-04-05 17:00:00,3280718.4732221467
2026-04-05 17:15:00,3280718.4732221467
2026-04-05 17:30:00,3280718.4732221467
2026-04-05 17:45:00,3280718.4732221467
2026-04-05 18:00:00,3280718.4732221467
2026-04-05 18:15:00,3280718.4732221467
2026-04-05 18:30:00,3280718.4732221467
2026-04-05 18:45:00,3280718.4732221467
2026-04-05 19:00:00,3280718.4732221467
2026-04-05 19:15:00,3280718.4732221467
2026-04-05 19:30:00,3280718.4732221467
2026-04-05 19:45:00,3280718.4732221467
2026-04-05 20:00:00,3280718.4732221467
2026-04-05 20:15:00,3280718.4732221467
2026-04-05 20:30:00,3280718.4732221467
2026-04-05 20:45:00,3280718.4732221467
2026-04-05 21:00:00,3280718.4732221467
2026-04-05 21:15:00,3280718.4732221467
2026-04-05 21:30:00,3280718.4732221467
2026-04-05 21:45:00,3280718.4732221467
2026-04-05 22:00:00,3280718.4732221467
2026-04-05 22:15:00,3280718.4732221467
2026-04-05 22:30:00,3280718.4732221467
2026-04-05 22:45:00,3280718.4732221467
2026-04-05 23:00:00,3280718.4732221467
2026-04-05 23:15:00,3280718.4732221467
2026-04-05 23:30:00,3280718.4732221467
2026-04-05 23:45:00,3280718.4732221467
2026-04-06 00:00:00,3280718.4732221467
2026-04-06 00:15:00,3280718.4732221467
2026-04-06 00:30:00,3280718.4732221467
2026-04-06 00:45:00,3280718.4732221467
2026-04-06 01:00:00,3280718.4732221467
2026-04-06 01:15:00,3280718.4732221467
2026-04-06 01:30:00,3280718.4732221467
2026-04-06 01:45:00,3280718.4732221467
2026-04-06 02:00:00,3280718.4732221467
2026-04-06 02:15:00,3280718.4732221467
2026-04-06 02:30:00,3280718.4732221467
2026-04-06 02:45:00,3280718.4732221467
2026-04-06 03:00:00,3280718.4732221467
2026-04-06 03:15:00,3280718.4732221467
2026-04-06 03:30:00,3280718.4732221467
2026-04-06 03:45:00,3280718.4732221467
2026-04-06 04:00:00,3280718.4732221467
2026-04-06 04:15:00,3280718.4732221467
2026-04-06 04:30:00,3280718.4732221467
2026-04-06 04:45:00,3280718.4732221467
2026-04-06 05:00:00,3280718.4732221467
2026-04-06 05:15:00,3280718.4732221467
2026-04-06 05:30:00,3280718.4732221467
2026-04-06 05:45:00,3280718.4732221467
2026-04-06 06:00:00,3280718.4732221467
2026-04-06 06:15:00,3280718.4732221467
2026-04-06 06:30:00,3280718.4732221467
2026-04-06 06:45:00,3280718.4732221467
2026-04-06 07:00:00,3280718.4732221467
2026-04-06 07:15:00,3280718.4732221467
2026-04-06 07:30:00,3280718.4732221467
2026-04-06 07:45:00,3280718.4732221467
2026-04-06 08:00:00,3280718.4732221467
2026-04-06 08:15:00,3280718.4732221467
2026-04-06 08:30:00,3280718.4732221467
2026-04-06 08:45:00,3280718.4732221467
2026-04-06 09:00:00,3280718.4732221467
2026-04-06 09:15:00,3280718.4732221467
2026-04-06 09:30:00,3280718.4732221467
2026-04-06 09:45:00,3280718.4732221467
2026-04-06 10:00:00,3280718.4732221467
2026-04-06 10:15:00,3280718.4732221467
2026-04-06 10:30:00,3280718.4732221467
2026-04-06 10:45:00,3280718.4732221467
2026-04-06 11:00:00,3280718.4732221467
2026-04-06 11:15:00,3280718.4732221467
2026-04-06 11:30:00,3280718.4732221467
2026-04-06 11:45:00,3280718.4732221467
2026-04-06 12:00:00,3280718.4732221467
2026-04-06 12:15:00,3280718.4732221467
2026-04-06 12:30:00,3280718.4732221467
2026-04-06 12:45:00,3280718.4732221467
2026-04-06 13:00:00,3280718.4732221467
2026-04-06 13:15:00,3280718.4732221467
2026-04-06 13:30:00,3280718.4732221467
2026-04-06 13:45:00,3280718.4732221467
2026-04-06 14:00:00,3280718.4732221467
2026-04-06 14:15:00,3280718.4732221467
2026-04-06 14:30:00,3280718.4732221467
2026-04-06 14:45:00,3280718.4732221467
2026-04-06 15:00:00,3280718.4732221467
2026-04-06 15:15:00,3280718.4732221467
2026-04-06 15:30:00,3280718.4732221467
2026-04-06 15:45:00,3280718.4732221467
2026-04-06 16:00:00,3280718.4732221467
2026-04-06 16:15:00,3280718.4732221467
2026-04-06 16:30:00,3280718.4732221467
2026-04-06 16:45:00,3280718.4732221467
2026-04-06 17:00:00,3280718.4732221467
2026-04-06 17:15:00,3280718.4732221467
2026-04-06 17:30:00,3280718.4732221467
2026-04-06 17:45:00,3280718.4732221467
2026-04-06 18:00:00,3280718.4732221467
2026-04-06 18:15:00,3280718.4732221467
2026-04-06 18:30:00,3280718.4732221467
2026-04-06 18:45:00,3280718.4732221467
2026-04-06 19:00:00,3280718.4732221467
2026-04-06 19:15:00,3280718.4732221467
2026-04-06 19:30:00,3280718.4732221467
2026-04-06 19:45:00,3280718.4732221467
2026-04-06 20:00:00,3280718.4732221467
2026-04-06 20:15:00,3280718.4732221467
2026-04-06 20:30:00,3280718.4732221467
2026-04-06 20:45:00,3280718.4732221467
2026-04-06 21:00:00,3280718.4732221467
2026-04-06 21:15:00,3280718.4732221467
2026-04-06 21:30:00,3280718.4732221467
2026-04-06 21:45:00,3280718.4732221467
2026-04-06 22:00:00,3280718.4732221467
2026-04-06 22:15:00,3280718.4732221467
2026-04-06 22:30:00,3280718.4732221467
2026-04-06 22:45:00,3280718.4732221467
2026-04-06 23:00:00,3280718.4732221467
2026-04-06 23:15:00,3280718.4732221467
2026-04-06 23:30:00,3280718.4732221467
2026-04-06 23:45:00,3280718.4732221467
2026-04-07 00:00:00,3280718.4732221467
2026-04-07 00:15:00,3280718.4732221467
2026-04-07 00:30:00,3280718.4732221467
2026-04-07 00:45:00,3280718.4732221467
2026-04-07 01:00:00,3280718.4732221467
2026-04-07 01:15:00,3280718.4732221467
2026-04-07 01:30:00,3280718.4732221467
2026-04-07 01:45:00,3280718.4732221467
2026-04-07 02:00:00,3280718.4732221467
2026-04-07 02:15:00,3280718.4732221467
2026-04-07 02:30:00,3280718.4732221467
2026-04-07 02:45:00,3280718.4732221467
2026-04-07 03:00:00,3280718.4732221467
2026-04-07 03:15:00,3280718.4732221467
2026-04-07 03:30:00,3280718.4732221467
2026-04-07 03:45:00,3280718.4732221467
2026-04-07 04:00:00,3280718.4732221467
2026-04-07 04:15:00,3280718.4732221467
2026-04-07 04:30:00,3280718.4732221467
2026-04-07 04:45:00,3280718.4732221467
2026-04-07 05:00:00,3280718.4732221467
2026-04-07 05:15:00,3280718.4732221467
2026-04-07 05:30:00,3280718.4732221467
2026-04-07 05:45:00,3280718.4732221467
2026-04-07 06:00:00,3280718.4732221467
2026-04-07 06:15:00,3280718.4732221467
2026-04-07 06:30:00,3280718.4732221467
2026-04-07 06:45:00,3280718.4732221467
2026-04-07 07:00:00,3280718.4732221467
2026-04-07 07:15:00,3280718.4732221467
2026-04-07 07:30:00,3280718.4732221467
2026-04-07 07:45:00,3280718.4732221467
2026-04-07 08:00:00,3280718.4732221467
2026-04-07 08:15:00,3280718.4732221467
2026-04-07 08:30:00,3280718.4732221467
2026-04-07 08:45:00,3280718.4732221467
2026-04-07 09:00:00,3280718.4732221467
2026-04-07 09:15:00,3280718.4732221467
2026-04-07 09:30:00,3280718.4732221467
2026-04-07 09:45:00,3280718.4732221467
2026-04-07 10:00:00,3280718.4732221467
2026-04-07 10:15:00,3280718.4732221467
2026-04-07 10:30:00,3280718.4732221467
2026-04-07 10:45:00,3280718.4732221467
2026-04-07 11:00:00,3280718.4732221467
2026-04-07 11:15:00,3280718.4732221467
2026-04-07 11:30:00,3280718.4732221467
2026-04-07 11:45:00,3280718.4732221467
2026-04-07 12:00:00,3280718.4732221467
2026-04-07 12:15:00,3280718.4732221467
2026-04-07 12:30:00,3280718.4732221467
2026-04-07 12:45:00,3280718.4732221467
2026-04-07 13:00:00,3280718.4732221467
2026-04-07 13:15:00,3280718.4732221467
2026-04-07 13:30:00,3280718.4732221467
2026-04-07 13:45:00,3280718.4732221467
2026-04-07 14:00:00,3280718.4732221467
2026-04-07 14:15:00,3280718.4732221467
2026-04-07 14:30:00,3280718.4732221467
2026-04-07 14:45:00,3280718.4732221467
2026-04-07 15:00:00,3280718.4732221467
2026-04-07 15:15:00,3280718.4732221467
2026-04-07 15:30:00,3280718.4732221467
2026-04-07 15:45:00,3280718.4732221467
2026-04-07 16:00:00,3280718.4732221467
2026-04-07 16:15:00,3280718.4732221467
2026-04-07 16:30:00,3280718.4732221467
2026-04-07 16:45:00,3280718.4732221467
2026-04-07 17:00:00,3280718.4732221467
2026-04-07 17:15:00,3280718.4732221467
2026-04-07 17:30:00,3280718.4732221467
2026-04-07 17:45:00,3280718.4732221467
2026-04-07 18:00:00,3280718.4732221467
2026-04-07 18:15:00,3280718.4732221467
2026-04-07 18:30:00,3280718.4732221467
2026-04-07 18:45:00,3280718.4732221467
2026-04-07 19:00:00,3280718.4732221467
2026-04-07 19:15:00,3280718.4732221467
2026-04-07 19:30:00,3280718.4732221467
2026-04-07 19:45:00,3280718.4732221467
2026-04-07 20:00:00,3280718.4732221467
2026-04-07 20:15:00,3280718.4732221467
2026-04-07 20:30:00,3280718.4732221467
2026-04-07 20:45:00,3280718.4732221467
2026-04-07 21:00:00,3280718.4732221467
2026-04-07 21:15:00,3280718.4732221467
2026-04-07 21:30:00,3280718.4732221467
2026-04-07 21:45:00,3280718.4732221467
2026-04-07 22:00:00,3280718.4732221467
2026-04-07 22:15:00,3280718.4732221467
2026-04-07 22:30:00,3280718.4732221467
2026-04-07 22:45:00,3280718.4732221467
2026-04-07 23:00:00,3280718.4732221467
2026-04-07 23:15:00,3280718.4732221467
2026-04-07 23:30:00,3280718.4732221467
2026-04-07 23:45:00,3280718.4732221467
2026-04-08 00:00:00,3280718.4732221467
2026-04-08 00:15:00,3280718.4732221467
2026-04-08 00:30:00,3280718.4732221467
2026-04-08 00:45:00,3280718.4732221467
2026-04-08 01:00:00,3280718.4732221467
2026-04-08 01:15:00,3280718.4732221467
2026-04-08 01:30:00,3280718.4732221467
2026-04-08 01:45:00,3280718.4732221467
2026-04-08 02:00:00,3280718.4732221467
2026-04-08 02:15:00,3280718.4732221467
2026-04-08 02:30:00,3280718.4732221467
2026-04-08 02:45:00,3280718.4732221467
2026-04-08 03:00:00,3280718.4732221467
2026-04-08 03:15:00,3280718.4732221467
2026-04-08 03:30:00,3280718.4732221467
2026-04-08 03:45:00,3280718.4732221467
2026-04-08 04:00:00,3280718.4732221467
2026-04-08 04:15:00,3280718.4732221467
2026-04-08 04:30:00,3280718.4732221467
2026-04-08 04:45:00,3280718.4732221467
2026-04-08 05:00:00,3280718.4732221467
2026-04-08 05:15:00,3280718.4732221467
2026-04-08 05:30:00,3280718.4732221467
2026-04-08 05:45:00,3280718.4732221467
2026-04-08 06:00:00,3280718.4732221467
2026-04-08 06:15:00,3280718.4732221467
2026-04-08 06:30:00,3280718.4732221467
2026-04-08 06:45:00,3280718.4732221467
2026-04-08 07:00:00,3280718.4732221467
2026-04-08 07:15:00,3280718.4732221467
2026-04-08 07:30:00,3280718.4732221467
2026-04-08 07:45:00,3280718.4732221467
2026-04-08 08:00:00,3280718.4732221467
2026-04-08 08:15:00,3280718.4732221467
2026-04-08 08:30:00,3280718.4732221467
2026-04-08 08:45:00,3280718.4732221467
2026-04-08 09:00:00,3280718.4732221467
2026-04-08 09:15:00,3280718.4732221467
2026-04-08 09:30:00,3280718.4732221467
2026-04-08 09:45:00,3280718.4732221467
2026-04-08 10:00:00,3280718.4732221467
2026-04-08 10:15:00,3280718.4732221467
2026-04-08 10:30:00,3280718.4732221467
2026-04-08 10:45:00,3280718.4732221467
2026-04-08 11:00:00,3280718.4732221467
2026-04-08 11:15:00,3280718.4732221467
2026-04-08 11:30:00,3280718.4732221467
2026-04-08 11:45:00,3280718.4732221467
2026-04-08 12:00:00,3280718.4732221467
2026-04-08 12:15:00,3280718.4732221467
2026-04-08 12:30:00,3280718.4732221467
2026-04-08 12:45:00,3280718.4732221467
2026-04-08 13:00:00,3280718.4732221467
2026-04-08 13:15:00,3280718.4732221467
2026-04-08 13:30:00,3280718.4732221467
2026-04-08 13:45:00,3280718.4732221467
2026-04-08 14:00:00,3280718.4732221467
2026-04-08 14:15:00,3280718.4732221467
2026-04-08 14:30:00,3280718.4732221467
2026-04-08 14:45:00,3280718.4732221467
2026-04-08 15:00:00,3280718.4732221467
2026-04-08 15:15:00,3280718.4732221467
2026-04-08 15:30:00,3280718.4732221467
2026-04-08 15:45:00,3280718.4732221467
2026-04-08 16:00:00,3280718.4732221467
2026-04-08 16:15:00,3280718.4732221467
2026-04-08 16:30:00,3280718.4732221467
2026-04-08 16:45:00,3280718.4732221467
2026-04-08 17:00:00,3280718.4732221467
2026-04-08 17:15:00,3280718.4732221467
2026-04-08 17:30:00,3280718.4732221467
2026-04-08 17:45:00,3280718.4732221467
2026-04-08 18:00:00,3280718.4732221467
2026-04-08 18:15:00,3280718.4732221467
2026-04-08 18:30:00,3280718.4732221467
2026-04-08 18:45:00,3280718.4732221467
2026-04-08 19:00:00,3280718.4732221467
2026-04-08 19:15:00,3280718.4732221467
2026-04-08 19:30:00,3280718.4732221467
2026-04-08 19:45:00,3280718.4732221467
2026-04-08 20:00:00,3280718.4732221467
2026-04-08 20:15:00,3280718.4732221467
2026-04-08 20:30:00,3280718.4732221467
2026-04-08 20:45:00,3280718.4732221467
2026-04-08 21:00:00,3280718.4732221467
2026-04-08 21:15:00,3280718.4732221467
2026-04-08 21:30:00,3280718.4732221467
2026-04-08 21:45:00,3280718.4732221467
2026-04-08 22:00:00,3280718.4732221467
2026-04-08 22:15:00,3280718.4732221467
2026-04-08 22:30:00,3280718.4732221467
2026-04-08 22:45:00,3280718.4732221467
2026-04-08 23:00:00,3280718.4732221467
2026-04-08 23:15:00,3280718.4732221467
2026-04-08 23:30:00,3280718.4732221467
2026-04-08 23:45:00,3280718.4732221467
2026-04-09 00:00:00,3280718.4732221467
2026-04-09 00:15:00,3280718.4732221467
2026-04-09 00:30:00,3280718.4732221467
2026-04-09 00:45:00,3280718.4732221467
2026-04-09 01:00:00,3280718.4732221467
2026-04-09 01:15:00,3280718.4732221467
2026-04-09 01:30:00,3280718.4732221467
2026-04-09 01:45:00,3280718.4732221467
2026-04-09 02:00:00,3280718.4732221467
2026-04-09 02:15:00,3280718.4732221467
2026-04-09 02:30:00,3280718.4732221467
2026-04-09 02:45:00,3280718.4732221467
2026-04-09 03:00:00,3280718.4732221467
2026-04-09 03:15:00,3280718.4732221467
2026-04-09 03:30:00,3280718.4732221467
2026-04-09 03:45:00,3280718.4732221467
2026-04-09 04:00:00,3280718.4732221467
2026-04-09 04:15:00,3280718.4732221467
2026-04-09 04:30:00,3280718.4732221467
2026-04-09 04:45:00,3280718.4732221467
2026-04-09 05:00:00,3280718.4732221467
2026-04-09 05:15:00,3280718.4732221467
2026-04-09 05:30:00,3280718.4732221467
2026-04-09 05:45:00,3280718.4732221467
2026-04-09 06:00:00,3280718.4732221467
2026-04-09 06:15:00,3280718.4732221467
2026-04-09 06:30:00,3280718.4732221467
2026-04-09 06:45:00,3280718.4732221467
2026-04-09 07:00:00,3280718.4732221467
2026-04-09 07:15:00,3280718.4732221467
2026-04-09 07:30:00,3280718.4732221467
2026-04-09 07:45:00,3280718.4732221467
2026-04-09 08:00:00,3280718.4732221467
2026-04-09 08:15:00,3280718.4732221467
2026-04-09 08:30:00,3280718.4732221467
2026-04-09 08:45:00,3280718.4732221467
2026-04-09 09:00:00,3280718.4732221467
2026-04-09 09:15:00,3280718.4732221467
2026-04-09 09:30:00,3280718.4732221467
2026-04-09 09:45:00,3280718.4732221467
2026-04-09 10:00:00,3280718.4732221467
2026-04-09 10:15:00,3280718.4732221467
2026-04-09 10:30:00,3280718.4732221467
2026-04-09 10:45:00,3280718.4732221467
2026-04-09 11:00:00,3280718.4732221467
2026-04-09 11:15:00,3280718.4732221467
2026-04-09 11:30:00,3280718.4732221467
2026-04-09 11:45:00,3280718.4732221467
2026-04-09 12:00:00,3280718.4732221467
2026-04-09 12:15:00,3280718.4732221467
2026-04-09 12:30:00,3280718.4732221467
2026-04-09 12:45:00,3280718.4732221467
2026-04-09 13:00:00,3280718.4732221467
2026-04-09 13:15:00,3280718.4732221467
2026-04-09 13:30:00,3280718.4732221467
2026-04-09 13:45:00,3280718.4732221467
2026-04-09 14:00:00,3280718.4732221467
2026-04-09 14:15:00,3280718.4732221467
2026-04-09 14:30:00,3280718.4732221467
2026-04-09 14:45:00,3280718.4732221467
2026-04-09 15:00:00,3280718.4732221467
2026-04-09 15:15:00,3280718.4732221467
2026-04-09 15:30:00,3280718.4732221467
2026-04-09 15:45:00,3280718.4732221467
2026-04-09 16:00:00,3280718.4732221467
2026-04-09 16:15:00,3280718.4732221467
2026-04-09 16:30:00,3280718.4732221467
2026-04-09 16:45:00,3280718.4732221467
2026-04-09 17:00:00,3280718.4732221467
2026-04-09 17:15:00,3280718.4732221467
2026-04-09 17:30:00,3280718.4732221467
2026-04-09 17:45:00,3280718.4732221467
2026-04-09 18:00:00,3280718.4732221467
2026-04-09 18:15:00,3280718.4732221467
2026-04-09 18:30:00,3280718.4732221467
2026-04-09 18:45:00,3280718.4732221467
2026-04-09 19:00:00,3280718.4732221467
2026-04-09 19:15:00,3280718.4732221467
2026-04-09 19:30:00,3280718.4732221467
2026-04-09 19:45:00,3280718.4732221467
2026-04-09 20:00:00,3280718.4732221467
2026-04-09 20:15:00,3280718.4732221467
2026-04-09 20:30:00,3280718.4732221467
2026-04-09 20:45:00,3280718.4732221467
2026-04-09 21:00:00,3280718.4732221467
2026-04-09 21:15:00,3280718.4732221467
2026-04-09 21:30:00,3280718.4732221467
2026-04-09 21:45:00,3280718.4732221467
2026-04-09 22:00:00,3280718.4732221467
2026-04-09 22:15:00,3280718.4732221467
2026-04-09 22:30:00,3280718.4732221467
2026-04-09 22:45:00,3280718.4732221467
2026-04-09 23:00:00,3280718.4732221467
2026-04-09 23:15:00,3280718.4732221467
2026-04-09 23:30:00,3280718.4732221467
2026-04-09 23:45:00,3280718.4732221467
2026-04-10 00:00:00,3280718.4732221467
2026-04-10 00:15:00,3280718.4732221467
2026-04-10 00:30:00,3280718.4732221467
2026-04-10 00:45:00,3280718.4732221467
2026-04-10 01:00:00,3280718.4732221467
2026-04-10 01:15:00,3280718.4732221467
2026-04-10 01:30:00,3280718.4732221467
2026-04-10 01:45:00,3280718.4732221467
2026-04-10 02:00:00,3280718.4732221467
2026-04-10 02:15:00,3280718.4732221467
2026-04-10 02:30:00,3280718.4732221467
2026-04-10 02:45:00,3280718.4732221467
2026-04-10 03:00:00,3280718.4732221467
2026-04-10 03:15:00,3280718.4732221467
2026-04-10 03:30:00,3280718.4732221467
2026-04-10 03:45:00,3280718.4732221467
2026-04-10 04:00:00,3280718.4732221467
2026-04-10 04:15:00,3280718.4732221467
2026-04-10 04:30:00,3280718.4732221467
2026-04-10 04:45:00,3280718.4732221467
2026-04-10 05:00:00,3280718.4732221467
2026-04-10 05:15:00,3280718.4732221467
2026-04-10 05:30:00,3280718.4732221467
2026-04-10 05:45:00,3280718.4732221467
2026-04-10 06:00:00,3280718.4732221467
2026-04-10 06:15:00,3280718.4732221467
2026-04-10 06:30:00,3280718.4732221467
2026-04-10 06:45:00,3280718.4732221467
2026-04-10 07:00:00,3280718.4732221467
2026-04-10 07:15:00,3280718.4732221467
2026-04-10 07:30:00,3280718.4732221467
2026-04-10 07:45:00,3280718.4732221467
2026-04-10 08:00:00,3280718.4732221467
2026-04-10 08:15:00,3280718.4732221467
2026-04-10 08:30:00,3280718.4732221467
2026-04-10 08:45:00,3280718.4732221467
2026-04-10 09:00:00,3280718.4732221467
2026-04-10 09:15:00,3280718.4732221467
2026-04-10 09:30:00,3280718.4732221467
2026-04-10 09:45:00,3280718.4732221467
2026-04-10 10:00:00,3280718.4732221467
2026-04-10 10:15:00,3280718.4732221467
2026-04-10 10:30:00,3280718.4732221467
2026-04-10 10:45:00,3280718.4732221467
2026-04-10 11:00:00,3280718.4732221467
2026-04-10 11:15:00,3280718.4732221467
2026-04-10 11:30:00,3280718.4732221467
2026-04-10 11:45:00,3280718.4732221467
2026-04-10 12:00:00,3280718.4732221467
2026-04-10 12:15:00,3280718.4732221467
2026-04-10 12:30:00,3280718.4732221467
2026-04-10 12:45:00,3280718.4732221467
2026-04-10 13:00:00,3280718.4732221467
2026-04-10 13:15:00,3280718.4732221467
2026-04-10 13:30:00,3280718.4732221467
2026-04-10 13:45:00,3280718.4732221467
2026-04-10 14:00:00,3280718.4732221467
2026-04-10 14:15:00,3280718.4732221467
2026-04-10 14:30:00,3280718.4732221467
2026-04-10 14:45:00,3280718.4732221467
2026-04-10 15:00:00,3280718.4732221467
2026-04-10 15:15:00,3280718.4732221467
2026-04-10 15:30:00,3280718.4732221467
2026-04-10 15:45:00,3280718.4732221467
2026-04-10 16:00:00,3280718.4732221467
2026-04-10 16:15:00,3280718.4732221467
2026-04-10 16:30:00,3280718.4732221467
2026-04-10 16:45:00,3280718.4732221467
2026-04-10 17:00:00,3280718.4732221467
2026-04-10 17:15:00,3280718.4732221467
2026-04-10 17:30:00,3280718.4732221467
2026-04-10 17:45:00,3280718.4732221467
2026-04-10 18:00:00,3280718.4732221467
2026-04-10 18:15:00,3280718.4732221467
2026-04-10 18:30:00,3280718.4732221467
2026-04-10 18:45:00,3280718.4732221467
2026-04-10 19:00:00,3280718.4732221467
2026-04-10 19:15:00,3280718.4732221467
2026-04-10 19:30:00,3280718.4732221467
2026-04-10 19:45:00,3280718.4732221467
2026-04-10 20:00:00,3280718.4732221467
2026-04-10 20:15:00,3280718.4732221467
2026-04-10 20:30:00,3280718.4732221467
2026-04-10 20:45:00,3280718.4732221467
2026-04-10 21:00:00,3280718.4732221467
2026-04-10 21:15:00,3280718.4732221467
2026-04-10 21:30:00,3280718.4732221467
2026-04-10 21:45:00,3280718.4732221467
2026-04-10 22:00:00,3280718.4732221467
2026-04-10 22:15:00,3280718.4732221467
2026-04-10 22:30:00,3280718.4732221467
2026-04-10 22:45:00,3280718.4732221467
2026-04-10 23:00:00,3280718.4732221467
2026-04-10 23:15:00,3280718.4732221467
2026-04-10 23:30:00,3280718.4732221467
2026-04-10 23:45:00,3280718.4732221467
2026-04-11 01:00:00,3280718.4732221467
2026-04-11 01:15:00,3280718.4732221467
2026-04-11 01:30:00,3280718.4732221467
2026-04-11 01:45:00,3280718.4732221467
2026-04-11 02:00:00,3280718.4732221467
2026-04-11 02:15:00,3280718.4732221467
2026-04-11 02:30:00,3280718.4732221467
2026-04-11 02:45:00,3280718.4732221467
2026-04-11 03:00:00,3280718.4732221467
2026-04-11 03:15:00,3280718.4732221467
2026-04-11 03:30:00,3280718.4732221467
2026-04-11 03:45:00,3280718.4732221467
2026-04-11 04:00:00,3280718.4732221467
2026-04-11 04:15:00,3280718.4732221467
2026-04-11 04:30:00,3280718.4732221467
2026-04-11 04:45:00,3280718.4732221467
2026-04-11 05:00:00,3280718.4732221467
2026-04-11 05:15:00,3280718.4732221467
2026-04-11 05:30:00,3280718.4732221467
2026-04-11 05:45:00,3280718.4732221467
2026-04-11 06:00:00,3280718.4732221467
2026-04-11 06:15:00,3280718.4732221467
2026-04-11 06:30:00,3280718.4732221467
2026-04-11 06:45:00,3280718.4732221467
2026-04-11 07:00:00,3280718.4732221467
2026-04-11 07:15:00,3280718.4732221467
2026-04-11 07:30:00,3280718.4732221467
2026-04-11 07:45:00,3280718.4732221467
2026-04-11 08:00:00,3280718.4732221467
2026-04-11 08:15:00,3280718.4732221467
2026-04-11 08:30:00,3280718.4732221467
2026-04-11 08:45:00,3280718.4732221467
2026-04-11 09:00:00,3280718.4732221467
2026-04-11 09:15:00,3280718.4732221467
2026-04-11 09:30:00,3280718.4732221467
2026-04-11 09:45:00,3280718.4732221467
2026-04-11 10:00:00,3280718.4732221467
2026-04-11 10:15:00,3280718.4732221467
2026-04-11 10:30:00,3280718.4732221467
2026-04-11 10:45:00,3280718.4732221467
2026-04-11 11:00:00,3280718.4732221467
2026-04-11 11:15:00,3280718.4732221467
2026-04-11 11:30:00,3280718.4732221467
2026-04-11 11:45:00,3280718.4732221467
2026-04-11 12:00:00,3280718.4732221467
2026-04-11 12:15:00,3280718.4732221467
2026-04-11 12:30:00,3280718.4732221467
2026-04-11 12:45:00,3280718.4732221467
2026-04-11 13:00:00,3280718.4732221467
2026-04-11 13:15:00,3280718.4732221467
2026-04-11 13:30:00,3280718.4732221467
2026-04-11 13:45:00,3280718.4732221467
2026-04-11 14:00:00,3280718.4732221467
2026-04-11 14:15:00,3280718.4732221467
2026-04-11 14:30:00,3280718.4732221467
2026-04-11 14:45:00,3280718.4732221467
2026-04-11 15:00:00,3280718.4732221467
2026-04-11 15:15:00,3280718.4732221467
2026-04-11 15:30:00,3280718.4732221467
2026-04-11 15:45:00,3280718.4732221467
2026-04-11 16:00:00,3280718.4732221467
2026-04-11 16:15:00,3280718.4732221467
2026-04-11 16:30:00,3280718.4732221467
2026-04-11 16:45:00,3280718.4732221467
2026-04-11 17:00:00,3280718.4732221467
2026-04-11 17:15:00,3280718.4732221467
2026-04-11 17:30:00,3280718.4732221467
2026-04-11 17:45:00,3280718.4732221467
2026-04-11 18:00:00,3280718.4732221467
2026-04-11 18:15:00,3280718.4732221467
2026-04-11 18:30:00,3280718.4732221467
2026-04-11 18:45:00,3280718.4732221467
2026-04-11 19:00:00,3280718.4732221467
2026-04-11 19:15:00,3280718.4732221467
2026-04-11 19:30:00,3280718.4732221467
2026-04-11 19:45:00,3280718.4732221467
2026-04-11 20:00:00,3280718.4732221467
2026-04-11 20:15:00,3280718.4732221467
2026-04-11 20:30:00,3280718.4732221467
2026-04-11 20:45:00,3280718.4732221467
2026-04-11 21:00:00,3280718.4732221467
2026-04-11 21:15:00,3280718.4732221467
2026-04-11 21:30:00,3280718.4732221467
2026-04-11 21:45:00,3280718.4732221467
2026-04-11 22:00:00,3280718.4732221467
2026-04-11 22:15:00,3280718.4732221467
2026-04-11 22:30:00,3280718.4732221467
2026-04-11 22:45:00,3280718.4732221467
2026-04-11 23:00:00,3280718.4732221467
2026-04-11 23:15:00,3280718.4732221467
2026-04-11 23:30:00,3280718.4732221467
2026-04-11 23:45:00,3280718.4732221467
2026-04-12 00:00:00,3280718.4732221467
2026-04-12 00:15:00,3280718.4732221467
2026-04-12 00:30:00,3280718.4732221467
2026-04-12 00:45:00,3280718.4732221467
2026-04-12 01:00:00,3280718.4732221467
2026-04-12 01:15:00,3280718.4732221467
2026-04-12 01:30:00,3280718.4732221467
2026-04-12 01:45:00,3280718.4732221467
2026-04-12 02:00:00,3280718.4732221467
2026-04-12 02:15:00,3280718.4732221467
2026-04-12 02:30:00,3280718.4732221467
2026-04-12 02:45:00,3280718.4732221467
2026-04-12 03:00:00,3280718.4732221467
2026-04-12 03:15:00,3280718.4732221467
2026-04-12 03:30:00,3280718.4732221467
2026-04-12 03:45:00,3280718.4732221467
2026-04-12 04:00:00,3280718.4732221467
2026-04-12 04:15:00,3280718.4732221467
2026-04-12 04:30:00,3280718.4732221467
2026-04-12 04:45:00,3280718.4732221467
2026-04-12 05:00:00,3280718.4732221467
2026-04-12 05:15:00,3280718.4732221467
2026-04-12 05:30:00,3280718.4732221467
2026-04-12 05:45:00,3280718.4732221467
2026-04-12 06:00:00,3280718.4732221467
2026-04-12 06:15:00,3280718.4732221467
2026-04-12 06:30:00,3280718.4732221467
2026-04-12 06:45:00,3280718.4732221467
2026-04-12 07:00:00,3280718.4732221467
2026-04-12 07:15:00,3280718.4732221467
2026-04-12 07:30:00,3280718.4732221467
2026-04-12 07:45:00,3280718.4732221467
2026-04-12 08:00:00,3280718.4732221467
2026-04-12 08:15:00,3280718.4732221467
2026-04-12 08:30:00,3280718.4732221467
2026-04-12 08:45:00,3280718.4732221467
2026-04-12 09:00:00,3280718.4732221467
2026-04-12 09:15:00,3280718.4732221467
2026-04-12 09:30:00,3280718.4732221467
2026-04-12 09:45:00,3280718.4732221467
2026-04-12 10:00:00,3280718.4732221467
2026-04-12 10:15:00,3280718.4732221467
2026-04-12 10:30:00,3280718.4732221467
2026-04-12 10:45:00,3280718.4732221467
2026-04-12 11:00:00,3280718.4732221467
2026-04-12 11:15:00,3280718.4732221467
2026-04-12 11:30:00,3280718.4732221467
2026-04-12 11:45:00,3280718.4732221467
2026-04-12 12:00:00,3280718.4732221467
2026-04-12 12:15:00,3280718.4732221467
2026-04-12 12:30:00,3280718.4732221467
2026-04-12 12:45:00,3280718.4732221467
2026-04-12 13:00:00,3280718.4732221467
2026-04-12 13:15:00,3280718.4732221467
2026-04-12 13:30:00,3280718.4732221467
2026-04-12 13:45:00,3280718.4732221467
2026-04-12 14:00:00,3280718.4732221467
2026-04-12 14:15:00,3280718.4732221467
2026-04-12 14:30:00,3280718.4732221467
2026-04-12 14:45:00,3280718.4732221467
2026-04-12 15:00:00,3280718.4732221467
2026-04-12 15:15:00,3280718.4732221467
2026-04-12 15:30:00,3280718.4732221467
2026-04-12 15:45:00,3280718.4732221467
2026-04-12 16:00:00,3280718.4732221467
2026-04-12 16:15:00,3280718.4732221467
2026-04-12 16:30:00,3280718.4732221467
2026-04-12 16:45:00,3280718.4732221467
2026-04-12 17:00:00,3280718.4732221467
2026-04-12 17:15:00,3280718.4732221467
2026-04-12 17:30:00,3280718.4732221467
2026-04-12 17:45:00,3280718.4732221467
2026-04-12 18:00:00,3280718.4732221467
2026-04-12 18:15:00,3280718.4732221467
2026-04-12 18:30:00,3280718.4732221467
2026-04-12 18:45:00,3280718.4732221467
2026-04-12 19:00:00,3280718.4732221467
2026-04-12 19:15:00,3280718.4732221467
2026-04-12 19:30:00,3280718.4732221467
2026-04-12 19:45:00,3280718.4732221467
2026-04-12 20:00:00,3280718.4732221467
2026-04-12 20:15:00,3280718.4732221467
2026-04-12 20:30:00,3280718.4732221467
2026-04-12 20:45:00,3280718.4732221467
2026-04-12 21:00:00,3280718.4732221467
2026-04-12 21:15:00,3280718.4732221467
2026-04-12 21:30:00,3280718.4732221467
2026-04-12 21:45:00,3280718.4732221467
2026-04-12 22:00:00,3280718.4732221467
2026-04-12 22:15:00,3280718.4732221467
2026-04-12 22:30:00,3280718.4732221467
2026-04-12 22:45:00,3280718.4732221467
2026-04-12 23:00:00,3280718.4732221467
2026-04-12 23:15:00,3280718.4732221467
2026-04-12 23:30:00,3280718.4732221467
2026-04-12 23:45:00,3280718.4732221467
2026-04-13 00:00:00,3280718.4732221467
2026-04-13 00:15:00,3280718.4732221467
2026-04-13 00:30:00,3280718.4732221467
2026-04-13 00:45:00,3280718.4732221467
2026-04-13 01:00:00,3280718.4732221467
2026-04-13 01:15:00,3280718.4732221467
2026-04-13 01:30:00,3280718.4732221467
2026-04-13 01:45:00,3280718.4732221467
2026-04-13 02:00:00,3280718.4732221467
2026-04-13 02:15:00,3280718.4732221467
2026-04-13 02:30:00,3280718.4732221467
2026-04-13 02:45:00,3280718.4732221467
2026-04-13 03:00:00,3280718.4732221467
2026-04-13 03:15:00,3280718.4732221467
2026-04-13 03:30:00,3280718.4732221467
2026-04-13 03:45:00,3280718.4732221467
2026-04-13 04:00:00,3280718.4732221467
2026-04-13 04:15:00,3280718.4732221467
2026-04-13 04:30:00,3280718.4732221467
2026-04-13 04:45:00,3280718.4732221467
2026-04-13 05:00:00,3280718.4732221467
2026-04-13 05:15:00,3280718.4732221467
2026-04-13 05:30:00,3280718.4732221467
2026-04-13 05:45:00,3280718.4732221467
2026-04-13 06:00:00,3280718.4732221467
2026-04-13 06:15:00,3280718.4732221467
2026-04-13 06:30:00,3280718.4732221467
2026-04-13 06:45:00,3280718.4732221467
2026-04-13 07:00:00,3280718.4732221467
2026-04-13 07:15:00,3280718.4732221467
2026-04-13 07:30:00,3280718.4732221467
2026-04-13 07:45:00,3280718.4732221467
2026-04-13 08:00:00,3280718.4732221467
2026-04-13 08:15:00,3280718.4732221467
2026-04-13 08:30:00,3280718.4732221467
2026-04-13 08:45:00,3280718.4732221467
2026-04-13 09:00:00,3280718.4732221467
2026-04-13 09:15:00,3280718.4732221467
2026-04-13 09:30:00,3280718.4732221467
2026-04-13 09:45:00,3280718.4732221467
2026-04-13 10:00:00,3280718.4732221467
2026-04-13 10:15:00,3280718.4732221467
2026-04-13 10:30:00,3280718.4732221467
2026-04-13 10:45:00,3280718.4732221467
2026-04-13 11:00:00,3280718.4732221467
2026-04-13 11:15:00,3280718.4732221467
2026-04-13 11:30:00,3280718.4732221467
2026-04-13 11:45:00,3280718.4732221467
2026-04-13 12:00:00,3280718.4732221467
2026-04-13 12:15:00,3280718.4732221467
2026-04-13 12:30:00,3280718.4732221467
2026-04-13 12:45:00,3280718.4732221467
2026-04-13 13:00:00,3280718.4732221467
2026-04-13 13:15:00,3280718.4732221467
2026-04-13 13:30:00,3280718.4732221467
2026-04-13 13:45:00,3280718.4732221467
2026-04-13 14:00:00,3280718.4732221467
2026-04-13 14:15:00,3280718.4732221467
2026-04-13 14:30:00,3280718.4732221467
2026-04-13 14:45:00,3280718.4732221467
2026-04-13 15:00:00,3280718.4732221467
2026-04-13 15:15:00,3280718.4732221467
2026-04-13 15:30:00,3280718.4732221467
2026-04-13 15:45:00,3280718.4732221467
2026-04-13 16:00:00,3280718.4732221467
2026-04-13 16:15:00,3280718.4732221467
2026-04-13 16:30:00,3280718.4732221467
2026-04-13 16:45:00,3280718.4732221467
2026-04-13 17:00:00,3280718.4732221467
2026-04-13 17:15:00,3280718.4732221467
2026-04-13 17:30:00,3280718.4732221467
2026-04-13 17:45:00,3280718.4732221467
2026-04-13 18:00:00,3280718.4732221467
2026-04-13 18:15:00,3280718.4732221467
2026-04-13 18:30:00,3280718.4732221467
2026-04-13 18:45:00,3280718.4732221467
2026-04-13 19:00:00,3280718.4732221467
2026-04-13 19:15:00,3280718.4732221467
2026-04-13 19:30:00,3280718.4732221467
2026-04-13 19:45:00,3280718.4732221467
2026-04-13 20:00:00,3280718.4732221467
2026-04-13 20:15:00,3280718.4732221467
2026-04-13 20:30:00,3280718.4732221467
2026-04-13 20:45:00,3280718.4732221467
2026-04-13 21:00:00,3280718.4732221467
2026-04-13 21:15:00,3280718.4732221467
2026-04-13 21:30:00,3280718.4732221467
2026-04-13 21:45:00,3280718.4732221467
2026-04-13 22:00:00,3280718.4732221467
2026-04-13 22:15:00,3280718.4732221467
2026-04-13 22:30:00,3280718.4732221467
2026-04-13 22:45:00,3280718.4732221467
2026-04-13 23:00:00,3280718.4732221467
2026-04-13 23:15:00,3280718.4732221467
2026-04-13 23:30:00,3280718.4732221467
2026-04-13 23:45:00,3280718.4732221467
2026-04-14 00:00:00,3280718.4732221467
2026-04-14 00:15:00,3280718.4732221467
2026-04-14 00:30:00,3280718.4732221467
2026-04-14 00:45:00,3280718.4732221467
2026-04-14 01:00:00,3280718.4732221467
2026-04-14 01:15:00,3280718.4732221467
2026-04-14 01:30:00,3280718.4732221467
2026-04-14 01:45:00,3280718.4732221467
2026-04-14 02:00:00,3280718.4732221467
2026-04-14 02:15:00,3280718.4732221467
2026-04-14 02:30:00,3280718.4732221467
2026-04-14 02:45:00,3280718.4732221467
2026-04-14 03:00:00,3280718.4732221467
2026-04-14 03:15:00,3280718.4732221467
2026-04-14 03:30:00,3280718.4732221467
2026-04-14 03:45:00,3280718.4732221467
2026-04-14 04:00:00,3280718.4732221467
2026-04-14 04:15:00,3280718.4732221467
2026-04-14 04:30:00,3280718.4732221467
2026-04-14 04:45:00,3280718.4732221467
2026-04-14 05:00:00,3280718.4732221467
2026-04-14 05:15:00,3280718.4732221467
2026-04-14 05:30:00,3280718.4732221467
2026-04-14 05:45:00,3280718.4732221467
2026-04-14 06:00:00,3280718.4732221467
2026-04-14 06:15:00,3280718.4732221467
2026-04-14 06:30:00,3280718.4732221467
2026-04-14 06:45:00,3280718.4732221467
2026-04-14 07:00:00,3280718.4732221467
2026-04-14 07:15:00,3280718.4732221467
2026-04-14 07:30:00,3280718.4732221467
2026-04-14 07:45:00,3280718.4732221467
2026-04-14 08:00:00,3280718.4732221467
2026-04-14 08:15:00,3280718.4732221467
2026-04-14 08:30:00,3280718.4732221467
2026-04-14 08:45:00,3280718.4732221467
2026-04-14 09:00:00,3280718.4732221467
2026-04-14 09:15:00,3280718.4732221467
2026-04-14 09:30:00,3280718.4732221467
2026-04-14 09:45:00,3280718.4732221467
2026-04-14 10:00:00,3280718.4732221467
2026-04-14 10:15:00,3280718.4732221467
2026-04-14 10:30:00,3280718.4732221467
2026-04-14 10:45:00,3280718.4732221467
2026-04-14 11:00:00,3280718.4732221467
2026-04-14 11:15:00,3280718.4732221467
2026-04-14 11:30:00,3280718.4732221467
2026-04-14 11:45:00,3280718.4732221467
2026-04-14 12:00:00,3280718.4732221467
2026-04-14 12:15:00,3280718.4732221467
2026-04-14 12:30:00,3280718.4732221467
2026-04-14 12:45:00,3280718.4732221467
2026-04-14 13:00:00,3280718.4732221467
2026-04-14 13:15:00,3280718.4732221467
2026-04-14 13:30:00,3280718.4732221467
2026-04-14 13:45:00,3280718.4732221467
2026-04-14 14:00:00,3280718.4732221467
2026-04-14 14:15:00,3280718.4732221467
2026-04-14 14:30:00,3280718.4732221467
2026-04-14 14:45:00,3280718.4732221467
2026-04-14 15:00:00,3280718.4732221467
2026-04-14 15:15:00,3280718.4732221467
2026-04-14 15:30:00,3280718.4732221467
2026-04-14 15:45:00,3280718.4732221467
2026-04-14 16:00:00,3280718.4732221467
2026-04-14 16:15:00,3280718.4732221467
2026-04-14 16:30:00,3280718.4732221467
2026-04-14 16:45:00,3280718.4732221467
2026-04-14 17:00:00,3280718.4732221467
2026-04-14 17:15:00,3280718.4732221467
2026-04-14 17:30:00,3280718.4732221467
2026-04-14 17:45:00,3280718.4732221467
2026-04-14 18:00:00,3280718.4732221467
2026-04-14 18:15:00,3280718.4732221467
2026-04-14 18:30:00,3280718.4732221467
2026-04-14 18:45:00,3280718.4732221467
2026-04-14 19:00:00,3280718.4732221467
2026-04-14 19:15:00,3280718.4732221467
2026-04-14 19:30:00,3280718.4732221467
2026-04-14 19:45:00,3280718.4732221467
2026-04-14 20:00:00,3280718.4732221467
2026-04-14 20:15:00,3280718.4732221467
2026-04-14 20:30:00,3280718.4732221467
2026-04-14 20:45:00,3280718.4732221467
2026-04-14 21:00:00,3280718.4732221467
2026-04-14 21:15:00,3280718.4732221467
2026-04-14 21:30:00,3280718.4732221467
2026-04-14 21:45:00,3280718.4732221467
2026-04-14 22:00:00,3280718.4732221467
2026-04-14 22:15:00,3280718.4732221467
2026-04-14 22:30:00,3280718.4732221467
2026-04-14 22:45:00,3280718.4732221467
2026-04-14 23:00:00,3280718.4732221467
2026-04-14 23:15:00,3280718.4732221467
2026-04-14 23:30:00,3280718.4732221467
2026-04-14 23:45:00,3280718.4732221467
2026-04-15 00:00:00,3280718.4732221467
2026-04-15 00:15:00,3280718.4732221467
2026-04-15 00:30:00,3280718.4732221467
2026-04-15 00:45:00,3280718.4732221467
2026-04-15 01:00:00,3280718.4732221467
2026-04-15 01:15:00,3280718.4732221467
2026-04-15 01:30:00,3280718.4732221467
2026-04-15 01:45:00,3280718.4732221467
2026-04-15 02:00:00,3280718.4732221467
2026-04-15 02:15:00,3280718.4732221467
2026-04-15 02:30:00,3280718.4732221467
2026-04-15 02:45:00,3280718.4732221467
2026-04-15 03:00:00,3280718.4732221467
2026-04-15 03:15:00,3280718.4732221467
2026-04-15 03:30:00,3280718.4732221467
2026-04-15 03:45:00,3280718.4732221467
2026-04-15 04:00:00,3280718.4732221467
2026-04-15 04:15:00,3280718.4732221467
2026-04-15 04:30:00,3280718.4732221467
2026-04-15 04:45:00,3280718.4732221467
2026-04-15 05:00:00,3280718.4732221467
2026-04-15 05:15:00,3280718.4732221467
2026-04-15 05:30:00,3280718.4732221467
2026-04-15 05:45:00,3280718.4732221467
2026-04-15 06:00:00,3280718.4732221467
2026-04-15 06:15:00,3280718.4732221467
2026-04-15 06:30:00,3280718.4732221467
2026-04-15 06:45:00,3280718.4732221467
2026-04-15 07:00:00,3280718.4732221467
2026-04-15 07:15:00,3280718.4732221467
2026-04-15 07:30:00,3280718.4732221467
2026-04-15 07:45:00,3280718.4732221467
2026-04-15 08:00:00,3280718.4732221467
2026-04-15 08:15:00,3280718.4732221467
2026-04-15 08:30:00,3280718.4732221467
2026-04-15 08:45:00,3280718.4732221467
2026-04-15 09:00:00,3280718.4732221467
2026-04-15 09:15:00,3280718.4732221467
2026-04-15 09:30:00,3280718.4732221467
2026-04-15 09:45:00,3280718.4732221467
2026-04-15 10:00:00,3280718.4732221467
2026-04-15 10:15:00,3280718.4732221467
2026-04-15 10:30:00,3280718.4732221467
2026-04-15 10:45:00,3280718.4732221467
2026-04-15 11:00:00,3280718.4732221467
2026-04-15 11:15:00,3280718.4732221467
2026-04-15 11:30:00,3280718.4732221467
2026-04-15 11:45:00,3280718.4732221467
2026-04-15 12:00:00,3280718.4732221467
2026-04-15 12:15:00,3280718.4732221467
2026-04-15 12:30:00,3280718.4732221467
2026-04-15 12:45:00,3280718.4732221467
2026-04-15 13:00:00,3280718.4732221467
2026-04-15 13:15:00,3280718.4732221467
2026-04-15 13:30:00,3280718.4732221467
2026-04-15 13:45:00,3280718.4732221467
2026-04-15 14:00:00,3280718.4732221467
2026-04-15 14:15:00,3280718.4732221467
2026-04-15 14:30:00,3280718.4732221467
2026-04-15 14:45:00,3280718.4732221467
2026-04-15 15:00:00,3280718.4732221467
2026-04-15 15:15:00,3280718.4732221467
2026-04-15 15:30:00,3280718.4732221467
2026-04-15 15:45:00,3280718.4732221467
2026-04-15 16:00:00,3280718.4732221467
2026-04-15 16:15:00,3280718.4732221467
2026-04-15 16:30:00,3280718.4732221467
2026-04-15 16:45:00,3280718.4732221467
2026-04-15 17:00:00,3280718.4732221467
2026-04-15 17:15:00,3280718.4732221467
2026-04-15 17:30:00,3280718.4732221467
2026-04-15 17:45:00,3280718.4732221467
2026-04-15 18:00:00,3280718.4732221467
2026-04-15 18:15:00,3280718.4732221467
2026-04-15 18:30:00,3280718.4732221467
2026-04-15 18:45:00,3280718.4732221467
2026-04-15 19:00:00,3280718.4732221467
2026-04-15 19:15:00,3280718.4732221467
2026-04-15 19:30:00,3280718.4732221467
2026-04-15 19:45:00,3280718.4732221467
2026-04-15 20:00:00,3280718.4732221467
2026-04-15 20:15:00,3280718.4732221467
2026-04-15 20:30:00,3280718.4732221467
2026-04-15 20:45:00,3280718.4732221467
2026-04-15 21:00:00,3280718.4732221467
2026-04-15 21:15:00,3280718.4732221467
2026-04-15 21:30:00,3280718.4732221467
2026-04-15 21:45:00,3280718.4732221467
2026-04-15 22:00:00,3280718.4732221467
2026-04-15 22:15:00,3280718.4732221467
2026-04-15 22:30:00,3280718.4732221467
2026-04-15 22:45:00,3280718.4732221467
2026-04-15 23:00:00,3280718.4732221467
2026-04-15 23:15:00,3280718.4732221467
2026-04-15 23:30:00,3280718.4732221467
2026-04-15 23:45:00,3280718.4732221467
2026-04-16 00:00:00,3280718.4732221467
2026-04-16 00:15:00,3280718.4732221467
2026-04-16 00:30:00,3280718.4732221467
2026-04-16 00:45:00,3280718.4732221467
2026-04-16 01:00:00,3280718.4732221467
2026-04-16 01:15:00,3280718.4732221467
2026-04-16 01:30:00,3280718.4732221467
2026-04-16 01:45:00,3280718.4732221467
2026-04-16 02:00:00,3280718.4732221467
2026-04-16 02:15:00,3280718.4732221467
2026-04-16 02:30:00,3280718.4732221467
2026-04-16 02:45:00,3280718.4732221467
2026-04-16 03:00:00,3280718.4732221467
2026-04-16 03:15:00,3280718.4732221467
2026-04-16 03:30:00,3280718.4732221467
2026-04-16 03:45:00,3280718.4732221467
2026-04-16 04:00:00,3280718.4732221467
2026-04-16 04:15:00,3280718.4732221467
2026-04-16 04:30:00,3280718.4732221467
2026-04-16 04:45:00,3280718.4732221467
2026-04-16 05:00:00,3280718.4732221467
2026-04-16 05:15:00,3280718.4732221467
2026-04-16 05:30:00,3280718.4732221467
2026-04-16 05:45:00,3280718.4732221467
2026-04-16 06:00:00,3280718.4732221467
2026-04-16 06:15:00,3280718.4732221467
2026-04-16 06:30:00,3280718.4732221467
2026-04-16 06:45:00,3280718.4732221467
2026-04-16 07:00:00,3280718.4732221467
2026-04-16 07:15:00,3280718.4732221467
2026-04-16 07:30:00,3280718.4732221467
2026-04-16 07:45:00,3280718.4732221467
2026-04-16 08:00:00,3280718.4732221467
2026-04-16 08:15:00,3280718.4732221467
2026-04-16 08:30:00,3280718.4732221467
2026-04-16 08:45:00,3280718.4732221467
2026-04-16 09:00:00,3280718.4732221467
2026-04-16 09:15:00,3280718.4732221467
2026-04-16 09:30:00,3280718.4732221467
2026-04-16 09:45:00,3280718.4732221467
2026-04-16 10:00:00,3280718.4732221467
2026-04-16 10:15:00,3280718.4732221467
2026-04-16 10:30:00,3280718.4732221467
2026-04-16 10:45:00,3280718.4732221467
2026-04-16 11:00:00,3280718.4732221467
2026-04-16 11:15:00,3280718.4732221467
2026-04-16 11:30:00,3280718.4732221467
2026-04-16 11:45:00,3280718.4732221467
2026-04-16 12:00:00,3280718.4732221467
2026-04-16 12:15:00,3280718.4732221467
2026-04-16 12:30:00,3280718.4732221467
2026-04-16 12:45:00,3280718.4732221467
2026-04-16 13:00:00,3280718.4732221467
2026-04-16 13:15:00,3280718.4732221467
2026-04-16 13:30:00,3280718.4732221467
2026-04-16 13:45:00,3280718.4732221467
2026-04-16 14:00:00,3280718.4732221467
2026-04-16 14:15:00,3280718.4732221467
2026-04-16 14:30:00,3280718.4732221467
2026-04-16 14:45:00,3280718.4732221467
2026-04-16 15:00:00,3280718.4732221467
2026-04-16 15:15:00,3280718.4732221467
2026-04-16 15:30:00,3280718.4732221467
2026-04-16 15:45:00,3280718.4732221467
2026-04-16 16:00:00,3280718.4732221467
2026-04-16 16:15:00,3280718.4732221467
2026-04-16 16:30:00,3280718.4732221467
2026-04-16 16:45:00,3280718.4732221467
2026-04-16 17:00:00,3280718.4732221467
2026-04-16 17:15:00,3280718.4732221467
2026-04-16 17:30:00,3280718.4732221467
2026-04-16 17:45:00,3280718.4732221467
2026-04-16 18:00:00,3280718.4732221467
2026-04-16 18:15:00,3280718.4732221467
2026-04-16 18:30:00,3280718.4732221467
2026-04-16 18:45:00,3280718.4732221467
2026-04-16 19:00:00,3280718.4732221467
2026-04-16 19:15:00,3280718.4732221467
2026-04-16 19:30:00,3280718.4732221467
2026-04-16 19:45:00,3280718.4732221467
2026-04-16 20:00:00,3280718.4732221467
2026-04-16 20:15:00,3280718.4732221467
2026-04-16 20:30:00,3280718.4732221467
2026-04-16 20:45:00,3280718.4732221467
2026-04-16 21:00:00,3280718.4732221467
2026-04-16 21:15:00,3280718.4732221467
2026-04-16 21:30:00,3280718.4732221467
2026-04-16 21:45:00,3280718.4732221467
2026-04-16 22:00:00,3280718.4732221467
2026-04-16 22:15:00,3280718.4732221467
2026-04-16 22:30:00,3280718.4732221467
2026-04-16 22:45:00,3280718.4732221467
2026-04-16 23:00:00,3280718.4732221467
2026-04-16 23:15:00,3280718.4732221467
2026-04-16 23:30:00,3280718.4732221467
2026-04-16 23:45:00,3280718.4732221467
2026-04-17 00:00:00,3280718.4732221467
2026-04-17 00:15:00,3280718.4732221467
2026-04-17 00:30:00,3280718.4732221467
2026-04-17 00:45:00,3280718.4732221467
2026-04-17 01:00:00,3280718.4732221467
2026-04-17 01:15:00,3280718.4732221467
2026-04-17 01:30:00,3280718.4732221467
2026-04-17 01:45:00,3280718.4732221467
2026-04-17 02:00:00,3280718.4732221467
2026-04-17 02:15:00,3280718.4732221467
2026-04-17 02:30:00,3280718.4732221467
2026-04-17 02:45:00,3280718.4732221467
2026-04-17 03:00:00,3280718.4732221467
2026-04-17 03:15:00,3280718.4732221467
2026-04-17 03:30:00,3280718.4732221467
2026-04-17 03:45:00,3280718.4732221467
2026-04-17 04:00:00,3280718.4732221467
2026-04-17 04:15:00,3280718.4732221467
2026-04-17 04:30:00,3280718.4732221467
2026-04-17 04:45:00,3280718.4732221467
2026-04-17 05:00:00,3280718.4732221467
2026-04-17 05:15:00,3280718.4732221467
2026-04-17 05:30:00,3280718.4732221467
2026-04-17 05:45:00,3280718.4732221467
2026-04-17 06:00:00,3280718.4732221467
2026-04-17 06:15:00,3280718.4732221467
2026-04-17 06:30:00,3280718.4732221467
2026-04-17 06:45:00,3280718.4732221467
2026-04-17 07:00:00,3280718.4732221467
2026-04-17 07:15:00,3280718.4732221467
2026-04-17 07:30:00,3280718.4732221467
2026-04-17 07:45:00,3280718.4732221467
2026-04-17 08:00:00,3280718.4732221467
2026-04-17 08:15:00,3280718.4732221467
2026-04-17 08:30:00,3280718.4732221467
2026-04-17 08:45:00,3280718.4732221467
2026-04-17 09:00:00,3280718.4732221467
2026-04-17 09:15:00,3280718.4732221467
2026-04-17 09:30:00,3280718.4732221467
2026-04-17 09:45:00,3280718.4732221467
2026-04-17 10:00:00,3280718.4732221467
2026-04-17 10:15:00,3280718.4732221467
2026-04-17 10:30:00,3280718.4732221467
2026-04-17 10:45:00,3280718.4732221467
2026-04-17 11:00:00,3280718.4732221467
2026-04-17 11:15:00,3280718.4732221467
2026-04-17 11:30:00,3280718.4732221467
2026-04-17 11:45:00,3280718.4732221467
2026-04-17 12:00:00,3280718.4732221467
2026-04-17 12:15:00,3280718.4732221467
2026-04-17 12:30:00,3280718.4732221467
2026-04-17 12:45:00,3280718.4732221467
2026-04-17 13:00:00,3280718.4732221467
2026-04-17 13:15:00,3280718.4732221467
2026-04-17 13:30:00,3280718.4732221467
2026-04-17 13:45:00,3280718.4732221467
2026-04-17 14:00:00,3280718.4732221467
2026-04-17 14:15:00,3280718.4732221467
2026-04-17 14:30:00,3280718.4732221467
2026-04-17 14:45:00,3280718.4732221467
2026-04-17 15:00:00,3280718.4732221467
2026-04-17 15:15:00,3280718.4732221467
2026-04-17 15:30:00,3280718.4732221467
2026-04-17 15:45:00,3280718.4732221467
2026-04-17 16:00:00,3280718.4732221467
2026-04-17 16:15:00,3280718.4732221467
2026-04-17 16:30:00,3280718.4732221467
2026-04-17 16:45:00,3280718.4732221467
2026-04-17 17:00:00,3280718.4732221467
2026-04-17 17:15:00,3280718.4732221467
2026-04-17 17:30:00,3280718.4732221467
2026-04-17 17:45:00,3280718.4732221467
2026-04-17 18:00:00,3280718.4732221467
2026-04-17 18:15:00,3280718.4732221467
2026-04-17 18:30:00,3280718.4732221467
2026-04-17 18:45:00,3280718.4732221467
2026-04-17 19:00:00,3280718.4732221467
2026-04-17 19:15:00,3280718.4732221467
2026-04-17 19:30:00,3280718.4732221467
2026-04-17 19:45:00,3280718.4732221467
2026-04-17 20:00:00,3280718.4732221467
2026-04-17 20:15:00,3280718.4732221467
2026-04-17 20:30:00,3280718.4732221467
2026-04-17 20:45:00,3280718.4732221467
2026-04-17 21:00:00,3280718.4732221467
2026-04-17 21:15:00,3280718.4732221467
2026-04-17 21:30:00,3280718.4732221467
2026-04-17 21:45:00,3280718.4732221467
2026-04-17 22:00:00,3280718.4732221467
2026-04-17 22:15:00,3280718.4732221467
2026-04-17 22:30:00,3280718.4732221467
2026-04-17 22:45:00,3280718.4732221467
2026-04-17 23:00:00,3280718.4732221467
2026-04-17 23:15:00,3280718.4732221467
2026-04-17 23:30:00,3280718.4732221467
2026-04-17 23:45:00,3280718.4732221467
2026-04-18 01:00:00,3280718.4732221467
2026-04-18 01:15:00,3280718.4732221467
2026-04-18 01:30:00,3280718.4732221467
2026-04-18 01:45:00,3280718.4732221467
2026-04-18 02:00:00,3280718.4732221467
2026-04-18 02:15:00,3280718.4732221467
2026-04-18 02:30:00,3280718.4732221467
2026-04-18 02:45:00,3280718.4732221467
2026-04-18 03:00:00,3280718.4732221467
2026-04-18 03:15:00,3280718.4732221467
2026-04-18 03:30:00,3280718.4732221467
2026-04-18 03:45:00,3280718.4732221467
2026-04-18 04:00:00,3280718.4732221467
2026-04-18 04:15:00,3280718.4732221467
2026-04-18 04:30:00,3280718.4732221467
2026-04-18 04:45:00,3280718.4732221467
2026-04-18 05:00:00,3280718.4732221467
2026-04-18 05:15:00,3280718.4732221467
2026-04-18 05:30:00,3280718.4732221467
2026-04-18 05:45:00,3280718.4732221467
2026-04-18 06:00:00,3280718.4732221467
2026-04-18 06:15:00,3280718.4732221467
2026-04-18 06:30:00,3280718.4732221467
2026-04-18 06:45:00,3280718.4732221467
2026-04-18 07:00:00,3280718.4732221467
2026-04-18 07:15:00,3280718.4732221467
2026-04-18 07:30:00,3280718.4732221467
2026-04-18 07:45:00,3280718.4732221467
2026-04-18 08:00:00,3280718.4732221467
2026-04-18 08:15:00,3280718.4732221467
2026-04-18 08:30:00,3280718.4732221467
2026-04-18 08:45:00,3280718.4732221467
2026-04-18 09:00:00,3280718.4732221467
2026-04-18 09:15:00,3280718.4732221467
2026-04-18 09:30:00,3280718.4732221467
2026-04-18 09:45:00,3280718.4732221467
2026-04-18 10:00:00,3280718.4732221467
2026-04-18 10:15:00,3280718.4732221467
2026-04-18 10:30:00,3280718.4732221467
2026-04-18 10:45:00,3280718.4732221467
2026-04-18 11:00:00,3280718.4732221467
2026-04-18 11:15:00,3280718.4732221467
2026-04-18 11:30:00,3280718.4732221467
2026-04-18 11:45:00,3280718.4732221467
2026-04-18 12:00:00,3280718.4732221467
2026-04-18 12:15:00,3280718.4732221467
2026-04-18 12:30:00,3280718.4732221467
2026-04-18 12:45:00,3280718.4732221467
2026-04-18 13:00:00,3280718.4732221467
2026-04-18 13:15:00,3280718.4732221467
2026-04-18 13:30:00,3280718.4732221467
2026-04-18 13:45:00,3280718.4732221467
2026-04-18 14:00:00,3280718.4732221467
2026-04-18 14:15:00,3280718.4732221467
2026-04-18 14:30:00,3280718.4732221467
2026-04-18 14:45:00,3280718.4732221467
2026-04-18 15:00:00,3280718.4732221467
2026-04-18 15:15:00,3280718.4732221467
2026-04-18 15:30:00,3280718.4732221467
2026-04-18 15:45:00,3280718.4732221467
2026-04-18 16:00:00,3280718.4732221467
2026-04-18 16:15:00,3280718.4732221467
2026-04-18 16:30:00,3280718.4732221467
2026-04-18 16:45:00,3280718.4732221467
2026-04-18 17:00:00,3280718.4732221467
2026-04-18 17:15:00,3280718.4732221467
2026-04-18 17:30:00,3280718.4732221467
2026-04-18 17:45:00,3280718.4732221467
2026-04-18 18:00:00,3280718.4732221467
2026-04-18 18:15:00,3280718.4732221467
2026-04-18 18:30:00,3280718.4732221467
2026-04-18 18:45:00,3280718.4732221467
2026-04-18 19:00:00,3280718.4732221467
2026-04-18 19:15:00,3280718.4732221467
2026-04-18 19:30:00,3280718.4732221467
2026-04-18 19:45:00,3280718.4732221467
2026-04-18 20:00:00,3280718.4732221467
2026-04-18 20:15:00,3280718.4732221467
2026-04-18 20:30:00,3280718.4732221467
2026-04-18 20:45:00,3280718.4732221467
2026-04-18 21:00:00,3280718.4732221467
2026-04-18 21:15:00,3280718.4732221467
2026-04-18 21:30:00,3280718.4732221467
2026-04-18 21:45:00,3280718.4732221467
2026-04-18 22:00:00,3280718.4732221467
2026-04-18 22:15:00,3280718.4732221467
2026-04-18 22:30:00,3280718.4732221467
2026-04-18 22:45:00,3280718.4732221467
2026-04-18 23:00:00,3280718.4732221467
2026-04-18 23:15:00,3280718.4732221467
2026-04-18 23:30:00,3280718.4732221467
2026-04-18 23:45:00,3280718.4732221467
2026-04-19 00:00:00,3280718.4732221467
2026-04-19 00:15:00,3280718.4732221467
2026-04-19 00:30:00,3280718.4732221467
2026-04-19 00:45:00,3280718.4732221467
2026-04-19 01:00:00,3280718.4732221467
2026-04-19 01:15:00,3280718.4732221467
2026-04-19 01:30:00,3280718.4732221467
2026-04-19 01:45:00,3280718.4732221467
2026-04-19 02:00:00,3280718.4732221467
2026-04-19 02:15:00,3280718.4732221467
2026-04-19 02:30:00,3280718.4732221467
2026-04-19 02:45:00,3280718.4732221467
2026-04-19 03:00:00,3280718.4732221467
2026-04-19 03:15:00,3280718.4732221467
2026-04-19 03:30:00,3280718.4732221467
2026-04-19 03:45:00,3280718.4732221467
2026-04-19 04:00:00,3280718.4732221467
2026-04-19 04:15:00,3280718.4732221467
2026-04-19 04:30:00,3280718.4732221467
2026-04-19 04:45:00,3280718.4732221467
2026-04-19 05:00:00,3280718.4732221467
2026-04-19 05:15:00,3280718.4732221467
2026-04-19 05:30:00,3280718.4732221467
2026-04-19 05:45:00,3280718.4732221467
2026-04-19 06:00:00,3280718.4732221467
2026-04-19 06:15:00,3280718.4732221467
2026-04-19 06:30:00,3280718.4732221467
2026-04-19 06:45:00,3280718.4732221467
2026-04-19 07:00:00,3280718.4732221467
2026-04-19 07:15:00,3280718.4732221467
2026-04-19 07:30:00,3280718.4732221467
2026-04-19 07:45:00,3280718.4732221467
2026-04-19 08:00:00,3280718.4732221467
2026-04-19 08:15:00,3280718.4732221467
2026-04-19 08:30:00,3280718.4732221467
2026-04-19 08:45:00,3280718.4732221467
2026-04-19 09:00:00,3280718.4732221467
2026-04-19 09:15:00,3280718.4732221467
2026-04-19 09:30:00,3280718.4732221467
2026-04-19 09:45:00,3280718.4732221467
2026-04-19 10:00:00,3280718.4732221467
2026-04-19 10:15:00,3280718.4732221467
2026-04-19 10:30:00,3280718.4732221467
2026-04-19 10:45:00,3280718.4732221467
2026-04-19 11:00:00,3280718.4732221467
2026-04-19 11:15:00,3280718.4732221467
2026-04-19 11:30:00,3280718.4732221467
2026-04-19 11:45:00,3280718.4732221467
2026-04-19 12:00:00,3280718.4732221467
2026-04-19 12:15:00,3280718.4732221467
2026-04-19 12:30:00,3280718.4732221467
2026-04-19 12:45:00,3280718.4732221467
2026-04-19 13:00:00,3280718.4732221467
2026-04-19 13:15:00,3280718.4732221467
2026-04-19 13:30:00,3280718.4732221467
2026-04-19 13:45:00,3280718.4732221467
2026-04-19 14:00:00,3280718.4732221467
2026-04-19 14:15:00,3280718.4732221467
2026-04-19 14:30:00,3280718.4732221467
2026-04-19 14:45:00,3280718.4732221467
2026-04-19 15:00:00,3280718.4732221467
2026-04-19 15:15:00,3280718.4732221467
2026-04-19 15:30:00,3280718.4732221467
2026-04-19 15:45:00,3280718.4732221467
2026-04-19 16:00:00,3280718.4732221467
2026-04-19 16:15:00,3280718.4732221467
2026-04-19 16:30:00,3280718.4732221467
2026-04-19 16:45:00,3280718.4732221467
2026-04-19 17:00:00,3280718.4732221467
2026-04-19 17:15:00,3280718.4732221467
2026-04-19 17:30:00,3280718.4732221467
2026-04-19 17:45:00,3280718.4732221467
2026-04-19 18:00:00,3280718.4732221467
2026-04-19 18:15:00,3280718.4732221467
2026-04-19 18:30:00,3280718.4732221467
2026-04-19 18:45:00,3280718.4732221467
2026-04-19 19:00:00,3280718.4732221467
2026-04-19 19:15:00,3280718.4732221467
2026-04-19 19:30:00,3280718.4732221467
2026-04-19 19:45:00,3280718.4732221467
2026-04-19 20:00:00,3280718.4732221467
2026-04-19 20:15:00,3280718.4732221467
2026-04-19 20:30:00,3280718.4732221467
2026-04-19 20:45:00,3280718.4732221467
2026-04-19 21:00:00,3280718.4732221467
2026-04-19 21:15:00,3280718.4732221467
2026-04-19 21:30:00,3280718.4732221467
2026-04-19 21:45:00,3280718.4732221467
2026-04-19 22:00:00,3280718.4732221467
2026-04-19 22:15:00,3280718.4732221467
2026-04-19 22:30:00,3280718.4732221467
2026-04-19 22:45:00,3280718.4732221467
2026-04-19 23:00:00,3280718.4732221467
2026-04-19 23:15:00,3280718.4732221467
2026-04-19 23:30:00,3280718.4732221467
2026-04-19 23:45:00,3280718.4732221467
2026-04-20 00:00:00,3280718.4732221467
2026-04-20 00:15:00,3280718.4732221467
2026-04-20 00:30:00,3280718.4732221467
2026-04-20 00:45:00,3280718.4732221467
2026-04-20 01:00:00,3280718.4732221467
2026-04-20 01:15:00,3280718.4732221467
2026-04-20 01:30:00,3280718.4732221467
2026-04-20 01:45:00,3280718.4732221467
2026-04-20 02:00:00,3280718.4732221467
2026-04-20 02:15:00,3280718.4732221467
2026-04-20 02:30:00,3280718.4732221467
2026-04-20 02:45:00,3280718.4732221467
2026-04-20 03:00:00,3280718.4732221467
2026-04-20 03:15:00,3280718.4732221467
2026-04-20 03:30:00,3280718.4732221467
2026-04-20 03:45:00,3280718.4732221467
2026-04-20 04:00:00,3280718.4732221467
2026-04-20 04:15:00,3280718.4732221467
2026-04-20 04:30:00,3280718.4732221467
2026-04-20 04:45:00,3280718.4732221467
2026-04-20 05:00:00,3280718.4732221467
2026-04-20 05:15:00,3280718.4732221467
2026-04-20 05:30:00,3280718.4732221467
2026-04-20 05:45:00,3280718.4732221467
2026-04-20 06:00:00,3280718.4732221467
2026-04-20 06:15:00,3280718.4732221467
2026-04-20 06:30:00,3280718.4732221467
2026-04-20 06:45:00,3280718.4732221467
2026-04-20 07:00:00,3280718.4732221467
2026-04-20 07:15:00,3280718.4732221467
2026-04-20 07:30:00,3280718.4732221467
2026-04-20 07:45:00,3280718.4732221467
2026-04-20 08:00:00,3280718.4732221467
2026-04-20 08:15:00,3280718.4732221467
2026-04-20 08:30:00,3280718.4732221467
2026-04-20 08:45:00,3280718.4732221467
2026-04-20 09:00:00,3280718.4732221467
2026-04-20 09:15:00,3280718.4732221467
2026-04-20 09:30:00,3280718.4732221467
2026-04-20 09:45:00,3280718.4732221467
2026-04-20 10:00:00,3280718.4732221467
2026-04-20 10:15:00,3280718.4732221467
2026-04-20 10:30:00,3280718.4732221467
2026-04-20 10:45:00,3280718.4732221467
2026-04-20 11:00:00,3280718.4732221467
2026-04-20 11:15:00,3280718.4732221467
2026-04-20 11:30:00,3280718.4732221467
2026-04-20 11:45:00,3280718.4732221467
2026-04-20 12:00:00,3280718.4732221467
2026-04-20 12:15:00,3280718.4732221467
2026-04-20 12:30:00,3280718.4732221467
2026-04-20 12:45:00,3280718.4732221467
2026-04-20 13:00:00,3280718.4732221467
2026-04-20 13:15:00,3280718.4732221467
2026-04-20 13:30:00,3280718.4732221467
2026-04-20 13:45:00,3280718.4732221467
2026-04-20 14:00:00,3280718.4732221467
2026-04-20 14:15:00,3280718.4732221467
2026-04-20 14:30:00,3280718.4732221467
2026-04-20 14:45:00,3280718.4732221467
2026-04-20 15:00:00,3280718.4732221467
2026-04-20 15:15:00,3280718.4732221467
2026-04-20 15:30:00,3280718.4732221467
2026-04-20 15:45:00,3280718.4732221467
2026-04-20 16:00:00,3280718.4732221467
2026-04-20 16:15:00,3280718.4732221467
2026-04-20 16:30:00,3280718.4732221467
2026-04-20 16:45:00,3280718.4732221467
2026-04-20 17:00:00,3280718.4732221467
2026-04-20 17:15:00,3280718.4732221467
2026-04-20 17:30:00,3280718.4732221467
2026-04-20 17:45:00,3280718.4732221467
2026-04-20 18:00:00,3280718.4732221467
2026-04-20 18:15:00,3280718.4732221467
2026-04-20 18:30:00,3280718.4732221467
2026-04-20 18:45:00,3280718.4732221467
2026-04-20 19:00:00,3280718.4732221467
2026-04-20 19:15:00,3280718.4732221467
2026-04-20 19:30:00,3280718.4732221467
2026-04-20 19:45:00,3280718.4732221467
2026-04-20 20:00:00,3280718.4732221467
2026-04-20 20:15:00,3280718.4732221467
2026-04-20 20:30:00,3280718.4732221467
2026-04-20 20:45:00,3280718.4732221467
2026-04-20 21:00:00,3280718.4732221467
2026-04-20 21:15:00,3280718.4732221467
2026-04-20 21:30:00,3280718.4732221467
2026-04-20 21:45:00,3280718.4732221467
2026-04-20 22:00:00,3280718.4732221467
2026-04-20 22:15:00,3280718.4732221467
2026-04-20 22:30:00,3280718.4732221467
2026-04-20 22:45:00,3280718.4732221467
2026-04-20 23:00:00,3280718.4732221467
2026-04-20 23:15:00,3280718.4732221467
2026-04-20 23:30:00,3280718.4732221467
2026-04-20 23:45:00,3280718.4732221467
2026-04-21 00:00:00,3280718.4732221467
2026-04-21 00:15:00,3280718.4732221467
2026-04-21 00:30:00,3280718.4732221467
2026-04-21 00:45:00,3280718.4732221467
2026-04-21 01:00:00,3280718.4732221467
2026-04-21 01:15:00,3280718.4732221467
2026-04-21 01:30:00,3280718.4732221467
2026-04-21 01:45:00,3280718.4732221467
2026-04-21 02:00:00,3280718.4732221467
2026-04-21 02:15:00,3280718.4732221467
2026-04-21 02:30:00,3280718.4732221467
2026-04-21 02:45:00,3280718.4732221467
2026-04-21 03:00:00,3280718.4732221467
2026-04-21 03:15:00,3280718.4732221467
2026-04-21 03:30:00,3280718.4732221467
2026-04-21 03:45:00,3280718.4732221467
2026-04-21 04:00:00,3280718.4732221467
2026-04-21 04:15:00,3280718.4732221467
2026-04-21 04:30:00,3280718.4732221467
2026-04-21 04:45:00,3280718.4732221467
2026-04-21 05:00:00,3280718.4732221467
2026-04-21 05:15:00,3280718.4732221467
2026-04-21 05:30:00,3280718.4732221467
2026-04-21 05:45:00,3280718.4732221467
2026-04-21 06:00:00,3280718.4732221467
2026-04-21 06:15:00,3280718.4732221467
2026-04-21 06:30:00,3280718.4732221467
2026-04-21 06:45:00,3280718.4732221467
2026-04-21 07:00:00,3280718.4732221467
2026-04-21 07:15:00,3280718.4732221467
2026-04-21 07:30:00,3280718.4732221467
2026-04-21 07:45:00,3280718.4732221467
2026-04-21 08:00:00,3280718.4732221467
2026-04-21 08:15:00,3280718.4732221467
2026-04-21 08:30:00,3280718.4732221467
2026-04-21 08:45:00,3280718.4732221467
2026-04-21 09:00:00,3280718.4732221467
2026-04-21 09:15:00,3280718.4732221467
2026-04-21 09:30:00,3280718.4732221467
2026-04-21 09:45:00,3280718.4732221467
2026-04-21 10:00:00,3280718.4732221467
2026-04-21 10:15:00,3280718.4732221467
2026-04-21 10:30:00,3280718.4732221467
2026-04-21 10:45:00,3280718.4732221467
2026-04-21 11:00:00,3280718.4732221467
2026-04-21 11:15:00,3280718.4732221467
2026-04-21 11:30:00,3280718.4732221467
2026-04-21 11:45:00,3280718.4732221467
2026-04-21 12:00:00,3280718.4732221467
2026-04-21 12:15:00,3280718.4732221467
2026-04-21 12:30:00,3280718.4732221467
2026-04-21 12:45:00,3280718.4732221467
2026-04-21 13:00:00,3280718.4732221467
2026-04-21 13:15:00,3280718.4732221467
2026-04-21 13:30:00,3280718.4732221467
2026-04-21 13:45:00,3280718.4732221467
2026-04-21 14:00:00,3280718.4732221467
2026-04-21 14:15:00,3280718.4732221467
2026-04-21 14:30:00,3280718.4732221467
2026-04-21 14:45:00,3280718.4732221467
2026-04-21 15:00:00,3280718.4732221467
2026-04-21 15:15:00,3280718.4732221467
2026-04-21 15:30:00,3280718.4732221467
2026-04-21 15:45:00,3280718.4732221467
2026-04-21 16:00:00,3280718.4732221467
2026-04-21 16:15:00,3280718.4732221467
2026-04-21 16:30:00,3280718.4732221467
2026-04-21 16:45:00,3280718.4732221467
2026-04-21 17:00:00,3280718.4732221467
2026-04-21 17:15:00,3280718.4732221467
2026-04-21 17:30:00,3280718.4732221467
2026-04-21 17:45:00,3280718.4732221467
2026-04-21 18:00:00,3280718.4732221467
2026-04-21 18:15:00,3280718.4732221467
2026-04-21 18:30:00,3280718.4732221467
2026-04-21 18:45:00,3280718.4732221467
2026-04-21 19:00:00,3280718.4732221467
2026-04-21 19:15:00,3280718.4732221467
2026-04-21 19:30:00,3280718.4732221467
2026-04-21 19:45:00,3280718.4732221467
2026-04-21 20:00:00,3280718.4732221467
2026-04-21 20:15:00,3280718.4732221467
2026-04-21 20:30:00,3280718.4732221467
2026-04-21 20:45:00,3280718.4732221467
2026-04-21 21:00:00,3280718.4732221467
2026-04-21 21:15:00,3280718.4732221467
2026-04-21 21:30:00,3280718.4732221467
2026-04-21 21:45:00,3280718.4732221467
2026-04-21 22:00:00,3280718.4732221467
2026-04-21 22:15:00,3280718.4732221467
2026-04-21 22:30:00,3280718.4732221467
2026-04-21 22:45:00,3280718.4732221467
2026-04-21 23:00:00,3280718.4732221467
2026-04-21 23:15:00,3280718.4732221467
2026-04-21 23:30:00,3280718.4732221467
2026-04-21 23:45:00,3280718.4732221467
2026-04-22 00:00:00,3280718.4732221467
2026-04-22 00:15:00,3280718.4732221467
2026-04-22 00:30:00,3280718.4732221467
2026-04-22 00:45:00,3280718.4732221467
2026-04-22 01:00:00,3280718.4732221467
2026-04-22 01:15:00,3280718.4732221467
2026-04-22 01:30:00,3280718.4732221467
2026-04-22 01:45:00,3280718.4732221467
2026-04-22 02:00:00,3280718.4732221467
2026-04-22 02:15:00,3280718.4732221467
2026-04-22 02:30:00,3280718.4732221467
2026-04-22 02:45:00,3280718.4732221467
2026-04-22 03:00:00,3280718.4732221467
2026-04-22 03:15:00,3280718.4732221467
2026-04-22 03:30:00,3280718.4732221467
2026-04-22 03:45:00,3280718.4732221467
2026-04-22 04:00:00,3280718.4732221467
2026-04-22 04:15:00,3280718.4732221467
2026-04-22 04:30:00,3280718.4732221467
2026-04-22 04:45:00,3280718.4732221467
2026-04-22 05:00:00,3280718.4732221467
2026-04-22 05:15:00,3280718.4732221467
2026-04-22 05:30:00,3280718.4732221467
2026-04-22 05:45:00,3280718.4732221467
2026-04-22 06:00:00,3280718.4732221467
2026-04-22 06:15:00,3280718.4732221467
2026-04-22 06:30:00,3280718.4732221467
2026-04-22 06:45:00,3280718.4732221467
2026-04-22 07:00:00,3280718.4732221467
2026-04-22 07:15:00,3280718.4732221467
2026-04-22 07:30:00,3280718.4732221467
2026-04-22 07:45:00,3280718.4732221467
2026-04-22 08:00:00,3280718.4732221467
2026-04-22 08:15:00,3280718.4732221467
2026-04-22 08:30:00,3280718.4732221467
2026-04-22 08:45:00,3280718.4732221467
2026-04-22 09:00:00,3280718.4732221467
2026-04-22 09:15:00,3280718.4732221467
2026-04-22 09:30:00,3280718.4732221467
2026-04-22 09:45:00,3280718.4732221467
2026-04-22 10:00:00,3280718.4732221467
2026-04-22 10:15:00,3280718.4732221467
2026-04-22 10:30:00,3280718.4732221467
2026-04-22 10:45:00,3280718.4732221467
2026-04-22 11:00:00,3280718.4732221467
2026-04-22 11:15:00,3280718.4732221467
2026-04-22 11:30:00,3280718.4732221467
2026-04-22 11:45:00,3280718.4732221467
2026-04-22 12:00:00,3280718.4732221467
2026-04-22 12:15:00,3280718.4732221467
2026-04-22 12:30:00,3280718.4732221467
2026-04-22 12:45:00,3280718.4732221467
2026-04-22 13:00:00,3280718.4732221467
2026-04-22 13:15:00,3280718.4732221467
2026-04-22 13:30:00,3280718.4732221467
2026-04-22 13:45:00,3280718.4732221467
2026-04-22 14:00:00,3280718.4732221467
2026-04-22 14:15:00,3280718.4732221467
2026-04-22 14:30:00,3280718.4732221467
2026-04-22 14:45:00,3280718.4732221467
2026-04-22 15:00:00,3280718.4732221467
2026-04-22 15:15:00,3280718.4732221467
2026-04-22 15:30:00,3280718.4732221467
2026-04-22 15:45:00,3280718.4732221467
2026-04-22 16:00:00,3280718.4732221467
2026-04-22 16:15:00,3280718.4732221467
2026-04-22 16:30:00,3280718.4732221467
2026-04-22 16:45:00,3280718.4732221467
2026-04-22 17:00:00,3280718.4732221467
2026-04-22 17:15:00,3280718.4732221467
2026-04-22 17:30:00,3280718.4732221467
2026-04-22 17:45:00,3280718.4732221467
2026-04-22 18:00:00,3280718.4732221467
2026-04-22 18:15:00,3280718.4732221467
2026-04-22 18:30:00,3280718.4732221467
2026-04-22 18:45:00,3280718.4732221467
2026-04-22 19:00:00,3280718.4732221467
2026-04-22 19:15:00,3280718.4732221467
2026-04-22 19:30:00,3280718.4732221467
2026-04-22 19:45:00,3280718.4732221467
2026-04-22 20:00:00,3280718.4732221467
2026-04-22 20:15:00,3280718.4732221467
2026-04-22 20:30:00,3280718.4732221467
2026-04-22 20:45:00,3280718.4732221467
2026-04-22 21:00:00,3280718.4732221467
2026-04-22 21:15:00,3280718.4732221467
2026-04-22 21:30:00,3280718.4732221467
2026-04-22 21:45:00,3280718.4732221467
2026-04-22 22:00:00,3280718.4732221467
2026-04-22 22:15:00,3280718.4732221467
2026-04-22 22:30:00,3280718.4732221467
2026-04-22 22:45:00,3280718.4732221467
2026-04-22 23:00:00,3280718.4732221467
2026-04-22 23:15:00,3280718.4732221467
2026-04-22 23:30:00,3280718.4732221467
2026-04-22 23:45:00,3280718.4732221467
2026-04-23 00:00:00,3280718.4732221467
2026-04-23 00:15:00,3280718.4732221467
2026-04-23 00:30:00,3280718.4732221467
2026-04-23 00:45:00,3280718.4732221467
2026-04-23 01:00:00,3280718.4732221467
2026-04-23 01:15:00,3280718.4732221467
2026-04-23 01:30:00,3280718.4732221467
2026-04-23 01:45:00,3280718.4732221467
2026-04-23 02:00:00,3280718.4732221467
2026-04-23 02:15:00,3280718.4732221467
2026-04-23 02:30:00,3280718.4732221467
2026-04-23 02:45:00,3280718.4732221467
2026-04-23 03:00:00,3280718.4732221467
2026-04-23 03:15:00,3280718.4732221467
2026-04-23 03:30:00,3280718.4732221467
2026-04-23 03:45:00,3280718.4732221467
2026-04-23 04:00:00,3280718.4732221467
2026-04-23 04:15:00,3280718.4732221467
2026-04-23 04:30:00,3280718.4732221467
2026-04-23 04:45:00,3280718.4732221467
2026-04-23 05:00:00,3280718.4732221467
2026-04-23 05:15:00,3280718.4732221467
2026-04-23 05:30:00,3280718.4732221467
2026-04-23 05:45:00,3280718.4732221467
2026-04-23 06:00:00,3280718.4732221467
2026-04-23 06:15:00,3280718.4732221467
2026-04-23 06:30:00,3280718.4732221467
2026-04-23 06:45:00,3280718.4732221467
2026-04-23 07:00:00,3280718.4732221467
2026-04-23 07:15:00,3280718.4732221467
2026-04-23 07:30:00,3280718.4732221467
2026-04-23 07:45:00,3280718.4732221467
2026-04-23 08:00:00,3280718.4732221467
2026-04-23 08:15:00,3280718.4732221467
2026-04-23 08:30:00,3280718.4732221467
2026-04-23 08:45:00,3280718.4732221467
2026-04-23 09:00:00,3280718.4732221467
2026-04-23 09:15:00,3280718.4732221467
2026-04-23 09:30:00,3280718.4732221467
2026-04-23 09:45:00,3280718.4732221467
2026-04-23 10:00:00,3280718.4732221467
2026-04-23 10:15:00,3280718.4732221467
2026-04-23 10:30:00,3280718.4732221467
2026-04-23 10:45:00,3280718.4732221467
2026-04-23 11:00:00,3280718.4732221467
2026-04-23 11:15:00,3280718.4732221467
2026-04-23 11:30:00,3280718.4732221467
2026-04-23 11:45:00,3280718.4732221467
2026-04-23 12:00:00,3280718.4732221467
2026-04-23 12:15:00,3280718.4732221467
2026-04-23 12:30:00,3280718.4732221467
2026-04-23 12:45:00,3280718.4732221467
2026-04-23 13:00:00,3280718.4732221467
2026-04-23 13:15:00,3280718.4732221467
2026-04-23 13:30:00,3280718.4732221467
2026-04-23 13:45:00,3280718.4732221467
2026-04-23 14:00:00,3280718.4732221467
2026-04-23 14:15:00,3280718.4732221467
2026-04-23 14:30:00,3280718.4732221467
2026-04-23 14:45:00,3280718.4732221467
2026-04-23 15:00:00,3280718.4732221467
2026-04-23 15:15:00,3280718.4732221467
2026-04-23 15:30:00,3280718.4732221467
2026-04-23 15:45:00,3280718.4732221467
2026-04-23 16:00:00,3280718.4732221467
2026-04-23 16:15:00,3280718.4732221467
2026-04-23 16:30:00,3280718.4732221467
2026-04-23 16:45:00,3280718.4732221467
2026-04-23 17:00:00,3280718.4732221467
2026-04-23 17:15:00,3280718.4732221467
2026-04-23 17:30:00,3280718.4732221467
2026-04-23 17:45:00,3280718.4732221467
2026-04-23 18:00:00,3280718.4732221467
2026-04-23 18:15:00,3280718.4732221467
2026-04-23 18:30:00,3280718.4732221467
2026-04-23 18:45:00,3280718.4732221467
2026-04-23 19:00:00,3280718.4732221467
2026-04-23 19:15:00,3280718.4732221467
2026-04-23 19:30:00,3280718.4732221467
2026-04-23 19:45:00,3280718.4732221467
2026-04-23 20:00:00,3280718.4732221467
2026-04-23 20:15:00,3280718.4732221467
2026-04-23 20:30:00,3280718.4732221467
2026-04-23 20:45:00,3280718.4732221467
2026-04-23 21:00:00,3280718.4732221467
2026-04-23 21:15:00,3280718.4732221467
2026-04-23 21:30:00,3280718.4732221467
2026-04-23 21:45:00,3280718.4732221467
2026-04-23 22:00:00,3280718.4732221467
2026-04-23 22:15:00,3280718.4732221467
2026-04-23 22:30:00,3280718.4732221467
2026-04-23 22:45:00,3280718.4732221467
2026-04-23 23:00:00,3280718.4732221467
2026-04-23 23:15:00,3280718.4732221467
2026-04-23 23:30:00,3280718.4732221467
2026-04-23 23:45:00,3280718.4732221467
2026-04-24 00:00:00,3280718.4732221467
2026-04-24 00:15:00,3280718.4732221467
2026-04-24 00:30:00,3280718.4732221467
2026-04-24 00:45:00,3280718.4732221467
2026-04-24 01:00:00,3280718.4732221467
2026-04-24 01:15:00,3280718.4732221467
2026-04-24 01:30:00,3280718.4732221467
2026-04-24 01:45:00,3280718.4732221467
2026-04-24 02:00:00,3280718.4732221467
2026-04-24 02:15:00,3280718.4732221467
2026-04-24 02:30:00,3280718.4732221467
2026-04-24 02:45:00,3280718.4732221467
2026-04-24 03:00:00,3280718.4732221467
2026-04-24 03:15:00,3280718.4732221467
2026-04-24 03:30:00,3280718.4732221467
2026-04-24 03:45:00,3280718.4732221467
2026-04-24 04:00:00,3280718.4732221467
2026-04-24 04:15:00,3280718.4732221467
2026-04-24 04:30:00,3280718.4732221467
2026-04-24 04:45:00,3280718.4732221467
2026-04-24 05:00:00,3280718.4732221467
2026-04-24 05:15:00,3280718.4732221467
2026-04-24 05:30:00,3280718.4732221467
2026-04-24 05:45:00,3280718.4732221467
2026-04-24 06:00:00,3280718.4732221467
2026-04-24 06:15:00,3280718.4732221467
2026-04-24 06:30:00,3280718.4732221467
2026-04-24 06:45:00,3280718.4732221467
2026-04-24 07:00:00,3280718.4732221467
2026-04-24 07:15:00,3280718.4732221467
2026-04-24 07:30:00,3280718.4732221467
2026-04-24 07:45:00,3280718.4732221467
2026-04-24 08:00:00,3280718.4732221467
2026-04-24 08:15:00,3280718.4732221467
2026-04-24 08:30:00,3280718.4732221467
2026-04-24 08:45:00,3280718.4732221467
2026-04-24 09:00:00,3280718.4732221467
2026-04-24 09:15:00,3280718.4732221467
2026-04-24 09:30:00,3280718.4732221467
2026-04-24 09:45:00,3280718.4732221467
2026-04-24 10:00:00,3280718.4732221467
2026-04-24 10:15:00,3280718.4732221467
2026-04-24 10:30:00,3280718.4732221467
2026-04-24 10:45:00,3280718.4732221467
2026-04-24 11:00:00,3280718.4732221467
2026-04-24 11:15:00,3280718.4732221467
2026-04-24 11:30:00,3280718.4732221467
2026-04-24 11:45:00,3280718.4732221467
2026-04-24 12:00:00,3280718.4732221467
2026-04-24 12:15:00,3280718.4732221467
2026-04-24 12:30:00,3280718.4732221467
2026-04-24 12:45:00,3280718.4732221467
2026-04-24 13:00:00,3280718.4732221467
2026-04-24 13:15:00,3280718.4732221467
2026-04-24 13:30:00,3280718.4732221467
2026-04-24 13:45:00,3280718.4732221467
2026-04-24 14:00:00,3280718.4732221467
2026-04-24 14:15:00,3280718.4732221467
2026-04-24 14:30:00,3280718.4732221467
2026-04-24 14:45:00,3280718.4732221467
2026-04-24 15:00:00,3280718.4732221467
2026-04-24 15:15:00,3280718.4732221467
2026-04-24 15:30:00,3280718.4732221467
2026-04-24 15:45:00,3280718.4732221467
2026-04-24 16:00:00,3280718.4732221467
2026-04-24 16:15:00,3280718.4732221467
2026-04-24 16:30:00,3280718.4732221467
2026-04-24 16:45:00,3280718.4732221467
2026-04-24 17:00:00,3280718.4732221467
2026-04-24 17:15:00,3280718.4732221467
2026-04-24 17:30:00,3280718.4732221467
2026-04-24 17:45:00,3280718.4732221467
2026-04-24 18:00:00,3280718.4732221467
2026-04-24 18:15:00,3280718.4732221467
2026-04-24 18:30:00,3280718.4732221467
2026-04-24 18:45:00,3280718.4732221467
2026-04-24 19:00:00,3280718.4732221467
2026-04-24 19:15:00,3280718.4732221467
2026-04-24 19:30:00,3280718.4732221467
2026-04-24 19:45:00,3280718.4732221467
2026-04-24 20:00:00,3280718.4732221467
2026-04-24 20:15:00,3280718.4732221467
2026-04-24 20:30:00,3280718.4732221467
2026-04-24 20:45:00,3280718.4732221467
2026-04-24 21:00:00,3280718.4732221467
2026-04-24 21:15:00,3280718.4732221467
2026-04-24 21:30:00,3280718.4732221467
2026-04-24 21:45:00,3280718.4732221467
2026-04-24 22:00:00,3280718.4732221467
2026-04-24 22:15:00,3280718.4732221467
2026-04-24 22:30:00,3280718.4732221467
2026-04-24 22:45:00,3280718.4732221467
2026-04-24 23:00:00,3280718.4732221467
2026-04-24 23:15:00,3280718.4732221467
2026-04-24 23:30:00,3280718.4732221467
2026-04-24 23:45:00,3280718.4732221467
2026-04-25 01:00:00,3280718.4732221467
2026-04-25 01:15:00,3280718.4732221467
2026-04-25 01:30:00,3280718.4732221467
2026-04-25 01:45:00,3280718.4732221467
2026-04-25 02:00:00,3280718.4732221467
2026-04-25 02:15:00,3280718.4732221467
2026-04-25 02:30:00,3280718.4732221467
2026-04-25 02:45:00,3280718.4732221467
2026-04-25 03:00:00,3280718.4732221467
2026-04-25 03:15:00,3280718.4732221467
2026-04-25 03:30:00,3280718.4732221467
2026-04-25 03:45:00,3280718.4732221467
2026-04-25 04:00:00,3280718.4732221467
2026-04-25 04:15:00,3280718.4732221467
2026-04-25 04:30:00,3280718.4732221467
2026-04-25 04:45:00,3280718.4732221467
2026-04-25 05:00:00,3280718.4732221467
2026-04-25 05:15:00,3280718.4732221467
2026-04-25 05:30:00,3280718.4732221467
2026-04-25 05:45:00,3280718.4732221467
2026-04-25 06:00:00,3280718.4732221467
2026-04-25 06:15:00,3280718.4732221467
2026-04-25 06:30:00,3280718.4732221467
2026-04-25 06:45:00,3280718.4732221467
2026-04-25 07:00:00,3280718.4732221467
2026-04-25 07:15:00,3280718.4732221467
2026-04-25 07:30:00,3280718.4732221467
2026-04-25 07:45:00,3280718.4732221467
2026-04-25 08:00:00,3280718.4732221467
2026-04-25 08:15:00,3280718.4732221467
2026-04-25 08:30:00,3280718.4732221467
2026-04-25 08:45:00,3280718.4732221467
2026-04-25 09:00:00,3280718.4732221467
2026-04-25 09:15:00,3280718.4732221467
2026-04-25 09:30:00,3280718.4732221467
2026-04-25 09:45:00,3280718.4732221467
2026-04-25 10:00:00,3280718.4732221467
2026-04-25 10:15:00,3280718.4732221467
2026-04-25 10:30:00,3280718.4732221467
2026-04-25 10:45:00,3280718.4732221467
2026-04-25 11:00:00,3280718.4732221467
2026-04-25 11:15:00,3280718.4732221467
2026-04-25 11:30:00,3280718.4732221467
2026-04-25 11:45:00,3280718.4732221467
2026-04-25 12:00:00,3280718.4732221467
2026-04-25 12:15:00,3280718.4732221467
2026-04-25 12:30:00,3280718.4732221467
2026-04-25 12:45:00,3280718.4732221467
2026-04-25 13:00:00,3280718.4732221467
2026-04-25 13:15:00,3280718.4732221467
2026-04-25 13:30:00,3280718.4732221467
2026-04-25 13:45:00,3280718.4732221467
2026-04-25 14:00:00,3280718.4732221467
2026-04-25 14:15:00,3280718.4732221467
2026-04-25 14:30:00,3280718.4732221467
2026-04-25 14:45:00,3280718.4732221467
2026-04-25 15:00:00,3280718.4732221467
2026-04-25 15:15:00,3280718.4732221467
2026-04-25 15:30:00,3280718.4732221467
2026-04-25 15:45:00,3280718.4732221467
2026-04-25 16:00:00,3280718.4732221467
2026-04-25 16:15:00,3280718.4732221467
2026-04-25 16:30:00,3280718.4732221467
2026-04-25 16:45:00,3280718.4732221467
2026-04-25 17:00:00,3280718.4732221467
2026-04-25 17:15:00,3280718.4732221467
2026-04-25 17:30:00,3280718.4732221467
2026-04-25 17:45:00,3280718.4732221467
2026-04-25 18:00:00,3280718.4732221467
2026-04-25 18:15:00,3280718.4732221467
2026-04-25 18:30:00,3280718.4732221467
2026-04-25 18:45:00,3280718.4732221467
2026-04-25 19:00:00,3280718.4732221467
2026-04-25 19:15:00,3280718.4732221467
2026-04-25 19:30:00,3280718.4732221467
2026-04-25 19:45:00,3280718.4732221467
2026-04-25 20:00:00,3280718.4732221467
2026-04-25 20:15:00,3280718.4732221467
2026-04-25 20:30:00,3280718.4732221467
2026-04-25 20:45:00,3280718.4732221467
2026-04-25 21:00:00,3280718.4732221467
2026-04-25 21:15:00,3280718.4732221467
2026-04-25 21:30:00,3280718.4732221467
2026-04-25 21:45:00,3280718.4732221467
2026-04-25 22:00:00,3280718.4732221467
2026-04-25 22:15:00,3280718.4732221467
2026-04-25 22:30:00,3280718.4732221467
2026-04-25 22:45:00,3280718.4732221467
2026-04-25 23:00:00,3280718.4732221467
2026-04-25 23:15:00,3280718.4732221467
2026-04-25 23:30:00,3280718.4732221467
2026-04-25 23:45:00,3280718.4732221467
2026-04-26 00:00:00,3280718.4732221467
2026-04-26 00:15:00,3280718.4732221467
2026-04-26 00:30:00,3280718.4732221467
2026-04-26 00:45:00,3280718.4732221467
2026-04-26 01:00:00,3280718.4732221467
2026-04-26 01:15:00,3280718.4732221467
2026-04-26 01:30:00,3280718.4732221467
2026-04-26 01:45:00,3280718.4732221467
2026-04-26 02:00:00,3280718.4732221467
2026-04-26 02:15:00,3280718.4732221467
2026-04-26 02:30:00,3280718.4732221467
2026-04-26 02:45:00,3280718.4732221467
2026-04-26 03:00:00,3280718.4732221467
2026-04-26 03:15:00,3280718.4732221467
2026-04-26 03:30:00,3280718.4732221467
2026-04-26 03:45:00,3280718.4732221467
2026-04-26 04:00:00,3280718.4732221467
2026-04-26 04:15:00,3280718.4732221467
2026-04-26 04:30:00,3280718.4732221467
2026-04-26 04:45:00,3280718.4732221467
2026-04-26 05:00:00,3280718.4732221467
2026-04-26 05:15:00,3280718.4732221467
2026-04-26 05:30:00,3280718.4732221467
2026-04-26 05:45:00,3280718.4732221467
2026-04-26 06:00:00,3280718.4732221467
2026-04-26 06:15:00,3280718.4732221467
2026-04-26 06:30:00,3280718.4732221467
2026-04-26 06:45:00,3280718.4732221467
2026-04-26 07:00:00,3280718.4732221467
2026-04-26 07:15:00,3280718.4732221467
2026-04-26 07:30:00,3280718.4732221467
2026-04-26 07:45:00,3280718.4732221467
2026-04-26 08:00:00,3280718.4732221467
2026-04-26 08:15:00,3280718.4732221467
2026-04-26 08:30:00,3280718.4732221467
2026-04-26 08:45:00,3280718.4732221467
2026-04-26 09:00:00,3280718.4732221467
2026-04-26 09:15:00,3280718.4732221467
2026-04-26 09:30:00,3280718.4732221467
2026-04-26 09:45:00,3280718.4732221467
2026-04-26 10:00:00,3280718.4732221467
2026-04-26 10:15:00,3280718.4732221467
2026-04-26 10:30:00,3280718.4732221467
2026-04-26 10:45:00,3280718.4732221467
2026-04-26 11:00:00,3280718.4732221467
2026-04-26 11:15:00,3280718.4732221467
2026-04-26 11:30:00,3280718.4732221467
2026-04-26 11:45:00,3280718.4732221467
2026-04-26 12:00:00,3280718.4732221467
2026-04-26 12:15:00,3280718.4732221467
2026-04-26 12:30:00,3280718.4732221467
2026-04-26 12:45:00,3280718.4732221467
2026-04-26 13:00:00,3280718.4732221467
2026-04-26 13:15:00,3280718.4732221467
2026-04-26 13:30:00,3280718.4732221467
2026-04-26 13:45:00,3280718.4732221467
2026-04-26 14:00:00,3280718.4732221467
2026-04-26 14:15:00,3280718.4732221467
2026-04-26 14:30:00,3280718.4732221467
2026-04-26 14:45:00,3280718.4732221467
2026-04-26 15:00:00,3280718.4732221467
2026-04-26 15:15:00,3280718.4732221467
2026-04-26 15:30:00,3280718.4732221467
2026-04-26 15:45:00,3280718.4732221467
2026-04-26 16:00:00,3280718.4732221467
2026-04-26 16:15:00,3280718.4732221467
2026-04-26 16:30:00,3280718.4732221467
2026-04-26 16:45:00,3280718.4732221467
2026-04-26 17:00:00,3280718.4732221467
2026-04-26 17:15:00,3280718.4732221467
2026-04-26 17:30:00,3280718.4732221467
2026-04-26 17:45:00,3280718.4732221467
2026-04-26 18:00:00,3280718.4732221467
2026-04-26 18:15:00,3280718.4732221467
2026-04-26 18:30:00,3280718.4732221467
2026-04-26 18:45:00,3280718.4732221467
2026-04-26 19:00:00,3280718.4732221467
2026-04-26 19:15:00,3280718.4732221467
2026-04-26 19:30:00,3280718.4732221467
2026-04-26 19:45:00,3280718.4732221467
2026-04-26 20:00:00,3280718.4732221467
2026-04-26 20:15:00,3280718.4732221467
2026-04-26 20:30:00,3280718.4732221467
2026-04-26 20:45:00,3280718.4732221467
2026-04-26 21:00:00,3280718.4732221467
2026-04-26 21:15:00,3280718.4732221467
2026-04-26 21:30:00,3280718.4732221467
2026-04-26 21:45:00,3280718.4732221467
2026-04-26 22:00:00,3280718.4732221467
2026-04-26 22:15:00,3280718.4732221467
2026-04-26 22:30:00,3280718.4732221467
2026-04-26 22:45:00,3280718.4732221467
2026-04-26 23:00:00,3280718.4732221467
2026-04-26 23:15:00,3280718.4732221467
2026-04-26 23:30:00,3280718.4732221467
2026-04-26 23:45:00,3280718.4732221467
2026-04-27 00:00:00,3280718.4732221467
2026-04-27 00:15:00,3280718.4732221467
2026-04-27 00:30:00,3280718.4732221467
2026-04-27 00:45:00,3280718.4732221467
2026-04-27 01:00:00,3280718.4732221467
2026-04-27 01:15:00,3280718.4732221467
2026-04-27 01:30:00,3280718.4732221467
2026-04-27 01:45:00,3280718.4732221467
2026-04-27 02:00:00,3280718.4732221467
2026-04-27 02:15:00,3280718.4732221467
2026-04-27 02:30:00,3280718.4732221467
2026-04-27 02:45:00,3280718.4732221467
2026-04-27 03:00:00,3280718.4732221467
2026-04-27 03:15:00,3280718.4732221467
2026-04-27 03:30:00,3280718.4732221467
2026-04-27 03:45:00,3280718.4732221467
2026-04-27 04:00:00,3280718.4732221467
2026-04-27 04:15:00,3280718.4732221467
2026-04-27 04:30:00,3280718.4732221467
2026-04-27 04:45:00,3280718.4732221467
2026-04-27 05:00:00,3280718.4732221467
2026-04-27 05:15:00,3280718.4732221467
2026-04-27 05:30:00,3280718.4732221467
2026-04-27 05:45:00,3280718.4732221467
2026-04-27 06:00:00,3280718.4732221467
2026-04-27 06:15:00,3280718.4732221467
2026-04-27 06:30:00,3280718.4732221467
2026-04-27 06:45:00,3280718.4732221467
2026-04-27 07:00:00,3280718.4732221467
2026-04-27 07:15:00,3280718.4732221467
2026-04-27 07:30:00,3280718.4732221467
2026-04-27 07:45:00,3280718.4732221467
2026-04-27 08:00:00,3280718.4732221467
2026-04-27 08:15:00,3280718.4732221467
2026-04-27 08:30:00,3280718.4732221467
2026-04-27 08:45:00,3280718.4732221467
2026-04-27 09:00:00,3280718.4732221467
2026-04-27 09:15:00,3280718.4732221467
2026-04-27 09:30:00,3280718.4732221467
2026-04-27 09:45:00,3280718.4732221467
2026-04-27 10:00:00,3280718.4732221467
2026-04-27 10:15:00,3280718.4732221467
2026-04-27 10:30:00,3280718.4732221467
2026-04-27 10:45:00,3280718.4732221467
2026-04-27 11:00:00,3280718.4732221467
2026-04-27 11:15:00,3280718.4732221467
2026-04-27 11:30:00,3280718.4732221467
2026-04-27 11:45:00,3280718.4732221467
2026-04-27 12:00:00,3280718.4732221467
2026-04-27 12:15:00,3280718.4732221467
2026-04-27 12:30:00,3280718.4732221467
2026-04-27 12:45:00,3280718.4732221467
2026-04-27 13:00:00,3280718.4732221467
2026-04-27 13:15:00,3280718.4732221467
2026-04-27 13:30:00,3280718.4732221467
2026-04-27 13:45:00,3280718.4732221467
2026-04-27 14:00:00,3280718.4732221467
2026-04-27 14:15:00,3280718.4732221467
2026-04-27 14:30:00,3280718.4732221467
2026-04-27 14:45:00,3280718.4732221467
2026-04-27 15:00:00,3280718.4732221467
2026-04-27 15:15:00,3280718.4732221467
2026-04-27 15:30:00,3280718.4732221467
2026-04-27 15:45:00,3280718.4732221467
2026-04-27 16:00:00,3280718.4732221467
2026-04-27 16:15:00,3280718.4732221467
2026-04-27 16:30:00,3280718.4732221467
2026-04-27 16:45:00,3280718.4732221467
2026-04-27 17:00:00,3280718.4732221467
2026-04-27 17:15:00,3280718.4732221467
2026-04-27 17:30:00,3280718.4732221467
2026-04-27 17:45:00,3280718.4732221467
2026-04-27 18:00:00,3280718.4732221467
2026-04-27 18:15:00,3280718.4732221467
2026-04-27 18:30:00,3280718.4732221467
2026-04-27 18:45:00,3280718.4732221467
2026-04-27 19:00:00,3280718.4732221467
2026-04-27 19:15:00,3280718.4732221467
2026-04-27 19:30:00,3280718.4732221467
2026-04-27 19:45:00,3280718.4732221467
2026-04-27 20:00:00,3280718.4732221467
2026-04-27 20:15:00,3280718.4732221467
2026-04-27 20:30:00,3280718.4732221467
2026-04-27 20:45:00,3280718.4732221467
2026-04-27 21:00:00,3280718.4732221467
2026-04-27 21:15:00,3280718.4732221467
2026-04-27 21:30:00,3280718.4732221467
2026-04-27 21:45:00,3280718.4732221467
2026-04-27 22:00:00,3280718.4732221467
2026-04-27 22:15:00,3280718.4732221467
2026-04-27 22:30:00,3280718.4732221467
2026-04-27 22:45:00,3280718.4732221467
2026-04-27 23:00:00,3280718.4732221467
2026-04-27 23:15:00,3280718.4732221467
2026-04-27 23:30:00,3280718.4732221467
2026-04-27 23:45:00,3280718.4732221467
2026-04-28 00:00:00,3280718.4732221467
2026-04-28 00:15:00,3280718.4732221467
2026-04-28 00:30:00,3280718.4732221467
2026-04-28 00:45:00,3280718.4732221467
2026-04-28 01:00:00,3280718.4732221467
2026-04-28 01:15:00,3280718.4732221467
2026-04-28 01:30:00,3280718.4732221467
2026-04-28 01:45:00,3280718.4732221467
2026-04-28 02:00:00,3280718.4732221467
2026-04-28 02:15:00,3280718.4732221467
2026-04-28 02:30:00,3280718.4732221467
2026-04-28 02:45:00,3280718.4732221467
2026-04-28 03:00:00,3280718.4732221467
2026-04-28 03:15:00,3280718.4732221467
2026-04-28 03:30:00,3280718.4732221467
2026-04-28 03:45:00,3280718.4732221467
2026-04-28 04:00:00,3280718.4732221467
2026-04-28 04:15:00,3280718.4732221467
2026-04-28 04:30:00,3280718.4732221467
2026-04-28 04:45:00,3280718.4732221467
2026-04-28 05:00:00,3280718.4732221467
2026-04-28 05:15:00,3280718.4732221467
2026-04-28 05:30:00,3280718.4732221467
2026-04-28 05:45:00,3280718.4732221467
2026-04-28 06:00:00,3280718.4732221467
2026-04-28 06:15:00,3280718.4732221467
2026-04-28 06:30:00,3280718.4732221467
2026-04-28 06:45:00,3280718.4732221467
2026-04-28 07:00:00,3280718.4732221467
2026-04-28 07:15:00,3280718.4732221467
2026-04-28 07:30:00,3280718.4732221467
2026-04-28 07:45:00,3280718.4732221467
2026-04-28 08:00:00,3280718.4732221467
2026-04-28 08:15:00,3280718.4732221467
2026-04-28 08:30:00,3280718.4732221467
2026-04-28 08:45:00,3280718.4732221467
2026-04-28 09:00:00,3280718.4732221467
2026-04-28 09:15:00,3280718.4732221467
2026-04-28 09:30:00,3280718.4732221467
2026-04-28 09:45:00,3280718.4732221467
2026-04-28 10:00:00,3280718.4732221467
2026-04-28 10:15:00,3280718.4732221467
2026-04-28 10:30:00,3280718.4732221467
2026-04-28 10:45:00,3280718.4732221467
2026-04-28 11:00:00,3280718.4732221467
2026-04-28 11:15:00,3280718.4732221467
2026-04-28 11:30:00,3280718.4732221467
2026-04-28 11:45:00,3280718.4732221467
2026-04-28 12:00:00,3280718.4732221467
2026-04-28 12:15:00,3280718.4732221467
2026-04-28 12:30:00,3280718.4732221467
2026-04-28 12:45:00,3280718.4732221467
2026-04-28 13:00:00,3280718.4732221467
2026-04-28 13:15:00,3280718.4732221467
2026-04-28 13:30:00,3280718.4732221467
2026-04-28 13:45:00,3280718.4732221467
2026-04-28 14:00:00,3280718.4732221467
2026-04-28 14:15:00,3280718.4732221467
2026-04-28 14:30:00,3280718.4732221467
2026-04-28 14:45:00,3280718.4732221467
2026-04-28 15:00:00,3280718.4732221467
2026-04-28 15:15:00,3280718.4732221467
2026-04-28 15:30:00,3280718.4732221467
2026-04-28 15:45:00,3280718.4732221467
2026-04-28 16:00:00,3280718.4732221467
2026-04-28 16:15:00,3280718.4732221467
2026-04-28 16:30:00,3280718.4732221467
2026-04-28 16:45:00,3280718.4732221467
2026-04-28 17:00:00,3280718.4732221467
2026-04-28 17:15:00,3280718.4732221467
2026-04-28 17:30:00,3280718.4732221467
2026-04-28 17:45:00,3280718.4732221467
2026-04-28 18:00:00,3280718.4732221467
2026-04-28 18:15:00,3280718.4732221467
2026-04-28 18:30:00,3280718.4732221467
2026-04-28 18:45:00,3280718.4732221467
2026-04-28 19:00:00,3280718.4732221467
2026-04-28 19:15:00,3280718.4732221467
2026-04-28 19:30:00,3280718.4732221467
2026-04-28 19:45:00,3280718.4732221467
2026-04-28 20:00:00,3280718.4732221467
2026-04-28 20:15:00,3280718.4732221467
2026-04-28 20:30:00,3280718.4732221467
2026-04-28 20:45:00,3280718.4732221467
2026-04-28 21:00:00,3280718.4732221467
2026-04-28 21:15:00,3280718.4732221467
2026-04-28 21:30:00,3280718.4732221467
2026-04-28 21:45:00,3280718.4732221467
2026-04-28 22:00:00,3280718.4732221467
2026-04-28 22:15:00,3280718.4732221467
2026-04-28 22:30:00,3280718.4732221467
2026-04-28 22:45:00,3280718.4732221467
2026-04-28 23:00:00,3280718.4732221467
2026-04-28 23:15:00,3280718.4732221467
2026-04-28 23:30:00,3280718.4732221467
2026-04-28 23:45:00,3280718.4732221467
2026-04-29 00:00:00,3280718.4732221467
2026-04-29 00:15:00,3280718.4732221467
2026-04-29 00:30:00,3280718.4732221467
2026-04-29 00:45:00,3280718.4732221467
2026-04-29 01:00:00,3280718.4732221467
2026-04-29 01:15:00,3280718.4732221467
2026-04-29 01:30:00,3280718.4732221467
2026-04-29 01:45:00,3280718.4732221467
2026-04-29 02:00:00,3280718.4732221467
2026-04-29 02:15:00,3280718.4732221467
2026-04-29 02:30:00,3280718.4732221467
2026-04-29 02:45:00,3280718.4732221467
2026-04-29 03:00:00,3280718.4732221467
2026-04-29 03:15:00,3280718.4732221467
2026-04-29 03:30:00,3280718.4732221467
2026-04-29 03:45:00,3280718.4732221467
2026-04-29 04:00:00,3280718.4732221467
2026-04-29 04:15:00,3280718.4732221467
2026-04-29 04:30:00,3280718.4732221467
2026-04-29 04:45:00,3280718.4732221467
2026-04-29 05:00:00,3280718.4732221467
2026-04-29 05:15:00,3280718.4732221467
2026-04-29 05:30:00,3280718.4732221467
2026-04-29 05:45:00,3280718.4732221467
2026-04-29 06:00:00,3280718.4732221467
2026-04-29 06:15:00,3280718.4732221467
2026-04-29 06:30:00,3280718.4732221467
2026-04-29 06:45:00,3280718.4732221467
2026-04-29 07:00:00,3280718.4732221467
2026-04-29 07:15:00,3280718.4732221467
2026-04-29 07:30:00,3280718.4732221467
2026-04-29 07:45:00,3280718.4732221467
2026-04-29 08:00:00,3280718.4732221467
2026-04-29 08:15:00,3280718.4732221467
2026-04-29 08:30:00,3280718.4732221467
2026-04-29 08:45:00,3280718.4732221467
2026-04-29 09:00:00,3280718.4732221467
2026-04-29 09:15:00,3280718.4732221467
2026-04-29 09:30:00,3280718.4732221467
2026-04-29 09:45:00,3280718.4732221467
2026-04-29 10:00:00,3280718.4732221467
2026-04-29 10:15:00,3280718.4732221467
2026-04-29 10:30:00,3280718.4732221467
2026-04-29 10:45:00,3280718.4732221467
2026-04-29 11:00:00,3280718.4732221467
2026-04-29 11:15:00,3280718.4732221467
2026-04-29 11:30:00,3280718.4732221467
2026-04-29 11:45:00,3280718.4732221467
2026-04-29 12:00:00,3280718.4732221467
2026-04-29 12:15:00,3280718.4732221467
2026-04-29 12:30:00,3280718.4732221467
2026-04-29 12:45:00,3280718.4732221467
2026-04-29 13:00:00,3280718.4732221467
2026-04-29 13:15:00,3280718.4732221467
2026-04-29 13:30:00,3280718.4732221467
2026-04-29 13:45:00,3280718.4732221467
2026-04-29 14:00:00,3280718.4732221467
2026-04-29 14:15:00,3280718.4732221467
2026-04-29 14:30:00,3280718.4732221467
2026-04-29 14:45:00,3280718.4732221467
2026-04-29 15:00:00,3280718.4732221467
2026-04-29 15:15:00,3280718.4732221467
2026-04-29 15:30:00,3280718.4732221467
2026-04-29 15:45:00,3280718.4732221467
2026-04-29 16:00:00,3280718.4732221467
2026-04-29 16:15:00,3280718.4732221467
2026-04-29 16:30:00,3280718.4732221467
2026-04-29 16:45:00,3280718.4732221467
2026-04-29 17:00:00,3280718.4732221467
2026-04-29 17:15:00,3280718.4732221467
2026-04-29 17:30:00,3280718.4732221467
2026-04-29 17:45:00,3280718.4732221467
2026-04-29 18:00:00,3280718.4732221467
2026-04-29 18:15:00,3280718.4732221467
2026-04-29 18:30:00,3280718.4732221467
2026-04-29 18:45:00,3280718.4732221467
2026-04-29 19:00:00,3280718.4732221467
2026-04-29 19:15:00,3280718.4732221467
2026-04-29 19:30:00,3280718.4732221467
2026-04-29 19:45:00,3280718.4732221467
2026-04-29 20:00:00,3280718.4732221467
2026-04-29 20:15:00,3280718.4732221467
2026-04-29 20:30:00,3280718.4732221467
2026-04-29 20:45:00,3280718.4732221467
2026-04-29 21:00:00,3280718.4732221467
2026-04-29 21:15:00,3280718.4732221467
2026-04-29 21:30:00,3280718.4732221467
2026-04-29 21:45:00,3280718.4732221467
2026-04-29 22:00:00,3280718.4732221467
2026-04-29 22:15:00,3280718.4732221467
2026-04-29 22:30:00,3280718.4732221467
2026-04-29 22:45:00,3280718.4732221467
2026-04-29 23:00:00,3280718.4732221467
2026-04-29 23:15:00,3280718.4732221467
2026-04-29 23:30:00,3280718.4732221467
2026-04-29 23:45:00,3280718.4732221467
2026-04-30 00:00:00,3280718.4732221467
2026-04-30 00:15:00,3280718.4732221467
2026-04-30 00:30:00,3280718.4732221467
2026-04-30 00:45:00,3280718.4732221467
2026-04-30 01:00:00,3280718.4732221467
2026-04-30 01:15:00,3280718.4732221467
2026-04-30 01:30:00,3280718.4732221467
2026-04-30 01:45:00,3280718.4732221467
2026-04-30 02:00:00,3280718.4732221467
2026-04-30 02:15:00,3280718.4732221467
2026-04-30 02:30:00,3280718.4732221467
2026-04-30 02:45:00,3280718.4732221467
2026-04-30 03:00:00,3280718.4732221467
2026-04-30 03:15:00,3280718.4732221467
2026-04-30 03:30:00,3280718.4732221467
2026-04-30 03:45:00,3280718.4732221467
2026-04-30 04:00:00,3280718.4732221467
2026-04-30 04:15:00,3280718.4732221467
2026-04-30 04:30:00,3280718.4732221467
2026-04-30 04:45:00,3280718.4732221467
2026-04-30 05:00:00,3280718.4732221467
2026-04-30 05:15:00,3280718.4732221467
2026-04-30 05:30:00,3280718.4732221467
2026-04-30 05:45:00,3280718.4732221467
2026-04-30 06:00:00,3280718.4732221467
2026-04-30 06:15:00,3280718.4732221467
2026-04-30 06:30:00,3280718.4732221467
2026-04-30 06:45:00,3280718.4732221467
2026-04-30 07:00:00,3280718.4732221467
2026-04-30 07:15:00,3280718.4732221467
2026-04-30 07:30:00,3280718.4732221467
2026-04-30 07:45:00,3280718.4732221467
2026-04-30 08:00:00,3280718.4732221467
2026-04-30 08:15:00,3280718.4732221467
2026-04-30 08:30:00,3280718.4732221467
2026-04-30 08:45:00,3280718.4732221467
2026-04-30 09:00:00,3280718.4732221467
2026-04-30 09:15:00,3280718.4732221467
2026-04-30 09:30:00,3280718.4732221467
2026-04-30 09:45:00,3280718.4732221467
2026-04-30 10:00:00,3280718.4732221467
2026-04-30 10:15:00,3280718.4732221467
2026-04-30 10:30:00,3280718.4732221467
2026-04-30 10:45:00,3280718.4732221467
2026-04-30 11:00:00,3280718.4732221467
2026-04-30 11:15:00,3280718.4732221467
2026-04-30 11:30:00,3280718.4732221467
2026-04-30 11:45:00,3280718.4732221467
2026-04-30 12:00:00,3280718.4732221467
2026-04-30 12:15:00,3280718.4732221467
2026-04-30 12:30:00,3280718.4732221467
2026-04-30 12:45:00,3280718.4732221467
2026-04-30 13:00:00,3280718.4732221467
2026-04-30 13:15:00,3280718.4732221467
2026-04-30 13:30:00,3280718.4732221467
2026-04-30 13:45:00,3280718.4732221467
2026-04-30 14:00:00,3280718.4732221467
2026-04-30 14:15:00,3280718.4732221467
2026-04-30 14:30:00,3280718.4732221467
2026-04-30 14:45:00,3280718.4732221467
2026-04-30 15:00:00,3280718.4732221467
2026-04-30 15:15:00,3280718.4732221467
2026-04-30 15:30:00,3280718.4732221467
2026-04-30 15:45:00,3280718.4732221467
2026-04-30 16:00:00,3280718.4732221467
2026-04-30 16:15:00,3280718.4732221467
2026-04-30 16:30:00,3280718.4732221467
2026-04-30 16:45:00,3280718.4732221467
2026-04-30 17:00:00,3280718.4732221467
2026-04-30 17:15:00,3280718.4732221467
2026-04-30 17:30:00,3280718.4732221467
2026-04-30 17:45:00,3280718.4732221467
2026-04-30 18:00:00,3280718.4732221467
2026-04-30 18:15:00,3280718.4732221467
2026-04-30 18:30:00,3280718.4732221467
2026-04-30 18:45:00,3280718.4732221467
2026-04-30 19:00:00,3280718.4732221467
2026-04-30 19:15:00,3280718.4732221467
2026-04-30 19:30:00,3280718.4732221467
2026-04-30 19:45:00,3280718.4732221467
2026-04-30 20:00:00,3280718.4732221467
2026-04-30 20:15:00,3280718.4732221467
2026-04-30 20:30:00,3280718.4732221467
2026-04-30 20:45:00,3280718.4732221467
2026-04-30 21:00:00,3280718.4732221467
2026-04-30 21:15:00,3280718.4732221467
2026-04-30 21:30:00,3280718.4732221467
2026-04-30 21:45:00,3280718.4732221467
2026-04-30 22:00:00,3280718.4732221467
2026-04-30 22:15:00,3280718.4732221467
2026-04-30 22:30:00,3280718.4732221467
2026-04-30 22:45:00,3280718.4732221467
2026-04-30 23:00:00,3280718.4732221467
2026-04-30 23:15:00,3280718.4732221467
2026-04-30 23:30:00,3280718.4732221467
2026-04-30 23:45:00,3280718.4732221467
2026-05-01 00:00:00,3280718.4732221467
2026-05-01 00:15:00,3280718.4732221467
2026-05-01 00:30:00,3280718.4732221467
2026-05-01 00:45:00,3280718.4732221467
2026-05-01 01:00:00,3280718.4732221467
2026-05-01 01:15:00,3280718.4732221467
2026-05-01 01:30:00,3280718.4732221467
2026-05-01 01:45:00,3280718.4732221467
2026-05-01 02:00:00,3280718.4732221467
2026-05-01 02:15:00,3280718.4732221467
2026-05-01 02:30:00,3280718.4732221467
2026-05-01 02:45:00,3280718.4732221467
2026-05-01 03:00:00,3280718.4732221467
2026-05-01 03:15:00,3280718.4732221467
2026-05-01 03:30:00,3280718.4732221467
2026-05-01 03:45:00,3280718.4732221467
2026-05-01 04:00:00,3280718.4732221467
2026-05-01 04:15:00,3280718.4732221467
2026-05-01 04:30:00,3280718.4732221467
2026-05-01 04:45:00,3280718.4732221467
2026-05-01 05:00:00,3280718.4732221467
2026-05-01 05:15:00,3280718.4732221467
2026-05-01 05:30:00,3280718.4732221467
2026-05-01 05:45:00,3280718.4732221467
2026-05-01 06:00:00,3280718.4732221467
2026-05-01 06:15:00,3280718.4732221467
2026-05-01 06:30:00,3280718.4732221467
2026-05-01 06:45:00,3280718.4732221467
2026-05-01 07:00:00,3280718.4732221467
2026-05-01 07:15:00,3280718.4732221467
2026-05-01 07:30:00,3280718.4732221467
2026-05-01 07:45:00,3280718.4732221467
2026-05-01 08:00:00,3280718.4732221467
2026-05-01 08:15:00,3280718.4732221467
2026-05-01 08:30:00,3280718.4732221467
2026-05-01 08:45:00,3280718.4732221467
2026-05-01 09:00:00,3280718.4732221467
2026-05-01 09:15:00,3280718.4732221467
2026-05-01 09:30:00,3280718.4732221467
2026-05-01 09:45:00,3280718.4732221467
2026-05-01 10:00:00,3280718.4732221467
2026-05-01 10:15:00,3280718.4732221467
2026-05-01 10:30:00,3280718.4732221467
2026-05-01 10:45:00,3280718.4732221467
2026-05-01 11:00:00,3280718.4732221467
2026-05-01 11:15:00,3280718.4732221467
2026-05-01 11:30:00,3280718.4732221467
2026-05-01 11:45:00,3280718.4732221467
2026-05-01 12:00:00,3280718.4732221467
2026-05-01 12:15:00,3280718.4732221467
2026-05-01 12:30:00,3280718.4732221467
2026-05-01 12:45:00,3280718.4732221467
2026-05-01 13:00:00,3280718.4732221467
2026-05-01 13:15:00,3280718.4732221467
2026-05-01 13:30:00,3280718.4732221467
2026-05-01 13:45:00,3280718.4732221467
2026-05-01 14:00:00,3280718.4732221467
2026-05-01 14:15:00,3280718.4732221467
2026-05-01 14:30:00,3280718.4732221467
2026-05-01 14:45:00,3280718.4732221467
2026-05-01 15:00:00,3280718.4732221467
2026-05-01 15:15:00,3280718.4732221467
2026-05-01 15:30:00,3280718.4732221467
2026-05-01 15:45:00,3280718.4732221467
2026-05-01 16:00:00,3280718.4732221467
2026-05-01 16:15:00,3280718.4732221467
2026-05-01 16:30:00,3280718.4732221467
2026-05-01 16:45:00,3280718.4732221467
2026-05-01 17:00:00,3280718.4732221467
2026-05-01 17:15:00,3280718.4732221467
2026-05-01 17:30:00,3280718.4732221467
2026-05-01 17:45:00,3280718.4732221467
2026-05-01 18:00:00,3280718.4732221467
2026-05-01 18:15:00,3280718.4732221467
2026-05-01 18:30:00,3280718.4732221467
2026-05-01 18:45:00,3280718.4732221467
2026-05-01 19:00:00,3280718.4732221467
2026-05-01 19:15:00,3280718.4732221467
2026-05-01 19:30:00,3280718.4732221467
2026-05-01 19:45:00,3280718.4732221467
2026-05-01 20:00:00,3280718.4732221467
2026-05-01 20:15:00,3280718.4732221467
2026-05-01 20:30:00,3280718.4732221467
2026-05-01 20:45:00,3280718.4732221467
2026-05-01 21:00:00,3280718.4732221467
2026-05-01 21:15:00,3280718.4732221467
2026-05-01 21:30:00,3280718.4732221467
2026-05-01 21:45:00,3280718.4732221467
2026-05-01 22:00:00,3280718.4732221467
2026-05-01 22:15:00,3280718.4732221467
2026-05-01 22:30:00,3280718.4732221467
2026-05-01 22:45:00,3280718.4732221467
2026-05-01 23:00:00,3280718.4732221467
2026-05-01 23:15:00,3280718.4732221467
2026-05-01 23:30:00,3280718.4732221467
2026-05-01 23:45:00,3280718.4732221467
2026-05-02 01:00:00,3280718.4732221467
2026-05-02 01:15:00,3280718.4732221467
2026-05-02 01:30:00,3280718.4732221467
2026-05-02 01:45:00,3280718.4732221467
2026-05-02 02:00:00,3280718.4732221467
2026-05-02 02:15:00,3280718.4732221467
2026-05-02 02:30:00,3280718.4732221467
2026-05-02 02:45:00,3280718.4732221467
2026-05-02 03:00:00,3280718.4732221467
2026-05-02 03:15:00,3280718.4732221467
2026-05-02 03:30:00,3280718.4732221467
2026-05-02 03:45:00,3280718.4732221467
2026-05-02 04:00:00,3280718.4732221467
2026-05-02 04:15:00,3280718.4732221467
2026-05-02 04:30:00,3280718.4732221467
2026-05-02 04:45:00,3280718.4732221467
2026-05-02 05:00:00,3280718.4732221467
2026-05-02 05:15:00,3280718.4732221467
2026-05-02 05:30:00,3280718.4732221467
2026-05-02 05:45:00,3280718.4732221467
2026-05-02 06:00:00,3280718.4732221467
2026-05-02 06:15:00,3280718.4732221467
2026-05-02 06:30:00,3280718.4732221467
2026-05-02 06:45:00,3280718.4732221467
2026-05-02 07:00:00,3280718.4732221467
2026-05-02 07:15:00,3280718.4732221467
2026-05-02 07:30:00,3280718.4732221467
2026-05-02 07:45:00,3280718.4732221467
2026-05-02 08:00:00,3280718.4732221467
2026-05-02 08:15:00,3280718.4732221467
2026-05-02 08:30:00,3280718.4732221467
2026-05-02 08:45:00,3280718.4732221467
2026-05-02 09:00:00,3280718.4732221467
2026-05-02 09:15:00,3280718.4732221467
2026-05-02 09:30:00,3280718.4732221467
2026-05-02 09:45:00,3280718.4732221467
2026-05-02 10:00:00,3280718.4732221467
2026-05-02 10:15:00,3280718.4732221467
2026-05-02 10:30:00,3280718.4732221467
2026-05-02 10:45:00,3280718.4732221467
2026-05-02 11:00:00,3280718.4732221467
2026-05-02 11:15:00,3280718.4732221467
2026-05-02 11:30:00,3280718.4732221467
2026-05-02 11:45:00,3280718.4732221467
2026-05-02 12:00:00,3280718.4732221467
2026-05-02 12:15:00,3280718.4732221467
2026-05-02 12:30:00,3280718.4732221467
2026-05-02 12:45:00,3280718.4732221467
2026-05-02 13:00:00,3280718.4732221467
2026-05-02 13:15:00,3280718.4732221467
2026-05-02 13:30:00,3280718.4732221467
2026-05-02 13:45:00,3280718.4732221467
2026-05-02 14:00:00,3280718.4732221467
2026-05-02 14:15:00,3280718.4732221467
2026-05-02 14:30:00,3280718.4732221467
2026-05-02 14:45:00,3280718.4732221467
2026-05-02 15:00:00,3280718.4732221467
2026-05-02 15:15:00,3280718.4732221467
2026-05-02 15:30:00,3280718.4732221467
2026-05-02 15:45:00,3280718.4732221467
2026-05-02 16:00:00,3280718.4732221467
2026-05-02 16:15:00,3280718.4732221467
2026-05-02 16:30:00,3280718.4732221467
2026-05-02 16:45:00,3280718.4732221467
2026-05-02 17:00:00,3280718.4732221467
2026-05-02 17:15:00,3280718.4732221467
2026-05-02 17:30:00,3280718.4732221467
2026-05-02 17:45:00,3280718.4732221467
2026-05-02 18:00:00,3280718.4732221467
2026-05-02 18:15:00,3280718.4732221467
2026-05-02 18:30:00,3280718.4732221467
2026-05-02 18:45:00,3280718.4732221467
2026-05-02 19:00:00,3280718.4732221467
2026-05-02 19:15:00,3280718.4732221467
2026-05-02 19:30:00,3280718.4732221467
2026-05-02 19:45:00,3280718.4732221467
2026-05-02 20:00:00,3280718.4732221467
2026-05-02 20:15:00,3280718.4732221467
2026-05-02 20:30:00,3280718.4732221467
2026-05-02 20:45:00,3280718.4732221467
2026-05-02 21:00:00,3280718.4732221467
2026-05-02 21:15:00,3280718.4732221467
2026-05-02 21:30:00,3280718.4732221467
2026-05-02 21:45:00,3280718.4732221467
2026-05-02 22:00:00,3280718.4732221467
2026-05-02 22:15:00,3280718.4732221467
2026-05-02 22:30:00,3280718.4732221467
2026-05-02 22:45:00,3280718.4732221467
2026-05-02 23:00:00,3280718.4732221467
2026-05-02 23:15:00,3280718.4732221467
2026-05-02 23:30:00,3280718.4732221467
2026-05-02 23:45:00,3280718.4732221467
2026-05-03 00:00:00,3280718.4732221467
2026-05-03 00:15:00,3280718.4732221467
2026-05-03 00:30:00,3280718.4732221467
2026-05-03 00:45:00,3280718.4732221467
2026-05-03 01:00:00,3280718.4732221467
2026-05-03 01:15:00,3280718.4732221467
2026-05-03 01:30:00,3280718.4732221467
2026-05-03 01:45:00,3280718.4732221467
2026-05-03 02:00:00,3280718.4732221467
2026-05-03 02:15:00,3280718.4732221467
2026-05-03 02:30:00,3280718.4732221467
2026-05-03 02:45:00,3280718.4732221467
2026-05-03 03:00:00,3280718.4732221467
2026-05-03 03:15:00,3280718.4732221467
2026-05-03 03:30:00,3280718.4732221467
2026-05-03 03:45:00,3280718.4732221467
2026-05-03 04:00:00,3280718.4732221467
2026-05-03 04:15:00,3280718.4732221467
2026-05-03 04:30:00,3280718.4732221467
2026-05-03 04:45:00,3280718.4732221467
2026-05-03 05:00:00,3280718.4732221467
2026-05-03 05:15:00,3280718.4732221467
2026-05-03 05:30:00,3280718.4732221467
2026-05-03 05:45:00,3280718.4732221467
2026-05-03 06:00:00,3280718.4732221467
2026-05-03 06:15:00,3280718.4732221467
2026-05-03 06:30:00,3280718.4732221467
2026-05-03 06:45:00,3280718.4732221467
2026-05-03 07:00:00,3280718.4732221467
2026-05-03 07:15:00,3280718.4732221467
2026-05-03 07:30:00,3280718.4732221467
2026-05-03 07:45:00,3280718.4732221467
2026-05-03 08:00:00,3280718.4732221467
2026-05-03 08:15:00,3280718.4732221467
2026-05-03 08:30:00,3280718.4732221467
2026-05-03 08:45:00,3280718.4732221467
2026-05-03 09:00:00,3280718.4732221467
2026-05-03 09:15:00,3280718.4732221467
2026-05-03 09:30:00,3280718.4732221467
2026-05-03 09:45:00,3280718.4732221467
2026-05-03 10:00:00,3280718.4732221467
2026-05-03 10:15:00,3280718.4732221467
2026-05-03 10:30:00,3280718.4732221467
2026-05-03 10:45:00,3280718.4732221467
2026-05-03 11:00:00,3280718.4732221467
2026-05-03 11:15:00,3280718.4732221467
2026-05-03 11:30:00,3280718.4732221467
2026-05-03 11:45:00,3280718.4732221467
2026-05-03 12:00:00,3280718.4732221467
2026-05-03 12:15:00,3280718.4732221467
2026-05-03 12:30:00,3280718.4732221467
2026-05-03 12:45:00,3280718.4732221467
2026-05-03 13:00:00,3280718.4732221467
2026-05-03 13:15:00,3280718.4732221467
2026-05-03 13:30:00,3280718.4732221467
2026-05-03 13:45:00,3280718.4732221467
2026-05-03 14:00:00,3280718.4732221467
2026-05-03 14:15:00,3280718.4732221467
2026-05-03 14:30:00,3280718.4732221467
2026-05-03 14:45:00,3280718.4732221467
2026-05-03 15:00:00,3280718.4732221467
2026-05-03 15:15:00,3280718.4732221467
2026-05-03 15:30:00,3280718.4732221467
2026-05-03 15:45:00,3280718.4732221467
2026-05-03 16:00:00,3280718.4732221467
2026-05-03 16:15:00,3280718.4732221467
2026-05-03 16:30:00,3280718.4732221467
2026-05-03 16:45:00,3280718.4732221467
2026-05-03 17:00:00,3280718.4732221467
2026-05-03 17:15:00,3280718.4732221467
2026-05-03 17:30:00,3280718.4732221467
2026-05-03 17:45:00,3280718.4732221467
2026-05-03 18:00:00,3280718.4732221467
2026-05-03 18:15:00,3280718.4732221467
2026-05-03 18:30:00,3280718.4732221467
2026-05-03 18:45:00,3280718.4732221467
2026-05-03 19:00:00,3280718.4732221467
2026-05-03 19:15:00,3280718.4732221467
2026-05-03 19:30:00,3280718.4732221467
2026-05-03 19:45:00,3280718.4732221467
2026-05-03 20:00:00,3280718.4732221467
2026-05-03 20:15:00,3280718.4732221467
2026-05-03 20:30:00,3280718.4732221467
2026-05-03 20:45:00,3280718.4732221467
2026-05-03 21:00:00,3280718.4732221467
2026-05-03 21:15:00,3280718.4732221467
2026-05-03 21:30:00,3280718.4732221467
2026-05-03 21:45:00,3280718.4732221467
2026-05-03 22:00:00,3280718.4732221467
2026-05-03 22:15:00,3280718.4732221467
2026-05-03 22:30:00,3280718.4732221467
2026-05-03 22:45:00,3280718.4732221467
2026-05-03 23:00:00,3280718.4732221467
2026-05-03 23:15:00,3280718.4732221467
2026-05-03 23:30:00,3280718.4732221467
2026-05-03 23:45:00,3280718.4732221467
2026-05-04 00:00:00,3280718.4732221467
2026-05-04 00:15:00,3280718.4732221467
2026-05-04 00:30:00,3280718.4732221467
2026-05-04 00:45:00,3280718.4732221467
2026-05-04 01:00:00,3280718.4732221467
2026-05-04 01:15:00,3280718.4732221467
2026-05-04 01:30:00,3280718.4732221467
2026-05-04 01:45:00,3280718.4732221467
2026-05-04 02:00:00,3280718.4732221467
2026-05-04 02:15:00,3280718.4732221467
2026-05-04 02:30:00,3280718.4732221467
2026-05-04 02:45:00,3280718.4732221467
2026-05-04 03:00:00,3280718.4732221467
2026-05-04 03:15:00,3280718.4732221467
2026-05-04 03:30:00,3280718.4732221467
2026-05-04 03:45:00,3280718.4732221467
2026-05-04 04:00:00,3280718.4732221467
2026-05-04 04:15:00,3280718.4732221467
2026-05-04 04:30:00,3280718.4732221467
2026-05-04 04:45:00,3280718.4732221467
2026-05-04 05:00:00,3280718.4732221467
2026-05-04 05:15:00,3280718.4732221467
2026-05-04 05:30:00,3280718.4732221467
2026-05-04 05:45:00,3280718.4732221467
2026-05-04 06:00:00,3280718.4732221467
2026-05-04 06:15:00,3280718.4732221467
2026-05-04 06:30:00,3280718.4732221467
2026-05-04 06:45:00,3280718.4732221467
2026-05-04 07:00:00,3280718.4732221467
2026-05-04 07:15:00,3280718.4732221467
2026-05-04 07:30:00,3280718.4732221467
2026-05-04 07:45:00,3280718.4732221467
2026-05-04 08:00:00,3280718.4732221467
2026-05-04 08:15:00,3280718.4732221467
2026-05-04 08:30:00,3280718.4732221467
2026-05-04 08:45:00,3280718.4732221467
2026-05-04 09:00:00,3280718.4732221467
2026-05-04 09:15:00,3280718.4732221467
2026-05-04 09:30:00,3280718.4732221467
2026-05-04 09:45:00,3280718.4732221467
2026-05-04 10:00:00,3280718.4732221467
2026-05-04 10:15:00,3280718.4732221467
2026-05-04 10:30:00,3280718.4732221467
2026-05-04 10:45:00,3280718.4732221467
2026-05-04 11:00:00,3280718.4732221467
2026-05-04 11:15:00,3280718.4732221467
2026-05-04 11:30:00,3280718.4732221467
2026-05-04 11:45:00,3280718.4732221467
2026-05-04 12:00:00,3280718.4732221467
2026-05-04 12:15:00,3280718.4732221467
2026-05-04 12:30:00,3280718.4732221467
2026-05-04 12:45:00,3280718.4732221467
2026-05-04 13:00:00,3280718.4732221467
2026-05-04 13:15:00,3280718.4732221467
2026-05-04 13:30:00,3280718.4732221467
2026-05-04 13:45:00,3280718.4732221467
2026-05-04 14:00:00,3280718.4732221467
2026-05-04 14:15:00,3280718.4732221467
2026-05-04 14:30:00,3280718.4732221467
2026-05-04 14:45:00,3280718.4732221467
2026-05-04 15:00:00,3280718.4732221467
2026-05-04 15:15:00,3280718.4732221467
2026-05-04 15:30:00,3280718.4732221467
2026-05-04 15:45:00,3280718.4732221467
2026-05-04 16:00:00,3280718.4732221467
2026-05-04 16:15:00,3280718.4732221467
2026-05-04 16:30:00,3280718.4732221467
2026-05-04 16:45:00,3280718.4732221467
2026-05-04 17:00:00,3280718.4732221467
2026-05-04 17:15:00,3280718.4732221467
2026-05-04 17:30:00,3280718.4732221467
2026-05-04 17:45:00,3280718.4732221467
2026-05-04 18:00:00,3280718.4732221467
2026-05-04 18:15:00,3280718.4732221467
2026-05-04 18:30:00,3280718.4732221467
2026-05-04 18:45:00,3280718.4732221467
2026-05-04 19:00:00,3280718.4732221467
2026-05-04 19:15:00,3280718.4732221467
2026-05-04 19:30:00,3280718.4732221467
2026-05-04 19:45:00,3280718.4732221467
2026-05-04 20:00:00,3280718.4732221467
2026-05-04 20:15:00,3280718.4732221467
2026-05-04 20:30:00,3280718.4732221467
2026-05-04 20:45:00,3280718.4732221467
2026-05-04 21:00:00,3280718.4732221467
2026-05-04 21:15:00,3280718.4732221467
2026-05-04 21:30:00,3280718.4732221467
2026-05-04 21:45:00,3280718.4732221467
2026-05-04 22:00:00,3280718.4732221467
2026-05-04 22:15:00,3280718.4732221467
2026-05-04 22:30:00,3280718.4732221467
2026-05-04 22:45:00,3280718.4732221467
2026-05-04 23:00:00,3280718.4732221467
2026-05-04 23:15:00,3280718.4732221467
2026-05-04 23:30:00,3280718.4732221467
2026-05-04 23:45:00,3280718.4732221467
2026-05-05 00:00:00,3280718.4732221467
2026-05-05 00:15:00,3280718.4732221467
2026-05-05 00:30:00,3280718.4732221467
2026-05-05 00:45:00,3280718.4732221467
2026-05-05 01:00:00,3280718.4732221467
2026-05-05 01:15:00,3280718.4732221467
2026-05-05 01:30:00,3280718.4732221467
2026-05-05 01:45:00,3280718.4732221467
2026-05-05 02:00:00,3280718.4732221467
2026-05-05 02:15:00,3280718.4732221467
2026-05-05 02:30:00,3280718.4732221467
2026-05-05 02:45:00,3280718.4732221467
2026-05-05 03:00:00,3280718.4732221467
2026-05-05 03:15:00,3280718.4732221467
2026-05-05 03:30:00,3280718.4732221467
2026-05-05 03:45:00,3280718.4732221467
2026-05-05 04:00:00,3280718.4732221467
2026-05-05 04:15:00,3280718.4732221467
2026-05-05 04:30:00,3280718.4732221467
2026-05-05 04:45:00,3280718.4732221467
2026-05-05 05:00:00,3280718.4732221467
2026-05-05 05:15:00,3280718.4732221467
2026-05-05 05:30:00,3280718.4732221467
2026-05-05 05:45:00,3280718.4732221467
2026-05-05 06:00:00,3280718.4732221467
2026-05-05 06:15:00,3280718.4732221467
2026-05-05 06:30:00,3280718.4732221467
2026-05-05 06:45:00,3280718.4732221467
2026-05-05 07:00:00,3280718.4732221467
2026-05-05 07:15:00,3280718.4732221467
2026-05-05 07:30:00,3280718.4732221467
2026-05-05 07:45:00,3280718.4732221467
2026-05-05 08:00:00,3280718.4732221467
2026-05-05 08:15:00,3280718.4732221467
2026-05-05 08:30:00,3280718.4732221467
2026-05-05 08:45:00,3280718.4732221467
2026-05-05 09:00:00,3280718.4732221467
2026-05-05 09:15:00,3280718.4732221467
2026-05-05 09:30:00,3280718.4732221467
2026-05-05 09:45:00,3280718.4732221467
2026-05-05 10:00:00,3280718.4732221467
2026-05-05 10:15:00,3280718.4732221467
2026-05-05 10:30:00,3280718.4732221467
2026-05-05 10:45:00,3280718.4732221467
2026-05-05 11:00:00,3280718.4732221467
2026-05-05 11:15:00,3280718.4732221467
2026-05-05 11:30:00,3280718.4732221467
2026-05-05 11:45:00,3280718.4732221467
2026-05-05 12:00:00,3280718.4732221467
2026-05-05 12:15:00,3280718.4732221467
2026-05-05 12:30:00,3280718.4732221467
2026-05-05 12:45:00,3280718.4732221467
2026-05-05 13:00:00,3280718.4732221467
2026-05-05 13:15:00,3280718.4732221467
2026-05-05 13:30:00,3280718.4732221467
2026-05-05 13:45:00,3280718.4732221467
2026-05-05 14:00:00,3280718.4732221467
2026-05-05 14:15:00,3280718.4732221467
2026-05-05 14:30:00,3280718.4732221467
2026-05-05 14:45:00,3280718.4732221467
2026-05-05 15:00:00,3280718.4732221467
2026-05-05 15:15:00,3280718.4732221467
2026-05-05 15:30:00,3280718.4732221467
2026-05-05 15:45:00,3280718.4732221467
2026-05-05 16:00:00,3280718.4732221467
2026-05-05 16:15:00,3280718.4732221467
2026-05-05 16:30:00,3280718.4732221467
2026-05-05 16:45:00,3280718.4732221467
2026-05-05 17:00:00,3280718.4732221467
2026-05-05 17:15:00,3280718.4732221467
2026-05-05 17:30:00,3280718.4732221467
2026-05-05 17:45:00,3280718.4732221467
2026-05-05 18:00:00,3280718.4732221467
2026-05-05 18:15:00,3280718.4732221467
2026-05-05 18:30:00,3280718.4732221467
2026-05-05 18:45:00,3280718.4732221467
2026-05-05 19:00:00,3280718.4732221467
2026-05-05 19:15:00,3280718.4732221467
2026-05-05 19:30:00,3280718.4732221467
2026-05-05 19:45:00,3280718.4732221467
2026-05-05 20:00:00,3280718.4732221467
2026-05-05 20:15:00,3280718.4732221467
2026-05-05 20:30:00,3280718.4732221467
2026-05-05 20:45:00,3280718.4732221467
2026-05-05 21:00:00,3280718.4732221467
2026-05-05 21:15:00,3280718.4732221467
2026-05-05 21:30:00,3280718.4732221467
2026-05-05 21:45:00,3280718.4732221467
2026-05-05 22:00:00,3280718.4732221467
2026-05-05 22:15:00,3280718.4732221467
2026-05-05 22:30:00,3280718.4732221467
2026-05-05 22:45:00,3280718.4732221467
2026-05-05 23:00:00,3280718.4732221467
2026-05-05 23:15:00,3280718.4732221467
2026-05-05 23:30:00,3280718.4732221467
2026-05-05 23:45:00,3280718.4732221467
2026-05-06 00:00:00,3280718.4732221467
2026-05-06 00:15:00,3280718.4732221467
2026-05-06 00:30:00,3280718.4732221467
2026-05-06 00:45:00,3280718.4732221467
2026-05-06 01:00:00,3280718.4732221467
2026-05-06 01:15:00,3280718.4732221467
2026-05-06 01:30:00,3280718.4732221467
2026-05-06 01:45:00,3280718.4732221467
2026-05-06 02:00:00,3280718.4732221467
2026-05-06 02:15:00,3280718.4732221467
2026-05-06 02:30:00,3280718.4732221467
2026-05-06 02:45:00,3280718.4732221467
2026-05-06 03:00:00,3280718.4732221467
2026-05-06 03:15:00,3280718.4732221467
2026-05-06 03:30:00,3280718.4732221467
2026-05-06 03:45:00,3280718.4732221467
2026-05-06 04:00:00,3280718.4732221467
2026-05-06 04:15:00,3280718.4732221467
2026-05-06 04:30:00,3280718.4732221467
2026-05-06 04:45:00,3280718.4732221467
2026-05-06 05:00:00,3280718.4732221467
2026-05-06 05:15:00,3280718.4732221467
2026-05-06 05:30:00,3280718.4732221467
2026-05-06 05:45:00,3280718.4732221467
2026-05-06 06:00:00,3280718.4732221467
2026-05-06 06:15:00,3280718.4732221467
2026-05-06 06:30:00,3280718.4732221467
2026-05-06 06:45:00,3280718.4732221467
2026-05-06 07:00:00,3280718.4732221467
2026-05-06 07:15:00,3280718.4732221467
2026-05-06 07:30:00,3280718.4732221467
2026-05-06 07:45:00,3280718.4732221467
2026-05-06 08:00:00,3280718.4732221467
2026-05-06 08:15:00,3280718.4732221467
2026-05-06 08:30:00,3280718.4732221467
2026-05-06 08:45:00,3280718.4732221467
2026-05-06 09:00:00,3280718.4732221467
2026-05-06 09:15:00,3280718.4732221467
2026-05-06 09:30:00,3280718.4732221467
2026-05-06 09:45:00,3280718.4732221467
2026-05-06 10:00:00,3280718.4732221467
2026-05-06 10:15:00,3280718.4732221467
2026-05-06 10:30:00,3280718.4732221467
2026-05-06 10:45:00,3280718.4732221467
2026-05-06 11:00:00,3280718.4732221467
2026-05-06 11:15:00,3280718.4732221467
2026-05-06 11:30:00,3280718.4732221467
2026-05-06 11:45:00,3280718.4732221467
2026-05-06 12:00:00,3280718.4732221467
2026-05-06 12:15:00,3280718.4732221467
2026-05-06 12:30:00,3280718.4732221467
2026-05-06 12:45:00,3280718.4732221467
2026-05-06 13:00:00,3280718.4732221467
2026-05-06 13:15:00,3280718.4732221467
2026-05-06 13:30:00,3280718.4732221467
2026-05-06 13:45:00,3280718.4732221467
2026-05-06 14:00:00,3280718.4732221467
2026-05-06 14:15:00,3280718.4732221467
2026-05-06 14:30:00,3280718.4732221467
2026-05-06 14:45:00,3280718.4732221467
2026-05-06 15:00:00,3280718.4732221467
2026-05-06 15:15:00,3280718.4732221467
2026-05-06 15:30:00,3280718.4732221467
2026-05-06 15:45:00,3280718.4732221467
2026-05-06 16:00:00,3280718.4732221467
2026-05-06 16:15:00,3280718.4732221467
2026-05-06 16:30:00,3280718.4732221467
2026-05-06 16:45:00,3280718.4732221467
2026-05-06 17:00:00,3280718.4732221467
2026-05-06 17:15:00,3280718.4732221467
2026-05-06 17:30:00,3280718.4732221467
2026-05-06 17:45:00,3280718.4732221467
2026-05-06 18:00:00,3280718.4732221467
2026-05-06 18:15:00,3280718.4732221467
2026-05-06 18:30:00,3280718.4732221467
2026-05-06 18:45:00,3280718.4732221467
2026-05-06 19:00:00,3280718.4732221467
2026-05-06 19:15:00,3280718.4732221467
2026-05-06 19:30:00,3280718.4732221467
2026-05-06 19:45:00,3280718.4732221467
2026-05-06 20:00:00,3280718.4732221467
2026-05-06 20:15:00,3280718.4732221467
2026-05-06 20:30:00,3280718.4732221467
2026-05-06 20:45:00,3280718.4732221467
2026-05-06 21:00:00,3280718.4732221467
2026-05-06 21:15:00,3280718.4732221467
2026-05-06 21:30:00,3280718.4732221467
2026-05-06 21:45:00,3280718.4732221467
2026-05-06 22:00:00,3280718.4732221467
2026-05-06 22:15:00,3280718.4732221467
2026-05-06 22:30:00,3280718.4732221467
2026-05-06 22:45:00,3280718.4732221467
2026-05-06 23:00:00,3280718.4732221467
2026-05-06 23:15:00,3280718.4732221467
2026-05-06 23:30:00,3280718.4732221467
2026-05-06 23:45:00,3280718.4732221467
2026-05-07 00:00:00,3280718.4732221467
2026-05-07 00:15:00,3280718.4732221467
2026-05-07 00:30:00,3280718.4732221467
2026-05-07 00:45:00,3280718.4732221467
2026-05-07 01:00:00,3280718.4732221467
2026-05-07 01:15:00,3280718.4732221467
2026-05-07 01:30:00,3280718.4732221467
2026-05-07 01:45:00,3280718.4732221467
2026-05-07 02:00:00,3280718.4732221467
2026-05-07 02:15:00,3280718.4732221467
2026-05-07 02:30:00,3280718.4732221467
2026-05-07 02:45:00,3280718.4732221467
2026-05-07 03:00:00,3280718.4732221467
2026-05-07 03:15:00,3280718.4732221467
2026-05-07 03:30:00,3280718.4732221467
2026-05-07 03:45:00,3280718.4732221467
2026-05-07 04:00:00,3280718.4732221467
2026-05-07 04:15:00,3280718.4732221467
2026-05-07 04:30:00,3280718.4732221467
2026-05-07 04:45:00,3280718.4732221467
2026-05-07 05:00:00,3280718.4732221467
2026-05-07 05:15:00,3280718.4732221467
2026-05-07 05:30:00,3280718.4732221467
2026-05-07 05:45:00,3280718.4732221467
2026-05-07 06:00:00,3280718.4732221467
2026-05-07 06:15:00,3280718.4732221467
2026-05-07 06:30:00,3280718.4732221467
2026-05-07 06:45:00,3280718.4732221467
2026-05-07 07:00:00,3280718.4732221467
2026-05-07 07:15:00,3280718.4732221467
2026-05-07 07:30:00,3280718.4732221467
2026-05-07 07:45:00,3280718.4732221467
2026-05-07 08:00:00,3280718.4732221467
2026-05-07 08:15:00,3280718.4732221467
2026-05-07 08:30:00,3280718.4732221467
2026-05-07 08:45:00,3280718.4732221467
2026-05-07 09:00:00,3280718.4732221467
2026-05-07 09:15:00,3280718.4732221467
2026-05-07 09:30:00,3280718.4732221467
2026-05-07 09:45:00,3280718.4732221467
2026-05-07 10:00:00,3280718.4732221467
2026-05-07 10:15:00,3280718.4732221467
2026-05-07 10:30:00,3280718.4732221467
2026-05-07 10:45:00,3280718.4732221467
2026-05-07 11:00:00,3280718.4732221467
2026-05-07 11:15:00,3280718.4732221467
2026-05-07 11:30:00,3280718.4732221467
2026-05-07 11:45:00,3280718.4732221467
2026-05-07 12:00:00,3280718.4732221467
2026-05-07 12:15:00,3280718.4732221467
2026-05-07 12:30:00,3280718.4732221467
2026-05-07 12:45:00,3280718.4732221467
2026-05-07 13:00:00,3280718.4732221467
2026-05-07 13:15:00,3280718.4732221467
2026-05-07 13:30:00,3280718.4732221467
2026-05-07 13:45:00,3280718.4732221467
2026-05-07 14:00:00,3280718.4732221467
2026-05-07 14:15:00,3280718.4732221467
2026-05-07 14:30:00,3280718.4732221467
2026-05-07 14:45:00,3280718.4732221467
2026-05-07 15:00:00,3280718.4732221467
2026-05-07 15:15:00,3280718.4732221467
2026-05-07 15:30:00,3280718.4732221467
2026-05-07 15:45:00,3280718.4732221467
2026-05-07 16:00:00,3280718.4732221467
2026-05-07 16:15:00,3280718.4732221467
2026-05-07 16:30:00,3280718.4732221467
2026-05-07 16:45:00,3280718.4732221467
2026-05-07 17:00:00,3280718.4732221467
2026-05-07 17:15:00,3280718.4732221467
2026-05-07 17:30:00,3280718.4732221467
2026-05-07 17:45:00,3280718.4732221467
2026-05-07 18:00:00,3280718.4732221467
2026-05-07 18:15:00,3280718.4732221467
2026-05-07 18:30:00,3280718.4732221467
2026-05-07 18:45:00,3280718.4732221467
2026-05-07 19:00:00,3280718.4732221467
2026-05-07 19:15:00,3280718.4732221467
2026-05-07 19:30:00,3280718.4732221467
2026-05-07 19:45:00,3280718.4732221467
2026-05-07 20:00:00,3280718.4732221467
2026-05-07 20:15:00,3280718.4732221467
2026-05-07 20:30:00,3280718.4732221467
2026-05-07 20:45:00,3280718.4732221467
2026-05-07 21:00:00,3280718.4732221467
2026-05-07 21:15:00,3280718.4732221467
2026-05-07 21:30:00,3280718.4732221467
2026-05-07 21:45:00,3280718.4732221467
2026-05-07 22:00:00,3280718.4732221467
2026-05-07 22:15:00,3280718.4732221467
2026-05-07 22:30:00,3280718.4732221467
2026-05-07 22:45:00,3280718.4732221467
2026-05-07 23:00:00,3280718.4732221467
2026-05-07 23:15:00,3280718.4732221467
2026-05-07 23:30:00,3280718.4732221467
2026-05-07 23:45:00,3280718.4732221467
2026-05-08 00:00:00,3280718.4732221467
2026-05-08 00:15:00,3280718.4732221467
2026-05-08 00:30:00,3280718.4732221467
2026-05-08 00:45:00,3280718.4732221467
2026-05-08 01:00:00,3280718.4732221467
2026-05-08 01:15:00,3280718.4732221467
2026-05-08 01:30:00,3280718.4732221467
2026-05-08 01:45:00,3280718.4732221467
2026-05-08 02:00:00,3280718.4732221467
2026-05-08 02:15:00,3280718.4732221467
2026-05-08 02:30:00,3280718.4732221467
2026-05-08 02:45:00,3280718.4732221467
2026-05-08 03:00:00,3280718.4732221467
2026-05-08 03:15:00,3280718.4732221467
2026-05-08 03:30:00,3280718.4732221467
2026-05-08 03:45:00,3280718.4732221467
2026-05-08 04:00:00,3280718.4732221467
2026-05-08 04:15:00,3280718.4732221467
2026-05-08 04:30:00,3280718.4732221467
2026-05-08 04:45:00,3280718.4732221467
2026-05-08 05:00:00,3280718.4732221467
2026-05-08 05:15:00,3280718.4732221467
2026-05-08 05:30:00,3280718.4732221467
2026-05-08 05:45:00,3280718.4732221467
2026-05-08 06:00:00,3280718.4732221467
2026-05-08 06:15:00,3280718.4732221467
2026-05-08 06:30:00,3280718.4732221467
2026-05-08 06:45:00,3280718.4732221467
2026-05-08 07:00:00,3280718.4732221467
2026-05-08 07:15:00,3280718.4732221467
2026-05-08 07:30:00,3280718.4732221467
2026-05-08 07:45:00,3280718.4732221467
2026-05-08 08:00:00,3280718.4732221467
2026-05-08 08:15:00,3280718.4732221467
2026-05-08 08:30:00,3280718.4732221467
2026-05-08 08:45:00,3280718.4732221467
2026-05-08 09:00:00,3280718.4732221467
2026-05-08 09:15:00,3280718.4732221467
2026-05-08 09:30:00,3280718.4732221467
2026-05-08 09:45:00,3280718.4732221467
2026-05-08 10:00:00,3280718.4732221467
2026-05-08 10:15:00,3280718.4732221467
2026-05-08 10:30:00,3280718.4732221467
2026-05-08 10:45:00,3280718.4732221467
2026-05-08 11:00:00,3280718.4732221467
2026-05-08 11:15:00,3280718.4732221467
2026-05-08 11:30:00,3280718.4732221467
2026-05-08 11:45:00,3280718.4732221467
2026-05-08 12:00:00,3280718.4732221467
2026-05-08 12:15:00,3280718.4732221467
2026-05-08 12:30:00,3280718.4732221467
2026-05-08 12:45:00,3280718.4732221467
2026-05-08 13:00:00,3280718.4732221467
2026-05-08 13:15:00,3280718.4732221467
2026-05-08 13:30:00,3280718.4732221467
2026-05-08 13:45:00,3280718.4732221467
2026-05-08 14:00:00,3280718.4732221467
2026-05-08 14:15:00,3280718.4732221467
2026-05-08 14:30:00,3280718.4732221467
2026-05-08 14:45:00,3280718.4732221467
2026-05-08 15:00:00,3280718.4732221467
2026-05-08 15:15:00,3280718.4732221467
2026-05-08 15:30:00,3280718.4732221467
2026-05-08 15:45:00,3280718.4732221467
2026-05-08 16:00:00,3280718.4732221467
2026-05-08 16:15:00,3280718.4732221467
2026-05-08 16:30:00,3280718.4732221467
2026-05-08 16:45:00,3280718.4732221467
2026-05-08 17:00:00,3280718.4732221467
2026-05-08 17:15:00,3280718.4732221467
2026-05-08 17:30:00,3280718.4732221467
2026-05-08 17:45:00,3280718.4732221467
2026-05-08 18:00:00,3280718.4732221467
2026-05-08 18:15:00,3280718.4732221467
2026-05-08 18:30:00,3280718.4732221467
2026-05-08 18:45:00,3280718.4732221467
2026-05-08 19:00:00,3280718.4732221467
2026-05-08 19:15:00,3280718.4732221467
2026-05-08 19:30:00,3280718.4732221467
2026-05-08 19:45:00,3280718.4732221467
2026-05-08 20:00:00,3280718.4732221467
2026-05-08 20:15:00,3280718.4732221467
2026-05-08 20:30:00,3280718.4732221467
2026-05-08 20:45:00,3280718.4732221467
2026-05-08 21:00:00,3280718.4732221467
2026-05-08 21:15:00,3280718.4732221467
2026-05-08 21:30:00,3280718.4732221467
2026-05-08 21:45:00,3280718.4732221467
2026-05-08 22:00:00,3280718.4732221467
2026-05-08 22:15:00,3280718.4732221467
2026-05-08 22:30:00,3280718.4732221467
2026-05-08 22:45:00,3280718.4732221467
2026-05-08 23:00:00,3280718.4732221467
2026-05-08 23:15:00,3280718.4732221467
2026-05-08 23:30:00,3280718.4732221467
2026-05-08 23:45:00,3280718.4732221467
2026-05-09 01:00:00,3280718.4732221467
2026-05-09 01:15:00,3280718.4732221467
2026-05-09 01:30:00,3280718.4732221467
2026-05-09 01:45:00,3280718.4732221467
2026-05-09 02:00:00,3280718.4732221467
2026-05-09 02:15:00,3280718.4732221467
2026-05-09 02:30:00,3280718.4732221467
2026-05-09 02:45:00,3280718.4732221467
2026-05-09 03:00:00,3280718.4732221467
2026-05-09 03:15:00,3280718.4732221467
2026-05-09 03:30:00,3280718.4732221467
2026-05-09 03:45:00,3280718.4732221467
2026-05-09 04:00:00,3280718.4732221467
2026-05-09 04:15:00,3280718.4732221467
2026-05-09 04:30:00,3280718.4732221467
2026-05-09 04:45:00,3280718.4732221467
2026-05-09 05:00:00,3280718.4732221467
2026-05-09 05:15:00,3280718.4732221467
2026-05-09 05:30:00,3280718.4732221467
2026-05-09 05:45:00,3280718.4732221467
2026-05-09 06:00:00,3280718.4732221467
2026-05-09 06:15:00,3280718.4732221467
2026-05-09 06:30:00,3280718.4732221467
2026-05-09 06:45:00,3280718.4732221467
2026-05-09 07:00:00,3280718.4732221467
2026-05-09 07:15:00,3280718.4732221467
2026-05-09 07:30:00,3280718.4732221467
2026-05-09 07:45:00,3280718.4732221467
2026-05-09 08:00:00,3280718.4732221467
2026-05-09 08:15:00,3280718.4732221467
2026-05-09 08:30:00,3280718.4732221467
2026-05-09 08:45:00,3280718.4732221467
2026-05-09 09:00:00,3280718.4732221467
2026-05-09 09:15:00,3280718.4732221467
2026-05-09 09:30:00,3280718.4732221467
2026-05-09 09:45:00,3280718.4732221467
2026-05-09 10:00:00,3280718.4732221467
2026-05-09 10:15:00,3280718.4732221467
2026-05-09 10:30:00,3280718.4732221467
2026-05-09 10:45:00,3280718.4732221467
2026-05-09 11:00:00,3280718.4732221467
2026-05-09 11:15:00,3280718.4732221467
2026-05-09 11:30:00,3280718.4732221467
2026-05-09 11:45:00,3280718.4732221467
2026-05-09 12:00:00,3280718.4732221467
2026-05-09 12:15:00,3280718.4732221467
2026-05-09 12:30:00,3280718.4732221467
2026-05-09 12:45:00,3280718.4732221467
2026-05-09 13:00:00,3280718.4732221467
2026-05-09 13:15:00,3280718.4732221467
2026-05-09 13:30:00,3280718.4732221467
2026-05-09 13:45:00,3280718.4732221467
2026-05-09 14:00:00,3280718.4732221467
2026-05-09 14:15:00,3280718.4732221467
2026-05-09 14:30:00,3280718.4732221467
2026-05-09 14:45:00,3280718.4732221467
2026-05-09 15:00:00,3280718.4732221467
2026-05-09 15:15:00,3280718.4732221467
2026-05-09 15:30:00,3280718.4732221467
2026-05-09 15:45:00,3280718.4732221467
2026-05-09 16:00:00,3280718.4732221467
2026-05-09 16:15:00,3280718.4732221467
2026-05-09 16:30:00,3280718.4732221467
2026-05-09 16:45:00,3280718.4732221467
2026-05-09 17:00:00,3280718.4732221467
2026-05-09 17:15:00,3280718.4732221467
2026-05-09 17:30:00,3280718.4732221467
2026-05-09 17:45:00,3280718.4732221467
2026-05-09 18:00:00,3280718.4732221467
2026-05-09 18:15:00,3280718.4732221467
2026-05-09 18:30:00,3280718.4732221467
2026-05-09 18:45:00,3280718.4732221467
2026-05-09 19:00:00,3280718.4732221467
2026-05-09 19:15:00,3280718.4732221467
2026-05-09 19:30:00,3280718.4732221467
2026-05-09 19:45:00,3280718.4732221467
2026-05-09 20:00:00,3280718.4732221467
2026-05-09 20:15:00,3280718.4732221467
2026-05-09 20:30:00,3280718.4732221467
2026-05-09 20:45:00,3280718.4732221467
2026-05-09 21:00:00,3280718.4732221467
2026-05-09 21:15:00,3280718.4732221467
2026-05-09 21:30:00,3280718.4732221467
2026-05-09 21:45:00,3280718.4732221467
2026-05-09 22:00:00,3280718.4732221467
2026-05-09 22:15:00,3280718.4732221467
2026-05-09 22:30:00,3280718.4732221467
2026-05-09 22:45:00,3280718.4732221467
2026-05-09 23:00:00,3280718.4732221467
2026-05-09 23:15:00,3280718.4732221467
2026-05-09 23:30:00,3280718.4732221467
2026-05-09 23:45:00,3280718.4732221467
2026-05-10 00:00:00,3280718.4732221467
2026-05-10 00:15:00,3280718.4732221467
2026-05-10 00:30:00,3280718.4732221467
2026-05-10 00:45:00,3280718.4732221467
2026-05-10 01:00:00,3280718.4732221467
2026-05-10 01:15:00,3280718.4732221467
2026-05-10 01:30:00,3280718.4732221467
2026-05-10 01:45:00,3280718.4732221467
2026-05-10 02:00:00,3280718.4732221467
2026-05-10 02:15:00,3280718.4732221467
2026-05-10 02:30:00,3280718.4732221467
2026-05-10 02:45:00,3280718.4732221467
2026-05-10 03:00:00,3280718.4732221467
2026-05-10 03:15:00,3280718.4732221467
2026-05-10 03:30:00,3280718.4732221467
2026-05-10 03:45:00,3280718.4732221467
2026-05-10 04:00:00,3280718.4732221467
2026-05-10 04:15:00,3280718.4732221467
2026-05-10 04:30:00,3280718.4732221467
2026-05-10 04:45:00,3280718.4732221467
2026-05-10 05:00:00,3280718.4732221467
2026-05-10 05:15:00,3280718.4732221467
2026-05-10 05:30:00,3280718.4732221467
2026-05-10 05:45:00,3280718.4732221467
2026-05-10 06:00:00,3280718.4732221467
2026-05-10 06:15:00,3280718.4732221467
2026-05-10 06:30:00,3280718.4732221467
2026-05-10 06:45:00,3280718.4732221467
2026-05-10 07:00:00,3280718.4732221467
2026-05-10 07:15:00,3280718.4732221467
2026-05-10 07:30:00,3280718.4732221467
2026-05-10 07:45:00,3280718.4732221467
2026-05-10 08:00:00,3280718.4732221467
2026-05-10 08:15:00,3280718.4732221467
2026-05-10 08:30:00,3280718.4732221467
2026-05-10 08:45:00,3280718.4732221467
2026-05-10 09:00:00,3280718.4732221467
2026-05-10 09:15:00,3280718.4732221467
2026-05-10 09:30:00,3280718.4732221467
2026-05-10 09:45:00,3280718.4732221467
2026-05-10 10:00:00,3280718.4732221467
2026-05-10 10:15:00,3280718.4732221467
2026-05-10 10:30:00,3280718.4732221467
2026-05-10 10:45:00,3280718.4732221467
2026-05-10 11:00:00,3280718.4732221467
2026-05-10 11:15:00,3280718.4732221467
2026-05-10 11:30:00,3280718.4732221467
2026-05-10 11:45:00,3280718.4732221467
2026-05-10 12:00:00,3280718.4732221467
2026-05-10 12:15:00,3280718.4732221467
2026-05-10 12:30:00,3280718.4732221467
2026-05-10 12:45:00,3280718.4732221467
2026-05-10 13:00:00,3280718.4732221467
2026-05-10 13:15:00,3280718.4732221467
2026-05-10 13:30:00,3280718.4732221467
2026-05-10 13:45:00,3280718.4732221467
2026-05-10 14:00:00,3280718.4732221467
2026-05-10 14:15:00,3280718.4732221467
2026-05-10 14:30:00,3280718.4732221467
2026-05-10 14:45:00,3280718.4732221467
2026-05-10 15:00:00,3280718.4732221467
2026-05-10 15:15:00,3280718.4732221467
2026-05-10 15:30:00,3280718.4732221467
2026-05-10 15:45:00,3280718.4732221467
2026-05-10 16:00:00,3280718.4732221467
2026-05-10 16:15:00,3280718.4732221467
2026-05-10 16:30:00,3280718.4732221467
2026-05-10 16:45:00,3280718.4732221467
2026-05-10 17:00:00,3280718.4732221467
2026-05-10 17:15:00,3280718.4732221467
2026-05-10 17:30:00,3280718.4732221467
2026-05-10 17:45:00,3280718.4732221467
2026-05-10 18:00:00,3280718.4732221467
2026-05-10 18:15:00,3280718.4732221467
2026-05-10 18:30:00,3280718.4732221467
2026-05-10 18:45:00,3280718.4732221467
2026-05-10 19:00:00,3280718.4732221467
2026-05-10 19:15:00,3280718.4732221467
2026-05-10 19:30:00,3280718.4732221467
2026-05-10 19:45:00,3280718.4732221467
2026-05-10 20:00:00,3280718.4732221467
2026-05-10 20:15:00,3280718.4732221467
2026-05-10 20:30:00,3280718.4732221467
2026-05-10 20:45:00,3280718.4732221467
2026-05-10 21:00:00,3280718.4732221467
2026-05-10 21:15:00,3280718.4732221467
2026-05-10 21:30:00,3280718.4732221467
2026-05-10 21:45:00,3280718.4732221467
2026-05-10 22:00:00,3280718.4732221467
2026-05-10 22:15:00,3280718.4732221467
2026-05-10 22:30:00,3280718.4732221467
2026-05-10 22:45:00,3280718.4732221467
2026-05-10 23:00:00,3280718.4732221467
2026-05-10 23:15:00,3280718.4732221467
2026-05-10 23:30:00,3280718.4732221467
2026-05-10 23:45:00,3280718.4732221467
2026-05-11 00:00:00,3280718.4732221467
2026-05-11 00:15:00,3280718.4732221467
2026-05-11 00:30:00,3280718.4732221467
2026-05-11 00:45:00,3280718.4732221467
2026-05-11 01:00:00,3280718.4732221467
2026-05-11 01:15:00,3280718.4732221467
2026-05-11 01:30:00,3280718.4732221467
2026-05-11 01:45:00,3280718.4732221467
2026-05-11 02:00:00,3280718.4732221467
2026-05-11 02:15:00,3280718.4732221467
2026-05-11 02:30:00,3280718.4732221467
2026-05-11 02:45:00,3280718.4732221467
2026-05-11 03:00:00,3280718.4732221467
2026-05-11 03:15:00,3280718.4732221467
2026-05-11 03:30:00,3280718.4732221467
2026-05-11 03:45:00,3280718.4732221467
2026-05-11 04:00:00,3280718.4732221467
2026-05-11 04:15:00,3280718.4732221467
2026-05-11 04:30:00,3280718.4732221467
2026-05-11 04:45:00,3280718.4732221467
2026-05-11 05:00:00,3280718.4732221467
2026-05-11 05:15:00,3280718.4732221467
2026-05-11 05:30:00,3280718.4732221467
2026-05-11 05:45:00,3280718.4732221467
2026-05-11 06:00:00,3280718.4732221467
2026-05-11 06:15:00,3280718.4732221467
2026-05-11 06:30:00,3280718.4732221467
2026-05-11 06:45:00,3280718.4732221467
2026-05-11 07:00:00,3280718.4732221467
2026-05-11 07:15:00,3280718.4732221467
2026-05-11 07:30:00,3280718.4732221467
2026-05-11 07:45:00,3280718.4732221467
2026-05-11 08:00:00,3280718.4732221467
2026-05-11 08:15:00,3280718.4732221467
2026-05-11 08:30:00,3280718.4732221467
2026-05-11 08:45:00,3280718.4732221467
2026-05-11 09:00:00,3280718.4732221467
2026-05-11 09:15:00,3280718.4732221467
2026-05-11 09:30:00,3280718.4732221467
2026-05-11 09:45:00,3280718.4732221467
2026-05-11 10:00:00,3280718.4732221467
2026-05-11 10:15:00,3280718.4732221467
2026-05-11 10:30:00,3280718.4732221467
2026-05-11 10:45:00,3280718.4732221467
2026-05-11 11:00:00,3280718.4732221467
2026-05-11 11:15:00,3280718.4732221467
2026-05-11 11:30:00,3280718.4732221467
2026-05-11 11:45:00,3280718.4732221467
2026-05-11 12:00:00,3280718.4732221467
2026-05-11 12:15:00,3280718.4732221467
2026-05-11 12:30:00,3280718.4732221467
2026-05-11 12:45:00,3280718.4732221467
2026-05-11 13:00:00,3280718.4732221467
2026-05-11 13:15:00,3280718.4732221467
2026-05-11 13:30:00,3280718.4732221467
2026-05-11 13:45:00,3280718.4732221467
2026-05-11 14:00:00,3280718.4732221467
2026-05-11 14:15:00,3280718.4732221467
2026-05-11 14:30:00,3280718.4732221467
2026-05-11 14:45:00,3280718.4732221467
2026-05-11 15:00:00,3280718.4732221467
2026-05-11 15:15:00,3280718.4732221467
2026-05-11 15:30:00,3280718.4732221467
2026-05-11 15:45:00,3280718.4732221467
2026-05-11 16:00:00,3280718.4732221467
2026-05-11 16:15:00,3280718.4732221467
2026-05-11 16:30:00,3280718.4732221467
2026-05-11 16:45:00,3280718.4732221467
2026-05-11 17:00:00,3280718.4732221467
2026-05-11 17:15:00,3280718.4732221467
2026-05-11 17:30:00,3280718.4732221467
2026-05-11 17:45:00,3280718.4732221467
2026-05-11 18:00:00,3280718.4732221467
2026-05-11 18:15:00,3280718.4732221467
2026-05-11 18:30:00,3280718.4732221467
2026-05-11 18:45:00,3280718.4732221467
2026-05-11 19:00:00,3280718.4732221467
2026-05-11 19:15:00,3280718.4732221467
2026-05-11 19:30:00,3280718.4732221467
2026-05-11 19:45:00,3280718.4732221467
2026-05-11 20:00:00,3280718.4732221467
2026-05-11 20:15:00,3280718.4732221467
2026-05-11 20:30:00,3280718.4732221467
2026-05-11 20:45:00,3280718.4732221467
2026-05-11 21:00:00,3280718.4732221467
2026-05-11 21:15:00,3280718.4732221467
2026-05-11 21:30:00,3280718.4732221467
2026-05-11 21:45:00,3280718.4732221467
2026-05-11 22:00:00,3280718.4732221467
2026-05-11 22:15:00,3280718.4732221467
2026-05-11 22:30:00,3280718.4732221467
2026-05-11 22:45:00,3280718.4732221467
2026-05-11 23:00:00,3280718.4732221467
2026-05-11 23:15:00,3280718.4732221467
2026-05-11 23:30:00,3280718.4732221467
2026-05-11 23:45:00,3280718.4732221467
2026-05-12 00:00:00,3280718.4732221467
2026-05-12 00:15:00,3280718.4732221467
2026-05-12 00:30:00,3280718.4732221467
2026-05-12 00:45:00,3280718.4732221467
2026-05-12 01:00:00,3280718.4732221467
2026-05-12 01:15:00,3280718.4732221467
2026-05-12 01:30:00,3280718.4732221467
2026-05-12 01:45:00,3280718.4732221467
2026-05-12 02:00:00,3280718.4732221467
2026-05-12 02:15:00,3280718.4732221467
2026-05-12 02:30:00,3280718.4732221467
2026-05-12 02:45:00,3280718.4732221467
2026-05-12 03:00:00,3280718.4732221467
2026-05-12 03:15:00,3280718.4732221467
2026-05-12 03:30:00,3280718.4732221467
2026-05-12 03:45:00,3280718.4732221467
2026-05-12 04:00:00,3280718.4732221467
2026-05-12 04:15:00,3280718.4732221467
2026-05-12 04:30:00,3280718.4732221467
2026-05-12 04:45:00,3280718.4732221467
2026-05-12 05:00:00,3280718.4732221467
2026-05-12 05:15:00,3280718.4732221467
2026-05-12 05:30:00,3280718.4732221467
2026-05-12 05:45:00,3280718.4732221467
2026-05-12 06:00:00,3280718.4732221467
2026-05-12 06:15:00,3280718.4732221467
2026-05-12 06:30:00,3280718.4732221467
2026-05-12 06:45:00,3280718.4732221467
2026-05-12 07:00:00,3280718.4732221467
2026-05-12 07:15:00,3280718.4732221467
2026-05-12 07:30:00,3280718.4732221467
2026-05-12 07:45:00,3280718.4732221467
2026-05-12 08:00:00,3280718.4732221467
2026-05-12 08:15:00,3280718.4732221467
2026-05-12 08:30:00,3280718.4732221467
2026-05-12 08:45:00,3280718.4732221467
2026-05-12 09:00:00,3280718.4732221467
2026-05-12 09:15:00,3280718.4732221467
2026-05-12 09:30:00,3280718.4732221467
2026-05-12 09:45:00,3280718.4732221467
2026-05-12 10:00:00,3280718.4732221467
2026-05-12 10:15:00,3280718.4732221467
2026-05-12 10:30:00,3280718.4732221467
2026-05-12 10:45:00,3280718.4732221467
2026-05-12 11:00:00,3280718.4732221467
2026-05-12 11:15:00,3280718.4732221467
2026-05-12 11:30:00,3280718.4732221467
2026-05-12 11:45:00,3280718.4732221467
2026-05-12 12:00:00,3280718.4732221467
2026-05-12 12:15:00,3280718.4732221467
2026-05-12 12:30:00,3280718.4732221467
2026-05-12 12:45:00,3280718.4732221467
2026-05-12 13:00:00,3280718.4732221467
2026-05-12 13:15:00,3280718.4732221467
2026-05-12 13:30:00,3280718.4732221467
2026-05-12 13:45:00,3280718.4732221467
2026-05-12 14:00:00,3280718.4732221467
2026-05-12 14:15:00,3280718.4732221467
2026-05-12 14:30:00,3280718.4732221467
2026-05-12 14:45:00,3280718.4732221467
2026-05-12 15:00:00,3280718.4732221467
2026-05-12 15:15:00,3280718.4732221467
2026-05-12 15:30:00,3280718.4732221467
2026-05-12 15:45:00,3280718.4732221467
2026-05-12 16:00:00,3280718.4732221467
2026-05-12 16:15:00,3280718.4732221467
2026-05-12 16:30:00,3280718.4732221467
2026-05-12 16:45:00,3280718.4732221467
2026-05-12 17:00:00,3280718.4732221467
2026-05-12 17:15:00,3280718.4732221467
2026-05-12 17:30:00,3280718.4732221467
2026-05-12 17:45:00,3280718.4732221467
2026-05-12 18:00:00,3280718.4732221467
2026-05-12 18:15:00,3280718.4732221467
2026-05-12 18:30:00,3280718.4732221467
2026-05-12 18:45:00,3280718.4732221467
2026-05-12 19:00:00,3280718.4732221467
2026-05-12 19:15:00,3280718.4732221467
2026-05-12 19:30:00,3280718.4732221467
2026-05-12 19:45:00,3280718.4732221467
2026-05-12 20:00:00,3280718.4732221467
2026-05-12 20:15:00,3280718.4732221467
2026-05-12 20:30:00,3280718.4732221467
2026-05-12 20:45:00,3280718.4732221467
2026-05-12 21:00:00,3280718.4732221467
2026-05-12 21:15:00,3280718.4732221467
2026-05-12 21:30:00,3280718.4732221467
2026-05-12 21:45:00,3280718.4732221467
2026-05-12 22:00:00,3280718.4732221467
2026-05-12 22:15:00,3280718.4732221467
2026-05-12 22:30:00,3280718.4732221467
2026-05-12 22:45:00,3280718.4732221467
2026-05-12 23:00:00,3280718.4732221467
2026-05-12 23:15:00,3280718.4732221467
2026-05-12 23:30:00,3280718.4732221467
2026-05-12 23:45:00,3280718.4732221467
2026-05-13 00:00:00,3280718.4732221467
2026-05-13 00:15:00,3280718.4732221467
2026-05-13 00:30:00,3280718.4732221467
2026-05-13 00:45:00,3280718.4732221467
2026-05-13 01:00:00,3280718.4732221467
2026-05-13 01:15:00,3280718.4732221467
2026-05-13 01:30:00,3280718.4732221467
2026-05-13 01:45:00,3280718.4732221467
2026-05-13 02:00:00,3280718.4732221467
2026-05-13 02:15:00,3280718.4732221467
2026-05-13 02:30:00,3280718.4732221467
2026-05-13 02:45:00,3280718.4732221467
2026-05-13 03:00:00,3280718.4732221467
2026-05-13 03:15:00,3280718.4732221467
2026-05-13 03:30:00,3280718.4732221467
2026-05-13 03:45:00,3280718.4732221467
2026-05-13 04:00:00,3280718.4732221467
2026-05-13 04:15:00,3280718.4732221467
2026-05-13 04:30:00,3280718.4732221467
2026-05-13 04:45:00,3280718.4732221467
2026-05-13 05:00:00,3280718.4732221467
2026-05-13 05:15:00,3280718.4732221467
2026-05-13 05:30:00,3280718.4732221467
2026-05-13 05:45:00,3280718.4732221467
2026-05-13 06:00:00,3280718.4732221467
2026-05-13 06:15:00,3280718.4732221467
2026-05-13 06:30:00,3280718.4732221467
2026-05-13 06:45:00,3280718.4732221467
2026-05-13 07:00:00,3280718.4732221467
2026-05-13 07:15:00,3280718.4732221467
2026-05-13 07:30:00,3280718.4732221467
2026-05-13 07:45:00,3280718.4732221467
2026-05-13 08:00:00,3280718.4732221467
2026-05-13 08:15:00,3280718.4732221467
2026-05-13 08:30:00,3280718.4732221467
2026-05-13 08:45:00,3280718.4732221467
2026-05-13 09:00:00,3280718.4732221467
2026-05-13 09:15:00,3280718.4732221467
2026-05-13 09:30:00,3280718.4732221467
2026-05-13 09:45:00,3280718.4732221467
2026-05-13 10:00:00,3280718.4732221467
2026-05-13 10:15:00,3280718.4732221467
2026-05-13 10:30:00,3280718.4732221467
2026-05-13 10:45:00,3280718.4732221467
2026-05-13 11:00:00,3280718.4732221467
2026-05-13 11:15:00,3280718.4732221467
2026-05-13 11:30:00,3280718.4732221467
2026-05-13 11:45:00,3280718.4732221467
2026-05-13 12:00:00,3280718.4732221467
2026-05-13 12:15:00,3280718.4732221467
2026-05-13 12:30:00,3280718.4732221467
2026-05-13 12:45:00,3280718.4732221467
2026-05-13 13:00:00,3280718.4732221467
2026-05-13 13:15:00,3280718.4732221467
2026-05-13 13:30:00,3280718.4732221467
2026-05-13 13:45:00,3280718.4732221467
2026-05-13 14:00:00,3280718.4732221467
2026-05-13 14:15:00,3280718.4732221467
2026-05-13 14:30:00,3280718.4732221467
2026-05-13 14:45:00,3280718.4732221467
2026-05-13 15:00:00,3280718.4732221467
2026-05-13 15:15:00,3280718.4732221467
2026-05-13 15:30:00,3280718.4732221467
2026-05-13 15:45:00,3280718.4732221467
2026-05-13 16:00:00,3280718.4732221467
2026-05-13 16:15:00,3280718.4732221467
2026-05-13 16:30:00,3280718.4732221467
2026-05-13 16:45:00,3280718.4732221467
2026-05-13 17:00:00,3280718.4732221467
2026-05-13 17:15:00,3280718.4732221467
2026-05-13 17:30:00,3280718.4732221467
2026-05-13 17:45:00,3280718.4732221467
2026-05-13 18:00:00,3280718.4732221467
2026-05-13 18:15:00,3280718.4732221467
2026-05-13 18:30:00,3280718.4732221467
2026-05-13 18:45:00,3280718.4732221467
2026-05-13 19:00:00,3280718.4732221467
2026-05-13 19:15:00,3280718.4732221467
2026-05-13 19:30:00,3280718.4732221467
2026-05-13 19:45:00,3280718.4732221467
2026-05-13 20:00:00,3280718.4732221467
2026-05-13 20:15:00,3280718.4732221467
2026-05-13 20:30:00,3280718.4732221467
2026-05-13 20:45:00,3280718.4732221467
2026-05-13 21:00:00,3280718.4732221467
2026-05-13 21:15:00,3280718.4732221467
2026-05-13 21:30:00,3280718.4732221467
2026-05-13 21:45:00,3280718.4732221467
2026-05-13 22:00:00,3280718.4732221467
2026-05-13 22:15:00,3280718.4732221467
2026-05-13 22:30:00,3280718.4732221467
2026-05-13 22:45:00,3280718.4732221467
2026-05-13 23:00:00,3280718.4732221467
2026-05-13 23:15:00,3280718.4732221467
2026-05-13 23:30:00,3280718.4732221467
2026-05-13 23:45:00,3280718.4732221467
2026-05-14 00:00:00,3280718.4732221467
2026-05-14 00:15:00,3280718.4732221467
2026-05-14 00:30:00,3280718.4732221467
2026-05-14 00:45:00,3280718.4732221467
2026-05-14 01:00:00,3280718.4732221467
2026-05-14 01:15:00,3280718.4732221467
2026-05-14 01:30:00,3280718.4732221467
2026-05-14 01:45:00,3280718.4732221467
2026-05-14 02:00:00,3280718.4732221467
2026-05-14 02:15:00,3280718.4732221467
2026-05-14 02:30:00,3280718.4732221467
2026-05-14 02:45:00,3280718.4732221467
2026-05-14 03:00:00,3280718.4732221467
2026-05-14 03:15:00,3280718.4732221467
2026-05-14 03:30:00,3280718.4732221467
2026-05-14 03:45:00,3280718.4732221467
2026-05-14 04:00:00,3280718.4732221467
2026-05-14 04:15:00,3280718.4732221467
2026-05-14 04:30:00,3280718.4732221467
2026-05-14 04:45:00,3280718.4732221467
2026-05-14 05:00:00,3280718.4732221467
2026-05-14 05:15:00,3280718.4732221467
2026-05-14 05:30:00,3280718.4732221467
2026-05-14 05:45:00,3280718.4732221467
2026-05-14 06:00:00,3280718.4732221467
2026-05-14 06:15:00,3280718.4732221467
2026-05-14 06:30:00,3280718.4732221467
2026-05-14 06:45:00,3280718.4732221467
2026-05-14 07:00:00,3280718.4732221467
2026-05-14 07:15:00,3280718.4732221467
2026-05-14 07:30:00,3280718.4732221467
2026-05-14 07:45:00,3280718.4732221467
2026-05-14 08:00:00,3280718.4732221467
2026-05-14 08:15:00,3280718.4732221467
2026-05-14 08:30:00,3280718.4732221467
2026-05-14 08:45:00,3280718.4732221467
2026-05-14 09:00:00,3280718.4732221467
2026-05-14 09:15:00,3280718.4732221467
2026-05-14 09:30:00,3280718.4732221467
2026-05-14 09:45:00,3280718.4732221467
2026-05-14 10:00:00,3280718.4732221467
2026-05-14 10:15:00,3280718.4732221467
2026-05-14 10:30:00,3280718.4732221467
2026-05-14 10:45:00,3280718.4732221467
2026-05-14 11:00:00,3280718.4732221467
2026-05-14 11:15:00,3280718.4732221467
2026-05-14 11:30:00,3280718.4732221467
2026-05-14 11:45:00,3280718.4732221467
2026-05-14 12:00:00,3280718.4732221467
2026-05-14 12:15:00,3280718.4732221467
2026-05-14 12:30:00,3280718.4732221467
2026-05-14 12:45:00,3280718.4732221467
2026-05-14 13:00:00,3280718.4732221467
2026-05-14 13:15:00,3280718.4732221467
2026-05-14 13:30:00,3280718.4732221467
2026-05-14 13:45:00,3280718.4732221467
2026-05-14 14:00:00,3280718.4732221467
2026-05-14 14:15:00,3280718.4732221467
2026-05-14 14:30:00,3280718.4732221467
2026-05-14 14:45:00,3280718.4732221467
2026-05-14 15:00:00,3280718.4732221467
2026-05-14 15:15:00,3280718.4732221467
2026-05-14 15:30:00,3280718.4732221467
2026-05-14 15:45:00,3280718.4732221467
2026-05-14 16:00:00,3280718.4732221467
2026-05-14 16:15:00,3280718.4732221467
2026-05-14 16:30:00,3280718.4732221467
2026-05-14 16:45:00,3280718.4732221467
2026-05-14 17:00:00,3280718.4732221467
2026-05-14 17:15:00,3280718.4732221467
2026-05-14 17:30:00,3280718.4732221467
2026-05-14 17:45:00,3280718.4732221467
2026-05-14 18:00:00,3280718.4732221467
2026-05-14 18:15:00,3280718.4732221467
2026-05-14 18:30:00,3280718.4732221467
2026-05-14 18:45:00,3280718.4732221467
2026-05-14 19:00:00,3280718.4732221467
2026-05-14 19:15:00,3280718.4732221467
2026-05-14 19:30:00,3280718.4732221467
2026-05-14 19:45:00,3280718.4732221467
2026-05-14 20:00:00,3280718.4732221467
2026-05-14 20:15:00,3280718.4732221467
2026-05-14 20:30:00,3280718.4732221467
2026-05-14 20:45:00,3280718.4732221467
2026-05-14 21:00:00,3280718.4732221467
2026-05-14 21:15:00,3280718.4732221467
2026-05-14 21:30:00,3280718.4732221467
2026-05-14 21:45:00,3280718.4732221467
2026-05-14 22:00:00,3280718.4732221467
2026-05-14 22:15:00,3280718.4732221467
2026-05-14 22:30:00,3280718.4732221467
2026-05-14 22:45:00,3280718.4732221467
2026-05-14 23:00:00,3280718.4732221467
2026-05-14 23:15:00,3280718.4732221467
2026-05-14 23:30:00,3280718.4732221467
2026-05-14 23:45:00,3280718.4732221467
2026-05-15 00:00:00,3280718.4732221467
2026-05-15 00:15:00,3280718.4732221467
2026-05-15 00:30:00,3280718.4732221467
2026-05-15 00:45:00,3280718.4732221467
2026-05-15 01:00:00,3280718.4732221467
2026-05-15 01:15:00,3280718.4732221467
2026-05-15 01:30:00,3280718.4732221467
2026-05-15 01:45:00,3280718.4732221467
2026-05-15 02:00:00,3280718.4732221467
2026-05-15 02:15:00,3280718.4732221467
2026-05-15 02:30:00,3280718.4732221467
2026-05-15 02:45:00,3280718.4732221467
2026-05-15 03:00:00,3280718.4732221467
2026-05-15 03:15:00,3280718.4732221467
2026-05-15 03:30:00,3280718.4732221467
2026-05-15 03:45:00,3280718.4732221467
2026-05-15 04:00:00,3280718.4732221467
2026-05-15 04:15:00,3280718.4732221467
2026-05-15 04:30:00,3280718.4732221467
2026-05-15 04:45:00,3280718.4732221467
2026-05-15 05:00:00,3280718.4732221467
2026-05-15 05:15:00,3280718.4732221467
2026-05-15 05:30:00,3280718.4732221467
2026-05-15 05:45:00,3280718.4732221467
2026-05-15 06:00:00,3280718.4732221467
2026-05-15 06:15:00,3280718.4732221467
2026-05-15 06:30:00,3280718.4732221467
2026-05-15 06:45:00,3280718.4732221467
2026-05-15 07:00:00,3280718.4732221467
2026-05-15 07:15:00,3280718.4732221467
2026-05-15 07:30:00,3280718.4732221467
2026-05-15 07:45:00,3280718.4732221467
2026-05-15 08:00:00,3280718.4732221467
2026-05-15 08:15:00,3280718.4732221467
2026-05-15 08:30:00,3280718.4732221467
2026-05-15 08:45:00,3280718.4732221467
2026-05-15 09:00:00,3280718.4732221467
2026-05-15 09:15:00,3280718.4732221467
2026-05-15 09:30:00,3280718.4732221467
2026-05-15 09:45:00,3280718.4732221467
2026-05-15 10:00:00,3280718.4732221467
2026-05-15 10:15:00,3280718.4732221467
2026-05-15 10:30:00,3280718.4732221467
2026-05-15 10:45:00,3280718.4732221467
2026-05-15 11:00:00,3280718.4732221467
2026-05-15 11:15:00,3280718.4732221467
2026-05-15 11:30:00,3280718.4732221467
2026-05-15 11:45:00,3280718.4732221467
2026-05-15 12:00:00,3280718.4732221467
2026-05-15 12:15:00,3280718.4732221467
2026-05-15 12:30:00,3280718.4732221467
2026-05-15 12:45:00,3280718.4732221467
2026-05-15 13:00:00,3280718.4732221467
2026-05-15 13:15:00,3280718.4732221467
2026-05-15 13:30:00,3280718.4732221467
2026-05-15 13:45:00,3280718.4732221467
2026-05-15 14:00:00,3280718.4732221467
2026-05-15 14:15:00,3280718.4732221467
2026-05-15 14:30:00,3280718.4732221467
2026-05-15 14:45:00,3280718.4732221467
2026-05-15 15:00:00,3280718.4732221467
2026-05-15 15:15:00,3280718.4732221467
2026-05-15 15:30:00,3280718.4732221467
2026-05-15 15:45:00,3280718.4732221467
2026-05-15 16:00:00,3280718.4732221467
2026-05-15 16:15:00,3280718.4732221467
2026-05-15 16:30:00,3280718.4732221467
2026-05-15 16:45:00,3280718.4732221467
2026-05-15 17:00:00,3280718.4732221467
2026-05-15 17:15:00,3280718.4732221467
2026-05-15 17:30:00,3280718.4732221467
2026-05-15 17:45:00,3280718.4732221467
2026-05-15 18:00:00,3280718.4732221467
2026-05-15 18:15:00,3280718.4732221467
2026-05-15 18:30:00,3280718.4732221467
2026-05-15 18:45:00,3280718.4732221467
2026-05-15 19:00:00,3280718.4732221467
2026-05-15 19:15:00,3280718.4732221467
2026-05-15 19:30:00,3280718.4732221467
2026-05-15 19:45:00,3280718.4732221467
2026-05-15 20:00:00,3280718.4732221467
2026-05-15 20:15:00,3280718.4732221467
2026-05-15 20:30:00,3280718.4732221467
2026-05-15 20:45:00,3280718.4732221467
2026-05-15 21:00:00,3280718.4732221467
2026-05-15 21:15:00,3280718.4732221467
2026-05-15 21:30:00,3280718.4732221467
2026-05-15 21:45:00,3280718.4732221467
2026-05-15 22:00:00,3280718.4732221467
2026-05-15 22:15:00,3280718.4732221467
2026-05-15 22:30:00,3280718.4732221467
2026-05-15 22:45:00,3280718.4732221467
2026-05-15 23:00:00,3280718.4732221467
2026-05-15 23:15:00,3280718.4732221467
2026-05-15 23:30:00,3280718.4732221467
2026-05-15 23:45:00,3280718.4732221467
2026-05-16 01:00:00,3280718.4732221467
2026-05-16 01:15:00,3280718.4732221467
2026-05-16 01:30:00,3280718.4732221467
2026-05-16 01:45:00,3280718.4732221467
2026-05-16 02:00:00,3280718.4732221467
2026-05-16 02:15:00,3280718.4732221467
2026-05-16 02:30:00,3280718.4732221467
2026-05-16 02:45:00,3280718.4732221467
2026-05-16 03:00:00,3280718.4732221467
2026-05-16 03:15:00,3280718.4732221467
2026-05-16 03:30:00,3280718.4732221467
2026-05-16 03:45:00,3280718.4732221467
2026-05-16 04:00:00,3280718.4732221467
2026-05-16 04:15:00,3280718.4732221467
2026-05-16 04:30:00,3280718.4732221467
2026-05-16 04:45:00,3280718.4732221467
2026-05-16 05:00:00,3280718.4732221467
2026-05-16 05:15:00,3280718.4732221467
2026-05-16 05:30:00,3280718.4732221467
2026-05-16 05:45:00,3280718.4732221467
2026-05-16 06:00:00,3280718.4732221467
2026-05-16 06:15:00,3280718.4732221467
2026-05-16 06:30:00,3280718.4732221467
2026-05-16 06:45:00,3280718.4732221467
2026-05-16 07:00:00,3280718.4732221467
2026-05-16 07:15:00,3280718.4732221467
2026-05-16 07:30:00,3280718.4732221467
2026-05-16 07:45:00,3280718.4732221467
2026-05-16 08:00:00,3280718.4732221467
2026-05-16 08:15:00,3280718.4732221467
2026-05-16 08:30:00,3280718.4732221467
2026-05-16 08:45:00,3280718.4732221467
2026-05-16 09:00:00,3280718.4732221467
2026-05-16 09:15:00,3280718.4732221467
2026-05-16 09:30:00,3280718.4732221467
2026-05-16 09:45:00,3280718.4732221467
2026-05-16 10:00:00,3280718.4732221467
2026-05-16 10:15:00,3280718.4732221467
2026-05-16 10:30:00,3280718.4732221467
2026-05-16 10:45:00,3280718.4732221467
2026-05-16 11:00:00,3280718.4732221467
2026-05-16 11:15:00,3280718.4732221467
2026-05-16 11:30:00,3280718.4732221467
2026-05-16 11:45:00,3280718.4732221467
2026-05-16 12:00:00,3280718.4732221467
2026-05-16 12:15:00,3280718.4732221467
2026-05-16 12:30:00,3280718.4732221467
2026-05-16 12:45:00,3280718.4732221467
2026-05-16 13:00:00,3280718.4732221467
2026-05-16 13:15:00,3280718.4732221467
2026-05-16 13:30:00,3280718.4732221467
2026-05-16 13:45:00,3280718.4732221467
2026-05-16 14:00:00,3280718.4732221467
2026-05-16 14:15:00,3280718.4732221467
2026-05-16 14:30:00,3280718.4732221467
2026-05-16 14:45:00,3280718.4732221467
2026-05-16 15:00:00,3280718.4732221467
2026-05-16 15:15:00,3280718.4732221467
2026-05-16 15:30:00,3280718.4732221467
2026-05-16 15:45:00,3280718.4732221467
2026-05-16 16:00:00,3280718.4732221467
2026-05-16 16:15:00,3280718.4732221467
2026-05-16 16:30:00,3280718.4732221467
2026-05-16 16:45:00,3280718.4732221467
2026-05-16 17:00:00,3280718.4732221467
2026-05-16 17:15:00,3280718.4732221467
2026-05-16 17:30:00,3280718.4732221467
2026-05-16 17:45:00,3280718.4732221467
2026-05-16 18:00:00,3280718.4732221467
2026-05-16 18:15:00,3280718.4732221467
2026-05-16 18:30:00,3280718.4732221467
2026-05-16 18:45:00,3280718.4732221467
2026-05-16 19:00:00,3280718.4732221467
2026-05-16 19:15:00,3280718.4732221467
2026-05-16 19:30:00,3280718.4732221467
2026-05-16 19:45:00,3280718.4732221467
2026-05-16 20:00:00,3280718.4732221467
2026-05-16 20:15:00,3280718.4732221467
2026-05-16 20:30:00,3280718.4732221467
2026-05-16 20:45:00,3280718.4732221467
2026-05-16 21:00:00,3280718.4732221467
2026-05-16 21:15:00,3280718.4732221467
2026-05-16 21:30:00,3280718.4732221467
2026-05-16 21:45:00,3280718.4732221467
2026-05-16 22:00:00,3280718.4732221467
2026-05-16 22:15:00,3280718.4732221467
2026-05-16 22:30:00,3280718.4732221467
2026-05-16 22:45:00,3280718.4732221467
2026-05-16 23:00:00,3280718.4732221467
2026-05-16 23:15:00,3280718.4732221467
2026-05-16 23:30:00,3280718.4732221467
2026-05-16 23:45:00,3280718.4732221467
2026-05-17 00:00:00,3280718.4732221467
2026-05-17 00:15:00,3280718.4732221467
2026-05-17 00:30:00,3280718.4732221467
2026-05-17 00:45:00,3280718.4732221467
2026-05-17 01:00:00,3280718.4732221467
2026-05-17 01:15:00,3280718.4732221467
2026-05-17 01:30:00,3280718.4732221467
2026-05-17 01:45:00,3280718.4732221467
2026-05-17 02:00:00,3280718.4732221467
2026-05-17 02:15:00,3280718.4732221467
2026-05-17 02:30:00,3280718.4732221467
2026-05-17 02:45:00,3280718.4732221467
2026-05-17 03:00:00,3280718.4732221467
2026-05-17 03:15:00,3280718.4732221467
2026-05-17 03:30:00,3280718.4732221467
2026-05-17 03:45:00,3280718.4732221467
2026-05-17 04:00:00,3280718.4732221467
2026-05-17 04:15:00,3280718.4732221467
2026-05-17 04:30:00,3280718.4732221467
2026-05-17 04:45:00,3280718.4732221467
2026-05-17 05:00:00,3280718.4732221467
2026-05-17 05:15:00,3280718.4732221467
2026-05-17 05:30:00,3280718.4732221467
2026-05-17 05:45:00,3280718.4732221467
2026-05-17 06:00:00,3280718.4732221467
2026-05-17 06:15:00,3280718.4732221467
2026-05-17 06:30:00,3280718.4732221467
2026-05-17 06:45:00,3280718.4732221467
2026-05-17 07:00:00,3280718.4732221467
2026-05-17 07:15:00,3280718.4732221467
2026-05-17 07:30:00,3280718.4732221467
2026-05-17 07:45:00,3280718.4732221467
2026-05-17 08:00:00,3280718.4732221467
2026-05-17 08:15:00,3280718.4732221467
2026-05-17 08:30:00,3280718.4732221467
2026-05-17 08:45:00,3280718.4732221467
2026-05-17 09:00:00,3280718.4732221467
2026-05-17 09:15:00,3280718.4732221467
2026-05-17 09:30:00,3280718.4732221467
2026-05-17 09:45:00,3280718.4732221467
2026-05-17 10:00:00,3280718.4732221467
2026-05-17 10:15:00,3280718.4732221467
2026-05-17 10:30:00,3280718.4732221467
2026-05-17 10:45:00,3280718.4732221467
2026-05-17 11:00:00,3280718.4732221467
2026-05-17 11:15:00,3280718.4732221467
2026-05-17 11:30:00,3280718.4732221467
2026-05-17 11:45:00,3280718.4732221467
2026-05-17 12:00:00,3280718.4732221467
2026-05-17 12:15:00,3280718.4732221467
2026-05-17 12:30:00,3280718.4732221467
2026-05-17 12:45:00,3280718.4732221467
2026-05-17 13:00:00,3280718.4732221467
2026-05-17 13:15:00,3280718.4732221467
2026-05-17 13:30:00,3280718.4732221467
2026-05-17 13:45:00,3280718.4732221467
2026-05-17 14:00:00,3280718.4732221467
2026-05-17 14:15:00,3280718.4732221467
2026-05-17 14:30:00,3280718.4732221467
2026-05-17 14:45:00,3280718.4732221467
2026-05-17 15:00:00,3280718.4732221467
2026-05-17 15:15:00,3280718.4732221467
2026-05-17 15:30:00,3280718.4732221467
2026-05-17 15:45:00,3280718.4732221467
2026-05-17 16:00:00,3280718.4732221467
2026-05-17 16:15:00,3280718.4732221467
2026-05-17 16:30:00,3280718.4732221467
2026-05-17 16:45:00,3280718.4732221467
2026-05-17 17:00:00,3280718.4732221467
2026-05-17 17:15:00,3280718.4732221467
2026-05-17 17:30:00,3280718.4732221467
2026-05-17 17:45:00,3280718.4732221467
2026-05-17 18:00:00,3280718.4732221467
2026-05-17 18:15:00,3280718.4732221467
2026-05-17 18:30:00,3280718.4732221467
2026-05-17 18:45:00,3280718.4732221467
2026-05-17 19:00:00,3280718.4732221467
2026-05-17 19:15:00,3280718.4732221467
2026-05-17 19:30:00,3280718.4732221467
2026-05-17 19:45:00,3280718.4732221467
2026-05-17 20:00:00,3280718.4732221467
2026-05-17 20:15:00,3280718.4732221467
2026-05-17 20:30:00,3280718.4732221467
2026-05-17 20:45:00,3280718.4732221467
2026-05-17 21:00:00,3280718.4732221467
2026-05-17 21:15:00,3280718.4732221467
2026-05-17 21:30:00,3280718.4732221467
2026-05-17 21:45:00,3280718.4732221467
2026-05-17 22:00:00,3280718.4732221467
2026-05-17 22:15:00,3280718.4732221467
2026-05-17 22:30:00,3280718.4732221467
2026-05-17 22:45:00,3280718.4732221467
2026-05-17 23:00:00,3280718.4732221467
2026-05-17 23:15:00,3280718.4732221467
2026-05-17 23:30:00,3280718.4732221467
2026-05-17 23:45:00,3280718.4732221467
2026-05-18 00:00:00,3280718.4732221467
2026-05-18 00:15:00,3280718.4732221467
2026-05-18 00:30:00,3280718.4732221467
2026-05-18 00:45:00,3280718.4732221467
2026-05-18 01:00:00,3280718.4732221467
2026-05-18 01:15:00,3280718.4732221467
2026-05-18 01:30:00,3280718.4732221467
2026-05-18 01:45:00,3280718.4732221467
2026-05-18 02:00:00,3280718.4732221467
2026-05-18 02:15:00,3280718.4732221467
2026-05-18 02:30:00,3280718.4732221467
2026-05-18 02:45:00,3280718.4732221467
2026-05-18 03:00:00,3280718.4732221467
2026-05-18 03:15:00,3280718.4732221467
2026-05-18 03:30:00,3280718.4732221467
2026-05-18 03:45:00,3280718.4732221467
2026-05-18 04:00:00,3280718.4732221467
2026-05-18 04:15:00,3280718.4732221467
2026-05-18 04:30:00,3280718.4732221467
2026-05-18 04:45:00,3280718.4732221467
2026-05-18 05:00:00,3280718.4732221467
2026-05-18 05:15:00,3280718.4732221467
2026-05-18 05:30:00,3280718.4732221467
2026-05-18 05:45:00,3280718.4732221467
2026-05-18 06:00:00,3280718.4732221467
2026-05-18 06:15:00,3280718.4732221467
2026-05-18 06:30:00,3280718.4732221467
2026-05-18 06:45:00,3280718.4732221467
2026-05-18 07:00:00,3280718.4732221467
2026-05-18 07:15:00,3280718.4732221467
2026-05-18 07:30:00,3280718.4732221467
2026-05-18 07:45:00,3280718.4732221467
2026-05-18 08:00:00,3280718.4732221467
2026-05-18 08:15:00,3280718.4732221467
2026-05-18 08:30:00,3280718.4732221467
2026-05-18 08:45:00,3280718.4732221467
2026-05-18 09:00:00,3280718.4732221467
2026-05-18 09:15:00,3280718.4732221467
2026-05-18 09:30:00,3280718.4732221467
2026-05-18 09:45:00,3280718.4732221467
2026-05-18 10:00:00,3280718.4732221467
2026-05-18 10:15:00,3280718.4732221467
2026-05-18 10:30:00,3280718.4732221467
2026-05-18 10:45:00,3280718.4732221467
2026-05-18 11:00:00,3280718.4732221467
2026-05-18 11:15:00,3280718.4732221467
2026-05-18 11:30:00,3280718.4732221467
2026-05-18 11:45:00,3280718.4732221467
2026-05-18 12:00:00,3280718.4732221467
2026-05-18 12:15:00,3280718.4732221467
2026-05-18 12:30:00,3280718.4732221467
2026-05-18 12:45:00,3280718.4732221467
2026-05-18 13:00:00,3280718.4732221467
2026-05-18 13:15:00,3280718.4732221467
2026-05-18 13:30:00,3280718.4732221467
2026-05-18 13:45:00,3280718.4732221467
2026-05-18 14:00:00,3280718.4732221467
2026-05-18 14:15:00,3280718.4732221467
2026-05-18 14:30:00,3280718.4732221467
2026-05-18 14:45:00,3280718.4732221467
2026-05-18 15:00:00,3280718.4732221467
2026-05-18 15:15:00,3280718.4732221467
2026-05-18 15:30:00,3280718.4732221467
2026-05-18 15:45:00,3280718.4732221467
2026-05-18 16:00:00,3280718.4732221467
2026-05-18 16:15:00,3280718.4732221467
2026-05-18 16:30:00,3280718.4732221467
2026-05-18 16:45:00,3280718.4732221467
2026-05-18 17:00:00,3280718.4732221467
2026-05-18 17:15:00,3280718.4732221467
2026-05-18 17:30:00,3280718.4732221467
2026-05-18 17:45:00,3280718.4732221467
2026-05-18 18:00:00,3280718.4732221467
2026-05-18 18:15:00,3280718.4732221467
2026-05-18 18:30:00,3280718.4732221467
2026-05-18 18:45:00,3280718.4732221467
2026-05-18 19:00:00,3280718.4732221467
2026-05-18 19:15:00,3280718.4732221467
2026-05-18 19:30:00,3280718.4732221467
2026-05-18 19:45:00,3280718.4732221467
2026-05-18 20:00:00,3280718.4732221467
2026-05-18 20:15:00,3280718.4732221467
2026-05-18 20:30:00,3280718.4732221467
2026-05-18 20:45:00,3280718.4732221467
2026-05-18 21:00:00,3280718.4732221467
2026-05-18 21:15:00,3280718.4732221467
2026-05-18 21:30:00,3280718.4732221467
2026-05-18 21:45:00,3280718.4732221467
2026-05-18 22:00:00,3280718.4732221467
2026-05-18 22:15:00,3280718.4732221467
2026-05-18 22:30:00,3280718.4732221467
2026-05-18 22:45:00,3280718.4732221467
2026-05-18 23:00:00,3280718.4732221467
2026-05-18 23:15:00,3280718.4732221467
2026-05-18 23:30:00,3280718.4732221467
2026-05-18 23:45:00,3280718.4732221467
2026-05-19 00:00:00,3280718.4732221467
2026-05-19 00:15:00,3280718.4732221467
2026-05-19 00:30:00,3280718.4732221467
2026-05-19 00:45:00,3280718.4732221467
2026-05-19 01:00:00,3280718.4732221467
2026-05-19 01:15:00,3280718.4732221467
2026-05-19 01:30:00,3280718.4732221467
2026-05-19 01:45:00,3280718.4732221467
2026-05-19 02:00:00,3280718.4732221467
2026-05-19 02:15:00,3280718.4732221467
2026-05-19 02:30:00,3280718.4732221467
2026-05-19 02:45:00,3280718.4732221467
2026-05-19 03:00:00,3280718.4732221467
2026-05-19 03:15:00,3280718.4732221467
2026-05-19 03:30:00,3280718.4732221467
2026-05-19 03:45:00,3280718.4732221467
2026-05-19 04:00:00,3280718.4732221467
2026-05-19 04:15:00,3280718.4732221467
2026-05-19 04:30:00,3280718.4732221467
2026-05-19 04:45:00,3280718.4732221467
2026-05-19 05:00:00,3280718.4732221467
2026-05-19 05:15:00,3280718.4732221467
2026-05-19 05:30:00,3280718.4732221467
2026-05-19 05:45:00,3280718.4732221467
2026-05-19 06:00:00,3280718.4732221467
2026-05-19 06:15:00,3280718.4732221467
2026-05-19 06:30:00,3280718.4732221467
2026-05-19 06:45:00,3280718.4732221467
2026-05-19 07:00:00,3280718.4732221467
2026-05-19 07:15:00,3280718.4732221467
2026-05-19 07:30:00,3280718.4732221467
2026-05-19 07:45:00,3280718.4732221467
2026-05-19 08:00:00,3280718.4732221467
2026-05-19 08:15:00,3280718.4732221467
2026-05-19 08:30:00,3280718.4732221467
2026-05-19 08:45:00,3280718.4732221467
2026-05-19 09:00:00,3280718.4732221467
2026-05-19 09:15:00,3280718.4732221467
2026-05-19 09:30:00,3280718.4732221467
2026-05-19 09:45:00,3280718.4732221467
2026-05-19 10:00:00,3280718.4732221467
2026-05-19 10:15:00,3280718.4732221467
2026-05-19 10:30:00,3280718.4732221467
2026-05-19 10:45:00,3280718.4732221467
2026-05-19 11:00:00,3280718.4732221467
2026-05-19 11:15:00,3280718.4732221467
2026-05-19 11:30:00,3280718.4732221467
2026-05-19 11:45:00,3280718.4732221467
2026-05-19 12:00:00,3280718.4732221467
2026-05-19 12:15:00,3280718.4732221467
2026-05-19 12:30:00,3280718.4732221467
2026-05-19 12:45:00,3280718.4732221467
2026-05-19 13:00:00,3280718.4732221467
2026-05-19 13:15:00,3280718.4732221467
2026-05-19 13:30:00,3280718.4732221467
2026-05-19 13:45:00,3280718.4732221467
2026-05-19 14:00:00,3280718.4732221467
2026-05-19 14:15:00,3280718.4732221467
2026-05-19 14:30:00,3280718.4732221467
2026-05-19 14:45:00,3280718.4732221467
2026-05-19 15:00:00,3280718.4732221467
2026-05-19 15:15:00,3280718.4732221467
2026-05-19 15:30:00,3280718.4732221467
2026-05-19 15:45:00,3280718.4732221467
2026-05-19 16:00:00,3280718.4732221467
2026-05-19 16:15:00,3280718.4732221467
2026-05-19 16:30:00,3280718.4732221467
2026-05-19 16:45:00,3280718.4732221467
2026-05-19 17:00:00,3280718.4732221467
2026-05-19 17:15:00,3280718.4732221467
2026-05-19 17:30:00,3280718.4732221467
2026-05-19 17:45:00,3280718.4732221467
2026-05-19 18:00:00,3280718.4732221467
2026-05-19 18:15:00,3280718.4732221467
2026-05-19 18:30:00,3280718.4732221467
2026-05-19 18:45:00,3280718.4732221467
2026-05-19 19:00:00,3280718.4732221467
2026-05-19 19:15:00,3280718.4732221467
2026-05-19 19:30:00,3280718.4732221467
2026-05-19 19:45:00,3280718.4732221467
2026-05-19 20:00:00,3280718.4732221467
2026-05-19 20:15:00,3280718.4732221467
2026-05-19 20:30:00,3280718.4732221467
2026-05-19 20:45:00,3280718.4732221467
2026-05-19 21:00:00,3280718.4732221467
2026-05-19 21:15:00,3280718.4732221467
2026-05-19 21:30:00,3280718.4732221467
2026-05-19 21:45:00,3280718.4732221467
2026-05-19 22:00:00,3280718.4732221467
2026-05-19 22:15:00,3280718.4732221467
2026-05-19 22:30:00,3280718.4732221467
2026-05-19 22:45:00,3280718.4732221467
2026-05-19 23:00:00,3280718.4732221467
2026-05-19 23:15:00,3280718.4732221467
2026-05-19 23:30:00,3280718.4732221467
2026-05-19 23:45:00,3280718.4732221467
2026-05-20 00:00:00,3280718.4732221467
2026-05-20 00:15:00,3280718.4732221467
2026-05-20 00:30:00,3280718.4732221467
2026-05-20 00:45:00,3280718.4732221467
2026-05-20 01:00:00,3280718.4732221467
2026-05-20 01:15:00,3280718.4732221467
2026-05-20 01:30:00,3280718.4732221467
2026-05-20 01:45:00,3280718.4732221467
2026-05-20 02:00:00,3280718.4732221467
2026-05-20 02:15:00,3280718.4732221467
2026-05-20 02:30:00,3280718.4732221467
2026-05-20 02:45:00,3280718.4732221467
2026-05-20 03:00:00,3280718.4732221467
2026-05-20 03:15:00,3280718.4732221467
2026-05-20 03:30:00,3280718.4732221467
2026-05-20 03:45:00,3280718.4732221467
2026-05-20 04:00:00,3280718.4732221467
2026-05-20 04:15:00,3280718.4732221467
2026-05-20 04:30:00,3280718.4732221467
2026-05-20 04:45:00,3280718.4732221467
2026-05-20 05:00:00,3280718.4732221467
2026-05-20 05:15:00,3280718.4732221467
2026-05-20 05:30:00,3280718.4732221467
2026-05-20 05:45:00,3280718.4732221467
2026-05-20 06:00:00,3280718.4732221467
2026-05-20 06:15:00,3280718.4732221467
2026-05-20 06:30:00,3280718.4732221467
2026-05-20 06:45:00,3280718.4732221467
2026-05-20 07:00:00,3280718.4732221467
2026-05-20 07:15:00,3280718.4732221467
2026-05-20 07:30:00,3280718.4732221467
2026-05-20 07:45:00,3280718.4732221467
2026-05-20 08:00:00,3280718.4732221467
2026-05-20 08:15:00,3280718.4732221467
2026-05-20 08:30:00,3280718.4732221467
2026-05-20 08:45:00,3280718.4732221467
2026-05-20 09:00:00,3280718.4732221467
2026-05-20 09:15:00,3280718.4732221467
2026-05-20 09:30:00,3280718.4732221467
2026-05-20 09:45:00,3280718.4732221467
2026-05-20 10:00:00,3280718.4732221467
2026-05-20 10:15:00,3280718.4732221467
2026-05-20 10:30:00,3280718.4732221467
2026-05-20 10:45:00,3280718.4732221467
2026-05-20 11:00:00,3280718.4732221467
2026-05-20 11:15:00,3280718.4732221467
2026-05-20 11:30:00,3280718.4732221467
2026-05-20 11:45:00,3280718.4732221467
2026-05-20 12:00:00,3280718.4732221467
2026-05-20 12:15:00,3280718.4732221467
2026-05-20 12:30:00,3280718.4732221467
2026-05-20 12:45:00,3280718.4732221467
2026-05-20 13:00:00,3280718.4732221467
2026-05-20 13:15:00,3280718.4732221467
2026-05-20 13:30:00,3280718.4732221467
2026-05-20 13:45:00,3280718.4732221467
2026-05-20 14:00:00,3280718.4732221467
2026-05-20 14:15:00,3280718.4732221467
2026-05-20 14:30:00,3280718.4732221467
2026-05-20 14:45:00,3280718.4732221467
2026-05-20 15:00:00,3280718.4732221467
2026-05-20 15:15:00,3280718.4732221467
2026-05-20 15:30:00,3280718.4732221467
2026-05-20 15:45:00,3280718.4732221467
2026-05-20 16:00:00,3280718.4732221467
2026-05-20 16:15:00,3280718.4732221467
2026-05-20 16:30:00,3280718.4732221467
2026-05-20 16:45:00,3280718.4732221467
2026-05-20 17:00:00,3280718.4732221467
2026-05-20 17:15:00,3280718.4732221467
2026-05-20 17:30:00,3280718.4732221467
2026-05-20 17:45:00,3280718.4732221467
2026-05-20 18:00:00,3280718.4732221467
2026-05-20 18:15:00,3280718.4732221467
2026-05-20 18:30:00,3280718.4732221467
2026-05-20 18:45:00,3280718.4732221467
2026-05-20 19:00:00,3280718.4732221467
2026-05-20 19:15:00,3280718.4732221467
2026-05-20 19:30:00,3280718.4732221467
2026-05-20 19:45:00,3280718.4732221467
2026-05-20 20:00:00,3280718.4732221467
2026-05-20 20:15:00,3280718.4732221467
2026-05-20 20:30:00,3280718.4732221467
2026-05-20 20:45:00,3280718.4732221467
2026-05-20 21:00:00,3280718.4732221467
2026-05-20 21:15:00,3280718.4732221467
2026-05-20 21:30:00,3280718.4732221467
2026-05-20 21:45:00,3280718.4732221467
2026-05-20 22:00:00,3280718.4732221467
2026-05-20 22:15:00,3280718.4732221467
2026-05-20 22:30:00,3280718.4732221467
2026-05-20 22:45:00,3280718.4732221467
2026-05-20 23:00:00,3280718.4732221467
2026-05-20 23:15:00,3280718.4732221467
2026-05-20 23:30:00,3280718.4732221467
2026-05-20 23:45:00,3280718.4732221467
2026-05-21 00:00:00,3280718.4732221467
2026-05-21 00:15:00,3280718.4732221467
2026-05-21 00:30:00,3280718.4732221467
2026-05-21 00:45:00,3280718.4732221467
2026-05-21 01:00:00,3280718.4732221467
2026-05-21 01:15:00,3280718.4732221467
2026-05-21 01:30:00,3280718.4732221467
2026-05-21 01:45:00,3280718.4732221467
2026-05-21 02:00:00,3280718.4732221467
2026-05-21 02:15:00,3280718.4732221467
2026-05-21 02:30:00,3280718.4732221467
2026-05-21 02:45:00,3280718.4732221467
2026-05-21 03:00:00,3280718.4732221467
2026-05-21 03:15:00,3280718.4732221467
2026-05-21 03:30:00,3280718.4732221467
2026-05-21 03:45:00,3280718.4732221467
2026-05-21 04:00:00,3280718.4732221467
2026-05-21 04:15:00,3280718.4732221467
2026-05-21 04:30:00,3280718.4732221467
2026-05-21 04:45:00,3280718.4732221467
2026-05-21 05:00:00,3280718.4732221467
2026-05-21 05:15:00,3280718.4732221467
2026-05-21 05:30:00,3280718.4732221467
2026-05-21 05:45:00,3280718.4732221467
2026-05-21 06:00:00,3280718.4732221467
2026-05-21 06:15:00,3280718.4732221467
2026-05-21 06:30:00,3280718.4732221467
2026-05-21 06:45:00,3280718.4732221467
2026-05-21 07:00:00,3280718.4732221467
2026-05-21 07:15:00,3280718.4732221467
2026-05-21 07:30:00,3280718.4732221467
2026-05-21 07:45:00,3280718.4732221467
2026-05-21 08:00:00,3280718.4732221467
2026-05-21 08:15:00,3280718.4732221467
2026-05-21 08:30:00,3280718.4732221467
2026-05-21 08:45:00,3280718.4732221467
2026-05-21 09:00:00,3280718.4732221467
2026-05-21 09:15:00,3280718.4732221467
2026-05-21 09:30:00,3280718.4732221467
2026-05-21 09:45:00,3280718.4732221467
2026-05-21 10:00:00,3280718.4732221467
2026-05-21 10:15:00,3280718.4732221467
2026-05-21 10:30:00,3280718.4732221467
2026-05-21 10:45:00,3280718.4732221467
2026-05-21 11:00:00,3280718.4732221467
2026-05-21 11:15:00,3280718.4732221467
2026-05-21 11:30:00,3280718.4732221467
2026-05-21 11:45:00,3280718.4732221467
2026-05-21 12:00:00,3280718.4732221467
2026-05-21 12:15:00,3280718.4732221467
2026-05-21 12:30:00,3280718.4732221467
2026-05-21 12:45:00,3280718.4732221467
2026-05-21 13:00:00,3280718.4732221467
2026-05-21 13:15:00,3280718.4732221467
2026-05-21 13:30:00,3280718.4732221467
2026-05-21 13:45:00,3280718.4732221467
2026-05-21 14:00:00,3280718.4732221467
2026-05-21 14:15:00,3280718.4732221467
2026-05-21 14:30:00,3280718.4732221467
2026-05-21 14:45:00,3280718.4732221467
2026-05-21 15:00:00,3280718.4732221467
2026-05-21 15:15:00,3280718.4732221467
2026-05-21 15:30:00,3280718.4732221467
2026-05-21 15:45:00,3280718.4732221467
2026-05-21 16:00:00,3280718.4732221467
2026-05-21 16:15:00,3280718.4732221467
2026-05-21 16:30:00,3280718.4732221467
2026-05-21 16:45:00,3280718.4732221467
2026-05-21 17:00:00,3280718.4732221467
2026-05-21 17:15:00,3280718.4732221467
2026-05-21 17:30:00,3280718.4732221467
2026-05-21 17:45:00,3280718.4732221467
2026-05-21 18:00:00,3280718.4732221467
2026-05-21 18:15:00,3280718.4732221467
2026-05-21 18:30:00,3280718.4732221467
2026-05-21 18:45:00,3280718.4732221467
2026-05-21 19:00:00,3280718.4732221467
2026-05-21 19:15:00,3280718.4732221467
2026-05-21 19:30:00,3280718.4732221467
2026-05-21 19:45:00,3280718.4732221467
2026-05-21 20:00:00,3280718.4732221467
2026-05-21 20:15:00,3280718.4732221467
2026-05-21 20:30:00,3280718.4732221467
2026-05-21 20:45:00,3280718.4732221467
2026-05-21 21:00:00,3280718.4732221467
2026-05-21 21:15:00,3280718.4732221467
2026-05-21 21:30:00,3280718.4732221467
2026-05-21 21:45:00,3280718.4732221467
2026-05-21 22:00:00,3280718.4732221467
2026-05-21 22:15:00,3280718.4732221467
2026-05-21 22:30:00,3280718.4732221467
2026-05-21 22:45:00,3280718.4732221467
2026-05-21 23:00:00,3280718.4732221467
2026-05-21 23:15:00,3280718.4732221467
2026-05-21 23:30:00,3280718.4732221467
2026-05-21 23:45:00,3280718.4732221467
2026-05-22 00:00:00,3280718.4732221467
2026-05-22 00:15:00,3280718.4732221467
2026-05-22 00:30:00,3280718.4732221467
2026-05-22 00:45:00,3280718.4732221467
2026-05-22 01:00:00,3280718.4732221467
2026-05-22 01:15:00,3280718.4732221467
2026-05-22 01:30:00,3280718.4732221467
2026-05-22 01:45:00,3280718.4732221467
2026-05-22 02:00:00,3280718.4732221467
2026-05-22 02:15:00,3280718.4732221467
2026-05-22 02:30:00,3280718.4732221467
2026-05-22 02:45:00,3280718.4732221467
2026-05-22 03:00:00,3280718.4732221467
2026-05-22 03:15:00,3280718.4732221467
2026-05-22 03:30:00,3280718.4732221467
2026-05-22 03:45:00,3280718.4732221467
2026-05-22 04:00:00,3280718.4732221467
2026-05-22 04:15:00,3280718.4732221467
2026-05-22 04:30:00,3280718.4732221467
2026-05-22 04:45:00,3280718.4732221467
2026-05-22 05:00:00,3280718.4732221467
2026-05-22 05:15:00,3280718.4732221467
2026-05-22 05:30:00,3280718.4732221467
2026-05-22 05:45:00,3280718.4732221467
2026-05-22 06:00:00,3280718.4732221467
2026-05-22 06:15:00,3280718.4732221467
2026-05-22 06:30:00,3280718.4732221467
2026-05-22 06:45:00,3280718.4732221467
2026-05-22 07:00:00,3280718.4732221467
2026-05-22 07:15:00,3280718.4732221467
2026-05-22 07:30:00,3280718.4732221467
2026-05-22 07:45:00,3280718.4732221467
2026-05-22 08:00:00,3280718.4732221467
2026-05-22 08:15:00,3280718.4732221467
2026-05-22 08:30:00,3280718.4732221467
2026-05-22 08:45:00,3280718.4732221467
2026-05-22 09:00:00,3280718.4732221467
2026-05-22 09:15:00,3280718.4732221467
2026-05-22 09:30:00,3280718.4732221467
2026-05-22 09:45:00,3280718.4732221467
2026-05-22 10:00:00,3280718.4732221467
2026-05-22 10:15:00,3280718.4732221467
2026-05-22 10:30:00,3280718.4732221467
2026-05-22 10:45:00,3280718.4732221467
2026-05-22 11:00:00,3280718.4732221467
2026-05-22 11:15:00,3280718.4732221467
2026-05-22 11:30:00,3280718.4732221467
2026-05-22 11:45:00,3280718.4732221467
2026-05-22 12:00:00,3280718.4732221467
2026-05-22 12:15:00,3280718.4732221467
2026-05-22 12:30:00,3280718.4732221467
2026-05-22 12:45:00,3280718.4732221467
2026-05-22 13:00:00,3280718.4732221467
2026-05-22 13:15:00,3280718.4732221467
2026-05-22 13:30:00,3280718.4732221467
2026-05-22 13:45:00,3280718.4732221467
2026-05-22 14:00:00,3280718.4732221467
2026-05-22 14:15:00,3280718.4732221467
2026-05-22 14:30:00,3280718.4732221467
2026-05-22 14:45:00,3280718.4732221467
2026-05-22 15:00:00,3280718.4732221467
2026-05-22 15:15:00,3280718.4732221467
2026-05-22 15:30:00,3280718.4732221467
2026-05-22 15:45:00,3280718.4732221467
2026-05-22 16:00:00,3280718.4732221467
2026-05-22 16:15:00,3280718.4732221467
2026-05-22 16:30:00,3280718.4732221467
2026-05-22 16:45:00,3280718.4732221467
2026-05-22 17:00:00,3280718.4732221467
2026-05-22 17:15:00,3280718.4732221467
2026-05-22 17:30:00,3280718.4732221467
2026-05-22 17:45:00,3280718.4732221467
2026-05-22 18:00:00,3280718.4732221467
2026-05-22 18:15:00,3280718.4732221467
2026-05-22 18:30:00,3280718.4732221467
2026-05-22 18:45:00,3280718.4732221467
2026-05-22 19:00:00,3280718.4732221467
2026-05-22 19:15:00,3280718.4732221467
2026-05-22 19:30:00,3280718.4732221467
2026-05-22 19:45:00,3280718.4732221467
2026-05-22 20:00:00,3280718.4732221467
2026-05-22 20:15:00,3280718.4732221467
2026-05-22 20:30:00,3280718.4732221467
2026-05-22 20:45:00,3280718.4732221467
2026-05-22 21:00:00,3280718.4732221467
2026-05-22 21:15:00,3280718.4732221467
2026-05-22 21:30:00,3280718.4732221467
2026-05-22 21:45:00,3280718.4732221467
2026-05-22 22:00:00,3280718.4732221467
2026-05-22 22:15:00,3280718.4732221467
2026-05-22 22:30:00,3280718.4732221467
2026-05-22 22:45:00,3280718.4732221467
2026-05-22 23:00:00,3280718.4732221467
2026-05-22 23:15:00,3280718.4732221467
2026-05-22 23:30:00,3280718.4732221467
2026-05-22 23:45:00,3280718.4732221467
2026-05-23 01:00:00,3280718.4732221467
2026-05-23 01:15:00,3280718.4732221467
2026-05-23 01:30:00,3280718.4732221467
2026-05-23 01:45:00,3280718.4732221467
2026-05-23 02:00:00,3280718.4732221467
2026-05-23 02:15:00,3280718.4732221467
2026-05-23 02:30:00,3280718.4732221467
2026-05-23 02:45:00,3280718.4732221467
2026-05-23 03:00:00,3280718.4732221467
2026-05-23 03:15:00,3280718.4732221467
2026-05-23 03:30:00,3280718.4732221467
2026-05-23 03:45:00,3280718.4732221467
2026-05-23 04:00:00,3280718.4732221467
2026-05-23 04:15:00,3280718.4732221467
2026-05-23 04:30:00,3280718.4732221467
2026-05-23 04:45:00,3280718.4732221467
2026-05-23 05:00:00,3280718.4732221467
2026-05-23 05:15:00,3280718.4732221467
2026-05-23 05:30:00,3280718.4732221467
2026-05-23 05:45:00,3280718.4732221467
2026-05-23 06:00:00,3280718.4732221467
2026-05-23 06:15:00,3280718.4732221467
2026-05-23 06:30:00,3280718.4732221467
2026-05-23 06:45:00,3280718.4732221467
2026-05-23 07:00:00,3280718.4732221467
2026-05-23 07:15:00,3280718.4732221467
2026-05-23 07:30:00,3280718.4732221467
2026-05-23 07:45:00,3280718.4732221467
2026-05-23 08:00:00,3280718.4732221467
2026-05-23 08:15:00,3280718.4732221467
2026-05-23 08:30:00,3280718.4732221467
2026-05-23 08:45:00,3280718.4732221467
2026-05-23 09:00:00,3280718.4732221467
2026-05-23 09:15:00,3280718.4732221467
2026-05-23 09:30:00,3280718.4732221467
2026-05-23 09:45:00,3280718.4732221467
2026-05-23 10:00:00,3280718.4732221467
2026-05-23 10:15:00,3280718.4732221467
2026-05-23 10:30:00,3280718.4732221467
2026-05-23 10:45:00,3280718.4732221467
2026-05-23 11:00:00,3280718.4732221467
2026-05-23 11:15:00,3280718.4732221467
2026-05-23 11:30:00,3280718.4732221467
2026-05-23 11:45:00,3280718.4732221467
2026-05-23 12:00:00,3280718.4732221467
2026-05-23 12:15:00,3280718.4732221467
2026-05-23 12:30:00,3280718.4732221467
2026-05-23 12:45:00,3280718.4732221467
2026-05-23 13:00:00,3280718.4732221467
2026-05-23 13:15:00,3280718.4732221467
2026-05-23 13:30:00,3280718.4732221467
2026-05-23 13:45:00,3280718.4732221467
2026-05-23 14:00:00,3280718.4732221467
2026-05-23 14:15:00,3280718.4732221467
2026-05-23 14:30:00,3280718.4732221467
2026-05-23 14:45:00,3280718.4732221467
2026-05-23 15:00:00,3280718.4732221467
2026-05-23 15:15:00,3280718.4732221467
2026-05-23 15:30:00,3280718.4732221467
2026-05-23 15:45:00,3280718.4732221467
2026-05-23 16:00:00,3280718.4732221467
2026-05-23 16:15:00,3280718.4732221467
2026-05-23 16:30:00,3280718.4732221467
2026-05-23 16:45:00,3280718.4732221467
2026-05-23 17:00:00,3280718.4732221467
2026-05-23 17:15:00,3280718.4732221467
2026-05-23 17:30:00,3280718.4732221467
2026-05-23 17:45:00,3280718.4732221467
2026-05-23 18:00:00,3280718.4732221467
2026-05-23 18:15:00,3280718.4732221467
2026-05-23 18:30:00,3280718.4732221467
2026-05-23 18:45:00,3280718.4732221467
2026-05-23 19:00:00,3280718.4732221467
2026-05-23 19:15:00,3280718.4732221467
2026-05-23 19:30:00,3280718.4732221467
2026-05-23 19:45:00,3280718.4732221467
2026-05-23 20:00:00,3280718.4732221467
2026-05-23 20:15:00,3280718.4732221467
2026-05-23 20:30:00,3280718.4732221467
2026-05-23 20:45:00,3280718.4732221467
2026-05-23 21:00:00,3280718.4732221467
2026-05-23 21:15:00,3280718.4732221467
2026-05-23 21:30:00,3280718.4732221467
2026-05-23 21:45:00,3280718.4732221467
2026-05-23 22:00:00,3280718.4732221467
2026-05-23 22:15:00,3280718.4732221467
2026-05-23 22:30:00,3280718.4732221467
2026-05-23 22:45:00,3280718.4732221467
2026-05-23 23:00:00,3280718.4732221467
2026-05-23 23:15:00,3280718.4732221467
2026-05-23 23:30:00,3280718.4732221467
2026-05-23 23:45:00,3280718.4732221467
2026-05-24 00:00:00,3280718.4732221467
2026-05-24 00:15:00,3280718.4732221467
2026-05-24 00:30:00,3280718.4732221467
2026-05-24 00:45:00,3280718.4732221467
2026-05-24 01:00:00,3280718.4732221467
2026-05-24 01:15:00,3280718.4732221467
2026-05-24 01:30:00,3280718.4732221467
2026-05-24 01:45:00,3280718.4732221467
2026-05-24 02:00:00,3280718.4732221467
2026-05-24 02:15:00,3280718.4732221467
2026-05-24 02:30:00,3280718.4732221467
2026-05-24 02:45:00,3280718.4732221467
2026-05-24 03:00:00,3280718.4732221467
2026-05-24 03:15:00,3280718.4732221467
2026-05-24 03:30:00,3280718.4732221467
2026-05-24 03:45:00,3280718.4732221467
2026-05-24 04:00:00,3280718.4732221467
2026-05-24 04:15:00,3280718.4732221467
2026-05-24 04:30:00,3280718.4732221467
2026-05-24 04:45:00,3280718.4732221467
2026-05-24 05:00:00,3280718.4732221467
2026-05-24 05:15:00,3280718.4732221467
2026-05-24 05:30:00,3280718.4732221467
2026-05-24 05:45:00,3280718.4732221467
2026-05-24 06:00:00,3280718.4732221467
2026-05-24 06:15:00,3280718.4732221467
2026-05-24 06:30:00,3280718.4732221467
2026-05-24 06:45:00,3280718.4732221467
2026-05-24 07:00:00,3280718.4732221467
2026-05-24 07:15:00,3280718.4732221467
2026-05-24 07:30:00,3280718.4732221467
2026-05-24 07:45:00,3280718.4732221467
2026-05-24 08:00:00,3280718.4732221467
2026-05-24 08:15:00,3280718.4732221467
2026-05-24 08:30:00,3280718.4732221467
2026-05-24 08:45:00,3280718.4732221467
2026-05-24 09:00:00,3280718.4732221467
2026-05-24 09:15:00,3280718.4732221467
2026-05-24 09:30:00,3280718.4732221467
2026-05-24 09:45:00,3280718.4732221467
2026-05-24 10:00:00,3280718.4732221467
2026-05-24 10:15:00,3280718.4732221467
2026-05-24 10:30:00,3280718.4732221467
2026-05-24 10:45:00,3280718.4732221467
2026-05-24 11:00:00,3280718.4732221467
2026-05-24 11:15:00,3280718.4732221467
2026-05-24 11:30:00,3280718.4732221467
2026-05-24 11:45:00,3280718.4732221467
2026-05-24 12:00:00,3280718.4732221467
2026-05-24 12:15:00,3280718.4732221467
2026-05-24 12:30:00,3280718.4732221467
2026-05-24 12:45:00,3280718.4732221467
2026-05-24 13:00:00,3280718.4732221467
2026-05-24 13:15:00,3280718.4732221467
2026-05-24 13:30:00,3280718.4732221467
2026-05-24 13:45:00,3280718.4732221467
2026-05-24 14:00:00,3280718.4732221467
2026-05-24 14:15:00,3280718.4732221467
2026-05-24 14:30:00,3280718.4732221467
2026-05-24 14:45:00,3280718.4732221467
2026-05-24 15:00:00,3280718.4732221467
2026-05-24 15:15:00,3280718.4732221467
2026-05-24 15:30:00,3280718.4732221467
2026-05-24 15:45:00,3280718.4732221467
2026-05-24 16:00:00,3280718.4732221467
2026-05-24 16:15:00,3280718.4732221467
2026-05-24 16:30:00,3280718.4732221467
2026-05-24 16:45:00,3280718.4732221467
2026-05-24 17:00:00,3280718.4732221467
2026-05-24 17:15:00,3280718.4732221467
2026-05-24 17:30:00,3280718.4732221467
2026-05-24 17:45:00,3280718.4732221467
2026-05-24 18:00:00,3280718.4732221467
2026-05-24 18:15:00,3280718.4732221467
2026-05-24 18:30:00,3280718.4732221467
2026-05-24 18:45:00,3280718.4732221467
2026-05-24 19:00:00,3280718.4732221467
2026-05-24 19:15:00,3280718.4732221467
2026-05-24 19:30:00,3280718.4732221467
2026-05-24 19:45:00,3280718.4732221467
2026-05-24 20:00:00,3280718.4732221467
2026-05-24 20:15:00,3280718.4732221467
2026-05-24 20:30:00,3280718.4732221467
2026-05-24 20:45:00,3280718.4732221467
2026-05-24 21:00:00,3280718.4732221467
2026-05-24 21:15:00,3280718.4732221467
2026-05-24 21:30:00,3280718.4732221467
2026-05-24 21:45:00,3280718.4732221467
2026-05-24 22:00:00,3280718.4732221467
2026-05-24 22:15:00,3280718.4732221467
2026-05-24 22:30:00,3280718.4732221467
2026-05-24 22:45:00,3280718.4732221467
2026-05-24 23:00:00,3280718.4732221467
2026-05-24 23:15:00,3280718.4732221467
2026-05-24 23:30:00,3280718.4732221467
2026-05-24 23:45:00,3280718.4732221467
2026-05-25 00:00:00,3280718.4732221467
2026-05-25 00:15:00,3280718.4732221467
2026-05-25 00:30:00,3280718.4732221467
2026-05-25 00:45:00,3280718.4732221467
2026-05-25 01:00:00,3280718.4732221467
2026-05-25 01:15:00,3280718.4732221467
2026-05-25 01:30:00,3280718.4732221467
2026-05-25 01:45:00,3280718.4732221467
2026-05-25 02:00:00,3280718.4732221467
2026-05-25 02:15:00,3280718.4732221467
2026-05-25 02:30:00,3280718.4732221467
2026-05-25 02:45:00,3280718.4732221467
2026-05-25 03:00:00,3280718.4732221467
2026-05-25 03:15:00,3280718.4732221467
2026-05-25 03:30:00,3280718.4732221467
2026-05-25 03:45:00,3280718.4732221467
2026-05-25 04:00:00,3280718.4732221467
2026-05-25 04:15:00,3280718.4732221467
2026-05-25 04:30:00,3280718.4732221467
2026-05-25 04:45:00,3280718.4732221467
2026-05-25 05:00:00,3280718.4732221467
2026-05-25 05:15:00,3280718.4732221467
2026-05-25 05:30:00,3280718.4732221467
2026-05-25 05:45:00,3280718.4732221467
2026-05-25 06:00:00,3280718.4732221467
2026-05-25 06:15:00,3280718.4732221467
2026-05-25 06:30:00,3280718.4732221467
2026-05-25 06:45:00,3280718.4732221467
2026-05-25 07:00:00,3280718.4732221467
2026-05-25 07:15:00,3280718.4732221467
2026-05-25 07:30:00,3280718.4732221467
2026-05-25 07:45:00,3280718.4732221467
2026-05-25 08:00:00,3280718.4732221467
2026-05-25 08:15:00,3280718.4732221467
2026-05-25 08:30:00,3280718.4732221467
2026-05-25 08:45:00,3280718.4732221467
2026-05-25 09:00:00,3280718.4732221467
2026-05-25 09:15:00,3280718.4732221467
2026-05-25 09:30:00,3280718.4732221467
2026-05-25 09:45:00,3280718.4732221467
2026-05-25 10:00:00,3280718.4732221467
2026-05-25 10:15:00,3280718.4732221467
2026-05-25 10:30:00,3280718.4732221467
2026-05-25 10:45:00,3280718.4732221467
2026-05-25 11:00:00,3280718.4732221467
2026-05-25 11:15:00,3280718.4732221467
2026-05-25 11:30:00,3280718.4732221467
2026-05-25 11:45:00,3280718.4732221467
2026-05-25 12:00:00,3280718.4732221467
2026-05-25 12:15:00,3280718.4732221467
2026-05-25 12:30:00,3280718.4732221467
2026-05-25 12:45:00,3280718.4732221467
2026-05-25 13:00:00,3280718.4732221467
2026-05-25 13:15:00,3280718.4732221467
2026-05-25 13:30:00,3280718.4732221467
2026-05-25 13:45:00,3280718.4732221467
2026-05-25 14:00:00,3280718.4732221467
2026-05-25 14:15:00,3280718.4732221467
2026-05-25 14:30:00,3280718.4732221467
2026-05-25 14:45:00,3280718.4732221467
2026-05-25 15:00:00,3280718.4732221467
2026-05-25 15:15:00,3280718.4732221467
2026-05-25 15:30:00,3280718.4732221467
2026-05-25 15:45:00,3280718.4732221467
2026-05-25 16:00:00,3280718.4732221467
2026-05-25 16:15:00,3280718.4732221467
2026-05-25 16:30:00,3280718.4732221467
2026-05-25 16:45:00,3280718.4732221467
2026-05-25 17:00:00,3280718.4732221467
2026-05-25 17:15:00,3280718.4732221467
2026-05-25 17:30:00,3280718.4732221467
2026-05-25 17:45:00,3280718.4732221467
2026-05-25 18:00:00,3280718.4732221467
2026-05-25 18:15:00,3280718.4732221467
2026-05-25 18:30:00,3280718.4732221467
2026-05-25 18:45:00,3280718.4732221467
2026-05-25 19:00:00,3280718.4732221467
2026-05-25 19:15:00,3280718.4732221467
2026-05-25 19:30:00,3280718.4732221467
2026-05-25 19:45:00,3280718.4732221467
2026-05-25 20:00:00,3280718.4732221467
2026-05-25 20:15:00,3280718.4732221467
2026-05-25 20:30:00,3280718.4732221467
2026-05-25 20:45:00,3280718.4732221467
2026-05-25 21:00:00,3280718.4732221467
2026-05-25 21:15:00,3280718.4732221467
2026-05-25 21:30:00,3280718.4732221467
2026-05-25 21:45:00,3280718.4732221467
2026-05-25 22:00:00,3280718.4732221467
2026-05-25 22:15:00,3280718.4732221467
2026-05-25 22:30:00,3280718.4732221467
2026-05-25 22:45:00,3280718.4732221467
2026-05-25 23:00:00,3280718.4732221467
2026-05-25 23:15:00,3280718.4732221467
2026-05-25 23:30:00,3280718.4732221467
2026-05-25 23:45:00,3280718.4732221467
2026-05-26 00:00:00,3280718.4732221467
2026-05-26 00:15:00,3280718.4732221467
2026-05-26 00:30:00,3280718.4732221467
2026-05-26 00:45:00,3280718.4732221467
2026-05-26 01:00:00,3280718.4732221467
2026-05-26 01:15:00,3280718.4732221467
2026-05-26 01:30:00,3280718.4732221467
2026-05-26 01:45:00,3280718.4732221467
2026-05-26 02:00:00,3280718.4732221467
2026-05-26 02:15:00,3280718.4732221467
2026-05-26 02:30:00,3280718.4732221467
2026-05-26 02:45:00,3280718.4732221467
2026-05-26 03:00:00,3280718.4732221467
2026-05-26 03:15:00,3280718.4732221467
2026-05-26 03:30:00,3280718.4732221467
2026-05-26 03:45:00,3280718.4732221467
2026-05-26 04:00:00,3280718.4732221467
2026-05-26 04:15:00,3280718.4732221467
2026-05-26 04:30:00,3280718.4732221467
2026-05-26 04:45:00,3280718.4732221467
2026-05-26 05:00:00,3280718.4732221467
2026-05-26 05:15:00,3280718.4732221467
2026-05-26 05:30:00,3280718.4732221467
2026-05-26 05:45:00,3280718.4732221467
2026-05-26 06:00:00,3280718.4732221467
2026-05-26 06:15:00,3280718.4732221467
2026-05-26 06:30:00,3280718.4732221467
2026-05-26 06:45:00,3280718.4732221467
2026-05-26 07:00:00,3280718.4732221467
2026-05-26 07:15:00,3280718.4732221467
2026-05-26 07:30:00,3280718.4732221467
2026-05-26 07:45:00,3280718.4732221467
2026-05-26 08:00:00,3280718.4732221467
2026-05-26 08:15:00,3280718.4732221467
2026-05-26 08:30:00,3280718.4732221467
2026-05-26 08:45:00,3280718.4732221467
2026-05-26 09:00:00,3280718.4732221467
2026-05-26 09:15:00,3280718.4732221467
2026-05-26 09:30:00,3280718.4732221467
2026-05-26 09:45:00,3280718.4732221467
2026-05-26 10:00:00,3280718.4732221467
2026-05-26 10:15:00,3280718.4732221467
2026-05-26 10:30:00,3280718.4732221467
2026-05-26 10:45:00,3280718.4732221467
2026-05-26 11:00:00,3280718.4732221467
2026-05-26 11:15:00,3280718.4732221467
2026-05-26 11:30:00,3280718.4732221467
2026-05-26 11:45:00,3280718.4732221467
2026-05-26 12:00:00,3280718.4732221467
2026-05-26 12:15:00,3280718.4732221467
2026-05-26 12:30:00,3280718.4732221467
2026-05-26 12:45:00,3280718.4732221467
2026-05-26 13:00:00,3280718.4732221467
2026-05-26 13:15:00,3280718.4732221467
2026-05-26 13:30:00,3280718.4732221467
2026-05-26 13:45:00,3280718.4732221467
2026-05-26 14:00:00,3280718.4732221467
2026-05-26 14:15:00,3280718.4732221467
2026-05-26 14:30:00,3280718.4732221467
2026-05-26 14:45:00,3280718.4732221467
2026-05-26 15:00:00,3280718.4732221467
2026-05-26 15:15:00,3280718.4732221467
2026-05-26 15:30:00,3280718.4732221467
2026-05-26 15:45:00,3280718.4732221467
2026-05-26 16:00:00,3280718.4732221467
2026-05-26 16:15:00,3280718.4732221467
2026-05-26 16:30:00,3280718.4732221467
2026-05-26 16:45:00,3280718.4732221467
2026-05-26 17:00:00,3280718.4732221467
2026-05-26 17:15:00,3280718.4732221467
2026-05-26 17:30:00,3280718.4732221467
2026-05-26 17:45:00,3280718.4732221467
2026-05-26 18:00:00,3280718.4732221467
2026-05-26 18:15:00,3280718.4732221467
2026-05-26 18:30:00,3280718.4732221467
2026-05-26 18:45:00,3280718.4732221467
2026-05-26 19:00:00,3280718.4732221467
2026-05-26 19:15:00,3280718.4732221467
2026-05-26 19:30:00,3280718.4732221467
2026-05-26 19:45:00,3280718.4732221467
2026-05-26 20:00:00,3280718.4732221467
2026-05-26 20:15:00,3280718.4732221467
2026-05-26 20:30:00,3280718.4732221467
2026-05-26 20:45:00,3280718.4732221467
2026-05-26 21:00:00,3280718.4732221467
2026-05-26 21:15:00,3280718.4732221467
2026-05-26 21:30:00,3280718.4732221467
2026-05-26 21:45:00,3280718.4732221467
2026-05-26 22:00:00,3280718.4732221467
2026-05-26 22:15:00,3280718.4732221467
2026-05-26 22:30:00,3280718.4732221467
2026-05-26 22:45:00,3280718.4732221467
2026-05-26 23:00:00,3280718.4732221467
2026-05-26 23:15:00,3280718.4732221467
2026-05-26 23:30:00,3280718.4732221467
2026-05-26 23:45:00,3280718.4732221467
2026-05-27 00:00:00,3280718.4732221467
2026-05-27 00:15:00,3280718.4732221467
2026-05-27 00:30:00,3280718.4732221467
2026-05-27 00:45:00,3280718.4732221467
2026-05-27 01:00:00,3280718.4732221467
2026-05-27 01:15:00,3280718.4732221467
2026-05-27 01:30:00,3280718.4732221467
2026-05-27 01:45:00,3280718.4732221467
2026-05-27 02:00:00,3280718.4732221467
2026-05-27 02:15:00,3280718.4732221467
2026-05-27 02:30:00,3280718.4732221467
2026-05-27 02:45:00,3280718.4732221467
2026-05-27 03:00:00,3280718.4732221467
2026-05-27 03:15:00,3280718.4732221467
2026-05-27 03:30:00,3280718.4732221467
2026-05-27 03:45:00,3280718.4732221467
2026-05-27 04:00:00,3280718.4732221467
2026-05-27 04:15:00,3280718.4732221467
2026-05-27 04:30:00,3280718.4732221467
2026-05-27 04:45:00,3280718.4732221467
2026-05-27 05:00:00,3280718.4732221467
2026-05-27 05:15:00,3280718.4732221467
2026-05-27 05:30:00,3280718.4732221467
2026-05-27 05:45:00,3280718.4732221467
2026-05-27 06:00:00,3280718.4732221467
2026-05-27 06:15:00,3280718.4732221467
2026-05-27 06:30:00,3280718.4732221467
2026-05-27 06:45:00,3280718.4732221467
2026-05-27 07:00:00,3280718.4732221467
2026-05-27 07:15:00,3280718.4732221467
2026-05-27 07:30:00,3280718.4732221467
2026-05-27 07:45:00,3280718.4732221467
2026-05-27 08:00:00,3280718.4732221467
2026-05-27 08:15:00,3280718.4732221467
2026-05-27 08:30:00,3280718.4732221467
2026-05-27 08:45:00,3280718.4732221467
2026-05-27 09:00:00,3280718.4732221467
2026-05-27 09:15:00,3280718.4732221467
2026-05-27 09:30:00,3280718.4732221467
2026-05-27 09:45:00,3280718.4732221467
2026-05-27 10:00:00,3280718.4732221467
2026-05-27 10:15:00,3280718.4732221467
2026-05-27 10:30:00,3280718.4732221467
2026-05-27 10:45:00,3280718.4732221467
2026-05-27 11:00:00,3280718.4732221467
2026-05-27 11:15:00,3280718.4732221467
2026-05-27 11:30:00,3280718.4732221467
2026-05-27 11:45:00,3280718.4732221467
2026-05-27 12:00:00,3280718.4732221467
2026-05-27 12:15:00,3280718.4732221467
2026-05-27 12:30:00,3280718.4732221467
2026-05-27 12:45:00,3280718.4732221467
2026-05-27 13:00:00,3280718.4732221467
2026-05-27 13:15:00,3280718.4732221467
2026-05-27 13:30:00,3280718.4732221467
2026-05-27 13:45:00,3280718.4732221467
2026-05-27 14:00:00,3280718.4732221467
2026-05-27 14:15:00,3280718.4732221467
2026-05-27 14:30:00,3280718.4732221467
2026-05-27 14:45:00,3280718.4732221467
2026-05-27 15:00:00,3280718.4732221467
2026-05-27 15:15:00,3280718.4732221467
2026-05-27 15:30:00,3280718.4732221467
2026-05-27 15:45:00,3280718.4732221467
2026-05-27 16:00:00,3280718.4732221467
2026-05-27 16:15:00,3280718.4732221467
2026-05-27 16:30:00,3280718.4732221467
2026-05-27 16:45:00,3280718.4732221467
2026-05-27 17:00:00,3280718.4732221467
2026-05-27 17:15:00,3280718.4732221467
2026-05-27 17:30:00,3280718.4732221467
2026-05-27 17:45:00,3280718.4732221467
2026-05-27 18:00:00,3280718.4732221467
2026-05-27 18:15:00,3280718.4732221467
2026-05-27 18:30:00,3280718.4732221467
2026-05-27 18:45:00,3280718.4732221467
2026-05-27 19:00:00,3280718.4732221467
2026-05-27 19:15:00,3280718.4732221467
2026-05-27 19:30:00,3280718.4732221467
2026-05-27 19:45:00,3280718.4732221467
2026-05-27 20:00:00,3280718.4732221467
2026-05-27 20:15:00,3280718.4732221467
2026-05-27 20:30:00,3280718.4732221467
2026-05-27 20:45:00,3280718.4732221467
2026-05-27 21:00:00,3280718.4732221467
2026-05-27 21:15:00,3280718.4732221467
2026-05-27 21:30:00,3280718.4732221467
2026-05-27 21:45:00,3280718.4732221467
2026-05-27 22:00:00,3280718.4732221467
2026-05-27 22:15:00,3280718.4732221467
2026-05-27 22:30:00,3280718.4732221467
2026-05-27 22:45:00,3280718.4732221467
2026-05-27 23:00:00,3280718.4732221467
2026-05-27 23:15:00,3280718.4732221467
2026-05-27 23:30:00,3280718.4732221467
2026-05-27 23:45:00,3280718.4732221467
2026-05-28 00:00:00,3280718.4732221467
2026-05-28 00:15:00,3280718.4732221467
2026-05-28 00:30:00,3280718.4732221467
2026-05-28 00:45:00,3280718.4732221467
2026-05-28 01:00:00,3280718.4732221467
2026-05-28 01:15:00,3280718.4732221467
2026-05-28 01:30:00,3280718.4732221467
2026-05-28 01:45:00,3280718.4732221467
2026-05-28 02:00:00,3280718.4732221467
2026-05-28 02:15:00,3280718.4732221467
2026-05-28 02:30:00,3280718.4732221467
2026-05-28 02:45:00,3280718.4732221467
2026-05-28 03:00:00,3280718.4732221467
2026-05-28 03:15:00,3280718.4732221467
2026-05-28 03:30:00,3280718.4732221467
2026-05-28 03:45:00,3280718.4732221467
2026-05-28 04:00:00,3280718.4732221467
2026-05-28 04:15:00,3280718.4732221467
2026-05-28 04:30:00,3280718.4732221467
2026-05-28 04:45:00,3280718.4732221467
2026-05-28 05:00:00,3280718.4732221467
2026-05-28 05:15:00,3280718.4732221467
2026-05-28 05:30:00,3280718.4732221467
2026-05-28 05:45:00,3280718.4732221467
2026-05-28 06:00:00,3280718.4732221467
2026-05-28 06:15:00,3280718.4732221467
2026-05-28 06:30:00,3280718.4732221467
2026-05-28 06:45:00,3280718.4732221467
2026-05-28 07:00:00,3280718.4732221467
2026-05-28 07:15:00,3280718.4732221467
2026-05-28 07:30:00,3280718.4732221467
2026-05-28 07:45:00,3280718.4732221467
2026-05-28 08:00:00,3280718.4732221467
2026-05-28 08:15:00,3280718.4732221467
2026-05-28 08:30:00,3280718.4732221467
2026-05-28 08:45:00,3280718.4732221467
2026-05-28 09:00:00,3280718.4732221467
2026-05-28 09:15:00,3280718.4732221467
2026-05-28 09:30:00,3280718.4732221467
2026-05-28 09:45:00,3280718.4732221467
2026-05-28 10:00:00,3280718.4732221467
2026-05-28 10:15:00,3280718.4732221467
2026-05-28 10:30:00,3280718.4732221467
2026-05-28 10:45:00,3280718.4732221467
2026-05-28 11:00:00,3280718.4732221467
2026-05-28 11:15:00,3280718.4732221467
2026-05-28 11:30:00,3280718.4732221467
2026-05-28 11:45:00,3280718.4732221467
2026-05-28 12:00:00,3280718.4732221467
2026-05-28 12:15:00,3280718.4732221467
2026-05-28 12:30:00,3280718.4732221467
2026-05-28 12:45:00,3280718.4732221467
2026-05-28 13:00:00,3280718.4732221467
2026-05-28 13:15:00,3280718.4732221467
2026-05-28 13:30:00,3280718.4732221467
2026-05-28 13:45:00,3280718.4732221467
2026-05-28 14:00:00,3280718.4732221467
2026-05-28 14:15:00,3280718.4732221467
2026-05-28 14:30:00,3280718.4732221467
2026-05-28 14:45:00,3280718.4732221467
2026-05-28 15:00:00,3280718.4732221467
2026-05-28 15:15:00,3280718.4732221467
2026-05-28 15:30:00,3280718.4732221467
2026-05-28 15:45:00,3280718.4732221467
2026-05-28 16:00:00,3280718.4732221467
2026-05-28 16:15:00,3280718.4732221467
2026-05-28 16:30:00,3280718.4732221467
2026-05-28 16:45:00,3280718.4732221467
2026-05-28 17:00:00,3280718.4732221467
2026-05-28 17:15:00,3280718.4732221467
2026-05-28 17:30:00,3280718.4732221467
2026-05-28 17:45:00,3280718.4732221467
2026-05-28 18:00:00,3280718.4732221467
2026-05-28 18:15:00,3280718.4732221467
2026-05-28 18:30:00,3280718.4732221467
2026-05-28 18:45:00,3280718.4732221467
2026-05-28 19:00:00,3280718.4732221467
2026-05-28 19:15:00,3280718.4732221467
2026-05-28 19:30:00,3280718.4732221467
2026-05-28 19:45:00,3280718.4732221467
2026-05-28 20:00:00,3280718.4732221467
2026-05-28 20:15:00,3280718.4732221467
2026-05-28 20:30:00,3280718.4732221467
2026-05-28 20:45:00,3280718.4732221467
2026-05-28 21:00:00,3280718.4732221467
2026-05-28 21:15:00,3280718.4732221467
2026-05-28 21:30:00,3280718.4732221467
2026-05-28 21:45:00,3280718.4732221467
2026-05-28 22:00:00,3280718.4732221467
2026-05-28 22:15:00,3280718.4732221467
2026-05-28 22:30:00,3280718.4732221467
2026-05-28 22:45:00,3280718.4732221467
2026-05-28 23:00:00,3280718.4732221467
2026-05-28 23:15:00,3280718.4732221467
2026-05-28 23:30:00,3280718.4732221467
2026-05-28 23:45:00,3280718.4732221467
2026-05-29 00:00:00,3280718.4732221467
2026-05-29 00:15:00,3280718.4732221467
2026-05-29 00:30:00,3280718.4732221467
2026-05-29 00:45:00,3280718.4732221467
2026-05-29 01:00:00,3280718.4732221467
2026-05-29 01:15:00,3280718.4732221467
2026-05-29 01:30:00,3280718.4732221467
2026-05-29 01:45:00,3280718.4732221467
2026-05-29 02:00:00,3280718.4732221467
2026-05-29 02:15:00,3280718.4732221467
2026-05-29 02:30:00,3280718.4732221467
2026-05-29 02:45:00,3280718.4732221467
2026-05-29 03:00:00,3280718.4732221467
2026-05-29 03:15:00,3280718.4732221467
2026-05-29 03:30:00,3280718.4732221467
2026-05-29 03:45:00,3280718.4732221467
2026-05-29 04:00:00,3280718.4732221467
2026-05-29 04:15:00,3280718.4732221467
2026-05-29 04:30:00,3280718.4732221467
2026-05-29 04:45:00,3280718.4732221467
2026-05-29 05:00:00,3280718.4732221467
2026-05-29 05:15:00,3280718.4732221467
2026-05-29 05:30:00,3280718.4732221467
2026-05-29 05:45:00,3280718.4732221467
2026-05-29 06:00:00,3280718.4732221467
2026-05-29 06:15:00,3280718.4732221467
2026-05-29 06:30:00,3280718.4732221467
2026-05-29 06:45:00,3280718.4732221467
2026-05-29 07:00:00,3280718.4732221467
2026-05-29 07:15:00,3280718.4732221467
2026-05-29 07:30:00,3280718.4732221467
2026-05-29 07:45:00,3280718.4732221467
2026-05-29 08:00:00,3280718.4732221467
2026-05-29 08:15:00,3280718.4732221467
2026-05-29 08:30:00,3280718.4732221467
2026-05-29 08:45:00,3280718.4732221467
2026-05-29 09:00:00,3280718.4732221467
2026-05-29 09:15:00,3280718.4732221467
2026-05-29 09:30:00,3280718.4732221467
2026-05-29 09:45:00,3280718.4732221467
2026-05-29 10:00:00,3280718.4732221467
2026-05-29 10:15:00,3280718.4732221467
2026-05-29 10:30:00,3280718.4732221467
2026-05-29 10:45:00,3280718.4732221467
2026-05-29 11:00:00,3280718.4732221467
2026-05-29 11:15:00,3280718.4732221467
2026-05-29 11:30:00,3280718.4732221467
2026-05-29 11:45:00,3280718.4732221467
2026-05-29 12:00:00,3280718.4732221467
2026-05-29 12:15:00,3280718.4732221467
2026-05-29 12:30:00,3280718.4732221467
2026-05-29 12:45:00,3280718.4732221467
2026-05-29 13:00:00,3280718.4732221467
2026-05-29 13:15:00,3280718.4732221467
2026-05-29 13:30:00,3280718.4732221467
2026-05-29 13:45:00,3280718.4732221467
2026-05-29 14:00:00,3280718.4732221467
2026-05-29 14:15:00,3280718.4732221467
2026-05-29 14:30:00,3280718.4732221467
2026-05-29 14:45:00,3280718.4732221467
2026-05-29 15:00:00,3280718.4732221467
2026-05-29 15:15:00,3280718.4732221467
2026-05-29 15:30:00,3280718.4732221467
2026-05-29 15:45:00,3280718.4732221467
2026-05-29 16:00:00,3280718.4732221467
2026-05-29 16:15:00,3280718.4732221467
2026-05-29 16:30:00,3280718.4732221467
2026-05-29 16:45:00,3280718.4732221467
2026-05-29 17:00:00,3280718.4732221467
2026-05-29 17:15:00,3280718.4732221467
2026-05-29 17:30:00,3280718.4732221467
2026-05-29 17:45:00,3280718.4732221467
2026-05-29 18:00:00,3280718.4732221467
2026-05-29 18:15:00,3280718.4732221467
2026-05-29 18:30:00,3280718.4732221467
2026-05-29 18:45:00,3280718.4732221467
2026-05-29 19:00:00,3280718.4732221467
2026-05-29 19:15:00,3280718.4732221467
2026-05-29 19:30:00,3280718.4732221467
2026-05-29 19:45:00,3280718.4732221467
2026-05-29 20:00:00,3280718.4732221467
2026-05-29 20:15:00,3280718.4732221467
2026-05-29 20:30:00,3280718.4732221467
2026-05-29 20:45:00,3280718.4732221467
2026-05-29 21:00:00,3280718.4732221467
2026-05-29 21:15:00,3280718.4732221467
2026-05-29 21:30:00,3280718.4732221467
2026-05-29 21:45:00,3280718.4732221467
2026-05-29 22:00:00,3280718.4732221467
2026-05-29 22:15:00,3280718.4732221467
2026-05-29 22:30:00,3280718.4732221467
2026-05-29 22:45:00,3280718.4732221467
2026-05-29 23:00:00,3280718.4732221467
2026-05-29 23:15:00,3280718.4732221467
2026-05-29 23:30:00,3280718.4732221467
2026-05-29 23:45:00,3280718.4732221467
2026-05-30 01:00:00,3280718.4732221467
2026-05-30 01:15:00,3280718.4732221467
2026-05-30 01:30:00,3280718.4732221467
2026-05-30 01:45:00,3280718.4732221467
2026-05-30 02:00:00,3280718.4732221467
2026-05-30 02:15:00,3280718.4732221467
2026-05-30 02:30:00,3280718.4732221467
2026-05-30 02:45:00,3280718.4732221467
2026-05-30 03:00:00,3280718.4732221467
2026-05-30 03:15:00,3280718.4732221467
2026-05-30 03:30:00,3280718.4732221467
2026-05-30 03:45:00,3280718.4732221467
2026-05-30 04:00:00,3280718.4732221467
2026-05-30 04:15:00,3280718.4732221467
2026-05-30 04:30:00,3280718.4732221467
2026-05-30 04:45:00,3280718.4732221467
2026-05-30 05:00:00,3280718.4732221467
2026-05-30 05:15:00,3280718.4732221467
2026-05-30 05:30:00,3280718.4732221467
2026-05-30 05:45:00,3280718.4732221467
2026-05-30 06:00:00,3280718.4732221467
2026-05-30 06:15:00,3280718.4732221467
2026-05-30 06:30:00,3280718.4732221467
2026-05-30 06:45:00,3280718.4732221467
2026-05-30 07:00:00,3280718.4732221467
2026-05-30 07:15:00,3280718.4732221467
2026-05-30 07:30:00,3280718.4732221467
2026-05-30 07:45:00,3280718.4732221467
2026-05-30 08:00:00,3280718.4732221467
2026-05-30 08:15:00,3280718.4732221467
2026-05-30 08:30:00,3280718.4732221467
2026-05-30 08:45:00,3280718.4732221467
2026-05-30 09:00:00,3280718.4732221467
2026-05-30 09:15:00,3280718.4732221467
2026-05-30 09:30:00,3280718.4732221467
2026-05-30 09:45:00,3280718.4732221467
2026-05-30 10:00:00,3280718.4732221467
2026-05-30 10:15:00,3280718.4732221467
2026-05-30 10:30:00,3280718.4732221467
2026-05-30 10:45:00,3280718.4732221467
2026-05-30 11:00:00,3280718.4732221467
2026-05-30 11:15:00,3280718.4732221467
2026-05-30 11:30:00,3280718.4732221467
2026-05-30 11:45:00,3280718.4732221467
2026-05-30 12:00:00,3280718.4732221467
2026-05-30 12:15:00,3280718.4732221467
2026-05-30 12:30:00,3280718.4732221467
2026-05-30 12:45:00,3280718.4732221467
2026-05-30 13:00:00,3280718.4732221467
2026-05-30 13:15:00,3280718.4732221467
2026-05-30 13:30:00,3280718.4732221467
2026-05-30 13:45:00,3280718.4732221467
2026-05-30 14:00:00,3280718.4732221467
2026-05-30 14:15:00,3280718.4732221467
2026-05-30 14:30:00,3280718.4732221467
2026-05-30 14:45:00,3280718.4732221467
2026-05-30 15:00:00,3280718.4732221467
2026-05-30 15:15:00,3280718.4732221467
2026-05-30 15:30:00,3280718.4732221467
2026-05-30 15:45:00,3280718.4732221467
2026-05-30 16:00:00,3280718.4732221467
2026-05-30 16:15:00,3280718.4732221467
2026-05-30 16:30:00,3280718.4732221467
2026-05-30 16:45:00,3280718.4732221467
2026-05-30 17:00:00,3280718.4732221467
2026-05-30 17:15:00,3280718.4732221467
2026-05-30 17:30:00,3280718.4732221467
2026-05-30 17:45:00,3280718.4732221467
2026-05-30 18:00:00,3280718.4732221467
2026-05-30 18:15:00,3280718.4732221467
2026-05-30 18:30:00,3280718.4732221467
2026-05-30 18:45:00,3280718.4732221467
2026-05-30 19:00:00,3280718.4732221467
2026-05-30 19:15:00,3280718.4732221467
2026-05-30 19:30:00,3280718.4732221467
2026-05-30 19:45:00,3280718.4732221467
2026-05-30 20:00:00,3280718.4732221467
2026-05-30 20:15:00,3280718.4732221467
2026-05-30 20:30:00,3280718.4732221467
2026-05-30 20:45:00,3280718.4732221467
2026-05-30 21:00:00,3280718.4732221467
2026-05-30 21:15:00,3280718.4732221467
2026-05-30 21:30:00,3280718.4732221467
2026-05-30 21:45:00,3280718.4732221467
2026-05-30 22:00:00,3280718.4732221467
2026-05-30 22:15:00,3280718.4732221467
2026-05-30 22:30:00,3280718.4732221467
2026-05-30 22:45:00,3280718.4732221467
2026-05-30 23:00:00,3280718.4732221467
2026-05-30 23:15:00,3280718.4732221467
2026-05-30 23:30:00,3280718.4732221467
2026-05-30 23:45:00,3280718.4732221467
2026-05-31 00:00:00,3280718.4732221467
2026-05-31 00:15:00,3280718.4732221467
2026-05-31 00:30:00,3280718.4732221467
2026-05-31 00:45:00,3280718.4732221467
2026-05-31 01:00:00,3280718.4732221467
2026-05-31 01:15:00,3280718.4732221467
2026-05-31 01:30:00,3280718.4732221467
2026-05-31 01:45:00,3280718.4732221467
2026-05-31 02:00:00,3280718.4732221467
2026-05-31 02:15:00,3280718.4732221467
2026-05-31 02:30:00,3280718.4732221467
2026-05-31 02:45:00,3280718.4732221467
2026-05-31 03:00:00,3280718.4732221467
2026-05-31 03:15:00,3280718.4732221467
2026-05-31 03:30:00,3280718.4732221467
2026-05-31 03:45:00,3280718.4732221467
2026-05-31 04:00:00,3280718.4732221467
2026-05-31 04:15:00,3280718.4732221467
2026-05-31 04:30:00,3280718.4732221467
2026-05-31 04:45:00,3280718.4732221467
2026-05-31 05:00:00,3280718.4732221467
2026-05-31 05:15:00,3280718.4732221467
2026-05-31 05:30:00,3280718.4732221467
2026-05-31 05:45:00,3280718.4732221467
2026-05-31 06:00:00,3280718.4732221467
2026-05-31 06:15:00,3280718.4732221467
2026-05-31 06:30:00,3280718.4732221467
2026-05-31 06:45:00,3280718.4732221467
2026-05-31 07:00:00,3280718.4732221467
2026-05-31 07:15:00,3280718.4732221467
2026-05-31 07:30:00,3280718.4732221467
2026-05-31 07:45:00,3280718.4732221467
2026-05-31 08:00:00,3280718.4732221467
2026-05-31 08:15:00,3280718.4732221467
2026-05-31 08:30:00,3280718.4732221467
2026-05-31 08:45:00,3280718.4732221467
2026-05-31 09:00:00,3280718.4732221467
2026-05-31 09:15:00,3280718.4732221467
2026-05-31 09:30:00,3280718.4732221467
2026-05-31 09:45:00,3280718.4732221467
2026-05-31 10:00:00,3280718.4732221467
2026-05-31 10:15:00,3280718.4732221467
2026-05-31 10:30:00,3280718.4732221467
2026-05-31 10:45:00,3280718.4732221467
2026-05-31 11:00:00,3280718.4732221467
2026-05-31 11:15:00,3280718.4732221467
2026-05-31 11:30:00,3280718.4732221467
2026-05-31 11:45:00,3280718.4732221467
2026-05-31 12:00:00,3280718.4732221467
2026-05-31 12:15:00,3280718.4732221467
2026-05-31 12:30:00,3280718.4732221467
2026-05-31 12:45:00,3280718.4732221467
2026-05-31 13:00:00,3280718.4732221467
2026-05-31 13:15:00,3280718.4732221467
2026-05-31 13:30:00,3280718.4732221467
2026-05-31 13:45:00,3280718.4732221467
2026-05-31 14:00:00,3280718.4732221467
2026-05-31 14:15:00,3280718.4732221467
